path	bc_sha256	applied_preimage_sha256	combined_target_sha256	disposition
services/Diten.Building.Blocks/Diten.BuildingBlocks.Security.Secrets.Tests/Diten.BuildingBlocks.Security.Secrets.Tests.csproj	6a1cff2e8b5dd80b47fb8bfcb1f60e7e5985832e4a84788b8e955240d3f81b30	6a1cff2e8b5dd80b47fb8bfcb1f60e7e5985832e4a84788b8e955240d3f81b30	6a1cff2e8b5dd80b47fb8bfcb1f60e7e5985832e4a84788b8e955240d3f81b30	PRESERVE_IDENTICAL
services/Diten.Building.Blocks/Diten.BuildingBlocks.Security.Secrets.Tests/SecretRequirementValidatorTests.cs	0e15851dfae26ed431f70189905abe4d372172ae778941a23a22c44765b05fb9	0e15851dfae26ed431f70189905abe4d372172ae778941a23a22c44765b05fb9	0e15851dfae26ed431f70189905abe4d372172ae778941a23a22c44765b05fb9	PRESERVE_IDENTICAL
services/Diten.Building.Blocks/Diten.BuildingBlocks.Security.Secrets/.tmp-fu11/Debug/net8.0/Diten.BuildingBlocks.Security.Secrets.deps.json	758e3bcf781ab89f3be80ab2e663284e3f586d0b01e48470926088c88caa4e99	758e3bcf781ab89f3be80ab2e663284e3f586d0b01e48470926088c88caa4e99	758e3bcf781ab89f3be80ab2e663284e3f586d0b01e48470926088c88caa4e99	PRESERVE_IDENTICAL
services/Diten.Building.Blocks/Diten.BuildingBlocks.Security.Secrets/.tmp-fu11/Debug/net8.0/Diten.BuildingBlocks.Security.Secrets.dll	a43502687b12d50543ecfa2cf8b7d68cbd97bfbd394628f25518d70c4f060ff0	a43502687b12d50543ecfa2cf8b7d68cbd97bfbd394628f25518d70c4f060ff0	a43502687b12d50543ecfa2cf8b7d68cbd97bfbd394628f25518d70c4f060ff0	PRESERVE_IDENTICAL
services/Diten.Building.Blocks/Diten.BuildingBlocks.Security.Secrets/.tmp-fu11/Debug/net8.0/Diten.BuildingBlocks.Security.Secrets.pdb	550ee3f3d4d31489417f397f7eb0d7a575b4a1fae041cf39f42a64f86286a6dd	550ee3f3d4d31489417f397f7eb0d7a575b4a1fae041cf39f42a64f86286a6dd	550ee3f3d4d31489417f397f7eb0d7a575b4a1fae041cf39f42a64f86286a6dd	PRESERVE_IDENTICAL
services/Diten.Building.Blocks/Diten.BuildingBlocks.Security.Secrets/ConfigurationSecretsProvider.cs	b118f061555db2a0473f32f71bac1ca5ddbc49806453843d91f48fb4068b848f	b118f061555db2a0473f32f71bac1ca5ddbc49806453843d91f48fb4068b848f	b118f061555db2a0473f32f71bac1ca5ddbc49806453843d91f48fb4068b848f	PRESERVE_IDENTICAL
services/Diten.Building.Blocks/Diten.BuildingBlocks.Security.Secrets/Diten.BuildingBlocks.Security.Secrets.csproj	19ec252014f3fba09b7e3dd0366552d96a3478dc978be8374da6d1377988a30e	19ec252014f3fba09b7e3dd0366552d96a3478dc978be8374da6d1377988a30e	19ec252014f3fba09b7e3dd0366552d96a3478dc978be8374da6d1377988a30e	PRESERVE_IDENTICAL
services/Diten.Building.Blocks/Diten.BuildingBlocks.Security.Secrets/ISecretRedactor.cs	c87de8a71f946cc5dfbdbe0487f43c50f0ec928280d8809ddeed9ce5175c4d96	c87de8a71f946cc5dfbdbe0487f43c50f0ec928280d8809ddeed9ce5175c4d96	c87de8a71f946cc5dfbdbe0487f43c50f0ec928280d8809ddeed9ce5175c4d96	PRESERVE_IDENTICAL
services/Diten.Building.Blocks/Diten.BuildingBlocks.Security.Secrets/ISecretRequirementValidator.cs	364c4803ad729c6994414be0c61bc6b788352d03e47bffdc8329e0565421d791	364c4803ad729c6994414be0c61bc6b788352d03e47bffdc8329e0565421d791	364c4803ad729c6994414be0c61bc6b788352d03e47bffdc8329e0565421d791	PRESERVE_IDENTICAL
services/Diten.Building.Blocks/Diten.BuildingBlocks.Security.Secrets/ISecretRotationResolver.cs	15b6d9a8c60ab654c41cef6b4c7047441ebca4c016f0e5889a2ed9374de5d86f	15b6d9a8c60ab654c41cef6b4c7047441ebca4c016f0e5889a2ed9374de5d86f	15b6d9a8c60ab654c41cef6b4c7047441ebca4c016f0e5889a2ed9374de5d86f	PRESERVE_IDENTICAL
services/Diten.Building.Blocks/Diten.BuildingBlocks.Security.Secrets/ISecretsProvider.cs	15b20a5b3b583f66e8f75cbf34f994df9b4f6f64223e389a6d91de37a95197d2	15b20a5b3b583f66e8f75cbf34f994df9b4f6f64223e389a6d91de37a95197d2	15b20a5b3b583f66e8f75cbf34f994df9b4f6f64223e389a6d91de37a95197d2	PRESERVE_IDENTICAL
services/Diten.Building.Blocks/Diten.BuildingBlocks.Security.Secrets/JwtSecretRotationOptions.cs	ccdfefd621b39f94d7906a7a64a650132164afe45475c301e5554a2c7899fb8c	ccdfefd621b39f94d7906a7a64a650132164afe45475c301e5554a2c7899fb8c	ccdfefd621b39f94d7906a7a64a650132164afe45475c301e5554a2c7899fb8c	PRESERVE_IDENTICAL
services/Diten.Building.Blocks/Diten.BuildingBlocks.Security.Secrets/JwtSecretRotationResolver.cs	dbce0abb76e59d8f8871252dc104680df5daa5ec5be5cfdf999810e070bf3dfc	dbce0abb76e59d8f8871252dc104680df5daa5ec5be5cfdf999810e070bf3dfc	dbce0abb76e59d8f8871252dc104680df5daa5ec5be5cfdf999810e070bf3dfc	PRESERVE_IDENTICAL
services/Diten.Building.Blocks/Diten.BuildingBlocks.Security.Secrets/JwtValidationDefaults.cs	6aeb051c7750c41994b4b8d9a912fa8c8cbdd94a7637da441ee8897ad956d700	6aeb051c7750c41994b4b8d9a912fa8c8cbdd94a7637da441ee8897ad956d700	6aeb051c7750c41994b4b8d9a912fa8c8cbdd94a7637da441ee8897ad956d700	PRESERVE_IDENTICAL
services/Diten.Building.Blocks/Diten.BuildingBlocks.Security.Secrets/RequiredSecretDefinition.cs	d68a444a23ea8a0985de03fa7a138f16e361f87f7c7c1af14d5bbfa2ada02184	d68a444a23ea8a0985de03fa7a138f16e361f87f7c7c1af14d5bbfa2ada02184	d68a444a23ea8a0985de03fa7a138f16e361f87f7c7c1af14d5bbfa2ada02184	PRESERVE_IDENTICAL
services/Diten.Building.Blocks/Diten.BuildingBlocks.Security.Secrets/SecretRedactionOptions.cs	57271717a8cc81eeff4ea6f14f471d70eec86ba8aa4a26c1118d0a865678da96	57271717a8cc81eeff4ea6f14f471d70eec86ba8aa4a26c1118d0a865678da96	57271717a8cc81eeff4ea6f14f471d70eec86ba8aa4a26c1118d0a865678da96	PRESERVE_IDENTICAL
services/Diten.Building.Blocks/Diten.BuildingBlocks.Security.Secrets/SecretRedactor.cs	b78abc31852c4cd2324ab3a790615ae1bd5cf23298541676f47ca0a330d5f230	b78abc31852c4cd2324ab3a790615ae1bd5cf23298541676f47ca0a330d5f230	b78abc31852c4cd2324ab3a790615ae1bd5cf23298541676f47ca0a330d5f230	PRESERVE_IDENTICAL
services/Diten.Building.Blocks/Diten.BuildingBlocks.Security.Secrets/SecretRequirementValidator.cs	35788a543d74d184bc09a803b0cfd75695e15f84af84147c45ce9b334d2ed0bc	35788a543d74d184bc09a803b0cfd75695e15f84af84147c45ce9b334d2ed0bc	35788a543d74d184bc09a803b0cfd75695e15f84af84147c45ce9b334d2ed0bc	PRESERVE_IDENTICAL
services/Diten.Building.Blocks/Diten.BuildingBlocks.Security.Secrets/SecretServiceCollectionExtensions.cs	809bced41724ce87aaf13d406bad1b152ea165a1422a67c949511f91092bd339	809bced41724ce87aaf13d406bad1b152ea165a1422a67c949511f91092bd339	809bced41724ce87aaf13d406bad1b152ea165a1422a67c949511f91092bd339	PRESERVE_IDENTICAL
services/Diten.Building.Blocks/Diten.BuildingBlocks.Security.Secrets/SecretValidationException.cs	54b90099120dfeaaba693011dafe4c4feba4dd1ad0bf063e78f44d286c9fbbb4	54b90099120dfeaaba693011dafe4c4feba4dd1ad0bf063e78f44d286c9fbbb4	54b90099120dfeaaba693011dafe4c4feba4dd1ad0bf063e78f44d286c9fbbb4	PRESERVE_IDENTICAL
services/Diten.Building.Blocks/Diten.BuildingBlocks.Security.Secrets/SecretValidationResult.cs	b47dda97466984e8069f55ddc72c369f88f5e50be79114cac95596b4e2d34a41	b47dda97466984e8069f55ddc72c369f88f5e50be79114cac95596b4e2d34a41	b47dda97466984e8069f55ddc72c369f88f5e50be79114cac95596b4e2d34a41	PRESERVE_IDENTICAL
services/Diten.Building.Blocks/Diten.BuildingBlocks.Security.Secrets/SecretsProviderOptions.cs	a2d9e1a2da627876b8a9a6827e1594d71135c53907e37f4095f8866a1016f339	a2d9e1a2da627876b8a9a6827e1594d71135c53907e37f4095f8866a1016f339	a2d9e1a2da627876b8a9a6827e1594d71135c53907e37f4095f8866a1016f339	PRESERVE_IDENTICAL
services/Diten.Building.Blocks/Diten.BuildingBlocks.Security.Secrets/bin-verify/Diten.BuildingBlocks.Security.Secrets.deps.json	758e3bcf781ab89f3be80ab2e663284e3f586d0b01e48470926088c88caa4e99	758e3bcf781ab89f3be80ab2e663284e3f586d0b01e48470926088c88caa4e99	758e3bcf781ab89f3be80ab2e663284e3f586d0b01e48470926088c88caa4e99	PRESERVE_IDENTICAL
services/Diten.Building.Blocks/Diten.BuildingBlocks.Security.Secrets/bin-verify/Diten.BuildingBlocks.Security.Secrets.dll	c902ebfa00c4fa4425d4a72df22aea44a0355d33152179766926abf789d60122	c902ebfa00c4fa4425d4a72df22aea44a0355d33152179766926abf789d60122	c902ebfa00c4fa4425d4a72df22aea44a0355d33152179766926abf789d60122	PRESERVE_IDENTICAL
services/Diten.Building.Blocks/Diten.BuildingBlocks.Security.Secrets/bin-verify/Diten.BuildingBlocks.Security.Secrets.pdb	a0c8987ca9ebed980bb6e900babef28eb7167169de820efdae4c12fbd94b31bc	a0c8987ca9ebed980bb6e900babef28eb7167169de820efdae4c12fbd94b31bc	a0c8987ca9ebed980bb6e900babef28eb7167169de820efdae4c12fbd94b31bc	PRESERVE_IDENTICAL
services/Diten.Building.Blocks/Diten.BuildingBlocks.Security.Secrets/obj-hierarchy-check/Debug/net8.0/Diten.BuildingBlocks.Security.Secrets.csproj.FileListAbsolute.txt	e3b0c44298fc1c149afbf4c8996fb92427ae41e4649b934ca495991b7852b855	e3b0c44298fc1c149afbf4c8996fb92427ae41e4649b934ca495991b7852b855	e3b0c44298fc1c149afbf4c8996fb92427ae41e4649b934ca495991b7852b855	PRESERVE_IDENTICAL
services/Diten.Building.Blocks/Diten.BuildingBlocks.Security.Secrets/tools/Scan-ProductionSecrets.ps1	85794337fc3c1f3961508f1d46c8a82636d9f778bcfb435bc536dab86c625037	85794337fc3c1f3961508f1d46c8a82636d9f778bcfb435bc536dab86c625037	85794337fc3c1f3961508f1d46c8a82636d9f778bcfb435bc536dab86c625037	PRESERVE_IDENTICAL
services/Diten.Building.Blocks/Diten.BuildingBlocks.Security.Secrets/tools/scan_production_secrets.py	a86dc6c1866624e100e53c5655130866b994b708a8482cb6af4b44f4535ef0a4	a86dc6c1866624e100e53c5655130866b994b708a8482cb6af4b44f4535ef0a4	a86dc6c1866624e100e53c5655130866b994b708a8482cb6af4b44f4535ef0a4	PRESERVE_IDENTICAL
services/Diten.Building.Blocks/src/Diten.BuildingBlocks.BackgroundJobs/BackgroundJobContext.cs	b5d09c7dacde88c23bdbc42075937a6cefdf96fd22f1bd9b531601338215f796	b5d09c7dacde88c23bdbc42075937a6cefdf96fd22f1bd9b531601338215f796	b5d09c7dacde88c23bdbc42075937a6cefdf96fd22f1bd9b531601338215f796	PRESERVE_IDENTICAL
services/Diten.Building.Blocks/src/Diten.BuildingBlocks.BackgroundJobs/BackgroundJobDescriptor.cs	d56c218a472ad40bf33072156729307251849fbd591e40518cd7c5d89fdbcea1	d56c218a472ad40bf33072156729307251849fbd591e40518cd7c5d89fdbcea1	d56c218a472ad40bf33072156729307251849fbd591e40518cd7c5d89fdbcea1	PRESERVE_IDENTICAL
services/Diten.Building.Blocks/src/Diten.BuildingBlocks.BackgroundJobs/BackgroundJobSchedulerOptions.cs	617e6ca79b161861a98d05b57428f16c944affcb00fdeedee5f0a08adc729c48	617e6ca79b161861a98d05b57428f16c944affcb00fdeedee5f0a08adc729c48	617e6ca79b161861a98d05b57428f16c944affcb00fdeedee5f0a08adc729c48	PRESERVE_IDENTICAL
services/Diten.Building.Blocks/src/Diten.BuildingBlocks.BackgroundJobs/BackgroundJobTriggerTypes.cs	56dceda13a17650b46e7250f285226ecd7562be8d621bb324484debb3cfd6102	56dceda13a17650b46e7250f285226ecd7562be8d621bb324484debb3cfd6102	56dceda13a17650b46e7250f285226ecd7562be8d621bb324484debb3cfd6102	PRESERVE_IDENTICAL
services/Diten.Building.Blocks/src/Diten.BuildingBlocks.BackgroundJobs/BackgroundJobValidationException.cs	7817caa02715fd634899b7cd4ffa1579f711f3c1e74be2f40397cf3236a0c01f	7817caa02715fd634899b7cd4ffa1579f711f3c1e74be2f40397cf3236a0c01f	7817caa02715fd634899b7cd4ffa1579f711f3c1e74be2f40397cf3236a0c01f	PRESERVE_IDENTICAL
services/Diten.Building.Blocks/src/Diten.BuildingBlocks.BackgroundJobs/Diten.BuildingBlocks.BackgroundJobs.csproj	12985a174dc55d6f519f2205bf7b35d0123d6d7dfa7fe3fe34f2f3028ba30604	12985a174dc55d6f519f2205bf7b35d0123d6d7dfa7fe3fe34f2f3028ba30604	12985a174dc55d6f519f2205bf7b35d0123d6d7dfa7fe3fe34f2f3028ba30604	PRESERVE_IDENTICAL
services/Diten.Building.Blocks/src/Diten.BuildingBlocks.BackgroundJobs/IBackgroundJob.cs	063dfbf4f62d91c214819100f3dddc122b7414711838fc9cdfeeb2a594d0bc2f	063dfbf4f62d91c214819100f3dddc122b7414711838fc9cdfeeb2a594d0bc2f	063dfbf4f62d91c214819100f3dddc122b7414711838fc9cdfeeb2a594d0bc2f	PRESERVE_IDENTICAL
services/Diten.Building.Blocks/src/Diten.BuildingBlocks.BackgroundJobs/IBackgroundJobHandler.cs	58ade16985c870749460082d8cb5e7d623b5ab0b13a6c0e1e656596e045e83e7	58ade16985c870749460082d8cb5e7d623b5ab0b13a6c0e1e656596e045e83e7	58ade16985c870749460082d8cb5e7d623b5ab0b13a6c0e1e656596e045e83e7	PRESERVE_IDENTICAL
services/Diten.Building.Blocks/src/Diten.BuildingBlocks.BackgroundJobs/IBackgroundJobScheduler.cs	55b64003d5026de1e4b56ddb40539190812507eee7a2ef3829cc194e63faa5cf	55b64003d5026de1e4b56ddb40539190812507eee7a2ef3829cc194e63faa5cf	55b64003d5026de1e4b56ddb40539190812507eee7a2ef3829cc194e63faa5cf	PRESERVE_IDENTICAL
services/Diten.Building.Blocks/src/Diten.BuildingBlocks.BackgroundJobs/IRecurringJobRegistrar.cs	66eb14d6fd6e56aad83bb133d8eaa3919e1efc5a875d0eb1426a9e02ee860570	66eb14d6fd6e56aad83bb133d8eaa3919e1efc5a875d0eb1426a9e02ee860570	66eb14d6fd6e56aad83bb133d8eaa3919e1efc5a875d0eb1426a9e02ee860570	PRESERVE_IDENTICAL
services/Diten.Building.Blocks/src/Diten.BuildingBlocks.BackgroundJobs/JobRegistrationOptions.cs	2b6917f909ee90372192fbb8769c3a911664f49b55c4f5c29f0f765b01358c8e	2b6917f909ee90372192fbb8769c3a911664f49b55c4f5c29f0f765b01358c8e	2b6917f909ee90372192fbb8769c3a911664f49b55c4f5c29f0f765b01358c8e	PRESERVE_IDENTICAL
services/Diten.Building.Blocks/src/Diten.BuildingBlocks.BackgroundJobs/RecurringJobRegistration.cs	fd3e739c8decbeecabe44766b2d20cc984959992d6fc85f727847cc51f4f4970	fd3e739c8decbeecabe44766b2d20cc984959992d6fc85f727847cc51f4f4970	fd3e739c8decbeecabe44766b2d20cc984959992d6fc85f727847cc51f4f4970	PRESERVE_IDENTICAL
services/Diten.Building.Blocks/src/Diten.BuildingBlocks.Eventing/Diten.BuildingBlocks.Eventing.csproj	12985a174dc55d6f519f2205bf7b35d0123d6d7dfa7fe3fe34f2f3028ba30604	12985a174dc55d6f519f2205bf7b35d0123d6d7dfa7fe3fe34f2f3028ba30604	12985a174dc55d6f519f2205bf7b35d0123d6d7dfa7fe3fe34f2f3028ba30604	PRESERVE_IDENTICAL
services/Diten.Building.Blocks/src/Diten.BuildingBlocks.Eventing/EventEnvelope.cs	7e12393398b5149d23eb2a406e84fa15e59b4277fe8c0aeed2c9561d5edd7a7f	7e12393398b5149d23eb2a406e84fa15e59b4277fe8c0aeed2c9561d5edd7a7f	7e12393398b5149d23eb2a406e84fa15e59b4277fe8c0aeed2c9561d5edd7a7f	PRESERVE_IDENTICAL
services/Diten.Building.Blocks/src/Diten.BuildingBlocks.Eventing/EventErrorRedactor.cs	57cb3105df2c8f51678d4533239f4f138a03efbbf576d9cfc380f8f17cff120e	57cb3105df2c8f51678d4533239f4f138a03efbbf576d9cfc380f8f17cff120e	57cb3105df2c8f51678d4533239f4f138a03efbbf576d9cfc380f8f17cff120e	PRESERVE_IDENTICAL
services/Diten.Building.Blocks/src/Diten.BuildingBlocks.Eventing/EventMetadata.cs	655418034e189bacefcfc6fc53234955bd169ea88290d6cdae9bad074fe80533	655418034e189bacefcfc6fc53234955bd169ea88290d6cdae9bad074fe80533	655418034e189bacefcfc6fc53234955bd169ea88290d6cdae9bad074fe80533	PRESERVE_IDENTICAL
services/Diten.Building.Blocks/src/Diten.BuildingBlocks.Eventing/EventName.cs	bcc17746f8fc383779653d27b884ab9681486598bc1ce5118d9d751e1423f7ed	bcc17746f8fc383779653d27b884ab9681486598bc1ce5118d9d751e1423f7ed	bcc17746f8fc383779653d27b884ab9681486598bc1ce5118d9d751e1423f7ed	PRESERVE_IDENTICAL
services/Diten.Building.Blocks/src/Diten.BuildingBlocks.Eventing/EventOutboxContracts.cs	a369c4757bc419073d7d938523d6611d07f6313e72ff26be04e57c738ce2e160	a369c4757bc419073d7d938523d6611d07f6313e72ff26be04e57c738ce2e160	a369c4757bc419073d7d938523d6611d07f6313e72ff26be04e57c738ce2e160	PRESERVE_IDENTICAL
services/Diten.Building.Blocks/src/Diten.BuildingBlocks.Eventing/EventOutboxPublisherProcessor.cs	0118c390544f7708af8e09f4755f2ca5789dc100a04f4b31125565729ec2c632	0118c390544f7708af8e09f4755f2ca5789dc100a04f4b31125565729ec2c632	0118c390544f7708af8e09f4755f2ca5789dc100a04f4b31125565729ec2c632	PRESERVE_IDENTICAL
services/Diten.Building.Blocks/src/Diten.BuildingBlocks.Eventing/EventPayloadContractValidator.cs	ad56fa265c8b5f233458f92ed0369edcb5d584d89752acbdd04bbb0a468e9362	ad56fa265c8b5f233458f92ed0369edcb5d584d89752acbdd04bbb0a468e9362	ad56fa265c8b5f233458f92ed0369edcb5d584d89752acbdd04bbb0a468e9362	PRESERVE_IDENTICAL
services/Diten.Building.Blocks/src/Diten.BuildingBlocks.Eventing/EventPublishOptions.cs	eaac42f4aa59a84710d2cb0b27608d7f245f91c59414e794a22965f4beacf4da	eaac42f4aa59a84710d2cb0b27608d7f245f91c59414e794a22965f4beacf4da	eaac42f4aa59a84710d2cb0b27608d7f245f91c59414e794a22965f4beacf4da	PRESERVE_IDENTICAL
services/Diten.Building.Blocks/src/Diten.BuildingBlocks.Eventing/EventTransportExceptions.cs	655780c9b774ceec0bbde6ad86000b5d7b5acb46f2c25bdb800f974f2e429f26	655780c9b774ceec0bbde6ad86000b5d7b5acb46f2c25bdb800f974f2e429f26	655780c9b774ceec0bbde6ad86000b5d7b5acb46f2c25bdb800f974f2e429f26	PRESERVE_IDENTICAL
services/Diten.Building.Blocks/src/Diten.BuildingBlocks.Eventing/EventTransportMessage.cs	b7084f67c99793de044b31735ecb18690f8b189d1068ac0d241d3a4219ec39c5	b7084f67c99793de044b31735ecb18690f8b189d1068ac0d241d3a4219ec39c5	b7084f67c99793de044b31735ecb18690f8b189d1068ac0d241d3a4219ec39c5	PRESERVE_IDENTICAL
services/Diten.Building.Blocks/src/Diten.BuildingBlocks.Eventing/EventValidationException.cs	8cdd2900329572a35ad457de01fba9d921bb9bb728832deef8913e071d0263d7	8cdd2900329572a35ad457de01fba9d921bb9bb728832deef8913e071d0263d7	8cdd2900329572a35ad457de01fba9d921bb9bb728832deef8913e071d0263d7	PRESERVE_IDENTICAL
services/Diten.Building.Blocks/src/Diten.BuildingBlocks.Eventing/HmacSha256EventSignature.cs	b257fb36830d3c1d3156a8fcdf3134d5ca60e4dc2d31ffe65b7cf0a80b5f3a72	b257fb36830d3c1d3156a8fcdf3134d5ca60e4dc2d31ffe65b7cf0a80b5f3a72	b257fb36830d3c1d3156a8fcdf3134d5ca60e4dc2d31ffe65b7cf0a80b5f3a72	PRESERVE_IDENTICAL
services/Diten.Building.Blocks/src/Diten.BuildingBlocks.Eventing/ICanonicalIntegrationEvent.cs	adc4e9c4e2ace3ff561cef6627284645ee6b5621a16e54c96628b53ba6cb08a5	adc4e9c4e2ace3ff561cef6627284645ee6b5621a16e54c96628b53ba6cb08a5	adc4e9c4e2ace3ff561cef6627284645ee6b5621a16e54c96628b53ba6cb08a5	PRESERVE_IDENTICAL
services/Diten.Building.Blocks/src/Diten.BuildingBlocks.Eventing/IDomainEvent.cs	0f0b0a5e136ccd4fc888a1d64a1c3d1d2091b44cbe57c58931c11e3e6fca902b	0f0b0a5e136ccd4fc888a1d64a1c3d1d2091b44cbe57c58931c11e3e6fca902b	0f0b0a5e136ccd4fc888a1d64a1c3d1d2091b44cbe57c58931c11e3e6fca902b	PRESERVE_IDENTICAL
services/Diten.Building.Blocks/src/Diten.BuildingBlocks.Eventing/IEventBus.cs	e289b8101024b13445816ebfc9b6139c4687256c836dc32fdf35b24004c81a1f	e289b8101024b13445816ebfc9b6139c4687256c836dc32fdf35b24004c81a1f	e289b8101024b13445816ebfc9b6139c4687256c836dc32fdf35b24004c81a1f	PRESERVE_IDENTICAL
services/Diten.Building.Blocks/src/Diten.BuildingBlocks.Eventing/IEventHandler.cs	c9e640000b1144bdd112892fcf2f6076fdb6bde2aa634cf4ba3b25afaec9df30	c9e640000b1144bdd112892fcf2f6076fdb6bde2aa634cf4ba3b25afaec9df30	c9e640000b1144bdd112892fcf2f6076fdb6bde2aa634cf4ba3b25afaec9df30	PRESERVE_IDENTICAL
services/Diten.Building.Blocks/src/Diten.BuildingBlocks.Eventing/IEventTransportPublisher.cs	9ab0ed4f39acaac2ed7bbb47718e3c35881aeefc1a51d88c24f7f01d527a2bff	9ab0ed4f39acaac2ed7bbb47718e3c35881aeefc1a51d88c24f7f01d527a2bff	9ab0ed4f39acaac2ed7bbb47718e3c35881aeefc1a51d88c24f7f01d527a2bff	PRESERVE_IDENTICAL
services/Diten.Building.Blocks/src/Diten.BuildingBlocks.Eventing/IIntegrationEvent.cs	55b6e002d2409af5352463d2cc392b68484af392cbd063d2c23a232df849c9a9	55b6e002d2409af5352463d2cc392b68484af392cbd063d2c23a232df849c9a9	55b6e002d2409af5352463d2cc392b68484af392cbd063d2c23a232df849c9a9	PRESERVE_IDENTICAL
services/Diten.Building.Blocks/src/Diten.BuildingBlocks.Eventing/IInternalEvent.cs	eb57c8d6566312d8813af607e758d6dbf9b84e56112a6ae1b6b0aa1ed2f594ce	eb57c8d6566312d8813af607e758d6dbf9b84e56112a6ae1b6b0aa1ed2f594ce	eb57c8d6566312d8813af607e758d6dbf9b84e56112a6ae1b6b0aa1ed2f594ce	PRESERVE_IDENTICAL
services/Diten.Building.Blocks/src/Diten.BuildingBlocks.Eventing/ITrustedTransportMetadataProvider.cs	d842a810590da86700f100f1e9e7a9f76511ef2b21030fbcaac822c687e81534	d842a810590da86700f100f1e9e7a9f76511ef2b21030fbcaac822c687e81534	d842a810590da86700f100f1e9e7a9f76511ef2b21030fbcaac822c687e81534	PRESERVE_IDENTICAL
services/Diten.Building.Blocks/src/Diten.BuildingBlocks.Eventing/OutboxEventBus.cs	17a4d5e3c576c2f2b519eb4c0ab9e47c485000d72d17bf464fa2f2b7290c7372	17a4d5e3c576c2f2b519eb4c0ab9e47c485000d72d17bf464fa2f2b7290c7372	17a4d5e3c576c2f2b519eb4c0ab9e47c485000d72d17bf464fa2f2b7290c7372	PRESERVE_IDENTICAL
services/Diten.Building.Blocks/src/Diten.BuildingBlocks.Eventing/RawSignatureHeaderExtractor.cs	890e067b73e16cb1a2cf56dda82fd2b1f5cbbd278d2da105294f869f0dcc94ce	890e067b73e16cb1a2cf56dda82fd2b1f5cbbd278d2da105294f869f0dcc94ce	890e067b73e16cb1a2cf56dda82fd2b1f5cbbd278d2da105294f869f0dcc94ce	PRESERVE_IDENTICAL
services/Diten.Building.Blocks/src/Diten.BuildingBlocks.Eventing/SignedEventContracts.cs	a7ca21dd05a7ef7271c50bfc8b1426abf1b09c5e7ef4c4b275dcbc672ca9a707	a7ca21dd05a7ef7271c50bfc8b1426abf1b09c5e7ef4c4b275dcbc672ca9a707	a7ca21dd05a7ef7271c50bfc8b1426abf1b09c5e7ef4c4b275dcbc672ca9a707	PRESERVE_IDENTICAL
services/Diten.Building.Blocks/src/Diten.BuildingBlocks.Eventing/TrustedTransportMetadata.cs	5ba770f02fb9e6036a3b96f93ba2b9d3cd5b2eabb2b4f3b193a7a16ebb26c7ba	5ba770f02fb9e6036a3b96f93ba2b9d3cd5b2eabb2b4f3b193a7a16ebb26c7ba	5ba770f02fb9e6036a3b96f93ba2b9d3cd5b2eabb2b4f3b193a7a16ebb26c7ba	PRESERVE_IDENTICAL
services/Diten.Building.Blocks/src/Diten.BuildingBlocks.InterfaceRegistry.Abstractions/ConsumesInterfaceAttribute.cs	077b6412b9ea5771d5b746aff0a31af9e1e45f1d721ca7cd5477860792085523	077b6412b9ea5771d5b746aff0a31af9e1e45f1d721ca7cd5477860792085523	077b6412b9ea5771d5b746aff0a31af9e1e45f1d721ca7cd5477860792085523	PRESERVE_IDENTICAL
services/Diten.Building.Blocks/src/Diten.BuildingBlocks.InterfaceRegistry.Abstractions/Diten.BuildingBlocks.InterfaceRegistry.Abstractions.csproj	12985a174dc55d6f519f2205bf7b35d0123d6d7dfa7fe3fe34f2f3028ba30604	12985a174dc55d6f519f2205bf7b35d0123d6d7dfa7fe3fe34f2f3028ba30604	12985a174dc55d6f519f2205bf7b35d0123d6d7dfa7fe3fe34f2f3028ba30604	PRESERVE_IDENTICAL
services/Diten.Building.Blocks/src/Diten.BuildingBlocks.InterfaceRegistry.Abstractions/IInterfaceManifestProvider.cs	ffd9474245ea0238523edb2c6445054eb0698de1c7deea31c63451bccfe51a2c	ffd9474245ea0238523edb2c6445054eb0698de1c7deea31c63451bccfe51a2c	ffd9474245ea0238523edb2c6445054eb0698de1c7deea31c63451bccfe51a2c	PRESERVE_IDENTICAL
services/Diten.Building.Blocks/src/Diten.BuildingBlocks.InterfaceRegistry.Abstractions/InterfaceChangeType.cs	2af34383c9d3eb35e15087bc143af06a229586ec598a0b2a5101237d35fbab24	2af34383c9d3eb35e15087bc143af06a229586ec598a0b2a5101237d35fbab24	2af34383c9d3eb35e15087bc143af06a229586ec598a0b2a5101237d35fbab24	PRESERVE_IDENTICAL
services/Diten.Building.Blocks/src/Diten.BuildingBlocks.InterfaceRegistry.Abstractions/InterfaceConsumerManifest.cs	d78b9963745e4eb03bef33002388cb9a618586c9d828f17a08db8c7b22043c96	d78b9963745e4eb03bef33002388cb9a618586c9d828f17a08db8c7b22043c96	d78b9963745e4eb03bef33002388cb9a618586c9d828f17a08db8c7b22043c96	PRESERVE_IDENTICAL
services/Diten.Building.Blocks/src/Diten.BuildingBlocks.InterfaceRegistry.Abstractions/InterfaceDefinitionManifest.cs	d1d43075242e8bed85d489cfb5993d83414dc723664a0f5c444e6e234b29ae43	d1d43075242e8bed85d489cfb5993d83414dc723664a0f5c444e6e234b29ae43	d1d43075242e8bed85d489cfb5993d83414dc723664a0f5c444e6e234b29ae43	PRESERVE_IDENTICAL
services/Diten.Building.Blocks/src/Diten.BuildingBlocks.InterfaceRegistry.Abstractions/InterfaceEndpointManifest.cs	3316472e577dfe2589af9b71417f23b5b7f090a9a8132c96c74081beddca920e	3316472e577dfe2589af9b71417f23b5b7f090a9a8132c96c74081beddca920e	3316472e577dfe2589af9b71417f23b5b7f090a9a8132c96c74081beddca920e	PRESERVE_IDENTICAL
services/Diten.Building.Blocks/src/Diten.BuildingBlocks.InterfaceRegistry.Abstractions/InterfaceLifecycleStatus.cs	d91a571a5e3a185a6e8eb1ceb513162678ed2f499d97ef5d661084c488a22638	d91a571a5e3a185a6e8eb1ceb513162678ed2f499d97ef5d661084c488a22638	d91a571a5e3a185a6e8eb1ceb513162678ed2f499d97ef5d661084c488a22638	PRESERVE_IDENTICAL
services/Diten.Building.Blocks/src/Diten.BuildingBlocks.InterfaceRegistry.Abstractions/InterfaceManifestDocument.cs	21d8aa15f95f7c9353440c86240f6d18afbe09531773fb548671fa2b060b49bd	21d8aa15f95f7c9353440c86240f6d18afbe09531773fb548671fa2b060b49bd	21d8aa15f95f7c9353440c86240f6d18afbe09531773fb548671fa2b060b49bd	PRESERVE_IDENTICAL
services/Diten.Building.Blocks/src/Diten.BuildingBlocks.InterfaceRegistry.Abstractions/InterfaceRegistryAttribute.cs	c64e3a0fcecd68b02814cdff9fecf12935188d009c7138c7eeecfe242048b4d4	c64e3a0fcecd68b02814cdff9fecf12935188d009c7138c7eeecfe242048b4d4	c64e3a0fcecd68b02814cdff9fecf12935188d009c7138c7eeecfe242048b4d4	PRESERVE_IDENTICAL
services/Diten.Building.Blocks/src/Diten.BuildingBlocks.InterfaceRegistry.Abstractions/InterfaceReviewDecision.cs	a5d867f5c4be69645e39cb950bada0480147f074fa581fa8167f9f840318c788	a5d867f5c4be69645e39cb950bada0480147f074fa581fa8167f9f840318c788	a5d867f5c4be69645e39cb950bada0480147f074fa581fa8167f9f840318c788	PRESERVE_IDENTICAL
services/Diten.Building.Blocks/src/Diten.BuildingBlocks.InterfaceRegistry.Abstractions/InterfaceStability.cs	69d64af21ce18a9f08464e437f6cd9ea7385a76ddd23c160828ba76f980bac0e	69d64af21ce18a9f08464e437f6cd9ea7385a76ddd23c160828ba76f980bac0e	69d64af21ce18a9f08464e437f6cd9ea7385a76ddd23c160828ba76f980bac0e	PRESERVE_IDENTICAL
services/Diten.Building.Blocks/src/Diten.BuildingBlocks.InterfaceRegistry.Abstractions/InterfaceVisibility.cs	7ba8f2f4d9d45acf8935d44e120a0ed11dc1375d08ddffb25524525515e4c630	7ba8f2f4d9d45acf8935d44e120a0ed11dc1375d08ddffb25524525515e4c630	7ba8f2f4d9d45acf8935d44e120a0ed11dc1375d08ddffb25524525515e4c630	PRESERVE_IDENTICAL
services/Diten.Building.Blocks/src/Diten.BuildingBlocks.ModuleRegistration.Abstractions/Diten.BuildingBlocks.ModuleRegistration.Abstractions.csproj	12985a174dc55d6f519f2205bf7b35d0123d6d7dfa7fe3fe34f2f3028ba30604	12985a174dc55d6f519f2205bf7b35d0123d6d7dfa7fe3fe34f2f3028ba30604	12985a174dc55d6f519f2205bf7b35d0123d6d7dfa7fe3fe34f2f3028ba30604	PRESERVE_IDENTICAL
services/Diten.Building.Blocks/src/Diten.BuildingBlocks.ModuleRegistration.Abstractions/ModuleManifestDocument.cs	bba6a9cc7ab6ad3aee9ccf9e67ad231c14e18d90d90733ba432d10c2ff419718	bba6a9cc7ab6ad3aee9ccf9e67ad231c14e18d90d90733ba432d10c2ff419718	bba6a9cc7ab6ad3aee9ccf9e67ad231c14e18d90d90733ba432d10c2ff419718	PRESERVE_IDENTICAL
services/Diten.Building.Blocks/src/Diten.BuildingBlocks.ModuleRegistration.Abstractions/ModuleRegistrationRetry.cs	042a25881c9eba2d7f7fc1f14180e6b5ef176fcfc0df8e4071a4bbf78b43af92	042a25881c9eba2d7f7fc1f14180e6b5ef176fcfc0df8e4071a4bbf78b43af92	042a25881c9eba2d7f7fc1f14180e6b5ef176fcfc0df8e4071a4bbf78b43af92	PRESERVE_IDENTICAL
services/Diten.SupplyChainService/Diten.SupplyChainService.sln	4aff7ba721fe3c8528f33e2024d9cfb658733280a3f0228dcc09ebe5f370f72e	4aff7ba721fe3c8528f33e2024d9cfb658733280a3f0228dcc09ebe5f370f72e	4aff7ba721fe3c8528f33e2024d9cfb658733280a3f0228dcc09ebe5f370f72e	PRESERVE_IDENTICAL
services/Diten.SupplyChainService/README.md	7ca4cff26ad346be0314a9c4b478aff4c82abe55963585b3c4fa84743f5c236f	7ca4cff26ad346be0314a9c4b478aff4c82abe55963585b3c4fa84743f5c236f	7ca4cff26ad346be0314a9c4b478aff4c82abe55963585b3c4fa84743f5c236f	PRESERVE_IDENTICAL
services/Diten.SupplyChainService/src/Diten.SupplyChainService.Api/Controllers/CustomBaseController.cs	321ee43cad27806f6e9cac06f88a9ffd350a6dde050b4042d7f2ae5d66b07ff6	321ee43cad27806f6e9cac06f88a9ffd350a6dde050b4042d7f2ae5d66b07ff6	321ee43cad27806f6e9cac06f88a9ffd350a6dde050b4042d7f2ae5d66b07ff6	PRESERVE_IDENTICAL
services/Diten.SupplyChainService/src/Diten.SupplyChainService.Api/Controllers/ShipmentsController.cs	149150b2f2e76eb7443415b0600e728600c8c9d89fcaba0bdafc461beb9e5793	149150b2f2e76eb7443415b0600e728600c8c9d89fcaba0bdafc461beb9e5793	149150b2f2e76eb7443415b0600e728600c8c9d89fcaba0bdafc461beb9e5793	PRESERVE_IDENTICAL
services/Diten.SupplyChainService/src/Diten.SupplyChainService.Api/Diten.SupplyChainService.Api.csproj	538e96c6af15637e2e476350ac1982a596c3e140f1e8f7f89fd92ec6a014d985	159fae6fe28d4be54d8bfd761a80aca15ec16fd4f74800e9dbae0a901d8cf84a	159fae6fe28d4be54d8bfd761a80aca15ec16fd4f74800e9dbae0a901d8cf84a	PRESERVE_SUCCESSOR
services/Diten.SupplyChainService/src/Diten.SupplyChainService.Api/Features/CapacityPlans/CapacityContextMiddleware.cs	3c7bb5e3fc8301f987695ed0defea60793d4b486da623244f1b7c0719e0bbe8e	ABSENT	3c7bb5e3fc8301f987695ed0defea60793d4b486da623244f1b7c0719e0bbe8e	TRANSFER
services/Diten.SupplyChainService/src/Diten.SupplyChainService.Api/Features/CapacityPlans/CapacityContractError.cs	c55ad1616576bf73c062e16a8e745bd15e652c9ff4cf1ef575fc59b123c9cd7e	ABSENT	c55ad1616576bf73c062e16a8e745bd15e652c9ff4cf1ef575fc59b123c9cd7e	TRANSFER
services/Diten.SupplyChainService/src/Diten.SupplyChainService.Api/Features/CapacityPlans/CapacityPlansController.cs	c710d3610d3b5af4f43d3b2e303be73520e3c98e735d616f1178252600d04b7b	ABSENT	c710d3610d3b5af4f43d3b2e303be73520e3c98e735d616f1178252600d04b7b	TRANSFER
services/Diten.SupplyChainService/src/Diten.SupplyChainService.Api/Features/Carriers/CarrierContextMiddleware.cs	98599ec1d1bfa6ad79586b8bf37657ceb0055478947d371fd0fdf51d83a7daa7	ABSENT	98599ec1d1bfa6ad79586b8bf37657ceb0055478947d371fd0fdf51d83a7daa7	TRANSFER
services/Diten.SupplyChainService/src/Diten.SupplyChainService.Api/Features/Carriers/CarrierContractError.cs	bb348554dbf02b78dd90176344e383da1fd16f72a6a742615f9d698dedf3683b	ABSENT	bb348554dbf02b78dd90176344e383da1fd16f72a6a742615f9d698dedf3683b	TRANSFER
services/Diten.SupplyChainService/src/Diten.SupplyChainService.Api/Features/Carriers/CarriersController.cs	d82bd483cd723dfa90d7bbd361100d0901ae81d463fad5e7c4f940f218fab456	ABSENT	d82bd483cd723dfa90d7bbd361100d0901ae81d463fad5e7c4f940f218fab456	TRANSFER
services/Diten.SupplyChainService/src/Diten.SupplyChainService.Api/Features/Claims/ClaimContextMiddleware.cs	f81abe15bfdf7550d20c98f198f651f69c53dbc39557f141e9a16b5109ca7a68	ABSENT	f81abe15bfdf7550d20c98f198f651f69c53dbc39557f141e9a16b5109ca7a68	TRANSFER
services/Diten.SupplyChainService/src/Diten.SupplyChainService.Api/Features/Claims/ClaimContractError.cs	11c12d2e962926f8ced892e24704527b26b26d71eb563aafc9d1582a95cf0373	ABSENT	11c12d2e962926f8ced892e24704527b26b26d71eb563aafc9d1582a95cf0373	TRANSFER
services/Diten.SupplyChainService/src/Diten.SupplyChainService.Api/Features/Claims/ClaimsController.cs	b6f819d2e289e835c7a44e0573f66cb732099ec8e5f96315b83a361d68f14553	ABSENT	b6f819d2e289e835c7a44e0573f66cb732099ec8e5f96315b83a361d68f14553	TRANSFER
services/Diten.SupplyChainService/src/Diten.SupplyChainService.Api/Features/Loads/LoadContextMiddleware.cs	dced8a88602fc9446fb011fdd55c354fd68f1e28a86c3b664daf65bc4753792e	ABSENT	dced8a88602fc9446fb011fdd55c354fd68f1e28a86c3b664daf65bc4753792e	TRANSFER
services/Diten.SupplyChainService/src/Diten.SupplyChainService.Api/Features/Loads/LoadContractError.cs	70ed4d6b27e1d407bc2edc7b85c15423086dba5c7cb8a91a078f50187a8bd8b6	ABSENT	70ed4d6b27e1d407bc2edc7b85c15423086dba5c7cb8a91a078f50187a8bd8b6	TRANSFER
services/Diten.SupplyChainService/src/Diten.SupplyChainService.Api/Features/Loads/LoadsController.cs	a75f157106ed84a30a5e1ca66453302e2eb2c80ff3b83a821d0f7572755e6e36	ABSENT	a75f157106ed84a30a5e1ca66453302e2eb2c80ff3b83a821d0f7572755e6e36	TRANSFER
services/Diten.SupplyChainService/src/Diten.SupplyChainService.Api/Features/Returns/ReturnContextMiddleware.cs	464bd7676b27096cc7f34f88ae04436cac3fa56ac6fe431be03504d6e7ad3bb6	ABSENT	464bd7676b27096cc7f34f88ae04436cac3fa56ac6fe431be03504d6e7ad3bb6	TRANSFER
services/Diten.SupplyChainService/src/Diten.SupplyChainService.Api/Features/Returns/ReturnContractError.cs	6b1a88f8b18139c18c28834bebaa367dd2ced9498c149afc5847f4bdc093a152	ABSENT	6b1a88f8b18139c18c28834bebaa367dd2ced9498c149afc5847f4bdc093a152	TRANSFER
services/Diten.SupplyChainService/src/Diten.SupplyChainService.Api/Features/Returns/ReturnsController.cs	dbb036cce6b974e2e808fde0dc396211ed8450c19fa0c5e2806c1d35589fb4fe	ABSENT	dbb036cce6b974e2e808fde0dc396211ed8450c19fa0c5e2806c1d35589fb4fe	TRANSFER
services/Diten.SupplyChainService/src/Diten.SupplyChainService.Api/Features/SandopPlans/SandopContextMiddleware.cs	2ca4e8ceb6ac3b1fe9c4b35d482980666dd7925587501ef91fb8eb9d7daba65a	ABSENT	2ca4e8ceb6ac3b1fe9c4b35d482980666dd7925587501ef91fb8eb9d7daba65a	TRANSFER
services/Diten.SupplyChainService/src/Diten.SupplyChainService.Api/Features/SandopPlans/SandopContractError.cs	16e408e5d2c8a6cf60289cb0a487c16f92fd45ec84c1ba0628606e50319cf296	ABSENT	16e408e5d2c8a6cf60289cb0a487c16f92fd45ec84c1ba0628606e50319cf296	TRANSFER
services/Diten.SupplyChainService/src/Diten.SupplyChainService.Api/Features/SandopPlans/SandopPlansController.cs	e5d439356149b744ec1757b1d5c1fceb0b159d98b94c3ea333d65923bb14a0d5	ABSENT	e5d439356149b744ec1757b1d5c1fceb0b159d98b94c3ea333d65923bb14a0d5	TRANSFER
services/Diten.SupplyChainService/src/Diten.SupplyChainService.Api/Middleware/ContractError.cs	e1075090637ecde25ba458859e5b592b52adcdba2462b97e1ef3d28ad828d4d7	e1075090637ecde25ba458859e5b592b52adcdba2462b97e1ef3d28ad828d4d7	e1075090637ecde25ba458859e5b592b52adcdba2462b97e1ef3d28ad828d4d7	PRESERVE_IDENTICAL
services/Diten.SupplyChainService/src/Diten.SupplyChainService.Api/Middleware/ShipmentContextMiddleware.cs	5db994141d70f033d0421ed4eea3cea21aeedf2562a75e7eeb1b2f5d8737ff50	5db994141d70f033d0421ed4eea3cea21aeedf2562a75e7eeb1b2f5d8737ff50	5db994141d70f033d0421ed4eea3cea21aeedf2562a75e7eeb1b2f5d8737ff50	PRESERVE_IDENTICAL
services/Diten.SupplyChainService/src/Diten.SupplyChainService.Api/Program.cs	50c48a2b895804162f36740703bca20d3f0c3f96f2511133e843d75fcf7830f0	33027bcd65b7274eda322578da15ef7fa9b9ce6d6d9ef75fe01eb8bc25b29752	33027bcd65b7274eda322578da15ef7fa9b9ce6d6d9ef75fe01eb8bc25b29752	PRESERVE_SUCCESSOR
services/Diten.SupplyChainService/src/Diten.SupplyChainService.Api/appsettings.json	8bd8b168db554080fbf101ade9796cb19171a7771b85bdea89e6be6f6ed7f0a5	55ef125b8f6b25291f3efc923fd5317b5b433f92b527c4565dcad5dfc0f87b58	55ef125b8f6b25291f3efc923fd5317b5b433f92b527c4565dcad5dfc0f87b58	PRESERVE_SUCCESSOR
services/Diten.SupplyChainService/src/Diten.SupplyChainService.Application/Behaviors/ExceptionHandlingBehavior.cs	ad77113956c6052fda52f632cc81824f28d9a4b5c5f8a19fb9591cb176d0481e	ad77113956c6052fda52f632cc81824f28d9a4b5c5f8a19fb9591cb176d0481e	ad77113956c6052fda52f632cc81824f28d9a4b5c5f8a19fb9591cb176d0481e	PRESERVE_IDENTICAL
services/Diten.SupplyChainService/src/Diten.SupplyChainService.Application/Behaviors/LoggingBehavior.cs	2302db846e5376df1a0eac25d8e6b73fe740e1dda5dd6a344eec1cd9464b1f9f	2302db846e5376df1a0eac25d8e6b73fe740e1dda5dd6a344eec1cd9464b1f9f	2302db846e5376df1a0eac25d8e6b73fe740e1dda5dd6a344eec1cd9464b1f9f	PRESERVE_IDENTICAL
services/Diten.SupplyChainService/src/Diten.SupplyChainService.Application/Behaviors/PerformanceBehavior.cs	ee9a4759ce74eba26a8599f61b7d8320d33ff1a067b82cdcead69bb73a3b5cd6	ee9a4759ce74eba26a8599f61b7d8320d33ff1a067b82cdcead69bb73a3b5cd6	ee9a4759ce74eba26a8599f61b7d8320d33ff1a067b82cdcead69bb73a3b5cd6	PRESERVE_IDENTICAL
services/Diten.SupplyChainService/src/Diten.SupplyChainService.Application/Behaviors/ValidationBehavior.cs	2f7d2705cf167b421bb416b4fc12ad7a53e9a7dcfa5552bacfdd1ac5afaa253e	2f7d2705cf167b421bb416b4fc12ad7a53e9a7dcfa5552bacfdd1ac5afaa253e	2f7d2705cf167b421bb416b4fc12ad7a53e9a7dcfa5552bacfdd1ac5afaa253e	PRESERVE_IDENTICAL
services/Diten.SupplyChainService/src/Diten.SupplyChainService.Application/Common/IResponse.cs	4f891deabdd6c21e2919d47dc557b4e7b2af39cb40348a3b350f5bb9627a3d4c	4f891deabdd6c21e2919d47dc557b4e7b2af39cb40348a3b350f5bb9627a3d4c	4f891deabdd6c21e2919d47dc557b4e7b2af39cb40348a3b350f5bb9627a3d4c	PRESERVE_IDENTICAL
services/Diten.SupplyChainService/src/Diten.SupplyChainService.Application/Common/RequestContext.cs	46cd3aeb5b425d71e4fa4e83191e0299df5ea485cac2a9d5946488b386ead7e8	46cd3aeb5b425d71e4fa4e83191e0299df5ea485cac2a9d5946488b386ead7e8	46cd3aeb5b425d71e4fa4e83191e0299df5ea485cac2a9d5946488b386ead7e8	PRESERVE_IDENTICAL
services/Diten.SupplyChainService/src/Diten.SupplyChainService.Application/Common/Response.cs	e9b2595c74c28027faf0c8f7c9d6a724e9b9732db5aef7f689255eeab2310776	e9b2595c74c28027faf0c8f7c9d6a724e9b9732db5aef7f689255eeab2310776	e9b2595c74c28027faf0c8f7c9d6a724e9b9732db5aef7f689255eeab2310776	PRESERVE_IDENTICAL
services/Diten.SupplyChainService/src/Diten.SupplyChainService.Application/DependencyInjection.cs	b17792801495c58fd3d7a46c5cf9197f4761da8acd5753465282830d432cc3b2	b17792801495c58fd3d7a46c5cf9197f4761da8acd5753465282830d432cc3b2	b17792801495c58fd3d7a46c5cf9197f4761da8acd5753465282830d432cc3b2	PRESERVE_IDENTICAL
services/Diten.SupplyChainService/src/Diten.SupplyChainService.Application/Diten.SupplyChainService.Application.csproj	74b6362d25cd2ef91b6e5f33be75a818b8549b4a4b0803e5682bcb38659f3037	74b6362d25cd2ef91b6e5f33be75a818b8549b4a4b0803e5682bcb38659f3037	74b6362d25cd2ef91b6e5f33be75a818b8549b4a4b0803e5682bcb38659f3037	PRESERVE_IDENTICAL
services/Diten.SupplyChainService/src/Diten.SupplyChainService.Application/Features/CapacityPlans/CapacityPlanModels.cs	e66712cc613f2f6b32c2085530ad1b6407fd70af71bb2df83ce6b74c734c0984	ABSENT	e66712cc613f2f6b32c2085530ad1b6407fd70af71bb2df83ce6b74c734c0984	TRANSFER
services/Diten.SupplyChainService/src/Diten.SupplyChainService.Application/Features/CapacityPlans/CapacityProjection.cs	e689658fb75e1fafd8c8b063476128664ef6c7988a7daaad94b67b3afe0af7ba	ABSENT	e689658fb75e1fafd8c8b063476128664ef6c7988a7daaad94b67b3afe0af7ba	TRANSFER
services/Diten.SupplyChainService/src/Diten.SupplyChainService.Application/Features/CapacityPlans/CapacityRequestFingerprint.cs	2c722f4d9bd6f56df196281de62a2fd44165c61479b3b1d4aa35917bdd7c818f	ABSENT	2c722f4d9bd6f56df196281de62a2fd44165c61479b3b1d4aa35917bdd7c818f	TRANSFER
services/Diten.SupplyChainService/src/Diten.SupplyChainService.Application/Features/CapacityPlans/Commands/CreateCapacityPlanCommand.cs	3394bf7cec6746cb83411c7749347920819eb4938e3bdaad0c7b7ee9345ef31d	ABSENT	3394bf7cec6746cb83411c7749347920819eb4938e3bdaad0c7b7ee9345ef31d	TRANSFER
services/Diten.SupplyChainService/src/Diten.SupplyChainService.Application/Features/CapacityPlans/Commands/CreateCapacityScenarioCommand.cs	247252e6d43f96c4ce86a1faa4c60d3421c0a5661141f7964e2ca1967a772816	ABSENT	247252e6d43f96c4ce86a1faa4c60d3421c0a5661141f7964e2ca1967a772816	TRANSFER
services/Diten.SupplyChainService/src/Diten.SupplyChainService.Application/Features/CapacityPlans/Commands/EvaluateCapacityScenarioCommand.cs	1f9cd9a115f0b3d6ff4b3b7766de02a5b140d763d3f373d826232c4862612018	ABSENT	1f9cd9a115f0b3d6ff4b3b7766de02a5b140d763d3f373d826232c4862612018	TRANSFER
services/Diten.SupplyChainService/src/Diten.SupplyChainService.Application/Features/CapacityPlans/Handlers/CommandHandlers/CreateCapacityPlanHandler.cs	0bda2641dad54d874453387572daf527f558408ac5f4a2d5e91c51c201e2432a	ABSENT	0bda2641dad54d874453387572daf527f558408ac5f4a2d5e91c51c201e2432a	TRANSFER
services/Diten.SupplyChainService/src/Diten.SupplyChainService.Application/Features/CapacityPlans/Handlers/CommandHandlers/CreateCapacityScenarioHandler.cs	381465d79d0884c7a3df77aa983adf0813065d48aabdcb17c1c6d1f68272b600	ABSENT	381465d79d0884c7a3df77aa983adf0813065d48aabdcb17c1c6d1f68272b600	TRANSFER
services/Diten.SupplyChainService/src/Diten.SupplyChainService.Application/Features/CapacityPlans/Handlers/CommandHandlers/EvaluateCapacityScenarioHandler.cs	059bbf40a85f0f40f586fd9d290c37bb530d7781be377cd4b4ea089e0ccbc369	ABSENT	059bbf40a85f0f40f586fd9d290c37bb530d7781be377cd4b4ea089e0ccbc369	TRANSFER
services/Diten.SupplyChainService/src/Diten.SupplyChainService.Application/Features/CapacityPlans/Handlers/QueryHandlers/GetCapacityEvaluationHandler.cs	867a5f3aafcc7d4d42d2517c3226c022c75d9394f40c9c79edc59618cfe39bc3	ABSENT	867a5f3aafcc7d4d42d2517c3226c022c75d9394f40c9c79edc59618cfe39bc3	TRANSFER
services/Diten.SupplyChainService/src/Diten.SupplyChainService.Application/Features/CapacityPlans/Handlers/QueryHandlers/GetCapacityPlanHandler.cs	4e64d826124e86621efcd0773e967197eea6d283e6c705088f4c4c5d9cfef699	ABSENT	4e64d826124e86621efcd0773e967197eea6d283e6c705088f4c4c5d9cfef699	TRANSFER
services/Diten.SupplyChainService/src/Diten.SupplyChainService.Application/Features/CapacityPlans/Handlers/QueryHandlers/GetCapacityScenarioHandler.cs	f51f66afd22fa76005b56860193f2b6b8dd3c7b1e87eb3e923e8d45158586de4	ABSENT	f51f66afd22fa76005b56860193f2b6b8dd3c7b1e87eb3e923e8d45158586de4	TRANSFER
services/Diten.SupplyChainService/src/Diten.SupplyChainService.Application/Features/CapacityPlans/Queries/GetCapacityEvaluationQuery.cs	a32d4fc3a6cb919df2dc4a6feff7d9a421e655f1b6ee7559a8866c0dadbf3794	ABSENT	a32d4fc3a6cb919df2dc4a6feff7d9a421e655f1b6ee7559a8866c0dadbf3794	TRANSFER
services/Diten.SupplyChainService/src/Diten.SupplyChainService.Application/Features/CapacityPlans/Queries/GetCapacityPlanQuery.cs	40ad6030105249068d5f3ff8a98538b36098cdc921ca90d010ed3608e9e41dc4	ABSENT	40ad6030105249068d5f3ff8a98538b36098cdc921ca90d010ed3608e9e41dc4	TRANSFER
services/Diten.SupplyChainService/src/Diten.SupplyChainService.Application/Features/CapacityPlans/Queries/GetCapacityScenarioQuery.cs	04c32861cdeb1c2b65610bd12067b28ef8a99e4d870ecf168ada71fc49f8e92d	ABSENT	04c32861cdeb1c2b65610bd12067b28ef8a99e4d870ecf168ada71fc49f8e92d	TRANSFER
services/Diten.SupplyChainService/src/Diten.SupplyChainService.Application/Features/CapacityPlans/Validators/CreateCapacityPlanValidator.cs	c2cdc9852b490705439a35941c6e9ad22455110cc2ee325bb955ae6114378fd6	ABSENT	c2cdc9852b490705439a35941c6e9ad22455110cc2ee325bb955ae6114378fd6	TRANSFER
services/Diten.SupplyChainService/src/Diten.SupplyChainService.Application/Features/CapacityPlans/Validators/CreateCapacityScenarioValidator.cs	1b88af4911180465e479ec045f6225dc041557b030f9f4f33a24574fecf26bb8	ABSENT	1b88af4911180465e479ec045f6225dc041557b030f9f4f33a24574fecf26bb8	TRANSFER
services/Diten.SupplyChainService/src/Diten.SupplyChainService.Application/Features/CapacityPlans/Validators/EvaluateCapacityScenarioValidator.cs	3f6f6b7fa24cfe3b3b327de7d7e512d3e4d92bbfbebfeb5e71c0df04c00732b3	ABSENT	3f6f6b7fa24cfe3b3b327de7d7e512d3e4d92bbfbebfeb5e71c0df04c00732b3	TRANSFER
services/Diten.SupplyChainService/src/Diten.SupplyChainService.Application/Features/Carriers/CarrierModels.cs	8487ade38fdee010c8705237ee20a3aa002f8465104e026adf70427ba98ab108	ABSENT	8487ade38fdee010c8705237ee20a3aa002f8465104e026adf70427ba98ab108	TRANSFER
services/Diten.SupplyChainService/src/Diten.SupplyChainService.Application/Features/Carriers/CarrierRequestContext.cs	81214c51ed613e9fb27483506a60720fefc40b6303cbf91492de6a1e91333d70	ABSENT	81214c51ed613e9fb27483506a60720fefc40b6303cbf91492de6a1e91333d70	TRANSFER
services/Diten.SupplyChainService/src/Diten.SupplyChainService.Application/Features/Carriers/CarrierRequestFingerprint.cs	61e06591695a249dbfdefb385ae2953f8a4b18059a8d8b903b33c1ae02dccc9f	ABSENT	61e06591695a249dbfdefb385ae2953f8a4b18059a8d8b903b33c1ae02dccc9f	TRANSFER
services/Diten.SupplyChainService/src/Diten.SupplyChainService.Application/Features/Carriers/Commands/ChangeCarrierStatusCommand.cs	7376ab7003c2d5448c88917c12edb4d43dd17f17ecc399742dde3d3a61eb153a	ABSENT	7376ab7003c2d5448c88917c12edb4d43dd17f17ecc399742dde3d3a61eb153a	TRANSFER
services/Diten.SupplyChainService/src/Diten.SupplyChainService.Application/Features/Carriers/Commands/CreateCarrierCommand.cs	b758414f4bc18caa4e206fb022e7555af9f13fff07dfa64a16816b3d44f023fd	ABSENT	b758414f4bc18caa4e206fb022e7555af9f13fff07dfa64a16816b3d44f023fd	TRANSFER
services/Diten.SupplyChainService/src/Diten.SupplyChainService.Application/Features/Carriers/Handlers/CommandHandlers/ChangeCarrierStatusHandler.cs	c13843b578d7a8b30e5156463773b58b6b7fd358dec251376e75479972c49c08	ABSENT	c13843b578d7a8b30e5156463773b58b6b7fd358dec251376e75479972c49c08	TRANSFER
services/Diten.SupplyChainService/src/Diten.SupplyChainService.Application/Features/Carriers/Handlers/CommandHandlers/CreateCarrierHandler.cs	d24ed4f1e66dde749d9b787bf0736a49afc0c9bf21db814709e6cd32c551d8b8	ABSENT	d24ed4f1e66dde749d9b787bf0736a49afc0c9bf21db814709e6cd32c551d8b8	TRANSFER
services/Diten.SupplyChainService/src/Diten.SupplyChainService.Application/Features/Carriers/Handlers/QueryHandlers/GetCarrierListHandler.cs	992d46e1f8a5b6d71ef1814e32ae08093b8e9756bc1c1a611be3ec9208b24aa9	ABSENT	992d46e1f8a5b6d71ef1814e32ae08093b8e9756bc1c1a611be3ec9208b24aa9	TRANSFER
services/Diten.SupplyChainService/src/Diten.SupplyChainService.Application/Features/Carriers/Queries/GetCarrierListQuery.cs	bc875e4731abebeb4d827d8603bcacce8ff3c3a60529a05f7082faacf844df86	ABSENT	bc875e4731abebeb4d827d8603bcacce8ff3c3a60529a05f7082faacf844df86	TRANSFER
services/Diten.SupplyChainService/src/Diten.SupplyChainService.Application/Features/Carriers/Validators/ChangeCarrierStatusValidator.cs	10f01feede8abca2397295839971d81943acb0d1a57b16c892f53e61bf31e396	ABSENT	10f01feede8abca2397295839971d81943acb0d1a57b16c892f53e61bf31e396	TRANSFER
services/Diten.SupplyChainService/src/Diten.SupplyChainService.Application/Features/Carriers/Validators/CreateCarrierValidator.cs	0e41592b9f9559c462d25e32eb0d20a400988440ba219ce01ebd6342f507e2a4	ABSENT	0e41592b9f9559c462d25e32eb0d20a400988440ba219ce01ebd6342f507e2a4	TRANSFER
services/Diten.SupplyChainService/src/Diten.SupplyChainService.Application/Features/Carriers/Validators/GetCarrierListValidator.cs	1a7bc0a4e96b71173f1490ebd3784b82c174809c81bdc61c989eab8755cf6cc7	ABSENT	1a7bc0a4e96b71173f1490ebd3784b82c174809c81bdc61c989eab8755cf6cc7	TRANSFER
services/Diten.SupplyChainService/src/Diten.SupplyChainService.Application/Features/Claims/ClaimModels.cs	2b8b79d618fcd21e5197bbe36c3089e2888aad36e2b7adc24d28adabb7c9911b	ABSENT	2b8b79d618fcd21e5197bbe36c3089e2888aad36e2b7adc24d28adabb7c9911b	TRANSFER
services/Diten.SupplyChainService/src/Diten.SupplyChainService.Application/Features/Claims/ClaimRequestContext.cs	f49b1e5a0e987d6d48ad5e7d88c5f7ab9974dcb83d7ad420fe19da6c3b0e259f	ABSENT	f49b1e5a0e987d6d48ad5e7d88c5f7ab9974dcb83d7ad420fe19da6c3b0e259f	TRANSFER
services/Diten.SupplyChainService/src/Diten.SupplyChainService.Application/Features/Claims/ClaimRequestFingerprint.cs	82b28c195e5dcc3c8b2b009baec9f4af2cf535054a12b534644d8656042e9314	ABSENT	82b28c195e5dcc3c8b2b009baec9f4af2cf535054a12b534644d8656042e9314	TRANSFER
services/Diten.SupplyChainService/src/Diten.SupplyChainService.Application/Features/Claims/Commands/CreateClaimCommand.cs	e921a2551a3c3425f39ae3976858808f8d0e5e180d1120513dbb8ba96501c7c3	ABSENT	e921a2551a3c3425f39ae3976858808f8d0e5e180d1120513dbb8ba96501c7c3	TRANSFER
services/Diten.SupplyChainService/src/Diten.SupplyChainService.Application/Features/Claims/Commands/TransitionClaimCommand.cs	c02fc6daf0de997ea4de325b2d738eca992c777861e7468a3755c7e9e08dedcd	ABSENT	c02fc6daf0de997ea4de325b2d738eca992c777861e7468a3755c7e9e08dedcd	TRANSFER
services/Diten.SupplyChainService/src/Diten.SupplyChainService.Application/Features/Claims/Handlers/CommandHandlers/CreateClaimHandler.cs	6244605b66e7eac2287a68eed1ba66832973e8b221131022ad0eb67f3053a0e4	ABSENT	6244605b66e7eac2287a68eed1ba66832973e8b221131022ad0eb67f3053a0e4	TRANSFER
services/Diten.SupplyChainService/src/Diten.SupplyChainService.Application/Features/Claims/Handlers/CommandHandlers/TransitionClaimHandler.cs	4f73eb5b0343c2781afaa472b2cc33c9905f1f9cf39e55686d35627a805df6a7	ABSENT	4f73eb5b0343c2781afaa472b2cc33c9905f1f9cf39e55686d35627a805df6a7	TRANSFER
services/Diten.SupplyChainService/src/Diten.SupplyChainService.Application/Features/Claims/Handlers/QueryHandlers/GetClaimListHandler.cs	c83f35600934e2ecdf66605d4d9d7d758d848f685f6d75b6b5580e85a6af25bf	ABSENT	c83f35600934e2ecdf66605d4d9d7d758d848f685f6d75b6b5580e85a6af25bf	TRANSFER
services/Diten.SupplyChainService/src/Diten.SupplyChainService.Application/Features/Claims/IClaimReferenceReader.cs	038b1a42edec31273fcdba92fb1628a4d04aa997f3972dffb5274f017a8a50b8	ABSENT	038b1a42edec31273fcdba92fb1628a4d04aa997f3972dffb5274f017a8a50b8	TRANSFER
services/Diten.SupplyChainService/src/Diten.SupplyChainService.Application/Features/Claims/Queries/GetClaimListQuery.cs	fcb25ca1fbd670d7dcbd8f0c0efcdb3667ce50c40cf81e0d4504b0b9f06326f0	ABSENT	fcb25ca1fbd670d7dcbd8f0c0efcdb3667ce50c40cf81e0d4504b0b9f06326f0	TRANSFER
services/Diten.SupplyChainService/src/Diten.SupplyChainService.Application/Features/Claims/Validators/CreateClaimValidator.cs	a0b26fda1a5843bfc87d382fb75e92fa33de9b7fd21e654213e5335555e0f266	ABSENT	a0b26fda1a5843bfc87d382fb75e92fa33de9b7fd21e654213e5335555e0f266	TRANSFER
services/Diten.SupplyChainService/src/Diten.SupplyChainService.Application/Features/Claims/Validators/GetClaimListValidator.cs	337d8de737bed571c42abfc1a8b7ca7d31a4e5c2bc5c952f69f34afb51fd3a6d	ABSENT	337d8de737bed571c42abfc1a8b7ca7d31a4e5c2bc5c952f69f34afb51fd3a6d	TRANSFER
services/Diten.SupplyChainService/src/Diten.SupplyChainService.Application/Features/Claims/Validators/TransitionClaimValidator.cs	f17dacde38169ec66c58d212a8925ffc16b544fe4ddf582c25fa62987ffd3ee0	ABSENT	f17dacde38169ec66c58d212a8925ffc16b544fe4ddf582c25fa62987ffd3ee0	TRANSFER
services/Diten.SupplyChainService/src/Diten.SupplyChainService.Application/Features/Loads/Commands/CreateLoadCommand.cs	fa8188ce2b12c07d2345a1c357f9a628a5d33f00b88e2b3fd7f3c504afd06f85	ABSENT	fa8188ce2b12c07d2345a1c357f9a628a5d33f00b88e2b3fd7f3c504afd06f85	TRANSFER
services/Diten.SupplyChainService/src/Diten.SupplyChainService.Application/Features/Loads/Commands/TransitionLoadCommand.cs	acbac41622bbbfdf39f09292013934b8dc94a8c0931d9aa2a414d5d6eec6e33b	ABSENT	acbac41622bbbfdf39f09292013934b8dc94a8c0931d9aa2a414d5d6eec6e33b	TRANSFER
services/Diten.SupplyChainService/src/Diten.SupplyChainService.Application/Features/Loads/Handlers/CommandHandlers/CreateLoadHandler.cs	67d85885205a4fc5540f18a06e769bd928344180ad38b5669d9accd887fc52cb	ABSENT	67d85885205a4fc5540f18a06e769bd928344180ad38b5669d9accd887fc52cb	TRANSFER
services/Diten.SupplyChainService/src/Diten.SupplyChainService.Application/Features/Loads/Handlers/CommandHandlers/TransitionLoadHandler.cs	39f91648d6c54088a284f453ac38fdfc8cacc08de5eedcb0ee3cfa81fd638fec	ABSENT	39f91648d6c54088a284f453ac38fdfc8cacc08de5eedcb0ee3cfa81fd638fec	TRANSFER
services/Diten.SupplyChainService/src/Diten.SupplyChainService.Application/Features/Loads/Handlers/QueryHandlers/GetLoadListHandler.cs	9b2f43a8fe05d418abb73983d40a2365e32e66c3e01da741b33680136c3297cb	ABSENT	9b2f43a8fe05d418abb73983d40a2365e32e66c3e01da741b33680136c3297cb	TRANSFER
services/Diten.SupplyChainService/src/Diten.SupplyChainService.Application/Features/Loads/ILoadReferenceReader.cs	b4d7968f1d3682488c6948ec9bca8f166ca0fdec7e669d629d8b948b1328e113	ABSENT	b4d7968f1d3682488c6948ec9bca8f166ca0fdec7e669d629d8b948b1328e113	TRANSFER
services/Diten.SupplyChainService/src/Diten.SupplyChainService.Application/Features/Loads/LoadModels.cs	edb0b15e158d7949b1f76771b7e5618ba158a425f199a8a4d9d043fb01691b94	ABSENT	edb0b15e158d7949b1f76771b7e5618ba158a425f199a8a4d9d043fb01691b94	TRANSFER
services/Diten.SupplyChainService/src/Diten.SupplyChainService.Application/Features/Loads/LoadReferenceSnapshot.cs	d6f1cf0318f02ca03f11096bbfa9b00da9513b1c0ac1f8f0f7b994d2afc9c9a3	ABSENT	d6f1cf0318f02ca03f11096bbfa9b00da9513b1c0ac1f8f0f7b994d2afc9c9a3	TRANSFER
services/Diten.SupplyChainService/src/Diten.SupplyChainService.Application/Features/Loads/LoadRequestContext.cs	e60d11a6e223dc94fe073e32cd7bcbefb97afc39d18ec02707c8acf396ea7e82	ABSENT	e60d11a6e223dc94fe073e32cd7bcbefb97afc39d18ec02707c8acf396ea7e82	TRANSFER
services/Diten.SupplyChainService/src/Diten.SupplyChainService.Application/Features/Loads/LoadRequestFingerprint.cs	326e857b75d7a1e223e89f09c9c1a031224a3abe1a1bda561ceda35c8015c9a8	ABSENT	326e857b75d7a1e223e89f09c9c1a031224a3abe1a1bda561ceda35c8015c9a8	TRANSFER
services/Diten.SupplyChainService/src/Diten.SupplyChainService.Application/Features/Loads/Queries/GetLoadListQuery.cs	c43e218b5b1c511e073de8de712ce80a976cc9a748305fcd3c7049034b9c4816	ABSENT	c43e218b5b1c511e073de8de712ce80a976cc9a748305fcd3c7049034b9c4816	TRANSFER
services/Diten.SupplyChainService/src/Diten.SupplyChainService.Application/Features/Loads/Validators/CreateLoadValidator.cs	91212068c4f04af99dd2d58c580a46b3e896b3bb95345d716eb8ca8880a3eabe	ABSENT	91212068c4f04af99dd2d58c580a46b3e896b3bb95345d716eb8ca8880a3eabe	TRANSFER
services/Diten.SupplyChainService/src/Diten.SupplyChainService.Application/Features/Loads/Validators/GetLoadListValidator.cs	5fb9464406821436b8e443d56b8fdf57d9669f151d0a6f8f0c95415b76c51b9e	ABSENT	5fb9464406821436b8e443d56b8fdf57d9669f151d0a6f8f0c95415b76c51b9e	TRANSFER
services/Diten.SupplyChainService/src/Diten.SupplyChainService.Application/Features/Loads/Validators/TransitionLoadValidator.cs	004663e06daa12ac8d0ccdc906f3c0ba6148e2dbfab2a39300a1ea7b1c6b805c	ABSENT	004663e06daa12ac8d0ccdc906f3c0ba6148e2dbfab2a39300a1ea7b1c6b805c	TRANSFER
services/Diten.SupplyChainService/src/Diten.SupplyChainService.Application/Features/Returns/Commands/CreateReturnCommand.cs	c4a4da1205733458d18be945fa8a9ccdf8b4e516083a9f458505539dd434ca05	ABSENT	c4a4da1205733458d18be945fa8a9ccdf8b4e516083a9f458505539dd434ca05	TRANSFER
services/Diten.SupplyChainService/src/Diten.SupplyChainService.Application/Features/Returns/Commands/TransitionReturnCommand.cs	df81cc314a05a4a8bb5d5aa07e4d3bc7ee8b7f8f781006b1850de5a62ce98687	ABSENT	df81cc314a05a4a8bb5d5aa07e4d3bc7ee8b7f8f781006b1850de5a62ce98687	TRANSFER
services/Diten.SupplyChainService/src/Diten.SupplyChainService.Application/Features/Returns/Handlers/CommandHandlers/CreateReturnHandler.cs	baaaf177b7f4ac51a40d3f498a57f5f43fc54fcdd47919bfa56b13439c9e927c	ABSENT	baaaf177b7f4ac51a40d3f498a57f5f43fc54fcdd47919bfa56b13439c9e927c	TRANSFER
services/Diten.SupplyChainService/src/Diten.SupplyChainService.Application/Features/Returns/Handlers/CommandHandlers/TransitionReturnHandler.cs	fc10ff2b1db776a91193a44b8d71ba4cbd8521f41e66df94b7a164840812824d	ABSENT	fc10ff2b1db776a91193a44b8d71ba4cbd8521f41e66df94b7a164840812824d	TRANSFER
services/Diten.SupplyChainService/src/Diten.SupplyChainService.Application/Features/Returns/Handlers/QueryHandlers/GetReturnListHandler.cs	63c3d1d28c4f8d7cdd77c1c7595f622943bedb45adaf1cea5a6820e4ef742d2c	ABSENT	63c3d1d28c4f8d7cdd77c1c7595f622943bedb45adaf1cea5a6820e4ef742d2c	TRANSFER
services/Diten.SupplyChainService/src/Diten.SupplyChainService.Application/Features/Returns/IReturnReferenceReader.cs	a4040831ea56049c0d133e594aa3e6946a2e29bf27be10a7628a66ffcec14b38	ABSENT	a4040831ea56049c0d133e594aa3e6946a2e29bf27be10a7628a66ffcec14b38	TRANSFER
services/Diten.SupplyChainService/src/Diten.SupplyChainService.Application/Features/Returns/Queries/GetReturnListQuery.cs	c019e87ea32bd5374cdad71d5546955d55577bf30e33cd5899ec6c066ea78f8d	ABSENT	c019e87ea32bd5374cdad71d5546955d55577bf30e33cd5899ec6c066ea78f8d	TRANSFER
services/Diten.SupplyChainService/src/Diten.SupplyChainService.Application/Features/Returns/ReturnModels.cs	b4fec3945f2f8d560394a16db3594d14489def644699d2fc4d140c7bf3648c35	ABSENT	b4fec3945f2f8d560394a16db3594d14489def644699d2fc4d140c7bf3648c35	TRANSFER
services/Diten.SupplyChainService/src/Diten.SupplyChainService.Application/Features/Returns/ReturnRequestContext.cs	92ed7ed15e2b2136c103d5228fa0b913d2619e7bcc3a6708841595ca901e4945	ABSENT	92ed7ed15e2b2136c103d5228fa0b913d2619e7bcc3a6708841595ca901e4945	TRANSFER
services/Diten.SupplyChainService/src/Diten.SupplyChainService.Application/Features/Returns/ReturnRequestFingerprint.cs	49299c018629e23ada8324a63297c6e7c53b069d08e75c1a83201f93e9873db7	ABSENT	49299c018629e23ada8324a63297c6e7c53b069d08e75c1a83201f93e9873db7	TRANSFER
services/Diten.SupplyChainService/src/Diten.SupplyChainService.Application/Features/Returns/ReturnSourceSnapshot.cs	6362c05e19f58f084acb3ac7e81646549b4145a2f5ce5344339a87cbd6f1cceb	ABSENT	6362c05e19f58f084acb3ac7e81646549b4145a2f5ce5344339a87cbd6f1cceb	TRANSFER
services/Diten.SupplyChainService/src/Diten.SupplyChainService.Application/Features/Returns/Validators/CreateReturnValidator.cs	64c8227c78e17d7dab3672a5af9e75f90134a5f99230be50c7aed1f1848def4f	ABSENT	64c8227c78e17d7dab3672a5af9e75f90134a5f99230be50c7aed1f1848def4f	TRANSFER
services/Diten.SupplyChainService/src/Diten.SupplyChainService.Application/Features/Returns/Validators/GetReturnListValidator.cs	8fbebd7fa37c5bb09a9bd0f73f984970d025ea66e6efda3597c99242a4592774	ABSENT	8fbebd7fa37c5bb09a9bd0f73f984970d025ea66e6efda3597c99242a4592774	TRANSFER
services/Diten.SupplyChainService/src/Diten.SupplyChainService.Application/Features/Returns/Validators/TransitionReturnValidator.cs	35e0a398e63a2f44bff6fbd2ebfe22bdb5f60c4a2cb40937e766421655cb3cf0	ABSENT	35e0a398e63a2f44bff6fbd2ebfe22bdb5f60c4a2cb40937e766421655cb3cf0	TRANSFER
services/Diten.SupplyChainService/src/Diten.SupplyChainService.Application/Features/SandopPlans/Commands/CaptureSandopSnapshotCommand.cs	d5c2ac28032ea37fed5d02da0f37202f303c01cce2bfa8390df2ad9995ae6fc5	ABSENT	d5c2ac28032ea37fed5d02da0f37202f303c01cce2bfa8390df2ad9995ae6fc5	TRANSFER
services/Diten.SupplyChainService/src/Diten.SupplyChainService.Application/Features/SandopPlans/Commands/CreateSandopPlanCommand.cs	6435c0be18187aeb79cf61f08d26511f2cf29bf0da82414c938d344b97b6d148	ABSENT	6435c0be18187aeb79cf61f08d26511f2cf29bf0da82414c938d344b97b6d148	TRANSFER
services/Diten.SupplyChainService/src/Diten.SupplyChainService.Application/Features/SandopPlans/Commands/RecordSandopSignOffCommand.cs	b019258453a73c60a27bcde951fdb2da501ebb2633a9be6a97fba80e26a025a0	ABSENT	b019258453a73c60a27bcde951fdb2da501ebb2633a9be6a97fba80e26a025a0	TRANSFER
services/Diten.SupplyChainService/src/Diten.SupplyChainService.Application/Features/SandopPlans/Handlers/CommandHandlers/CaptureSandopSnapshotHandler.cs	2885c8452f0c3bdc6c61fd99941057bf81daa164747ac03d8ad28205085bbaa1	ABSENT	2885c8452f0c3bdc6c61fd99941057bf81daa164747ac03d8ad28205085bbaa1	TRANSFER
services/Diten.SupplyChainService/src/Diten.SupplyChainService.Application/Features/SandopPlans/Handlers/CommandHandlers/CreateSandopPlanHandler.cs	4161b36380edcf44e465aabc240e3022a7a16571b2f117ce5c3d5647e869094e	ABSENT	4161b36380edcf44e465aabc240e3022a7a16571b2f117ce5c3d5647e869094e	TRANSFER
services/Diten.SupplyChainService/src/Diten.SupplyChainService.Application/Features/SandopPlans/Handlers/CommandHandlers/RecordSandopSignOffHandler.cs	c05324dbf1601777ba86b5f29ab8ef0f7719ea92d155160d41198c07855580c8	ABSENT	c05324dbf1601777ba86b5f29ab8ef0f7719ea92d155160d41198c07855580c8	TRANSFER
services/Diten.SupplyChainService/src/Diten.SupplyChainService.Application/Features/SandopPlans/Handlers/QueryHandlers/GetSandopPlanHandler.cs	3ef1918bc789c4c65b61bd14b3f371cacaafde2284b66208ff9c3766b5192aee	ABSENT	3ef1918bc789c4c65b61bd14b3f371cacaafde2284b66208ff9c3766b5192aee	TRANSFER
services/Diten.SupplyChainService/src/Diten.SupplyChainService.Application/Features/SandopPlans/Handlers/QueryHandlers/ListSandopSignOffsHandler.cs	faef398b54262bb5788277678f4c6c81272629f76640aed2c419d529bed1dde6	ABSENT	faef398b54262bb5788277678f4c6c81272629f76640aed2c419d529bed1dde6	TRANSFER
services/Diten.SupplyChainService/src/Diten.SupplyChainService.Application/Features/SandopPlans/Handlers/QueryHandlers/ListSandopSnapshotsHandler.cs	104684f395cfad31d38e6d34b98cd4a72a83f453ee19a131498fd55bf4676302	ABSENT	104684f395cfad31d38e6d34b98cd4a72a83f453ee19a131498fd55bf4676302	TRANSFER
services/Diten.SupplyChainService/src/Diten.SupplyChainService.Application/Features/SandopPlans/Queries/GetSandopPlanQuery.cs	4577389dd2aaf1110cab5d9e272d33c4b2e3a4291f9175ab1d6ee2cd5c7579f6	ABSENT	4577389dd2aaf1110cab5d9e272d33c4b2e3a4291f9175ab1d6ee2cd5c7579f6	TRANSFER
services/Diten.SupplyChainService/src/Diten.SupplyChainService.Application/Features/SandopPlans/Queries/ListSandopSignOffsQuery.cs	1f0eb5abdf27a26353f410458d9d752c9ea9b82713f3f8b3b470a8117e86b4d7	ABSENT	1f0eb5abdf27a26353f410458d9d752c9ea9b82713f3f8b3b470a8117e86b4d7	TRANSFER
services/Diten.SupplyChainService/src/Diten.SupplyChainService.Application/Features/SandopPlans/Queries/ListSandopSnapshotsQuery.cs	9a659ce176bbcaeb48f76d324c5367ddbbe61aab54437dcc0ba5fa985aec0969	ABSENT	9a659ce176bbcaeb48f76d324c5367ddbbe61aab54437dcc0ba5fa985aec0969	TRANSFER
services/Diten.SupplyChainService/src/Diten.SupplyChainService.Application/Features/SandopPlans/SandopPlanModels.cs	60e2a3e3b13da470e2acbb274ff758d27d8bedc89654e42fb21347f405e962c5	ABSENT	60e2a3e3b13da470e2acbb274ff758d27d8bedc89654e42fb21347f405e962c5	TRANSFER
services/Diten.SupplyChainService/src/Diten.SupplyChainService.Application/Features/SandopPlans/SandopProjection.cs	e18450c4c10d7245e2581f031348c5c631a405767e7894d9d53960300f7ac363	ABSENT	e18450c4c10d7245e2581f031348c5c631a405767e7894d9d53960300f7ac363	TRANSFER
services/Diten.SupplyChainService/src/Diten.SupplyChainService.Application/Features/SandopPlans/SandopRequestFingerprint.cs	771e9dc51567371ca5a949e9b04d36b127787780ca98cb01d6590a4a581903f6	ABSENT	771e9dc51567371ca5a949e9b04d36b127787780ca98cb01d6590a4a581903f6	TRANSFER
services/Diten.SupplyChainService/src/Diten.SupplyChainService.Application/Features/SandopPlans/Validators/CaptureSandopSnapshotValidator.cs	5dea0f43048af13396cd1fc8ca45c758cd06557a254505302449c6393fbd98cb	ABSENT	5dea0f43048af13396cd1fc8ca45c758cd06557a254505302449c6393fbd98cb	TRANSFER
services/Diten.SupplyChainService/src/Diten.SupplyChainService.Application/Features/SandopPlans/Validators/CreateSandopPlanValidator.cs	6da8f45780a4997be4fff3f52c6c1ae26577998378fd02e84b35ef9595604f31	ABSENT	6da8f45780a4997be4fff3f52c6c1ae26577998378fd02e84b35ef9595604f31	TRANSFER
services/Diten.SupplyChainService/src/Diten.SupplyChainService.Application/Features/SandopPlans/Validators/RecordSandopSignOffValidator.cs	fb3cedeb45a8438849d314e921977912b7abeba2b002fe945fb1ac7f1c831150	ABSENT	fb3cedeb45a8438849d314e921977912b7abeba2b002fe945fb1ac7f1c831150	TRANSFER
services/Diten.SupplyChainService/src/Diten.SupplyChainService.Application/Features/Shipments/Commands/CapturePodCommand.cs	a7505f307c56c950116ccba54646dd1d8bd597f7f7759dcc9173819019b9da80	a7505f307c56c950116ccba54646dd1d8bd597f7f7759dcc9173819019b9da80	a7505f307c56c950116ccba54646dd1d8bd597f7f7759dcc9173819019b9da80	PRESERVE_IDENTICAL
services/Diten.SupplyChainService/src/Diten.SupplyChainService.Application/Features/Shipments/Commands/CreateShipmentCommand.cs	940c20661b333917421eddd326a4e718490721bb979bc0830403e4009ccdc6a0	940c20661b333917421eddd326a4e718490721bb979bc0830403e4009ccdc6a0	940c20661b333917421eddd326a4e718490721bb979bc0830403e4009ccdc6a0	PRESERVE_IDENTICAL
services/Diten.SupplyChainService/src/Diten.SupplyChainService.Application/Features/Shipments/Commands/TransitionShipmentCommand.cs	561602ffe5c066145e2f20cf989ad528608f0e041988ebdac193589d9e57286e	561602ffe5c066145e2f20cf989ad528608f0e041988ebdac193589d9e57286e	561602ffe5c066145e2f20cf989ad528608f0e041988ebdac193589d9e57286e	PRESERVE_IDENTICAL
services/Diten.SupplyChainService/src/Diten.SupplyChainService.Application/Features/Shipments/Handlers/CommandHandlers/CapturePodHandler.cs	56d635da6d183d30dbe999767088c1436080067d4a43480cacf102d200e2f37c	56d635da6d183d30dbe999767088c1436080067d4a43480cacf102d200e2f37c	56d635da6d183d30dbe999767088c1436080067d4a43480cacf102d200e2f37c	PRESERVE_IDENTICAL
services/Diten.SupplyChainService/src/Diten.SupplyChainService.Application/Features/Shipments/Handlers/CommandHandlers/CreateShipmentHandler.cs	96f9d319377b45087b2af142f32f0190dc064b901b3d96e751b7c9d3aea96676	96f9d319377b45087b2af142f32f0190dc064b901b3d96e751b7c9d3aea96676	96f9d319377b45087b2af142f32f0190dc064b901b3d96e751b7c9d3aea96676	PRESERVE_IDENTICAL
services/Diten.SupplyChainService/src/Diten.SupplyChainService.Application/Features/Shipments/Handlers/CommandHandlers/TransitionShipmentHandler.cs	d1901667f138886f64bf481c09afd3119f42433084b9a72fe9f65d29f2c9a152	d1901667f138886f64bf481c09afd3119f42433084b9a72fe9f65d29f2c9a152	d1901667f138886f64bf481c09afd3119f42433084b9a72fe9f65d29f2c9a152	PRESERVE_IDENTICAL
services/Diten.SupplyChainService/src/Diten.SupplyChainService.Application/Features/Shipments/Handlers/QueryHandlers/GetShipmentByIdHandler.cs	bd86160e3273d605f99a4d276a80400473789b99cd3939e09dab4ea59f1f9c33	bd86160e3273d605f99a4d276a80400473789b99cd3939e09dab4ea59f1f9c33	bd86160e3273d605f99a4d276a80400473789b99cd3939e09dab4ea59f1f9c33	PRESERVE_IDENTICAL
services/Diten.SupplyChainService/src/Diten.SupplyChainService.Application/Features/Shipments/Handlers/QueryHandlers/GetShipmentListHandler.cs	6f19b899606655674bd5bb37ab484c76698ce1583123ec2eae50520e79ea264c	6f19b899606655674bd5bb37ab484c76698ce1583123ec2eae50520e79ea264c	6f19b899606655674bd5bb37ab484c76698ce1583123ec2eae50520e79ea264c	PRESERVE_IDENTICAL
services/Diten.SupplyChainService/src/Diten.SupplyChainService.Application/Features/Shipments/Queries/GetShipmentByIdQuery.cs	cc1056ce4ddceacd80ff911701a067141f5b96483e3240fedbb29306d295da86	cc1056ce4ddceacd80ff911701a067141f5b96483e3240fedbb29306d295da86	cc1056ce4ddceacd80ff911701a067141f5b96483e3240fedbb29306d295da86	PRESERVE_IDENTICAL
services/Diten.SupplyChainService/src/Diten.SupplyChainService.Application/Features/Shipments/Queries/GetShipmentListQuery.cs	582f45644a7e0f4b26e9a27e1107b57dd18527ccc2d58de8bbec92837ab85dfa	582f45644a7e0f4b26e9a27e1107b57dd18527ccc2d58de8bbec92837ab85dfa	582f45644a7e0f4b26e9a27e1107b57dd18527ccc2d58de8bbec92837ab85dfa	PRESERVE_IDENTICAL
services/Diten.SupplyChainService/src/Diten.SupplyChainService.Application/Features/Shipments/RequestFingerprint.cs	7446f1eed56ec208d0762d0a52f15bda198d3f08e437976bb47abb1e7ac89fc0	7446f1eed56ec208d0762d0a52f15bda198d3f08e437976bb47abb1e7ac89fc0	7446f1eed56ec208d0762d0a52f15bda198d3f08e437976bb47abb1e7ac89fc0	PRESERVE_IDENTICAL
services/Diten.SupplyChainService/src/Diten.SupplyChainService.Application/Features/Shipments/ShipmentModels.cs	21b358b5f0b4af2f54e36a8cb2c219c68a433ea2faed9451ccc03a921a23a6c4	21b358b5f0b4af2f54e36a8cb2c219c68a433ea2faed9451ccc03a921a23a6c4	21b358b5f0b4af2f54e36a8cb2c219c68a433ea2faed9451ccc03a921a23a6c4	PRESERVE_IDENTICAL
services/Diten.SupplyChainService/src/Diten.SupplyChainService.Application/Features/Shipments/ShipmentProjection.cs	261599302d76dae29322664c845e2b2dc7ad1262b69588cf0f1860b083dc75b0	261599302d76dae29322664c845e2b2dc7ad1262b69588cf0f1860b083dc75b0	261599302d76dae29322664c845e2b2dc7ad1262b69588cf0f1860b083dc75b0	PRESERVE_IDENTICAL
services/Diten.SupplyChainService/src/Diten.SupplyChainService.Application/Features/Shipments/Validators/CapturePodValidator.cs	2134888eb5931647f859674058fa22ff28f1b3344457ede8df81798047baf8ea	2134888eb5931647f859674058fa22ff28f1b3344457ede8df81798047baf8ea	2134888eb5931647f859674058fa22ff28f1b3344457ede8df81798047baf8ea	PRESERVE_IDENTICAL
services/Diten.SupplyChainService/src/Diten.SupplyChainService.Application/Features/Shipments/Validators/CreateShipmentValidator.cs	1a6fd6ce369101141466ac581f189bc7f9e8b2e2f60184a391a600f7ddda040a	1a6fd6ce369101141466ac581f189bc7f9e8b2e2f60184a391a600f7ddda040a	1a6fd6ce369101141466ac581f189bc7f9e8b2e2f60184a391a600f7ddda040a	PRESERVE_IDENTICAL
services/Diten.SupplyChainService/src/Diten.SupplyChainService.Application/Features/Shipments/Validators/GetShipmentListValidator.cs	d50359e100618c4a278ae4bdd9830f9a3f89232b2bd6833ff6449640c8b55a96	d50359e100618c4a278ae4bdd9830f9a3f89232b2bd6833ff6449640c8b55a96	d50359e100618c4a278ae4bdd9830f9a3f89232b2bd6833ff6449640c8b55a96	PRESERVE_IDENTICAL
services/Diten.SupplyChainService/src/Diten.SupplyChainService.Application/Features/Shipments/Validators/ShipmentLineValidator.cs	f726c1c01d3c8de6d9cfa1353666e95c85f5c8312071871d11d09bf8ddbb32c5	f726c1c01d3c8de6d9cfa1353666e95c85f5c8312071871d11d09bf8ddbb32c5	f726c1c01d3c8de6d9cfa1353666e95c85f5c8312071871d11d09bf8ddbb32c5	PRESERVE_IDENTICAL
services/Diten.SupplyChainService/src/Diten.SupplyChainService.Application/Features/Shipments/Validators/ShipmentNoteRules.cs	d5a16a25b67907199830b6ae1c9be81e15655f02af99c0a5f0c51e8a4db768d3	d5a16a25b67907199830b6ae1c9be81e15655f02af99c0a5f0c51e8a4db768d3	d5a16a25b67907199830b6ae1c9be81e15655f02af99c0a5f0c51e8a4db768d3	PRESERVE_IDENTICAL
services/Diten.SupplyChainService/src/Diten.SupplyChainService.Application/Features/Shipments/Validators/TransitionShipmentValidator.cs	73e34cea323e3f90c54b1e6c0e84a9a34ba593f85b52cb496ebd19236c478931	73e34cea323e3f90c54b1e6c0e84a9a34ba593f85b52cb496ebd19236c478931	73e34cea323e3f90c54b1e6c0e84a9a34ba593f85b52cb496ebd19236c478931	PRESERVE_IDENTICAL
services/Diten.SupplyChainService/src/Diten.SupplyChainService.Application/Features/SourceIntake/Contracts/SourceClients.cs	3c391d0becd4a022e10d70232e23bbfc807fabbda78bd5c6c337ec9b5d6f2973	3c391d0becd4a022e10d70232e23bbfc807fabbda78bd5c6c337ec9b5d6f2973	3c391d0becd4a022e10d70232e23bbfc807fabbda78bd5c6c337ec9b5d6f2973	PRESERVE_IDENTICAL
services/Diten.SupplyChainService/src/Diten.SupplyChainService.Application/Features/SourceIntake/WarehouseIntakeCoordinator.cs	954dfbdf5825ee5609e777f59c76cb55ec0ffd9e280f152e834500e9d9c3d072	954dfbdf5825ee5609e777f59c76cb55ec0ffd9e280f152e834500e9d9c3d072	954dfbdf5825ee5609e777f59c76cb55ec0ffd9e280f152e834500e9d9c3d072	PRESERVE_IDENTICAL
services/Diten.SupplyChainService/src/Diten.SupplyChainService.Application/Features/SourceIntake/WarehouseShipmentMapper.cs	040251b4cb96ef9fd578f748ea30b95a2e135e99f541683088c6bf8b693ca415	040251b4cb96ef9fd578f748ea30b95a2e135e99f541683088c6bf8b693ca415	040251b4cb96ef9fd578f748ea30b95a2e135e99f541683088c6bf8b693ca415	PRESERVE_IDENTICAL
services/Diten.SupplyChainService/src/Diten.SupplyChainService.Domain/Common/EntityBase.cs	a1f313b526c459542226d2693d73998a393b119fe3a0ae0c735b092c738bec6e	a1f313b526c459542226d2693d73998a393b119fe3a0ae0c735b092c738bec6e	a1f313b526c459542226d2693d73998a393b119fe3a0ae0c735b092c738bec6e	PRESERVE_IDENTICAL
services/Diten.SupplyChainService/src/Diten.SupplyChainService.Domain/Diten.SupplyChainService.Domain.csproj	dfa8aef748834f47f0135ddb4d626c71985810b048546bbcadc084968399108b	dfa8aef748834f47f0135ddb4d626c71985810b048546bbcadc084968399108b	dfa8aef748834f47f0135ddb4d626c71985810b048546bbcadc084968399108b	PRESERVE_IDENTICAL
services/Diten.SupplyChainService/src/Diten.SupplyChainService.Domain/Features/CapacityPlans/CapacityEvaluation.cs	4020898d74e66ad7b9ab4bec77e1189528595cb0983c0cf2389a1e0161270c85	ABSENT	4020898d74e66ad7b9ab4bec77e1189528595cb0983c0cf2389a1e0161270c85	TRANSFER
services/Diten.SupplyChainService/src/Diten.SupplyChainService.Domain/Features/CapacityPlans/CapacityPlan.cs	6a1808eafa4538f7c911045eaf2ece6b607df02ff4d1455e51ee6e32e5608c92	ABSENT	6a1808eafa4538f7c911045eaf2ece6b607df02ff4d1455e51ee6e32e5608c92	TRANSFER
services/Diten.SupplyChainService/src/Diten.SupplyChainService.Domain/Features/CapacityPlans/CapacityScenario.cs	a2b5acea18c965abcbba1be6c0d38f62eaeedab04cdf989ad4a40460acc56ae5	ABSENT	a2b5acea18c965abcbba1be6c0d38f62eaeedab04cdf989ad4a40460acc56ae5	TRANSFER
services/Diten.SupplyChainService/src/Diten.SupplyChainService.Domain/Features/CapacityPlans/CapacityScope.cs	5d511cfaeb38d82b10c8e3de71e8c46eb58a401c63962c130d082d0eea4c0033	ABSENT	5d511cfaeb38d82b10c8e3de71e8c46eb58a401c63962c130d082d0eea4c0033	TRANSFER
services/Diten.SupplyChainService/src/Diten.SupplyChainService.Domain/Features/CapacityPlans/ICapacityRepository.cs	c0362b0f92fa967887381e58abce0cfbba37a173892225b01baac3ab50d34b50	ABSENT	c0362b0f92fa967887381e58abce0cfbba37a173892225b01baac3ab50d34b50	TRANSFER
services/Diten.SupplyChainService/src/Diten.SupplyChainService.Domain/Features/Carriers/Carrier.cs	083e595d72113e0461ea2dd6ae3623b7c61db8c2cad4fd2122ef7756588ece61	ABSENT	083e595d72113e0461ea2dd6ae3623b7c61db8c2cad4fd2122ef7756588ece61	TRANSFER
services/Diten.SupplyChainService/src/Diten.SupplyChainService.Domain/Features/Carriers/CarrierLifecycle.cs	1ef4cfbc599716351de402dd8e5dd0f497b26bdabe521b4140a3030992ad36bd	ABSENT	1ef4cfbc599716351de402dd8e5dd0f497b26bdabe521b4140a3030992ad36bd	TRANSFER
services/Diten.SupplyChainService/src/Diten.SupplyChainService.Domain/Features/Carriers/CarrierMutationResult.cs	c837b5a9ece37d80960980eaf270107f1d55bcbc9299683f4a752c8bbb49646d	ABSENT	c837b5a9ece37d80960980eaf270107f1d55bcbc9299683f4a752c8bbb49646d	TRANSFER
services/Diten.SupplyChainService/src/Diten.SupplyChainService.Domain/Features/Carriers/CarrierPersistenceUnavailableException.cs	8fe2d0f6dda9716bc69196b08b2a37b02bf71edfd30ca7ff128031e1993c3e01	ABSENT	8fe2d0f6dda9716bc69196b08b2a37b02bf71edfd30ca7ff128031e1993c3e01	TRANSFER
services/Diten.SupplyChainService/src/Diten.SupplyChainService.Domain/Features/Carriers/CarrierScope.cs	359678cd6dd1b1167fe003fe2eabd0911c1472bd6b6b51f940c762260354add8	ABSENT	359678cd6dd1b1167fe003fe2eabd0911c1472bd6b6b51f940c762260354add8	TRANSFER
services/Diten.SupplyChainService/src/Diten.SupplyChainService.Domain/Features/Carriers/CarrierStatus.cs	e40c34c4da10501ca27713bdda1b449775b5306d48328f9e177ac9d93decfe15	ABSENT	e40c34c4da10501ca27713bdda1b449775b5306d48328f9e177ac9d93decfe15	TRANSFER
services/Diten.SupplyChainService/src/Diten.SupplyChainService.Domain/Features/Carriers/ICarrierRepository.cs	b8bc0a9a995a68f327dad13e15bfa75530ba81ba781efdc0b6ca46c1666290d4	ABSENT	b8bc0a9a995a68f327dad13e15bfa75530ba81ba781efdc0b6ca46c1666290d4	TRANSFER
services/Diten.SupplyChainService/src/Diten.SupplyChainService.Domain/Features/Carriers/TransportMode.cs	3accae49a758ddb00510cfd31687d4afa65cd7d40ac4c43f939648279d188083	ABSENT	3accae49a758ddb00510cfd31687d4afa65cd7d40ac4c43f939648279d188083	TRANSFER
services/Diten.SupplyChainService/src/Diten.SupplyChainService.Domain/Features/Claims/Claim.cs	44011bc61cd7cf9785e3caad54709d6261de2f61d73ab9f7a468355a7aa80150	ABSENT	44011bc61cd7cf9785e3caad54709d6261de2f61d73ab9f7a468355a7aa80150	TRANSFER
services/Diten.SupplyChainService/src/Diten.SupplyChainService.Domain/Features/Claims/ClaimAuditEntry.cs	2926601eaf33f2b2767b94ef9d2b740794b52eddd4cc0e2b2ad974b3724bb8a3	ABSENT	2926601eaf33f2b2767b94ef9d2b740794b52eddd4cc0e2b2ad974b3724bb8a3	TRANSFER
services/Diten.SupplyChainService/src/Diten.SupplyChainService.Domain/Features/Claims/ClaimLifecycle.cs	59f6efd43a697c248f5035212a9f448c6639c2163773c09378308e7c6a8642ca	ABSENT	59f6efd43a697c248f5035212a9f448c6639c2163773c09378308e7c6a8642ca	TRANSFER
services/Diten.SupplyChainService/src/Diten.SupplyChainService.Domain/Features/Claims/ClaimMutationResult.cs	e090934c14cab18e50b9e2e37dfc9dd83134c8214b403b15cda4c5436cd1e6c0	ABSENT	e090934c14cab18e50b9e2e37dfc9dd83134c8214b403b15cda4c5436cd1e6c0	TRANSFER
services/Diten.SupplyChainService/src/Diten.SupplyChainService.Domain/Features/Claims/ClaimReferenceSnapshot.cs	98ebe4ad25aa6f550dec19f07dd243baccc4fc91393d227d32ecd2a5b3c820d0	ABSENT	98ebe4ad25aa6f550dec19f07dd243baccc4fc91393d227d32ecd2a5b3c820d0	TRANSFER
services/Diten.SupplyChainService/src/Diten.SupplyChainService.Domain/Features/Claims/ClaimScope.cs	1cbfd707348766dfaeeb8c1ac58d9212f314075982665f1f2834100f3484de49	ABSENT	1cbfd707348766dfaeeb8c1ac58d9212f314075982665f1f2834100f3484de49	TRANSFER
services/Diten.SupplyChainService/src/Diten.SupplyChainService.Domain/Features/Claims/ClaimStatus.cs	fcb5c62634afb387a76c74d26328b5268329f1c7d99695a1bdefe5cedaee4eb9	ABSENT	fcb5c62634afb387a76c74d26328b5268329f1c7d99695a1bdefe5cedaee4eb9	TRANSFER
services/Diten.SupplyChainService/src/Diten.SupplyChainService.Domain/Features/Claims/ExactClaimAmount.cs	52e72bea4d19cf578a8ff93818cb9e0f3743da8cec8ddd43323807bbb96c1701	ABSENT	52e72bea4d19cf578a8ff93818cb9e0f3743da8cec8ddd43323807bbb96c1701	TRANSFER
services/Diten.SupplyChainService/src/Diten.SupplyChainService.Domain/Features/Claims/IClaimRepository.cs	610ca7678a9c29025b355d78c631c4fcc5a5845b0c177cb8f962d2708bade87b	ABSENT	610ca7678a9c29025b355d78c631c4fcc5a5845b0c177cb8f962d2708bade87b	TRANSFER
services/Diten.SupplyChainService/src/Diten.SupplyChainService.Domain/Features/Loads/ILoadRepository.cs	6a7cce0ecd949d8536d61fa0a2ad126d0820bc0a5fc0061e8ba4248308371850	ABSENT	6a7cce0ecd949d8536d61fa0a2ad126d0820bc0a5fc0061e8ba4248308371850	TRANSFER
services/Diten.SupplyChainService/src/Diten.SupplyChainService.Domain/Features/Loads/LoadAssignment.cs	be2da887dc8edd9612aceb884c0ca8af167f780e39669fbebd1e0e06849b1e16	ABSENT	be2da887dc8edd9612aceb884c0ca8af167f780e39669fbebd1e0e06849b1e16	TRANSFER
services/Diten.SupplyChainService/src/Diten.SupplyChainService.Domain/Features/Loads/LoadAuditEntry.cs	c6655f0bb5cb541ad1fd5b30eef630deb80789c33e2f0b3f6dd7bc4fa16c26a6	ABSENT	c6655f0bb5cb541ad1fd5b30eef630deb80789c33e2f0b3f6dd7bc4fa16c26a6	TRANSFER
services/Diten.SupplyChainService/src/Diten.SupplyChainService.Domain/Features/Loads/LoadLifecycle.cs	877796900e1a71260de334193dd6590d667f09777e55316ba0cd7aa15055f712	ABSENT	877796900e1a71260de334193dd6590d667f09777e55316ba0cd7aa15055f712	TRANSFER
services/Diten.SupplyChainService/src/Diten.SupplyChainService.Domain/Features/Loads/LoadMutationResult.cs	0fc0b49951d2801292f4ffe6b92273178073ae7b343ec1c7fa76ef8295353106	ABSENT	0fc0b49951d2801292f4ffe6b92273178073ae7b343ec1c7fa76ef8295353106	TRANSFER
services/Diten.SupplyChainService/src/Diten.SupplyChainService.Domain/Features/Loads/LoadPlan.cs	f852baee67a9eff37481ae941c828518496336a8cbc6efb2cecf9f94cd55fa28	ABSENT	f852baee67a9eff37481ae941c828518496336a8cbc6efb2cecf9f94cd55fa28	TRANSFER
services/Diten.SupplyChainService/src/Diten.SupplyChainService.Domain/Features/Loads/LoadScope.cs	3daf7a7ff6a1ab094081a31a385b28d587abf8a6200acd030c1a964e6407a027	ABSENT	3daf7a7ff6a1ab094081a31a385b28d587abf8a6200acd030c1a964e6407a027	TRANSFER
services/Diten.SupplyChainService/src/Diten.SupplyChainService.Domain/Features/Loads/LoadStatus.cs	4a1217536bbd35a0b70d1111f0fb7cf022755b92e7eb75577a78806b5bfdff29	ABSENT	4a1217536bbd35a0b70d1111f0fb7cf022755b92e7eb75577a78806b5bfdff29	TRANSFER
services/Diten.SupplyChainService/src/Diten.SupplyChainService.Domain/Features/Loads/LoadStop.cs	e972b00682e149397dd96235a2aa9dfc2ad93f6f01cd6c56581111cc6556c7ab	ABSENT	e972b00682e149397dd96235a2aa9dfc2ad93f6f01cd6c56581111cc6556c7ab	TRANSFER
services/Diten.SupplyChainService/src/Diten.SupplyChainService.Domain/Features/Returns/IReturnRepository.cs	bb73f4b04d813b5ba15003f26c1143a041f42f4c4709e2574a8b2f91dcfddddf	ABSENT	bb73f4b04d813b5ba15003f26c1143a041f42f4c4709e2574a8b2f91dcfddddf	TRANSFER
services/Diten.SupplyChainService/src/Diten.SupplyChainService.Domain/Features/Returns/ReturnAuditEntry.cs	3024eb3f1ca11c5b755278881970ccd041e324ac3c5ff1e94c56163620c80645	ABSENT	3024eb3f1ca11c5b755278881970ccd041e324ac3c5ff1e94c56163620c80645	TRANSFER
services/Diten.SupplyChainService/src/Diten.SupplyChainService.Domain/Features/Returns/ReturnEntitlement.cs	b4e6fe8afa7df3e6a8bc4be0275c09f5cf366eab8c2b79af540a902d39ff1727	ABSENT	b4e6fe8afa7df3e6a8bc4be0275c09f5cf366eab8c2b79af540a902d39ff1727	TRANSFER
services/Diten.SupplyChainService/src/Diten.SupplyChainService.Domain/Features/Returns/ReturnLifecycle.cs	5a085a15e838b9e8de8e355d0567b883b83db516b9e830bd76ea8b9909044ff4	ABSENT	5a085a15e838b9e8de8e355d0567b883b83db516b9e830bd76ea8b9909044ff4	TRANSFER
services/Diten.SupplyChainService/src/Diten.SupplyChainService.Domain/Features/Returns/ReturnLine.cs	828004478950f02d97f34f87e7ce5803d38100a95b4f68be5fb50c79f8792584	ABSENT	828004478950f02d97f34f87e7ce5803d38100a95b4f68be5fb50c79f8792584	TRANSFER
services/Diten.SupplyChainService/src/Diten.SupplyChainService.Domain/Features/Returns/ReturnMutationResult.cs	9c5cc448ff3389779aea7e5843169252528cac6ae6e66fb922f889784b925f03	ABSENT	9c5cc448ff3389779aea7e5843169252528cac6ae6e66fb922f889784b925f03	TRANSFER
services/Diten.SupplyChainService/src/Diten.SupplyChainService.Domain/Features/Returns/ReturnOrder.cs	b4e738312cb623a3db7c6c22a0b73b1ed2a6b3b636159aa67ffb12c7ca94d000	ABSENT	b4e738312cb623a3db7c6c22a0b73b1ed2a6b3b636159aa67ffb12c7ca94d000	TRANSFER
services/Diten.SupplyChainService/src/Diten.SupplyChainService.Domain/Features/Returns/ReturnQuantity.cs	032f977cb27a077516825362dd48a70f9f9385a4a6237da22ed7bb029ba69089	ABSENT	032f977cb27a077516825362dd48a70f9f9385a4a6237da22ed7bb029ba69089	TRANSFER
services/Diten.SupplyChainService/src/Diten.SupplyChainService.Domain/Features/Returns/ReturnScope.cs	3d20ca92a7dc0af710cc8257d708f697e8886829330b710bab5cb2c5449d682c	ABSENT	3d20ca92a7dc0af710cc8257d708f697e8886829330b710bab5cb2c5449d682c	TRANSFER
services/Diten.SupplyChainService/src/Diten.SupplyChainService.Domain/Features/Returns/ReturnStatus.cs	7e533fb5b2c030656de1f23be87e0193b6751f1799591282a6b28280916bbca8	ABSENT	7e533fb5b2c030656de1f23be87e0193b6751f1799591282a6b28280916bbca8	TRANSFER
services/Diten.SupplyChainService/src/Diten.SupplyChainService.Domain/Features/SandopPlans/ISandopRepository.cs	3d355402d0c51fefc3d1daf20550a342ebad7525d22a408cc59276cc50ce5f0c	ABSENT	3d355402d0c51fefc3d1daf20550a342ebad7525d22a408cc59276cc50ce5f0c	TRANSFER
services/Diten.SupplyChainService/src/Diten.SupplyChainService.Domain/Features/SandopPlans/SandopPlan.cs	7312ac113ef0c92679002dc1bd1b71226a249b66e7dd7a91d511936675a8f99d	ABSENT	7312ac113ef0c92679002dc1bd1b71226a249b66e7dd7a91d511936675a8f99d	TRANSFER
services/Diten.SupplyChainService/src/Diten.SupplyChainService.Domain/Features/SandopPlans/SandopScope.cs	40bbc658ba727f7b5e767c94d3a890e69c1d853d8f3de26a389f56929dd2b70b	ABSENT	40bbc658ba727f7b5e767c94d3a890e69c1d853d8f3de26a389f56929dd2b70b	TRANSFER
services/Diten.SupplyChainService/src/Diten.SupplyChainService.Domain/Features/SandopPlans/SandopSignOff.cs	01a0b736213529a3523be36e7598b9d5460a84286f1a14aaa8009ce3b430788c	ABSENT	01a0b736213529a3523be36e7598b9d5460a84286f1a14aaa8009ce3b430788c	TRANSFER
services/Diten.SupplyChainService/src/Diten.SupplyChainService.Domain/Features/SandopPlans/SandopSnapshot.cs	606ab9e7a0cbb19e548707281935d0ee7adf0c8e922fbec7c18f10f8c22a4f86	ABSENT	606ab9e7a0cbb19e548707281935d0ee7adf0c8e922fbec7c18f10f8c22a4f86	TRANSFER
services/Diten.SupplyChainService/src/Diten.SupplyChainService.Domain/Features/Shipments/IShipmentRepository.cs	83840fc4561e2cb88e8ab92e1970c3a1e07be0f334c23714f3ee727edbc5ef33	83840fc4561e2cb88e8ab92e1970c3a1e07be0f334c23714f3ee727edbc5ef33	83840fc4561e2cb88e8ab92e1970c3a1e07be0f334c23714f3ee727edbc5ef33	PRESERVE_IDENTICAL
services/Diten.SupplyChainService/src/Diten.SupplyChainService.Domain/Features/Shipments/ProofOfDelivery.cs	280a37e4cc2a67b6174ab44c2977dc143a95da947e74c6eb82b9ea956bd5cecc	280a37e4cc2a67b6174ab44c2977dc143a95da947e74c6eb82b9ea956bd5cecc	280a37e4cc2a67b6174ab44c2977dc143a95da947e74c6eb82b9ea956bd5cecc	PRESERVE_IDENTICAL
services/Diten.SupplyChainService/src/Diten.SupplyChainService.Domain/Features/Shipments/Shipment.cs	a6c4f67cd95c10b5e3163efc97bb0c9dda924cb031d87088319e839ba716b325	a6c4f67cd95c10b5e3163efc97bb0c9dda924cb031d87088319e839ba716b325	a6c4f67cd95c10b5e3163efc97bb0c9dda924cb031d87088319e839ba716b325	PRESERVE_IDENTICAL
services/Diten.SupplyChainService/src/Diten.SupplyChainService.Domain/Features/Shipments/ShipmentChange.cs	d04b1346e3e2c508d85c974d3a9ca4d3df77fb48c55be77e1092a0d86bee95cc	d04b1346e3e2c508d85c974d3a9ca4d3df77fb48c55be77e1092a0d86bee95cc	d04b1346e3e2c508d85c974d3a9ca4d3df77fb48c55be77e1092a0d86bee95cc	PRESERVE_IDENTICAL
services/Diten.SupplyChainService/src/Diten.SupplyChainService.Domain/Features/Shipments/ShipmentDetailReadResult.cs	c56c28658228fb7e0230135094da6801cc45576492add18b4b135a5bf9f6e8f8	c56c28658228fb7e0230135094da6801cc45576492add18b4b135a5bf9f6e8f8	c56c28658228fb7e0230135094da6801cc45576492add18b4b135a5bf9f6e8f8	PRESERVE_IDENTICAL
services/Diten.SupplyChainService/src/Diten.SupplyChainService.Domain/Features/Shipments/ShipmentLifecycle.cs	73812d110d02773db442f29287a0f37a12e07b665c5ca9748d71d53dd9fd1b68	73812d110d02773db442f29287a0f37a12e07b665c5ca9748d71d53dd9fd1b68	73812d110d02773db442f29287a0f37a12e07b665c5ca9748d71d53dd9fd1b68	PRESERVE_IDENTICAL
services/Diten.SupplyChainService/src/Diten.SupplyChainService.Domain/Features/Shipments/ShipmentLifecycleEntry.cs	cbd26f07baf8e392de1f653ba0a7d6a329a1c8e71903b212e0578944303d741e	cbd26f07baf8e392de1f653ba0a7d6a329a1c8e71903b212e0578944303d741e	cbd26f07baf8e392de1f653ba0a7d6a329a1c8e71903b212e0578944303d741e	PRESERVE_IDENTICAL
services/Diten.SupplyChainService/src/Diten.SupplyChainService.Domain/Features/Shipments/ShipmentLine.cs	d56f98d643af7f9cea110f7ed649dd494e05154d0915be6ac420125bc498ffb6	d56f98d643af7f9cea110f7ed649dd494e05154d0915be6ac420125bc498ffb6	d56f98d643af7f9cea110f7ed649dd494e05154d0915be6ac420125bc498ffb6	PRESERVE_IDENTICAL
services/Diten.SupplyChainService/src/Diten.SupplyChainService.Domain/Features/Shipments/ShipmentMutationResult.cs	0c5b6847c2022749c593671461097b32969f069dc9bf07ce3c47cf4ff05d553d	0c5b6847c2022749c593671461097b32969f069dc9bf07ce3c47cf4ff05d553d	0c5b6847c2022749c593671461097b32969f069dc9bf07ce3c47cf4ff05d553d	PRESERVE_IDENTICAL
services/Diten.SupplyChainService/src/Diten.SupplyChainService.Domain/Features/Shipments/ShipmentScope.cs	2db360cfc96578ff478558443c07ba6117a25ee2fde87f0dc265659c3e406701	2db360cfc96578ff478558443c07ba6117a25ee2fde87f0dc265659c3e406701	2db360cfc96578ff478558443c07ba6117a25ee2fde87f0dc265659c3e406701	PRESERVE_IDENTICAL
services/Diten.SupplyChainService/src/Diten.SupplyChainService.Domain/Features/Shipments/ShipmentStatus.cs	d979c1ccaf90980c5fc1900af103a375fbc2ca96e25e92cbf37cdfffacc9de15	d979c1ccaf90980c5fc1900af103a375fbc2ca96e25e92cbf37cdfffacc9de15	d979c1ccaf90980c5fc1900af103a375fbc2ca96e25e92cbf37cdfffacc9de15	PRESERVE_IDENTICAL
services/Diten.SupplyChainService/src/Diten.SupplyChainService.Domain/Features/SourceIntake/SourceIntent.cs	d2cf0ed240275a629abd0fe9f139859881989b582eaa59707216a765eb93f91b	d2cf0ed240275a629abd0fe9f139859881989b582eaa59707216a765eb93f91b	d2cf0ed240275a629abd0fe9f139859881989b582eaa59707216a765eb93f91b	PRESERVE_IDENTICAL
services/Diten.SupplyChainService/src/Diten.SupplyChainService.Infrastructure/Authorization/HasPermissionAttribute.cs	0b31e354aa118df875aba9f03b097afef08360a851e071f6becfcdaa2a41322d	0b31e354aa118df875aba9f03b097afef08360a851e071f6becfcdaa2a41322d	0b31e354aa118df875aba9f03b097afef08360a851e071f6becfcdaa2a41322d	PRESERVE_IDENTICAL
services/Diten.SupplyChainService/src/Diten.SupplyChainService.Infrastructure/Authorization/ShipmentPermissions.cs	46f9cebff09e584ab29d7d351c2d816d6ebff616287a569fbe9109d887e05525	46f9cebff09e584ab29d7d351c2d816d6ebff616287a569fbe9109d887e05525	46f9cebff09e584ab29d7d351c2d816d6ebff616287a569fbe9109d887e05525	PRESERVE_IDENTICAL
services/Diten.SupplyChainService/src/Diten.SupplyChainService.Infrastructure/Diten.SupplyChainService.Infrastructure.csproj	b598894f4741ed773e1c4ae015ce584a47d3c2e48e29aefdd3e722c280888f1d	b598894f4741ed773e1c4ae015ce584a47d3c2e48e29aefdd3e722c280888f1d	b598894f4741ed773e1c4ae015ce584a47d3c2e48e29aefdd3e722c280888f1d	PRESERVE_IDENTICAL
services/Diten.SupplyChainService/src/Diten.SupplyChainService.Infrastructure/Eventing/ShipmentOutboxWorker.cs	5de854b49c4490be759b9120f455e4db1f61d5948f030c9cc6b3f31b4258b628	5de854b49c4490be759b9120f455e4db1f61d5948f030c9cc6b3f31b4258b628	5de854b49c4490be759b9120f455e4db1f61d5948f030c9cc6b3f31b4258b628	PRESERVE_IDENTICAL
services/Diten.SupplyChainService/src/Diten.SupplyChainService.Infrastructure/Features/CapacityPlans/CapacityEvaluationExecutor.cs	c5bcc0490669b3c692980b106a6b036d606966a1b5dabd6c96635e425421d095	ABSENT	c5bcc0490669b3c692980b106a6b036d606966a1b5dabd6c96635e425421d095	TRANSFER
services/Diten.SupplyChainService/src/Diten.SupplyChainService.Infrastructure/Features/CapacityPlans/CapacityPermissionAttribute.cs	2cab8049bb96e231ac6aa7a41a8f54665652e570ffbe522e9a8eb3ce116f4881	ABSENT	2cab8049bb96e231ac6aa7a41a8f54665652e570ffbe522e9a8eb3ce116f4881	TRANSFER
services/Diten.SupplyChainService/src/Diten.SupplyChainService.Infrastructure/Features/CapacityPlans/CapacityPermissions.cs	7dd343d01865b40999444c7ceb83283a77963e7fe7db6c5f788018f1510a1c3b	ABSENT	7dd343d01865b40999444c7ceb83283a77963e7fe7db6c5f788018f1510a1c3b	TRANSFER
services/Diten.SupplyChainService/src/Diten.SupplyChainService.Infrastructure/Features/CapacityPlans/ConstraintFixtureReader.cs	02be87604a2be8c9b425df000adb0ddde03bffd7377083d87d642a3c09d1802f	ABSENT	02be87604a2be8c9b425df000adb0ddde03bffd7377083d87d642a3c09d1802f	TRANSFER
services/Diten.SupplyChainService/src/Diten.SupplyChainService.Infrastructure/Features/CapacityPlans/DemandFixtureReader.cs	d49b359e03606026eea001fa1a40ce185c6934b1c0bee2c4cd10d02c6d938c22	ABSENT	d49b359e03606026eea001fa1a40ce185c6934b1c0bee2c4cd10d02c6d938c22	TRANSFER
services/Diten.SupplyChainService/src/Diten.SupplyChainService.Infrastructure/Features/Carriers/CarrierPermissionAttribute.cs	280680df41a24a320f696ec5b814afdf4ae735c3c1b7a7730adee23b4e5a14cb	ABSENT	280680df41a24a320f696ec5b814afdf4ae735c3c1b7a7730adee23b4e5a14cb	TRANSFER
services/Diten.SupplyChainService/src/Diten.SupplyChainService.Infrastructure/Features/Carriers/CarrierPermissions.cs	a4a2886358846808f8575eb5a393c913b1b93ceceebb43e4e340e5db171d5ea2	ABSENT	a4a2886358846808f8575eb5a393c913b1b93ceceebb43e4e340e5db171d5ea2	TRANSFER
services/Diten.SupplyChainService/src/Diten.SupplyChainService.Infrastructure/Features/Claims/ClaimPermissionAttribute.cs	ec760a90498dac831af42fc85442931d0f8e7fa0a0fa09129690c85bc5682934	ABSENT	ec760a90498dac831af42fc85442931d0f8e7fa0a0fa09129690c85bc5682934	TRANSFER
services/Diten.SupplyChainService/src/Diten.SupplyChainService.Infrastructure/Features/Claims/ClaimPermissions.cs	03c697514d502b8797b8a7fd5622e3d1547db159213c7a60f2e806e391aff4ce	ABSENT	03c697514d502b8797b8a7fd5622e3d1547db159213c7a60f2e806e391aff4ce	TRANSFER
services/Diten.SupplyChainService/src/Diten.SupplyChainService.Infrastructure/Features/Claims/ClaimReferenceReader.cs	3529fa558ea124681495366765e9671bfb9f8157e78250b3eaeef90df71e7670	ABSENT	3529fa558ea124681495366765e9671bfb9f8157e78250b3eaeef90df71e7670	TRANSFER
services/Diten.SupplyChainService/src/Diten.SupplyChainService.Infrastructure/Features/Loads/LoadPermissionAttribute.cs	c0a202123fcedde23a9e2c1d5f468b02f99581baec825b6b372bd637a849a179	ABSENT	c0a202123fcedde23a9e2c1d5f468b02f99581baec825b6b372bd637a849a179	TRANSFER
services/Diten.SupplyChainService/src/Diten.SupplyChainService.Infrastructure/Features/Loads/LoadPermissions.cs	457dcbb59e1a7d17a7880d81ae6ed75b7f361617364aa95f187b186905348fcb	ABSENT	457dcbb59e1a7d17a7880d81ae6ed75b7f361617364aa95f187b186905348fcb	TRANSFER
services/Diten.SupplyChainService/src/Diten.SupplyChainService.Infrastructure/Features/Loads/LoadReferenceReader.cs	9761a06c6423b3f6666b00aab7cdc09d9d1628267a16994f0fbfab5c165ff043	ABSENT	9761a06c6423b3f6666b00aab7cdc09d9d1628267a16994f0fbfab5c165ff043	TRANSFER
services/Diten.SupplyChainService/src/Diten.SupplyChainService.Infrastructure/Features/Returns/ReturnPermissionAttribute.cs	bdb399f9126b38c3dfd50b8148414ec55d88c252b4ef2e757e60a50d25eb015d	ABSENT	bdb399f9126b38c3dfd50b8148414ec55d88c252b4ef2e757e60a50d25eb015d	TRANSFER
services/Diten.SupplyChainService/src/Diten.SupplyChainService.Infrastructure/Features/Returns/ReturnPermissions.cs	9c3f64ed87e178695809e1932c2d0d32226a902a7d25181f4c2b6639ff6a05a6	ABSENT	9c3f64ed87e178695809e1932c2d0d32226a902a7d25181f4c2b6639ff6a05a6	TRANSFER
services/Diten.SupplyChainService/src/Diten.SupplyChainService.Infrastructure/Features/Returns/ReturnReferenceReader.cs	eaa0aa73d1a2c6e296d57dbfc6ac278cef2081ec1a48cf6510f4b27c0dc2eea5	ABSENT	eaa0aa73d1a2c6e296d57dbfc6ac278cef2081ec1a48cf6510f4b27c0dc2eea5	TRANSFER
services/Diten.SupplyChainService/src/Diten.SupplyChainService.Infrastructure/Features/SandopPlans/DemandFixtureReader.cs	ffb719c08d2373a7ad0751b31e535a9cef978b8e490a6b712011e10c902d8fcc	ABSENT	ffb719c08d2373a7ad0751b31e535a9cef978b8e490a6b712011e10c902d8fcc	TRANSFER
services/Diten.SupplyChainService/src/Diten.SupplyChainService.Infrastructure/Features/SandopPlans/SandopPermissionAttribute.cs	d9eabf418fdded5d554444310dc27d21cddb14a767c362dcf1773bb66280626f	ABSENT	d9eabf418fdded5d554444310dc27d21cddb14a767c362dcf1773bb66280626f	TRANSFER
services/Diten.SupplyChainService/src/Diten.SupplyChainService.Infrastructure/Features/SandopPlans/SandopPermissions.cs	47eb6b515e51cc00b3db6689c8f7a9418f218587caf01440a86b96f08c10e0a8	ABSENT	47eb6b515e51cc00b3db6689c8f7a9418f218587caf01440a86b96f08c10e0a8	TRANSFER
services/Diten.SupplyChainService/src/Diten.SupplyChainService.Infrastructure/SourceIntake/FrozenReadSchema.cs	9cd82faa0dca83b13613f5d08d6344f262704a56d2269f5c8103efcf60175a1c	9cd82faa0dca83b13613f5d08d6344f262704a56d2269f5c8103efcf60175a1c	9cd82faa0dca83b13613f5d08d6344f262704a56d2269f5c8103efcf60175a1c	PRESERVE_IDENTICAL
services/Diten.SupplyChainService/src/Diten.SupplyChainService.Infrastructure/SourceIntake/ReadOnlySourceClients.cs	080e8ded77d2fbc0c279c03140fecb04f6a83cdf047454fec2dd05a19acb2bbb	080e8ded77d2fbc0c279c03140fecb04f6a83cdf047454fec2dd05a19acb2bbb	080e8ded77d2fbc0c279c03140fecb04f6a83cdf047454fec2dd05a19acb2bbb	PRESERVE_IDENTICAL
services/Diten.SupplyChainService/src/Diten.SupplyChainService.Persistence/DependencyInjection.cs	ac0b00e29ca40fea365794fbdc41ee9e27b4fff6a9f10a869f33ebabb8bac0dd	ac0b00e29ca40fea365794fbdc41ee9e27b4fff6a9f10a869f33ebabb8bac0dd	ac0b00e29ca40fea365794fbdc41ee9e27b4fff6a9f10a869f33ebabb8bac0dd	PRESERVE_IDENTICAL
services/Diten.SupplyChainService/src/Diten.SupplyChainService.Persistence/Diten.SupplyChainService.Persistence.csproj	97f68ac32c8336d0467d7bc2028b0b0c38a031c22640b8e2df6ba864182f6c11	97f68ac32c8336d0467d7bc2028b0b0c38a031c22640b8e2df6ba864182f6c11	97f68ac32c8336d0467d7bc2028b0b0c38a031c22640b8e2df6ba864182f6c11	PRESERVE_IDENTICAL
services/Diten.SupplyChainService/src/Diten.SupplyChainService.Persistence/Features/CapacityPlans/CapacityLeaseStore.cs	d6f932b5fcfcbadbb44b65ccac0cbccc1f1fb0e8c576b333c186a735a524902a	ABSENT	d6f932b5fcfcbadbb44b65ccac0cbccc1f1fb0e8c576b333c186a735a524902a	TRANSFER
services/Diten.SupplyChainService/src/Diten.SupplyChainService.Persistence/Features/CapacityPlans/CapacityPersistenceRegistration.cs	4df27804b709b32dea9a7f0717bd997d645015df2064d999db11939aa4d771d6	ABSENT	4df27804b709b32dea9a7f0717bd997d645015df2064d999db11939aa4d771d6	TRANSFER
services/Diten.SupplyChainService/src/Diten.SupplyChainService.Persistence/Features/CapacityPlans/CapacityRepository.cs	6bf026d3bfaeddf37ff4e461efedfa977a07765a413d5f363fcbdc80edfe0364	ABSENT	6bf026d3bfaeddf37ff4e461efedfa977a07765a413d5f363fcbdc80edfe0364	TRANSFER
services/Diten.SupplyChainService/src/Diten.SupplyChainService.Persistence/Features/CapacityPlans/CapacitySchema.cs	ac704148cff99a8015ba3e8337ad7c05daf319d4f39eb18e571b09a7c0fc0ed7	ABSENT	ac704148cff99a8015ba3e8337ad7c05daf319d4f39eb18e571b09a7c0fc0ed7	TRANSFER
services/Diten.SupplyChainService/src/Diten.SupplyChainService.Persistence/Features/Carriers/CarrierPersistenceRegistration.cs	908333b6511990061695d3342bd948b10ffdb7dae7a4bbb63ecc8e8a7b479c48	ABSENT	908333b6511990061695d3342bd948b10ffdb7dae7a4bbb63ecc8e8a7b479c48	TRANSFER
services/Diten.SupplyChainService/src/Diten.SupplyChainService.Persistence/Features/Carriers/CarrierRepository.cs	2c8ae26d2350be62506de78c3df3ff11f68d7ad44921ef19ba9217cffcd81e6d	ABSENT	2c8ae26d2350be62506de78c3df3ff11f68d7ad44921ef19ba9217cffcd81e6d	TRANSFER
services/Diten.SupplyChainService/src/Diten.SupplyChainService.Persistence/Features/Carriers/CarrierSchema.cs	e7b5eaad20dc15cc7310aec7af0dd36e38cad44e1d9ad419555f9aad3a3de265	ABSENT	e7b5eaad20dc15cc7310aec7af0dd36e38cad44e1d9ad419555f9aad3a3de265	TRANSFER
services/Diten.SupplyChainService/src/Diten.SupplyChainService.Persistence/Features/Carriers/ICarrierCommitProbe.cs	ea47440a8372ce557787379bd703ea02c8af72c40c718aa43d91e35de58bd3d7	ABSENT	ea47440a8372ce557787379bd703ea02c8af72c40c718aa43d91e35de58bd3d7	TRANSFER
services/Diten.SupplyChainService/src/Diten.SupplyChainService.Persistence/Features/Carriers/NoOpCarrierCommitProbe.cs	be907d9c81f120109fbd42574f7875c43abcccbccd13366e390d820a1a87416a	ABSENT	be907d9c81f120109fbd42574f7875c43abcccbccd13366e390d820a1a87416a	TRANSFER
services/Diten.SupplyChainService/src/Diten.SupplyChainService.Persistence/Features/Claims/ClaimOutboxStore.cs	7e66de1bcd0fca817cd157a310e96042ab8fc0a43c30fb903d2644c81bb12eea	ABSENT	7e66de1bcd0fca817cd157a310e96042ab8fc0a43c30fb903d2644c81bb12eea	TRANSFER
services/Diten.SupplyChainService/src/Diten.SupplyChainService.Persistence/Features/Claims/ClaimPersistenceRegistration.cs	0361088e461cfac00ecf3b34b39ee311a9e58f0b82d51327b82f44ae196752de	ABSENT	0361088e461cfac00ecf3b34b39ee311a9e58f0b82d51327b82f44ae196752de	TRANSFER
services/Diten.SupplyChainService/src/Diten.SupplyChainService.Persistence/Features/Claims/ClaimRepository.cs	bc4271597ebc10a2321d664fea76b3f50c1f4eae1497b664c3515cef1a19989e	ABSENT	bc4271597ebc10a2321d664fea76b3f50c1f4eae1497b664c3515cef1a19989e	TRANSFER
services/Diten.SupplyChainService/src/Diten.SupplyChainService.Persistence/Features/Claims/ClaimSchema.cs	e1107b5d70c4c458264e5dbd6ce6b8389468c49654e2e5c2c254b53ce95ec0f4	ABSENT	e1107b5d70c4c458264e5dbd6ce6b8389468c49654e2e5c2c254b53ce95ec0f4	TRANSFER
services/Diten.SupplyChainService/src/Diten.SupplyChainService.Persistence/Features/Claims/IClaimCommitProbe.cs	71cf0ae5d7fc65be462905b79ea5355539568f26485cf3c13f1de57042417bf0	ABSENT	71cf0ae5d7fc65be462905b79ea5355539568f26485cf3c13f1de57042417bf0	TRANSFER
services/Diten.SupplyChainService/src/Diten.SupplyChainService.Persistence/Features/Claims/NoOpClaimCommitProbe.cs	4082bb189256e6bffbec4440913f4fd2544ed79ce88252324cd86007d069a222	ABSENT	4082bb189256e6bffbec4440913f4fd2544ed79ce88252324cd86007d069a222	TRANSFER
services/Diten.SupplyChainService/src/Diten.SupplyChainService.Persistence/Features/Loads/ILoadCommitProbe.cs	b3305b8b99396d2f001eee59d232a6687f7d7a7b0e529f6d4932ebfe7066960c	ABSENT	b3305b8b99396d2f001eee59d232a6687f7d7a7b0e529f6d4932ebfe7066960c	TRANSFER
services/Diten.SupplyChainService/src/Diten.SupplyChainService.Persistence/Features/Loads/LoadOutboxStore.cs	b57853776550ca586e3357c5a8c30e5e38896371cfb44eadebeeca214ff7f827	ABSENT	b57853776550ca586e3357c5a8c30e5e38896371cfb44eadebeeca214ff7f827	TRANSFER
services/Diten.SupplyChainService/src/Diten.SupplyChainService.Persistence/Features/Loads/LoadPersistenceRegistration.cs	bcdc47029928870eac686b85f5dd3dfe9565803da66ce49712ea5853014a19b7	ABSENT	bcdc47029928870eac686b85f5dd3dfe9565803da66ce49712ea5853014a19b7	TRANSFER
services/Diten.SupplyChainService/src/Diten.SupplyChainService.Persistence/Features/Loads/LoadRepository.cs	1f50f47a45d5e498858b31593adf27d556c1aa58cef0c62bc347b11acdfe8637	ABSENT	1f50f47a45d5e498858b31593adf27d556c1aa58cef0c62bc347b11acdfe8637	TRANSFER
services/Diten.SupplyChainService/src/Diten.SupplyChainService.Persistence/Features/Loads/LoadSchema.cs	910c01f1d20ac9cc9623ca5480d12a1407b57c770aacad3a83949b68aecd31e5	ABSENT	910c01f1d20ac9cc9623ca5480d12a1407b57c770aacad3a83949b68aecd31e5	TRANSFER
services/Diten.SupplyChainService/src/Diten.SupplyChainService.Persistence/Features/Loads/NoOpLoadCommitProbe.cs	03659cab45f66f223d21f2cfd520c456085d30a1b1ca5da839b2b4c4d113e1e2	ABSENT	03659cab45f66f223d21f2cfd520c456085d30a1b1ca5da839b2b4c4d113e1e2	TRANSFER
services/Diten.SupplyChainService/src/Diten.SupplyChainService.Persistence/Features/Returns/IReturnCommitProbe.cs	400126d48ec925c76d8b9b2373e1b3c5ab6259f74e667134a8370c6ee6e5da58	ABSENT	400126d48ec925c76d8b9b2373e1b3c5ab6259f74e667134a8370c6ee6e5da58	TRANSFER
services/Diten.SupplyChainService/src/Diten.SupplyChainService.Persistence/Features/Returns/NoOpReturnCommitProbe.cs	0929047e7ec46c7c7c95d946ac80c767046fcc284341a9898245ae2d944d8280	ABSENT	0929047e7ec46c7c7c95d946ac80c767046fcc284341a9898245ae2d944d8280	TRANSFER
services/Diten.SupplyChainService/src/Diten.SupplyChainService.Persistence/Features/Returns/ReturnOutboxStore.cs	8cb86e597c572d943de1d57afb4c3cccd70a9f07c1f917f71a06890a9e457fcb	ABSENT	8cb86e597c572d943de1d57afb4c3cccd70a9f07c1f917f71a06890a9e457fcb	TRANSFER
services/Diten.SupplyChainService/src/Diten.SupplyChainService.Persistence/Features/Returns/ReturnPersistenceRegistration.cs	527544c6864e9bdb6cfd87f154b9301a0e53e1c21912e2d759550ada31353bb7	ABSENT	527544c6864e9bdb6cfd87f154b9301a0e53e1c21912e2d759550ada31353bb7	TRANSFER
services/Diten.SupplyChainService/src/Diten.SupplyChainService.Persistence/Features/Returns/ReturnRepository.cs	7e0c0f460a22a70fffd796a9b626aac83dd578830421e3521e5a439997354108	ABSENT	7e0c0f460a22a70fffd796a9b626aac83dd578830421e3521e5a439997354108	TRANSFER
services/Diten.SupplyChainService/src/Diten.SupplyChainService.Persistence/Features/Returns/ReturnSchema.cs	bff3c6c1425f7e78430782591580de83d152847248d83856e071a8b9d8205a9a	ABSENT	bff3c6c1425f7e78430782591580de83d152847248d83856e071a8b9d8205a9a	TRANSFER
services/Diten.SupplyChainService/src/Diten.SupplyChainService.Persistence/Features/SandopPlans/SandopPersistenceRegistration.cs	0e74fec0687634d94c61e7c2965f495545b716f446f42fc6c45f1e1bf590961a	ABSENT	0e74fec0687634d94c61e7c2965f495545b716f446f42fc6c45f1e1bf590961a	TRANSFER
services/Diten.SupplyChainService/src/Diten.SupplyChainService.Persistence/Features/SandopPlans/SandopRepository.cs	610c864a149fe756616c27f59ff6748c0ef6f4b38b3a122c0ea533edadc25676	ABSENT	610c864a149fe756616c27f59ff6748c0ef6f4b38b3a122c0ea533edadc25676	TRANSFER
services/Diten.SupplyChainService/src/Diten.SupplyChainService.Persistence/Features/SandopPlans/SandopSchema.cs	49f87409f29534c835a2aed82e349a22ba383bf5ef9ae4c4a3c17cbc0ae90bad	ABSENT	49f87409f29534c835a2aed82e349a22ba383bf5ef9ae4c4a3c17cbc0ae90bad	TRANSFER
services/Diten.SupplyChainService/src/Diten.SupplyChainService.Persistence/Features/Shipments/IShipmentCommitProbe.cs	9a0d3f76497df9e792ef8d7a77abe5e1d268fcc9cf600c00183b4cc41efbb6d0	9a0d3f76497df9e792ef8d7a77abe5e1d268fcc9cf600c00183b4cc41efbb6d0	9a0d3f76497df9e792ef8d7a77abe5e1d268fcc9cf600c00183b4cc41efbb6d0	PRESERVE_IDENTICAL
services/Diten.SupplyChainService/src/Diten.SupplyChainService.Persistence/Features/Shipments/NoOpShipmentCommitProbe.cs	142442b288870f9691e342606513ff511b077f0e8bfa2b30a83f239faad8d521	142442b288870f9691e342606513ff511b077f0e8bfa2b30a83f239faad8d521	142442b288870f9691e342606513ff511b077f0e8bfa2b30a83f239faad8d521	PRESERVE_IDENTICAL
services/Diten.SupplyChainService/src/Diten.SupplyChainService.Persistence/Features/Shipments/ShipmentDetailMaterializer.cs	832bc229cd6be609d6bea9fbff103f15dbd475901a93f56fcaae922641a8985d	832bc229cd6be609d6bea9fbff103f15dbd475901a93f56fcaae922641a8985d	832bc229cd6be609d6bea9fbff103f15dbd475901a93f56fcaae922641a8985d	PRESERVE_IDENTICAL
services/Diten.SupplyChainService/src/Diten.SupplyChainService.Persistence/Features/Shipments/ShipmentOutboxStore.cs	6ca3231614b59652273c1a9dfe2b5527dc308249dcde81c024361e08d628c831	6ca3231614b59652273c1a9dfe2b5527dc308249dcde81c024361e08d628c831	6ca3231614b59652273c1a9dfe2b5527dc308249dcde81c024361e08d628c831	PRESERVE_IDENTICAL
services/Diten.SupplyChainService/src/Diten.SupplyChainService.Persistence/Features/Shipments/ShipmentRepository.cs	51a79d9c9f809782e8ec41d06ef559385b84b0b928561469fba76c48847e5d7b	51a79d9c9f809782e8ec41d06ef559385b84b0b928561469fba76c48847e5d7b	51a79d9c9f809782e8ec41d06ef559385b84b0b928561469fba76c48847e5d7b	PRESERVE_IDENTICAL
services/Diten.SupplyChainService/src/Diten.SupplyChainService.Persistence/Features/Shipments/SourceIntakeStore.cs	c1294f5b43fed2253bebb2bca47150ac8bb059ee3076dc7019fc34b6a82bbe83	c1294f5b43fed2253bebb2bca47150ac8bb059ee3076dc7019fc34b6a82bbe83	c1294f5b43fed2253bebb2bca47150ac8bb059ee3076dc7019fc34b6a82bbe83	PRESERVE_IDENTICAL
services/Diten.SupplyChainService/src/Diten.SupplyChainService.Persistence/ShipmentSchema.cs	df9fe448332d79820d3149344f78d6ddd14247a5f0dc9ec8132ca0f596584549	df9fe448332d79820d3149344f78d6ddd14247a5f0dc9ec8132ca0f596584549	df9fe448332d79820d3149344f78d6ddd14247a5f0dc9ec8132ca0f596584549	PRESERVE_IDENTICAL
services/Diten.SupplyChainService/tests/Diten.SupplyChainService.Tests/CapacityPlans/CapacityAtomicityTests.cs	2c133ac1b6b431db074b0054b0337bbc3957fce5869c7aca9291454a53681c43	ABSENT	2c133ac1b6b431db074b0054b0337bbc3957fce5869c7aca9291454a53681c43	TRANSFER
services/Diten.SupplyChainService/tests/Diten.SupplyChainService.Tests/CapacityPlans/CapacityConcurrencyTests.cs	45329002c8e54ae225081152104116e204e878e1df77267ba6be9c1e1422d514	ABSENT	45329002c8e54ae225081152104116e204e878e1df77267ba6be9c1e1422d514	TRANSFER
services/Diten.SupplyChainService/tests/Diten.SupplyChainService.Tests/CapacityPlans/CapacityContractTests.cs	4d57bf51d9d299b02037db0494e3f339e3c1558c2edd59b7a0f04cd578fa52cf	ABSENT	4d57bf51d9d299b02037db0494e3f339e3c1558c2edd59b7a0f04cd578fa52cf	TRANSFER
services/Diten.SupplyChainService/tests/Diten.SupplyChainService.Tests/CapacityPlans/CapacityIsolationTests.cs	a6695bfa982286265ade5b7cdcba0d2797286d56d9aa2f665a46c3c14ec3f4bc	ABSENT	a6695bfa982286265ade5b7cdcba0d2797286d56d9aa2f665a46c3c14ec3f4bc	TRANSFER
services/Diten.SupplyChainService/tests/Diten.SupplyChainService.Tests/CapacityPlans/CapacityLeaseTests.cs	ae2f4932e89d3c38be369509dbe27838813c33176437316b5c9313dca1257071	ABSENT	ae2f4932e89d3c38be369509dbe27838813c33176437316b5c9313dca1257071	TRANSFER
services/Diten.SupplyChainService/tests/Diten.SupplyChainService.Tests/CapacityPlans/CapacityLifecycleTests.cs	f63c37279fc1011ff60ac86bfb2080619c01f1ca68ff178e32abec74f1d8bfcc	ABSENT	f63c37279fc1011ff60ac86bfb2080619c01f1ca68ff178e32abec74f1d8bfcc	TRANSFER
services/Diten.SupplyChainService/tests/Diten.SupplyChainService.Tests/CapacityPlans/CapacityReplayTests.cs	89f5fc5a0555de770f639f0d743badbfdfae9058fb258236adc2ca75f94d8cbd	ABSENT	89f5fc5a0555de770f639f0d743badbfdfae9058fb258236adc2ca75f94d8cbd	TRANSFER
services/Diten.SupplyChainService/tests/Diten.SupplyChainService.Tests/CapacityPlans/CapacityRestartTests.cs	81f58dd4482c35d15a672d5f30ef7b85dfc565522ca78c07ae636c6d5bda8228	ABSENT	81f58dd4482c35d15a672d5f30ef7b85dfc565522ca78c07ae636c6d5bda8228	TRANSFER
services/Diten.SupplyChainService/tests/Diten.SupplyChainService.Tests/Carriers/CarrierContractTests.cs	9bad4d542805d1f479a2dcd5d4a82e1d0b88447dcc9ed226628f61c1e65ade23	ABSENT	9bad4d542805d1f479a2dcd5d4a82e1d0b88447dcc9ed226628f61c1e65ade23	TRANSFER
services/Diten.SupplyChainService/tests/Diten.SupplyChainService.Tests/Claims/ClaimAmountTests.cs	dfd4e72ef6900997f41f7a6e7fcbdbb3bad2155737e73985e5b40dfe9f28d971	ABSENT	dfd4e72ef6900997f41f7a6e7fcbdbb3bad2155737e73985e5b40dfe9f28d971	TRANSFER
services/Diten.SupplyChainService/tests/Diten.SupplyChainService.Tests/Claims/ClaimAtomicityTests.cs	bc72742fcb7e1b15ee4d3cf129669ba27de5778672c8cd08cbfe5d3f39f0f0de	ABSENT	bc72742fcb7e1b15ee4d3cf129669ba27de5778672c8cd08cbfe5d3f39f0f0de	TRANSFER
services/Diten.SupplyChainService/tests/Diten.SupplyChainService.Tests/Claims/ClaimConcurrencyTests.cs	69c9fd8b2f19e1046be805701e61186a53be99035c9524530ed0b3e81f2da37d	ABSENT	69c9fd8b2f19e1046be805701e61186a53be99035c9524530ed0b3e81f2da37d	TRANSFER
services/Diten.SupplyChainService/tests/Diten.SupplyChainService.Tests/Claims/ClaimContractTests.cs	7950b0280038b651f19844c6ae2d2edef22c5b15e88d12ce546b5f7219e46892	ABSENT	7950b0280038b651f19844c6ae2d2edef22c5b15e88d12ce546b5f7219e46892	TRANSFER
services/Diten.SupplyChainService/tests/Diten.SupplyChainService.Tests/Claims/ClaimIsolationTests.cs	d112497ded68afd4226e223948589820393fd2ab7037d478001c1aa8f11b8def	ABSENT	d112497ded68afd4226e223948589820393fd2ab7037d478001c1aa8f11b8def	TRANSFER
services/Diten.SupplyChainService/tests/Diten.SupplyChainService.Tests/Claims/ClaimLifecycleTests.cs	56eb72c0e4ece4b4549a3c8e6364582a15aa0860316f9528508a3e0167b07c57	ABSENT	56eb72c0e4ece4b4549a3c8e6364582a15aa0860316f9528508a3e0167b07c57	TRANSFER
services/Diten.SupplyChainService/tests/Diten.SupplyChainService.Tests/Claims/ClaimOutboxTests.cs	c0930491e3b751dff4373941cc0532d624301841e29c2e623eb0a5025c3c70e9	ABSENT	c0930491e3b751dff4373941cc0532d624301841e29c2e623eb0a5025c3c70e9	TRANSFER
services/Diten.SupplyChainService/tests/Diten.SupplyChainService.Tests/Claims/ClaimPermissionTests.cs	9ec68b2d2684ab43b1657af0df26a84c037095d5fe6fa065770b08d340ab5edc	ABSENT	9ec68b2d2684ab43b1657af0df26a84c037095d5fe6fa065770b08d340ab5edc	TRANSFER
services/Diten.SupplyChainService/tests/Diten.SupplyChainService.Tests/Claims/ClaimReferenceTests.cs	e03360a93509e1a8f9a1610c00aa719b8403136808911062aced7d876a46adf8	ABSENT	e03360a93509e1a8f9a1610c00aa719b8403136808911062aced7d876a46adf8	TRANSFER
services/Diten.SupplyChainService/tests/Diten.SupplyChainService.Tests/Claims/ClaimReplayTests.cs	f1c0916cfddebffe702de0d5490bd08c493eea364b6521e6a640eeef55662420	ABSENT	f1c0916cfddebffe702de0d5490bd08c493eea364b6521e6a640eeef55662420	TRANSFER
services/Diten.SupplyChainService/tests/Diten.SupplyChainService.Tests/Diten.SupplyChainService.Tests.csproj	90457f887b527421ed544285b3c4113bc412bf159c90432c6a3a9328aac698a3	90457f887b527421ed544285b3c4113bc412bf159c90432c6a3a9328aac698a3	90457f887b527421ed544285b3c4113bc412bf159c90432c6a3a9328aac698a3	PRESERVE_IDENTICAL
services/Diten.SupplyChainService/tests/Diten.SupplyChainService.Tests/Loads/LoadAtomicityTests.cs	38f82163deb50fc385950fc18354cf63d25c3186e934342bdd141b61377da54b	ABSENT	38f82163deb50fc385950fc18354cf63d25c3186e934342bdd141b61377da54b	TRANSFER
services/Diten.SupplyChainService/tests/Diten.SupplyChainService.Tests/Loads/LoadConcurrencyTests.cs	7d1e058f737ee556e5edb8a0b4dc255bca157419d47b936e826655d0e6c742c0	ABSENT	7d1e058f737ee556e5edb8a0b4dc255bca157419d47b936e826655d0e6c742c0	TRANSFER
services/Diten.SupplyChainService/tests/Diten.SupplyChainService.Tests/Loads/LoadContractTests.cs	01bf7087461b3b3fb5502ca5ddf268248e45b2e59c4e9151035b81d022bd7d0c	ABSENT	01bf7087461b3b3fb5502ca5ddf268248e45b2e59c4e9151035b81d022bd7d0c	TRANSFER
services/Diten.SupplyChainService/tests/Diten.SupplyChainService.Tests/Loads/LoadIsolationTests.cs	86bda1874580722103b6224a5ecbc7b45eb6e58da830f5c34ba5885698778fc9	ABSENT	86bda1874580722103b6224a5ecbc7b45eb6e58da830f5c34ba5885698778fc9	TRANSFER
services/Diten.SupplyChainService/tests/Diten.SupplyChainService.Tests/Loads/LoadLifecycleTests.cs	62578700235ecd94d802145af5fac333bc163917633f44a5ff0f1f1a6b62488a	ABSENT	62578700235ecd94d802145af5fac333bc163917633f44a5ff0f1f1a6b62488a	TRANSFER
services/Diten.SupplyChainService/tests/Diten.SupplyChainService.Tests/Loads/LoadReferenceTests.cs	95359ff40beee9b713e313d37aae454255c4de5fe272d478937bf6f8e28e9525	ABSENT	95359ff40beee9b713e313d37aae454255c4de5fe272d478937bf6f8e28e9525	TRANSFER
services/Diten.SupplyChainService/tests/Diten.SupplyChainService.Tests/Loads/LoadReplayTests.cs	339cfa25f19233aa8aa299729e983c36969e9a2d52f2a3151c54ce69046d3a80	ABSENT	339cfa25f19233aa8aa299729e983c36969e9a2d52f2a3151c54ce69046d3a80	TRANSFER
services/Diten.SupplyChainService/tests/Diten.SupplyChainService.Tests/Returns/ReturnAtomicityTests.cs	fd7d9739a228b2112c771825bca2c9d8e96fa7f5086c30e7987ad1d912a8fcf4	ABSENT	fd7d9739a228b2112c771825bca2c9d8e96fa7f5086c30e7987ad1d912a8fcf4	TRANSFER
services/Diten.SupplyChainService/tests/Diten.SupplyChainService.Tests/Returns/ReturnConcurrencyTests.cs	a88ca330f191eb3bea94c1cf60e10552aca2f3ea4d09045af2536f2dabd9bc0b	ABSENT	a88ca330f191eb3bea94c1cf60e10552aca2f3ea4d09045af2536f2dabd9bc0b	TRANSFER
services/Diten.SupplyChainService/tests/Diten.SupplyChainService.Tests/Returns/ReturnContractTests.cs	54a8028a5009fc556c9f1a038b0da40fead01ad09cecd90dca0a56c8edcbd9da	ABSENT	54a8028a5009fc556c9f1a038b0da40fead01ad09cecd90dca0a56c8edcbd9da	TRANSFER
services/Diten.SupplyChainService/tests/Diten.SupplyChainService.Tests/Returns/ReturnIsolationTests.cs	6c7894e68090d6bed837ca1b6bf7365b49fc3e19fef5e9c61546c4cc65e46be1	ABSENT	6c7894e68090d6bed837ca1b6bf7365b49fc3e19fef5e9c61546c4cc65e46be1	TRANSFER
services/Diten.SupplyChainService/tests/Diten.SupplyChainService.Tests/Returns/ReturnLifecycleTests.cs	79c800a5c177645e4fdbef599f03abbb608ad09b79a9619b42f1bc11635500b2	ABSENT	79c800a5c177645e4fdbef599f03abbb608ad09b79a9619b42f1bc11635500b2	TRANSFER
services/Diten.SupplyChainService/tests/Diten.SupplyChainService.Tests/Returns/ReturnReferenceTests.cs	c36c462153aadaa3774af592be3a3d9905287a0b1c388a67c718fd594c33f7c7	ABSENT	c36c462153aadaa3774af592be3a3d9905287a0b1c388a67c718fd594c33f7c7	TRANSFER
services/Diten.SupplyChainService/tests/Diten.SupplyChainService.Tests/Returns/ReturnReplayTests.cs	df01bbec41c434a39612f7db7f5c5aa2630e1ffc283dd03faa7c83bdc2a07ebe	ABSENT	df01bbec41c434a39612f7db7f5c5aa2630e1ffc283dd03faa7c83bdc2a07ebe	TRANSFER
services/Diten.SupplyChainService/tests/Diten.SupplyChainService.Tests/SandopPlans/SandopAtomicityTests.cs	eba2da6f47a4935b61857a95534b3d1697635910190e3838494d96d956af7f43	ABSENT	eba2da6f47a4935b61857a95534b3d1697635910190e3838494d96d956af7f43	TRANSFER
services/Diten.SupplyChainService/tests/Diten.SupplyChainService.Tests/SandopPlans/SandopConcurrencyTests.cs	b002b30f37249ae64ea3e3cabef2cf2e4ba42688113d3571639c3d495ec9e24e	ABSENT	b002b30f37249ae64ea3e3cabef2cf2e4ba42688113d3571639c3d495ec9e24e	TRANSFER
services/Diten.SupplyChainService/tests/Diten.SupplyChainService.Tests/SandopPlans/SandopContractTests.cs	00cdd63fafaa5502221816209bf6f3a4dc4d872dff2dc100ef46ab4649b71ea2	ABSENT	00cdd63fafaa5502221816209bf6f3a4dc4d872dff2dc100ef46ab4649b71ea2	TRANSFER
services/Diten.SupplyChainService/tests/Diten.SupplyChainService.Tests/SandopPlans/SandopIsolationTests.cs	a3e617663609087e553d8564400cbe9458a52b91cfc5f392b7a3a3e83ff6d47b	ABSENT	a3e617663609087e553d8564400cbe9458a52b91cfc5f392b7a3a3e83ff6d47b	TRANSFER
services/Diten.SupplyChainService/tests/Diten.SupplyChainService.Tests/SandopPlans/SandopLifecycleTests.cs	ea19c6f973257730f001ed0215c0eb8fe5356797dc68e452d619e78a640df041	ABSENT	ea19c6f973257730f001ed0215c0eb8fe5356797dc68e452d619e78a640df041	TRANSFER
services/Diten.SupplyChainService/tests/Diten.SupplyChainService.Tests/SandopPlans/SandopReplayTests.cs	76e08631282416a9ceba8f8e67d91b6da0ddfcea4d19e3498f87ad3d0470849a	ABSENT	76e08631282416a9ceba8f8e67d91b6da0ddfcea4d19e3498f87ad3d0470849a	TRANSFER
services/Diten.SupplyChainService/tests/Diten.SupplyChainService.Tests/ShipmentRootHttpTests.cs	3f086517d67067fc7528501ed888adbe26293181257d396ed16360c191b2f3c0	3f086517d67067fc7528501ed888adbe26293181257d396ed16360c191b2f3c0	3f086517d67067fc7528501ed888adbe26293181257d396ed16360c191b2f3c0	PRESERVE_IDENTICAL
services/Diten.SupplyChainService/tests/Diten.SupplyChainService.Tests/ShipmentRootStorageTests.cs	e620323736547164351554a9a19804cc3fd083a8160470274168188f907e9518	e620323736547164351554a9a19804cc3fd083a8160470274168188f907e9518	e620323736547164351554a9a19804cc3fd083a8160470274168188f907e9518	PRESERVE_IDENTICAL
services/Diten.SupplyChainService/tests/Diten.SupplyChainService.Tests/ShipmentTests.cs	4399366cd95b5754f7115a067cadda221bb219fc39c0f1417b5589ae742f4bd5	4399366cd95b5754f7115a067cadda221bb219fc39c0f1417b5589ae742f4bd5	4399366cd95b5754f7115a067cadda221bb219fc39c0f1417b5589ae742f4bd5	PRESERVE_IDENTICAL
services/Diten.SupplyChainService/tests/Diten.SupplyChainService.Tests/ShipmentValidatorContractTests.cs	835a1738c87d67e1c9aabde0e0a5d459eba1523c92e4ac2b9055441ce8d370e9	835a1738c87d67e1c9aabde0e0a5d459eba1523c92e4ac2b9055441ce8d370e9	835a1738c87d67e1c9aabde0e0a5d459eba1523c92e4ac2b9055441ce8d370e9	PRESERVE_IDENTICAL
services/Diten.SupplyChainService/tests/Diten.SupplyChainService.Tests/SourceClientTests.cs	e04f0c220c558c826517fdd2ea36d875bd655e0febdb749862b90a280fbee6e0	e04f0c220c558c826517fdd2ea36d875bd655e0febdb749862b90a280fbee6e0	e04f0c220c558c826517fdd2ea36d875bd655e0febdb749862b90a280fbee6e0	PRESERVE_IDENTICAL
services/Diten.SupplyChainService/tests/Diten.SupplyChainService.Tests/SourceIntakeTests.cs	05bd1128e31a7598d615bd649f7d13f6c20303768e4127ef3f2737e766c977f9	05bd1128e31a7598d615bd649f7d13f6c20303768e4127ef3f2737e766c977f9	05bd1128e31a7598d615bd649f7d13f6c20303768e4127ef3f2737e766c977f9	PRESERVE_IDENTICAL
services/Diten.SupplyChainService/tests/carriers/restart_probe.py	8ff2674d5cc17c38b7349b0617523239e2502e4c4bb9622a393cac9d1d63f434	ABSENT	8ff2674d5cc17c38b7349b0617523239e2502e4c4bb9622a393cac9d1d63f434	TRANSFER
services/Diten.SupplyChainService/tests/carriers/runtime_probe.py	a9eabcb4259876ddac7fa0f4329ab8d309e291c7e4a53507bff9ecd822d43a06	ABSENT	a9eabcb4259876ddac7fa0f4329ab8d309e291c7e4a53507bff9ecd822d43a06	TRANSFER
services/Diten.SupplyChainService/tests/carriers/test_outage_capture.py	32036af47cc1247e10515f8e1e8cd8304a762086a2d55add259d2f143be26d0c	ABSENT	32036af47cc1247e10515f8e1e8cd8304a762086a2d55add259d2f143be26d0c	TRANSFER
services/Diten.SupplyChainService/tests/carriers/verify_evidence.py	b898437bc64fa0a4bc8d851ab28adbc34038feb9a0cdb159b8ea7a29089bbd9f	ABSENT	b898437bc64fa0a4bc8d851ab28adbc34038feb9a0cdb159b8ea7a29089bbd9f	TRANSFER
services/Diten.SupplyChainService/tests/claims/restart_probe.py	575c8fc19fc88c125d56710bc6e145219de6102b5c395af021b7827fda4aea57	ABSENT	575c8fc19fc88c125d56710bc6e145219de6102b5c395af021b7827fda4aea57	TRANSFER
services/Diten.SupplyChainService/tests/claims/runtime_probe.py	2f19fd5fe2887f49f231bacaf26e627f6d80e6fdc0a5f55a8d43fcf184597c47	ABSENT	2f19fd5fe2887f49f231bacaf26e627f6d80e6fdc0a5f55a8d43fcf184597c47	TRANSFER
services/Diten.SupplyChainService/tests/claims/verify_evidence.py	78af2a44f5b90650eeaa1c0acb23ab28047a46d713ceaf47b95cc1e43a37d5b5	ABSENT	78af2a44f5b90650eeaa1c0acb23ab28047a46d713ceaf47b95cc1e43a37d5b5	TRANSFER
services/Diten.SupplyChainService/tests/contract_regression_probe.py	3d16d2b2511577d1504fc7f7f04ccb80767e890c893196a0f501135e55f6f35e	3d16d2b2511577d1504fc7f7f04ccb80767e890c893196a0f501135e55f6f35e	3d16d2b2511577d1504fc7f7f04ccb80767e890c893196a0f501135e55f6f35e	PRESERVE_IDENTICAL
services/Diten.SupplyChainService/tests/loads/failure_probe.py	8f6cc448b3d54808e1fdb5f572575fab8c71e65dbfa1edaedeead6bf4ac75a63	ABSENT	8f6cc448b3d54808e1fdb5f572575fab8c71e65dbfa1edaedeead6bf4ac75a63	TRANSFER
services/Diten.SupplyChainService/tests/loads/restart_probe.py	296c150a7b426c1664aae5e5cb7e90614bf7fdb88de77f52a5a0165f58cd5dcf	ABSENT	296c150a7b426c1664aae5e5cb7e90614bf7fdb88de77f52a5a0165f58cd5dcf	TRANSFER
services/Diten.SupplyChainService/tests/loads/runtime_probe.py	e5ee0aed4e93cc340928bfb9e060a88c6feda0c7b538b5262a9c639c2080a4a6	ABSENT	e5ee0aed4e93cc340928bfb9e060a88c6feda0c7b538b5262a9c639c2080a4a6	TRANSFER
services/Diten.SupplyChainService/tests/loads/verify_evidence.py	bb1a8c9fff87a2d7b07a495741000b70878304a118783338838d8de1cccd73e2	ABSENT	bb1a8c9fff87a2d7b07a495741000b70878304a118783338838d8de1cccd73e2	TRANSFER
services/Diten.SupplyChainService/tests/returns/restart_probe.py	4127cd2bc01f1c178d1e23750dba623f1762e085ef1362e8b5a75b89d42bb360	ABSENT	4127cd2bc01f1c178d1e23750dba623f1762e085ef1362e8b5a75b89d42bb360	TRANSFER
services/Diten.SupplyChainService/tests/returns/runtime_probe.py	582d37e5701a456e2fa8b2477f54c925ed407793bbbb6e0637351141743d703f	ABSENT	582d37e5701a456e2fa8b2477f54c925ed407793bbbb6e0637351141743d703f	TRANSFER
services/Diten.SupplyChainService/tests/returns/verify_evidence.py	7906404545e0e48e85751f469b686650518a847afcd390e31f49e0926d2b1aa1	ABSENT	7906404545e0e48e85751f469b686650518a847afcd390e31f49e0926d2b1aa1	TRANSFER
services/Diten.SupplyChainService/tests/root_uptake/restart_probe.py	de14966a0e3c554601feab5d79ead2e3d2147b4809b3f63187ece0ba0f4f17ba	ABSENT	de14966a0e3c554601feab5d79ead2e3d2147b4809b3f63187ece0ba0f4f17ba	TRANSFER
services/Diten.SupplyChainService/tests/root_uptake/runtime_probe.py	fd6736871fb6a7c24a0ae37b41037027eb77ba808d48f417c1389aec5ccdf127	ABSENT	fd6736871fb6a7c24a0ae37b41037027eb77ba808d48f417c1389aec5ccdf127	TRANSFER
services/Diten.SupplyChainService/tests/root_uptake/verify_evidence.py	a74442421b1aa0e9b9755467f364778a7d222220c6ce96aba43c3b592a9476f8	ABSENT	a74442421b1aa0e9b9755467f364778a7d222220c6ce96aba43c3b592a9476f8	TRANSFER
services/Diten.SupplyChainService/tests/runtime_probe.py	5a4d88ec602faf93e8b06ada29b8b05da720a2ab5eaad086f90be0c28588d552	5a4d88ec602faf93e8b06ada29b8b05da720a2ab5eaad086f90be0c28588d552	5a4d88ec602faf93e8b06ada29b8b05da720a2ab5eaad086f90be0c28588d552	PRESERVE_IDENTICAL
services/Diten.SupplyChainService/tests/sent_body_probe.py	e390694644201c0d3e797d486d1abb015cdc4286d7bfbb09842af2cac8121e97	e390694644201c0d3e797d486d1abb015cdc4286d7bfbb09842af2cac8121e97	e390694644201c0d3e797d486d1abb015cdc4286d7bfbb09842af2cac8121e97	PRESERVE_IDENTICAL
services/Diten.SupplyChainService/tests/source_restart_probe.py	51c83e4f18fdb003a705c51ee3678b3ef7975c47bf8845d1807ec56fc5d3ceb8	51c83e4f18fdb003a705c51ee3678b3ef7975c47bf8845d1807ec56fc5d3ceb8	51c83e4f18fdb003a705c51ee3678b3ef7975c47bf8845d1807ec56fc5d3ceb8	PRESERVE_IDENTICAL
services/Diten.SupplyChainService/tests/startup_probe.py	1f9155d7a0cb11ef80972f7e0babc7f0944bd341ebfa2844c777b8ddfac13be5	1f9155d7a0cb11ef80972f7e0babc7f0944bd341ebfa2844c777b8ddfac13be5	1f9155d7a0cb11ef80972f7e0babc7f0944bd341ebfa2844c777b8ddfac13be5	PRESERVE_IDENTICAL
services/Diten.SupplyChainService/tests/test_runtime_capture.py	ea50dec116662f4b3458e14f1aa4e75d10fcbf9050d5ce9fd2b207e68986f473	ea50dec116662f4b3458e14f1aa4e75d10fcbf9050d5ce9fd2b207e68986f473	ea50dec116662f4b3458e14f1aa4e75d10fcbf9050d5ce9fd2b207e68986f473	PRESERVE_IDENTICAL
services/Diten.SupplyChainService/tests/verify_evidence.py	b05167a33a0ecacb21745e0e26fa5ae48b84b6da0490517f41e9c4d6b95bf1ef	b05167a33a0ecacb21745e0e26fa5ae48b84b6da0490517f41e9c4d6b95bf1ef	b05167a33a0ecacb21745e0e26fa5ae48b84b6da0490517f41e9c4d6b95bf1ef	PRESERVE_IDENTICAL
