dotnet watch 🔥 Hot reload enabled. For a list of supported edits, see https://aka.ms/dotnet/hot-reload.
dotnet watch 💡 Press Ctrl+R to restart.
dotnet watch 🔨 Building C:\Users\user\Desktop\ERP-vNext\services\Diten.Platform\src\Diten.Platform.API\Diten.Platform.API.csproj ...
dotnet watch 🔨 Build succeeded: C:\Users\user\Desktop\ERP-vNext\services\Diten.Platform\src\Diten.Platform.API\Diten.Platform.API.csproj
dotnet watch ⚠ C:\Users\user\Desktop\ERP-vNext\services\Diten.Platform\src\Diten.Platform.Infrastructure\Diten.Platform.Infrastructure.csproj : warning NU1902: Package 'MailKit' 4.8.0 has a known moderate severity vulnerability, https://github.com/advisories/GHSA-9j88-vvj5-vhgr [C:\Users\user\Desktop\ERP-vNext\services\Diten.Platform\src\Diten.Platform.API\Diten.Platform.API.csproj]
dotnet watch ⚠ C:\Users\user\Desktop\ERP-vNext\services\Diten.Platform\src\Diten.Platform.Infrastructure\Diten.Platform.Infrastructure.csproj : warning NU1902: Package 'MailKit' 4.8.0 has a known moderate severity vulnerability, https://github.com/advisories/GHSA-9j88-vvj5-vhgr
dotnet watch ⚠ C:\Users\user\Desktop\ERP-vNext\services\Diten.Platform\src\Diten.Platform.Infrastructure\Diten.Platform.Infrastructure.csproj : warning NU1902: Package 'MailKit' 4.8.0 has a known moderate severity vulnerability, https://github.com/advisories/GHSA-9j88-vvj5-vhgr [C:\Users\user\Desktop\ERP-vNext\services\Diten.Platform\src\Diten.Platform.API\Diten.Platform.API.csproj]
dotnet watch ⚠ C:\Users\user\Desktop\ERP-vNext\services\Diten.Platform\src\Diten.Platform.Infrastructure\Diten.Platform.Infrastructure.csproj : warning NU1902: Package 'MailKit' 4.8.0 has a known moderate severity vulnerability, https://github.com/advisories/GHSA-9j88-vvj5-vhgr
dotnet watch ⚠ msbuild: [Hata] Msbuild failed when processing the file 'C:\Users\user\Desktop\ERP-vNext\services\Diten.Platform\src\Diten.Platform.Infrastructure\Diten.Platform.Infrastructure.csproj' with message: Package 'MailKit' 4.8.0 has a known moderate severity vulnerability, https://github.com/advisories/GHSA-9j88-vvj5-vhgr
dotnet watch ⌚ File updated: C:\Users\user\Desktop\ERP-vNext\services\Diten.Platform\src\Diten.Platform.Infrastructure\Diten.Platform.Infrastructure.csproj
dotnet watch 🔥 Restart is needed to apply the changes.
dotnet watch ❌ error ENC1099: Changing project or package reference caused the identity of referenced assembly to change from 'MailKit, Version=4.8.0.0, Culture=neutral, PublicKeyToken=4e064fe7c44a8f1b' to 'MailKit, Version=4.16.0.0, Culture=neutral, PublicKeyToken=4e064fe7c44a8f1b', which requires restarting the application.
dotnet watch ❌ error ENC1099: Changing project or package reference caused the identity of referenced assembly to change from 'MimeKit, Version=4.8.0.0, Culture=neutral, PublicKeyToken=bede1c8a46c66814' to 'MimeKit, Version=4.16.0.0, Culture=neutral, PublicKeyToken=bede1c8a46c66814', which requires restarting the application.
dotnet watch ❌ error ENC1099: Changing project or package reference caused the identity of referenced assembly to change from 'MailKit, Version=4.8.0.0, Culture=neutral, PublicKeyToken=4e064fe7c44a8f1b' to 'MailKit, Version=4.16.0.0, Culture=neutral, PublicKeyToken=4e064fe7c44a8f1b', which requires restarting the application.
dotnet watch ❌ error ENC1099: Changing project or package reference caused the identity of referenced assembly to change from 'MimeKit, Version=4.8.0.0, Culture=neutral, PublicKeyToken=bede1c8a46c66814' to 'MimeKit, Version=4.16.0.0, Culture=neutral, PublicKeyToken=bede1c8a46c66814', which requires restarting the application.
dotnet watch ❌ [Diten.Platform.API (net8.0)] Exited with error code -1
dotnet watch ⏳ Waiting for a file to change before restarting ...
dotnet watch 🔨 Building C:\Users\user\Desktop\ERP-vNext\services\Diten.Platform\src\Diten.Platform.API\Diten.Platform.API.csproj ...
dotnet watch 🔨 Build succeeded: C:\Users\user\Desktop\ERP-vNext\services\Diten.Platform\src\Diten.Platform.API\Diten.Platform.API.csproj
dotnet watch ⚠ C:\Users\user\Desktop\ERP-vNext\services\Diten.Platform\src\Diten.Platform.Infrastructure\Persistence\Repositories\TenantDomainRepository.cs(47,23): warning CS0114: 'TenantDomainRepository.DeleteAsync(Guid, CancellationToken)' hides inherited member 'RepositoryBase<TenantDomain>.DeleteAsync(Guid, CancellationToken)'. To make the current member override that implementation, add the override keyword. Otherwise add the new keyword. [C:\Users\user\Desktop\ERP-vNext\services\Diten.Platform\src\Diten.Platform.Infrastructure\Diten.Platform.Infrastructure.csproj]
dotnet watch ⚠ C:\Users\user\Desktop\ERP-vNext\services\Diten.Platform\src\Diten.Platform.Infrastructure\BackgroundJobs\HangfireBackgroundJobScheduler.cs(71,13): warning CS0618: 'RecurringJobOptions.QueueName' is obsolete: 'Please use non-obsolete AddOrUpdate with the explicit `queue` parameter instead. Will be removed in 2.0.0.' [C:\Users\user\Desktop\ERP-vNext\services\Diten.Platform\src\Diten.Platform.Infrastructure\Diten.Platform.Infrastructure.csproj]
dotnet watch ⚠ C:\Users\user\Desktop\ERP-vNext\services\Diten.Platform\src\Diten.Platform.Infrastructure\DependencyInjection.cs(146,9): warning CS0618: 'MongoClientSettings.GuidRepresentation' is obsolete: 'Configure serializers instead.' [C:\Users\user\Desktop\ERP-vNext\services\Diten.Platform\src\Diten.Platform.Infrastructure\Diten.Platform.Infrastructure.csproj]
dotnet watch ⚠ C:\Users\user\Desktop\ERP-vNext\services\Diten.Platform\src\Diten.Platform.Infrastructure\Persistence\Repositories\TenantDomainRepository.cs(47,23): warning CS0114: 'TenantDomainRepository.DeleteAsync(Guid, CancellationToken)' hides inherited member 'RepositoryBase<TenantDomain>.DeleteAsync(Guid, CancellationToken)'. To make the current member override that implementation, add the override keyword. Otherwise add the new keyword. [C:\Users\user\Desktop\ERP-vNext\services\Diten.Platform\src\Diten.Platform.Infrastructure\Diten.Platform.Infrastructure.csproj]
dotnet watch ⚠ C:\Users\user\Desktop\ERP-vNext\services\Diten.Platform\src\Diten.Platform.Infrastructure\BackgroundJobs\HangfireBackgroundJobScheduler.cs(71,13): warning CS0618: 'RecurringJobOptions.QueueName' is obsolete: 'Please use non-obsolete AddOrUpdate with the explicit `queue` parameter instead. Will be removed in 2.0.0.' [C:\Users\user\Desktop\ERP-vNext\services\Diten.Platform\src\Diten.Platform.Infrastructure\Diten.Platform.Infrastructure.csproj]
dotnet watch ⚠ C:\Users\user\Desktop\ERP-vNext\services\Diten.Platform\src\Diten.Platform.Infrastructure\DependencyInjection.cs(146,9): warning CS0618: 'MongoClientSettings.GuidRepresentation' is obsolete: 'Configure serializers instead.' [C:\Users\user\Desktop\ERP-vNext\services\Diten.Platform\src\Diten.Platform.Infrastructure\Diten.Platform.Infrastructure.csproj]
dotnet watch ⌚ File updated: C:\Users\user\Desktop\ERP-vNext\services\Diten.Platform\src\Diten.Platform.Infrastructure\Services\Notifications\MessagingProviderErrorMapper.cs
dotnet watch ⌚ No C# changes to apply.
dotnet watch ⚠ C:\Users\user\Desktop\ERP-vNext\services\Diten.Platform\src\Diten.Platform.Infrastructure\Services\Notifications\MessagingProviderErrorMapper.cs(1,1): warning ENC1008: Changing source file 'C:\Users\user\Desktop\ERP-vNext\services\Diten.Platform\src\Diten.Platform.Infrastructure\Services\Notifications\MessagingProviderErrorMapper.cs' in a stale project has no effect until the project is rebuit.
dotnet watch ❌ [Diten.Platform.API (net8.0)] Exited with error code -1
dotnet watch ⏳ Waiting for a file to change before restarting ...
dotnet watch 🔨 Building C:\Users\user\Desktop\ERP-vNext\services\Diten.Platform\src\Diten.Platform.API\Diten.Platform.API.csproj ...
dotnet watch 🔨 Build succeeded: C:\Users\user\Desktop\ERP-vNext\services\Diten.Platform\src\Diten.Platform.API\Diten.Platform.API.csproj
dotnet watch ⚠ C:\Users\user\Desktop\ERP-vNext\services\Diten.Platform\src\Diten.Platform.Infrastructure\Persistence\Repositories\TenantDomainRepository.cs(47,23): warning CS0114: 'TenantDomainRepository.DeleteAsync(Guid, CancellationToken)' hides inherited member 'RepositoryBase<TenantDomain>.DeleteAsync(Guid, CancellationToken)'. To make the current member override that implementation, add the override keyword. Otherwise add the new keyword. [C:\Users\user\Desktop\ERP-vNext\services\Diten.Platform\src\Diten.Platform.Infrastructure\Diten.Platform.Infrastructure.csproj]
dotnet watch ⚠ C:\Users\user\Desktop\ERP-vNext\services\Diten.Platform\src\Diten.Platform.Infrastructure\BackgroundJobs\HangfireBackgroundJobScheduler.cs(71,13): warning CS0618: 'RecurringJobOptions.QueueName' is obsolete: 'Please use non-obsolete AddOrUpdate with the explicit `queue` parameter instead. Will be removed in 2.0.0.' [C:\Users\user\Desktop\ERP-vNext\services\Diten.Platform\src\Diten.Platform.Infrastructure\Diten.Platform.Infrastructure.csproj]
dotnet watch ⚠ C:\Users\user\Desktop\ERP-vNext\services\Diten.Platform\src\Diten.Platform.Infrastructure\DependencyInjection.cs(146,9): warning CS0618: 'MongoClientSettings.GuidRepresentation' is obsolete: 'Configure serializers instead.' [C:\Users\user\Desktop\ERP-vNext\services\Diten.Platform\src\Diten.Platform.Infrastructure\Diten.Platform.Infrastructure.csproj]
dotnet watch ⚠ C:\Users\user\Desktop\ERP-vNext\services\Diten.Platform\src\Diten.Platform.Infrastructure\Persistence\Repositories\TenantDomainRepository.cs(47,23): warning CS0114: 'TenantDomainRepository.DeleteAsync(Guid, CancellationToken)' hides inherited member 'RepositoryBase<TenantDomain>.DeleteAsync(Guid, CancellationToken)'. To make the current member override that implementation, add the override keyword. Otherwise add the new keyword. [C:\Users\user\Desktop\ERP-vNext\services\Diten.Platform\src\Diten.Platform.Infrastructure\Diten.Platform.Infrastructure.csproj]
dotnet watch ⚠ C:\Users\user\Desktop\ERP-vNext\services\Diten.Platform\src\Diten.Platform.Infrastructure\BackgroundJobs\HangfireBackgroundJobScheduler.cs(71,13): warning CS0618: 'RecurringJobOptions.QueueName' is obsolete: 'Please use non-obsolete AddOrUpdate with the explicit `queue` parameter instead. Will be removed in 2.0.0.' [C:\Users\user\Desktop\ERP-vNext\services\Diten.Platform\src\Diten.Platform.Infrastructure\Diten.Platform.Infrastructure.csproj]
dotnet watch ⚠ C:\Users\user\Desktop\ERP-vNext\services\Diten.Platform\src\Diten.Platform.Infrastructure\DependencyInjection.cs(146,9): warning CS0618: 'MongoClientSettings.GuidRepresentation' is obsolete: 'Configure serializers instead.' [C:\Users\user\Desktop\ERP-vNext\services\Diten.Platform\src\Diten.Platform.Infrastructure\Diten.Platform.Infrastructure.csproj]
dotnet watch ❌ [Diten.Platform.API (net8.0)] Exited with error code -1
dotnet watch ⏳ Waiting for a file to change before restarting ...
dotnet watch 🔨 Building C:\Users\user\Desktop\ERP-vNext\services\Diten.Platform\src\Diten.Platform.API\Diten.Platform.API.csproj ...
dotnet watch 🔨 Build succeeded: C:\Users\user\Desktop\ERP-vNext\services\Diten.Platform\src\Diten.Platform.API\Diten.Platform.API.csproj
dotnet watch ⚠ C:\Users\user\Desktop\ERP-vNext\services\Diten.Platform\src\Diten.Platform.Infrastructure\Persistence\Repositories\TenantDomainRepository.cs(47,23): warning CS0114: 'TenantDomainRepository.DeleteAsync(Guid, CancellationToken)' hides inherited member 'RepositoryBase<TenantDomain>.DeleteAsync(Guid, CancellationToken)'. To make the current member override that implementation, add the override keyword. Otherwise add the new keyword. [C:\Users\user\Desktop\ERP-vNext\services\Diten.Platform\src\Diten.Platform.Infrastructure\Diten.Platform.Infrastructure.csproj]
dotnet watch ⚠ C:\Users\user\Desktop\ERP-vNext\services\Diten.Platform\src\Diten.Platform.Infrastructure\BackgroundJobs\HangfireBackgroundJobScheduler.cs(71,13): warning CS0618: 'RecurringJobOptions.QueueName' is obsolete: 'Please use non-obsolete AddOrUpdate with the explicit `queue` parameter instead. Will be removed in 2.0.0.' [C:\Users\user\Desktop\ERP-vNext\services\Diten.Platform\src\Diten.Platform.Infrastructure\Diten.Platform.Infrastructure.csproj]
dotnet watch ⚠ C:\Users\user\Desktop\ERP-vNext\services\Diten.Platform\src\Diten.Platform.Infrastructure\DependencyInjection.cs(146,9): warning CS0618: 'MongoClientSettings.GuidRepresentation' is obsolete: 'Configure serializers instead.' [C:\Users\user\Desktop\ERP-vNext\services\Diten.Platform\src\Diten.Platform.Infrastructure\Diten.Platform.Infrastructure.csproj]
dotnet watch ⚠ C:\Users\user\Desktop\ERP-vNext\services\Diten.Platform\src\Diten.Platform.Infrastructure\Persistence\Repositories\TenantDomainRepository.cs(47,23): warning CS0114: 'TenantDomainRepository.DeleteAsync(Guid, CancellationToken)' hides inherited member 'RepositoryBase<TenantDomain>.DeleteAsync(Guid, CancellationToken)'. To make the current member override that implementation, add the override keyword. Otherwise add the new keyword. [C:\Users\user\Desktop\ERP-vNext\services\Diten.Platform\src\Diten.Platform.Infrastructure\Diten.Platform.Infrastructure.csproj]
dotnet watch ⚠ C:\Users\user\Desktop\ERP-vNext\services\Diten.Platform\src\Diten.Platform.Infrastructure\BackgroundJobs\HangfireBackgroundJobScheduler.cs(71,13): warning CS0618: 'RecurringJobOptions.QueueName' is obsolete: 'Please use non-obsolete AddOrUpdate with the explicit `queue` parameter instead. Will be removed in 2.0.0.' [C:\Users\user\Desktop\ERP-vNext\services\Diten.Platform\src\Diten.Platform.Infrastructure\Diten.Platform.Infrastructure.csproj]
dotnet watch ⚠ C:\Users\user\Desktop\ERP-vNext\services\Diten.Platform\src\Diten.Platform.Infrastructure\DependencyInjection.cs(146,9): warning CS0618: 'MongoClientSettings.GuidRepresentation' is obsolete: 'Configure serializers instead.' [C:\Users\user\Desktop\ERP-vNext\services\Diten.Platform\src\Diten.Platform.Infrastructure\Diten.Platform.Infrastructure.csproj]
dotnet watch ⌚ File updated: C:\Users\user\Desktop\ERP-vNext\services\Diten.Platform\src\Diten.Platform.Application\Features\Notifications\Services\EmailTemplateRenderer.cs
dotnet watch 🔥 [Diten.Platform.API (net8.0)] Hot reload succeeded.
dotnet watch ⌚ File updated: C:\Users\user\Desktop\ERP-vNext\services\Diten.Platform\src\Diten.Platform.Application\Features\Notifications\Handlers\CommandHandlers\QueueEmailNotificationHandler.cs
dotnet watch 🔥 [Diten.Platform.API (net8.0)] Hot reload succeeded.
dotnet watch ⌚ File updated: C:\Users\user\Desktop\ERP-vNext\services\Diten.Platform\src\Diten.Platform.Infrastructure\Services\Notifications\SmtpMessagingProvider.cs
dotnet watch 🔥 [Diten.Platform.API (net8.0)] Hot reload succeeded.
dotnet watch ⌚ File updated: C:\Users\user\Desktop\ERP-vNext\services\Diten.Platform\src\Diten.Platform.Infrastructure\Services\Notifications\SmtpMessagingProvider.cs
dotnet watch 🔥 [Diten.Platform.API (net8.0)] Hot reload succeeded.
dotnet watch ❌ [Diten.Platform.API (net8.0)] Exited with error code -1
dotnet watch ⏳ Waiting for a file to change before restarting ...
dotnet watch 🔨 Building C:\Users\user\Desktop\ERP-vNext\services\Diten.Platform\src\Diten.Platform.API\Diten.Platform.API.csproj ...
dotnet watch 🔨 Build failed: C:\Users\user\Desktop\ERP-vNext\services\Diten.Platform\src\Diten.Platform.API\Diten.Platform.API.csproj
dotnet watch 🔨   Determining projects to restore...
dotnet watch 🔨   All projects are up-to-date for restore.
dotnet watch 🔨 C:\Program Files\dotnet\sdk\10.0.100-rc.2.25502.107\Sdks\Microsoft.NET.Sdk\targets\Microsoft.NET.RuntimeIdentifierInference.targets(351,5): message NETSDK1057: You are using a preview version of .NET. See: https://aka.ms/dotnet-support-policy [C:\Users\user\Desktop\ERP-vNext\services\Diten.Platform\src\Diten.Platform.API\Diten.Platform.API.csproj]
dotnet watch 🔨 C:\Program Files\dotnet\sdk\10.0.100-rc.2.25502.107\Sdks\Microsoft.NET.Sdk\targets\Microsoft.NET.RuntimeIdentifierInference.targets(351,5): message NETSDK1057: You are using a preview version of .NET. See: https://aka.ms/dotnet-support-policy [C:\Users\user\Desktop\ERP-vNext\services\Diten.Building.Blocks\Diten.BuildingBlocks.Security.Secrets\Diten.BuildingBlocks.Security.Secrets.csproj]
dotnet watch 🔨 C:\Program Files\dotnet\sdk\10.0.100-rc.2.25502.107\Sdks\Microsoft.NET.Sdk\targets\Microsoft.NET.RuntimeIdentifierInference.targets(351,5): message NETSDK1057: You are using a preview version of .NET. See: https://aka.ms/dotnet-support-policy [C:\Users\user\Desktop\ERP-vNext\services\Diten.Platform\src\Diten.Platform.Infrastructure\Diten.Platform.Infrastructure.csproj]
dotnet watch 🔨 C:\Program Files\dotnet\sdk\10.0.100-rc.2.25502.107\Sdks\Microsoft.NET.Sdk\targets\Microsoft.NET.RuntimeIdentifierInference.targets(351,5): message NETSDK1057: You are using a preview version of .NET. See: https://aka.ms/dotnet-support-policy [C:\Users\user\Desktop\ERP-vNext\services\Diten.Building.Blocks\src\Diten.BuildingBlocks.BackgroundJobs\Diten.BuildingBlocks.BackgroundJobs.csproj]
dotnet watch 🔨 C:\Program Files\dotnet\sdk\10.0.100-rc.2.25502.107\Sdks\Microsoft.NET.Sdk\targets\Microsoft.NET.RuntimeIdentifierInference.targets(351,5): message NETSDK1057: You are using a preview version of .NET. See: https://aka.ms/dotnet-support-policy [C:\Users\user\Desktop\ERP-vNext\services\Diten.Platform.Contracts\Diten.Platform.Contracts.csproj]
dotnet watch 🔨 C:\Program Files\dotnet\sdk\10.0.100-rc.2.25502.107\Sdks\Microsoft.NET.Sdk\targets\Microsoft.NET.RuntimeIdentifierInference.targets(351,5): message NETSDK1057: You are using a preview version of .NET. See: https://aka.ms/dotnet-support-policy [C:\Users\user\Desktop\ERP-vNext\services\Diten.Platform.Common\src\Diten.Platform.Common\Diten.Platform.Common.csproj]
dotnet watch 🔨 C:\Program Files\dotnet\sdk\10.0.100-rc.2.25502.107\Sdks\Microsoft.NET.Sdk\targets\Microsoft.NET.RuntimeIdentifierInference.targets(351,5): message NETSDK1057: You are using a preview version of .NET. See: https://aka.ms/dotnet-support-policy [C:\Users\user\Desktop\ERP-vNext\services\Diten.Platform\src\Diten.Platform.Application\Diten.Platform.Application.csproj]
dotnet watch 🔨 C:\Program Files\dotnet\sdk\10.0.100-rc.2.25502.107\Sdks\Microsoft.NET.Sdk\targets\Microsoft.NET.RuntimeIdentifierInference.targets(351,5): message NETSDK1057: You are using a preview version of .NET. See: https://aka.ms/dotnet-support-policy [C:\Users\user\Desktop\ERP-vNext\services\Diten.Building.Blocks\src\Diten.BuildingBlocks.InterfaceRegistry.Abstractions\Diten.BuildingBlocks.InterfaceRegistry.Abstractions.csproj]
dotnet watch 🔨 C:\Program Files\dotnet\sdk\10.0.100-rc.2.25502.107\Sdks\Microsoft.NET.Sdk\targets\Microsoft.NET.RuntimeIdentifierInference.targets(351,5): message NETSDK1057: You are using a preview version of .NET. See: https://aka.ms/dotnet-support-policy [C:\Users\user\Desktop\ERP-vNext\services\Diten.Platform\src\Diten.Platform.Domain\Diten.Platform.Domain.csproj]
dotnet watch 🔨   Diten.BuildingBlocks.Eventing -> C:\Users\user\Desktop\ERP-vNext\services\Diten.Building.Blocks\src\Diten.BuildingBlocks.Eventing\bin\Debug\net8.0\Diten.BuildingBlocks.Eventing.dll
dotnet watch 🔨   Diten.BuildingBlocks.BackgroundJobs -> C:\Users\user\Desktop\ERP-vNext\services\Diten.Building.Blocks\src\Diten.BuildingBlocks.BackgroundJobs\bin\Debug\net8.0\Diten.BuildingBlocks.BackgroundJobs.dll
dotnet watch 🔨   Diten.BuildingBlocks.InterfaceRegistry.Abstractions -> C:\Users\user\Desktop\ERP-vNext\services\Diten.Building.Blocks\src\Diten.BuildingBlocks.InterfaceRegistry.Abstractions\bin\Debug\net8.0\Diten.BuildingBlocks.InterfaceRegistry.Abstractions.dll
dotnet watch 🔨   Diten.Platform.Common -> C:\Users\user\Desktop\ERP-vNext\services\Diten.Platform.Common\src\Diten.Platform.Common\bin\Debug\net8.0\Diten.Platform.Common.dll
dotnet watch 🔨   Diten.Platform.Contracts -> C:\Users\user\Desktop\ERP-vNext\services\Diten.Platform.Contracts\bin\Debug\net8.0\Diten.Platform.Contracts.dll
dotnet watch 🔨   Diten.BuildingBlocks.Security.Secrets -> C:\Users\user\Desktop\ERP-vNext\services\Diten.Building.Blocks\Diten.BuildingBlocks.Security.Secrets\bin\Debug\net8.0\Diten.BuildingBlocks.Security.Secrets.dll
dotnet watch 🔨   Diten.Platform.Domain -> C:\Users\user\Desktop\ERP-vNext\services\Diten.Platform\src\Diten.Platform.Domain\bin\Debug\net8.0\Diten.Platform.Domain.dll
dotnet watch ❌ C:\Users\user\Desktop\ERP-vNext\services\Diten.Platform\src\Diten.Platform.Application\Services\Eventing\ConsumedEventStore.cs(36,25): error CS1061: 'ConsumedEventStartResult' does not contain a definition for 'IsDuplicate' and no accessible extension method 'IsDuplicate' accepting a first argument of type 'ConsumedEventStartResult' could be found (are you missing a using directive or an assembly reference?) [C:\Users\user\Desktop\ERP-vNext\services\Diten.Platform\src\Diten.Platform.Application\Diten.Platform.Application.csproj]
dotnet watch 🔨 
dotnet watch 🔨 Build FAILED.
dotnet watch 🔨 
dotnet watch ❌ C:\Users\user\Desktop\ERP-vNext\services\Diten.Platform\src\Diten.Platform.Application\Services\Eventing\ConsumedEventStore.cs(36,25): error CS1061: 'ConsumedEventStartResult' does not contain a definition for 'IsDuplicate' and no accessible extension method 'IsDuplicate' accepting a first argument of type 'ConsumedEventStartResult' could be found (are you missing a using directive or an assembly reference?) [C:\Users\user\Desktop\ERP-vNext\services\Diten.Platform\src\Diten.Platform.Application\Diten.Platform.Application.csproj]
dotnet watch 🔨     0 Warning(s)
dotnet watch 🔨     1 Error(s)
dotnet watch 🔨 
dotnet watch 🔨 Time Elapsed 00:00:03.06
dotnet watch ⏳ Waiting for a file to change before restarting ...
dotnet watch 🔨 Building C:\Users\user\Desktop\ERP-vNext\services\Diten.Platform\src\Diten.Platform.API\Diten.Platform.API.csproj ...
dotnet watch 🔨 Build failed: C:\Users\user\Desktop\ERP-vNext\services\Diten.Platform\src\Diten.Platform.API\Diten.Platform.API.csproj
dotnet watch 🔨   Determining projects to restore...
dotnet watch 🔨   All projects are up-to-date for restore.
dotnet watch 🔨 C:\Program Files\dotnet\sdk\10.0.100-rc.2.25502.107\Sdks\Microsoft.NET.Sdk\targets\Microsoft.NET.RuntimeIdentifierInference.targets(351,5): message NETSDK1057: You are using a preview version of .NET. See: https://aka.ms/dotnet-support-policy [C:\Users\user\Desktop\ERP-vNext\services\Diten.Platform\src\Diten.Platform.API\Diten.Platform.API.csproj]
dotnet watch 🔨 C:\Program Files\dotnet\sdk\10.0.100-rc.2.25502.107\Sdks\Microsoft.NET.Sdk\targets\Microsoft.NET.RuntimeIdentifierInference.targets(351,5): message NETSDK1057: You are using a preview version of .NET. See: https://aka.ms/dotnet-support-policy [C:\Users\user\Desktop\ERP-vNext\services\Diten.Building.Blocks\Diten.BuildingBlocks.Security.Secrets\Diten.BuildingBlocks.Security.Secrets.csproj]
dotnet watch 🔨 C:\Program Files\dotnet\sdk\10.0.100-rc.2.25502.107\Sdks\Microsoft.NET.Sdk\targets\Microsoft.NET.RuntimeIdentifierInference.targets(351,5): message NETSDK1057: You are using a preview version of .NET. See: https://aka.ms/dotnet-support-policy [C:\Users\user\Desktop\ERP-vNext\services\Diten.Building.Blocks\src\Diten.BuildingBlocks.InterfaceRegistry.Abstractions\Diten.BuildingBlocks.InterfaceRegistry.Abstractions.csproj]
dotnet watch 🔨 C:\Program Files\dotnet\sdk\10.0.100-rc.2.25502.107\Sdks\Microsoft.NET.Sdk\targets\Microsoft.NET.RuntimeIdentifierInference.targets(351,5): message NETSDK1057: You are using a preview version of .NET. See: https://aka.ms/dotnet-support-policy [C:\Users\user\Desktop\ERP-vNext\services\Diten.Platform\src\Diten.Platform.Application\Diten.Platform.Application.csproj]
dotnet watch 🔨 C:\Program Files\dotnet\sdk\10.0.100-rc.2.25502.107\Sdks\Microsoft.NET.Sdk\targets\Microsoft.NET.RuntimeIdentifierInference.targets(351,5): message NETSDK1057: You are using a preview version of .NET. See: https://aka.ms/dotnet-support-policy [C:\Users\user\Desktop\ERP-vNext\services\Diten.Platform.Common\src\Diten.Platform.Common\Diten.Platform.Common.csproj]
dotnet watch 🔨 C:\Program Files\dotnet\sdk\10.0.100-rc.2.25502.107\Sdks\Microsoft.NET.Sdk\targets\Microsoft.NET.RuntimeIdentifierInference.targets(351,5): message NETSDK1057: You are using a preview version of .NET. See: https://aka.ms/dotnet-support-policy [C:\Users\user\Desktop\ERP-vNext\services\Diten.Platform.Contracts\Diten.Platform.Contracts.csproj]
dotnet watch 🔨 C:\Program Files\dotnet\sdk\10.0.100-rc.2.25502.107\Sdks\Microsoft.NET.Sdk\targets\Microsoft.NET.RuntimeIdentifierInference.targets(351,5): message NETSDK1057: You are using a preview version of .NET. See: https://aka.ms/dotnet-support-policy [C:\Users\user\Desktop\ERP-vNext\services\Diten.Platform\src\Diten.Platform.Infrastructure\Diten.Platform.Infrastructure.csproj]
dotnet watch 🔨 C:\Program Files\dotnet\sdk\10.0.100-rc.2.25502.107\Sdks\Microsoft.NET.Sdk\targets\Microsoft.NET.RuntimeIdentifierInference.targets(351,5): message NETSDK1057: You are using a preview version of .NET. See: https://aka.ms/dotnet-support-policy [C:\Users\user\Desktop\ERP-vNext\services\Diten.Platform\src\Diten.Platform.Domain\Diten.Platform.Domain.csproj]
dotnet watch 🔨 C:\Program Files\dotnet\sdk\10.0.100-rc.2.25502.107\Sdks\Microsoft.NET.Sdk\targets\Microsoft.NET.RuntimeIdentifierInference.targets(351,5): message NETSDK1057: You are using a preview version of .NET. See: https://aka.ms/dotnet-support-policy [C:\Users\user\Desktop\ERP-vNext\services\Diten.Building.Blocks\src\Diten.BuildingBlocks.BackgroundJobs\Diten.BuildingBlocks.BackgroundJobs.csproj]
dotnet watch 🔨   Diten.BuildingBlocks.Eventing -> C:\Users\user\Desktop\ERP-vNext\services\Diten.Building.Blocks\src\Diten.BuildingBlocks.Eventing\bin\Debug\net8.0\Diten.BuildingBlocks.Eventing.dll
dotnet watch 🔨   Diten.BuildingBlocks.InterfaceRegistry.Abstractions -> C:\Users\user\Desktop\ERP-vNext\services\Diten.Building.Blocks\src\Diten.BuildingBlocks.InterfaceRegistry.Abstractions\bin\Debug\net8.0\Diten.BuildingBlocks.InterfaceRegistry.Abstractions.dll
dotnet watch 🔨   Diten.BuildingBlocks.BackgroundJobs -> C:\Users\user\Desktop\ERP-vNext\services\Diten.Building.Blocks\src\Diten.BuildingBlocks.BackgroundJobs\bin\Debug\net8.0\Diten.BuildingBlocks.BackgroundJobs.dll
dotnet watch 🔨   Diten.Platform.Common -> C:\Users\user\Desktop\ERP-vNext\services\Diten.Platform.Common\src\Diten.Platform.Common\bin\Debug\net8.0\Diten.Platform.Common.dll
dotnet watch 🔨   Diten.Platform.Contracts -> C:\Users\user\Desktop\ERP-vNext\services\Diten.Platform.Contracts\bin\Debug\net8.0\Diten.Platform.Contracts.dll
dotnet watch 🔨   Diten.BuildingBlocks.Security.Secrets -> C:\Users\user\Desktop\ERP-vNext\services\Diten.Building.Blocks\Diten.BuildingBlocks.Security.Secrets\bin\Debug\net8.0\Diten.BuildingBlocks.Security.Secrets.dll
dotnet watch 🔨   Diten.Platform.Domain -> C:\Users\user\Desktop\ERP-vNext\services\Diten.Platform\src\Diten.Platform.Domain\bin\Debug\net8.0\Diten.Platform.Domain.dll
dotnet watch ❌ C:\Users\user\Desktop\ERP-vNext\services\Diten.Platform\src\Diten.Platform.Application\Services\Eventing\ConsumedEventStore.cs(36,25): error CS1061: 'ConsumedEventStartResult' does not contain a definition for 'IsDuplicate' and no accessible extension method 'IsDuplicate' accepting a first argument of type 'ConsumedEventStartResult' could be found (are you missing a using directive or an assembly reference?) [C:\Users\user\Desktop\ERP-vNext\services\Diten.Platform\src\Diten.Platform.Application\Diten.Platform.Application.csproj]
dotnet watch 🔨 
dotnet watch 🔨 Build FAILED.
dotnet watch 🔨 
dotnet watch ❌ C:\Users\user\Desktop\ERP-vNext\services\Diten.Platform\src\Diten.Platform.Application\Services\Eventing\ConsumedEventStore.cs(36,25): error CS1061: 'ConsumedEventStartResult' does not contain a definition for 'IsDuplicate' and no accessible extension method 'IsDuplicate' accepting a first argument of type 'ConsumedEventStartResult' could be found (are you missing a using directive or an assembly reference?) [C:\Users\user\Desktop\ERP-vNext\services\Diten.Platform\src\Diten.Platform.Application\Diten.Platform.Application.csproj]
dotnet watch 🔨     0 Warning(s)
dotnet watch 🔨     1 Error(s)
dotnet watch 🔨 
dotnet watch 🔨 Time Elapsed 00:00:02.97
dotnet watch ⏳ Waiting for a file to change before restarting ...
dotnet watch 🔨 Building C:\Users\user\Desktop\ERP-vNext\services\Diten.Platform\src\Diten.Platform.API\Diten.Platform.API.csproj ...
dotnet watch 🔨 Build failed: C:\Users\user\Desktop\ERP-vNext\services\Diten.Platform\src\Diten.Platform.API\Diten.Platform.API.csproj
dotnet watch 🔨   Determining projects to restore...
dotnet watch 🔨   All projects are up-to-date for restore.
dotnet watch 🔨 C:\Program Files\dotnet\sdk\10.0.100-rc.2.25502.107\Sdks\Microsoft.NET.Sdk\targets\Microsoft.NET.RuntimeIdentifierInference.targets(351,5): message NETSDK1057: You are using a preview version of .NET. See: https://aka.ms/dotnet-support-policy [C:\Users\user\Desktop\ERP-vNext\services\Diten.Platform\src\Diten.Platform.API\Diten.Platform.API.csproj]
dotnet watch 🔨 C:\Program Files\dotnet\sdk\10.0.100-rc.2.25502.107\Sdks\Microsoft.NET.Sdk\targets\Microsoft.NET.RuntimeIdentifierInference.targets(351,5): message NETSDK1057: You are using a preview version of .NET. See: https://aka.ms/dotnet-support-policy [C:\Users\user\Desktop\ERP-vNext\services\Diten.Building.Blocks\Diten.BuildingBlocks.Security.Secrets\Diten.BuildingBlocks.Security.Secrets.csproj]
dotnet watch 🔨 C:\Program Files\dotnet\sdk\10.0.100-rc.2.25502.107\Sdks\Microsoft.NET.Sdk\targets\Microsoft.NET.RuntimeIdentifierInference.targets(351,5): message NETSDK1057: You are using a preview version of .NET. See: https://aka.ms/dotnet-support-policy [C:\Users\user\Desktop\ERP-vNext\services\Diten.Platform\src\Diten.Platform.Domain\Diten.Platform.Domain.csproj]
dotnet watch 🔨 C:\Program Files\dotnet\sdk\10.0.100-rc.2.25502.107\Sdks\Microsoft.NET.Sdk\targets\Microsoft.NET.RuntimeIdentifierInference.targets(351,5): message NETSDK1057: You are using a preview version of .NET. See: https://aka.ms/dotnet-support-policy [C:\Users\user\Desktop\ERP-vNext\services\Diten.Platform\src\Diten.Platform.Infrastructure\Diten.Platform.Infrastructure.csproj]
dotnet watch 🔨 C:\Program Files\dotnet\sdk\10.0.100-rc.2.25502.107\Sdks\Microsoft.NET.Sdk\targets\Microsoft.NET.RuntimeIdentifierInference.targets(351,5): message NETSDK1057: You are using a preview version of .NET. See: https://aka.ms/dotnet-support-policy [C:\Users\user\Desktop\ERP-vNext\services\Diten.Platform.Common\src\Diten.Platform.Common\Diten.Platform.Common.csproj]
dotnet watch 🔨 C:\Program Files\dotnet\sdk\10.0.100-rc.2.25502.107\Sdks\Microsoft.NET.Sdk\targets\Microsoft.NET.RuntimeIdentifierInference.targets(351,5): message NETSDK1057: You are using a preview version of .NET. See: https://aka.ms/dotnet-support-policy [C:\Users\user\Desktop\ERP-vNext\services\Diten.Platform\src\Diten.Platform.Application\Diten.Platform.Application.csproj]
dotnet watch 🔨 C:\Program Files\dotnet\sdk\10.0.100-rc.2.25502.107\Sdks\Microsoft.NET.Sdk\targets\Microsoft.NET.RuntimeIdentifierInference.targets(351,5): message NETSDK1057: You are using a preview version of .NET. See: https://aka.ms/dotnet-support-policy [C:\Users\user\Desktop\ERP-vNext\services\Diten.Platform.Contracts\Diten.Platform.Contracts.csproj]
dotnet watch 🔨 C:\Program Files\dotnet\sdk\10.0.100-rc.2.25502.107\Sdks\Microsoft.NET.Sdk\targets\Microsoft.NET.RuntimeIdentifierInference.targets(351,5): message NETSDK1057: You are using a preview version of .NET. See: https://aka.ms/dotnet-support-policy [C:\Users\user\Desktop\ERP-vNext\services\Diten.Building.Blocks\src\Diten.BuildingBlocks.BackgroundJobs\Diten.BuildingBlocks.BackgroundJobs.csproj]
dotnet watch 🔨 C:\Program Files\dotnet\sdk\10.0.100-rc.2.25502.107\Sdks\Microsoft.NET.Sdk\targets\Microsoft.NET.RuntimeIdentifierInference.targets(351,5): message NETSDK1057: You are using a preview version of .NET. See: https://aka.ms/dotnet-support-policy [C:\Users\user\Desktop\ERP-vNext\services\Diten.Building.Blocks\src\Diten.BuildingBlocks.InterfaceRegistry.Abstractions\Diten.BuildingBlocks.InterfaceRegistry.Abstractions.csproj]
dotnet watch 🔨   Diten.BuildingBlocks.BackgroundJobs -> C:\Users\user\Desktop\ERP-vNext\services\Diten.Building.Blocks\src\Diten.BuildingBlocks.BackgroundJobs\bin\Debug\net8.0\Diten.BuildingBlocks.BackgroundJobs.dll
dotnet watch 🔨   Diten.BuildingBlocks.Eventing -> C:\Users\user\Desktop\ERP-vNext\services\Diten.Building.Blocks\src\Diten.BuildingBlocks.Eventing\bin\Debug\net8.0\Diten.BuildingBlocks.Eventing.dll
dotnet watch 🔨   Diten.BuildingBlocks.InterfaceRegistry.Abstractions -> C:\Users\user\Desktop\ERP-vNext\services\Diten.Building.Blocks\src\Diten.BuildingBlocks.InterfaceRegistry.Abstractions\bin\Debug\net8.0\Diten.BuildingBlocks.InterfaceRegistry.Abstractions.dll
dotnet watch 🔨   Diten.Platform.Common -> C:\Users\user\Desktop\ERP-vNext\services\Diten.Platform.Common\src\Diten.Platform.Common\bin\Debug\net8.0\Diten.Platform.Common.dll
dotnet watch 🔨   Diten.Platform.Contracts -> C:\Users\user\Desktop\ERP-vNext\services\Diten.Platform.Contracts\bin\Debug\net8.0\Diten.Platform.Contracts.dll
dotnet watch 🔨   Diten.BuildingBlocks.Security.Secrets -> C:\Users\user\Desktop\ERP-vNext\services\Diten.Building.Blocks\Diten.BuildingBlocks.Security.Secrets\bin\Debug\net8.0\Diten.BuildingBlocks.Security.Secrets.dll
dotnet watch 🔨   Diten.Platform.Domain -> C:\Users\user\Desktop\ERP-vNext\services\Diten.Platform\src\Diten.Platform.Domain\bin\Debug\net8.0\Diten.Platform.Domain.dll
dotnet watch ❌ C:\Users\user\Desktop\ERP-vNext\services\Diten.Platform\src\Diten.Platform.Application\Services\Eventing\ConsumedEventStore.cs(36,25): error CS1061: 'ConsumedEventStartResult' does not contain a definition for 'IsDuplicate' and no accessible extension method 'IsDuplicate' accepting a first argument of type 'ConsumedEventStartResult' could be found (are you missing a using directive or an assembly reference?) [C:\Users\user\Desktop\ERP-vNext\services\Diten.Platform\src\Diten.Platform.Application\Diten.Platform.Application.csproj]
dotnet watch 🔨 
dotnet watch 🔨 Build FAILED.
dotnet watch 🔨 
dotnet watch ❌ C:\Users\user\Desktop\ERP-vNext\services\Diten.Platform\src\Diten.Platform.Application\Services\Eventing\ConsumedEventStore.cs(36,25): error CS1061: 'ConsumedEventStartResult' does not contain a definition for 'IsDuplicate' and no accessible extension method 'IsDuplicate' accepting a first argument of type 'ConsumedEventStartResult' could be found (are you missing a using directive or an assembly reference?) [C:\Users\user\Desktop\ERP-vNext\services\Diten.Platform\src\Diten.Platform.Application\Diten.Platform.Application.csproj]
dotnet watch 🔨     0 Warning(s)
dotnet watch 🔨     1 Error(s)
dotnet watch 🔨 
dotnet watch 🔨 Time Elapsed 00:00:02.87
dotnet watch ⏳ Waiting for a file to change before restarting ...
dotnet watch 🔨 Building C:\Users\user\Desktop\ERP-vNext\services\Diten.Platform\src\Diten.Platform.API\Diten.Platform.API.csproj ...
dotnet watch 🔨 Build succeeded: C:\Users\user\Desktop\ERP-vNext\services\Diten.Platform\src\Diten.Platform.API\Diten.Platform.API.csproj
dotnet watch ⚠ C:\Users\user\Desktop\ERP-vNext\services\Diten.Platform\src\Diten.Platform.Infrastructure\Persistence\Repositories\TenantDomainRepository.cs(47,23): warning CS0114: 'TenantDomainRepository.DeleteAsync(Guid, CancellationToken)' hides inherited member 'RepositoryBase<TenantDomain>.DeleteAsync(Guid, CancellationToken)'. To make the current member override that implementation, add the override keyword. Otherwise add the new keyword. [C:\Users\user\Desktop\ERP-vNext\services\Diten.Platform\src\Diten.Platform.Infrastructure\Diten.Platform.Infrastructure.csproj]
dotnet watch ⚠ C:\Users\user\Desktop\ERP-vNext\services\Diten.Platform\src\Diten.Platform.Infrastructure\BackgroundJobs\HangfireBackgroundJobScheduler.cs(71,13): warning CS0618: 'RecurringJobOptions.QueueName' is obsolete: 'Please use non-obsolete AddOrUpdate with the explicit `queue` parameter instead. Will be removed in 2.0.0.' [C:\Users\user\Desktop\ERP-vNext\services\Diten.Platform\src\Diten.Platform.Infrastructure\Diten.Platform.Infrastructure.csproj]
dotnet watch ⚠ C:\Users\user\Desktop\ERP-vNext\services\Diten.Platform\src\Diten.Platform.Infrastructure\DependencyInjection.cs(146,9): warning CS0618: 'MongoClientSettings.GuidRepresentation' is obsolete: 'Configure serializers instead.' [C:\Users\user\Desktop\ERP-vNext\services\Diten.Platform\src\Diten.Platform.Infrastructure\Diten.Platform.Infrastructure.csproj]
dotnet watch ⚠ C:\Users\user\Desktop\ERP-vNext\services\Diten.Platform\src\Diten.Platform.Infrastructure\Persistence\Repositories\OutboxEventRepository.cs(61,16): warning CS8619: Nullability of reference types in value of type 'Task<OutboxEvent>' doesn't match target type 'Task<OutboxEvent?>'. [C:\Users\user\Desktop\ERP-vNext\services\Diten.Platform\src\Diten.Platform.Infrastructure\Diten.Platform.Infrastructure.csproj]
dotnet watch ⚠ C:\Users\user\Desktop\ERP-vNext\services\Diten.Platform\src\Diten.Platform.Infrastructure\Persistence\Repositories\TenantDomainRepository.cs(47,23): warning CS0114: 'TenantDomainRepository.DeleteAsync(Guid, CancellationToken)' hides inherited member 'RepositoryBase<TenantDomain>.DeleteAsync(Guid, CancellationToken)'. To make the current member override that implementation, add the override keyword. Otherwise add the new keyword. [C:\Users\user\Desktop\ERP-vNext\services\Diten.Platform\src\Diten.Platform.Infrastructure\Diten.Platform.Infrastructure.csproj]
dotnet watch ⚠ C:\Users\user\Desktop\ERP-vNext\services\Diten.Platform\src\Diten.Platform.Infrastructure\BackgroundJobs\HangfireBackgroundJobScheduler.cs(71,13): warning CS0618: 'RecurringJobOptions.QueueName' is obsolete: 'Please use non-obsolete AddOrUpdate with the explicit `queue` parameter instead. Will be removed in 2.0.0.' [C:\Users\user\Desktop\ERP-vNext\services\Diten.Platform\src\Diten.Platform.Infrastructure\Diten.Platform.Infrastructure.csproj]
dotnet watch ⚠ C:\Users\user\Desktop\ERP-vNext\services\Diten.Platform\src\Diten.Platform.Infrastructure\DependencyInjection.cs(146,9): warning CS0618: 'MongoClientSettings.GuidRepresentation' is obsolete: 'Configure serializers instead.' [C:\Users\user\Desktop\ERP-vNext\services\Diten.Platform\src\Diten.Platform.Infrastructure\Diten.Platform.Infrastructure.csproj]
dotnet watch ⚠ C:\Users\user\Desktop\ERP-vNext\services\Diten.Platform\src\Diten.Platform.Infrastructure\Persistence\Repositories\OutboxEventRepository.cs(61,16): warning CS8619: Nullability of reference types in value of type 'Task<OutboxEvent>' doesn't match target type 'Task<OutboxEvent?>'. [C:\Users\user\Desktop\ERP-vNext\services\Diten.Platform\src\Diten.Platform.Infrastructure\Diten.Platform.Infrastructure.csproj]
dotnet watch ⌚ File updated: .\appsettings.Development.json
dotnet watch ⌚ No C# changes to apply.
dotnet watch ❌ [Diten.Platform.API (net8.0)] Exited with error code -1
dotnet watch ⏳ Waiting for a file to change before restarting ...
dotnet watch 🔨 Building C:\Users\user\Desktop\ERP-vNext\services\Diten.Platform\src\Diten.Platform.API\Diten.Platform.API.csproj ...
dotnet watch 🔨 Build failed: C:\Users\user\Desktop\ERP-vNext\services\Diten.Platform\src\Diten.Platform.API\Diten.Platform.API.csproj
dotnet watch 🔨   Determining projects to restore...
dotnet watch 🔨   All projects are up-to-date for restore.
dotnet watch 🔨 C:\Program Files\dotnet\sdk\10.0.100-rc.2.25502.107\Sdks\Microsoft.NET.Sdk\targets\Microsoft.NET.RuntimeIdentifierInference.targets(351,5): message NETSDK1057: You are using a preview version of .NET. See: https://aka.ms/dotnet-support-policy [C:\Users\user\Desktop\ERP-vNext\services\Diten.Platform\src\Diten.Platform.API\Diten.Platform.API.csproj]
dotnet watch 🔨 C:\Program Files\dotnet\sdk\10.0.100-rc.2.25502.107\Sdks\Microsoft.NET.Sdk\targets\Microsoft.NET.RuntimeIdentifierInference.targets(351,5): message NETSDK1057: You are using a preview version of .NET. See: https://aka.ms/dotnet-support-policy [C:\Users\user\Desktop\ERP-vNext\services\Diten.Building.Blocks\Diten.BuildingBlocks.Security.Secrets\Diten.BuildingBlocks.Security.Secrets.csproj]
dotnet watch 🔨 C:\Program Files\dotnet\sdk\10.0.100-rc.2.25502.107\Sdks\Microsoft.NET.Sdk\targets\Microsoft.NET.RuntimeIdentifierInference.targets(351,5): message NETSDK1057: You are using a preview version of .NET. See: https://aka.ms/dotnet-support-policy [C:\Users\user\Desktop\ERP-vNext\services\Diten.Platform.Contracts\Diten.Platform.Contracts.csproj]
dotnet watch 🔨 C:\Program Files\dotnet\sdk\10.0.100-rc.2.25502.107\Sdks\Microsoft.NET.Sdk\targets\Microsoft.NET.RuntimeIdentifierInference.targets(351,5): message NETSDK1057: You are using a preview version of .NET. See: https://aka.ms/dotnet-support-policy [C:\Users\user\Desktop\ERP-vNext\services\Diten.Platform\src\Diten.Platform.Application\Diten.Platform.Application.csproj]
dotnet watch 🔨 C:\Program Files\dotnet\sdk\10.0.100-rc.2.25502.107\Sdks\Microsoft.NET.Sdk\targets\Microsoft.NET.RuntimeIdentifierInference.targets(351,5): message NETSDK1057: You are using a preview version of .NET. See: https://aka.ms/dotnet-support-policy [C:\Users\user\Desktop\ERP-vNext\services\Diten.Building.Blocks\src\Diten.BuildingBlocks.InterfaceRegistry.Abstractions\Diten.BuildingBlocks.InterfaceRegistry.Abstractions.csproj]
dotnet watch 🔨 C:\Program Files\dotnet\sdk\10.0.100-rc.2.25502.107\Sdks\Microsoft.NET.Sdk\targets\Microsoft.NET.RuntimeIdentifierInference.targets(351,5): message NETSDK1057: You are using a preview version of .NET. See: https://aka.ms/dotnet-support-policy [C:\Users\user\Desktop\ERP-vNext\services\Diten.Platform.Common\src\Diten.Platform.Common\Diten.Platform.Common.csproj]
dotnet watch 🔨 C:\Program Files\dotnet\sdk\10.0.100-rc.2.25502.107\Sdks\Microsoft.NET.Sdk\targets\Microsoft.NET.RuntimeIdentifierInference.targets(351,5): message NETSDK1057: You are using a preview version of .NET. See: https://aka.ms/dotnet-support-policy [C:\Users\user\Desktop\ERP-vNext\services\Diten.Platform\src\Diten.Platform.Domain\Diten.Platform.Domain.csproj]
dotnet watch 🔨 C:\Program Files\dotnet\sdk\10.0.100-rc.2.25502.107\Sdks\Microsoft.NET.Sdk\targets\Microsoft.NET.RuntimeIdentifierInference.targets(351,5): message NETSDK1057: You are using a preview version of .NET. See: https://aka.ms/dotnet-support-policy [C:\Users\user\Desktop\ERP-vNext\services\Diten.Platform\src\Diten.Platform.Infrastructure\Diten.Platform.Infrastructure.csproj]
dotnet watch 🔨 C:\Program Files\dotnet\sdk\10.0.100-rc.2.25502.107\Sdks\Microsoft.NET.Sdk\targets\Microsoft.NET.RuntimeIdentifierInference.targets(351,5): message NETSDK1057: You are using a preview version of .NET. See: https://aka.ms/dotnet-support-policy [C:\Users\user\Desktop\ERP-vNext\services\Diten.Building.Blocks\src\Diten.BuildingBlocks.BackgroundJobs\Diten.BuildingBlocks.BackgroundJobs.csproj]
dotnet watch 🔨   Diten.BuildingBlocks.BackgroundJobs -> C:\Users\user\Desktop\ERP-vNext\services\Diten.Building.Blocks\src\Diten.BuildingBlocks.BackgroundJobs\bin\Debug\net8.0\Diten.BuildingBlocks.BackgroundJobs.dll
dotnet watch 🔨   Diten.BuildingBlocks.Eventing -> C:\Users\user\Desktop\ERP-vNext\services\Diten.Building.Blocks\src\Diten.BuildingBlocks.Eventing\bin\Debug\net8.0\Diten.BuildingBlocks.Eventing.dll
dotnet watch 🔨   Diten.BuildingBlocks.Security.Secrets -> C:\Users\user\Desktop\ERP-vNext\services\Diten.Building.Blocks\Diten.BuildingBlocks.Security.Secrets\bin\Debug\net8.0\Diten.BuildingBlocks.Security.Secrets.dll
dotnet watch 🔨   Diten.BuildingBlocks.InterfaceRegistry.Abstractions -> C:\Users\user\Desktop\ERP-vNext\services\Diten.Building.Blocks\src\Diten.BuildingBlocks.InterfaceRegistry.Abstractions\bin\Debug\net8.0\Diten.BuildingBlocks.InterfaceRegistry.Abstractions.dll
dotnet watch 🔨   Diten.Platform.Common -> C:\Users\user\Desktop\ERP-vNext\services\Diten.Platform.Common\src\Diten.Platform.Common\bin\Debug\net8.0\Diten.Platform.Common.dll
dotnet watch 🔨   Diten.Platform.Domain -> C:\Users\user\Desktop\ERP-vNext\services\Diten.Platform\src\Diten.Platform.Domain\bin\Debug\net8.0\Diten.Platform.Domain.dll
dotnet watch ❌ C:\Users\user\Desktop\ERP-vNext\services\Diten.Platform.Contracts\Events\TenantCancelledV1.cs(16,5): error CS1519: Invalid token '{' in a member declaration [C:\Users\user\Desktop\ERP-vNext\services\Diten.Platform.Contracts\Diten.Platform.Contracts.csproj]
dotnet watch ❌ C:\Users\user\Desktop\ERP-vNext\services\Diten.Platform.Contracts\Events\TenantProvisioningCompletedV1.cs(14,5): error CS1519: Invalid token '{' in a member declaration [C:\Users\user\Desktop\ERP-vNext\services\Diten.Platform.Contracts\Diten.Platform.Contracts.csproj]
dotnet watch ❌ C:\Users\user\Desktop\ERP-vNext\services\Diten.Platform.Contracts\Events\TenantSuspendedV1.cs(15,5): error CS1519: Invalid token '{' in a member declaration [C:\Users\user\Desktop\ERP-vNext\services\Diten.Platform.Contracts\Diten.Platform.Contracts.csproj]
dotnet watch ❌ C:\Users\user\Desktop\ERP-vNext\services\Diten.Platform.Contracts\Events\TenantProvisioningFailedV1.cs(16,5): error CS1519: Invalid token '{' in a member declaration [C:\Users\user\Desktop\ERP-vNext\services\Diten.Platform.Contracts\Diten.Platform.Contracts.csproj]
dotnet watch ❌ C:\Users\user\Desktop\ERP-vNext\services\Diten.Platform.Contracts\Events\TenantReactivatedV1.cs(14,5): error CS1519: Invalid token '{' in a member declaration [C:\Users\user\Desktop\ERP-vNext\services\Diten.Platform.Contracts\Diten.Platform.Contracts.csproj]
dotnet watch ❌ C:\Users\user\Desktop\ERP-vNext\services\Diten.Platform.Contracts\Events\TenantSuspendedV1.cs(16,18): error CS1519: Invalid token '=' in a member declaration [C:\Users\user\Desktop\ERP-vNext\services\Diten.Platform.Contracts\Diten.Platform.Contracts.csproj]
dotnet watch ❌ C:\Users\user\Desktop\ERP-vNext\services\Diten.Platform.Contracts\Events\TenantCancelledV1.cs(17,18): error CS1519: Invalid token '=' in a member declaration [C:\Users\user\Desktop\ERP-vNext\services\Diten.Platform.Contracts\Diten.Platform.Contracts.csproj]
dotnet watch ❌ C:\Users\user\Desktop\ERP-vNext\services\Diten.Platform.Contracts\Events\TenantProvisioningFailedV1.cs(17,18): error CS1519: Invalid token '=' in a member declaration [C:\Users\user\Desktop\ERP-vNext\services\Diten.Platform.Contracts\Diten.Platform.Contracts.csproj]
dotnet watch ❌ C:\Users\user\Desktop\ERP-vNext\services\Diten.Platform.Contracts\Events\TenantReactivatedV1.cs(15,18): error CS1519: Invalid token '=' in a member declaration [C:\Users\user\Desktop\ERP-vNext\services\Diten.Platform.Contracts\Diten.Platform.Contracts.csproj]
dotnet watch ❌ C:\Users\user\Desktop\ERP-vNext\services\Diten.Platform.Contracts\Events\TenantProvisioningCompletedV1.cs(15,18): error CS1519: Invalid token '=' in a member declaration [C:\Users\user\Desktop\ERP-vNext\services\Diten.Platform.Contracts\Diten.Platform.Contracts.csproj]
dotnet watch ❌ C:\Users\user\Desktop\ERP-vNext\services\Diten.Platform.Contracts\Events\TenantCancelledV1.cs(17,70): error CS1519: Invalid token '(' in a member declaration [C:\Users\user\Desktop\ERP-vNext\services\Diten.Platform.Contracts\Diten.Platform.Contracts.csproj]
dotnet watch ❌ C:\Users\user\Desktop\ERP-vNext\services\Diten.Platform.Contracts\Events\TenantSuspendedV1.cs(16,70): error CS1519: Invalid token '(' in a member declaration [C:\Users\user\Desktop\ERP-vNext\services\Diten.Platform.Contracts\Diten.Platform.Contracts.csproj]
dotnet watch ❌ C:\Users\user\Desktop\ERP-vNext\services\Diten.Platform.Contracts\Events\TenantReactivatedV1.cs(15,70): error CS1519: Invalid token '(' in a member declaration [C:\Users\user\Desktop\ERP-vNext\services\Diten.Platform.Contracts\Diten.Platform.Contracts.csproj]
dotnet watch ❌ C:\Users\user\Desktop\ERP-vNext\services\Diten.Platform.Contracts\Events\TenantProvisioningFailedV1.cs(17,70): error CS1519: Invalid token '(' in a member declaration [C:\Users\user\Desktop\ERP-vNext\services\Diten.Platform.Contracts\Diten.Platform.Contracts.csproj]
dotnet watch ❌ C:\Users\user\Desktop\ERP-vNext\services\Diten.Platform.Contracts\Events\TenantProvisioningCompletedV1.cs(15,70): error CS1519: Invalid token '(' in a member declaration [C:\Users\user\Desktop\ERP-vNext\services\Diten.Platform.Contracts\Diten.Platform.Contracts.csproj]
dotnet watch ❌ C:\Users\user\Desktop\ERP-vNext\services\Diten.Platform.Contracts\Events\TenantCancelledV1.cs(17,79): error CS8124: Tuple must contain at least two elements. [C:\Users\user\Desktop\ERP-vNext\services\Diten.Platform.Contracts\Diten.Platform.Contracts.csproj]
dotnet watch ❌ C:\Users\user\Desktop\ERP-vNext\services\Diten.Platform.Contracts\Events\TenantProvisioningCompletedV1.cs(15,79): error CS8124: Tuple must contain at least two elements. [C:\Users\user\Desktop\ERP-vNext\services\Diten.Platform.Contracts\Diten.Platform.Contracts.csproj]
dotnet watch ❌ C:\Users\user\Desktop\ERP-vNext\services\Diten.Platform.Contracts\Events\TenantReactivatedV1.cs(15,79): error CS8124: Tuple must contain at least two elements. [C:\Users\user\Desktop\ERP-vNext\services\Diten.Platform.Contracts\Diten.Platform.Contracts.csproj]
dotnet watch ❌ C:\Users\user\Desktop\ERP-vNext\services\Diten.Platform.Contracts\Events\TenantProvisioningFailedV1.cs(17,79): error CS8124: Tuple must contain at least two elements. [C:\Users\user\Desktop\ERP-vNext\services\Diten.Platform.Contracts\Diten.Platform.Contracts.csproj]
dotnet watch ❌ C:\Users\user\Desktop\ERP-vNext\services\Diten.Platform.Contracts\Events\TenantSuspendedV1.cs(16,79): error CS8124: Tuple must contain at least two elements. [C:\Users\user\Desktop\ERP-vNext\services\Diten.Platform.Contracts\Diten.Platform.Contracts.csproj]
dotnet watch ❌ C:\Users\user\Desktop\ERP-vNext\services\Diten.Platform.Contracts\Events\TenantCancelledV1.cs(17,80): error CS1519: Invalid token ';' in a member declaration [C:\Users\user\Desktop\ERP-vNext\services\Diten.Platform.Contracts\Diten.Platform.Contracts.csproj]
dotnet watch ❌ C:\Users\user\Desktop\ERP-vNext\services\Diten.Platform.Contracts\Events\TenantSuspendedV1.cs(16,80): error CS1519: Invalid token ';' in a member declaration [C:\Users\user\Desktop\ERP-vNext\services\Diten.Platform.Contracts\Diten.Platform.Contracts.csproj]
dotnet watch ❌ C:\Users\user\Desktop\ERP-vNext\services\Diten.Platform.Contracts\Events\TenantCancelledV1.cs(18,24): error CS1519: Invalid token '=' in a member declaration [C:\Users\user\Desktop\ERP-vNext\services\Diten.Platform.Contracts\Diten.Platform.Contracts.csproj]
dotnet watch ❌ C:\Users\user\Desktop\ERP-vNext\services\Diten.Platform.Contracts\Events\TenantProvisioningCompletedV1.cs(15,80): error CS1519: Invalid token ';' in a member declaration [C:\Users\user\Desktop\ERP-vNext\services\Diten.Platform.Contracts\Diten.Platform.Contracts.csproj]
dotnet watch ❌ C:\Users\user\Desktop\ERP-vNext\services\Diten.Platform.Contracts\Events\TenantCancelledV1.cs(18,71): error CS1519: Invalid token '(' in a member declaration [C:\Users\user\Desktop\ERP-vNext\services\Diten.Platform.Contracts\Diten.Platform.Contracts.csproj]
dotnet watch ❌ C:\Users\user\Desktop\ERP-vNext\services\Diten.Platform.Contracts\Events\TenantCancelledV1.cs(18,94): error CS1026: ) expected [C:\Users\user\Desktop\ERP-vNext\services\Diten.Platform.Contracts\Diten.Platform.Contracts.csproj]
dotnet watch ❌ C:\Users\user\Desktop\ERP-vNext\services\Diten.Platform.Contracts\Events\TenantProvisioningCompletedV1.cs(16,24): error CS1519: Invalid token '=' in a member declaration [C:\Users\user\Desktop\ERP-vNext\services\Diten.Platform.Contracts\Diten.Platform.Contracts.csproj]
dotnet watch ❌ C:\Users\user\Desktop\ERP-vNext\services\Diten.Platform.Contracts\Events\TenantCancelledV1.cs(18,109): error CS8124: Tuple must contain at least two elements. [C:\Users\user\Desktop\ERP-vNext\services\Diten.Platform.Contracts\Diten.Platform.Contracts.csproj]
dotnet watch ❌ C:\Users\user\Desktop\ERP-vNext\services\Diten.Platform.Contracts\Events\TenantCancelledV1.cs(18,110): error CS1519: Invalid token ')' in a member declaration [C:\Users\user\Desktop\ERP-vNext\services\Diten.Platform.Contracts\Diten.Platform.Contracts.csproj]
dotnet watch ❌ C:\Users\user\Desktop\ERP-vNext\services\Diten.Platform.Contracts\Events\TenantProvisioningCompletedV1.cs(16,71): error CS1519: Invalid token '(' in a member declaration [C:\Users\user\Desktop\ERP-vNext\services\Diten.Platform.Contracts\Diten.Platform.Contracts.csproj]
dotnet watch ❌ C:\Users\user\Desktop\ERP-vNext\services\Diten.Platform.Contracts\Events\TenantCancelledV1.cs(19,24): error CS1519: Invalid token '=' in a member declaration [C:\Users\user\Desktop\ERP-vNext\services\Diten.Platform.Contracts\Diten.Platform.Contracts.csproj]
dotnet watch ❌ C:\Users\user\Desktop\ERP-vNext\services\Diten.Platform.Contracts\Events\TenantProvisioningCompletedV1.cs(16,94): error CS1026: ) expected [C:\Users\user\Desktop\ERP-vNext\services\Diten.Platform.Contracts\Diten.Platform.Contracts.csproj]
dotnet watch ❌ C:\Users\user\Desktop\ERP-vNext\services\Diten.Platform.Contracts\Events\TenantCancelledV1.cs(19,71): error CS1519: Invalid token '(' in a member declaration [C:\Users\user\Desktop\ERP-vNext\services\Diten.Platform.Contracts\Diten.Platform.Contracts.csproj]
dotnet watch ❌ C:\Users\user\Desktop\ERP-vNext\services\Diten.Platform.Contracts\Events\TenantProvisioningCompletedV1.cs(16,109): error CS8124: Tuple must contain at least two elements. [C:\Users\user\Desktop\ERP-vNext\services\Diten.Platform.Contracts\Diten.Platform.Contracts.csproj]
dotnet watch ❌ C:\Users\user\Desktop\ERP-vNext\services\Diten.Platform.Contracts\Events\TenantCancelledV1.cs(19,94): error CS1026: ) expected [C:\Users\user\Desktop\ERP-vNext\services\Diten.Platform.Contracts\Diten.Platform.Contracts.csproj]
dotnet watch ❌ C:\Users\user\Desktop\ERP-vNext\services\Diten.Platform.Contracts\Events\TenantCancelledV1.cs(19,109): error CS8124: Tuple must contain at least two elements. [C:\Users\user\Desktop\ERP-vNext\services\Diten.Platform.Contracts\Diten.Platform.Contracts.csproj]
dotnet watch ❌ C:\Users\user\Desktop\ERP-vNext\services\Diten.Platform.Contracts\Events\TenantProvisioningCompletedV1.cs(16,110): error CS1519: Invalid token ')' in a member declaration [C:\Users\user\Desktop\ERP-vNext\services\Diten.Platform.Contracts\Diten.Platform.Contracts.csproj]
dotnet watch ❌ C:\Users\user\Desktop\ERP-vNext\services\Diten.Platform.Contracts\Events\TenantProvisioningCompletedV1.cs(17,15): error CS1519: Invalid token '=' in a member declaration [C:\Users\user\Desktop\ERP-vNext\services\Diten.Platform.Contracts\Diten.Platform.Contracts.csproj]
dotnet watch ❌ C:\Users\user\Desktop\ERP-vNext\services\Diten.Platform.Contracts\Events\TenantProvisioningCompletedV1.cs(17,64): error CS1519: Invalid token '(' in a member declaration [C:\Users\user\Desktop\ERP-vNext\services\Diten.Platform.Contracts\Diten.Platform.Contracts.csproj]
dotnet watch ❌ C:\Users\user\Desktop\ERP-vNext\services\Diten.Platform.Contracts\Events\TenantProvisioningCompletedV1.cs(17,70): error CS8124: Tuple must contain at least two elements. [C:\Users\user\Desktop\ERP-vNext\services\Diten.Platform.Contracts\Diten.Platform.Contracts.csproj]
dotnet watch ❌ C:\Users\user\Desktop\ERP-vNext\services\Diten.Platform.Contracts\Events\TenantProvisioningCompletedV1.cs(17,71): error CS1519: Invalid token ';' in a member declaration [C:\Users\user\Desktop\ERP-vNext\services\Diten.Platform.Contracts\Diten.Platform.Contracts.csproj]
dotnet watch ❌ C:\Users\user\Desktop\ERP-vNext\services\Diten.Platform.Contracts\Events\TenantSuspendedV1.cs(17,24): error CS1519: Invalid token '=' in a member declaration [C:\Users\user\Desktop\ERP-vNext\services\Diten.Platform.Contracts\Diten.Platform.Contracts.csproj]
dotnet watch ❌ C:\Users\user\Desktop\ERP-vNext\services\Diten.Platform.Contracts\Events\TenantProvisioningCompletedV1.cs(18,5): error CS1519: Invalid token '}' in a member declaration [C:\Users\user\Desktop\ERP-vNext\services\Diten.Platform.Contracts\Diten.Platform.Contracts.csproj]
dotnet watch ❌ C:\Users\user\Desktop\ERP-vNext\services\Diten.Platform.Contracts\Events\TenantSuspendedV1.cs(17,71): error CS1519: Invalid token '(' in a member declaration [C:\Users\user\Desktop\ERP-vNext\services\Diten.Platform.Contracts\Diten.Platform.Contracts.csproj]
dotnet watch ❌ C:\Users\user\Desktop\ERP-vNext\services\Diten.Platform.Contracts\Events\TenantCancelledV1.cs(19,110): error CS1519: Invalid token ')' in a member declaration [C:\Users\user\Desktop\ERP-vNext\services\Diten.Platform.Contracts\Diten.Platform.Contracts.csproj]
dotnet watch ❌ C:\Users\user\Desktop\ERP-vNext\services\Diten.Platform.Contracts\Events\TenantSuspendedV1.cs(17,94): error CS1026: ) expected [C:\Users\user\Desktop\ERP-vNext\services\Diten.Platform.Contracts\Diten.Platform.Contracts.csproj]
dotnet watch ❌ C:\Users\user\Desktop\ERP-vNext\services\Diten.Platform.Contracts\Events\TenantCancelledV1.cs(20,44): error CS1003: Syntax error, '>' expected [C:\Users\user\Desktop\ERP-vNext\services\Diten.Platform.Contracts\Diten.Platform.Contracts.csproj]
dotnet watch ❌ C:\Users\user\Desktop\ERP-vNext\services\Diten.Platform.Contracts\Events\TenantSuspendedV1.cs(17,109): error CS8124: Tuple must contain at least two elements. [C:\Users\user\Desktop\ERP-vNext\services\Diten.Platform.Contracts\Diten.Platform.Contracts.csproj]
dotnet watch ❌ C:\Users\user\Desktop\ERP-vNext\services\Diten.Platform.Contracts\Events\TenantCancelledV1.cs(20,44): error CS8124: Tuple must contain at least two elements. [C:\Users\user\Desktop\ERP-vNext\services\Diten.Platform.Contracts\Diten.Platform.Contracts.csproj]
dotnet watch ❌ C:\Users\user\Desktop\ERP-vNext\services\Diten.Platform.Contracts\Events\TenantSuspendedV1.cs(17,110): error CS1519: Invalid token ')' in a member declaration [C:\Users\user\Desktop\ERP-vNext\services\Diten.Platform.Contracts\Diten.Platform.Contracts.csproj]
dotnet watch ❌ C:\Users\user\Desktop\ERP-vNext\services\Diten.Platform.Contracts\Events\TenantCancelledV1.cs(21,9): error CS1519: Invalid token '{' in a member declaration [C:\Users\user\Desktop\ERP-vNext\services\Diten.Platform.Contracts\Diten.Platform.Contracts.csproj]
dotnet watch ❌ C:\Users\user\Desktop\ERP-vNext\services\Diten.Platform.Contracts\Events\TenantSuspendedV1.cs(18,16): error CS1519: Invalid token '=' in a member declaration [C:\Users\user\Desktop\ERP-vNext\services\Diten.Platform.Contracts\Diten.Platform.Contracts.csproj]
dotnet watch ❌ C:\Users\user\Desktop\ERP-vNext\services\Diten.Platform.Contracts\Events\TenantSuspendedV1.cs(18,64): error CS1519: Invalid token '(' in a member declaration [C:\Users\user\Desktop\ERP-vNext\services\Diten.Platform.Contracts\Diten.Platform.Contracts.csproj]
dotnet watch ❌ C:\Users\user\Desktop\ERP-vNext\services\Diten.Platform.Contracts\Events\TenantSuspendedV1.cs(18,79): error CS1026: ) expected [C:\Users\user\Desktop\ERP-vNext\services\Diten.Platform.Contracts\Diten.Platform.Contracts.csproj]
dotnet watch ❌ C:\Users\user\Desktop\ERP-vNext\services\Diten.Platform.Contracts\Events\TenantSuspendedV1.cs(18,86): error CS8124: Tuple must contain at least two elements. [C:\Users\user\Desktop\ERP-vNext\services\Diten.Platform.Contracts\Diten.Platform.Contracts.csproj]
dotnet watch ❌ C:\Users\user\Desktop\ERP-vNext\services\Diten.Platform.Contracts\Events\TenantReactivatedV1.cs(15,80): error CS1519: Invalid token ';' in a member declaration [C:\Users\user\Desktop\ERP-vNext\services\Diten.Platform.Contracts\Diten.Platform.Contracts.csproj]
dotnet watch ❌ C:\Users\user\Desktop\ERP-vNext\services\Diten.Platform.Contracts\Events\TenantSuspendedV1.cs(18,87): error CS1519: Invalid token ',' in a member declaration [C:\Users\user\Desktop\ERP-vNext\services\Diten.Platform.Contracts\Diten.Platform.Contracts.csproj]
dotnet watch ❌ C:\Users\user\Desktop\ERP-vNext\services\Diten.Platform.Contracts\Events\TenantCancelledV1.cs(22,41): error CS1001: Identifier expected [C:\Users\user\Desktop\ERP-vNext\services\Diten.Platform.Contracts\Diten.Platform.Contracts.csproj]
dotnet watch ❌ C:\Users\user\Desktop\ERP-vNext\services\Diten.Platform.Contracts\Events\TenantSuspendedV1.cs(19,5): error CS1519: Invalid token '}' in a member declaration [C:\Users\user\Desktop\ERP-vNext\services\Diten.Platform.Contracts\Diten.Platform.Contracts.csproj]
dotnet watch ❌ C:\Users\user\Desktop\ERP-vNext\services\Diten.Platform.Contracts\Events\TenantReactivatedV1.cs(16,26): error CS1519: Invalid token '=' in a member declaration [C:\Users\user\Desktop\ERP-vNext\services\Diten.Platform.Contracts\Diten.Platform.Contracts.csproj]
dotnet watch ❌ C:\Users\user\Desktop\ERP-vNext\services\Diten.Platform.Contracts\Events\TenantCancelledV1.cs(22,106): error CS1031: Type expected [C:\Users\user\Desktop\ERP-vNext\services\Diten.Platform.Contracts\Diten.Platform.Contracts.csproj]
dotnet watch ❌ C:\Users\user\Desktop\ERP-vNext\services\Diten.Platform.Contracts\Events\TenantCancelledV1.cs(22,106): error CS1001: Identifier expected [C:\Users\user\Desktop\ERP-vNext\services\Diten.Platform.Contracts\Diten.Platform.Contracts.csproj]
dotnet watch ❌ C:\Users\user\Desktop\ERP-vNext\services\Diten.Platform.Contracts\Events\TenantCancelledV1.cs(22,114): error CS1001: Identifier expected [C:\Users\user\Desktop\ERP-vNext\services\Diten.Platform.Contracts\Diten.Platform.Contracts.csproj]
dotnet watch ❌ C:\Users\user\Desktop\ERP-vNext\services\Diten.Platform.Contracts\Events\TenantCancelledV1.cs(22,114): error CS1003: Syntax error, ',' expected [C:\Users\user\Desktop\ERP-vNext\services\Diten.Platform.Contracts\Diten.Platform.Contracts.csproj]
dotnet watch ❌ C:\Users\user\Desktop\ERP-vNext\services\Diten.Platform.Contracts\Events\TenantReactivatedV1.cs(16,73): error CS1519: Invalid token '(' in a member declaration [C:\Users\user\Desktop\ERP-vNext\services\Diten.Platform.Contracts\Diten.Platform.Contracts.csproj]
dotnet watch ❌ C:\Users\user\Desktop\ERP-vNext\services\Diten.Platform.Contracts\Events\TenantCancelledV1.cs(22,129): error CS8124: Tuple must contain at least two elements. [C:\Users\user\Desktop\ERP-vNext\services\Diten.Platform.Contracts\Diten.Platform.Contracts.csproj]
dotnet watch ❌ C:\Users\user\Desktop\ERP-vNext\services\Diten.Platform.Contracts\Events\TenantReactivatedV1.cs(16,98): error CS1026: ) expected [C:\Users\user\Desktop\ERP-vNext\services\Diten.Platform.Contracts\Diten.Platform.Contracts.csproj]
dotnet watch ❌ C:\Users\user\Desktop\ERP-vNext\services\Diten.Platform.Contracts\Events\TenantCancelledV1.cs(22,130): error CS1001: Identifier expected [C:\Users\user\Desktop\ERP-vNext\services\Diten.Platform.Contracts\Diten.Platform.Contracts.csproj]
dotnet watch ❌ C:\Users\user\Desktop\ERP-vNext\services\Diten.Platform.Contracts\Events\TenantCreatedV1.cs(18,5): error CS1519: Invalid token '{' in a member declaration [C:\Users\user\Desktop\ERP-vNext\services\Diten.Platform.Contracts\Diten.Platform.Contracts.csproj]
dotnet watch ❌ C:\Users\user\Desktop\ERP-vNext\services\Diten.Platform.Contracts\Events\TenantReactivatedV1.cs(16,115): error CS8124: Tuple must contain at least two elements. [C:\Users\user\Desktop\ERP-vNext\services\Diten.Platform.Contracts\Diten.Platform.Contracts.csproj]
dotnet watch ❌ C:\Users\user\Desktop\ERP-vNext\services\Diten.Platform.Contracts\Events\TenantCancelledV1.cs(25,9): error CS0116: A namespace cannot directly contain members such as fields, methods or statements [C:\Users\user\Desktop\ERP-vNext\services\Diten.Platform.Contracts\Diten.Platform.Contracts.csproj]
dotnet watch ❌ C:\Users\user\Desktop\ERP-vNext\services\Diten.Platform.Contracts\Events\TenantReactivatedV1.cs(16,116): error CS1519: Invalid token ')' in a member declaration [C:\Users\user\Desktop\ERP-vNext\services\Diten.Platform.Contracts\Diten.Platform.Contracts.csproj]
dotnet watch ❌ C:\Users\user\Desktop\ERP-vNext\services\Diten.Platform.Contracts\Events\TenantCancelledV1.cs(25,16): error CS1022: Type or namespace definition, or end-of-file expected [C:\Users\user\Desktop\ERP-vNext\services\Diten.Platform.Contracts\Diten.Platform.Contracts.csproj]
dotnet watch ❌ C:\Users\user\Desktop\ERP-vNext\services\Diten.Platform.Contracts\Events\TenantCancelledV1.cs(25,53): error CS0116: A namespace cannot directly contain members such as fields, methods or statements [C:\Users\user\Desktop\ERP-vNext\services\Diten.Platform.Contracts\Diten.Platform.Contracts.csproj]
dotnet watch ❌ C:\Users\user\Desktop\ERP-vNext\services\Diten.Platform.Contracts\Events\TenantReactivatedV1.cs(17,5): error CS1519: Invalid token '}' in a member declaration [C:\Users\user\Desktop\ERP-vNext\services\Diten.Platform.Contracts\Diten.Platform.Contracts.csproj]
dotnet watch ❌ C:\Users\user\Desktop\ERP-vNext\services\Diten.Platform.Contracts\Events\TenantCancelledV1.cs(25,74): error CS1031: Type expected [C:\Users\user\Desktop\ERP-vNext\services\Diten.Platform.Contracts\Diten.Platform.Contracts.csproj]
dotnet watch ❌ C:\Users\user\Desktop\ERP-vNext\services\Diten.Platform.Contracts\Events\TenantProvisioningFailedV1.cs(17,80): error CS1519: Invalid token ';' in a member declaration [C:\Users\user\Desktop\ERP-vNext\services\Diten.Platform.Contracts\Diten.Platform.Contracts.csproj]
dotnet watch ❌ C:\Users\user\Desktop\ERP-vNext\services\Diten.Platform.Contracts\Events\TenantCancelledV1.cs(25,74): error CS1026: ) expected [C:\Users\user\Desktop\ERP-vNext\services\Diten.Platform.Contracts\Diten.Platform.Contracts.csproj]
dotnet watch ❌ C:\Users\user\Desktop\ERP-vNext\services\Diten.Platform.Contracts\Events\TenantCancelledV1.cs(25,74): error CS1022: Type or namespace definition, or end-of-file expected [C:\Users\user\Desktop\ERP-vNext\services\Diten.Platform.Contracts\Diten.Platform.Contracts.csproj]
dotnet watch ❌ C:\Users\user\Desktop\ERP-vNext\services\Diten.Platform.Contracts\Events\TenantCancelledV1.cs(26,5): error CS1022: Type or namespace definition, or end-of-file expected [C:\Users\user\Desktop\ERP-vNext\services\Diten.Platform.Contracts\Diten.Platform.Contracts.csproj]
dotnet watch ❌ C:\Users\user\Desktop\ERP-vNext\services\Diten.Platform.Contracts\Events\TenantProvisioningFailedV1.cs(18,21): error CS1519: Invalid token '=' in a member declaration [C:\Users\user\Desktop\ERP-vNext\services\Diten.Platform.Contracts\Diten.Platform.Contracts.csproj]
dotnet watch ❌ C:\Users\user\Desktop\ERP-vNext\services\Diten.Platform.Contracts\Events\TenantCreatedV1.cs(19,18): error CS1519: Invalid token '=' in a member declaration [C:\Users\user\Desktop\ERP-vNext\services\Diten.Platform.Contracts\Diten.Platform.Contracts.csproj]
dotnet watch ❌ C:\Users\user\Desktop\ERP-vNext\services\Diten.Platform.Contracts\Events\TenantCancelledV1.cs(31,1): error CS1022: Type or namespace definition, or end-of-file expected [C:\Users\user\Desktop\ERP-vNext\services\Diten.Platform.Contracts\Diten.Platform.Contracts.csproj]
dotnet watch ❌ C:\Users\user\Desktop\ERP-vNext\services\Diten.Platform.Contracts\Events\TenantProvisioningFailedV1.cs(18,68): error CS1519: Invalid token '(' in a member declaration [C:\Users\user\Desktop\ERP-vNext\services\Diten.Platform.Contracts\Diten.Platform.Contracts.csproj]
dotnet watch ❌ C:\Users\user\Desktop\ERP-vNext\services\Diten.Platform.Contracts\Events\TenantCreatedV1.cs(19,70): error CS1519: Invalid token '(' in a member declaration [C:\Users\user\Desktop\ERP-vNext\services\Diten.Platform.Contracts\Diten.Platform.Contracts.csproj]
dotnet watch ❌ C:\Users\user\Desktop\ERP-vNext\services\Diten.Platform.Contracts\Events\TenantProvisioningFailedV1.cs(18,88): error CS1026: ) expected [C:\Users\user\Desktop\ERP-vNext\services\Diten.Platform.Contracts\Diten.Platform.Contracts.csproj]
dotnet watch ❌ C:\Users\user\Desktop\ERP-vNext\services\Diten.Platform.Contracts\Events\TenantProvisioningFailedV1.cs(18,100): error CS8124: Tuple must contain at least two elements. [C:\Users\user\Desktop\ERP-vNext\services\Diten.Platform.Contracts\Diten.Platform.Contracts.csproj]
dotnet watch ❌ C:\Users\user\Desktop\ERP-vNext\services\Diten.Platform.Contracts\Events\TenantCreatedV1.cs(19,79): error CS8124: Tuple must contain at least two elements. [C:\Users\user\Desktop\ERP-vNext\services\Diten.Platform.Contracts\Diten.Platform.Contracts.csproj]
dotnet watch ❌ C:\Users\user\Desktop\ERP-vNext\services\Diten.Platform.Contracts\Events\TenantProvisioningFailedV1.cs(18,101): error CS1519: Invalid token ')' in a member declaration [C:\Users\user\Desktop\ERP-vNext\services\Diten.Platform.Contracts\Diten.Platform.Contracts.csproj]
dotnet watch ❌ C:\Users\user\Desktop\ERP-vNext\services\Diten.Platform.Contracts\Events\TenantCreatedV1.cs(19,80): error CS1519: Invalid token ';' in a member declaration [C:\Users\user\Desktop\ERP-vNext\services\Diten.Platform.Contracts\Diten.Platform.Contracts.csproj]
dotnet watch ❌ C:\Users\user\Desktop\ERP-vNext\services\Diten.Platform.Contracts\Events\TenantProvisioningFailedV1.cs(19,20): error CS1519: Invalid token '=' in a member declaration [C:\Users\user\Desktop\ERP-vNext\services\Diten.Platform.Contracts\Diten.Platform.Contracts.csproj]
dotnet watch ❌ C:\Users\user\Desktop\ERP-vNext\services\Diten.Platform.Contracts\Events\TenantCreatedV1.cs(20,22): error CS1519: Invalid token '=' in a member declaration [C:\Users\user\Desktop\ERP-vNext\services\Diten.Platform.Contracts\Diten.Platform.Contracts.csproj]
dotnet watch ❌ C:\Users\user\Desktop\ERP-vNext\services\Diten.Platform.Contracts\Events\TenantProvisioningFailedV1.cs(19,68): error CS1519: Invalid token '(' in a member declaration [C:\Users\user\Desktop\ERP-vNext\services\Diten.Platform.Contracts\Diten.Platform.Contracts.csproj]
dotnet watch ❌ C:\Users\user\Desktop\ERP-vNext\services\Diten.Platform.Contracts\Events\TenantCreatedV1.cs(20,69): error CS1519: Invalid token '(' in a member declaration [C:\Users\user\Desktop\ERP-vNext\services\Diten.Platform.Contracts\Diten.Platform.Contracts.csproj]
dotnet watch ❌ C:\Users\user\Desktop\ERP-vNext\services\Diten.Platform.Contracts\Events\TenantProvisioningFailedV1.cs(19,87): error CS1026: ) expected [C:\Users\user\Desktop\ERP-vNext\services\Diten.Platform.Contracts\Diten.Platform.Contracts.csproj]
dotnet watch ❌ C:\Users\user\Desktop\ERP-vNext\services\Diten.Platform.Contracts\Events\TenantCreatedV1.cs(20,90): error CS1026: ) expected [C:\Users\user\Desktop\ERP-vNext\services\Diten.Platform.Contracts\Diten.Platform.Contracts.csproj]
dotnet watch ❌ C:\Users\user\Desktop\ERP-vNext\services\Diten.Platform.Contracts\Events\TenantProvisioningFailedV1.cs(19,98): error CS8124: Tuple must contain at least two elements. [C:\Users\user\Desktop\ERP-vNext\services\Diten.Platform.Contracts\Diten.Platform.Contracts.csproj]
dotnet watch ❌ C:\Users\user\Desktop\ERP-vNext\services\Diten.Platform.Contracts\Events\TenantCreatedV1.cs(20,103): error CS8124: Tuple must contain at least two elements. [C:\Users\user\Desktop\ERP-vNext\services\Diten.Platform.Contracts\Diten.Platform.Contracts.csproj]
dotnet watch ❌ C:\Users\user\Desktop\ERP-vNext\services\Diten.Platform.Contracts\Events\TenantCreatedV1.cs(20,104): error CS1519: Invalid token ')' in a member declaration [C:\Users\user\Desktop\ERP-vNext\services\Diten.Platform.Contracts\Diten.Platform.Contracts.csproj]
dotnet watch ❌ C:\Users\user\Desktop\ERP-vNext\services\Diten.Platform.Contracts\Events\TenantCreatedV1.cs(21,27): error CS1519: Invalid token '=' in a member declaration [C:\Users\user\Desktop\ERP-vNext\services\Diten.Platform.Contracts\Diten.Platform.Contracts.csproj]
dotnet watch ❌ C:\Users\user\Desktop\ERP-vNext\services\Diten.Platform.Contracts\Events\TenantCreatedV1.cs(21,75): error CS1519: Invalid token '(' in a member declaration [C:\Users\user\Desktop\ERP-vNext\services\Diten.Platform.Contracts\Diten.Platform.Contracts.csproj]
dotnet watch ❌ C:\Users\user\Desktop\ERP-vNext\services\Diten.Platform.Contracts\Events\TenantCreatedV1.cs(21,101): error CS1026: ) expected [C:\Users\user\Desktop\ERP-vNext\services\Diten.Platform.Contracts\Diten.Platform.Contracts.csproj]
dotnet watch ❌ C:\Users\user\Desktop\ERP-vNext\services\Diten.Platform.Contracts\Events\TenantCreatedV1.cs(21,119): error CS8124: Tuple must contain at least two elements. [C:\Users\user\Desktop\ERP-vNext\services\Diten.Platform.Contracts\Diten.Platform.Contracts.csproj]
dotnet watch ❌ C:\Users\user\Desktop\ERP-vNext\services\Diten.Platform.Contracts\Events\TenantCreatedV1.cs(21,120): error CS1519: Invalid token ',' in a member declaration [C:\Users\user\Desktop\ERP-vNext\services\Diten.Platform.Contracts\Diten.Platform.Contracts.csproj]
dotnet watch ❌ C:\Users\user\Desktop\ERP-vNext\services\Diten.Platform.Contracts\Events\TenantCreatedV1.cs(22,16): error CS1519: Invalid token '=' in a member declaration [C:\Users\user\Desktop\ERP-vNext\services\Diten.Platform.Contracts\Diten.Platform.Contracts.csproj]
dotnet watch ❌ C:\Users\user\Desktop\ERP-vNext\services\Diten.Platform.Contracts\Events\TenantCreatedV1.cs(22,64): error CS1519: Invalid token '(' in a member declaration [C:\Users\user\Desktop\ERP-vNext\services\Diten.Platform.Contracts\Diten.Platform.Contracts.csproj]
dotnet watch ❌ C:\Users\user\Desktop\ERP-vNext\services\Diten.Platform.Contracts\Events\TenantCreatedV1.cs(22,79): error CS1026: ) expected [C:\Users\user\Desktop\ERP-vNext\services\Diten.Platform.Contracts\Diten.Platform.Contracts.csproj]
dotnet watch ❌ C:\Users\user\Desktop\ERP-vNext\services\Diten.Platform.Contracts\Events\TenantCreatedV1.cs(22,86): error CS8124: Tuple must contain at least two elements. [C:\Users\user\Desktop\ERP-vNext\services\Diten.Platform.Contracts\Diten.Platform.Contracts.csproj]
dotnet watch ❌ C:\Users\user\Desktop\ERP-vNext\services\Diten.Platform.Contracts\Events\TenantCreatedV1.cs(22,87): error CS1519: Invalid token ',' in a member declaration [C:\Users\user\Desktop\ERP-vNext\services\Diten.Platform.Contracts\Diten.Platform.Contracts.csproj]
dotnet watch ❌ C:\Users\user\Desktop\ERP-vNext\services\Diten.Platform.Contracts\Events\TenantCreatedV1.cs(23,5): error CS1519: Invalid token '}' in a member declaration [C:\Users\user\Desktop\ERP-vNext\services\Diten.Platform.Contracts\Diten.Platform.Contracts.csproj]
dotnet watch ❌ C:\Users\user\Desktop\ERP-vNext\services\Diten.Platform.Contracts\Events\TenantProvisioningFailedV1.cs(19,99): error CS1519: Invalid token ',' in a member declaration [C:\Users\user\Desktop\ERP-vNext\services\Diten.Platform.Contracts\Diten.Platform.Contracts.csproj]
dotnet watch ❌ C:\Users\user\Desktop\ERP-vNext\services\Diten.Platform.Contracts\Events\TenantProvisioningFailedV1.cs(20,15): error CS1519: Invalid token '=' in a member declaration [C:\Users\user\Desktop\ERP-vNext\services\Diten.Platform.Contracts\Diten.Platform.Contracts.csproj]
dotnet watch ❌ C:\Users\user\Desktop\ERP-vNext\services\Diten.Platform.Contracts\Events\TenantProvisioningFailedV1.cs(20,72): error CS1519: Invalid token '(' in a member declaration [C:\Users\user\Desktop\ERP-vNext\services\Diten.Platform.Contracts\Diten.Platform.Contracts.csproj]
dotnet watch ❌ C:\Users\user\Desktop\ERP-vNext\services\Diten.Platform.Contracts\Events\TenantProvisioningFailedV1.cs(20,78): error CS8124: Tuple must contain at least two elements. [C:\Users\user\Desktop\ERP-vNext\services\Diten.Platform.Contracts\Diten.Platform.Contracts.csproj]
dotnet watch ❌ C:\Users\user\Desktop\ERP-vNext\services\Diten.Platform.Contracts\Events\TenantProvisioningFailedV1.cs(20,79): error CS1519: Invalid token ';' in a member declaration [C:\Users\user\Desktop\ERP-vNext\services\Diten.Platform.Contracts\Diten.Platform.Contracts.csproj]
dotnet watch ❌ C:\Users\user\Desktop\ERP-vNext\services\Diten.Platform.Contracts\Events\TenantProvisioningFailedV1.cs(21,28): error CS1031: Type expected [C:\Users\user\Desktop\ERP-vNext\services\Diten.Platform.Contracts\Diten.Platform.Contracts.csproj]
dotnet watch ❌ C:\Users\user\Desktop\ERP-vNext\services\Diten.Platform.Contracts\Events\TenantProvisioningFailedV1.cs(21,28): error CS1003: Syntax error, ',' expected [C:\Users\user\Desktop\ERP-vNext\services\Diten.Platform.Contracts\Diten.Platform.Contracts.csproj]
dotnet watch ❌ C:\Users\user\Desktop\ERP-vNext\services\Diten.Platform.Contracts\Events\TenantProvisioningFailedV1.cs(21,30): error CS1003: Syntax error, '>' expected [C:\Users\user\Desktop\ERP-vNext\services\Diten.Platform.Contracts\Diten.Platform.Contracts.csproj]
dotnet watch ❌ C:\Users\user\Desktop\ERP-vNext\services\Diten.Platform.Contracts\Events\TenantProvisioningFailedV1.cs(21,30): error CS8124: Tuple must contain at least two elements. [C:\Users\user\Desktop\ERP-vNext\services\Diten.Platform.Contracts\Diten.Platform.Contracts.csproj]
dotnet watch ❌ C:\Users\user\Desktop\ERP-vNext\services\Diten.Platform.Contracts\Events\TenantProvisioningFailedV1.cs(21,30): error CS1026: ) expected [C:\Users\user\Desktop\ERP-vNext\services\Diten.Platform.Contracts\Diten.Platform.Contracts.csproj]
dotnet watch ❌ C:\Users\user\Desktop\ERP-vNext\services\Diten.Platform.Contracts\Events\TenantProvisioningFailedV1.cs(22,9): error CS1519: Invalid token '{' in a member declaration [C:\Users\user\Desktop\ERP-vNext\services\Diten.Platform.Contracts\Diten.Platform.Contracts.csproj]
dotnet watch ❌ C:\Users\user\Desktop\ERP-vNext\services\Diten.Platform.Contracts\Events\TenantProvisioningFailedV1.cs(23,41): error CS1001: Identifier expected [C:\Users\user\Desktop\ERP-vNext\services\Diten.Platform.Contracts\Diten.Platform.Contracts.csproj]
dotnet watch ❌ C:\Users\user\Desktop\ERP-vNext\services\Diten.Platform.Contracts\Events\TenantProvisioningFailedV1.cs(23,91): error CS1031: Type expected [C:\Users\user\Desktop\ERP-vNext\services\Diten.Platform.Contracts\Diten.Platform.Contracts.csproj]
dotnet watch ❌ C:\Users\user\Desktop\ERP-vNext\services\Diten.Platform.Contracts\Events\TenantProvisioningFailedV1.cs(23,91): error CS1001: Identifier expected [C:\Users\user\Desktop\ERP-vNext\services\Diten.Platform.Contracts\Diten.Platform.Contracts.csproj]
dotnet watch ❌ C:\Users\user\Desktop\ERP-vNext\services\Diten.Platform.Contracts\Events\TenantProvisioningFailedV1.cs(23,99): error CS1001: Identifier expected [C:\Users\user\Desktop\ERP-vNext\services\Diten.Platform.Contracts\Diten.Platform.Contracts.csproj]
dotnet watch ❌ C:\Users\user\Desktop\ERP-vNext\services\Diten.Platform.Contracts\Events\TenantProvisioningFailedV1.cs(23,99): error CS1003: Syntax error, ',' expected [C:\Users\user\Desktop\ERP-vNext\services\Diten.Platform.Contracts\Diten.Platform.Contracts.csproj]
dotnet watch ❌ C:\Users\user\Desktop\ERP-vNext\services\Diten.Platform.Contracts\Events\TenantProvisioningFailedV1.cs(23,112): error CS8124: Tuple must contain at least two elements. [C:\Users\user\Desktop\ERP-vNext\services\Diten.Platform.Contracts\Diten.Platform.Contracts.csproj]
dotnet watch ❌ C:\Users\user\Desktop\ERP-vNext\services\Diten.Platform.Contracts\Events\TenantProvisioningFailedV1.cs(23,113): error CS1001: Identifier expected [C:\Users\user\Desktop\ERP-vNext\services\Diten.Platform.Contracts\Diten.Platform.Contracts.csproj]
dotnet watch ❌ C:\Users\user\Desktop\ERP-vNext\services\Diten.Platform.Contracts\Events\TenantProvisioningFailedV1.cs(25,5): error CS1022: Type or namespace definition, or end-of-file expected [C:\Users\user\Desktop\ERP-vNext\services\Diten.Platform.Contracts\Diten.Platform.Contracts.csproj]
dotnet watch ❌ C:\Users\user\Desktop\ERP-vNext\services\Diten.Platform.Contracts\Events\TenantProvisioningFailedV1.cs(30,1): error CS1022: Type or namespace definition, or end-of-file expected [C:\Users\user\Desktop\ERP-vNext\services\Diten.Platform.Contracts\Diten.Platform.Contracts.csproj]
dotnet watch 🔨 
dotnet watch 🔨 Build FAILED.
dotnet watch 🔨 
dotnet watch ❌ C:\Users\user\Desktop\ERP-vNext\services\Diten.Platform.Contracts\Events\TenantCancelledV1.cs(16,5): error CS1519: Invalid token '{' in a member declaration [C:\Users\user\Desktop\ERP-vNext\services\Diten.Platform.Contracts\Diten.Platform.Contracts.csproj]
dotnet watch ❌ C:\Users\user\Desktop\ERP-vNext\services\Diten.Platform.Contracts\Events\TenantProvisioningCompletedV1.cs(14,5): error CS1519: Invalid token '{' in a member declaration [C:\Users\user\Desktop\ERP-vNext\services\Diten.Platform.Contracts\Diten.Platform.Contracts.csproj]
dotnet watch ❌ C:\Users\user\Desktop\ERP-vNext\services\Diten.Platform.Contracts\Events\TenantSuspendedV1.cs(15,5): error CS1519: Invalid token '{' in a member declaration [C:\Users\user\Desktop\ERP-vNext\services\Diten.Platform.Contracts\Diten.Platform.Contracts.csproj]
dotnet watch ❌ C:\Users\user\Desktop\ERP-vNext\services\Diten.Platform.Contracts\Events\TenantProvisioningFailedV1.cs(16,5): error CS1519: Invalid token '{' in a member declaration [C:\Users\user\Desktop\ERP-vNext\services\Diten.Platform.Contracts\Diten.Platform.Contracts.csproj]
dotnet watch ❌ C:\Users\user\Desktop\ERP-vNext\services\Diten.Platform.Contracts\Events\TenantReactivatedV1.cs(14,5): error CS1519: Invalid token '{' in a member declaration [C:\Users\user\Desktop\ERP-vNext\services\Diten.Platform.Contracts\Diten.Platform.Contracts.csproj]
dotnet watch ❌ C:\Users\user\Desktop\ERP-vNext\services\Diten.Platform.Contracts\Events\TenantSuspendedV1.cs(16,18): error CS1519: Invalid token '=' in a member declaration [C:\Users\user\Desktop\ERP-vNext\services\Diten.Platform.Contracts\Diten.Platform.Contracts.csproj]
dotnet watch ❌ C:\Users\user\Desktop\ERP-vNext\services\Diten.Platform.Contracts\Events\TenantCancelledV1.cs(17,18): error CS1519: Invalid token '=' in a member declaration [C:\Users\user\Desktop\ERP-vNext\services\Diten.Platform.Contracts\Diten.Platform.Contracts.csproj]
dotnet watch ❌ C:\Users\user\Desktop\ERP-vNext\services\Diten.Platform.Contracts\Events\TenantProvisioningFailedV1.cs(17,18): error CS1519: Invalid token '=' in a member declaration [C:\Users\user\Desktop\ERP-vNext\services\Diten.Platform.Contracts\Diten.Platform.Contracts.csproj]
dotnet watch ❌ C:\Users\user\Desktop\ERP-vNext\services\Diten.Platform.Contracts\Events\TenantReactivatedV1.cs(15,18): error CS1519: Invalid token '=' in a member declaration [C:\Users\user\Desktop\ERP-vNext\services\Diten.Platform.Contracts\Diten.Platform.Contracts.csproj]
dotnet watch ❌ C:\Users\user\Desktop\ERP-vNext\services\Diten.Platform.Contracts\Events\TenantProvisioningCompletedV1.cs(15,18): error CS1519: Invalid token '=' in a member declaration [C:\Users\user\Desktop\ERP-vNext\services\Diten.Platform.Contracts\Diten.Platform.Contracts.csproj]
dotnet watch ❌ C:\Users\user\Desktop\ERP-vNext\services\Diten.Platform.Contracts\Events\TenantCancelledV1.cs(17,70): error CS1519: Invalid token '(' in a member declaration [C:\Users\user\Desktop\ERP-vNext\services\Diten.Platform.Contracts\Diten.Platform.Contracts.csproj]
dotnet watch ❌ C:\Users\user\Desktop\ERP-vNext\services\Diten.Platform.Contracts\Events\TenantSuspendedV1.cs(16,70): error CS1519: Invalid token '(' in a member declaration [C:\Users\user\Desktop\ERP-vNext\services\Diten.Platform.Contracts\Diten.Platform.Contracts.csproj]
dotnet watch ❌ C:\Users\user\Desktop\ERP-vNext\services\Diten.Platform.Contracts\Events\TenantReactivatedV1.cs(15,70): error CS1519: Invalid token '(' in a member declaration [C:\Users\user\Desktop\ERP-vNext\services\Diten.Platform.Contracts\Diten.Platform.Contracts.csproj]
dotnet watch ❌ C:\Users\user\Desktop\ERP-vNext\services\Diten.Platform.Contracts\Events\TenantProvisioningFailedV1.cs(17,70): error CS1519: Invalid token '(' in a member declaration [C:\Users\user\Desktop\ERP-vNext\services\Diten.Platform.Contracts\Diten.Platform.Contracts.csproj]
dotnet watch ❌ C:\Users\user\Desktop\ERP-vNext\services\Diten.Platform.Contracts\Events\TenantProvisioningCompletedV1.cs(15,70): error CS1519: Invalid token '(' in a member declaration [C:\Users\user\Desktop\ERP-vNext\services\Diten.Platform.Contracts\Diten.Platform.Contracts.csproj]
dotnet watch ❌ C:\Users\user\Desktop\ERP-vNext\services\Diten.Platform.Contracts\Events\TenantCancelledV1.cs(17,79): error CS8124: Tuple must contain at least two elements. [C:\Users\user\Desktop\ERP-vNext\services\Diten.Platform.Contracts\Diten.Platform.Contracts.csproj]
dotnet watch ❌ C:\Users\user\Desktop\ERP-vNext\services\Diten.Platform.Contracts\Events\TenantProvisioningCompletedV1.cs(15,79): error CS8124: Tuple must contain at least two elements. [C:\Users\user\Desktop\ERP-vNext\services\Diten.Platform.Contracts\Diten.Platform.Contracts.csproj]
dotnet watch ❌ C:\Users\user\Desktop\ERP-vNext\services\Diten.Platform.Contracts\Events\TenantReactivatedV1.cs(15,79): error CS8124: Tuple must contain at least two elements. [C:\Users\user\Desktop\ERP-vNext\services\Diten.Platform.Contracts\Diten.Platform.Contracts.csproj]
dotnet watch ❌ C:\Users\user\Desktop\ERP-vNext\services\Diten.Platform.Contracts\Events\TenantProvisioningFailedV1.cs(17,79): error CS8124: Tuple must contain at least two elements. [C:\Users\user\Desktop\ERP-vNext\services\Diten.Platform.Contracts\Diten.Platform.Contracts.csproj]
dotnet watch ❌ C:\Users\user\Desktop\ERP-vNext\services\Diten.Platform.Contracts\Events\TenantSuspendedV1.cs(16,79): error CS8124: Tuple must contain at least two elements. [C:\Users\user\Desktop\ERP-vNext\services\Diten.Platform.Contracts\Diten.Platform.Contracts.csproj]
dotnet watch ❌ C:\Users\user\Desktop\ERP-vNext\services\Diten.Platform.Contracts\Events\TenantCancelledV1.cs(17,80): error CS1519: Invalid token ';' in a member declaration [C:\Users\user\Desktop\ERP-vNext\services\Diten.Platform.Contracts\Diten.Platform.Contracts.csproj]
dotnet watch ❌ C:\Users\user\Desktop\ERP-vNext\services\Diten.Platform.Contracts\Events\TenantSuspendedV1.cs(16,80): error CS1519: Invalid token ';' in a member declaration [C:\Users\user\Desktop\ERP-vNext\services\Diten.Platform.Contracts\Diten.Platform.Contracts.csproj]
dotnet watch ❌ C:\Users\user\Desktop\ERP-vNext\services\Diten.Platform.Contracts\Events\TenantCancelledV1.cs(18,24): error CS1519: Invalid token '=' in a member declaration [C:\Users\user\Desktop\ERP-vNext\services\Diten.Platform.Contracts\Diten.Platform.Contracts.csproj]
dotnet watch ❌ C:\Users\user\Desktop\ERP-vNext\services\Diten.Platform.Contracts\Events\TenantProvisioningCompletedV1.cs(15,80): error CS1519: Invalid token ';' in a member declaration [C:\Users\user\Desktop\ERP-vNext\services\Diten.Platform.Contracts\Diten.Platform.Contracts.csproj]
dotnet watch ❌ C:\Users\user\Desktop\ERP-vNext\services\Diten.Platform.Contracts\Events\TenantCancelledV1.cs(18,71): error CS1519: Invalid token '(' in a member declaration [C:\Users\user\Desktop\ERP-vNext\services\Diten.Platform.Contracts\Diten.Platform.Contracts.csproj]
dotnet watch ❌ C:\Users\user\Desktop\ERP-vNext\services\Diten.Platform.Contracts\Events\TenantCancelledV1.cs(18,94): error CS1026: ) expected [C:\Users\user\Desktop\ERP-vNext\services\Diten.Platform.Contracts\Diten.Platform.Contracts.csproj]
dotnet watch ❌ C:\Users\user\Desktop\ERP-vNext\services\Diten.Platform.Contracts\Events\TenantProvisioningCompletedV1.cs(16,24): error CS1519: Invalid token '=' in a member declaration [C:\Users\user\Desktop\ERP-vNext\services\Diten.Platform.Contracts\Diten.Platform.Contracts.csproj]
dotnet watch ❌ C:\Users\user\Desktop\ERP-vNext\services\Diten.Platform.Contracts\Events\TenantCancelledV1.cs(18,109): error CS8124: Tuple must contain at least two elements. [C:\Users\user\Desktop\ERP-vNext\services\Diten.Platform.Contracts\Diten.Platform.Contracts.csproj]
dotnet watch ❌ C:\Users\user\Desktop\ERP-vNext\services\Diten.Platform.Contracts\Events\TenantCancelledV1.cs(18,110): error CS1519: Invalid token ')' in a member declaration [C:\Users\user\Desktop\ERP-vNext\services\Diten.Platform.Contracts\Diten.Platform.Contracts.csproj]
dotnet watch ❌ C:\Users\user\Desktop\ERP-vNext\services\Diten.Platform.Contracts\Events\TenantProvisioningCompletedV1.cs(16,71): error CS1519: Invalid token '(' in a member declaration [C:\Users\user\Desktop\ERP-vNext\services\Diten.Platform.Contracts\Diten.Platform.Contracts.csproj]
dotnet watch ❌ C:\Users\user\Desktop\ERP-vNext\services\Diten.Platform.Contracts\Events\TenantCancelledV1.cs(19,24): error CS1519: Invalid token '=' in a member declaration [C:\Users\user\Desktop\ERP-vNext\services\Diten.Platform.Contracts\Diten.Platform.Contracts.csproj]
dotnet watch ❌ C:\Users\user\Desktop\ERP-vNext\services\Diten.Platform.Contracts\Events\TenantProvisioningCompletedV1.cs(16,94): error CS1026: ) expected [C:\Users\user\Desktop\ERP-vNext\services\Diten.Platform.Contracts\Diten.Platform.Contracts.csproj]
dotnet watch ❌ C:\Users\user\Desktop\ERP-vNext\services\Diten.Platform.Contracts\Events\TenantCancelledV1.cs(19,71): error CS1519: Invalid token '(' in a member declaration [C:\Users\user\Desktop\ERP-vNext\services\Diten.Platform.Contracts\Diten.Platform.Contracts.csproj]
dotnet watch ❌ C:\Users\user\Desktop\ERP-vNext\services\Diten.Platform.Contracts\Events\TenantProvisioningCompletedV1.cs(16,109): error CS8124: Tuple must contain at least two elements. [C:\Users\user\Desktop\ERP-vNext\services\Diten.Platform.Contracts\Diten.Platform.Contracts.csproj]
dotnet watch ❌ C:\Users\user\Desktop\ERP-vNext\services\Diten.Platform.Contracts\Events\TenantCancelledV1.cs(19,94): error CS1026: ) expected [C:\Users\user\Desktop\ERP-vNext\services\Diten.Platform.Contracts\Diten.Platform.Contracts.csproj]
dotnet watch ❌ C:\Users\user\Desktop\ERP-vNext\services\Diten.Platform.Contracts\Events\TenantCancelledV1.cs(19,109): error CS8124: Tuple must contain at least two elements. [C:\Users\user\Desktop\ERP-vNext\services\Diten.Platform.Contracts\Diten.Platform.Contracts.csproj]
dotnet watch ❌ C:\Users\user\Desktop\ERP-vNext\services\Diten.Platform.Contracts\Events\TenantProvisioningCompletedV1.cs(16,110): error CS1519: Invalid token ')' in a member declaration [C:\Users\user\Desktop\ERP-vNext\services\Diten.Platform.Contracts\Diten.Platform.Contracts.csproj]
dotnet watch ❌ C:\Users\user\Desktop\ERP-vNext\services\Diten.Platform.Contracts\Events\TenantProvisioningCompletedV1.cs(17,15): error CS1519: Invalid token '=' in a member declaration [C:\Users\user\Desktop\ERP-vNext\services\Diten.Platform.Contracts\Diten.Platform.Contracts.csproj]
dotnet watch ❌ C:\Users\user\Desktop\ERP-vNext\services\Diten.Platform.Contracts\Events\TenantProvisioningCompletedV1.cs(17,64): error CS1519: Invalid token '(' in a member declaration [C:\Users\user\Desktop\ERP-vNext\services\Diten.Platform.Contracts\Diten.Platform.Contracts.csproj]
dotnet watch ❌ C:\Users\user\Desktop\ERP-vNext\services\Diten.Platform.Contracts\Events\TenantProvisioningCompletedV1.cs(17,70): error CS8124: Tuple must contain at least two elements. [C:\Users\user\Desktop\ERP-vNext\services\Diten.Platform.Contracts\Diten.Platform.Contracts.csproj]
dotnet watch ❌ C:\Users\user\Desktop\ERP-vNext\services\Diten.Platform.Contracts\Events\TenantProvisioningCompletedV1.cs(17,71): error CS1519: Invalid token ';' in a member declaration [C:\Users\user\Desktop\ERP-vNext\services\Diten.Platform.Contracts\Diten.Platform.Contracts.csproj]
dotnet watch ❌ C:\Users\user\Desktop\ERP-vNext\services\Diten.Platform.Contracts\Events\TenantSuspendedV1.cs(17,24): error CS1519: Invalid token '=' in a member declaration [C:\Users\user\Desktop\ERP-vNext\services\Diten.Platform.Contracts\Diten.Platform.Contracts.csproj]
dotnet watch ❌ C:\Users\user\Desktop\ERP-vNext\services\Diten.Platform.Contracts\Events\TenantProvisioningCompletedV1.cs(18,5): error CS1519: Invalid token '}' in a member declaration [C:\Users\user\Desktop\ERP-vNext\services\Diten.Platform.Contracts\Diten.Platform.Contracts.csproj]
dotnet watch ❌ C:\Users\user\Desktop\ERP-vNext\services\Diten.Platform.Contracts\Events\TenantSuspendedV1.cs(17,71): error CS1519: Invalid token '(' in a member declaration [C:\Users\user\Desktop\ERP-vNext\services\Diten.Platform.Contracts\Diten.Platform.Contracts.csproj]
dotnet watch ❌ C:\Users\user\Desktop\ERP-vNext\services\Diten.Platform.Contracts\Events\TenantCancelledV1.cs(19,110): error CS1519: Invalid token ')' in a member declaration [C:\Users\user\Desktop\ERP-vNext\services\Diten.Platform.Contracts\Diten.Platform.Contracts.csproj]
dotnet watch ❌ C:\Users\user\Desktop\ERP-vNext\services\Diten.Platform.Contracts\Events\TenantSuspendedV1.cs(17,94): error CS1026: ) expected [C:\Users\user\Desktop\ERP-vNext\services\Diten.Platform.Contracts\Diten.Platform.Contracts.csproj]
dotnet watch ❌ C:\Users\user\Desktop\ERP-vNext\services\Diten.Platform.Contracts\Events\TenantCancelledV1.cs(20,44): error CS1003: Syntax error, '>' expected [C:\Users\user\Desktop\ERP-vNext\services\Diten.Platform.Contracts\Diten.Platform.Contracts.csproj]
dotnet watch ❌ C:\Users\user\Desktop\ERP-vNext\services\Diten.Platform.Contracts\Events\TenantSuspendedV1.cs(17,109): error CS8124: Tuple must contain at least two elements. [C:\Users\user\Desktop\ERP-vNext\services\Diten.Platform.Contracts\Diten.Platform.Contracts.csproj]
dotnet watch ❌ C:\Users\user\Desktop\ERP-vNext\services\Diten.Platform.Contracts\Events\TenantCancelledV1.cs(20,44): error CS8124: Tuple must contain at least two elements. [C:\Users\user\Desktop\ERP-vNext\services\Diten.Platform.Contracts\Diten.Platform.Contracts.csproj]
dotnet watch ❌ C:\Users\user\Desktop\ERP-vNext\services\Diten.Platform.Contracts\Events\TenantSuspendedV1.cs(17,110): error CS1519: Invalid token ')' in a member declaration [C:\Users\user\Desktop\ERP-vNext\services\Diten.Platform.Contracts\Diten.Platform.Contracts.csproj]
dotnet watch ❌ C:\Users\user\Desktop\ERP-vNext\services\Diten.Platform.Contracts\Events\TenantCancelledV1.cs(21,9): error CS1519: Invalid token '{' in a member declaration [C:\Users\user\Desktop\ERP-vNext\services\Diten.Platform.Contracts\Diten.Platform.Contracts.csproj]
dotnet watch ❌ C:\Users\user\Desktop\ERP-vNext\services\Diten.Platform.Contracts\Events\TenantSuspendedV1.cs(18,16): error CS1519: Invalid token '=' in a member declaration [C:\Users\user\Desktop\ERP-vNext\services\Diten.Platform.Contracts\Diten.Platform.Contracts.csproj]
dotnet watch ❌ C:\Users\user\Desktop\ERP-vNext\services\Diten.Platform.Contracts\Events\TenantSuspendedV1.cs(18,64): error CS1519: Invalid token '(' in a member declaration [C:\Users\user\Desktop\ERP-vNext\services\Diten.Platform.Contracts\Diten.Platform.Contracts.csproj]
dotnet watch ❌ C:\Users\user\Desktop\ERP-vNext\services\Diten.Platform.Contracts\Events\TenantSuspendedV1.cs(18,79): error CS1026: ) expected [C:\Users\user\Desktop\ERP-vNext\services\Diten.Platform.Contracts\Diten.Platform.Contracts.csproj]
dotnet watch ❌ C:\Users\user\Desktop\ERP-vNext\services\Diten.Platform.Contracts\Events\TenantSuspendedV1.cs(18,86): error CS8124: Tuple must contain at least two elements. [C:\Users\user\Desktop\ERP-vNext\services\Diten.Platform.Contracts\Diten.Platform.Contracts.csproj]
dotnet watch ❌ C:\Users\user\Desktop\ERP-vNext\services\Diten.Platform.Contracts\Events\TenantReactivatedV1.cs(15,80): error CS1519: Invalid token ';' in a member declaration [C:\Users\user\Desktop\ERP-vNext\services\Diten.Platform.Contracts\Diten.Platform.Contracts.csproj]
dotnet watch ❌ C:\Users\user\Desktop\ERP-vNext\services\Diten.Platform.Contracts\Events\TenantSuspendedV1.cs(18,87): error CS1519: Invalid token ',' in a member declaration [C:\Users\user\Desktop\ERP-vNext\services\Diten.Platform.Contracts\Diten.Platform.Contracts.csproj]
dotnet watch ❌ C:\Users\user\Desktop\ERP-vNext\services\Diten.Platform.Contracts\Events\TenantCancelledV1.cs(22,41): error CS1001: Identifier expected [C:\Users\user\Desktop\ERP-vNext\services\Diten.Platform.Contracts\Diten.Platform.Contracts.csproj]
dotnet watch ❌ C:\Users\user\Desktop\ERP-vNext\services\Diten.Platform.Contracts\Events\TenantSuspendedV1.cs(19,5): error CS1519: Invalid token '}' in a member declaration [C:\Users\user\Desktop\ERP-vNext\services\Diten.Platform.Contracts\Diten.Platform.Contracts.csproj]
dotnet watch ❌ C:\Users\user\Desktop\ERP-vNext\services\Diten.Platform.Contracts\Events\TenantReactivatedV1.cs(16,26): error CS1519: Invalid token '=' in a member declaration [C:\Users\user\Desktop\ERP-vNext\services\Diten.Platform.Contracts\Diten.Platform.Contracts.csproj]
dotnet watch ❌ C:\Users\user\Desktop\ERP-vNext\services\Diten.Platform.Contracts\Events\TenantCancelledV1.cs(22,106): error CS1031: Type expected [C:\Users\user\Desktop\ERP-vNext\services\Diten.Platform.Contracts\Diten.Platform.Contracts.csproj]
dotnet watch ❌ C:\Users\user\Desktop\ERP-vNext\services\Diten.Platform.Contracts\Events\TenantCancelledV1.cs(22,106): error CS1001: Identifier expected [C:\Users\user\Desktop\ERP-vNext\services\Diten.Platform.Contracts\Diten.Platform.Contracts.csproj]
dotnet watch ❌ C:\Users\user\Desktop\ERP-vNext\services\Diten.Platform.Contracts\Events\TenantCancelledV1.cs(22,114): error CS1001: Identifier expected [C:\Users\user\Desktop\ERP-vNext\services\Diten.Platform.Contracts\Diten.Platform.Contracts.csproj]
dotnet watch ❌ C:\Users\user\Desktop\ERP-vNext\services\Diten.Platform.Contracts\Events\TenantCancelledV1.cs(22,114): error CS1003: Syntax error, ',' expected [C:\Users\user\Desktop\ERP-vNext\services\Diten.Platform.Contracts\Diten.Platform.Contracts.csproj]
dotnet watch ❌ C:\Users\user\Desktop\ERP-vNext\services\Diten.Platform.Contracts\Events\TenantReactivatedV1.cs(16,73): error CS1519: Invalid token '(' in a member declaration [C:\Users\user\Desktop\ERP-vNext\services\Diten.Platform.Contracts\Diten.Platform.Contracts.csproj]
dotnet watch ❌ C:\Users\user\Desktop\ERP-vNext\services\Diten.Platform.Contracts\Events\TenantCancelledV1.cs(22,129): error CS8124: Tuple must contain at least two elements. [C:\Users\user\Desktop\ERP-vNext\services\Diten.Platform.Contracts\Diten.Platform.Contracts.csproj]
dotnet watch ❌ C:\Users\user\Desktop\ERP-vNext\services\Diten.Platform.Contracts\Events\TenantReactivatedV1.cs(16,98): error CS1026: ) expected [C:\Users\user\Desktop\ERP-vNext\services\Diten.Platform.Contracts\Diten.Platform.Contracts.csproj]
dotnet watch ❌ C:\Users\user\Desktop\ERP-vNext\services\Diten.Platform.Contracts\Events\TenantCancelledV1.cs(22,130): error CS1001: Identifier expected [C:\Users\user\Desktop\ERP-vNext\services\Diten.Platform.Contracts\Diten.Platform.Contracts.csproj]
dotnet watch ❌ C:\Users\user\Desktop\ERP-vNext\services\Diten.Platform.Contracts\Events\TenantCreatedV1.cs(18,5): error CS1519: Invalid token '{' in a member declaration [C:\Users\user\Desktop\ERP-vNext\services\Diten.Platform.Contracts\Diten.Platform.Contracts.csproj]
dotnet watch ❌ C:\Users\user\Desktop\ERP-vNext\services\Diten.Platform.Contracts\Events\TenantReactivatedV1.cs(16,115): error CS8124: Tuple must contain at least two elements. [C:\Users\user\Desktop\ERP-vNext\services\Diten.Platform.Contracts\Diten.Platform.Contracts.csproj]
dotnet watch ❌ C:\Users\user\Desktop\ERP-vNext\services\Diten.Platform.Contracts\Events\TenantCancelledV1.cs(25,9): error CS0116: A namespace cannot directly contain members such as fields, methods or statements [C:\Users\user\Desktop\ERP-vNext\services\Diten.Platform.Contracts\Diten.Platform.Contracts.csproj]
dotnet watch ❌ C:\Users\user\Desktop\ERP-vNext\services\Diten.Platform.Contracts\Events\TenantReactivatedV1.cs(16,116): error CS1519: Invalid token ')' in a member declaration [C:\Users\user\Desktop\ERP-vNext\services\Diten.Platform.Contracts\Diten.Platform.Contracts.csproj]
dotnet watch ❌ C:\Users\user\Desktop\ERP-vNext\services\Diten.Platform.Contracts\Events\TenantCancelledV1.cs(25,16): error CS1022: Type or namespace definition, or end-of-file expected [C:\Users\user\Desktop\ERP-vNext\services\Diten.Platform.Contracts\Diten.Platform.Contracts.csproj]
dotnet watch ❌ C:\Users\user\Desktop\ERP-vNext\services\Diten.Platform.Contracts\Events\TenantCancelledV1.cs(25,53): error CS0116: A namespace cannot directly contain members such as fields, methods or statements [C:\Users\user\Desktop\ERP-vNext\services\Diten.Platform.Contracts\Diten.Platform.Contracts.csproj]
dotnet watch ❌ C:\Users\user\Desktop\ERP-vNext\services\Diten.Platform.Contracts\Events\TenantReactivatedV1.cs(17,5): error CS1519: Invalid token '}' in a member declaration [C:\Users\user\Desktop\ERP-vNext\services\Diten.Platform.Contracts\Diten.Platform.Contracts.csproj]
dotnet watch ❌ C:\Users\user\Desktop\ERP-vNext\services\Diten.Platform.Contracts\Events\TenantCancelledV1.cs(25,74): error CS1031: Type expected [C:\Users\user\Desktop\ERP-vNext\services\Diten.Platform.Contracts\Diten.Platform.Contracts.csproj]
dotnet watch ❌ C:\Users\user\Desktop\ERP-vNext\services\Diten.Platform.Contracts\Events\TenantProvisioningFailedV1.cs(17,80): error CS1519: Invalid token ';' in a member declaration [C:\Users\user\Desktop\ERP-vNext\services\Diten.Platform.Contracts\Diten.Platform.Contracts.csproj]
dotnet watch ❌ C:\Users\user\Desktop\ERP-vNext\services\Diten.Platform.Contracts\Events\TenantCancelledV1.cs(25,74): error CS1026: ) expected [C:\Users\user\Desktop\ERP-vNext\services\Diten.Platform.Contracts\Diten.Platform.Contracts.csproj]
dotnet watch ❌ C:\Users\user\Desktop\ERP-vNext\services\Diten.Platform.Contracts\Events\TenantCancelledV1.cs(25,74): error CS1022: Type or namespace definition, or end-of-file expected [C:\Users\user\Desktop\ERP-vNext\services\Diten.Platform.Contracts\Diten.Platform.Contracts.csproj]
dotnet watch ❌ C:\Users\user\Desktop\ERP-vNext\services\Diten.Platform.Contracts\Events\TenantCancelledV1.cs(26,5): error CS1022: Type or namespace definition, or end-of-file expected [C:\Users\user\Desktop\ERP-vNext\services\Diten.Platform.Contracts\Diten.Platform.Contracts.csproj]
dotnet watch ❌ C:\Users\user\Desktop\ERP-vNext\services\Diten.Platform.Contracts\Events\TenantProvisioningFailedV1.cs(18,21): error CS1519: Invalid token '=' in a member declaration [C:\Users\user\Desktop\ERP-vNext\services\Diten.Platform.Contracts\Diten.Platform.Contracts.csproj]
dotnet watch ❌ C:\Users\user\Desktop\ERP-vNext\services\Diten.Platform.Contracts\Events\TenantCreatedV1.cs(19,18): error CS1519: Invalid token '=' in a member declaration [C:\Users\user\Desktop\ERP-vNext\services\Diten.Platform.Contracts\Diten.Platform.Contracts.csproj]
dotnet watch ❌ C:\Users\user\Desktop\ERP-vNext\services\Diten.Platform.Contracts\Events\TenantCancelledV1.cs(31,1): error CS1022: Type or namespace definition, or end-of-file expected [C:\Users\user\Desktop\ERP-vNext\services\Diten.Platform.Contracts\Diten.Platform.Contracts.csproj]
dotnet watch ❌ C:\Users\user\Desktop\ERP-vNext\services\Diten.Platform.Contracts\Events\TenantProvisioningFailedV1.cs(18,68): error CS1519: Invalid token '(' in a member declaration [C:\Users\user\Desktop\ERP-vNext\services\Diten.Platform.Contracts\Diten.Platform.Contracts.csproj]
dotnet watch ❌ C:\Users\user\Desktop\ERP-vNext\services\Diten.Platform.Contracts\Events\TenantCreatedV1.cs(19,70): error CS1519: Invalid token '(' in a member declaration [C:\Users\user\Desktop\ERP-vNext\services\Diten.Platform.Contracts\Diten.Platform.Contracts.csproj]
dotnet watch ❌ C:\Users\user\Desktop\ERP-vNext\services\Diten.Platform.Contracts\Events\TenantProvisioningFailedV1.cs(18,88): error CS1026: ) expected [C:\Users\user\Desktop\ERP-vNext\services\Diten.Platform.Contracts\Diten.Platform.Contracts.csproj]
dotnet watch ❌ C:\Users\user\Desktop\ERP-vNext\services\Diten.Platform.Contracts\Events\TenantProvisioningFailedV1.cs(18,100): error CS8124: Tuple must contain at least two elements. [C:\Users\user\Desktop\ERP-vNext\services\Diten.Platform.Contracts\Diten.Platform.Contracts.csproj]
dotnet watch ❌ C:\Users\user\Desktop\ERP-vNext\services\Diten.Platform.Contracts\Events\TenantCreatedV1.cs(19,79): error CS8124: Tuple must contain at least two elements. [C:\Users\user\Desktop\ERP-vNext\services\Diten.Platform.Contracts\Diten.Platform.Contracts.csproj]
dotnet watch ❌ C:\Users\user\Desktop\ERP-vNext\services\Diten.Platform.Contracts\Events\TenantProvisioningFailedV1.cs(18,101): error CS1519: Invalid token ')' in a member declaration [C:\Users\user\Desktop\ERP-vNext\services\Diten.Platform.Contracts\Diten.Platform.Contracts.csproj]
dotnet watch ❌ C:\Users\user\Desktop\ERP-vNext\services\Diten.Platform.Contracts\Events\TenantCreatedV1.cs(19,80): error CS1519: Invalid token ';' in a member declaration [C:\Users\user\Desktop\ERP-vNext\services\Diten.Platform.Contracts\Diten.Platform.Contracts.csproj]
dotnet watch ❌ C:\Users\user\Desktop\ERP-vNext\services\Diten.Platform.Contracts\Events\TenantProvisioningFailedV1.cs(19,20): error CS1519: Invalid token '=' in a member declaration [C:\Users\user\Desktop\ERP-vNext\services\Diten.Platform.Contracts\Diten.Platform.Contracts.csproj]
dotnet watch ❌ C:\Users\user\Desktop\ERP-vNext\services\Diten.Platform.Contracts\Events\TenantCreatedV1.cs(20,22): error CS1519: Invalid token '=' in a member declaration [C:\Users\user\Desktop\ERP-vNext\services\Diten.Platform.Contracts\Diten.Platform.Contracts.csproj]
dotnet watch ❌ C:\Users\user\Desktop\ERP-vNext\services\Diten.Platform.Contracts\Events\TenantProvisioningFailedV1.cs(19,68): error CS1519: Invalid token '(' in a member declaration [C:\Users\user\Desktop\ERP-vNext\services\Diten.Platform.Contracts\Diten.Platform.Contracts.csproj]
dotnet watch ❌ C:\Users\user\Desktop\ERP-vNext\services\Diten.Platform.Contracts\Events\TenantCreatedV1.cs(20,69): error CS1519: Invalid token '(' in a member declaration [C:\Users\user\Desktop\ERP-vNext\services\Diten.Platform.Contracts\Diten.Platform.Contracts.csproj]
dotnet watch ❌ C:\Users\user\Desktop\ERP-vNext\services\Diten.Platform.Contracts\Events\TenantProvisioningFailedV1.cs(19,87): error CS1026: ) expected [C:\Users\user\Desktop\ERP-vNext\services\Diten.Platform.Contracts\Diten.Platform.Contracts.csproj]
dotnet watch ❌ C:\Users\user\Desktop\ERP-vNext\services\Diten.Platform.Contracts\Events\TenantCreatedV1.cs(20,90): error CS1026: ) expected [C:\Users\user\Desktop\ERP-vNext\services\Diten.Platform.Contracts\Diten.Platform.Contracts.csproj]
dotnet watch ❌ C:\Users\user\Desktop\ERP-vNext\services\Diten.Platform.Contracts\Events\TenantProvisioningFailedV1.cs(19,98): error CS8124: Tuple must contain at least two elements. [C:\Users\user\Desktop\ERP-vNext\services\Diten.Platform.Contracts\Diten.Platform.Contracts.csproj]
dotnet watch ❌ C:\Users\user\Desktop\ERP-vNext\services\Diten.Platform.Contracts\Events\TenantCreatedV1.cs(20,103): error CS8124: Tuple must contain at least two elements. [C:\Users\user\Desktop\ERP-vNext\services\Diten.Platform.Contracts\Diten.Platform.Contracts.csproj]
dotnet watch ❌ C:\Users\user\Desktop\ERP-vNext\services\Diten.Platform.Contracts\Events\TenantCreatedV1.cs(20,104): error CS1519: Invalid token ')' in a member declaration [C:\Users\user\Desktop\ERP-vNext\services\Diten.Platform.Contracts\Diten.Platform.Contracts.csproj]
dotnet watch ❌ C:\Users\user\Desktop\ERP-vNext\services\Diten.Platform.Contracts\Events\TenantCreatedV1.cs(21,27): error CS1519: Invalid token '=' in a member declaration [C:\Users\user\Desktop\ERP-vNext\services\Diten.Platform.Contracts\Diten.Platform.Contracts.csproj]
dotnet watch ❌ C:\Users\user\Desktop\ERP-vNext\services\Diten.Platform.Contracts\Events\TenantCreatedV1.cs(21,75): error CS1519: Invalid token '(' in a member declaration [C:\Users\user\Desktop\ERP-vNext\services\Diten.Platform.Contracts\Diten.Platform.Contracts.csproj]
dotnet watch ❌ C:\Users\user\Desktop\ERP-vNext\services\Diten.Platform.Contracts\Events\TenantCreatedV1.cs(21,101): error CS1026: ) expected [C:\Users\user\Desktop\ERP-vNext\services\Diten.Platform.Contracts\Diten.Platform.Contracts.csproj]
dotnet watch ❌ C:\Users\user\Desktop\ERP-vNext\services\Diten.Platform.Contracts\Events\TenantCreatedV1.cs(21,119): error CS8124: Tuple must contain at least two elements. [C:\Users\user\Desktop\ERP-vNext\services\Diten.Platform.Contracts\Diten.Platform.Contracts.csproj]
dotnet watch ❌ C:\Users\user\Desktop\ERP-vNext\services\Diten.Platform.Contracts\Events\TenantCreatedV1.cs(21,120): error CS1519: Invalid token ',' in a member declaration [C:\Users\user\Desktop\ERP-vNext\services\Diten.Platform.Contracts\Diten.Platform.Contracts.csproj]
dotnet watch ❌ C:\Users\user\Desktop\ERP-vNext\services\Diten.Platform.Contracts\Events\TenantCreatedV1.cs(22,16): error CS1519: Invalid token '=' in a member declaration [C:\Users\user\Desktop\ERP-vNext\services\Diten.Platform.Contracts\Diten.Platform.Contracts.csproj]
dotnet watch ❌ C:\Users\user\Desktop\ERP-vNext\services\Diten.Platform.Contracts\Events\TenantCreatedV1.cs(22,64): error CS1519: Invalid token '(' in a member declaration [C:\Users\user\Desktop\ERP-vNext\services\Diten.Platform.Contracts\Diten.Platform.Contracts.csproj]
dotnet watch ❌ C:\Users\user\Desktop\ERP-vNext\services\Diten.Platform.Contracts\Events\TenantCreatedV1.cs(22,79): error CS1026: ) expected [C:\Users\user\Desktop\ERP-vNext\services\Diten.Platform.Contracts\Diten.Platform.Contracts.csproj]
dotnet watch ❌ C:\Users\user\Desktop\ERP-vNext\services\Diten.Platform.Contracts\Events\TenantCreatedV1.cs(22,86): error CS8124: Tuple must contain at least two elements. [C:\Users\user\Desktop\ERP-vNext\services\Diten.Platform.Contracts\Diten.Platform.Contracts.csproj]
dotnet watch ❌ C:\Users\user\Desktop\ERP-vNext\services\Diten.Platform.Contracts\Events\TenantCreatedV1.cs(22,87): error CS1519: Invalid token ',' in a member declaration [C:\Users\user\Desktop\ERP-vNext\services\Diten.Platform.Contracts\Diten.Platform.Contracts.csproj]
dotnet watch ❌ C:\Users\user\Desktop\ERP-vNext\services\Diten.Platform.Contracts\Events\TenantCreatedV1.cs(23,5): error CS1519: Invalid token '}' in a member declaration [C:\Users\user\Desktop\ERP-vNext\services\Diten.Platform.Contracts\Diten.Platform.Contracts.csproj]
dotnet watch ❌ C:\Users\user\Desktop\ERP-vNext\services\Diten.Platform.Contracts\Events\TenantProvisioningFailedV1.cs(19,99): error CS1519: Invalid token ',' in a member declaration [C:\Users\user\Desktop\ERP-vNext\services\Diten.Platform.Contracts\Diten.Platform.Contracts.csproj]
dotnet watch ❌ C:\Users\user\Desktop\ERP-vNext\services\Diten.Platform.Contracts\Events\TenantProvisioningFailedV1.cs(20,15): error CS1519: Invalid token '=' in a member declaration [C:\Users\user\Desktop\ERP-vNext\services\Diten.Platform.Contracts\Diten.Platform.Contracts.csproj]
dotnet watch ❌ C:\Users\user\Desktop\ERP-vNext\services\Diten.Platform.Contracts\Events\TenantProvisioningFailedV1.cs(20,72): error CS1519: Invalid token '(' in a member declaration [C:\Users\user\Desktop\ERP-vNext\services\Diten.Platform.Contracts\Diten.Platform.Contracts.csproj]
dotnet watch ❌ C:\Users\user\Desktop\ERP-vNext\services\Diten.Platform.Contracts\Events\TenantProvisioningFailedV1.cs(20,78): error CS8124: Tuple must contain at least two elements. [C:\Users\user\Desktop\ERP-vNext\services\Diten.Platform.Contracts\Diten.Platform.Contracts.csproj]
dotnet watch ❌ C:\Users\user\Desktop\ERP-vNext\services\Diten.Platform.Contracts\Events\TenantProvisioningFailedV1.cs(20,79): error CS1519: Invalid token ';' in a member declaration [C:\Users\user\Desktop\ERP-vNext\services\Diten.Platform.Contracts\Diten.Platform.Contracts.csproj]
dotnet watch ❌ C:\Users\user\Desktop\ERP-vNext\services\Diten.Platform.Contracts\Events\TenantProvisioningFailedV1.cs(21,28): error CS1031: Type expected [C:\Users\user\Desktop\ERP-vNext\services\Diten.Platform.Contracts\Diten.Platform.Contracts.csproj]
dotnet watch ❌ C:\Users\user\Desktop\ERP-vNext\services\Diten.Platform.Contracts\Events\TenantProvisioningFailedV1.cs(21,28): error CS1003: Syntax error, ',' expected [C:\Users\user\Desktop\ERP-vNext\services\Diten.Platform.Contracts\Diten.Platform.Contracts.csproj]
dotnet watch ❌ C:\Users\user\Desktop\ERP-vNext\services\Diten.Platform.Contracts\Events\TenantProvisioningFailedV1.cs(21,30): error CS1003: Syntax error, '>' expected [C:\Users\user\Desktop\ERP-vNext\services\Diten.Platform.Contracts\Diten.Platform.Contracts.csproj]
dotnet watch ❌ C:\Users\user\Desktop\ERP-vNext\services\Diten.Platform.Contracts\Events\TenantProvisioningFailedV1.cs(21,30): error CS8124: Tuple must contain at least two elements. [C:\Users\user\Desktop\ERP-vNext\services\Diten.Platform.Contracts\Diten.Platform.Contracts.csproj]
dotnet watch ❌ C:\Users\user\Desktop\ERP-vNext\services\Diten.Platform.Contracts\Events\TenantProvisioningFailedV1.cs(21,30): error CS1026: ) expected [C:\Users\user\Desktop\ERP-vNext\services\Diten.Platform.Contracts\Diten.Platform.Contracts.csproj]
dotnet watch ❌ C:\Users\user\Desktop\ERP-vNext\services\Diten.Platform.Contracts\Events\TenantProvisioningFailedV1.cs(22,9): error CS1519: Invalid token '{' in a member declaration [C:\Users\user\Desktop\ERP-vNext\services\Diten.Platform.Contracts\Diten.Platform.Contracts.csproj]
dotnet watch ❌ C:\Users\user\Desktop\ERP-vNext\services\Diten.Platform.Contracts\Events\TenantProvisioningFailedV1.cs(23,41): error CS1001: Identifier expected [C:\Users\user\Desktop\ERP-vNext\services\Diten.Platform.Contracts\Diten.Platform.Contracts.csproj]
dotnet watch ❌ C:\Users\user\Desktop\ERP-vNext\services\Diten.Platform.Contracts\Events\TenantProvisioningFailedV1.cs(23,91): error CS1031: Type expected [C:\Users\user\Desktop\ERP-vNext\services\Diten.Platform.Contracts\Diten.Platform.Contracts.csproj]
dotnet watch ❌ C:\Users\user\Desktop\ERP-vNext\services\Diten.Platform.Contracts\Events\TenantProvisioningFailedV1.cs(23,91): error CS1001: Identifier expected [C:\Users\user\Desktop\ERP-vNext\services\Diten.Platform.Contracts\Diten.Platform.Contracts.csproj]
dotnet watch ❌ C:\Users\user\Desktop\ERP-vNext\services\Diten.Platform.Contracts\Events\TenantProvisioningFailedV1.cs(23,99): error CS1001: Identifier expected [C:\Users\user\Desktop\ERP-vNext\services\Diten.Platform.Contracts\Diten.Platform.Contracts.csproj]
dotnet watch ❌ C:\Users\user\Desktop\ERP-vNext\services\Diten.Platform.Contracts\Events\TenantProvisioningFailedV1.cs(23,99): error CS1003: Syntax error, ',' expected [C:\Users\user\Desktop\ERP-vNext\services\Diten.Platform.Contracts\Diten.Platform.Contracts.csproj]
dotnet watch ❌ C:\Users\user\Desktop\ERP-vNext\services\Diten.Platform.Contracts\Events\TenantProvisioningFailedV1.cs(23,112): error CS8124: Tuple must contain at least two elements. [C:\Users\user\Desktop\ERP-vNext\services\Diten.Platform.Contracts\Diten.Platform.Contracts.csproj]
dotnet watch ❌ C:\Users\user\Desktop\ERP-vNext\services\Diten.Platform.Contracts\Events\TenantProvisioningFailedV1.cs(23,113): error CS1001: Identifier expected [C:\Users\user\Desktop\ERP-vNext\services\Diten.Platform.Contracts\Diten.Platform.Contracts.csproj]
dotnet watch ❌ C:\Users\user\Desktop\ERP-vNext\services\Diten.Platform.Contracts\Events\TenantProvisioningFailedV1.cs(25,5): error CS1022: Type or namespace definition, or end-of-file expected [C:\Users\user\Desktop\ERP-vNext\services\Diten.Platform.Contracts\Diten.Platform.Contracts.csproj]
dotnet watch ❌ C:\Users\user\Desktop\ERP-vNext\services\Diten.Platform.Contracts\Events\TenantProvisioningFailedV1.cs(30,1): error CS1022: Type or namespace definition, or end-of-file expected [C:\Users\user\Desktop\ERP-vNext\services\Diten.Platform.Contracts\Diten.Platform.Contracts.csproj]
dotnet watch 🔨     0 Warning(s)
dotnet watch 🔨     130 Error(s)
dotnet watch 🔨 
dotnet watch 🔨 Time Elapsed 00:00:05.37
dotnet watch ⏳ Waiting for a file to change before restarting ...
dotnet watch 🔨 Building C:\Users\user\Desktop\ERP-vNext\services\Diten.Platform\src\Diten.Platform.API\Diten.Platform.API.csproj ...
dotnet watch 🔨 Build failed: C:\Users\user\Desktop\ERP-vNext\services\Diten.Platform\src\Diten.Platform.API\Diten.Platform.API.csproj
dotnet watch 🔨   Determining projects to restore...
dotnet watch 🔨   All projects are up-to-date for restore.
dotnet watch 🔨 C:\Program Files\dotnet\sdk\10.0.100-rc.2.25502.107\Sdks\Microsoft.NET.Sdk\targets\Microsoft.NET.RuntimeIdentifierInference.targets(351,5): message NETSDK1057: You are using a preview version of .NET. See: https://aka.ms/dotnet-support-policy [C:\Users\user\Desktop\ERP-vNext\services\Diten.Platform\src\Diten.Platform.API\Diten.Platform.API.csproj]
dotnet watch 🔨 C:\Program Files\dotnet\sdk\10.0.100-rc.2.25502.107\Sdks\Microsoft.NET.Sdk\targets\Microsoft.NET.RuntimeIdentifierInference.targets(351,5): message NETSDK1057: You are using a preview version of .NET. See: https://aka.ms/dotnet-support-policy [C:\Users\user\Desktop\ERP-vNext\services\Diten.Building.Blocks\Diten.BuildingBlocks.Security.Secrets\Diten.BuildingBlocks.Security.Secrets.csproj]
dotnet watch 🔨 C:\Program Files\dotnet\sdk\10.0.100-rc.2.25502.107\Sdks\Microsoft.NET.Sdk\targets\Microsoft.NET.RuntimeIdentifierInference.targets(351,5): message NETSDK1057: You are using a preview version of .NET. See: https://aka.ms/dotnet-support-policy [C:\Users\user\Desktop\ERP-vNext\services\Diten.Platform.Common\src\Diten.Platform.Common\Diten.Platform.Common.csproj]
dotnet watch 🔨 C:\Program Files\dotnet\sdk\10.0.100-rc.2.25502.107\Sdks\Microsoft.NET.Sdk\targets\Microsoft.NET.RuntimeIdentifierInference.targets(351,5): message NETSDK1057: You are using a preview version of .NET. See: https://aka.ms/dotnet-support-policy [C:\Users\user\Desktop\ERP-vNext\services\Diten.Building.Blocks\src\Diten.BuildingBlocks.InterfaceRegistry.Abstractions\Diten.BuildingBlocks.InterfaceRegistry.Abstractions.csproj]
dotnet watch 🔨 C:\Program Files\dotnet\sdk\10.0.100-rc.2.25502.107\Sdks\Microsoft.NET.Sdk\targets\Microsoft.NET.RuntimeIdentifierInference.targets(351,5): message NETSDK1057: You are using a preview version of .NET. See: https://aka.ms/dotnet-support-policy [C:\Users\user\Desktop\ERP-vNext\services\Diten.Platform\src\Diten.Platform.Application\Diten.Platform.Application.csproj]
dotnet watch 🔨 C:\Program Files\dotnet\sdk\10.0.100-rc.2.25502.107\Sdks\Microsoft.NET.Sdk\targets\Microsoft.NET.RuntimeIdentifierInference.targets(351,5): message NETSDK1057: You are using a preview version of .NET. See: https://aka.ms/dotnet-support-policy [C:\Users\user\Desktop\ERP-vNext\services\Diten.Building.Blocks\src\Diten.BuildingBlocks.BackgroundJobs\Diten.BuildingBlocks.BackgroundJobs.csproj]
dotnet watch 🔨 C:\Program Files\dotnet\sdk\10.0.100-rc.2.25502.107\Sdks\Microsoft.NET.Sdk\targets\Microsoft.NET.RuntimeIdentifierInference.targets(351,5): message NETSDK1057: You are using a preview version of .NET. See: https://aka.ms/dotnet-support-policy [C:\Users\user\Desktop\ERP-vNext\services\Diten.Platform.Contracts\Diten.Platform.Contracts.csproj]
dotnet watch 🔨 C:\Program Files\dotnet\sdk\10.0.100-rc.2.25502.107\Sdks\Microsoft.NET.Sdk\targets\Microsoft.NET.RuntimeIdentifierInference.targets(351,5): message NETSDK1057: You are using a preview version of .NET. See: https://aka.ms/dotnet-support-policy [C:\Users\user\Desktop\ERP-vNext\services\Diten.Platform\src\Diten.Platform.Domain\Diten.Platform.Domain.csproj]
dotnet watch 🔨 C:\Program Files\dotnet\sdk\10.0.100-rc.2.25502.107\Sdks\Microsoft.NET.Sdk\targets\Microsoft.NET.RuntimeIdentifierInference.targets(351,5): message NETSDK1057: You are using a preview version of .NET. See: https://aka.ms/dotnet-support-policy [C:\Users\user\Desktop\ERP-vNext\services\Diten.Platform\src\Diten.Platform.Infrastructure\Diten.Platform.Infrastructure.csproj]
dotnet watch 🔨   Diten.BuildingBlocks.BackgroundJobs -> C:\Users\user\Desktop\ERP-vNext\services\Diten.Building.Blocks\src\Diten.BuildingBlocks.BackgroundJobs\bin\Debug\net8.0\Diten.BuildingBlocks.BackgroundJobs.dll
dotnet watch 🔨   Diten.BuildingBlocks.InterfaceRegistry.Abstractions -> C:\Users\user\Desktop\ERP-vNext\services\Diten.Building.Blocks\src\Diten.BuildingBlocks.InterfaceRegistry.Abstractions\bin\Debug\net8.0\Diten.BuildingBlocks.InterfaceRegistry.Abstractions.dll
dotnet watch 🔨   Diten.BuildingBlocks.Eventing -> C:\Users\user\Desktop\ERP-vNext\services\Diten.Building.Blocks\src\Diten.BuildingBlocks.Eventing\bin\Debug\net8.0\Diten.BuildingBlocks.Eventing.dll
dotnet watch 🔨   Diten.BuildingBlocks.Security.Secrets -> C:\Users\user\Desktop\ERP-vNext\services\Diten.Building.Blocks\Diten.BuildingBlocks.Security.Secrets\bin\Debug\net8.0\Diten.BuildingBlocks.Security.Secrets.dll
dotnet watch 🔨   Diten.Platform.Common -> C:\Users\user\Desktop\ERP-vNext\services\Diten.Platform.Common\src\Diten.Platform.Common\bin\Debug\net8.0\Diten.Platform.Common.dll
dotnet watch 🔨   Diten.Platform.Domain -> C:\Users\user\Desktop\ERP-vNext\services\Diten.Platform\src\Diten.Platform.Domain\bin\Debug\net8.0\Diten.Platform.Domain.dll
dotnet watch 🔨   Diten.Platform.Contracts -> C:\Users\user\Desktop\ERP-vNext\services\Diten.Platform.Contracts\bin\Debug\net8.0\Diten.Platform.Contracts.dll
dotnet watch ❌ C:\Users\user\Desktop\ERP-vNext\services\Diten.Platform\src\Diten.Platform.Application\Features\Tenants\Handlers\RegisterTenantCommandHandler.cs(315,27): error CS0173: Type of conditional expression cannot be determined because there is no implicit conversion between '<null>' and 'Guid' [C:\Users\user\Desktop\ERP-vNext\services\Diten.Platform\src\Diten.Platform.Application\Diten.Platform.Application.csproj]
dotnet watch 🔨 
dotnet watch 🔨 Build FAILED.
dotnet watch 🔨 
dotnet watch ❌ C:\Users\user\Desktop\ERP-vNext\services\Diten.Platform\src\Diten.Platform.Application\Features\Tenants\Handlers\RegisterTenantCommandHandler.cs(315,27): error CS0173: Type of conditional expression cannot be determined because there is no implicit conversion between '<null>' and 'Guid' [C:\Users\user\Desktop\ERP-vNext\services\Diten.Platform\src\Diten.Platform.Application\Diten.Platform.Application.csproj]
dotnet watch 🔨     0 Warning(s)
dotnet watch 🔨     1 Error(s)
dotnet watch 🔨 
dotnet watch 🔨 Time Elapsed 00:00:12.56
dotnet watch ⏳ Waiting for a file to change before restarting ...
dotnet watch 🔨 Building C:\Users\user\Desktop\ERP-vNext\services\Diten.Platform\src\Diten.Platform.API\Diten.Platform.API.csproj ...
dotnet watch 🔨 Build failed: C:\Users\user\Desktop\ERP-vNext\services\Diten.Platform\src\Diten.Platform.API\Diten.Platform.API.csproj
dotnet watch 🔨   Determining projects to restore...
dotnet watch 🔨   All projects are up-to-date for restore.
dotnet watch 🔨 C:\Program Files\dotnet\sdk\10.0.100-rc.2.25502.107\Sdks\Microsoft.NET.Sdk\targets\Microsoft.NET.RuntimeIdentifierInference.targets(351,5): message NETSDK1057: You are using a preview version of .NET. See: https://aka.ms/dotnet-support-policy [C:\Users\user\Desktop\ERP-vNext\services\Diten.Platform\src\Diten.Platform.API\Diten.Platform.API.csproj]
dotnet watch 🔨 C:\Program Files\dotnet\sdk\10.0.100-rc.2.25502.107\Sdks\Microsoft.NET.Sdk\targets\Microsoft.NET.RuntimeIdentifierInference.targets(351,5): message NETSDK1057: You are using a preview version of .NET. See: https://aka.ms/dotnet-support-policy [C:\Users\user\Desktop\ERP-vNext\services\Diten.Building.Blocks\Diten.BuildingBlocks.Security.Secrets\Diten.BuildingBlocks.Security.Secrets.csproj]
dotnet watch 🔨 C:\Program Files\dotnet\sdk\10.0.100-rc.2.25502.107\Sdks\Microsoft.NET.Sdk\targets\Microsoft.NET.RuntimeIdentifierInference.targets(351,5): message NETSDK1057: You are using a preview version of .NET. See: https://aka.ms/dotnet-support-policy [C:\Users\user\Desktop\ERP-vNext\services\Diten.Building.Blocks\src\Diten.BuildingBlocks.InterfaceRegistry.Abstractions\Diten.BuildingBlocks.InterfaceRegistry.Abstractions.csproj]
dotnet watch 🔨 C:\Program Files\dotnet\sdk\10.0.100-rc.2.25502.107\Sdks\Microsoft.NET.Sdk\targets\Microsoft.NET.RuntimeIdentifierInference.targets(351,5): message NETSDK1057: You are using a preview version of .NET. See: https://aka.ms/dotnet-support-policy [C:\Users\user\Desktop\ERP-vNext\services\Diten.Building.Blocks\src\Diten.BuildingBlocks.BackgroundJobs\Diten.BuildingBlocks.BackgroundJobs.csproj]
dotnet watch 🔨 C:\Program Files\dotnet\sdk\10.0.100-rc.2.25502.107\Sdks\Microsoft.NET.Sdk\targets\Microsoft.NET.RuntimeIdentifierInference.targets(351,5): message NETSDK1057: You are using a preview version of .NET. See: https://aka.ms/dotnet-support-policy [C:\Users\user\Desktop\ERP-vNext\services\Diten.Platform\src\Diten.Platform.Infrastructure\Diten.Platform.Infrastructure.csproj]
dotnet watch 🔨 C:\Program Files\dotnet\sdk\10.0.100-rc.2.25502.107\Sdks\Microsoft.NET.Sdk\targets\Microsoft.NET.RuntimeIdentifierInference.targets(351,5): message NETSDK1057: You are using a preview version of .NET. See: https://aka.ms/dotnet-support-policy [C:\Users\user\Desktop\ERP-vNext\services\Diten.Platform\src\Diten.Platform.Domain\Diten.Platform.Domain.csproj]
dotnet watch 🔨 C:\Program Files\dotnet\sdk\10.0.100-rc.2.25502.107\Sdks\Microsoft.NET.Sdk\targets\Microsoft.NET.RuntimeIdentifierInference.targets(351,5): message NETSDK1057: You are using a preview version of .NET. See: https://aka.ms/dotnet-support-policy [C:\Users\user\Desktop\ERP-vNext\services\Diten.Platform.Contracts\Diten.Platform.Contracts.csproj]
dotnet watch 🔨 C:\Program Files\dotnet\sdk\10.0.100-rc.2.25502.107\Sdks\Microsoft.NET.Sdk\targets\Microsoft.NET.RuntimeIdentifierInference.targets(351,5): message NETSDK1057: You are using a preview version of .NET. See: https://aka.ms/dotnet-support-policy [C:\Users\user\Desktop\ERP-vNext\services\Diten.Platform.Common\src\Diten.Platform.Common\Diten.Platform.Common.csproj]
dotnet watch 🔨 C:\Program Files\dotnet\sdk\10.0.100-rc.2.25502.107\Sdks\Microsoft.NET.Sdk\targets\Microsoft.NET.RuntimeIdentifierInference.targets(351,5): message NETSDK1057: You are using a preview version of .NET. See: https://aka.ms/dotnet-support-policy [C:\Users\user\Desktop\ERP-vNext\services\Diten.Platform\src\Diten.Platform.Application\Diten.Platform.Application.csproj]
dotnet watch 🔨   Diten.BuildingBlocks.BackgroundJobs -> C:\Users\user\Desktop\ERP-vNext\services\Diten.Building.Blocks\src\Diten.BuildingBlocks.BackgroundJobs\bin\Debug\net8.0\Diten.BuildingBlocks.BackgroundJobs.dll
dotnet watch 🔨   Diten.BuildingBlocks.Eventing -> C:\Users\user\Desktop\ERP-vNext\services\Diten.Building.Blocks\src\Diten.BuildingBlocks.Eventing\bin\Debug\net8.0\Diten.BuildingBlocks.Eventing.dll
dotnet watch 🔨   Diten.BuildingBlocks.Security.Secrets -> C:\Users\user\Desktop\ERP-vNext\services\Diten.Building.Blocks\Diten.BuildingBlocks.Security.Secrets\bin\Debug\net8.0\Diten.BuildingBlocks.Security.Secrets.dll
dotnet watch 🔨   Diten.BuildingBlocks.InterfaceRegistry.Abstractions -> C:\Users\user\Desktop\ERP-vNext\services\Diten.Building.Blocks\src\Diten.BuildingBlocks.InterfaceRegistry.Abstractions\bin\Debug\net8.0\Diten.BuildingBlocks.InterfaceRegistry.Abstractions.dll
dotnet watch 🔨   Diten.Platform.Common -> C:\Users\user\Desktop\ERP-vNext\services\Diten.Platform.Common\src\Diten.Platform.Common\bin\Debug\net8.0\Diten.Platform.Common.dll
dotnet watch 🔨   Diten.Platform.Contracts -> C:\Users\user\Desktop\ERP-vNext\services\Diten.Platform.Contracts\bin\Debug\net8.0\Diten.Platform.Contracts.dll
dotnet watch 🔨   Diten.Platform.Domain -> C:\Users\user\Desktop\ERP-vNext\services\Diten.Platform\src\Diten.Platform.Domain\bin\Debug\net8.0\Diten.Platform.Domain.dll
dotnet watch ❌ C:\Users\user\Desktop\ERP-vNext\services\Diten.Platform\src\Diten.Platform.Application\Features\Tenants\Handlers\RegisterTenantCommandHandler.cs(315,27): error CS0173: Type of conditional expression cannot be determined because there is no implicit conversion between '<null>' and 'Guid' [C:\Users\user\Desktop\ERP-vNext\services\Diten.Platform\src\Diten.Platform.Application\Diten.Platform.Application.csproj]
dotnet watch 🔨 
dotnet watch 🔨 Build FAILED.
dotnet watch 🔨 
dotnet watch ❌ C:\Users\user\Desktop\ERP-vNext\services\Diten.Platform\src\Diten.Platform.Application\Features\Tenants\Handlers\RegisterTenantCommandHandler.cs(315,27): error CS0173: Type of conditional expression cannot be determined because there is no implicit conversion between '<null>' and 'Guid' [C:\Users\user\Desktop\ERP-vNext\services\Diten.Platform\src\Diten.Platform.Application\Diten.Platform.Application.csproj]
dotnet watch 🔨     0 Warning(s)
dotnet watch 🔨     1 Error(s)
dotnet watch 🔨 
dotnet watch 🔨 Time Elapsed 00:00:09.83
dotnet watch ⏳ Waiting for a file to change before restarting ...
dotnet watch 🔨 Building C:\Users\user\Desktop\ERP-vNext\services\Diten.Platform\src\Diten.Platform.API\Diten.Platform.API.csproj ...
dotnet watch 🔨 Build succeeded: C:\Users\user\Desktop\ERP-vNext\services\Diten.Platform\src\Diten.Platform.API\Diten.Platform.API.csproj
dotnet watch ⚠ C:\Users\user\Desktop\ERP-vNext\services\Diten.Platform\src\Diten.Platform.Infrastructure\Persistence\Repositories\TenantDomainRepository.cs(47,23): warning CS0114: 'TenantDomainRepository.DeleteAsync(Guid, CancellationToken)' hides inherited member 'RepositoryBase<TenantDomain>.DeleteAsync(Guid, CancellationToken)'. To make the current member override that implementation, add the override keyword. Otherwise add the new keyword. [C:\Users\user\Desktop\ERP-vNext\services\Diten.Platform\src\Diten.Platform.Infrastructure\Diten.Platform.Infrastructure.csproj]
dotnet watch ⚠ C:\Users\user\Desktop\ERP-vNext\services\Diten.Platform\src\Diten.Platform.Infrastructure\BackgroundJobs\HangfireBackgroundJobScheduler.cs(71,13): warning CS0618: 'RecurringJobOptions.QueueName' is obsolete: 'Please use non-obsolete AddOrUpdate with the explicit `queue` parameter instead. Will be removed in 2.0.0.' [C:\Users\user\Desktop\ERP-vNext\services\Diten.Platform\src\Diten.Platform.Infrastructure\Diten.Platform.Infrastructure.csproj]
dotnet watch ⚠ C:\Users\user\Desktop\ERP-vNext\services\Diten.Platform\src\Diten.Platform.Infrastructure\DependencyInjection.cs(146,9): warning CS0618: 'MongoClientSettings.GuidRepresentation' is obsolete: 'Configure serializers instead.' [C:\Users\user\Desktop\ERP-vNext\services\Diten.Platform\src\Diten.Platform.Infrastructure\Diten.Platform.Infrastructure.csproj]
dotnet watch ⚠ C:\Users\user\Desktop\ERP-vNext\services\Diten.Platform\src\Diten.Platform.Infrastructure\Persistence\Repositories\OutboxEventRepository.cs(61,16): warning CS8619: Nullability of reference types in value of type 'Task<OutboxEvent>' doesn't match target type 'Task<OutboxEvent?>'. [C:\Users\user\Desktop\ERP-vNext\services\Diten.Platform\src\Diten.Platform.Infrastructure\Diten.Platform.Infrastructure.csproj]
dotnet watch ⚠ C:\Users\user\Desktop\ERP-vNext\services\Diten.Platform\src\Diten.Platform.Infrastructure\Persistence\Repositories\TenantDomainRepository.cs(47,23): warning CS0114: 'TenantDomainRepository.DeleteAsync(Guid, CancellationToken)' hides inherited member 'RepositoryBase<TenantDomain>.DeleteAsync(Guid, CancellationToken)'. To make the current member override that implementation, add the override keyword. Otherwise add the new keyword. [C:\Users\user\Desktop\ERP-vNext\services\Diten.Platform\src\Diten.Platform.Infrastructure\Diten.Platform.Infrastructure.csproj]
dotnet watch ⚠ C:\Users\user\Desktop\ERP-vNext\services\Diten.Platform\src\Diten.Platform.Infrastructure\BackgroundJobs\HangfireBackgroundJobScheduler.cs(71,13): warning CS0618: 'RecurringJobOptions.QueueName' is obsolete: 'Please use non-obsolete AddOrUpdate with the explicit `queue` parameter instead. Will be removed in 2.0.0.' [C:\Users\user\Desktop\ERP-vNext\services\Diten.Platform\src\Diten.Platform.Infrastructure\Diten.Platform.Infrastructure.csproj]
dotnet watch ⚠ C:\Users\user\Desktop\ERP-vNext\services\Diten.Platform\src\Diten.Platform.Infrastructure\DependencyInjection.cs(146,9): warning CS0618: 'MongoClientSettings.GuidRepresentation' is obsolete: 'Configure serializers instead.' [C:\Users\user\Desktop\ERP-vNext\services\Diten.Platform\src\Diten.Platform.Infrastructure\Diten.Platform.Infrastructure.csproj]
dotnet watch ⚠ C:\Users\user\Desktop\ERP-vNext\services\Diten.Platform\src\Diten.Platform.Infrastructure\Persistence\Repositories\OutboxEventRepository.cs(61,16): warning CS8619: Nullability of reference types in value of type 'Task<OutboxEvent>' doesn't match target type 'Task<OutboxEvent?>'. [C:\Users\user\Desktop\ERP-vNext\services\Diten.Platform\src\Diten.Platform.Infrastructure\Diten.Platform.Infrastructure.csproj]
dotnet watch ❌ [Diten.Platform.API (net8.0)] Exited with error code 1073807364
dotnet watch ⏳ Waiting for a file to change before restarting ...
