worktree	path	bytes	git_status
claims-dev-start-01	.antigravity/rules/docs-organization.md	10743	 M
claims-dev-start-01	docs/analysis/contracts/shipment-bundle.openapi.yaml	168515	 M
claims-dev-start-01	execution/domains/supply-chain-execution/module-packs/MOD-0187-claims-management.md	43480	 M
claims-dev-start-01	services/Diten.SupplyChainService/src/Diten.SupplyChainService.Api/Program.cs	5966	 M
claims-dev-start-01	services/Diten.SupplyChainService/src/Diten.SupplyChainService.Application/Features/Shipments/Handlers/QueryHandlers/GetShipmentByIdHandler.cs	1050	 M
claims-dev-start-01	services/Diten.SupplyChainService/src/Diten.SupplyChainService.Application/Features/Shipments/ShipmentProjection.cs	2138	 M
claims-dev-start-01	services/Diten.SupplyChainService/src/Diten.SupplyChainService.Domain/Features/Shipments/IShipmentRepository.cs	777	 M
claims-dev-start-01	services/Diten.SupplyChainService/src/Diten.SupplyChainService.Persistence/Features/Shipments/ShipmentRepository.cs	12860	 M
claims-dev-start-01	docs/analysis/contracts/carrier-semantics-v1.1.0.md	25493	??
claims-dev-start-01	docs/analysis/contracts/claims-semantics-v3.0.0.md	21113	??
claims-dev-start-01	docs/analysis/contracts/loads-semantics-v2.0.0.md	18109	??
claims-dev-start-01	docs/analysis/contracts/returns-semantics-v3.0.0.md	6696	??
claims-dev-start-01	docs/analysis/contracts/shipment-root-semantics-v3.0.0.md	654	??
claims-dev-start-01	docs/records/audits/2026-09/mvp6-claims-candidate-reconstruct-r2/README.md	292	??
claims-dev-start-01	docs/records/audits/2026-09/mvp6-claims-candidate-reconstruct-r2/SHA256SUMS	83	??
claims-dev-start-01	docs/records/audits/2026-09/mvp6-claims-candidate-reconstruct-r2/SOP-22.md	1737	??
claims-dev-start-01	docs/records/audits/2026-09/mvp6-claims-candidate-reconstruct-r2/VER-R2.md	1821	??
claims-dev-start-01	docs/records/audits/2026-09/mvp6-claims-candidate-reconstruct-r2/compatibility-and-gaps.md	1552	??
claims-dev-start-01	docs/records/audits/2026-09/mvp6-claims-r2-independent-ver-01/SHA256SUMS	259	??
claims-dev-start-01	docs/records/audits/2026-09/mvp6-claims-r2-independent-ver-01/SOP-22.md	4383	??
claims-dev-start-01	docs/records/audits/2026-09/mvp6-claims-r2-independent-ver-01/r01-r30-evidence-classification.md	3647	??
claims-dev-start-01	docs/records/audits/2026-09/mvp6-claims-r2-stateful-rework-01/INDEPENDENT-VER.md	2692	??
claims-dev-start-01	docs/records/audits/2026-09/mvp6-claims-r2-stateful-rework-01/SHA256SUMS	358	??
claims-dev-start-01	docs/records/audits/2026-09/mvp6-claims-r2-stateful-rework-01/SOP-22.md	4267	??
claims-dev-start-01	docs/records/audits/2026-09/mvp6-claims-r2-stateful-rework-01/r01-r30-evidence-classification.md	4410	??
claims-dev-start-01	docs/records/audits/2026-09/mvp6-claims-stateful-independent-ver-02/README.md	713	??
claims-dev-start-01	docs/records/audits/2026-09/mvp6-claims-stateful-independent-ver-02/SHA256SUMS	325	??
claims-dev-start-01	docs/records/audits/2026-09/mvp6-claims-stateful-independent-ver-02/SOP-22.md	4474	??
claims-dev-start-01	docs/records/audits/2026-09/mvp6-claims-stateful-independent-ver-02/evidence-manifest.sha256	55327	??
claims-dev-start-01	docs/records/audits/2026-09/mvp6-combined-final-release-pack-01/COMPATIBILITY-DELTA.md	3009	??
claims-dev-start-01	docs/records/audits/2026-09/mvp6-combined-final-release-pack-01/OWNER-DECISION-TEXTS.md	4528	??
claims-dev-start-01	docs/records/audits/2026-09/mvp6-combined-final-release-pack-01/PUBLICATION-MANIFEST.sha256	478	??
claims-dev-start-01	docs/records/audits/2026-09/mvp6-combined-final-release-pack-01/SHA256SUMS	2612	??
claims-dev-start-01	docs/records/audits/2026-09/mvp6-combined-final-release-pack-01/SOP-22.md	7270	??
claims-dev-start-01	docs/records/audits/2026-09/mvp6-combined-final-release-pack-01/authority-binding-candidate.json.txt	11484	??
claims-dev-start-01	docs/records/audits/2026-09/mvp6-combined-final-release-pack-01/candidate-to-final.patch	7222	??
claims-dev-start-01	docs/records/audits/2026-09/mvp6-combined-final-release-pack-01/evidence-manifest.sha256	1704	??
claims-dev-start-01	docs/records/audits/2026-09/mvp6-combined-final-release-pack-01/guard-binding-UNAPPROVED.patch	3866	??
claims-dev-start-01	docs/records/audits/2026-09/mvp6-combined-final-release-pack-01/guard-owner-decision-draft.json.txt	263	??
claims-dev-start-01	docs/records/audits/2026-09/mvp6-combined-final-release-pack-01/guard-payload.txt	11185	??
claims-dev-start-01	docs/records/audits/2026-09/mvp6-combined-final-release-pack-01/guard-policy-fixture-relocation.patch	7061	??
claims-dev-start-01	docs/records/audits/2026-09/mvp6-combined-final-release-pack-01/guard-review-components/artifact-relocation.patch	1324	??
claims-dev-start-01	docs/records/audits/2026-09/mvp6-combined-final-release-pack-01/guard-review-components/boundary-tests.patch	1948	??
claims-dev-start-01	docs/records/audits/2026-09/mvp6-combined-final-release-pack-01/guard-review-components/fixture-fix.patch	1069	??
claims-dev-start-01	docs/records/audits/2026-09/mvp6-combined-final-release-pack-01/guard-review-components/guard-policy.patch	1427	??
claims-dev-start-01	docs/records/audits/2026-09/mvp6-combined-final-release-pack-01/guard-review-components/rule.patch	1165	??
claims-dev-start-01	docs/records/audits/2026-09/mvp6-combined-final-release-pack-01/publication-manifest.json.txt	791	??
claims-dev-start-01	docs/records/audits/2026-09/mvp6-combined-final-release-pack-01/publication.patch	102055	??
claims-dev-start-01	docs/records/audits/2026-09/mvp6-combined-final-release-pack-01/publication/docs/analysis/contracts/carrier-semantics-v1.1.0.md	25493	??
claims-dev-start-01	docs/records/audits/2026-09/mvp6-combined-final-release-pack-01/publication/docs/analysis/contracts/claims-semantics-v3.0.0.md	21113	??
claims-dev-start-01	docs/records/audits/2026-09/mvp6-combined-final-release-pack-01/publication/docs/analysis/contracts/loads-semantics-v2.0.0.md	18109	??
claims-dev-start-01	docs/records/audits/2026-09/mvp6-combined-final-release-pack-01/publication/docs/analysis/contracts/returns-semantics-v3.0.0.md	6696	??
claims-dev-start-01	docs/records/audits/2026-09/mvp6-combined-final-release-pack-01/publication/docs/analysis/contracts/shipment-bundle.openapi.yaml	168515	??
claims-dev-start-01	docs/records/audits/2026-09/mvp6-combined-final-release-pack-01/publication/docs/analysis/contracts/shipment-root-semantics-v3.0.0.md	654	??
claims-dev-start-01	docs/records/audits/2026-09/mvp6-combined-final-release-ver-01/FINAL-HASHES.sha256	478	??
claims-dev-start-01	docs/records/audits/2026-09/mvp6-combined-final-release-ver-01/SHA256SUMS	424	??
claims-dev-start-01	docs/records/audits/2026-09/mvp6-combined-final-release-ver-01/SOP-22.md	8092	??
claims-dev-start-01	docs/records/audits/2026-09/mvp6-combined-final-release-ver-01/evidence-manifest.sha256	3058	??
claims-dev-start-01	docs/records/audits/2026-09/mvp6-combined-final-release-ver-01/fresh-results.json.txt	1440	??
claims-dev-start-01	docs/records/audits/2026-09/mvp6-consumer-r2-rework-ct-close-01/README.md	5528	??
claims-dev-start-01	docs/records/audits/2026-09/mvp6-final-publication-execution-01/SHA256SUMS	140	??
claims-dev-start-01	docs/records/audits/2026-09/mvp6-final-publication-execution-01/SOP-22.md	3612	??
claims-dev-start-01	docs/records/audits/2026-09/mvp6-final-publication-execution-01/changed-files.json	381	??
claims-dev-start-01	docs/records/audits/2026-09/mvp6-root-r2-producer-ct-accept-01/README.md	4188	??
claims-dev-start-01	docs/records/audits/2026-09/mvp6-root-r2-producer-ct-accept-01/SHA256SUMS	139	??
claims-dev-start-01	docs/records/audits/2026-09/mvp6-root-r2-producer-dev-01/SOP-22-DEV-HANDOFF.md	2637	??
claims-dev-start-01	docs/records/audits/2026-09/mvp6-root-r2-producer-dev-01/binary.sha256	187	??
claims-dev-start-01	docs/records/audits/2026-09/mvp6-root-r2-producer-dev-01/changed-files.json	1597	??
claims-dev-start-01	docs/records/audits/2026-09/mvp6-root-r2-producer-dev-01/repo-status.txt	8122	??
claims-dev-start-01	docs/records/audits/2026-09/mvp6-root-r2-producer-dev-01/root-archive-verify.txt	156	??
claims-dev-start-01	docs/records/audits/2026-09/mvp6-root-r2-producer-dev-01/source-manifest.sha256	1858	??
claims-dev-start-01	docs/records/audits/2026-09/mvp6-root-r2-producer-dev-01/test-results.txt	646	??
claims-dev-start-01	docs/records/audits/2026-09/mvp6-root-r2-producer-ver-02/SHA256SUMS	741	??
claims-dev-start-01	docs/records/audits/2026-09/mvp6-root-r2-producer-ver-02/SOP-22-VER-REPORT.md	3633	??
claims-dev-start-01	docs/records/audits/2026-09/mvp6-root-r2-producer-ver-02/binary.sha256	225	??
claims-dev-start-01	docs/records/audits/2026-09/mvp6-root-r2-producer-ver-02/manifest.json	355	??
claims-dev-start-01	docs/records/audits/2026-09/mvp6-root-r2-producer-ver-02/probe-source.sha256	533	??
claims-dev-start-01	docs/records/audits/2026-09/mvp6-root-r2-producer-ver-02/replica-state.txt	8	??
claims-dev-start-01	docs/records/audits/2026-09/mvp6-root-r2-producer-ver-02/restart.json	700	??
claims-dev-start-01	docs/records/audits/2026-09/mvp6-root-r2-producer-ver-02/root-tests.log	466	??
claims-dev-start-01	docs/records/audits/2026-09/mvp6-root-r2-producer-ver-02/runtime.json	4434	??
claims-dev-start-01	docs/records/audits/2026-09/mvp6-root-r2-producer-ver-02/shipment-tests.log	464	??
claims-dev-start-01	docs/records/decisions/2026-09/mvp6-combined-final-release-guard-owner-decision-01.json	269	??
claims-dev-start-01	docs/reference/architecture/docs-path-authority.json	11482	??
claims-dev-start-01	docs/roadmap/plans/mod-0187-final-pack-delta-01/DEV-v1.0-HELD.md	7914	??
claims-dev-start-01	docs/roadmap/plans/mod-0187-final-pack-delta-01/SHA256SUMS	1111	??
claims-dev-start-01	docs/roadmap/plans/mod-0187-final-pack-delta-01/SOP-22.md	4602	??
claims-dev-start-01	docs/roadmap/plans/mod-0187-final-pack-delta-01/VER-v1.0-HELD.md	6888	??
claims-dev-start-01	docs/roadmap/plans/mod-0187-final-pack-delta-01/authority-and-contract.md	4550	??
claims-dev-start-01	docs/roadmap/plans/mod-0187-final-pack-delta-01/baseline.txt	10337	??
claims-dev-start-01	docs/roadmap/plans/mod-0187-final-pack-delta-01/contract-parity.tsv	391	??
claims-dev-start-01	docs/roadmap/plans/mod-0187-final-pack-delta-01/dcp-002.txt	164	??
claims-dev-start-01	docs/roadmap/plans/mod-0187-final-pack-delta-01/inputs.sha256	2057	??
claims-dev-start-01	docs/roadmap/plans/mod-0187-final-pack-delta-01/phase-1.5-and-integration.md	4847	??
claims-dev-start-01	docs/roadmap/plans/mod-0187-final-pack-delta-01/proposed-pack.patch	6316	??
claims-dev-start-01	docs/roadmap/plans/mod-0187-final-pack-delta-01/prospective-owned-paths.txt	5105	??
claims-dev-start-01	docs/roadmap/plans/mod-0187-final-pack-delta-01/runtime-acceptance-R01-R30.md	11950	??
claims-dev-start-01	docs/roadmap/plans/mod-0187-final-pack-delta-01/verification.txt	2525	??
claims-dev-start-01	docs/roadmap/plans/mod-0187-prep-02/README.md	2928	??
claims-dev-start-01	docs/roadmap/plans/mod-0187-prep-02/contract-gaps.md	4583	??
claims-dev-start-01	docs/roadmap/plans/mod-0187-prep-02/dev-held-v1.0.md	3292	??
claims-dev-start-01	docs/roadmap/plans/mod-0187-prep-02/dev-prompt-v1.0-HELD.md	2610	??
claims-dev-start-01	docs/roadmap/plans/mod-0187-prep-02/owner-decisions-v1.0.md	9005	??
claims-dev-start-01	docs/roadmap/plans/mod-0187-prep-02/owner-decisions.md	21699	??
claims-dev-start-01	docs/roadmap/plans/mod-0187-prep-02/phase-1.5-and-scope.md	6290	??
claims-dev-start-01	docs/roadmap/plans/mod-0187-prep-02/prospective-owned-paths.txt	5220	??
claims-dev-start-01	docs/roadmap/plans/mod-0187-prep-02/ver-held-v1.0.md	3298	??
claims-dev-start-01	docs/roadmap/plans/mod-0187-prep-02/ver-prompt-v1.0-HELD.md	2405	??
claims-dev-start-01	docs/roadmap/plans/mod-0187-runtime-dispatch-01/DEV-v2.0.md	6607	??
claims-dev-start-01	docs/roadmap/plans/mod-0187-runtime-dispatch-01/REPORT.md	2613	??
claims-dev-start-01	docs/roadmap/plans/mod-0187-runtime-dispatch-01/SHA256SUMS	1004	??
claims-dev-start-01	docs/roadmap/plans/mod-0187-runtime-dispatch-01/VER-v2.0.md	5562	??
claims-dev-start-01	docs/roadmap/plans/mod-0187-runtime-dispatch-01/baseline.txt	50629	??
claims-dev-start-01	docs/roadmap/plans/mod-0187-runtime-dispatch-01/checkout-input-manifest.tsv	70154	??
claims-dev-start-01	docs/roadmap/plans/mod-0187-runtime-dispatch-01/checks.txt	219	??
claims-dev-start-01	docs/roadmap/plans/mod-0187-runtime-dispatch-01/owned-paths.txt	5105	??
claims-dev-start-01	docs/roadmap/plans/mod-0187-runtime-dispatch-01/owner-authority.md	1496	??
claims-dev-start-01	docs/roadmap/plans/mod-0187-runtime-dispatch-01/pack-activation.patch	7782	??
claims-dev-start-01	docs/roadmap/plans/mod-0187-runtime-dispatch-01/pack-hashes.txt	225	??
claims-dev-start-01	docs/roadmap/plans/mod-0187-runtime-dispatch-01/phase-1.5-checklist.md	2877	??
claims-dev-start-01	docs/roadmap/plans/mod-0187-runtime-dispatch-01/runtime-acceptance-R01-R30.md	11950	??
claims-dev-start-01	docs/roadmap/plans/mvp6-final-pack-delta-01/README.md	4472	??
claims-dev-start-01	docs/roadmap/plans/mvp6-final-pack-delta-01/SHA256SUMS	779	??
claims-dev-start-01	docs/roadmap/plans/mvp6-final-pack-delta-01/SOP-22-PACK-DELTA.md	889	??
claims-dev-start-01	docs/roadmap/plans/mvp6-final-pack-delta-01/dev-prompt-v1.0-HELD.md	1409	??
claims-dev-start-01	docs/roadmap/plans/mvp6-final-pack-delta-01/owned-paths-v1.0.md	6069	??
claims-dev-start-01	docs/roadmap/plans/mvp6-final-pack-delta-01/proposed-pack.patch	1273	??
claims-dev-start-01	docs/roadmap/plans/mvp6-final-pack-delta-01/ver-prompt-v1.0-HELD.md	1094	??
claims-dev-start-01	evidence/claims-dev-02/SOP-22-DEV-HANDOFF.md	1399	??
claims-dev-start-01	evidence/claims-dev-02/binary-manifest.sha256	183	??
claims-dev-start-01	evidence/claims-dev-02/manifest.json	341	??
claims-dev-start-01	evidence/claims-dev-03/SOP-22-DEV-HANDOFF.md	2093	??
claims-dev-start-01	evidence/claims-dev-03/binary-manifest.sha256	183	??
claims-dev-start-01	evidence/claims-dev-03/environment-manifest.json	295	??
claims-dev-start-01	evidence/claims-dev-04/PACKAGE-MANIFEST.sha256	631	??
claims-dev-start-01	evidence/claims-dev-04/SOP-22-DEV-HANDOFF.md	5983	??
claims-dev-start-01	evidence/claims-dev-04/acceptance-matrix.md	3907	??
claims-dev-start-01	evidence/claims-dev-04/changed-files.json	830	??
claims-dev-start-01	evidence/claims-dev-04/environment-manifest.json	998	??
claims-dev-start-01	evidence/claims-dev-04/raw-evidence.tar.gz.sha256	86	??
claims-dev-start-01	evidence/claims-dev-04/raw-manifest.sha256	1328	??
claims-dev-start-01	evidence/claims-dev-04/raw/db-query.exit	2	??
claims-dev-start-01	evidence/claims-dev-04/raw/db-state.json	682	??
claims-dev-start-01	evidence/claims-dev-04/raw/failed-correlation.json	4167	??
claims-dev-start-01	evidence/claims-dev-04/raw/final-status.txt	4135	??
claims-dev-start-01	evidence/claims-dev-04/raw/fresh-build.exit	2	??
claims-dev-start-01	evidence/claims-dev-04/raw/fresh-build.txt	5494	??
claims-dev-start-01	evidence/claims-dev-04/raw/head.txt	41	??
claims-dev-start-01	evidence/claims-dev-04/raw/program-drift.patch	4783	??
claims-dev-start-01	evidence/claims-dev-04/raw/restart.json	2689	??
claims-dev-start-01	evidence/claims-dev-04/raw/runtime-hashes-at-drift.txt	327	??
claims-dev-start-01	evidence/claims-dev-04/raw/runtime.json	6205	??
claims-dev-start-01	evidence/claims-dev-04/raw/source-manifest-check.exit	2	??
claims-dev-start-01	evidence/claims-dev-04/raw/source-manifest-check.txt	5293	??
claims-dev-start-01	evidence/claims-dev/INTEGRATION-HANDOFF.md	1351	??
claims-dev-start-01	evidence/claims-dev/R01-R30-results.md	3274	??
claims-dev-start-01	evidence/claims-dev/SHA256SUMS	4518	??
claims-dev-start-01	evidence/claims-dev/SOP-22.md	6653	??
claims-dev-start-01	evidence/claims-dev/archive.sha256	92	??
claims-dev-start-01	evidence/claims-dev/baseline-transfer.txt	209	??
claims-dev-start-01	evidence/claims-dev/binary-manifest.sha256	5418	??
claims-dev-start-01	evidence/claims-dev/build-01.log	1954	??
claims-dev-start-01	evidence/claims-dev/build-02.log	5347	??
claims-dev-start-01	evidence/claims-dev/capacity-diagnostic.log	4203	??
claims-dev-start-01	evidence/claims-dev/checkout-input-manifest.tsv	70154	??
claims-dev-start-01	evidence/claims-dev/claims-source.patch	122100	??
claims-dev-start-01	evidence/claims-dev/dcp-002.txt	55	??
claims-dev-start-01	evidence/claims-dev/diff-check.txt	6	??
claims-dev-start-01	evidence/claims-dev/git-diff-stat.txt	566	??
claims-dev-start-01	evidence/claims-dev/git-staged.txt	0	??
claims-dev-start-01	evidence/claims-dev/git-status.txt	40460	??
claims-dev-start-01	evidence/claims-dev/git-worktrees.txt	316	??
claims-dev-start-01	evidence/claims-dev/integration-owner-proposed.patch	2874	??
claims-dev-start-01	evidence/claims-dev/mongo-final-query-command.txt	685	??
claims-dev-start-01	evidence/claims-dev/mongo-final-state.txt	710	??
claims-dev-start-01	evidence/claims-dev/mongo-process.txt	267	??
claims-dev-start-01	evidence/claims-dev/mongo-query-command.txt	690	??
claims-dev-start-01	evidence/claims-dev/mongo-restart-state.txt	715	??
claims-dev-start-01	evidence/claims-dev/mongod.log	290748	??
claims-dev-start-01	evidence/claims-dev/owned-paths.txt	5105	??
claims-dev-start-01	evidence/claims-dev/owner-authority.md	1496	??
claims-dev-start-01	evidence/claims-dev/patch-check.txt	5896	??
claims-dev-start-01	evidence/claims-dev/patch-check/services/Diten.SupplyChainService/src/Diten.SupplyChainService.Api/Features/Claims/ClaimContextMiddleware.cs	6432	??
claims-dev-start-01	evidence/claims-dev/patch-check/services/Diten.SupplyChainService/src/Diten.SupplyChainService.Api/Features/Claims/ClaimContractError.cs	1759	??
claims-dev-start-01	evidence/claims-dev/patch-check/services/Diten.SupplyChainService/src/Diten.SupplyChainService.Api/Features/Claims/ClaimsController.cs	1862	??
claims-dev-start-01	evidence/claims-dev/patch-check/services/Diten.SupplyChainService/src/Diten.SupplyChainService.Application/Features/Claims/ClaimModels.cs	4571	??
claims-dev-start-01	evidence/claims-dev/patch-check/services/Diten.SupplyChainService/src/Diten.SupplyChainService.Application/Features/Claims/ClaimRequestContext.cs	441	??
claims-dev-start-01	evidence/claims-dev/patch-check/services/Diten.SupplyChainService/src/Diten.SupplyChainService.Application/Features/Claims/ClaimRequestFingerprint.cs	972	??
claims-dev-start-01	evidence/claims-dev/patch-check/services/Diten.SupplyChainService/src/Diten.SupplyChainService.Application/Features/Claims/Commands/CreateClaimCommand.cs	256	??
claims-dev-start-01	evidence/claims-dev/patch-check/services/Diten.SupplyChainService/src/Diten.SupplyChainService.Application/Features/Claims/Commands/TransitionClaimCommand.cs	273	??
claims-dev-start-01	evidence/claims-dev/patch-check/services/Diten.SupplyChainService/src/Diten.SupplyChainService.Application/Features/Claims/Handlers/CommandHandlers/CreateClaimHandler.cs	1339	??
claims-dev-start-01	evidence/claims-dev/patch-check/services/Diten.SupplyChainService/src/Diten.SupplyChainService.Application/Features/Claims/Handlers/CommandHandlers/TransitionClaimHandler.cs	1783	??
claims-dev-start-01	evidence/claims-dev/patch-check/services/Diten.SupplyChainService/src/Diten.SupplyChainService.Application/Features/Claims/Handlers/QueryHandlers/GetClaimListHandler.cs	1366	??
claims-dev-start-01	evidence/claims-dev/patch-check/services/Diten.SupplyChainService/src/Diten.SupplyChainService.Application/Features/Claims/IClaimReferenceReader.cs	239	??
claims-dev-start-01	evidence/claims-dev/patch-check/services/Diten.SupplyChainService/src/Diten.SupplyChainService.Application/Features/Claims/Queries/GetClaimListQuery.cs	251	??
claims-dev-start-01	evidence/claims-dev/patch-check/services/Diten.SupplyChainService/src/Diten.SupplyChainService.Application/Features/Claims/Validators/CreateClaimValidator.cs	388	??
claims-dev-start-01	evidence/claims-dev/patch-check/services/Diten.SupplyChainService/src/Diten.SupplyChainService.Application/Features/Claims/Validators/GetClaimListValidator.cs	487	??
claims-dev-start-01	evidence/claims-dev/patch-check/services/Diten.SupplyChainService/src/Diten.SupplyChainService.Application/Features/Claims/Validators/TransitionClaimValidator.cs	404	??
claims-dev-start-01	evidence/claims-dev/patch-check/services/Diten.SupplyChainService/src/Diten.SupplyChainService.Domain/Features/Claims/Claim.cs	775	??
claims-dev-start-01	evidence/claims-dev/patch-check/services/Diten.SupplyChainService/src/Diten.SupplyChainService.Domain/Features/Claims/ClaimAuditEntry.cs	383	??
claims-dev-start-01	evidence/claims-dev/patch-check/services/Diten.SupplyChainService/src/Diten.SupplyChainService.Domain/Features/Claims/ClaimLifecycle.cs	1724	??
claims-dev-start-01	evidence/claims-dev/patch-check/services/Diten.SupplyChainService/src/Diten.SupplyChainService.Domain/Features/Claims/ClaimMutationResult.cs	524	??
claims-dev-start-01	evidence/claims-dev/patch-check/services/Diten.SupplyChainService/src/Diten.SupplyChainService.Domain/Features/Claims/ClaimReferenceSnapshot.cs	230	??
claims-dev-start-01	evidence/claims-dev/patch-check/services/Diten.SupplyChainService/src/Diten.SupplyChainService.Domain/Features/Claims/ClaimScope.cs	304	??
claims-dev-start-01	evidence/claims-dev/patch-check/services/Diten.SupplyChainService/src/Diten.SupplyChainService.Domain/Features/Claims/ClaimStatus.cs	155	??
claims-dev-start-01	evidence/claims-dev/patch-check/services/Diten.SupplyChainService/src/Diten.SupplyChainService.Domain/Features/Claims/ExactClaimAmount.cs	1596	??
claims-dev-start-01	evidence/claims-dev/patch-check/services/Diten.SupplyChainService/src/Diten.SupplyChainService.Domain/Features/Claims/IClaimRepository.cs	522	??
claims-dev-start-01	evidence/claims-dev/patch-check/services/Diten.SupplyChainService/src/Diten.SupplyChainService.Infrastructure/Features/Claims/ClaimPermissionAttribute.cs	409	??
claims-dev-start-01	evidence/claims-dev/patch-check/services/Diten.SupplyChainService/src/Diten.SupplyChainService.Infrastructure/Features/Claims/ClaimPermissions.cs	510	??
claims-dev-start-01	evidence/claims-dev/patch-check/services/Diten.SupplyChainService/src/Diten.SupplyChainService.Infrastructure/Features/Claims/ClaimReferenceReader.cs	8805	??
claims-dev-start-01	evidence/claims-dev/patch-check/services/Diten.SupplyChainService/src/Diten.SupplyChainService.Persistence/Features/Claims/ClaimOutboxStore.cs	763	??
claims-dev-start-01	evidence/claims-dev/patch-check/services/Diten.SupplyChainService/src/Diten.SupplyChainService.Persistence/Features/Claims/ClaimPersistenceRegistration.cs	759	??
claims-dev-start-01	evidence/claims-dev/patch-check/services/Diten.SupplyChainService/src/Diten.SupplyChainService.Persistence/Features/Claims/ClaimRepository.cs	14572	??
claims-dev-start-01	evidence/claims-dev/patch-check/services/Diten.SupplyChainService/src/Diten.SupplyChainService.Persistence/Features/Claims/ClaimSchema.cs	2161	??
claims-dev-start-01	evidence/claims-dev/patch-check/services/Diten.SupplyChainService/src/Diten.SupplyChainService.Persistence/Features/Claims/IClaimCommitProbe.cs	190	??
claims-dev-start-01	evidence/claims-dev/patch-check/services/Diten.SupplyChainService/src/Diten.SupplyChainService.Persistence/Features/Claims/NoOpClaimCommitProbe.cs	270	??
claims-dev-start-01	evidence/claims-dev/patch-check/services/Diten.SupplyChainService/tests/Diten.SupplyChainService.Tests/Claims/ClaimAmountTests.cs	2623	??
claims-dev-start-01	evidence/claims-dev/patch-check/services/Diten.SupplyChainService/tests/Diten.SupplyChainService.Tests/Claims/ClaimAtomicityTests.cs	6415	??
claims-dev-start-01	evidence/claims-dev/patch-check/services/Diten.SupplyChainService/tests/Diten.SupplyChainService.Tests/Claims/ClaimConcurrencyTests.cs	2352	??
claims-dev-start-01	evidence/claims-dev/patch-check/services/Diten.SupplyChainService/tests/Diten.SupplyChainService.Tests/Claims/ClaimContractTests.cs	1498	??
claims-dev-start-01	evidence/claims-dev/patch-check/services/Diten.SupplyChainService/tests/Diten.SupplyChainService.Tests/Claims/ClaimIsolationTests.cs	7620	??
claims-dev-start-01	evidence/claims-dev/patch-check/services/Diten.SupplyChainService/tests/Diten.SupplyChainService.Tests/Claims/ClaimLifecycleTests.cs	899	??
claims-dev-start-01	evidence/claims-dev/patch-check/services/Diten.SupplyChainService/tests/Diten.SupplyChainService.Tests/Claims/ClaimOutboxTests.cs	1576	??
claims-dev-start-01	evidence/claims-dev/patch-check/services/Diten.SupplyChainService/tests/Diten.SupplyChainService.Tests/Claims/ClaimPermissionTests.cs	2762	??
claims-dev-start-01	evidence/claims-dev/patch-check/services/Diten.SupplyChainService/tests/Diten.SupplyChainService.Tests/Claims/ClaimReferenceTests.cs	9403	??
claims-dev-start-01	evidence/claims-dev/patch-check/services/Diten.SupplyChainService/tests/Diten.SupplyChainService.Tests/Claims/ClaimReplayTests.cs	6104	??
claims-dev-start-01	evidence/claims-dev/patch-check/services/Diten.SupplyChainService/tests/claims/verify_evidence.py	670	??
claims-dev-start-01	evidence/claims-dev/protected-input-check.tsv	42803	??
claims-dev-start-01	evidence/claims-dev/restart-command-records.txt	1218	??
claims-dev-start-01	evidence/claims-dev/restart-final-command-records.txt	1230	??
claims-dev-start-01	evidence/claims-dev/restart-final-read.log	628	??
claims-dev-start-01	evidence/claims-dev/restart-final-write.log	629	??
claims-dev-start-01	evidence/claims-dev/restart-read.log	622	??
claims-dev-start-01	evidence/claims-dev/restart-write.log	623	??
claims-dev-start-01	evidence/claims-dev/restore.log	1697	??
claims-dev-start-01	evidence/claims-dev/results/capacity-diagnostic.trx	3297	??
claims-dev-start-01	evidence/claims-dev/results/claims-01.trx	3017	??
claims-dev-start-01	evidence/claims-dev/results/claims-02.trx	140642	??
claims-dev-start-01	evidence/claims-dev/results/claims-03.trx	173874	??
claims-dev-start-01	evidence/claims-dev/results/claims-final.trx	202363	??
claims-dev-start-01	evidence/claims-dev/results/restart-final-read.trx	3280	??
claims-dev-start-01	evidence/claims-dev/results/restart-final-write.trx	3282	??
claims-dev-start-01	evidence/claims-dev/results/restart-read.trx	3280	??
claims-dev-start-01	evidence/claims-dev/results/restart-write.trx	3282	??
claims-dev-start-01	evidence/claims-dev/source-test-manifest.sha256	8207	??
claims-dev-start-01	evidence/claims-dev/test-results.tsv	19033	??
claims-dev-start-01	evidence/claims-dev/tests-01.log	1488	??
claims-dev-start-01	evidence/claims-dev/tests-02-command.txt	573	??
claims-dev-start-01	evidence/claims-dev/tests-02.log	1350	??
claims-dev-start-01	evidence/claims-dev/tests-03-command.txt	555	??
claims-dev-start-01	evidence/claims-dev/tests-03.log	2494	??
claims-dev-start-01	evidence/claims-dev/tests-final-command.txt	558	??
claims-dev-start-01	evidence/claims-dev/tests-final.log	2497	??
claims-dev-start-01	services/Diten.SupplyChainService/src/Diten.SupplyChainService.Api/Features/Carriers/CarrierContextMiddleware.cs	6118	??
claims-dev-start-01	services/Diten.SupplyChainService/src/Diten.SupplyChainService.Api/Features/Carriers/CarrierContractError.cs	1151	??
claims-dev-start-01	services/Diten.SupplyChainService/src/Diten.SupplyChainService.Api/Features/Carriers/CarriersController.cs	2144	??
claims-dev-start-01	services/Diten.SupplyChainService/src/Diten.SupplyChainService.Api/Features/Claims/ClaimContextMiddleware.cs	6432	??
claims-dev-start-01	services/Diten.SupplyChainService/src/Diten.SupplyChainService.Api/Features/Claims/ClaimContractError.cs	1759	??
claims-dev-start-01	services/Diten.SupplyChainService/src/Diten.SupplyChainService.Api/Features/Claims/ClaimsController.cs	1862	??
claims-dev-start-01	services/Diten.SupplyChainService/src/Diten.SupplyChainService.Api/Features/Loads/LoadContextMiddleware.cs	6518	??
claims-dev-start-01	services/Diten.SupplyChainService/src/Diten.SupplyChainService.Api/Features/Loads/LoadContractError.cs	379	??
claims-dev-start-01	services/Diten.SupplyChainService/src/Diten.SupplyChainService.Api/Features/Loads/LoadsController.cs	1626	??
claims-dev-start-01	services/Diten.SupplyChainService/src/Diten.SupplyChainService.Application/Features/Carriers/CarrierModels.cs	978	??
claims-dev-start-01	services/Diten.SupplyChainService/src/Diten.SupplyChainService.Application/Features/Carriers/CarrierRequestContext.cs	363	??
claims-dev-start-01	services/Diten.SupplyChainService/src/Diten.SupplyChainService.Application/Features/Carriers/CarrierRequestFingerprint.cs	541	??
claims-dev-start-01	services/Diten.SupplyChainService/src/Diten.SupplyChainService.Application/Features/Carriers/Commands/ChangeCarrierStatusCommand.cs	277	??
claims-dev-start-01	services/Diten.SupplyChainService/src/Diten.SupplyChainService.Application/Features/Carriers/Commands/CreateCarrierCommand.cs	249	??
claims-dev-start-01	services/Diten.SupplyChainService/src/Diten.SupplyChainService.Application/Features/Carriers/Handlers/CommandHandlers/ChangeCarrierStatusHandler.cs	1129	??
claims-dev-start-01	services/Diten.SupplyChainService/src/Diten.SupplyChainService.Application/Features/Carriers/Handlers/CommandHandlers/CreateCarrierHandler.cs	1121	??
claims-dev-start-01	services/Diten.SupplyChainService/src/Diten.SupplyChainService.Application/Features/Carriers/Handlers/QueryHandlers/GetCarrierListHandler.cs	1118	??
claims-dev-start-01	services/Diten.SupplyChainService/src/Diten.SupplyChainService.Application/Features/Carriers/Queries/GetCarrierListQuery.cs	240	??
claims-dev-start-01	services/Diten.SupplyChainService/src/Diten.SupplyChainService.Application/Features/Carriers/Validators/ChangeCarrierStatusValidator.cs	556	??
claims-dev-start-01	services/Diten.SupplyChainService/src/Diten.SupplyChainService.Application/Features/Carriers/Validators/CreateCarrierValidator.cs	672	??
claims-dev-start-01	services/Diten.SupplyChainService/src/Diten.SupplyChainService.Application/Features/Carriers/Validators/GetCarrierListValidator.cs	472	??
claims-dev-start-01	services/Diten.SupplyChainService/src/Diten.SupplyChainService.Application/Features/Claims/ClaimModels.cs	4571	??
claims-dev-start-01	services/Diten.SupplyChainService/src/Diten.SupplyChainService.Application/Features/Claims/ClaimRequestContext.cs	441	??
claims-dev-start-01	services/Diten.SupplyChainService/src/Diten.SupplyChainService.Application/Features/Claims/ClaimRequestFingerprint.cs	972	??
claims-dev-start-01	services/Diten.SupplyChainService/src/Diten.SupplyChainService.Application/Features/Claims/Commands/CreateClaimCommand.cs	256	??
claims-dev-start-01	services/Diten.SupplyChainService/src/Diten.SupplyChainService.Application/Features/Claims/Commands/TransitionClaimCommand.cs	273	??
claims-dev-start-01	services/Diten.SupplyChainService/src/Diten.SupplyChainService.Application/Features/Claims/Handlers/CommandHandlers/CreateClaimHandler.cs	1339	??
claims-dev-start-01	services/Diten.SupplyChainService/src/Diten.SupplyChainService.Application/Features/Claims/Handlers/CommandHandlers/TransitionClaimHandler.cs	1783	??
claims-dev-start-01	services/Diten.SupplyChainService/src/Diten.SupplyChainService.Application/Features/Claims/Handlers/QueryHandlers/GetClaimListHandler.cs	1366	??
claims-dev-start-01	services/Diten.SupplyChainService/src/Diten.SupplyChainService.Application/Features/Claims/IClaimReferenceReader.cs	239	??
claims-dev-start-01	services/Diten.SupplyChainService/src/Diten.SupplyChainService.Application/Features/Claims/Queries/GetClaimListQuery.cs	251	??
claims-dev-start-01	services/Diten.SupplyChainService/src/Diten.SupplyChainService.Application/Features/Claims/Validators/CreateClaimValidator.cs	388	??
claims-dev-start-01	services/Diten.SupplyChainService/src/Diten.SupplyChainService.Application/Features/Claims/Validators/GetClaimListValidator.cs	487	??
claims-dev-start-01	services/Diten.SupplyChainService/src/Diten.SupplyChainService.Application/Features/Claims/Validators/TransitionClaimValidator.cs	404	??
claims-dev-start-01	services/Diten.SupplyChainService/src/Diten.SupplyChainService.Application/Features/Loads/Commands/CreateLoadCommand.cs	255	??
claims-dev-start-01	services/Diten.SupplyChainService/src/Diten.SupplyChainService.Application/Features/Loads/Commands/TransitionLoadCommand.cs	272	??
claims-dev-start-01	services/Diten.SupplyChainService/src/Diten.SupplyChainService.Application/Features/Loads/Handlers/CommandHandlers/CreateLoadHandler.cs	960	??
claims-dev-start-01	services/Diten.SupplyChainService/src/Diten.SupplyChainService.Application/Features/Loads/Handlers/CommandHandlers/TransitionLoadHandler.cs	1148	??
claims-dev-start-01	services/Diten.SupplyChainService/src/Diten.SupplyChainService.Application/Features/Loads/Handlers/QueryHandlers/GetLoadListHandler.cs	987	??
claims-dev-start-01	services/Diten.SupplyChainService/src/Diten.SupplyChainService.Application/Features/Loads/ILoadReferenceReader.cs	241	??
claims-dev-start-01	services/Diten.SupplyChainService/src/Diten.SupplyChainService.Application/Features/Loads/LoadModels.cs	4967	??
claims-dev-start-01	services/Diten.SupplyChainService/src/Diten.SupplyChainService.Application/Features/Loads/LoadReferenceSnapshot.cs	164	??
claims-dev-start-01	services/Diten.SupplyChainService/src/Diten.SupplyChainService.Application/Features/Loads/LoadRequestContext.cs	363	??
claims-dev-start-01	services/Diten.SupplyChainService/src/Diten.SupplyChainService.Application/Features/Loads/LoadRequestFingerprint.cs	731	??
claims-dev-start-01	services/Diten.SupplyChainService/src/Diten.SupplyChainService.Application/Features/Loads/Queries/GetLoadListQuery.cs	247	??
claims-dev-start-01	services/Diten.SupplyChainService/src/Diten.SupplyChainService.Application/Features/Loads/Validators/CreateLoadValidator.cs	329	??
claims-dev-start-01	services/Diten.SupplyChainService/src/Diten.SupplyChainService.Application/Features/Loads/Validators/GetLoadListValidator.cs	482	??
claims-dev-start-01	services/Diten.SupplyChainService/src/Diten.SupplyChainService.Application/Features/Loads/Validators/TransitionLoadValidator.cs	345	??
claims-dev-start-01	services/Diten.SupplyChainService/src/Diten.SupplyChainService.Domain/Features/Carriers/Carrier.cs	553	??
claims-dev-start-01	services/Diten.SupplyChainService/src/Diten.SupplyChainService.Domain/Features/Carriers/CarrierLifecycle.cs	393	??
claims-dev-start-01	services/Diten.SupplyChainService/src/Diten.SupplyChainService.Domain/Features/Carriers/CarrierMutationResult.cs	221	??
claims-dev-start-01	services/Diten.SupplyChainService/src/Diten.SupplyChainService.Domain/Features/Carriers/CarrierPersistenceUnavailableException.cs	136	??
claims-dev-start-01	services/Diten.SupplyChainService/src/Diten.SupplyChainService.Domain/Features/Carriers/CarrierScope.cs	371	??
claims-dev-start-01	services/Diten.SupplyChainService/src/Diten.SupplyChainService.Domain/Features/Carriers/CarrierStatus.cs	118	??
claims-dev-start-01	services/Diten.SupplyChainService/src/Diten.SupplyChainService.Domain/Features/Carriers/ICarrierRepository.cs	635	??
claims-dev-start-01	services/Diten.SupplyChainService/src/Diten.SupplyChainService.Domain/Features/Carriers/TransportMode.cs	120	??
claims-dev-start-01	services/Diten.SupplyChainService/src/Diten.SupplyChainService.Domain/Features/Claims/Claim.cs	775	??
claims-dev-start-01	services/Diten.SupplyChainService/src/Diten.SupplyChainService.Domain/Features/Claims/ClaimAuditEntry.cs	383	??
claims-dev-start-01	services/Diten.SupplyChainService/src/Diten.SupplyChainService.Domain/Features/Claims/ClaimLifecycle.cs	1724	??
claims-dev-start-01	services/Diten.SupplyChainService/src/Diten.SupplyChainService.Domain/Features/Claims/ClaimMutationResult.cs	524	??
claims-dev-start-01	services/Diten.SupplyChainService/src/Diten.SupplyChainService.Domain/Features/Claims/ClaimReferenceSnapshot.cs	230	??
claims-dev-start-01	services/Diten.SupplyChainService/src/Diten.SupplyChainService.Domain/Features/Claims/ClaimScope.cs	304	??
claims-dev-start-01	services/Diten.SupplyChainService/src/Diten.SupplyChainService.Domain/Features/Claims/ClaimStatus.cs	155	??
claims-dev-start-01	services/Diten.SupplyChainService/src/Diten.SupplyChainService.Domain/Features/Claims/ExactClaimAmount.cs	1596	??
claims-dev-start-01	services/Diten.SupplyChainService/src/Diten.SupplyChainService.Domain/Features/Claims/IClaimRepository.cs	522	??
claims-dev-start-01	services/Diten.SupplyChainService/src/Diten.SupplyChainService.Domain/Features/Loads/ILoadRepository.cs	478	??
claims-dev-start-01	services/Diten.SupplyChainService/src/Diten.SupplyChainService.Domain/Features/Loads/LoadAssignment.cs	160	??
claims-dev-start-01	services/Diten.SupplyChainService/src/Diten.SupplyChainService.Domain/Features/Loads/LoadAuditEntry.cs	249	??
claims-dev-start-01	services/Diten.SupplyChainService/src/Diten.SupplyChainService.Domain/Features/Loads/LoadLifecycle.cs	706	??
claims-dev-start-01	services/Diten.SupplyChainService/src/Diten.SupplyChainService.Domain/Features/Loads/LoadMutationResult.cs	482	??
claims-dev-start-01	services/Diten.SupplyChainService/src/Diten.SupplyChainService.Domain/Features/Loads/LoadPlan.cs	662	??
claims-dev-start-01	services/Diten.SupplyChainService/src/Diten.SupplyChainService.Domain/Features/Loads/LoadScope.cs	322	??
claims-dev-start-01	services/Diten.SupplyChainService/src/Diten.SupplyChainService.Domain/Features/Loads/LoadStatus.cs	154	??
claims-dev-start-01	services/Diten.SupplyChainService/src/Diten.SupplyChainService.Domain/Features/Loads/LoadStop.cs	149	??
claims-dev-start-01	services/Diten.SupplyChainService/src/Diten.SupplyChainService.Domain/Features/Shipments/ShipmentDetailReadResult.cs	274	??
claims-dev-start-01	services/Diten.SupplyChainService/src/Diten.SupplyChainService.Infrastructure/Features/Carriers/CarrierPermissionAttribute.cs	698	??
claims-dev-start-01	services/Diten.SupplyChainService/src/Diten.SupplyChainService.Infrastructure/Features/Carriers/CarrierPermissions.cs	313	??
claims-dev-start-01	services/Diten.SupplyChainService/src/Diten.SupplyChainService.Infrastructure/Features/Claims/ClaimPermissionAttribute.cs	409	??
claims-dev-start-01	services/Diten.SupplyChainService/src/Diten.SupplyChainService.Infrastructure/Features/Claims/ClaimPermissions.cs	510	??
claims-dev-start-01	services/Diten.SupplyChainService/src/Diten.SupplyChainService.Infrastructure/Features/Claims/ClaimReferenceReader.cs	8805	??
claims-dev-start-01	services/Diten.SupplyChainService/src/Diten.SupplyChainService.Infrastructure/Features/Loads/LoadPermissionAttribute.cs	692	??
claims-dev-start-01	services/Diten.SupplyChainService/src/Diten.SupplyChainService.Infrastructure/Features/Loads/LoadPermissions.cs	293	??
claims-dev-start-01	services/Diten.SupplyChainService/src/Diten.SupplyChainService.Infrastructure/Features/Loads/LoadReferenceReader.cs	7364	??
claims-dev-start-01	services/Diten.SupplyChainService/src/Diten.SupplyChainService.Persistence/Features/Carriers/CarrierPersistenceRegistration.cs	670	??
claims-dev-start-01	services/Diten.SupplyChainService/src/Diten.SupplyChainService.Persistence/Features/Carriers/CarrierRepository.cs	9365	??
claims-dev-start-01	services/Diten.SupplyChainService/src/Diten.SupplyChainService.Persistence/Features/Carriers/CarrierSchema.cs	2177	??
claims-dev-start-01	services/Diten.SupplyChainService/src/Diten.SupplyChainService.Persistence/Features/Carriers/ICarrierCommitProbe.cs	161	??
claims-dev-start-01	services/Diten.SupplyChainService/src/Diten.SupplyChainService.Persistence/Features/Carriers/NoOpCarrierCommitProbe.cs	218	??
claims-dev-start-01	services/Diten.SupplyChainService/src/Diten.SupplyChainService.Persistence/Features/Claims/ClaimOutboxStore.cs	763	??
claims-dev-start-01	services/Diten.SupplyChainService/src/Diten.SupplyChainService.Persistence/Features/Claims/ClaimPersistenceRegistration.cs	759	??
claims-dev-start-01	services/Diten.SupplyChainService/src/Diten.SupplyChainService.Persistence/Features/Claims/ClaimRepository.cs	14572	??
claims-dev-start-01	services/Diten.SupplyChainService/src/Diten.SupplyChainService.Persistence/Features/Claims/ClaimSchema.cs	2161	??
claims-dev-start-01	services/Diten.SupplyChainService/src/Diten.SupplyChainService.Persistence/Features/Claims/IClaimCommitProbe.cs	190	??
claims-dev-start-01	services/Diten.SupplyChainService/src/Diten.SupplyChainService.Persistence/Features/Claims/NoOpClaimCommitProbe.cs	270	??
claims-dev-start-01	services/Diten.SupplyChainService/src/Diten.SupplyChainService.Persistence/Features/Loads/ILoadCommitProbe.cs	167	??
claims-dev-start-01	services/Diten.SupplyChainService/src/Diten.SupplyChainService.Persistence/Features/Loads/LoadOutboxStore.cs	550	??
claims-dev-start-01	services/Diten.SupplyChainService/src/Diten.SupplyChainService.Persistence/Features/Loads/LoadPersistenceRegistration.cs	568	??
claims-dev-start-01	services/Diten.SupplyChainService/src/Diten.SupplyChainService.Persistence/Features/Loads/LoadRepository.cs	9321	??
claims-dev-start-01	services/Diten.SupplyChainService/src/Diten.SupplyChainService.Persistence/Features/Loads/LoadSchema.cs	1786	??
claims-dev-start-01	services/Diten.SupplyChainService/src/Diten.SupplyChainService.Persistence/Features/Loads/NoOpLoadCommitProbe.cs	240	??
claims-dev-start-01	services/Diten.SupplyChainService/src/Diten.SupplyChainService.Persistence/Features/Shipments/ShipmentDetailMaterializer.cs	1323	??
claims-dev-start-01	services/Diten.SupplyChainService/tests/Diten.SupplyChainService.Tests/Carriers/CarrierContractTests.cs	25826	??
claims-dev-start-01	services/Diten.SupplyChainService/tests/Diten.SupplyChainService.Tests/Claims/ClaimAmountTests.cs	2623	??
claims-dev-start-01	services/Diten.SupplyChainService/tests/Diten.SupplyChainService.Tests/Claims/ClaimAtomicityTests.cs	6415	??
claims-dev-start-01	services/Diten.SupplyChainService/tests/Diten.SupplyChainService.Tests/Claims/ClaimConcurrencyTests.cs	2352	??
claims-dev-start-01	services/Diten.SupplyChainService/tests/Diten.SupplyChainService.Tests/Claims/ClaimContractTests.cs	1498	??
claims-dev-start-01	services/Diten.SupplyChainService/tests/Diten.SupplyChainService.Tests/Claims/ClaimIsolationTests.cs	7620	??
claims-dev-start-01	services/Diten.SupplyChainService/tests/Diten.SupplyChainService.Tests/Claims/ClaimLifecycleTests.cs	899	??
claims-dev-start-01	services/Diten.SupplyChainService/tests/Diten.SupplyChainService.Tests/Claims/ClaimOutboxTests.cs	1576	??
claims-dev-start-01	services/Diten.SupplyChainService/tests/Diten.SupplyChainService.Tests/Claims/ClaimPermissionTests.cs	2762	??
claims-dev-start-01	services/Diten.SupplyChainService/tests/Diten.SupplyChainService.Tests/Claims/ClaimReferenceTests.cs	9403	??
claims-dev-start-01	services/Diten.SupplyChainService/tests/Diten.SupplyChainService.Tests/Claims/ClaimReplayTests.cs	6104	??
claims-dev-start-01	services/Diten.SupplyChainService/tests/Diten.SupplyChainService.Tests/Loads/LoadAtomicityTests.cs	6842	??
claims-dev-start-01	services/Diten.SupplyChainService/tests/Diten.SupplyChainService.Tests/Loads/LoadConcurrencyTests.cs	4944	??
claims-dev-start-01	services/Diten.SupplyChainService/tests/Diten.SupplyChainService.Tests/Loads/LoadContractTests.cs	19994	??
claims-dev-start-01	services/Diten.SupplyChainService/tests/Diten.SupplyChainService.Tests/Loads/LoadIsolationTests.cs	5791	??
claims-dev-start-01	services/Diten.SupplyChainService/tests/Diten.SupplyChainService.Tests/Loads/LoadLifecycleTests.cs	3066	??
claims-dev-start-01	services/Diten.SupplyChainService/tests/Diten.SupplyChainService.Tests/Loads/LoadReferenceTests.cs	8977	??
claims-dev-start-01	services/Diten.SupplyChainService/tests/Diten.SupplyChainService.Tests/Loads/LoadReplayTests.cs	5022	??
claims-dev-start-01	services/Diten.SupplyChainService/tests/Diten.SupplyChainService.Tests/ShipmentRootHttpTests.cs	432	??
claims-dev-start-01	services/Diten.SupplyChainService/tests/Diten.SupplyChainService.Tests/ShipmentRootStorageTests.cs	2322	??
claims-dev-start-01	services/Diten.SupplyChainService/tests/carriers/test_outage_capture.py	5124	??
claims-dev-start-01	services/Diten.SupplyChainService/tests/carriers/verify_evidence.py	621	??
claims-dev-start-01	services/Diten.SupplyChainService/tests/claims/verify_evidence.py	670	??
claims-dev-start-01	services/Diten.SupplyChainService/tests/root_uptake/verify_evidence.py	558	??
mod-0190-isolated-dev-01	docs/analysis/contracts/sandop-capacity.openapi.yaml	58559	 M
mod-0190-isolated-dev-01	execution/domains/supply-chain-execution/module-packs/MOD-0190-sop-workflow-signoffs.md	16996	 M
mod-0190-isolated-dev-01	services/Diten.SupplyChainService/src/Diten.SupplyChainService.Api/Program.cs	4352	 M
mod-0190-isolated-dev-01	services/Diten.SupplyChainService/src/Diten.SupplyChainService.Application/Features/Shipments/Handlers/QueryHandlers/GetShipmentByIdHandler.cs	1050	 M
mod-0190-isolated-dev-01	services/Diten.SupplyChainService/src/Diten.SupplyChainService.Application/Features/Shipments/ShipmentProjection.cs	2138	 M
mod-0190-isolated-dev-01	services/Diten.SupplyChainService/src/Diten.SupplyChainService.Domain/Features/Shipments/IShipmentRepository.cs	777	 M
mod-0190-isolated-dev-01	services/Diten.SupplyChainService/src/Diten.SupplyChainService.Persistence/Features/Shipments/ShipmentRepository.cs	12860	 M
mod-0190-isolated-dev-01	docs/analysis/contracts/sandop-capacity-semantics-v2.0.0.md	15377	??
mod-0190-isolated-dev-01	docs/records/audits/2026-09/mvp6-mod0190-0192-scope-disposition-01/README.md	8442	??
mod-0190-isolated-dev-01	docs/records/audits/2026-09/mvp6-sandop-capacity-final-pack-01/publication-proposed.patch	36563	??
mod-0190-isolated-dev-01	docs/records/audits/2026-09/mvp6-sandop-capacity-final-pack-01/sandop-capacity-semantics-v2.0.0.md	15284	??
mod-0190-isolated-dev-01	docs/records/audits/2026-09/mvp6-sandop-capacity-final-pack-01/sandop-capacity.openapi.final-proposed.yaml	58559	??
mod-0190-isolated-dev-01	docs/records/audits/2026-09/mvp6-sandop-capacity-final-ver-01/SOP-22.md	8248	??
mod-0190-isolated-dev-01	docs/roadmap/plans/mod-0190-exact-policy-01/OWNER-DECISION.md	12130	??
mod-0190-isolated-dev-01	docs/roadmap/plans/mod-0190-spec-01/REPORT.md	12267	??
mod-0190-isolated-dev-01	docs/roadmap/plans/mod-0190-spec-01/proposed-pack.patch	3669	??
mod-0190-isolated-dev-01	docs/roadmap/plans/mvp6-mod0190-0192-phase15-gap-check-01/MONGO-SERVER-TIME-SMOKE.json	3646	??
mod-0190-isolated-dev-01	docs/roadmap/plans/mvp6-mod0190-0192-phase15-gap-check-01/OWNED-PATHS.tsv	13571	??
mod-0190-isolated-dev-01	docs/roadmap/plans/mvp6-mod0190-0192-phase15-gap-check-01/REPORT.md	13035	??
mod-0190-isolated-dev-01	docs/roadmap/plans/mvp6-mod0190-pack-phase15-close-01/CURRENT-INPUTS.tsv	35241	??
mod-0190-isolated-dev-01	docs/roadmap/plans/mvp6-mod0190-pack-phase15-close-01/DEV-v2.0-HELD.md	3071	??
mod-0190-isolated-dev-01	docs/roadmap/plans/mvp6-mod0190-pack-phase15-close-01/INPUT-DRIFT.tsv	292	??
mod-0190-isolated-dev-01	docs/roadmap/plans/mvp6-mod0190-pack-phase15-close-01/OWNED-PATHS.tsv	6336	??
mod-0190-isolated-dev-01	docs/roadmap/plans/mvp6-mod0190-pack-phase15-close-01/OWNER-DECISION-REQUEST.md	2206	??
mod-0190-isolated-dev-01	docs/roadmap/plans/mvp6-mod0190-pack-phase15-close-01/PHASE-1.5.md	4481	??
mod-0190-isolated-dev-01	docs/roadmap/plans/mvp6-mod0190-pack-phase15-close-01/SHA256SUMS	1378	??
mod-0190-isolated-dev-01	docs/roadmap/plans/mvp6-mod0190-pack-phase15-close-01/SOP-22.md	7683	??
mod-0190-isolated-dev-01	docs/roadmap/plans/mvp6-mod0190-pack-phase15-close-01/VER-v2.0-HELD.md	1909	??
mod-0190-isolated-dev-01	docs/roadmap/plans/mvp6-mod0190-pack-phase15-close-01/proposed-pack-target.md	16996	??
mod-0190-isolated-dev-01	docs/roadmap/plans/mvp6-mod0190-pack-phase15-close-01/proposed-pack.patch	15679	??
mod-0190-isolated-dev-01	services/Diten.SupplyChainService/src/Diten.SupplyChainService.Api/Features/Carriers/CarrierContextMiddleware.cs	6118	??
mod-0190-isolated-dev-01	services/Diten.SupplyChainService/src/Diten.SupplyChainService.Api/Features/Carriers/CarrierContractError.cs	1151	??
mod-0190-isolated-dev-01	services/Diten.SupplyChainService/src/Diten.SupplyChainService.Api/Features/Carriers/CarriersController.cs	2144	??
mod-0190-isolated-dev-01	services/Diten.SupplyChainService/src/Diten.SupplyChainService.Api/Features/Loads/LoadContextMiddleware.cs	6518	??
mod-0190-isolated-dev-01	services/Diten.SupplyChainService/src/Diten.SupplyChainService.Api/Features/Loads/LoadContractError.cs	379	??
mod-0190-isolated-dev-01	services/Diten.SupplyChainService/src/Diten.SupplyChainService.Api/Features/Loads/LoadsController.cs	1626	??
mod-0190-isolated-dev-01	services/Diten.SupplyChainService/src/Diten.SupplyChainService.Application/Features/Carriers/CarrierModels.cs	978	??
mod-0190-isolated-dev-01	services/Diten.SupplyChainService/src/Diten.SupplyChainService.Application/Features/Carriers/CarrierRequestContext.cs	363	??
mod-0190-isolated-dev-01	services/Diten.SupplyChainService/src/Diten.SupplyChainService.Application/Features/Carriers/CarrierRequestFingerprint.cs	541	??
mod-0190-isolated-dev-01	services/Diten.SupplyChainService/src/Diten.SupplyChainService.Application/Features/Carriers/Commands/ChangeCarrierStatusCommand.cs	277	??
mod-0190-isolated-dev-01	services/Diten.SupplyChainService/src/Diten.SupplyChainService.Application/Features/Carriers/Commands/CreateCarrierCommand.cs	249	??
mod-0190-isolated-dev-01	services/Diten.SupplyChainService/src/Diten.SupplyChainService.Application/Features/Carriers/Handlers/CommandHandlers/ChangeCarrierStatusHandler.cs	1129	??
mod-0190-isolated-dev-01	services/Diten.SupplyChainService/src/Diten.SupplyChainService.Application/Features/Carriers/Handlers/CommandHandlers/CreateCarrierHandler.cs	1121	??
mod-0190-isolated-dev-01	services/Diten.SupplyChainService/src/Diten.SupplyChainService.Application/Features/Carriers/Handlers/QueryHandlers/GetCarrierListHandler.cs	1118	??
mod-0190-isolated-dev-01	services/Diten.SupplyChainService/src/Diten.SupplyChainService.Application/Features/Carriers/Queries/GetCarrierListQuery.cs	240	??
mod-0190-isolated-dev-01	services/Diten.SupplyChainService/src/Diten.SupplyChainService.Application/Features/Carriers/Validators/ChangeCarrierStatusValidator.cs	556	??
mod-0190-isolated-dev-01	services/Diten.SupplyChainService/src/Diten.SupplyChainService.Application/Features/Carriers/Validators/CreateCarrierValidator.cs	672	??
mod-0190-isolated-dev-01	services/Diten.SupplyChainService/src/Diten.SupplyChainService.Application/Features/Carriers/Validators/GetCarrierListValidator.cs	472	??
mod-0190-isolated-dev-01	services/Diten.SupplyChainService/src/Diten.SupplyChainService.Application/Features/Loads/Commands/CreateLoadCommand.cs	255	??
mod-0190-isolated-dev-01	services/Diten.SupplyChainService/src/Diten.SupplyChainService.Application/Features/Loads/Commands/TransitionLoadCommand.cs	272	??
mod-0190-isolated-dev-01	services/Diten.SupplyChainService/src/Diten.SupplyChainService.Application/Features/Loads/Handlers/CommandHandlers/CreateLoadHandler.cs	960	??
mod-0190-isolated-dev-01	services/Diten.SupplyChainService/src/Diten.SupplyChainService.Application/Features/Loads/Handlers/CommandHandlers/TransitionLoadHandler.cs	1148	??
mod-0190-isolated-dev-01	services/Diten.SupplyChainService/src/Diten.SupplyChainService.Application/Features/Loads/Handlers/QueryHandlers/GetLoadListHandler.cs	987	??
mod-0190-isolated-dev-01	services/Diten.SupplyChainService/src/Diten.SupplyChainService.Application/Features/Loads/ILoadReferenceReader.cs	241	??
mod-0190-isolated-dev-01	services/Diten.SupplyChainService/src/Diten.SupplyChainService.Application/Features/Loads/LoadModels.cs	4967	??
mod-0190-isolated-dev-01	services/Diten.SupplyChainService/src/Diten.SupplyChainService.Application/Features/Loads/LoadReferenceSnapshot.cs	164	??
mod-0190-isolated-dev-01	services/Diten.SupplyChainService/src/Diten.SupplyChainService.Application/Features/Loads/LoadRequestContext.cs	363	??
mod-0190-isolated-dev-01	services/Diten.SupplyChainService/src/Diten.SupplyChainService.Application/Features/Loads/LoadRequestFingerprint.cs	731	??
mod-0190-isolated-dev-01	services/Diten.SupplyChainService/src/Diten.SupplyChainService.Application/Features/Loads/Queries/GetLoadListQuery.cs	247	??
mod-0190-isolated-dev-01	services/Diten.SupplyChainService/src/Diten.SupplyChainService.Application/Features/Loads/Validators/CreateLoadValidator.cs	329	??
mod-0190-isolated-dev-01	services/Diten.SupplyChainService/src/Diten.SupplyChainService.Application/Features/Loads/Validators/GetLoadListValidator.cs	482	??
mod-0190-isolated-dev-01	services/Diten.SupplyChainService/src/Diten.SupplyChainService.Application/Features/Loads/Validators/TransitionLoadValidator.cs	345	??
mod-0190-isolated-dev-01	services/Diten.SupplyChainService/src/Diten.SupplyChainService.Domain/Features/Carriers/Carrier.cs	553	??
mod-0190-isolated-dev-01	services/Diten.SupplyChainService/src/Diten.SupplyChainService.Domain/Features/Carriers/CarrierLifecycle.cs	393	??
mod-0190-isolated-dev-01	services/Diten.SupplyChainService/src/Diten.SupplyChainService.Domain/Features/Carriers/CarrierMutationResult.cs	221	??
mod-0190-isolated-dev-01	services/Diten.SupplyChainService/src/Diten.SupplyChainService.Domain/Features/Carriers/CarrierPersistenceUnavailableException.cs	136	??
mod-0190-isolated-dev-01	services/Diten.SupplyChainService/src/Diten.SupplyChainService.Domain/Features/Carriers/CarrierScope.cs	371	??
mod-0190-isolated-dev-01	services/Diten.SupplyChainService/src/Diten.SupplyChainService.Domain/Features/Carriers/CarrierStatus.cs	118	??
mod-0190-isolated-dev-01	services/Diten.SupplyChainService/src/Diten.SupplyChainService.Domain/Features/Carriers/ICarrierRepository.cs	635	??
mod-0190-isolated-dev-01	services/Diten.SupplyChainService/src/Diten.SupplyChainService.Domain/Features/Carriers/TransportMode.cs	120	??
mod-0190-isolated-dev-01	services/Diten.SupplyChainService/src/Diten.SupplyChainService.Domain/Features/Loads/ILoadRepository.cs	478	??
mod-0190-isolated-dev-01	services/Diten.SupplyChainService/src/Diten.SupplyChainService.Domain/Features/Loads/LoadAssignment.cs	160	??
mod-0190-isolated-dev-01	services/Diten.SupplyChainService/src/Diten.SupplyChainService.Domain/Features/Loads/LoadAuditEntry.cs	249	??
mod-0190-isolated-dev-01	services/Diten.SupplyChainService/src/Diten.SupplyChainService.Domain/Features/Loads/LoadLifecycle.cs	706	??
mod-0190-isolated-dev-01	services/Diten.SupplyChainService/src/Diten.SupplyChainService.Domain/Features/Loads/LoadMutationResult.cs	482	??
mod-0190-isolated-dev-01	services/Diten.SupplyChainService/src/Diten.SupplyChainService.Domain/Features/Loads/LoadPlan.cs	662	??
mod-0190-isolated-dev-01	services/Diten.SupplyChainService/src/Diten.SupplyChainService.Domain/Features/Loads/LoadScope.cs	322	??
mod-0190-isolated-dev-01	services/Diten.SupplyChainService/src/Diten.SupplyChainService.Domain/Features/Loads/LoadStatus.cs	154	??
mod-0190-isolated-dev-01	services/Diten.SupplyChainService/src/Diten.SupplyChainService.Domain/Features/Loads/LoadStop.cs	149	??
mod-0190-isolated-dev-01	services/Diten.SupplyChainService/src/Diten.SupplyChainService.Domain/Features/Shipments/ShipmentDetailReadResult.cs	274	??
mod-0190-isolated-dev-01	services/Diten.SupplyChainService/src/Diten.SupplyChainService.Infrastructure/Features/Carriers/CarrierPermissionAttribute.cs	698	??
mod-0190-isolated-dev-01	services/Diten.SupplyChainService/src/Diten.SupplyChainService.Infrastructure/Features/Carriers/CarrierPermissions.cs	313	??
mod-0190-isolated-dev-01	services/Diten.SupplyChainService/src/Diten.SupplyChainService.Infrastructure/Features/Loads/LoadPermissionAttribute.cs	692	??
mod-0190-isolated-dev-01	services/Diten.SupplyChainService/src/Diten.SupplyChainService.Infrastructure/Features/Loads/LoadPermissions.cs	293	??
mod-0190-isolated-dev-01	services/Diten.SupplyChainService/src/Diten.SupplyChainService.Infrastructure/Features/Loads/LoadReferenceReader.cs	7364	??
mod-0190-isolated-dev-01	services/Diten.SupplyChainService/src/Diten.SupplyChainService.Persistence/Features/Carriers/CarrierPersistenceRegistration.cs	670	??
mod-0190-isolated-dev-01	services/Diten.SupplyChainService/src/Diten.SupplyChainService.Persistence/Features/Carriers/CarrierRepository.cs	9365	??
mod-0190-isolated-dev-01	services/Diten.SupplyChainService/src/Diten.SupplyChainService.Persistence/Features/Carriers/CarrierSchema.cs	2177	??
mod-0190-isolated-dev-01	services/Diten.SupplyChainService/src/Diten.SupplyChainService.Persistence/Features/Carriers/ICarrierCommitProbe.cs	161	??
mod-0190-isolated-dev-01	services/Diten.SupplyChainService/src/Diten.SupplyChainService.Persistence/Features/Carriers/NoOpCarrierCommitProbe.cs	218	??
mod-0190-isolated-dev-01	services/Diten.SupplyChainService/src/Diten.SupplyChainService.Persistence/Features/Loads/ILoadCommitProbe.cs	167	??
mod-0190-isolated-dev-01	services/Diten.SupplyChainService/src/Diten.SupplyChainService.Persistence/Features/Loads/LoadOutboxStore.cs	550	??
mod-0190-isolated-dev-01	services/Diten.SupplyChainService/src/Diten.SupplyChainService.Persistence/Features/Loads/LoadPersistenceRegistration.cs	568	??
mod-0190-isolated-dev-01	services/Diten.SupplyChainService/src/Diten.SupplyChainService.Persistence/Features/Loads/LoadRepository.cs	9321	??
mod-0190-isolated-dev-01	services/Diten.SupplyChainService/src/Diten.SupplyChainService.Persistence/Features/Loads/LoadSchema.cs	1786	??
mod-0190-isolated-dev-01	services/Diten.SupplyChainService/src/Diten.SupplyChainService.Persistence/Features/Loads/NoOpLoadCommitProbe.cs	240	??
mod-0190-isolated-dev-01	services/Diten.SupplyChainService/src/Diten.SupplyChainService.Persistence/Features/Shipments/ShipmentDetailMaterializer.cs	1323	??
mod-0190-isolated-dev-01	services/Diten.SupplyChainService/tests/Diten.SupplyChainService.Tests/Carriers/CarrierContractTests.cs	25826	??
mod-0190-isolated-dev-01	services/Diten.SupplyChainService/tests/Diten.SupplyChainService.Tests/Loads/LoadAtomicityTests.cs	6842	??
mod-0190-isolated-dev-01	services/Diten.SupplyChainService/tests/Diten.SupplyChainService.Tests/Loads/LoadConcurrencyTests.cs	4944	??
mod-0190-isolated-dev-01	services/Diten.SupplyChainService/tests/Diten.SupplyChainService.Tests/Loads/LoadContractTests.cs	19994	??
mod-0190-isolated-dev-01	services/Diten.SupplyChainService/tests/Diten.SupplyChainService.Tests/Loads/LoadIsolationTests.cs	5791	??
mod-0190-isolated-dev-01	services/Diten.SupplyChainService/tests/Diten.SupplyChainService.Tests/Loads/LoadLifecycleTests.cs	3066	??
mod-0190-isolated-dev-01	services/Diten.SupplyChainService/tests/Diten.SupplyChainService.Tests/Loads/LoadReferenceTests.cs	8977	??
mod-0190-isolated-dev-01	services/Diten.SupplyChainService/tests/Diten.SupplyChainService.Tests/Loads/LoadReplayTests.cs	5022	??
mod-0190-isolated-dev-01	services/Diten.SupplyChainService/tests/Diten.SupplyChainService.Tests/ShipmentRootHttpTests.cs	432	??
mod-0190-isolated-dev-01	services/Diten.SupplyChainService/tests/Diten.SupplyChainService.Tests/ShipmentRootStorageTests.cs	2322	??
mod-0190-isolated-dev-01	services/Diten.SupplyChainService/tests/carriers/test_outage_capture.py	5124	??
mod-0190-isolated-dev-01	services/Diten.SupplyChainService/tests/carriers/verify_evidence.py	621	??
mod-0190-isolated-dev-01	services/Diten.SupplyChainService/tests/root_uptake/verify_evidence.py	558	??
mvp6-carrier-ui-dev	execution/domains/supply-chain-execution/module-packs/MOD-0184-carrier-management.md	39366	 M
mvp6-carrier-ui-dev	frontend/Diten.Web/Resources/SharedResource.ar.resx	42116	 M
mvp6-carrier-ui-dev	frontend/Diten.Web/Resources/SharedResource.en.resx	42117	 M
mvp6-carrier-ui-dev	frontend/Diten.Web/Resources/SharedResource.es.resx	39730	 M
mvp6-carrier-ui-dev	frontend/Diten.Web/Resources/SharedResource.fr.resx	40000	 M
mvp6-carrier-ui-dev	frontend/Diten.Web/Resources/SharedResource.ru.resx	43712	 M
mvp6-carrier-ui-dev	frontend/Diten.Web/Resources/SharedResource.tr.resx	42666	 M
mvp6-carrier-ui-dev	frontend/Diten.Web/Resources/SharedResource.zh.resx	37511	 M
mvp6-carrier-ui-dev	gateway/Diten.ApiGateway/ocelot.json	122131	 M
mvp6-carrier-ui-dev	services/Diten.SupplyChainService/src/Diten.SupplyChainService.Api/Diten.SupplyChainService.Api.csproj	1123	 M
mvp6-carrier-ui-dev	services/Diten.SupplyChainService/src/Diten.SupplyChainService.Api/Program.cs	8424	 M
mvp6-carrier-ui-dev	services/Diten.SupplyChainService/src/Diten.SupplyChainService.Api/appsettings.json	275	 M
mvp6-carrier-ui-dev	services/Diten.SupplyChainService/src/Diten.SupplyChainService.Application/Features/Shipments/Handlers/QueryHandlers/GetShipmentByIdHandler.cs	1050	 M
mvp6-carrier-ui-dev	services/Diten.SupplyChainService/src/Diten.SupplyChainService.Application/Features/Shipments/ShipmentProjection.cs	2138	 M
mvp6-carrier-ui-dev	services/Diten.SupplyChainService/src/Diten.SupplyChainService.Domain/Features/Shipments/IShipmentRepository.cs	777	 M
mvp6-carrier-ui-dev	services/Diten.SupplyChainService/src/Diten.SupplyChainService.Persistence/Features/Shipments/ShipmentRepository.cs	12860	 M
mvp6-carrier-ui-dev	docs/records/audits/2026-09/mvp6-carrier-ui-dev-01/integration/ARTIFACTS.sha256	598	??
mvp6-carrier-ui-dev	docs/records/audits/2026-09/mvp6-carrier-ui-dev-01/integration/BC-TRANSFER-VERIFICATION.tsv	101608	??
mvp6-carrier-ui-dev	docs/records/audits/2026-09/mvp6-carrier-ui-dev-01/integration/SHARED-TARGET-VERIFICATION.tsv	4602	??
mvp6-carrier-ui-dev	docs/records/audits/2026-09/mvp6-carrier-ui-dev-01/integration/TARGET-CHECKOUT.json	547	??
mvp6-carrier-ui-dev	docs/records/audits/2026-09/mvp6-carrier-ui-dev-01/integration/raw/carrier-gateway.trx	3070	??
mvp6-carrier-ui-dev	docs/records/audits/2026-09/mvp6-carrier-ui-dev-01/integration/raw/carrier-integration.trx	6647	??
mvp6-carrier-ui-dev	docs/records/audits/2026-09/mvp6-carrier-ui-dev-01/integration/raw/carrier-navigation.trx	12163	??
mvp6-carrier-ui-dev	docs/records/audits/2026-09/mvp6-carrier-ui-dev-01/integration/raw/gateway-focused.exit	2	??
mvp6-carrier-ui-dev	docs/records/audits/2026-09/mvp6-carrier-ui-dev-01/integration/raw/gateway-focused.log	4123	??
mvp6-carrier-ui-dev	docs/records/audits/2026-09/mvp6-carrier-ui-dev-01/integration/raw/navigation-focused.exit	2	??
mvp6-carrier-ui-dev	docs/records/audits/2026-09/mvp6-carrier-ui-dev-01/integration/raw/navigation-focused.log	11215	??
mvp6-carrier-ui-dev	docs/records/audits/2026-09/mvp6-carrier-ui-dev-01/integration/raw/supplychain-focused.exit	2	??
mvp6-carrier-ui-dev	docs/records/audits/2026-09/mvp6-carrier-ui-dev-01/integration/raw/supplychain-focused.log	4771	??
mvp6-carrier-ui-dev	docs/records/audits/2026-09/mvp6-carrier-ui-dev-01/ui-rework/ARTIFACTS.sha256	595	??
mvp6-carrier-ui-dev	docs/records/audits/2026-09/mvp6-carrier-ui-dev-01/ui-rework/README.md	1100	??
mvp6-carrier-ui-dev	docs/records/audits/2026-09/mvp6-carrier-ui-dev-01/ui-rework/UI-SOURCE-MANIFEST-v2.tsv	2963	??
mvp6-carrier-ui-dev	docs/records/audits/2026-09/mvp6-carrier-ui-dev-01/ui-rework/UI-SOURCE-v2.patch	108200	??
mvp6-carrier-ui-dev	docs/records/audits/2026-09/mvp6-carrier-ui-dev-01/ui-rework/raw/carrier-ui-rework-rerun.trx	19400	??
mvp6-carrier-ui-dev	docs/records/audits/2026-09/mvp6-carrier-ui-dev-01/ui-rework/raw/carrier-ui-rework.trx	21116	??
mvp6-carrier-ui-dev	docs/records/audits/2026-09/mvp6-carrier-ui-dev-01/ui-writer/ARTIFACTS.sha256	247	??
mvp6-carrier-ui-dev	docs/records/audits/2026-09/mvp6-carrier-ui-dev-01/ui-writer/SOP-22.md	2000	??
mvp6-carrier-ui-dev	docs/records/audits/2026-09/mvp6-carrier-ui-dev-01/ui-writer/UI-SOURCE-MANIFEST.tsv	2963	??
mvp6-carrier-ui-dev	docs/records/audits/2026-09/mvp6-carrier-ui-dev-01/ui-writer/UI-SOURCE.patch	108020	??
mvp6-carrier-ui-dev	docs/records/audits/2026-09/mvp6-carrier-ui-dev-01/ui-writer/raw/carrier-ui-writer-rerun.trx	19400	??
mvp6-carrier-ui-dev	docs/records/audits/2026-09/mvp6-carrier-ui-dev-01/ui-writer/raw/carrier-ui-writer.trx	21134	??
mvp6-carrier-ui-dev	docs/records/audits/2026-09/mvp6-carrier-ui-dev-01/ui-writer/raw/datatable-verifier.exit	2	??
mvp6-carrier-ui-dev	docs/records/audits/2026-09/mvp6-carrier-ui-dev-01/ui-writer/raw/datatable-verifier.log	7036	??
mvp6-carrier-ui-dev	docs/records/audits/2026-09/mvp6-carrier-ui-dev-01/ui-writer/raw/frontend-build.exit	2	??
mvp6-carrier-ui-dev	docs/records/audits/2026-09/mvp6-carrier-ui-dev-01/ui-writer/raw/frontend-build.log	450	??
mvp6-carrier-ui-dev	docs/records/audits/2026-09/mvp6-carrier-ui-quality-close-01/carrier-writer/ARTIFACTS.sha256	2336	??
mvp6-carrier-ui-dev	docs/records/audits/2026-09/mvp6-carrier-ui-quality-close-01/carrier-writer/CARRIER-OWNED.patch	1954	??
mvp6-carrier-ui-dev	docs/records/audits/2026-09/mvp6-carrier-ui-quality-close-01/carrier-writer/DISCARDED-ATTEMPTS.tsv	458	??
mvp6-carrier-ui-dev	docs/records/audits/2026-09/mvp6-carrier-ui-quality-close-01/carrier-writer/SOP-22.md	3485	??
mvp6-carrier-ui-dev	docs/records/audits/2026-09/mvp6-carrier-ui-quality-close-01/carrier-writer/UI-SOURCE-MANIFEST-v3.tsv	2963	??
mvp6-carrier-ui-dev	docs/records/audits/2026-09/mvp6-carrier-ui-quality-close-01/carrier-writer/WARNING-DISPOSITION.tsv	3050	??
mvp6-carrier-ui-dev	docs/records/audits/2026-09/mvp6-carrier-ui-quality-close-01/carrier-writer/raw/L10N-RESOURCE-MATRIX.tsv	3253	??
mvp6-carrier-ui-dev	docs/records/audits/2026-09/mvp6-carrier-ui-quality-close-01/carrier-writer/raw/carrier-ui-quality-close.trx	22497	??
mvp6-carrier-ui-dev	docs/records/audits/2026-09/mvp6-carrier-ui-quality-close-01/carrier-writer/raw/frontend-build.log	5184	??
mvp6-carrier-ui-dev	docs/records/audits/2026-09/mvp6-carrier-ui-quality-close-01/carrier-writer/raw/l10n-warning-probe.js	2062	??
mvp6-carrier-ui-dev	docs/records/audits/2026-09/mvp6-carrier-ui-quality-close-01/carrier-writer/raw/l10n-warning-probe.log	666	??
mvp6-carrier-ui-dev	docs/records/audits/2026-09/mvp6-carrier-ui-quality-close-01/carrier-writer/raw/patch-apply.log	169	??
mvp6-carrier-ui-dev	docs/roadmap/plans/mvp6-carrier-ui-dev-01/UI-DEV-v2.1-ACTIVE.md	2330	??
mvp6-carrier-ui-dev	frontend/Diten.Web.Tests/Controllers/SupplyChainCarriersControllerTests.cs	8454	??
mvp6-carrier-ui-dev	frontend/Diten.Web.Tests/Forms/CarrierFormContractTests.cs	3845	??
mvp6-carrier-ui-dev	frontend/Diten.Web.Tests/JavaScript/CarrierIndexBehaviorTests.cs	3301	??
mvp6-carrier-ui-dev	frontend/Diten.Web/Controllers/SupplyChainCarriersController.cs	9379	??
mvp6-carrier-ui-dev	frontend/Diten.Web/Models/SupplyChain/Carriers/CarrierViewModels.cs	842	??
mvp6-carrier-ui-dev	frontend/Diten.Web/Resources/Views/SupplyChain/Carriers/CarriersIndex.ar.resx	5324	??
mvp6-carrier-ui-dev	frontend/Diten.Web/Resources/Views/SupplyChain/Carriers/CarriersIndex.en.resx	4820	??
mvp6-carrier-ui-dev	frontend/Diten.Web/Resources/Views/SupplyChain/Carriers/CarriersIndex.es.resx	4963	??
mvp6-carrier-ui-dev	frontend/Diten.Web/Resources/Views/SupplyChain/Carriers/CarriersIndex.fr.resx	4941	??
mvp6-carrier-ui-dev	frontend/Diten.Web/Resources/Views/SupplyChain/Carriers/CarriersIndex.ru.resx	6015	??
mvp6-carrier-ui-dev	frontend/Diten.Web/Resources/Views/SupplyChain/Carriers/CarriersIndex.tr.resx	4888	??
mvp6-carrier-ui-dev	frontend/Diten.Web/Resources/Views/SupplyChain/Carriers/CarriersIndex.zh.resx	4558	??
mvp6-carrier-ui-dev	frontend/Diten.Web/Views/SupplyChain/Carriers/CarriersIndex.cs	84	??
mvp6-carrier-ui-dev	frontend/Diten.Web/Views/SupplyChain/Carriers/Index.cshtml	2728	??
mvp6-carrier-ui-dev	frontend/Diten.Web/Views/SupplyChain/Carriers/_ChangeStatusOffcanvas.cshtml	2286	??
mvp6-carrier-ui-dev	frontend/Diten.Web/Views/SupplyChain/Carriers/_CreateEditOffcanvas.cshtml	3857	??
mvp6-carrier-ui-dev	frontend/Diten.Web/Views/SupplyChain/Carriers/_DataTable.cshtml	1194	??
mvp6-carrier-ui-dev	frontend/Diten.Web/Views/SupplyChain/Carriers/_Filter.cshtml	1656	??
mvp6-carrier-ui-dev	frontend/Diten.Web/Views/SupplyChain/Carriers/_IndexL10n.cshtml	3395	??
mvp6-carrier-ui-dev	frontend/Diten.Web/wwwroot/assets/js/SupplyChain/Carriers/index.js	26554	??
mvp6-carrier-ui-dev	frontend/Diten.Web/wwwroot/assets/js/SupplyChain/Carriers/index.l10n.js	2070	??
mvp6-carrier-ui-dev	gateway/Diten.ApiGateway.Tests/CarrierRouteCoverageTests.cs	1681	??
mvp6-carrier-ui-dev	services/Diten.SupplyChainService/src/Diten.SupplyChainService.Api/Features/CapacityPlans/CapacityContextMiddleware.cs	4122	??
mvp6-carrier-ui-dev	services/Diten.SupplyChainService/src/Diten.SupplyChainService.Api/Features/CapacityPlans/CapacityContractError.cs	1474	??
mvp6-carrier-ui-dev	services/Diten.SupplyChainService/src/Diten.SupplyChainService.Api/Features/CapacityPlans/CapacityPlansController.cs	2821	??
mvp6-carrier-ui-dev	services/Diten.SupplyChainService/src/Diten.SupplyChainService.Api/Features/Carriers/CarrierContextMiddleware.cs	6118	??
mvp6-carrier-ui-dev	services/Diten.SupplyChainService/src/Diten.SupplyChainService.Api/Features/Carriers/CarrierContractError.cs	1151	??
mvp6-carrier-ui-dev	services/Diten.SupplyChainService/src/Diten.SupplyChainService.Api/Features/Carriers/CarriersController.cs	2144	??
mvp6-carrier-ui-dev	services/Diten.SupplyChainService/src/Diten.SupplyChainService.Api/Features/Claims/ClaimContextMiddleware.cs	6432	??
mvp6-carrier-ui-dev	services/Diten.SupplyChainService/src/Diten.SupplyChainService.Api/Features/Claims/ClaimContractError.cs	1759	??
mvp6-carrier-ui-dev	services/Diten.SupplyChainService/src/Diten.SupplyChainService.Api/Features/Claims/ClaimsController.cs	1862	??
mvp6-carrier-ui-dev	services/Diten.SupplyChainService/src/Diten.SupplyChainService.Api/Features/Loads/LoadContextMiddleware.cs	6518	??
mvp6-carrier-ui-dev	services/Diten.SupplyChainService/src/Diten.SupplyChainService.Api/Features/Loads/LoadContractError.cs	379	??
mvp6-carrier-ui-dev	services/Diten.SupplyChainService/src/Diten.SupplyChainService.Api/Features/Loads/LoadsController.cs	1626	??
mvp6-carrier-ui-dev	services/Diten.SupplyChainService/src/Diten.SupplyChainService.Api/Features/Returns/ReturnContextMiddleware.cs	7959	??
mvp6-carrier-ui-dev	services/Diten.SupplyChainService/src/Diten.SupplyChainService.Api/Features/Returns/ReturnContractError.cs	339	??
mvp6-carrier-ui-dev	services/Diten.SupplyChainService/src/Diten.SupplyChainService.Api/Features/Returns/ReturnsController.cs	1939	??
mvp6-carrier-ui-dev	services/Diten.SupplyChainService/src/Diten.SupplyChainService.Api/Features/SandopPlans/SandopContextMiddleware.cs	2128	??
mvp6-carrier-ui-dev	services/Diten.SupplyChainService/src/Diten.SupplyChainService.Api/Features/SandopPlans/SandopContractError.cs	1198	??
mvp6-carrier-ui-dev	services/Diten.SupplyChainService/src/Diten.SupplyChainService.Api/Features/SandopPlans/SandopPlansController.cs	3594	??
mvp6-carrier-ui-dev	services/Diten.SupplyChainService/src/Diten.SupplyChainService.Api/ModuleRegistration/CarrierManagementManifestProvider.cs	1714	??
mvp6-carrier-ui-dev	services/Diten.SupplyChainService/src/Diten.SupplyChainService.Api/ModuleRegistration/IModuleManifestProvider.cs	208	??
mvp6-carrier-ui-dev	services/Diten.SupplyChainService/src/Diten.SupplyChainService.Api/ModuleRegistration/ModuleRegistrationHostedService.cs	6192	??
mvp6-carrier-ui-dev	services/Diten.SupplyChainService/src/Diten.SupplyChainService.Api/ModuleRegistration/PlatformRegistrationOptions.cs	293	??
mvp6-carrier-ui-dev	services/Diten.SupplyChainService/src/Diten.SupplyChainService.Application/Features/CapacityPlans/CapacityPlanModels.cs	2540	??
mvp6-carrier-ui-dev	services/Diten.SupplyChainService/src/Diten.SupplyChainService.Application/Features/CapacityPlans/CapacityProjection.cs	804	??
mvp6-carrier-ui-dev	services/Diten.SupplyChainService/src/Diten.SupplyChainService.Application/Features/CapacityPlans/CapacityRequestFingerprint.cs	947	??
mvp6-carrier-ui-dev	services/Diten.SupplyChainService/src/Diten.SupplyChainService.Application/Features/CapacityPlans/Commands/CreateCapacityPlanCommand.cs	269	??
mvp6-carrier-ui-dev	services/Diten.SupplyChainService/src/Diten.SupplyChainService.Application/Features/CapacityPlans/Commands/CreateCapacityScenarioCommand.cs	302	??
mvp6-carrier-ui-dev	services/Diten.SupplyChainService/src/Diten.SupplyChainService.Application/Features/CapacityPlans/Commands/EvaluateCapacityScenarioCommand.cs	325	??
mvp6-carrier-ui-dev	services/Diten.SupplyChainService/src/Diten.SupplyChainService.Application/Features/CapacityPlans/Handlers/CommandHandlers/CreateCapacityPlanHandler.cs	1464	??
mvp6-carrier-ui-dev	services/Diten.SupplyChainService/src/Diten.SupplyChainService.Application/Features/CapacityPlans/Handlers/CommandHandlers/CreateCapacityScenarioHandler.cs	1466	??
mvp6-carrier-ui-dev	services/Diten.SupplyChainService/src/Diten.SupplyChainService.Application/Features/CapacityPlans/Handlers/CommandHandlers/EvaluateCapacityScenarioHandler.cs	1572	??
mvp6-carrier-ui-dev	services/Diten.SupplyChainService/src/Diten.SupplyChainService.Application/Features/CapacityPlans/Handlers/QueryHandlers/GetCapacityEvaluationHandler.cs	1112	??
mvp6-carrier-ui-dev	services/Diten.SupplyChainService/src/Diten.SupplyChainService.Application/Features/CapacityPlans/Handlers/QueryHandlers/GetCapacityPlanHandler.cs	1025	??
mvp6-carrier-ui-dev	services/Diten.SupplyChainService/src/Diten.SupplyChainService.Application/Features/CapacityPlans/Handlers/QueryHandlers/GetCapacityScenarioHandler.cs	1088	??
mvp6-carrier-ui-dev	services/Diten.SupplyChainService/src/Diten.SupplyChainService.Application/Features/CapacityPlans/Queries/GetCapacityEvaluationQuery.cs	283	??
mvp6-carrier-ui-dev	services/Diten.SupplyChainService/src/Diten.SupplyChainService.Application/Features/CapacityPlans/Queries/GetCapacityPlanQuery.cs	252	??
mvp6-carrier-ui-dev	services/Diten.SupplyChainService/src/Diten.SupplyChainService.Application/Features/CapacityPlans/Queries/GetCapacityScenarioQuery.cs	277	??
mvp6-carrier-ui-dev	services/Diten.SupplyChainService/src/Diten.SupplyChainService.Application/Features/CapacityPlans/Validators/CreateCapacityPlanValidator.cs	825	??
mvp6-carrier-ui-dev	services/Diten.SupplyChainService/src/Diten.SupplyChainService.Application/Features/CapacityPlans/Validators/CreateCapacityScenarioValidator.cs	570	??
mvp6-carrier-ui-dev	services/Diten.SupplyChainService/src/Diten.SupplyChainService.Application/Features/CapacityPlans/Validators/EvaluateCapacityScenarioValidator.cs	629	??
mvp6-carrier-ui-dev	services/Diten.SupplyChainService/src/Diten.SupplyChainService.Application/Features/Carriers/CarrierModels.cs	978	??
mvp6-carrier-ui-dev	services/Diten.SupplyChainService/src/Diten.SupplyChainService.Application/Features/Carriers/CarrierRequestContext.cs	363	??
mvp6-carrier-ui-dev	services/Diten.SupplyChainService/src/Diten.SupplyChainService.Application/Features/Carriers/CarrierRequestFingerprint.cs	541	??
mvp6-carrier-ui-dev	services/Diten.SupplyChainService/src/Diten.SupplyChainService.Application/Features/Carriers/Commands/ChangeCarrierStatusCommand.cs	277	??
mvp6-carrier-ui-dev	services/Diten.SupplyChainService/src/Diten.SupplyChainService.Application/Features/Carriers/Commands/CreateCarrierCommand.cs	249	??
mvp6-carrier-ui-dev	services/Diten.SupplyChainService/src/Diten.SupplyChainService.Application/Features/Carriers/Handlers/CommandHandlers/ChangeCarrierStatusHandler.cs	1129	??
mvp6-carrier-ui-dev	services/Diten.SupplyChainService/src/Diten.SupplyChainService.Application/Features/Carriers/Handlers/CommandHandlers/CreateCarrierHandler.cs	1121	??
mvp6-carrier-ui-dev	services/Diten.SupplyChainService/src/Diten.SupplyChainService.Application/Features/Carriers/Handlers/QueryHandlers/GetCarrierListHandler.cs	1118	??
mvp6-carrier-ui-dev	services/Diten.SupplyChainService/src/Diten.SupplyChainService.Application/Features/Carriers/Queries/GetCarrierListQuery.cs	240	??
mvp6-carrier-ui-dev	services/Diten.SupplyChainService/src/Diten.SupplyChainService.Application/Features/Carriers/Validators/ChangeCarrierStatusValidator.cs	556	??
mvp6-carrier-ui-dev	services/Diten.SupplyChainService/src/Diten.SupplyChainService.Application/Features/Carriers/Validators/CreateCarrierValidator.cs	672	??
mvp6-carrier-ui-dev	services/Diten.SupplyChainService/src/Diten.SupplyChainService.Application/Features/Carriers/Validators/GetCarrierListValidator.cs	472	??
mvp6-carrier-ui-dev	services/Diten.SupplyChainService/src/Diten.SupplyChainService.Application/Features/Claims/ClaimModels.cs	4571	??
mvp6-carrier-ui-dev	services/Diten.SupplyChainService/src/Diten.SupplyChainService.Application/Features/Claims/ClaimRequestContext.cs	441	??
mvp6-carrier-ui-dev	services/Diten.SupplyChainService/src/Diten.SupplyChainService.Application/Features/Claims/ClaimRequestFingerprint.cs	972	??
mvp6-carrier-ui-dev	services/Diten.SupplyChainService/src/Diten.SupplyChainService.Application/Features/Claims/Commands/CreateClaimCommand.cs	256	??
mvp6-carrier-ui-dev	services/Diten.SupplyChainService/src/Diten.SupplyChainService.Application/Features/Claims/Commands/TransitionClaimCommand.cs	273	??
mvp6-carrier-ui-dev	services/Diten.SupplyChainService/src/Diten.SupplyChainService.Application/Features/Claims/Handlers/CommandHandlers/CreateClaimHandler.cs	1339	??
mvp6-carrier-ui-dev	services/Diten.SupplyChainService/src/Diten.SupplyChainService.Application/Features/Claims/Handlers/CommandHandlers/TransitionClaimHandler.cs	1783	??
mvp6-carrier-ui-dev	services/Diten.SupplyChainService/src/Diten.SupplyChainService.Application/Features/Claims/Handlers/QueryHandlers/GetClaimListHandler.cs	1366	??
mvp6-carrier-ui-dev	services/Diten.SupplyChainService/src/Diten.SupplyChainService.Application/Features/Claims/IClaimReferenceReader.cs	239	??
mvp6-carrier-ui-dev	services/Diten.SupplyChainService/src/Diten.SupplyChainService.Application/Features/Claims/Queries/GetClaimListQuery.cs	251	??
mvp6-carrier-ui-dev	services/Diten.SupplyChainService/src/Diten.SupplyChainService.Application/Features/Claims/Validators/CreateClaimValidator.cs	388	??
mvp6-carrier-ui-dev	services/Diten.SupplyChainService/src/Diten.SupplyChainService.Application/Features/Claims/Validators/GetClaimListValidator.cs	487	??
mvp6-carrier-ui-dev	services/Diten.SupplyChainService/src/Diten.SupplyChainService.Application/Features/Claims/Validators/TransitionClaimValidator.cs	404	??
mvp6-carrier-ui-dev	services/Diten.SupplyChainService/src/Diten.SupplyChainService.Application/Features/Loads/Commands/CreateLoadCommand.cs	255	??
mvp6-carrier-ui-dev	services/Diten.SupplyChainService/src/Diten.SupplyChainService.Application/Features/Loads/Commands/TransitionLoadCommand.cs	272	??
mvp6-carrier-ui-dev	services/Diten.SupplyChainService/src/Diten.SupplyChainService.Application/Features/Loads/Handlers/CommandHandlers/CreateLoadHandler.cs	960	??
mvp6-carrier-ui-dev	services/Diten.SupplyChainService/src/Diten.SupplyChainService.Application/Features/Loads/Handlers/CommandHandlers/TransitionLoadHandler.cs	1148	??
mvp6-carrier-ui-dev	services/Diten.SupplyChainService/src/Diten.SupplyChainService.Application/Features/Loads/Handlers/QueryHandlers/GetLoadListHandler.cs	987	??
mvp6-carrier-ui-dev	services/Diten.SupplyChainService/src/Diten.SupplyChainService.Application/Features/Loads/ILoadReferenceReader.cs	241	??
mvp6-carrier-ui-dev	services/Diten.SupplyChainService/src/Diten.SupplyChainService.Application/Features/Loads/LoadModels.cs	4967	??
mvp6-carrier-ui-dev	services/Diten.SupplyChainService/src/Diten.SupplyChainService.Application/Features/Loads/LoadReferenceSnapshot.cs	164	??
mvp6-carrier-ui-dev	services/Diten.SupplyChainService/src/Diten.SupplyChainService.Application/Features/Loads/LoadRequestContext.cs	363	??
mvp6-carrier-ui-dev	services/Diten.SupplyChainService/src/Diten.SupplyChainService.Application/Features/Loads/LoadRequestFingerprint.cs	731	??
mvp6-carrier-ui-dev	services/Diten.SupplyChainService/src/Diten.SupplyChainService.Application/Features/Loads/Queries/GetLoadListQuery.cs	247	??
mvp6-carrier-ui-dev	services/Diten.SupplyChainService/src/Diten.SupplyChainService.Application/Features/Loads/Validators/CreateLoadValidator.cs	329	??
mvp6-carrier-ui-dev	services/Diten.SupplyChainService/src/Diten.SupplyChainService.Application/Features/Loads/Validators/GetLoadListValidator.cs	482	??
mvp6-carrier-ui-dev	services/Diten.SupplyChainService/src/Diten.SupplyChainService.Application/Features/Loads/Validators/TransitionLoadValidator.cs	345	??
mvp6-carrier-ui-dev	services/Diten.SupplyChainService/src/Diten.SupplyChainService.Application/Features/Returns/Commands/CreateReturnCommand.cs	259	??
mvp6-carrier-ui-dev	services/Diten.SupplyChainService/src/Diten.SupplyChainService.Application/Features/Returns/Commands/TransitionReturnCommand.cs	277	??
mvp6-carrier-ui-dev	services/Diten.SupplyChainService/src/Diten.SupplyChainService.Application/Features/Returns/Handlers/CommandHandlers/CreateReturnHandler.cs	1240	??
mvp6-carrier-ui-dev	services/Diten.SupplyChainService/src/Diten.SupplyChainService.Application/Features/Returns/Handlers/CommandHandlers/TransitionReturnHandler.cs	1467	??
mvp6-carrier-ui-dev	services/Diten.SupplyChainService/src/Diten.SupplyChainService.Application/Features/Returns/Handlers/QueryHandlers/GetReturnListHandler.cs	1043	??
mvp6-carrier-ui-dev	services/Diten.SupplyChainService/src/Diten.SupplyChainService.Application/Features/Returns/IReturnReferenceReader.cs	249	??
mvp6-carrier-ui-dev	services/Diten.SupplyChainService/src/Diten.SupplyChainService.Application/Features/Returns/Queries/GetReturnListQuery.cs	324	??
mvp6-carrier-ui-dev	services/Diten.SupplyChainService/src/Diten.SupplyChainService.Application/Features/Returns/ReturnModels.cs	3568	??
mvp6-carrier-ui-dev	services/Diten.SupplyChainService/src/Diten.SupplyChainService.Application/Features/Returns/ReturnRequestContext.cs	371	??
mvp6-carrier-ui-dev	services/Diten.SupplyChainService/src/Diten.SupplyChainService.Application/Features/Returns/ReturnRequestFingerprint.cs	1038	??
mvp6-carrier-ui-dev	services/Diten.SupplyChainService/src/Diten.SupplyChainService.Application/Features/Returns/ReturnSourceSnapshot.cs	475	??
mvp6-carrier-ui-dev	services/Diten.SupplyChainService/src/Diten.SupplyChainService.Application/Features/Returns/Validators/CreateReturnValidator.cs	336	??
mvp6-carrier-ui-dev	services/Diten.SupplyChainService/src/Diten.SupplyChainService.Application/Features/Returns/Validators/GetReturnListValidator.cs	353	??
mvp6-carrier-ui-dev	services/Diten.SupplyChainService/src/Diten.SupplyChainService.Application/Features/Returns/Validators/TransitionReturnValidator.cs	352	??
mvp6-carrier-ui-dev	services/Diten.SupplyChainService/src/Diten.SupplyChainService.Application/Features/SandopPlans/Commands/CaptureSandopSnapshotCommand.cs	309	??
mvp6-carrier-ui-dev	services/Diten.SupplyChainService/src/Diten.SupplyChainService.Application/Features/SandopPlans/Commands/CreateSandopPlanCommand.cs	304	??
mvp6-carrier-ui-dev	services/Diten.SupplyChainService/src/Diten.SupplyChainService.Application/Features/SandopPlans/Commands/RecordSandopSignOffCommand.cs	307	??
mvp6-carrier-ui-dev	services/Diten.SupplyChainService/src/Diten.SupplyChainService.Application/Features/SandopPlans/Handlers/CommandHandlers/CaptureSandopSnapshotHandler.cs	816	??
mvp6-carrier-ui-dev	services/Diten.SupplyChainService/src/Diten.SupplyChainService.Application/Features/SandopPlans/Handlers/CommandHandlers/CreateSandopPlanHandler.cs	799	??
mvp6-carrier-ui-dev	services/Diten.SupplyChainService/src/Diten.SupplyChainService.Application/Features/SandopPlans/Handlers/CommandHandlers/RecordSandopSignOffHandler.cs	810	??
mvp6-carrier-ui-dev	services/Diten.SupplyChainService/src/Diten.SupplyChainService.Application/Features/SandopPlans/Handlers/QueryHandlers/GetSandopPlanHandler.cs	525	??
mvp6-carrier-ui-dev	services/Diten.SupplyChainService/src/Diten.SupplyChainService.Application/Features/SandopPlans/Handlers/QueryHandlers/ListSandopSignOffsHandler.cs	549	??
mvp6-carrier-ui-dev	services/Diten.SupplyChainService/src/Diten.SupplyChainService.Application/Features/SandopPlans/Handlers/QueryHandlers/ListSandopSnapshotsHandler.cs	553	??
mvp6-carrier-ui-dev	services/Diten.SupplyChainService/src/Diten.SupplyChainService.Application/Features/SandopPlans/Queries/GetSandopPlanQuery.cs	255	??
mvp6-carrier-ui-dev	services/Diten.SupplyChainService/src/Diten.SupplyChainService.Application/Features/SandopPlans/Queries/ListSandopSignOffsQuery.cs	260	??
mvp6-carrier-ui-dev	services/Diten.SupplyChainService/src/Diten.SupplyChainService.Application/Features/SandopPlans/Queries/ListSandopSnapshotsQuery.cs	261	??
mvp6-carrier-ui-dev	services/Diten.SupplyChainService/src/Diten.SupplyChainService.Application/Features/SandopPlans/SandopPlanModels.cs	3125	??
mvp6-carrier-ui-dev	services/Diten.SupplyChainService/src/Diten.SupplyChainService.Application/Features/SandopPlans/SandopProjection.cs	1275	??
mvp6-carrier-ui-dev	services/Diten.SupplyChainService/src/Diten.SupplyChainService.Application/Features/SandopPlans/SandopRequestFingerprint.cs	1269	??
mvp6-carrier-ui-dev	services/Diten.SupplyChainService/src/Diten.SupplyChainService.Application/Features/SandopPlans/Validators/CaptureSandopSnapshotValidator.cs	510	??
mvp6-carrier-ui-dev	services/Diten.SupplyChainService/src/Diten.SupplyChainService.Application/Features/SandopPlans/Validators/CreateSandopPlanValidator.cs	495	??
mvp6-carrier-ui-dev	services/Diten.SupplyChainService/src/Diten.SupplyChainService.Application/Features/SandopPlans/Validators/RecordSandopSignOffValidator.cs	504	??
mvp6-carrier-ui-dev	services/Diten.SupplyChainService/src/Diten.SupplyChainService.Domain/Features/CapacityPlans/CapacityEvaluation.cs	1505	??
mvp6-carrier-ui-dev	services/Diten.SupplyChainService/src/Diten.SupplyChainService.Domain/Features/CapacityPlans/CapacityPlan.cs	693	??
mvp6-carrier-ui-dev	services/Diten.SupplyChainService/src/Diten.SupplyChainService.Domain/Features/CapacityPlans/CapacityScenario.cs	810	??
mvp6-carrier-ui-dev	services/Diten.SupplyChainService/src/Diten.SupplyChainService.Domain/Features/CapacityPlans/CapacityScope.cs	691	??
mvp6-carrier-ui-dev	services/Diten.SupplyChainService/src/Diten.SupplyChainService.Domain/Features/CapacityPlans/ICapacityRepository.cs	1193	??
mvp6-carrier-ui-dev	services/Diten.SupplyChainService/src/Diten.SupplyChainService.Domain/Features/Carriers/Carrier.cs	553	??
mvp6-carrier-ui-dev	services/Diten.SupplyChainService/src/Diten.SupplyChainService.Domain/Features/Carriers/CarrierLifecycle.cs	393	??
mvp6-carrier-ui-dev	services/Diten.SupplyChainService/src/Diten.SupplyChainService.Domain/Features/Carriers/CarrierMutationResult.cs	221	??
mvp6-carrier-ui-dev	services/Diten.SupplyChainService/src/Diten.SupplyChainService.Domain/Features/Carriers/CarrierPersistenceUnavailableException.cs	136	??
mvp6-carrier-ui-dev	services/Diten.SupplyChainService/src/Diten.SupplyChainService.Domain/Features/Carriers/CarrierScope.cs	371	??
mvp6-carrier-ui-dev	services/Diten.SupplyChainService/src/Diten.SupplyChainService.Domain/Features/Carriers/CarrierStatus.cs	118	??
mvp6-carrier-ui-dev	services/Diten.SupplyChainService/src/Diten.SupplyChainService.Domain/Features/Carriers/ICarrierRepository.cs	635	??
mvp6-carrier-ui-dev	services/Diten.SupplyChainService/src/Diten.SupplyChainService.Domain/Features/Carriers/TransportMode.cs	120	??
mvp6-carrier-ui-dev	services/Diten.SupplyChainService/src/Diten.SupplyChainService.Domain/Features/Claims/Claim.cs	775	??
mvp6-carrier-ui-dev	services/Diten.SupplyChainService/src/Diten.SupplyChainService.Domain/Features/Claims/ClaimAuditEntry.cs	383	??
mvp6-carrier-ui-dev	services/Diten.SupplyChainService/src/Diten.SupplyChainService.Domain/Features/Claims/ClaimLifecycle.cs	1724	??
mvp6-carrier-ui-dev	services/Diten.SupplyChainService/src/Diten.SupplyChainService.Domain/Features/Claims/ClaimMutationResult.cs	524	??
mvp6-carrier-ui-dev	services/Diten.SupplyChainService/src/Diten.SupplyChainService.Domain/Features/Claims/ClaimReferenceSnapshot.cs	230	??
mvp6-carrier-ui-dev	services/Diten.SupplyChainService/src/Diten.SupplyChainService.Domain/Features/Claims/ClaimScope.cs	304	??
mvp6-carrier-ui-dev	services/Diten.SupplyChainService/src/Diten.SupplyChainService.Domain/Features/Claims/ClaimStatus.cs	155	??
mvp6-carrier-ui-dev	services/Diten.SupplyChainService/src/Diten.SupplyChainService.Domain/Features/Claims/ExactClaimAmount.cs	1596	??
mvp6-carrier-ui-dev	services/Diten.SupplyChainService/src/Diten.SupplyChainService.Domain/Features/Claims/IClaimRepository.cs	522	??
mvp6-carrier-ui-dev	services/Diten.SupplyChainService/src/Diten.SupplyChainService.Domain/Features/Loads/ILoadRepository.cs	478	??
mvp6-carrier-ui-dev	services/Diten.SupplyChainService/src/Diten.SupplyChainService.Domain/Features/Loads/LoadAssignment.cs	160	??
mvp6-carrier-ui-dev	services/Diten.SupplyChainService/src/Diten.SupplyChainService.Domain/Features/Loads/LoadAuditEntry.cs	249	??
mvp6-carrier-ui-dev	services/Diten.SupplyChainService/src/Diten.SupplyChainService.Domain/Features/Loads/LoadLifecycle.cs	706	??
mvp6-carrier-ui-dev	services/Diten.SupplyChainService/src/Diten.SupplyChainService.Domain/Features/Loads/LoadMutationResult.cs	482	??
mvp6-carrier-ui-dev	services/Diten.SupplyChainService/src/Diten.SupplyChainService.Domain/Features/Loads/LoadPlan.cs	662	??
mvp6-carrier-ui-dev	services/Diten.SupplyChainService/src/Diten.SupplyChainService.Domain/Features/Loads/LoadScope.cs	322	??
mvp6-carrier-ui-dev	services/Diten.SupplyChainService/src/Diten.SupplyChainService.Domain/Features/Loads/LoadStatus.cs	154	??
mvp6-carrier-ui-dev	services/Diten.SupplyChainService/src/Diten.SupplyChainService.Domain/Features/Loads/LoadStop.cs	149	??
mvp6-carrier-ui-dev	services/Diten.SupplyChainService/src/Diten.SupplyChainService.Domain/Features/Returns/IReturnRepository.cs	584	??
mvp6-carrier-ui-dev	services/Diten.SupplyChainService/src/Diten.SupplyChainService.Domain/Features/Returns/ReturnAuditEntry.cs	349	??
mvp6-carrier-ui-dev	services/Diten.SupplyChainService/src/Diten.SupplyChainService.Domain/Features/Returns/ReturnEntitlement.cs	807	??
mvp6-carrier-ui-dev	services/Diten.SupplyChainService/src/Diten.SupplyChainService.Domain/Features/Returns/ReturnLifecycle.cs	758	??
mvp6-carrier-ui-dev	services/Diten.SupplyChainService/src/Diten.SupplyChainService.Domain/Features/Returns/ReturnLine.cs	151	??
mvp6-carrier-ui-dev	services/Diten.SupplyChainService/src/Diten.SupplyChainService.Domain/Features/Returns/ReturnMutationResult.cs	518	??
mvp6-carrier-ui-dev	services/Diten.SupplyChainService/src/Diten.SupplyChainService.Domain/Features/Returns/ReturnOrder.cs	771	??
mvp6-carrier-ui-dev	services/Diten.SupplyChainService/src/Diten.SupplyChainService.Domain/Features/Returns/ReturnQuantity.cs	5072	??
mvp6-carrier-ui-dev	services/Diten.SupplyChainService/src/Diten.SupplyChainService.Domain/Features/Returns/ReturnScope.cs	320	??
mvp6-carrier-ui-dev	services/Diten.SupplyChainService/src/Diten.SupplyChainService.Domain/Features/Returns/ReturnStatus.cs	176	??
mvp6-carrier-ui-dev	services/Diten.SupplyChainService/src/Diten.SupplyChainService.Domain/Features/SandopPlans/ISandopRepository.cs	580	??
mvp6-carrier-ui-dev	services/Diten.SupplyChainService/src/Diten.SupplyChainService.Domain/Features/SandopPlans/SandopPlan.cs	669	??
mvp6-carrier-ui-dev	services/Diten.SupplyChainService/src/Diten.SupplyChainService.Domain/Features/SandopPlans/SandopScope.cs	568	??
mvp6-carrier-ui-dev	services/Diten.SupplyChainService/src/Diten.SupplyChainService.Domain/Features/SandopPlans/SandopSignOff.cs	520	??
mvp6-carrier-ui-dev	services/Diten.SupplyChainService/src/Diten.SupplyChainService.Domain/Features/SandopPlans/SandopSnapshot.cs	796	??
mvp6-carrier-ui-dev	services/Diten.SupplyChainService/src/Diten.SupplyChainService.Domain/Features/Shipments/ShipmentDetailReadResult.cs	274	??
mvp6-carrier-ui-dev	services/Diten.SupplyChainService/src/Diten.SupplyChainService.Infrastructure/Features/CapacityPlans/CapacityEvaluationExecutor.cs	2516	??
mvp6-carrier-ui-dev	services/Diten.SupplyChainService/src/Diten.SupplyChainService.Infrastructure/Features/CapacityPlans/CapacityPermissionAttribute.cs	622	??
mvp6-carrier-ui-dev	services/Diten.SupplyChainService/src/Diten.SupplyChainService.Infrastructure/Features/CapacityPlans/CapacityPermissions.cs	415	??
mvp6-carrier-ui-dev	services/Diten.SupplyChainService/src/Diten.SupplyChainService.Infrastructure/Features/CapacityPlans/ConstraintFixtureReader.cs	969	??
mvp6-carrier-ui-dev	services/Diten.SupplyChainService/src/Diten.SupplyChainService.Infrastructure/Features/CapacityPlans/DemandFixtureReader.cs	739	??
mvp6-carrier-ui-dev	services/Diten.SupplyChainService/src/Diten.SupplyChainService.Infrastructure/Features/Carriers/CarrierPermissionAttribute.cs	698	??
mvp6-carrier-ui-dev	services/Diten.SupplyChainService/src/Diten.SupplyChainService.Infrastructure/Features/Carriers/CarrierPermissions.cs	313	??
mvp6-carrier-ui-dev	services/Diten.SupplyChainService/src/Diten.SupplyChainService.Infrastructure/Features/Claims/ClaimPermissionAttribute.cs	409	??
mvp6-carrier-ui-dev	services/Diten.SupplyChainService/src/Diten.SupplyChainService.Infrastructure/Features/Claims/ClaimPermissions.cs	510	??
mvp6-carrier-ui-dev	services/Diten.SupplyChainService/src/Diten.SupplyChainService.Infrastructure/Features/Claims/ClaimReferenceReader.cs	10109	??
mvp6-carrier-ui-dev	services/Diten.SupplyChainService/src/Diten.SupplyChainService.Infrastructure/Features/Loads/LoadPermissionAttribute.cs	692	??
mvp6-carrier-ui-dev	services/Diten.SupplyChainService/src/Diten.SupplyChainService.Infrastructure/Features/Loads/LoadPermissions.cs	293	??
mvp6-carrier-ui-dev	services/Diten.SupplyChainService/src/Diten.SupplyChainService.Infrastructure/Features/Loads/LoadReferenceReader.cs	7364	??
mvp6-carrier-ui-dev	services/Diten.SupplyChainService/src/Diten.SupplyChainService.Infrastructure/Features/Returns/ReturnPermissionAttribute.cs	692	??
mvp6-carrier-ui-dev	services/Diten.SupplyChainService/src/Diten.SupplyChainService.Infrastructure/Features/Returns/ReturnPermissions.cs	744	??
mvp6-carrier-ui-dev	services/Diten.SupplyChainService/src/Diten.SupplyChainService.Infrastructure/Features/Returns/ReturnReferenceReader.cs	8077	??
mvp6-carrier-ui-dev	services/Diten.SupplyChainService/src/Diten.SupplyChainService.Infrastructure/Features/SandopPlans/DemandFixtureReader.cs	911	??
mvp6-carrier-ui-dev	services/Diten.SupplyChainService/src/Diten.SupplyChainService.Infrastructure/Features/SandopPlans/SandopPermissionAttribute.cs	237	??
mvp6-carrier-ui-dev	services/Diten.SupplyChainService/src/Diten.SupplyChainService.Infrastructure/Features/SandopPlans/SandopPermissions.cs	376	??
mvp6-carrier-ui-dev	services/Diten.SupplyChainService/src/Diten.SupplyChainService.Persistence/Features/CapacityPlans/CapacityLeaseStore.cs	11461	??
mvp6-carrier-ui-dev	services/Diten.SupplyChainService/src/Diten.SupplyChainService.Persistence/Features/CapacityPlans/CapacityPersistenceRegistration.cs	791	??
mvp6-carrier-ui-dev	services/Diten.SupplyChainService/src/Diten.SupplyChainService.Persistence/Features/CapacityPlans/CapacityRepository.cs	16397	??
mvp6-carrier-ui-dev	services/Diten.SupplyChainService/src/Diten.SupplyChainService.Persistence/Features/CapacityPlans/CapacitySchema.cs	2459	??
mvp6-carrier-ui-dev	services/Diten.SupplyChainService/src/Diten.SupplyChainService.Persistence/Features/Carriers/CarrierPersistenceRegistration.cs	670	??
mvp6-carrier-ui-dev	services/Diten.SupplyChainService/src/Diten.SupplyChainService.Persistence/Features/Carriers/CarrierRepository.cs	9365	??
mvp6-carrier-ui-dev	services/Diten.SupplyChainService/src/Diten.SupplyChainService.Persistence/Features/Carriers/CarrierSchema.cs	2177	??
mvp6-carrier-ui-dev	services/Diten.SupplyChainService/src/Diten.SupplyChainService.Persistence/Features/Carriers/ICarrierCommitProbe.cs	161	??
mvp6-carrier-ui-dev	services/Diten.SupplyChainService/src/Diten.SupplyChainService.Persistence/Features/Carriers/NoOpCarrierCommitProbe.cs	218	??
mvp6-carrier-ui-dev	services/Diten.SupplyChainService/src/Diten.SupplyChainService.Persistence/Features/Claims/ClaimOutboxStore.cs	763	??
mvp6-carrier-ui-dev	services/Diten.SupplyChainService/src/Diten.SupplyChainService.Persistence/Features/Claims/ClaimPersistenceRegistration.cs	759	??
mvp6-carrier-ui-dev	services/Diten.SupplyChainService/src/Diten.SupplyChainService.Persistence/Features/Claims/ClaimRepository.cs	14572	??
mvp6-carrier-ui-dev	services/Diten.SupplyChainService/src/Diten.SupplyChainService.Persistence/Features/Claims/ClaimSchema.cs	2161	??
mvp6-carrier-ui-dev	services/Diten.SupplyChainService/src/Diten.SupplyChainService.Persistence/Features/Claims/IClaimCommitProbe.cs	190	??
mvp6-carrier-ui-dev	services/Diten.SupplyChainService/src/Diten.SupplyChainService.Persistence/Features/Claims/NoOpClaimCommitProbe.cs	270	??
mvp6-carrier-ui-dev	services/Diten.SupplyChainService/src/Diten.SupplyChainService.Persistence/Features/Loads/ILoadCommitProbe.cs	167	??
mvp6-carrier-ui-dev	services/Diten.SupplyChainService/src/Diten.SupplyChainService.Persistence/Features/Loads/LoadOutboxStore.cs	550	??
mvp6-carrier-ui-dev	services/Diten.SupplyChainService/src/Diten.SupplyChainService.Persistence/Features/Loads/LoadPersistenceRegistration.cs	568	??
mvp6-carrier-ui-dev	services/Diten.SupplyChainService/src/Diten.SupplyChainService.Persistence/Features/Loads/LoadRepository.cs	9321	??
mvp6-carrier-ui-dev	services/Diten.SupplyChainService/src/Diten.SupplyChainService.Persistence/Features/Loads/LoadSchema.cs	1786	??
mvp6-carrier-ui-dev	services/Diten.SupplyChainService/src/Diten.SupplyChainService.Persistence/Features/Loads/NoOpLoadCommitProbe.cs	240	??
mvp6-carrier-ui-dev	services/Diten.SupplyChainService/src/Diten.SupplyChainService.Persistence/Features/Returns/IReturnCommitProbe.cs	195	??
mvp6-carrier-ui-dev	services/Diten.SupplyChainService/src/Diten.SupplyChainService.Persistence/Features/Returns/NoOpReturnCommitProbe.cs	276	??
mvp6-carrier-ui-dev	services/Diten.SupplyChainService/src/Diten.SupplyChainService.Persistence/Features/Returns/ReturnOutboxStore.cs	756	??
mvp6-carrier-ui-dev	services/Diten.SupplyChainService/src/Diten.SupplyChainService.Persistence/Features/Returns/ReturnPersistenceRegistration.cs	708	??
mvp6-carrier-ui-dev	services/Diten.SupplyChainService/src/Diten.SupplyChainService.Persistence/Features/Returns/ReturnRepository.cs	17768	??
mvp6-carrier-ui-dev	services/Diten.SupplyChainService/src/Diten.SupplyChainService.Persistence/Features/Returns/ReturnSchema.cs	2197	??
mvp6-carrier-ui-dev	services/Diten.SupplyChainService/src/Diten.SupplyChainService.Persistence/Features/SandopPlans/SandopPersistenceRegistration.cs	417	??
mvp6-carrier-ui-dev	services/Diten.SupplyChainService/src/Diten.SupplyChainService.Persistence/Features/SandopPlans/SandopRepository.cs	13969	??
mvp6-carrier-ui-dev	services/Diten.SupplyChainService/src/Diten.SupplyChainService.Persistence/Features/SandopPlans/SandopSchema.cs	1668	??
mvp6-carrier-ui-dev	services/Diten.SupplyChainService/src/Diten.SupplyChainService.Persistence/Features/Shipments/ShipmentDetailMaterializer.cs	1323	??
mvp6-carrier-ui-dev	services/Diten.SupplyChainService/tests/Diten.SupplyChainService.Tests/CapacityPlans/CapacityAtomicityTests.cs	28833	??
mvp6-carrier-ui-dev	services/Diten.SupplyChainService/tests/Diten.SupplyChainService.Tests/CapacityPlans/CapacityConcurrencyTests.cs	11959	??
mvp6-carrier-ui-dev	services/Diten.SupplyChainService/tests/Diten.SupplyChainService.Tests/CapacityPlans/CapacityContractTests.cs	2446	??
mvp6-carrier-ui-dev	services/Diten.SupplyChainService/tests/Diten.SupplyChainService.Tests/CapacityPlans/CapacityIsolationTests.cs	3786	??
mvp6-carrier-ui-dev	services/Diten.SupplyChainService/tests/Diten.SupplyChainService.Tests/CapacityPlans/CapacityLeaseTests.cs	2967	??
mvp6-carrier-ui-dev	services/Diten.SupplyChainService/tests/Diten.SupplyChainService.Tests/CapacityPlans/CapacityLifecycleTests.cs	2521	??
mvp6-carrier-ui-dev	services/Diten.SupplyChainService/tests/Diten.SupplyChainService.Tests/CapacityPlans/CapacityReplayTests.cs	868	??
mvp6-carrier-ui-dev	services/Diten.SupplyChainService/tests/Diten.SupplyChainService.Tests/CapacityPlans/CapacityRestartTests.cs	6949	??
mvp6-carrier-ui-dev	services/Diten.SupplyChainService/tests/Diten.SupplyChainService.Tests/Carriers/CarrierContractTests.cs	25826	??
mvp6-carrier-ui-dev	services/Diten.SupplyChainService/tests/Diten.SupplyChainService.Tests/Carriers/CarrierManagementManifestProviderTests.cs	1491	??
mvp6-carrier-ui-dev	services/Diten.SupplyChainService/tests/Diten.SupplyChainService.Tests/Carriers/CarrierModuleRegistrationHostedServiceTests.cs	2896	??
mvp6-carrier-ui-dev	services/Diten.SupplyChainService/tests/Diten.SupplyChainService.Tests/Claims/ClaimAmountTests.cs	2623	??
mvp6-carrier-ui-dev	services/Diten.SupplyChainService/tests/Diten.SupplyChainService.Tests/Claims/ClaimAtomicityTests.cs	6415	??
mvp6-carrier-ui-dev	services/Diten.SupplyChainService/tests/Diten.SupplyChainService.Tests/Claims/ClaimConcurrencyTests.cs	2352	??
mvp6-carrier-ui-dev	services/Diten.SupplyChainService/tests/Diten.SupplyChainService.Tests/Claims/ClaimContractTests.cs	1498	??
mvp6-carrier-ui-dev	services/Diten.SupplyChainService/tests/Diten.SupplyChainService.Tests/Claims/ClaimIsolationTests.cs	7620	??
mvp6-carrier-ui-dev	services/Diten.SupplyChainService/tests/Diten.SupplyChainService.Tests/Claims/ClaimLifecycleTests.cs	899	??
mvp6-carrier-ui-dev	services/Diten.SupplyChainService/tests/Diten.SupplyChainService.Tests/Claims/ClaimOutboxTests.cs	1576	??
mvp6-carrier-ui-dev	services/Diten.SupplyChainService/tests/Diten.SupplyChainService.Tests/Claims/ClaimPermissionTests.cs	2762	??
mvp6-carrier-ui-dev	services/Diten.SupplyChainService/tests/Diten.SupplyChainService.Tests/Claims/ClaimReferenceTests.cs	12078	??
mvp6-carrier-ui-dev	services/Diten.SupplyChainService/tests/Diten.SupplyChainService.Tests/Claims/ClaimReplayTests.cs	6104	??
mvp6-carrier-ui-dev	services/Diten.SupplyChainService/tests/Diten.SupplyChainService.Tests/Loads/LoadAtomicityTests.cs	6842	??
mvp6-carrier-ui-dev	services/Diten.SupplyChainService/tests/Diten.SupplyChainService.Tests/Loads/LoadConcurrencyTests.cs	4944	??
mvp6-carrier-ui-dev	services/Diten.SupplyChainService/tests/Diten.SupplyChainService.Tests/Loads/LoadContractTests.cs	19994	??
mvp6-carrier-ui-dev	services/Diten.SupplyChainService/tests/Diten.SupplyChainService.Tests/Loads/LoadIsolationTests.cs	5791	??
mvp6-carrier-ui-dev	services/Diten.SupplyChainService/tests/Diten.SupplyChainService.Tests/Loads/LoadLifecycleTests.cs	3066	??
mvp6-carrier-ui-dev	services/Diten.SupplyChainService/tests/Diten.SupplyChainService.Tests/Loads/LoadReferenceTests.cs	8977	??
mvp6-carrier-ui-dev	services/Diten.SupplyChainService/tests/Diten.SupplyChainService.Tests/Loads/LoadReplayTests.cs	5022	??
mvp6-carrier-ui-dev	services/Diten.SupplyChainService/tests/Diten.SupplyChainService.Tests/Returns/ReturnAtomicityTests.cs	8179	??
mvp6-carrier-ui-dev	services/Diten.SupplyChainService/tests/Diten.SupplyChainService.Tests/Returns/ReturnConcurrencyTests.cs	6002	??
mvp6-carrier-ui-dev	services/Diten.SupplyChainService/tests/Diten.SupplyChainService.Tests/Returns/ReturnContractTests.cs	4167	??
mvp6-carrier-ui-dev	services/Diten.SupplyChainService/tests/Diten.SupplyChainService.Tests/Returns/ReturnIsolationTests.cs	6235	??
mvp6-carrier-ui-dev	services/Diten.SupplyChainService/tests/Diten.SupplyChainService.Tests/Returns/ReturnLifecycleTests.cs	2304	??
mvp6-carrier-ui-dev	services/Diten.SupplyChainService/tests/Diten.SupplyChainService.Tests/Returns/ReturnReferenceTests.cs	8606	??
mvp6-carrier-ui-dev	services/Diten.SupplyChainService/tests/Diten.SupplyChainService.Tests/Returns/ReturnReplayTests.cs	3585	??
mvp6-carrier-ui-dev	services/Diten.SupplyChainService/tests/Diten.SupplyChainService.Tests/SandopPlans/SandopAtomicityTests.cs	9331	??
mvp6-carrier-ui-dev	services/Diten.SupplyChainService/tests/Diten.SupplyChainService.Tests/SandopPlans/SandopConcurrencyTests.cs	1109	??
mvp6-carrier-ui-dev	services/Diten.SupplyChainService/tests/Diten.SupplyChainService.Tests/SandopPlans/SandopContractTests.cs	4626	??
mvp6-carrier-ui-dev	services/Diten.SupplyChainService/tests/Diten.SupplyChainService.Tests/SandopPlans/SandopIsolationTests.cs	1351	??
mvp6-carrier-ui-dev	services/Diten.SupplyChainService/tests/Diten.SupplyChainService.Tests/SandopPlans/SandopLifecycleTests.cs	3926	??
mvp6-carrier-ui-dev	services/Diten.SupplyChainService/tests/Diten.SupplyChainService.Tests/SandopPlans/SandopReplayTests.cs	5747	??
mvp6-carrier-ui-dev	services/Diten.SupplyChainService/tests/Diten.SupplyChainService.Tests/ShipmentRootHttpTests.cs	432	??
mvp6-carrier-ui-dev	services/Diten.SupplyChainService/tests/Diten.SupplyChainService.Tests/ShipmentRootStorageTests.cs	2322	??
mvp6-carrier-ui-dev	services/Diten.SupplyChainService/tests/carriers/test_outage_capture.py	5124	??
mvp6-carrier-ui-dev	services/Diten.SupplyChainService/tests/carriers/verify_evidence.py	621	??
mvp6-carrier-ui-dev	services/Diten.SupplyChainService/tests/claims/verify_evidence.py	670	??
mvp6-carrier-ui-dev	services/Diten.SupplyChainService/tests/returns/verify_evidence.py	740	??
mvp6-carrier-ui-dev	services/Diten.SupplyChainService/tests/root_uptake/verify_evidence.py	558	??
mvp6-mod0190-core	docs/analysis/contracts/sandop-capacity.openapi.yaml	58559	 M
mvp6-mod0190-core	execution/domains/supply-chain-execution/module-packs/MOD-0190-sop-workflow-signoffs.md	17690	 M
mvp6-mod0190-core	services/Diten.SupplyChainService/src/Diten.SupplyChainService.Api/Program.cs	4352	 M
mvp6-mod0190-core	services/Diten.SupplyChainService/src/Diten.SupplyChainService.Application/Features/Shipments/Handlers/QueryHandlers/GetShipmentByIdHandler.cs	1050	 M
mvp6-mod0190-core	services/Diten.SupplyChainService/src/Diten.SupplyChainService.Application/Features/Shipments/ShipmentProjection.cs	2138	 M
mvp6-mod0190-core	services/Diten.SupplyChainService/src/Diten.SupplyChainService.Domain/Features/Shipments/IShipmentRepository.cs	777	 M
mvp6-mod0190-core	services/Diten.SupplyChainService/src/Diten.SupplyChainService.Persistence/Features/Shipments/ShipmentRepository.cs	12860	 M
mvp6-mod0190-core	docs/analysis/contracts/sandop-capacity-semantics-v2.0.0.md	15377	??
mvp6-mod0190-core	docs/records/audits/2026-09/mvp6-mod0190-0192-scope-disposition-01/README.md	8442	??
mvp6-mod0190-core	docs/records/audits/2026-09/mvp6-sandop-capacity-final-pack-01/publication-proposed.patch	36563	??
mvp6-mod0190-core	docs/records/audits/2026-09/mvp6-sandop-capacity-final-pack-01/sandop-capacity-semantics-v2.0.0.md	15284	??
mvp6-mod0190-core	docs/records/audits/2026-09/mvp6-sandop-capacity-final-pack-01/sandop-capacity.openapi.final-proposed.yaml	58559	??
mvp6-mod0190-core	docs/records/audits/2026-09/mvp6-sandop-capacity-final-ver-01/SOP-22.md	8248	??
mvp6-mod0190-core	docs/roadmap/plans/mod-0190-exact-policy-01/OWNER-DECISION.md	12130	??
mvp6-mod0190-core	docs/roadmap/plans/mod-0190-spec-01/REPORT.md	12267	??
mvp6-mod0190-core	docs/roadmap/plans/mod-0190-spec-01/proposed-pack.patch	3669	??
mvp6-mod0190-core	docs/roadmap/plans/mvp6-mod0190-0192-phase15-gap-check-01/MONGO-SERVER-TIME-SMOKE.json	3646	??
mvp6-mod0190-core	docs/roadmap/plans/mvp6-mod0190-0192-phase15-gap-check-01/OWNED-PATHS.tsv	13571	??
mvp6-mod0190-core	docs/roadmap/plans/mvp6-mod0190-0192-phase15-gap-check-01/REPORT.md	13035	??
mvp6-mod0190-core	services/Diten.SupplyChainService/src/Diten.SupplyChainService.Api/Features/Carriers/CarrierContextMiddleware.cs	6118	??
mvp6-mod0190-core	services/Diten.SupplyChainService/src/Diten.SupplyChainService.Api/Features/Carriers/CarrierContractError.cs	1151	??
mvp6-mod0190-core	services/Diten.SupplyChainService/src/Diten.SupplyChainService.Api/Features/Carriers/CarriersController.cs	2144	??
mvp6-mod0190-core	services/Diten.SupplyChainService/src/Diten.SupplyChainService.Api/Features/Loads/LoadContextMiddleware.cs	6518	??
mvp6-mod0190-core	services/Diten.SupplyChainService/src/Diten.SupplyChainService.Api/Features/Loads/LoadContractError.cs	379	??
mvp6-mod0190-core	services/Diten.SupplyChainService/src/Diten.SupplyChainService.Api/Features/Loads/LoadsController.cs	1626	??
mvp6-mod0190-core	services/Diten.SupplyChainService/src/Diten.SupplyChainService.Api/Features/SandopPlans/SandopContextMiddleware.cs	2128	??
mvp6-mod0190-core	services/Diten.SupplyChainService/src/Diten.SupplyChainService.Api/Features/SandopPlans/SandopContractError.cs	1198	??
mvp6-mod0190-core	services/Diten.SupplyChainService/src/Diten.SupplyChainService.Api/Features/SandopPlans/SandopPlansController.cs	3594	??
mvp6-mod0190-core	services/Diten.SupplyChainService/src/Diten.SupplyChainService.Application/Features/Carriers/CarrierModels.cs	978	??
mvp6-mod0190-core	services/Diten.SupplyChainService/src/Diten.SupplyChainService.Application/Features/Carriers/CarrierRequestContext.cs	363	??
mvp6-mod0190-core	services/Diten.SupplyChainService/src/Diten.SupplyChainService.Application/Features/Carriers/CarrierRequestFingerprint.cs	541	??
mvp6-mod0190-core	services/Diten.SupplyChainService/src/Diten.SupplyChainService.Application/Features/Carriers/Commands/ChangeCarrierStatusCommand.cs	277	??
mvp6-mod0190-core	services/Diten.SupplyChainService/src/Diten.SupplyChainService.Application/Features/Carriers/Commands/CreateCarrierCommand.cs	249	??
mvp6-mod0190-core	services/Diten.SupplyChainService/src/Diten.SupplyChainService.Application/Features/Carriers/Handlers/CommandHandlers/ChangeCarrierStatusHandler.cs	1129	??
mvp6-mod0190-core	services/Diten.SupplyChainService/src/Diten.SupplyChainService.Application/Features/Carriers/Handlers/CommandHandlers/CreateCarrierHandler.cs	1121	??
mvp6-mod0190-core	services/Diten.SupplyChainService/src/Diten.SupplyChainService.Application/Features/Carriers/Handlers/QueryHandlers/GetCarrierListHandler.cs	1118	??
mvp6-mod0190-core	services/Diten.SupplyChainService/src/Diten.SupplyChainService.Application/Features/Carriers/Queries/GetCarrierListQuery.cs	240	??
mvp6-mod0190-core	services/Diten.SupplyChainService/src/Diten.SupplyChainService.Application/Features/Carriers/Validators/ChangeCarrierStatusValidator.cs	556	??
mvp6-mod0190-core	services/Diten.SupplyChainService/src/Diten.SupplyChainService.Application/Features/Carriers/Validators/CreateCarrierValidator.cs	672	??
mvp6-mod0190-core	services/Diten.SupplyChainService/src/Diten.SupplyChainService.Application/Features/Carriers/Validators/GetCarrierListValidator.cs	472	??
mvp6-mod0190-core	services/Diten.SupplyChainService/src/Diten.SupplyChainService.Application/Features/Loads/Commands/CreateLoadCommand.cs	255	??
mvp6-mod0190-core	services/Diten.SupplyChainService/src/Diten.SupplyChainService.Application/Features/Loads/Commands/TransitionLoadCommand.cs	272	??
mvp6-mod0190-core	services/Diten.SupplyChainService/src/Diten.SupplyChainService.Application/Features/Loads/Handlers/CommandHandlers/CreateLoadHandler.cs	960	??
mvp6-mod0190-core	services/Diten.SupplyChainService/src/Diten.SupplyChainService.Application/Features/Loads/Handlers/CommandHandlers/TransitionLoadHandler.cs	1148	??
mvp6-mod0190-core	services/Diten.SupplyChainService/src/Diten.SupplyChainService.Application/Features/Loads/Handlers/QueryHandlers/GetLoadListHandler.cs	987	??
mvp6-mod0190-core	services/Diten.SupplyChainService/src/Diten.SupplyChainService.Application/Features/Loads/ILoadReferenceReader.cs	241	??
mvp6-mod0190-core	services/Diten.SupplyChainService/src/Diten.SupplyChainService.Application/Features/Loads/LoadModels.cs	4967	??
mvp6-mod0190-core	services/Diten.SupplyChainService/src/Diten.SupplyChainService.Application/Features/Loads/LoadReferenceSnapshot.cs	164	??
mvp6-mod0190-core	services/Diten.SupplyChainService/src/Diten.SupplyChainService.Application/Features/Loads/LoadRequestContext.cs	363	??
mvp6-mod0190-core	services/Diten.SupplyChainService/src/Diten.SupplyChainService.Application/Features/Loads/LoadRequestFingerprint.cs	731	??
mvp6-mod0190-core	services/Diten.SupplyChainService/src/Diten.SupplyChainService.Application/Features/Loads/Queries/GetLoadListQuery.cs	247	??
mvp6-mod0190-core	services/Diten.SupplyChainService/src/Diten.SupplyChainService.Application/Features/Loads/Validators/CreateLoadValidator.cs	329	??
mvp6-mod0190-core	services/Diten.SupplyChainService/src/Diten.SupplyChainService.Application/Features/Loads/Validators/GetLoadListValidator.cs	482	??
mvp6-mod0190-core	services/Diten.SupplyChainService/src/Diten.SupplyChainService.Application/Features/Loads/Validators/TransitionLoadValidator.cs	345	??
mvp6-mod0190-core	services/Diten.SupplyChainService/src/Diten.SupplyChainService.Application/Features/SandopPlans/Commands/CaptureSandopSnapshotCommand.cs	309	??
mvp6-mod0190-core	services/Diten.SupplyChainService/src/Diten.SupplyChainService.Application/Features/SandopPlans/Commands/CreateSandopPlanCommand.cs	304	??
mvp6-mod0190-core	services/Diten.SupplyChainService/src/Diten.SupplyChainService.Application/Features/SandopPlans/Commands/RecordSandopSignOffCommand.cs	307	??
mvp6-mod0190-core	services/Diten.SupplyChainService/src/Diten.SupplyChainService.Application/Features/SandopPlans/Handlers/CommandHandlers/CaptureSandopSnapshotHandler.cs	816	??
mvp6-mod0190-core	services/Diten.SupplyChainService/src/Diten.SupplyChainService.Application/Features/SandopPlans/Handlers/CommandHandlers/CreateSandopPlanHandler.cs	799	??
mvp6-mod0190-core	services/Diten.SupplyChainService/src/Diten.SupplyChainService.Application/Features/SandopPlans/Handlers/CommandHandlers/RecordSandopSignOffHandler.cs	810	??
mvp6-mod0190-core	services/Diten.SupplyChainService/src/Diten.SupplyChainService.Application/Features/SandopPlans/Handlers/QueryHandlers/GetSandopPlanHandler.cs	525	??
mvp6-mod0190-core	services/Diten.SupplyChainService/src/Diten.SupplyChainService.Application/Features/SandopPlans/Handlers/QueryHandlers/ListSandopSignOffsHandler.cs	549	??
mvp6-mod0190-core	services/Diten.SupplyChainService/src/Diten.SupplyChainService.Application/Features/SandopPlans/Handlers/QueryHandlers/ListSandopSnapshotsHandler.cs	553	??
mvp6-mod0190-core	services/Diten.SupplyChainService/src/Diten.SupplyChainService.Application/Features/SandopPlans/Queries/GetSandopPlanQuery.cs	255	??
mvp6-mod0190-core	services/Diten.SupplyChainService/src/Diten.SupplyChainService.Application/Features/SandopPlans/Queries/ListSandopSignOffsQuery.cs	260	??
mvp6-mod0190-core	services/Diten.SupplyChainService/src/Diten.SupplyChainService.Application/Features/SandopPlans/Queries/ListSandopSnapshotsQuery.cs	261	??
mvp6-mod0190-core	services/Diten.SupplyChainService/src/Diten.SupplyChainService.Application/Features/SandopPlans/SandopPlanModels.cs	3125	??
mvp6-mod0190-core	services/Diten.SupplyChainService/src/Diten.SupplyChainService.Application/Features/SandopPlans/SandopProjection.cs	1275	??
mvp6-mod0190-core	services/Diten.SupplyChainService/src/Diten.SupplyChainService.Application/Features/SandopPlans/SandopRequestFingerprint.cs	1269	??
mvp6-mod0190-core	services/Diten.SupplyChainService/src/Diten.SupplyChainService.Application/Features/SandopPlans/Validators/CaptureSandopSnapshotValidator.cs	510	??
mvp6-mod0190-core	services/Diten.SupplyChainService/src/Diten.SupplyChainService.Application/Features/SandopPlans/Validators/CreateSandopPlanValidator.cs	495	??
mvp6-mod0190-core	services/Diten.SupplyChainService/src/Diten.SupplyChainService.Application/Features/SandopPlans/Validators/RecordSandopSignOffValidator.cs	504	??
mvp6-mod0190-core	services/Diten.SupplyChainService/src/Diten.SupplyChainService.Domain/Features/Carriers/Carrier.cs	553	??
mvp6-mod0190-core	services/Diten.SupplyChainService/src/Diten.SupplyChainService.Domain/Features/Carriers/CarrierLifecycle.cs	393	??
mvp6-mod0190-core	services/Diten.SupplyChainService/src/Diten.SupplyChainService.Domain/Features/Carriers/CarrierMutationResult.cs	221	??
mvp6-mod0190-core	services/Diten.SupplyChainService/src/Diten.SupplyChainService.Domain/Features/Carriers/CarrierPersistenceUnavailableException.cs	136	??
mvp6-mod0190-core	services/Diten.SupplyChainService/src/Diten.SupplyChainService.Domain/Features/Carriers/CarrierScope.cs	371	??
mvp6-mod0190-core	services/Diten.SupplyChainService/src/Diten.SupplyChainService.Domain/Features/Carriers/CarrierStatus.cs	118	??
mvp6-mod0190-core	services/Diten.SupplyChainService/src/Diten.SupplyChainService.Domain/Features/Carriers/ICarrierRepository.cs	635	??
mvp6-mod0190-core	services/Diten.SupplyChainService/src/Diten.SupplyChainService.Domain/Features/Carriers/TransportMode.cs	120	??
mvp6-mod0190-core	services/Diten.SupplyChainService/src/Diten.SupplyChainService.Domain/Features/Loads/ILoadRepository.cs	478	??
mvp6-mod0190-core	services/Diten.SupplyChainService/src/Diten.SupplyChainService.Domain/Features/Loads/LoadAssignment.cs	160	??
mvp6-mod0190-core	services/Diten.SupplyChainService/src/Diten.SupplyChainService.Domain/Features/Loads/LoadAuditEntry.cs	249	??
mvp6-mod0190-core	services/Diten.SupplyChainService/src/Diten.SupplyChainService.Domain/Features/Loads/LoadLifecycle.cs	706	??
mvp6-mod0190-core	services/Diten.SupplyChainService/src/Diten.SupplyChainService.Domain/Features/Loads/LoadMutationResult.cs	482	??
mvp6-mod0190-core	services/Diten.SupplyChainService/src/Diten.SupplyChainService.Domain/Features/Loads/LoadPlan.cs	662	??
mvp6-mod0190-core	services/Diten.SupplyChainService/src/Diten.SupplyChainService.Domain/Features/Loads/LoadScope.cs	322	??
mvp6-mod0190-core	services/Diten.SupplyChainService/src/Diten.SupplyChainService.Domain/Features/Loads/LoadStatus.cs	154	??
mvp6-mod0190-core	services/Diten.SupplyChainService/src/Diten.SupplyChainService.Domain/Features/Loads/LoadStop.cs	149	??
mvp6-mod0190-core	services/Diten.SupplyChainService/src/Diten.SupplyChainService.Domain/Features/SandopPlans/ISandopRepository.cs	580	??
mvp6-mod0190-core	services/Diten.SupplyChainService/src/Diten.SupplyChainService.Domain/Features/SandopPlans/SandopPlan.cs	669	??
mvp6-mod0190-core	services/Diten.SupplyChainService/src/Diten.SupplyChainService.Domain/Features/SandopPlans/SandopScope.cs	568	??
mvp6-mod0190-core	services/Diten.SupplyChainService/src/Diten.SupplyChainService.Domain/Features/SandopPlans/SandopSignOff.cs	520	??
mvp6-mod0190-core	services/Diten.SupplyChainService/src/Diten.SupplyChainService.Domain/Features/SandopPlans/SandopSnapshot.cs	796	??
mvp6-mod0190-core	services/Diten.SupplyChainService/src/Diten.SupplyChainService.Domain/Features/Shipments/ShipmentDetailReadResult.cs	274	??
mvp6-mod0190-core	services/Diten.SupplyChainService/src/Diten.SupplyChainService.Infrastructure/Features/Carriers/CarrierPermissionAttribute.cs	698	??
mvp6-mod0190-core	services/Diten.SupplyChainService/src/Diten.SupplyChainService.Infrastructure/Features/Carriers/CarrierPermissions.cs	313	??
mvp6-mod0190-core	services/Diten.SupplyChainService/src/Diten.SupplyChainService.Infrastructure/Features/Loads/LoadPermissionAttribute.cs	692	??
mvp6-mod0190-core	services/Diten.SupplyChainService/src/Diten.SupplyChainService.Infrastructure/Features/Loads/LoadPermissions.cs	293	??
mvp6-mod0190-core	services/Diten.SupplyChainService/src/Diten.SupplyChainService.Infrastructure/Features/Loads/LoadReferenceReader.cs	7364	??
mvp6-mod0190-core	services/Diten.SupplyChainService/src/Diten.SupplyChainService.Infrastructure/Features/SandopPlans/DemandFixtureReader.cs	911	??
mvp6-mod0190-core	services/Diten.SupplyChainService/src/Diten.SupplyChainService.Infrastructure/Features/SandopPlans/SandopPermissionAttribute.cs	237	??
mvp6-mod0190-core	services/Diten.SupplyChainService/src/Diten.SupplyChainService.Infrastructure/Features/SandopPlans/SandopPermissions.cs	376	??
mvp6-mod0190-core	services/Diten.SupplyChainService/src/Diten.SupplyChainService.Persistence/Features/Carriers/CarrierPersistenceRegistration.cs	670	??
mvp6-mod0190-core	services/Diten.SupplyChainService/src/Diten.SupplyChainService.Persistence/Features/Carriers/CarrierRepository.cs	9365	??
mvp6-mod0190-core	services/Diten.SupplyChainService/src/Diten.SupplyChainService.Persistence/Features/Carriers/CarrierSchema.cs	2177	??
mvp6-mod0190-core	services/Diten.SupplyChainService/src/Diten.SupplyChainService.Persistence/Features/Carriers/ICarrierCommitProbe.cs	161	??
mvp6-mod0190-core	services/Diten.SupplyChainService/src/Diten.SupplyChainService.Persistence/Features/Carriers/NoOpCarrierCommitProbe.cs	218	??
mvp6-mod0190-core	services/Diten.SupplyChainService/src/Diten.SupplyChainService.Persistence/Features/Loads/ILoadCommitProbe.cs	167	??
mvp6-mod0190-core	services/Diten.SupplyChainService/src/Diten.SupplyChainService.Persistence/Features/Loads/LoadOutboxStore.cs	550	??
mvp6-mod0190-core	services/Diten.SupplyChainService/src/Diten.SupplyChainService.Persistence/Features/Loads/LoadPersistenceRegistration.cs	568	??
mvp6-mod0190-core	services/Diten.SupplyChainService/src/Diten.SupplyChainService.Persistence/Features/Loads/LoadRepository.cs	9321	??
mvp6-mod0190-core	services/Diten.SupplyChainService/src/Diten.SupplyChainService.Persistence/Features/Loads/LoadSchema.cs	1786	??
mvp6-mod0190-core	services/Diten.SupplyChainService/src/Diten.SupplyChainService.Persistence/Features/Loads/NoOpLoadCommitProbe.cs	240	??
mvp6-mod0190-core	services/Diten.SupplyChainService/src/Diten.SupplyChainService.Persistence/Features/SandopPlans/SandopPersistenceRegistration.cs	417	??
mvp6-mod0190-core	services/Diten.SupplyChainService/src/Diten.SupplyChainService.Persistence/Features/SandopPlans/SandopRepository.cs	13969	??
mvp6-mod0190-core	services/Diten.SupplyChainService/src/Diten.SupplyChainService.Persistence/Features/SandopPlans/SandopSchema.cs	1668	??
mvp6-mod0190-core	services/Diten.SupplyChainService/src/Diten.SupplyChainService.Persistence/Features/Shipments/ShipmentDetailMaterializer.cs	1323	??
mvp6-mod0190-core	services/Diten.SupplyChainService/tests/Diten.SupplyChainService.Tests/Carriers/CarrierContractTests.cs	25826	??
mvp6-mod0190-core	services/Diten.SupplyChainService/tests/Diten.SupplyChainService.Tests/Loads/LoadAtomicityTests.cs	6842	??
mvp6-mod0190-core	services/Diten.SupplyChainService/tests/Diten.SupplyChainService.Tests/Loads/LoadConcurrencyTests.cs	4944	??
mvp6-mod0190-core	services/Diten.SupplyChainService/tests/Diten.SupplyChainService.Tests/Loads/LoadContractTests.cs	19994	??
mvp6-mod0190-core	services/Diten.SupplyChainService/tests/Diten.SupplyChainService.Tests/Loads/LoadIsolationTests.cs	5791	??
mvp6-mod0190-core	services/Diten.SupplyChainService/tests/Diten.SupplyChainService.Tests/Loads/LoadLifecycleTests.cs	3066	??
mvp6-mod0190-core	services/Diten.SupplyChainService/tests/Diten.SupplyChainService.Tests/Loads/LoadReferenceTests.cs	8977	??
mvp6-mod0190-core	services/Diten.SupplyChainService/tests/Diten.SupplyChainService.Tests/Loads/LoadReplayTests.cs	5022	??
mvp6-mod0190-core	services/Diten.SupplyChainService/tests/Diten.SupplyChainService.Tests/SandopPlans/SandopAtomicityTests.cs	9120	??
mvp6-mod0190-core	services/Diten.SupplyChainService/tests/Diten.SupplyChainService.Tests/SandopPlans/SandopConcurrencyTests.cs	1109	??
mvp6-mod0190-core	services/Diten.SupplyChainService/tests/Diten.SupplyChainService.Tests/SandopPlans/SandopContractTests.cs	4626	??
mvp6-mod0190-core	services/Diten.SupplyChainService/tests/Diten.SupplyChainService.Tests/SandopPlans/SandopIsolationTests.cs	1351	??
mvp6-mod0190-core	services/Diten.SupplyChainService/tests/Diten.SupplyChainService.Tests/SandopPlans/SandopLifecycleTests.cs	3926	??
mvp6-mod0190-core	services/Diten.SupplyChainService/tests/Diten.SupplyChainService.Tests/SandopPlans/SandopReplayTests.cs	5747	??
mvp6-mod0190-core	services/Diten.SupplyChainService/tests/Diten.SupplyChainService.Tests/ShipmentRootHttpTests.cs	432	??
mvp6-mod0190-core	services/Diten.SupplyChainService/tests/Diten.SupplyChainService.Tests/ShipmentRootStorageTests.cs	2322	??
mvp6-mod0190-core	services/Diten.SupplyChainService/tests/carriers/test_outage_capture.py	5124	??
mvp6-mod0190-core	services/Diten.SupplyChainService/tests/carriers/verify_evidence.py	621	??
mvp6-mod0190-core	services/Diten.SupplyChainService/tests/root_uptake/verify_evidence.py	558	??
returns-phase15-close-01	.antigravity/rules/docs-organization.md	10743	 M
returns-phase15-close-01	docs/analysis/contracts/shipment-bundle.openapi.yaml	168515	 M
returns-phase15-close-01	execution/domains/supply-chain-execution/module-packs/MOD-0186-reverse-logistics.md	45021	 M
returns-phase15-close-01	services/Diten.SupplyChainService/src/Diten.SupplyChainService.Api/Program.cs	4352	 M
returns-phase15-close-01	services/Diten.SupplyChainService/src/Diten.SupplyChainService.Application/Features/Shipments/Handlers/QueryHandlers/GetShipmentByIdHandler.cs	1050	 M
returns-phase15-close-01	services/Diten.SupplyChainService/src/Diten.SupplyChainService.Application/Features/Shipments/ShipmentProjection.cs	2138	 M
returns-phase15-close-01	services/Diten.SupplyChainService/src/Diten.SupplyChainService.Domain/Features/Shipments/IShipmentRepository.cs	777	 M
returns-phase15-close-01	services/Diten.SupplyChainService/src/Diten.SupplyChainService.Persistence/Features/Shipments/ShipmentRepository.cs	12860	 M
returns-phase15-close-01	docs/analysis/contracts/carrier-semantics-v1.1.0.md	25493	??
returns-phase15-close-01	docs/analysis/contracts/loads-semantics-v2.0.0.md	18109	??
returns-phase15-close-01	docs/analysis/contracts/returns-semantics-v3.0.0.md	6696	??
returns-phase15-close-01	docs/analysis/contracts/shipment-root-semantics-v3.0.0.md	654	??
returns-phase15-close-01	docs/records/audits/2026-09/mvp6-combined-final-release-pack-01/COMPATIBILITY-DELTA.md	3009	??
returns-phase15-close-01	docs/records/audits/2026-09/mvp6-combined-final-release-pack-01/OWNER-DECISION-TEXTS.md	4528	??
returns-phase15-close-01	docs/records/audits/2026-09/mvp6-combined-final-release-pack-01/PUBLICATION-MANIFEST.sha256	478	??
returns-phase15-close-01	docs/records/audits/2026-09/mvp6-combined-final-release-pack-01/SHA256SUMS	2612	??
returns-phase15-close-01	docs/records/audits/2026-09/mvp6-combined-final-release-pack-01/SOP-22.md	7270	??
returns-phase15-close-01	docs/records/audits/2026-09/mvp6-combined-final-release-pack-01/authority-binding-candidate.json.txt	11484	??
returns-phase15-close-01	docs/records/audits/2026-09/mvp6-combined-final-release-pack-01/candidate-to-final.patch	7222	??
returns-phase15-close-01	docs/records/audits/2026-09/mvp6-combined-final-release-pack-01/evidence-manifest.sha256	1704	??
returns-phase15-close-01	docs/records/audits/2026-09/mvp6-combined-final-release-pack-01/guard-binding-UNAPPROVED.patch	3866	??
returns-phase15-close-01	docs/records/audits/2026-09/mvp6-combined-final-release-pack-01/guard-owner-decision-draft.json.txt	263	??
returns-phase15-close-01	docs/records/audits/2026-09/mvp6-combined-final-release-pack-01/guard-payload.txt	11185	??
returns-phase15-close-01	docs/records/audits/2026-09/mvp6-combined-final-release-pack-01/guard-policy-fixture-relocation.patch	7061	??
returns-phase15-close-01	docs/records/audits/2026-09/mvp6-combined-final-release-pack-01/guard-review-components/artifact-relocation.patch	1324	??
returns-phase15-close-01	docs/records/audits/2026-09/mvp6-combined-final-release-pack-01/guard-review-components/boundary-tests.patch	1948	??
returns-phase15-close-01	docs/records/audits/2026-09/mvp6-combined-final-release-pack-01/guard-review-components/fixture-fix.patch	1069	??
returns-phase15-close-01	docs/records/audits/2026-09/mvp6-combined-final-release-pack-01/guard-review-components/guard-policy.patch	1427	??
returns-phase15-close-01	docs/records/audits/2026-09/mvp6-combined-final-release-pack-01/guard-review-components/rule.patch	1165	??
returns-phase15-close-01	docs/records/audits/2026-09/mvp6-combined-final-release-pack-01/publication-manifest.json.txt	791	??
returns-phase15-close-01	docs/records/audits/2026-09/mvp6-combined-final-release-pack-01/publication.patch	102055	??
returns-phase15-close-01	docs/records/audits/2026-09/mvp6-combined-final-release-pack-01/publication/docs/analysis/contracts/carrier-semantics-v1.1.0.md	25493	??
returns-phase15-close-01	docs/records/audits/2026-09/mvp6-combined-final-release-pack-01/publication/docs/analysis/contracts/claims-semantics-v3.0.0.md	21113	??
returns-phase15-close-01	docs/records/audits/2026-09/mvp6-combined-final-release-pack-01/publication/docs/analysis/contracts/loads-semantics-v2.0.0.md	18109	??
returns-phase15-close-01	docs/records/audits/2026-09/mvp6-combined-final-release-pack-01/publication/docs/analysis/contracts/returns-semantics-v3.0.0.md	6696	??
returns-phase15-close-01	docs/records/audits/2026-09/mvp6-combined-final-release-pack-01/publication/docs/analysis/contracts/shipment-bundle.openapi.yaml	168515	??
returns-phase15-close-01	docs/records/audits/2026-09/mvp6-combined-final-release-pack-01/publication/docs/analysis/contracts/shipment-root-semantics-v3.0.0.md	654	??
returns-phase15-close-01	docs/records/audits/2026-09/mvp6-combined-final-release-ver-01/FINAL-HASHES.sha256	478	??
returns-phase15-close-01	docs/records/audits/2026-09/mvp6-combined-final-release-ver-01/SHA256SUMS	424	??
returns-phase15-close-01	docs/records/audits/2026-09/mvp6-combined-final-release-ver-01/SOP-22.md	8092	??
returns-phase15-close-01	docs/records/audits/2026-09/mvp6-combined-final-release-ver-01/evidence-manifest.sha256	3058	??
returns-phase15-close-01	docs/records/audits/2026-09/mvp6-combined-final-release-ver-01/fresh-results.json.txt	1440	??
returns-phase15-close-01	docs/records/audits/2026-09/mvp6-consumer-r2-rework-ct-close-01/README.md	5528	??
returns-phase15-close-01	docs/records/audits/2026-09/mvp6-final-publication-execution-01/SHA256SUMS	140	??
returns-phase15-close-01	docs/records/audits/2026-09/mvp6-final-publication-execution-01/SOP-22.md	3612	??
returns-phase15-close-01	docs/records/audits/2026-09/mvp6-final-publication-execution-01/changed-files.json	381	??
returns-phase15-close-01	docs/records/audits/2026-09/mvp6-mod0186-pack-activate-01/SHA256SUMS	134	??
returns-phase15-close-01	docs/records/audits/2026-09/mvp6-mod0186-pack-activate-01/SOP-22.md	2266	??
returns-phase15-close-01	docs/records/audits/2026-09/mvp6-mod0186-pack-activate-01/manifest.json	472	??
returns-phase15-close-01	docs/records/audits/2026-09/mvp6-mod0186-patch-disposition-02/SHA256SUMS	498	??
returns-phase15-close-01	docs/records/audits/2026-09/mvp6-mod0186-patch-disposition-02/SOP-22.md	10111	??
returns-phase15-close-01	docs/records/audits/2026-09/mvp6-mod0186-patch-disposition-02/authority-source.md	1778	??
returns-phase15-close-01	docs/records/audits/2026-09/mvp6-mod0186-patch-disposition-02/baseline.txt	9781	??
returns-phase15-close-01	docs/records/audits/2026-09/mvp6-mod0186-patch-disposition-02/input-manifest.sha256	1748	??
returns-phase15-close-01	docs/records/audits/2026-09/mvp6-mod0186-patch-disposition-02/no-change.txt	99	??
returns-phase15-close-01	docs/records/audits/2026-09/mvp6-mod0186-patch-disposition-02/patch-verification.txt	504	??
returns-phase15-close-01	docs/records/audits/2026-09/mvp6-mod0186-phase15-close-01/ARTIFACTS.sha256	290	??
returns-phase15-close-01	docs/records/audits/2026-09/mvp6-mod0186-phase15-close-01/CORE-VER-v2.1.md	2520	??
returns-phase15-close-01	docs/records/audits/2026-09/mvp6-mod0186-phase15-close-01/DEV-v2.0.md	3011	??
returns-phase15-close-01	docs/records/audits/2026-09/mvp6-mod0186-phase15-close-01/PHASE15.md	4004	??
returns-phase15-close-01	docs/records/audits/2026-09/mvp6-mod0186-phase15-close-01/SHA256SUMS	1744	??
returns-phase15-close-01	docs/records/audits/2026-09/mvp6-mod0186-phase15-close-01/SOP-22.md	3289	??
returns-phase15-close-01	docs/records/audits/2026-09/mvp6-mod0186-phase15-close-01/VER-v2.0.md	2165	??
returns-phase15-close-01	docs/records/audits/2026-09/mvp6-mod0186-phase15-close-01/authority.md	3122	??
returns-phase15-close-01	docs/records/audits/2026-09/mvp6-mod0186-phase15-close-01/baseline.txt	53202	??
returns-phase15-close-01	docs/records/audits/2026-09/mvp6-mod0186-phase15-close-01/context-parity.md	2333	??
returns-phase15-close-01	docs/records/audits/2026-09/mvp6-mod0186-phase15-close-01/error-matrix.tsv	2375	??
returns-phase15-close-01	docs/records/audits/2026-09/mvp6-mod0186-phase15-close-01/head-only-gaps.tsv	35569	??
returns-phase15-close-01	docs/records/audits/2026-09/mvp6-mod0186-phase15-close-01/input-manifest.tsv	68140	??
returns-phase15-close-01	docs/records/audits/2026-09/mvp6-mod0186-phase15-close-01/operation-status.tsv	249	??
returns-phase15-close-01	docs/records/audits/2026-09/mvp6-mod0186-phase15-close-01/owned-paths.txt	5105	??
returns-phase15-close-01	docs/records/audits/2026-09/mvp6-mod0186-phase15-close-01/pack-hashes.txt	242	??
returns-phase15-close-01	docs/records/audits/2026-09/mvp6-mod0186-phase15-close-01/physical-design.md	3041	??
returns-phase15-close-01	docs/records/audits/2026-09/mvp6-mod0186-phase15-close-01/promotion-verification.txt	272	??
returns-phase15-close-01	docs/records/audits/2026-09/mvp6-mod0186-phase15-close-01/promotion.patch	2346	??
returns-phase15-close-01	docs/records/audits/2026-09/mvp6-mod0186-phase15-close-01/protected-input-recheck.tsv	91077	??
returns-phase15-close-01	docs/records/audits/2026-09/mvp6-mod0186-phase15-close-01/schema-check.txt	303	??
returns-phase15-close-01	docs/records/audits/2026-09/mvp6-mod0186-phase15-close-01/technical-checks.txt	379	??
returns-phase15-close-01	docs/records/audits/2026-09/mvp6-mod0186-phase15-close-01/wire-fields.tsv	3237	??
returns-phase15-close-01	docs/records/audits/2026-09/mvp6-returns-candidate-reconstruct-r2/README.md	1050	??
returns-phase15-close-01	docs/records/audits/2026-09/mvp6-returns-candidate-reconstruct-r2/SHA256SUMS	170	??
returns-phase15-close-01	docs/records/audits/2026-09/mvp6-returns-claims-dispatch-decision-01/README.md	4674	??
returns-phase15-close-01	docs/records/audits/2026-09/mvp6-returns-claims-dispatch-decision-01/SHA256SUMS	145	??
returns-phase15-close-01	docs/records/audits/2026-09/mvp6-returns-r2-independent-ver-01/INDEPENDENT-REPORT.md	3672	??
returns-phase15-close-01	docs/records/audits/2026-09/mvp6-returns-r2-independent-ver-01/SHA256SUMS	424	??
returns-phase15-close-01	docs/records/audits/2026-09/mvp6-returns-r2-independent-ver-01/SOP-22-REPORT.md	4259	??
returns-phase15-close-01	docs/records/audits/2026-09/mvp6-returns-r2-independent-ver-01/evidence-files.sha256	37108	??
returns-phase15-close-01	docs/records/audits/2026-09/mvp6-returns-r2-independent-ver-01/exact-inputs.tsv	697	??
returns-phase15-close-01	docs/records/audits/2026-09/mvp6-returns-r2-uuid-rework-01/SOP-22-DEV-HANDOFF.md	2310	??
returns-phase15-close-01	docs/records/audits/2026-09/mvp6-returns-r2-uuid-ver-01/SOP-22-REPORT.md	1728	??
returns-phase15-close-01	docs/records/audits/2026-09/mvp6-root-r2-producer-ct-accept-01/README.md	4188	??
returns-phase15-close-01	docs/records/audits/2026-09/mvp6-root-r2-producer-ct-accept-01/SHA256SUMS	139	??
returns-phase15-close-01	docs/records/audits/2026-09/mvp6-root-r2-producer-dev-01/SOP-22-DEV-HANDOFF.md	2637	??
returns-phase15-close-01	docs/records/audits/2026-09/mvp6-root-r2-producer-dev-01/binary.sha256	187	??
returns-phase15-close-01	docs/records/audits/2026-09/mvp6-root-r2-producer-dev-01/changed-files.json	1597	??
returns-phase15-close-01	docs/records/audits/2026-09/mvp6-root-r2-producer-dev-01/repo-status.txt	8122	??
returns-phase15-close-01	docs/records/audits/2026-09/mvp6-root-r2-producer-dev-01/root-archive-verify.txt	156	??
returns-phase15-close-01	docs/records/audits/2026-09/mvp6-root-r2-producer-dev-01/source-manifest.sha256	1858	??
returns-phase15-close-01	docs/records/audits/2026-09/mvp6-root-r2-producer-dev-01/test-results.txt	646	??
returns-phase15-close-01	docs/records/audits/2026-09/mvp6-root-r2-producer-ver-02/SHA256SUMS	741	??
returns-phase15-close-01	docs/records/audits/2026-09/mvp6-root-r2-producer-ver-02/SOP-22-VER-REPORT.md	3633	??
returns-phase15-close-01	docs/records/audits/2026-09/mvp6-root-r2-producer-ver-02/binary.sha256	225	??
returns-phase15-close-01	docs/records/audits/2026-09/mvp6-root-r2-producer-ver-02/manifest.json	355	??
returns-phase15-close-01	docs/records/audits/2026-09/mvp6-root-r2-producer-ver-02/probe-source.sha256	533	??
returns-phase15-close-01	docs/records/audits/2026-09/mvp6-root-r2-producer-ver-02/replica-state.txt	8	??
returns-phase15-close-01	docs/records/audits/2026-09/mvp6-root-r2-producer-ver-02/restart.json	700	??
returns-phase15-close-01	docs/records/audits/2026-09/mvp6-root-r2-producer-ver-02/root-tests.log	466	??
returns-phase15-close-01	docs/records/audits/2026-09/mvp6-root-r2-producer-ver-02/runtime.json	4434	??
returns-phase15-close-01	docs/records/audits/2026-09/mvp6-root-r2-producer-ver-02/shipment-tests.log	464	??
returns-phase15-close-01	docs/reference/architecture/docs-path-authority.json	11482	??
returns-phase15-close-01	docs/roadmap/plans/mod-0186-prep-02/dev-prompt-v1.0-HELD.md	5403	??
returns-phase15-close-01	docs/roadmap/plans/mod-0186-prep-02/owned-paths-v1.0.md	6069	??
returns-phase15-close-01	docs/roadmap/plans/mod-0186-prep-02/owner-decisions-v1.0.md	21901	??
returns-phase15-close-01	docs/roadmap/plans/mod-0186-prep-02/ver-prompt-v1.0-HELD.md	3479	??
returns-phase15-close-01	docs/roadmap/plans/mvp6-final-pack-delta-01/README.md	4472	??
returns-phase15-close-01	docs/roadmap/plans/mvp6-final-pack-delta-01/SHA256SUMS	779	??
returns-phase15-close-01	docs/roadmap/plans/mvp6-final-pack-delta-01/SOP-22-PACK-DELTA.md	889	??
returns-phase15-close-01	docs/roadmap/plans/mvp6-final-pack-delta-01/dev-prompt-v1.0-HELD.md	1409	??
returns-phase15-close-01	docs/roadmap/plans/mvp6-final-pack-delta-01/owned-paths-v1.0.md	6069	??
returns-phase15-close-01	docs/roadmap/plans/mvp6-final-pack-delta-01/proposed-pack.patch	1273	??
returns-phase15-close-01	docs/roadmap/plans/mvp6-final-pack-delta-01/ver-prompt-v1.0-HELD.md	1094	??
returns-phase15-close-01	docs/roadmap/plans/mvp6-mod0186-pack-patch-repair-01/SOP-22.md	2446	??
returns-phase15-close-01	docs/roadmap/plans/mvp6-mod0186-pack-patch-repair-01/proposed-pack-v2.patch	1544	??
returns-phase15-close-01	evidence/returns-dev/SHA256SUMS	4748	??
returns-phase15-close-01	evidence/returns-dev/SOP-22.md	4484	??
returns-phase15-close-01	evidence/returns-dev/TEST-AUTHOR-HANDOFF.md	2532	??
returns-phase15-close-01	evidence/returns-dev/acceptance-matrix.md	2669	??
returns-phase15-close-01	evidence/returns-dev/architecture-baseline-failure.txt	528	??
returns-phase15-close-01	evidence/returns-dev/architecture.log	2254	??
returns-phase15-close-01	evidence/returns-dev/architecture/returns-db010-guard.trx	13505	??
returns-phase15-close-01	evidence/returns-dev/binary-manifest.tsv	14986	??
returns-phase15-close-01	evidence/returns-dev/binding-build.log	1994	??
returns-phase15-close-01	evidence/returns-dev/binding-restore.log	80	??
returns-phase15-close-01	evidence/returns-dev/common-input-recheck.tsv	93780	??
returns-phase15-close-01	evidence/returns-dev/dcp-002.txt	49	??
returns-phase15-close-01	evidence/returns-dev/final-target/command.log	635	??
returns-phase15-close-01	evidence/returns-dev/final-target/execution.json	9401	??
returns-phase15-close-01	evidence/returns-dev/final-target/repository-process.jsonl	170224	??
returns-phase15-close-01	evidence/returns-dev/final-target/returns.trx	140048	??
returns-phase15-close-01	evidence/returns-dev/fresh-source-build-binding.json	17850	??
returns-phase15-close-01	evidence/returns-dev/http-composition-handoff.md	2795	??
returns-phase15-close-01	evidence/returns-dev/mongo-process.txt	418	??
returns-phase15-close-01	evidence/returns-dev/mongo-shutdown-confirmation.txt	144	??
returns-phase15-close-01	evidence/returns-dev/mongo-shutdown.log	58	??
returns-phase15-close-01	evidence/returns-dev/nonreturns.log	645	??
returns-phase15-close-01	evidence/returns-dev/nonreturns/nonreturns-regression.trx	12650	??
returns-phase15-close-01	evidence/returns-dev/owned-diff-check.txt	5342	??
returns-phase15-close-01	evidence/returns-dev/patch-application.txt	6010	??
returns-phase15-close-01	evidence/returns-dev/physical-index-evidence.txt	1489	??
returns-phase15-close-01	evidence/returns-dev/preservation.txt	255	??
returns-phase15-close-01	evidence/returns-dev/release-restart/read/command.log	641	??
returns-phase15-close-01	evidence/returns-dev/release-restart/read/execution.json	9411	??
returns-phase15-close-01	evidence/returns-dev/release-restart/read/repository-process.jsonl	971	??
returns-phase15-close-01	evidence/returns-dev/release-restart/read/returns.trx	3172	??
returns-phase15-close-01	evidence/returns-dev/release-restart/restart-identity.json	257	??
returns-phase15-close-01	evidence/returns-dev/release-restart/seed/command.log	641	??
returns-phase15-close-01	evidence/returns-dev/release-restart/seed/execution.json	9409	??
returns-phase15-close-01	evidence/returns-dev/release-restart/seed/repository-process.jsonl	1270	??
returns-phase15-close-01	evidence/returns-dev/release-restart/seed/returns.trx	3311	??
returns-phase15-close-01	evidence/returns-dev/release-target/command.log	637	??
returns-phase15-close-01	evidence/returns-dev/release-target/execution.json	9402	??
returns-phase15-close-01	evidence/returns-dev/release-target/repository-process.jsonl	177241	??
returns-phase15-close-01	evidence/returns-dev/release-target/returns.trx	151186	??
returns-phase15-close-01	evidence/returns-dev/returns-core.patch	108590	??
returns-phase15-close-01	evidence/returns-dev/returns-final-build.log	1994	??
returns-phase15-close-01	evidence/returns-dev/returns-release-build.log	1994	??
returns-phase15-close-01	evidence/returns-dev/returns-test-first.log	3800	??
returns-phase15-close-01	evidence/returns-dev/returns-test-fourth.log	3466	??
returns-phase15-close-01	evidence/returns-dev/returns-test-second.log	5008	??
returns-phase15-close-01	evidence/returns-dev/returns-test-third.log	4109	??
returns-phase15-close-01	evidence/returns-dev/source-manifest.tsv	8107	??
returns-phase15-close-01	evidence/returns-dev/test-source-manifest.tsv	1578	??
returns-phase15-close-01	evidence/returns-dev/tests-fourth/returns-fourth.trx	137128	??
returns-phase15-close-01	evidence/returns-dev/tests-second/returns-second.trx	81468	??
returns-phase15-close-01	evidence/returns-dev/tests-third/returns-third.trx	104989	??
returns-phase15-close-01	evidence/returns-ver-01/ARTIFACTS.sha256	255	??
returns-phase15-close-01	evidence/returns-ver-01/DEV-acceptance-matrix.md	2669	??
returns-phase15-close-01	evidence/returns-ver-01/DEV-returns-core.patch	108590	??
returns-phase15-close-01	evidence/returns-ver-01/DEV-source-manifest.tsv	8107	??
returns-phase15-close-01	evidence/returns-ver-01/SHA256SUMS	13832	??
returns-phase15-close-01	evidence/returns-ver-01/SOP-22.md	8068	??
returns-phase15-close-01	evidence/returns-ver-01/actual-authority.json	3848	??
returns-phase15-close-01	evidence/returns-ver-01/architecture.log	2118	??
returns-phase15-close-01	evidence/returns-ver-01/architecture/architecture.trx	11625	??
returns-phase15-close-01	evidence/returns-ver-01/architecture/mongo-client.trx	3210	??
returns-phase15-close-01	evidence/returns-ver-01/binding.json	613	??
returns-phase15-close-01	evidence/returns-ver-01/build.log	1826	??
returns-phase15-close-01	evidence/returns-ver-01/commands.json	4443	??
returns-phase15-close-01	evidence/returns-ver-01/core.log	0	??
returns-phase15-close-01	evidence/returns-ver-01/core/command.log	564	??
returns-phase15-close-01	evidence/returns-ver-01/core/execution.json	9329	??
returns-phase15-close-01	evidence/returns-ver-01/core/repository-process.jsonl	173225	??
returns-phase15-close-01	evidence/returns-ver-01/core/returns.trx	148418	??
returns-phase15-close-01	evidence/returns-ver-01/fresh-binary-manifest.json	5208	??
returns-phase15-close-01	evidence/returns-ver-01/fresh-test-summary.json	21129	??
returns-phase15-close-01	evidence/returns-ver-01/historical-input-delta.json	284	??
returns-phase15-close-01	evidence/returns-ver-01/input-ARTIFACTS.sha256	290	??
returns-phase15-close-01	evidence/returns-ver-01/input-CORE-VER-v2.1.md	2520	??
returns-phase15-close-01	evidence/returns-ver-01/input-DEV-v2.0.md	3011	??
returns-phase15-close-01	evidence/returns-ver-01/input-archive-inventory.json	40200	??
returns-phase15-close-01	evidence/returns-ver-01/input-authority.md	3122	??
returns-phase15-close-01	evidence/returns-ver-01/input-owned-paths.txt	5105	??
returns-phase15-close-01	evidence/returns-ver-01/loads.log	561	??
returns-phase15-close-01	evidence/returns-ver-01/loads/loads.trx	12523	??
returns-phase15-close-01	evidence/returns-ver-01/mongo-client-guard.log	572	??
returns-phase15-close-01	evidence/returns-ver-01/mongo-index.log	1585	??
returns-phase15-close-01	evidence/returns-ver-01/mongo-init.log	0	??
returns-phase15-close-01	evidence/returns-ver-01/mongo-shutdown.log	58	??
returns-phase15-close-01	evidence/returns-ver-01/mongo-start.log	369	??
returns-phase15-close-01	evidence/returns-ver-01/mongo-stop-check.txt	93	??
returns-phase15-close-01	evidence/returns-ver-01/mongod.log	255499	??
returns-phase15-close-01	evidence/returns-ver-01/no-change.json	221	??
returns-phase15-close-01	evidence/returns-ver-01/patch-apply.txt	5841	??
returns-phase15-close-01	evidence/returns-ver-01/platform-baseline.json	634	??
returns-phase15-close-01	evidence/returns-ver-01/preflight-branch.txt	35	??
returns-phase15-close-01	evidence/returns-ver-01/preflight-diff.txt	0	??
returns-phase15-close-01	evidence/returns-ver-01/preflight-rev-parse.txt	41	??
returns-phase15-close-01	evidence/returns-ver-01/preflight-status.txt	29213	??
returns-phase15-close-01	evidence/returns-ver-01/preflight-worktree.txt	499	??
returns-phase15-close-01	evidence/returns-ver-01/restart.log	96	??
returns-phase15-close-01	evidence/returns-ver-01/restart/read/command.log	570	??
returns-phase15-close-01	evidence/returns-ver-01/restart/read/execution.json	9338	??
returns-phase15-close-01	evidence/returns-ver-01/restart/read/repository-process.jsonl	929	??
returns-phase15-close-01	evidence/returns-ver-01/restart/read/returns.trx	3130	??
returns-phase15-close-01	evidence/returns-ver-01/restart/restart-identity.json	257	??
returns-phase15-close-01	evidence/returns-ver-01/restart/seed/command.log	570	??
returns-phase15-close-01	evidence/returns-ver-01/restart/seed/execution.json	9341	??
returns-phase15-close-01	evidence/returns-ver-01/restart/seed/repository-process.jsonl	1229	??
returns-phase15-close-01	evidence/returns-ver-01/restart/seed/returns.trx	3269	??
returns-phase15-close-01	evidence/returns-ver-01/restore.log	1565	??
returns-phase15-close-01	evidence/returns-ver-01/scope-check.json	94	??
returns-phase15-close-01	evidence/returns-ver-01/snapshot-manifest.json	1522895	??
returns-phase15-close-01	evidence/returns-ver-01/snapshot-setup.py	2411	??
returns-phase15-close-01	evidence/returns-ver-01/verified-source/services/Diten.SupplyChainService/src/Diten.SupplyChainService.Api/Features/Returns/ReturnContextMiddleware.cs	7959	??
returns-phase15-close-01	evidence/returns-ver-01/verified-source/services/Diten.SupplyChainService/src/Diten.SupplyChainService.Api/Features/Returns/ReturnContractError.cs	339	??
returns-phase15-close-01	evidence/returns-ver-01/verified-source/services/Diten.SupplyChainService/src/Diten.SupplyChainService.Api/Features/Returns/ReturnsController.cs	1939	??
returns-phase15-close-01	evidence/returns-ver-01/verified-source/services/Diten.SupplyChainService/src/Diten.SupplyChainService.Application/Features/Returns/Commands/CreateReturnCommand.cs	259	??
returns-phase15-close-01	evidence/returns-ver-01/verified-source/services/Diten.SupplyChainService/src/Diten.SupplyChainService.Application/Features/Returns/Commands/TransitionReturnCommand.cs	277	??
returns-phase15-close-01	evidence/returns-ver-01/verified-source/services/Diten.SupplyChainService/src/Diten.SupplyChainService.Application/Features/Returns/Handlers/CommandHandlers/CreateReturnHandler.cs	1240	??
returns-phase15-close-01	evidence/returns-ver-01/verified-source/services/Diten.SupplyChainService/src/Diten.SupplyChainService.Application/Features/Returns/Handlers/CommandHandlers/TransitionReturnHandler.cs	1467	??
returns-phase15-close-01	evidence/returns-ver-01/verified-source/services/Diten.SupplyChainService/src/Diten.SupplyChainService.Application/Features/Returns/Handlers/QueryHandlers/GetReturnListHandler.cs	1043	??
returns-phase15-close-01	evidence/returns-ver-01/verified-source/services/Diten.SupplyChainService/src/Diten.SupplyChainService.Application/Features/Returns/IReturnReferenceReader.cs	249	??
returns-phase15-close-01	evidence/returns-ver-01/verified-source/services/Diten.SupplyChainService/src/Diten.SupplyChainService.Application/Features/Returns/Queries/GetReturnListQuery.cs	324	??
returns-phase15-close-01	evidence/returns-ver-01/verified-source/services/Diten.SupplyChainService/src/Diten.SupplyChainService.Application/Features/Returns/ReturnModels.cs	3568	??
returns-phase15-close-01	evidence/returns-ver-01/verified-source/services/Diten.SupplyChainService/src/Diten.SupplyChainService.Application/Features/Returns/ReturnRequestContext.cs	371	??
returns-phase15-close-01	evidence/returns-ver-01/verified-source/services/Diten.SupplyChainService/src/Diten.SupplyChainService.Application/Features/Returns/ReturnRequestFingerprint.cs	1038	??
returns-phase15-close-01	evidence/returns-ver-01/verified-source/services/Diten.SupplyChainService/src/Diten.SupplyChainService.Application/Features/Returns/ReturnSourceSnapshot.cs	475	??
returns-phase15-close-01	evidence/returns-ver-01/verified-source/services/Diten.SupplyChainService/src/Diten.SupplyChainService.Application/Features/Returns/Validators/CreateReturnValidator.cs	336	??
returns-phase15-close-01	evidence/returns-ver-01/verified-source/services/Diten.SupplyChainService/src/Diten.SupplyChainService.Application/Features/Returns/Validators/GetReturnListValidator.cs	353	??
returns-phase15-close-01	evidence/returns-ver-01/verified-source/services/Diten.SupplyChainService/src/Diten.SupplyChainService.Application/Features/Returns/Validators/TransitionReturnValidator.cs	352	??
returns-phase15-close-01	evidence/returns-ver-01/verified-source/services/Diten.SupplyChainService/src/Diten.SupplyChainService.Domain/Features/Returns/IReturnRepository.cs	584	??
returns-phase15-close-01	evidence/returns-ver-01/verified-source/services/Diten.SupplyChainService/src/Diten.SupplyChainService.Domain/Features/Returns/ReturnAuditEntry.cs	349	??
returns-phase15-close-01	evidence/returns-ver-01/verified-source/services/Diten.SupplyChainService/src/Diten.SupplyChainService.Domain/Features/Returns/ReturnEntitlement.cs	807	??
returns-phase15-close-01	evidence/returns-ver-01/verified-source/services/Diten.SupplyChainService/src/Diten.SupplyChainService.Domain/Features/Returns/ReturnLifecycle.cs	758	??
returns-phase15-close-01	evidence/returns-ver-01/verified-source/services/Diten.SupplyChainService/src/Diten.SupplyChainService.Domain/Features/Returns/ReturnLine.cs	151	??
returns-phase15-close-01	evidence/returns-ver-01/verified-source/services/Diten.SupplyChainService/src/Diten.SupplyChainService.Domain/Features/Returns/ReturnMutationResult.cs	518	??
returns-phase15-close-01	evidence/returns-ver-01/verified-source/services/Diten.SupplyChainService/src/Diten.SupplyChainService.Domain/Features/Returns/ReturnOrder.cs	771	??
returns-phase15-close-01	evidence/returns-ver-01/verified-source/services/Diten.SupplyChainService/src/Diten.SupplyChainService.Domain/Features/Returns/ReturnQuantity.cs	5072	??
returns-phase15-close-01	evidence/returns-ver-01/verified-source/services/Diten.SupplyChainService/src/Diten.SupplyChainService.Domain/Features/Returns/ReturnScope.cs	320	??
returns-phase15-close-01	evidence/returns-ver-01/verified-source/services/Diten.SupplyChainService/src/Diten.SupplyChainService.Domain/Features/Returns/ReturnStatus.cs	176	??
returns-phase15-close-01	evidence/returns-ver-01/verified-source/services/Diten.SupplyChainService/src/Diten.SupplyChainService.Infrastructure/Features/Returns/ReturnPermissionAttribute.cs	692	??
returns-phase15-close-01	evidence/returns-ver-01/verified-source/services/Diten.SupplyChainService/src/Diten.SupplyChainService.Infrastructure/Features/Returns/ReturnPermissions.cs	744	??
returns-phase15-close-01	evidence/returns-ver-01/verified-source/services/Diten.SupplyChainService/src/Diten.SupplyChainService.Infrastructure/Features/Returns/ReturnReferenceReader.cs	7108	??
returns-phase15-close-01	evidence/returns-ver-01/verified-source/services/Diten.SupplyChainService/src/Diten.SupplyChainService.Persistence/Features/Returns/IReturnCommitProbe.cs	195	??
returns-phase15-close-01	evidence/returns-ver-01/verified-source/services/Diten.SupplyChainService/src/Diten.SupplyChainService.Persistence/Features/Returns/NoOpReturnCommitProbe.cs	276	??
returns-phase15-close-01	evidence/returns-ver-01/verified-source/services/Diten.SupplyChainService/src/Diten.SupplyChainService.Persistence/Features/Returns/ReturnOutboxStore.cs	756	??
returns-phase15-close-01	evidence/returns-ver-01/verified-source/services/Diten.SupplyChainService/src/Diten.SupplyChainService.Persistence/Features/Returns/ReturnPersistenceRegistration.cs	708	??
returns-phase15-close-01	evidence/returns-ver-01/verified-source/services/Diten.SupplyChainService/src/Diten.SupplyChainService.Persistence/Features/Returns/ReturnRepository.cs	17768	??
returns-phase15-close-01	evidence/returns-ver-01/verified-source/services/Diten.SupplyChainService/src/Diten.SupplyChainService.Persistence/Features/Returns/ReturnSchema.cs	2197	??
returns-phase15-close-01	evidence/returns-ver-01/verified-source/services/Diten.SupplyChainService/tests/Diten.SupplyChainService.Tests/Returns/ReturnAtomicityTests.cs	8179	??
returns-phase15-close-01	evidence/returns-ver-01/verified-source/services/Diten.SupplyChainService/tests/Diten.SupplyChainService.Tests/Returns/ReturnConcurrencyTests.cs	6002	??
returns-phase15-close-01	evidence/returns-ver-01/verified-source/services/Diten.SupplyChainService/tests/Diten.SupplyChainService.Tests/Returns/ReturnContractTests.cs	4167	??
returns-phase15-close-01	evidence/returns-ver-01/verified-source/services/Diten.SupplyChainService/tests/Diten.SupplyChainService.Tests/Returns/ReturnIsolationTests.cs	6235	??
returns-phase15-close-01	evidence/returns-ver-01/verified-source/services/Diten.SupplyChainService/tests/Diten.SupplyChainService.Tests/Returns/ReturnLifecycleTests.cs	2304	??
returns-phase15-close-01	evidence/returns-ver-01/verified-source/services/Diten.SupplyChainService/tests/Diten.SupplyChainService.Tests/Returns/ReturnReferenceTests.cs	4785	??
returns-phase15-close-01	evidence/returns-ver-01/verified-source/services/Diten.SupplyChainService/tests/Diten.SupplyChainService.Tests/Returns/ReturnReplayTests.cs	3585	??
returns-phase15-close-01	evidence/returns-ver-01/verified-source/services/Diten.SupplyChainService/tests/returns/verify_evidence.py	740	??
returns-phase15-close-01	evidence/returns-ver-01/verifier-run.py	3165	??
returns-phase15-close-01	services/Diten.SupplyChainService/src/Diten.SupplyChainService.Api/Features/Carriers/CarrierContextMiddleware.cs	6118	??
returns-phase15-close-01	services/Diten.SupplyChainService/src/Diten.SupplyChainService.Api/Features/Carriers/CarrierContractError.cs	1151	??
returns-phase15-close-01	services/Diten.SupplyChainService/src/Diten.SupplyChainService.Api/Features/Carriers/CarriersController.cs	2144	??
returns-phase15-close-01	services/Diten.SupplyChainService/src/Diten.SupplyChainService.Api/Features/Loads/LoadContextMiddleware.cs	6518	??
returns-phase15-close-01	services/Diten.SupplyChainService/src/Diten.SupplyChainService.Api/Features/Loads/LoadContractError.cs	379	??
returns-phase15-close-01	services/Diten.SupplyChainService/src/Diten.SupplyChainService.Api/Features/Loads/LoadsController.cs	1626	??
returns-phase15-close-01	services/Diten.SupplyChainService/src/Diten.SupplyChainService.Api/Features/Returns/ReturnContextMiddleware.cs	7959	??
returns-phase15-close-01	services/Diten.SupplyChainService/src/Diten.SupplyChainService.Api/Features/Returns/ReturnContractError.cs	339	??
returns-phase15-close-01	services/Diten.SupplyChainService/src/Diten.SupplyChainService.Api/Features/Returns/ReturnsController.cs	1939	??
returns-phase15-close-01	services/Diten.SupplyChainService/src/Diten.SupplyChainService.Application/Features/Carriers/CarrierModels.cs	978	??
returns-phase15-close-01	services/Diten.SupplyChainService/src/Diten.SupplyChainService.Application/Features/Carriers/CarrierRequestContext.cs	363	??
returns-phase15-close-01	services/Diten.SupplyChainService/src/Diten.SupplyChainService.Application/Features/Carriers/CarrierRequestFingerprint.cs	541	??
returns-phase15-close-01	services/Diten.SupplyChainService/src/Diten.SupplyChainService.Application/Features/Carriers/Commands/ChangeCarrierStatusCommand.cs	277	??
returns-phase15-close-01	services/Diten.SupplyChainService/src/Diten.SupplyChainService.Application/Features/Carriers/Commands/CreateCarrierCommand.cs	249	??
returns-phase15-close-01	services/Diten.SupplyChainService/src/Diten.SupplyChainService.Application/Features/Carriers/Handlers/CommandHandlers/ChangeCarrierStatusHandler.cs	1129	??
returns-phase15-close-01	services/Diten.SupplyChainService/src/Diten.SupplyChainService.Application/Features/Carriers/Handlers/CommandHandlers/CreateCarrierHandler.cs	1121	??
returns-phase15-close-01	services/Diten.SupplyChainService/src/Diten.SupplyChainService.Application/Features/Carriers/Handlers/QueryHandlers/GetCarrierListHandler.cs	1118	??
returns-phase15-close-01	services/Diten.SupplyChainService/src/Diten.SupplyChainService.Application/Features/Carriers/Queries/GetCarrierListQuery.cs	240	??
returns-phase15-close-01	services/Diten.SupplyChainService/src/Diten.SupplyChainService.Application/Features/Carriers/Validators/ChangeCarrierStatusValidator.cs	556	??
returns-phase15-close-01	services/Diten.SupplyChainService/src/Diten.SupplyChainService.Application/Features/Carriers/Validators/CreateCarrierValidator.cs	672	??
returns-phase15-close-01	services/Diten.SupplyChainService/src/Diten.SupplyChainService.Application/Features/Carriers/Validators/GetCarrierListValidator.cs	472	??
returns-phase15-close-01	services/Diten.SupplyChainService/src/Diten.SupplyChainService.Application/Features/Loads/Commands/CreateLoadCommand.cs	255	??
returns-phase15-close-01	services/Diten.SupplyChainService/src/Diten.SupplyChainService.Application/Features/Loads/Commands/TransitionLoadCommand.cs	272	??
returns-phase15-close-01	services/Diten.SupplyChainService/src/Diten.SupplyChainService.Application/Features/Loads/Handlers/CommandHandlers/CreateLoadHandler.cs	960	??
returns-phase15-close-01	services/Diten.SupplyChainService/src/Diten.SupplyChainService.Application/Features/Loads/Handlers/CommandHandlers/TransitionLoadHandler.cs	1148	??
returns-phase15-close-01	services/Diten.SupplyChainService/src/Diten.SupplyChainService.Application/Features/Loads/Handlers/QueryHandlers/GetLoadListHandler.cs	987	??
returns-phase15-close-01	services/Diten.SupplyChainService/src/Diten.SupplyChainService.Application/Features/Loads/ILoadReferenceReader.cs	241	??
returns-phase15-close-01	services/Diten.SupplyChainService/src/Diten.SupplyChainService.Application/Features/Loads/LoadModels.cs	4967	??
returns-phase15-close-01	services/Diten.SupplyChainService/src/Diten.SupplyChainService.Application/Features/Loads/LoadReferenceSnapshot.cs	164	??
returns-phase15-close-01	services/Diten.SupplyChainService/src/Diten.SupplyChainService.Application/Features/Loads/LoadRequestContext.cs	363	??
returns-phase15-close-01	services/Diten.SupplyChainService/src/Diten.SupplyChainService.Application/Features/Loads/LoadRequestFingerprint.cs	731	??
returns-phase15-close-01	services/Diten.SupplyChainService/src/Diten.SupplyChainService.Application/Features/Loads/Queries/GetLoadListQuery.cs	247	??
returns-phase15-close-01	services/Diten.SupplyChainService/src/Diten.SupplyChainService.Application/Features/Loads/Validators/CreateLoadValidator.cs	329	??
returns-phase15-close-01	services/Diten.SupplyChainService/src/Diten.SupplyChainService.Application/Features/Loads/Validators/GetLoadListValidator.cs	482	??
returns-phase15-close-01	services/Diten.SupplyChainService/src/Diten.SupplyChainService.Application/Features/Loads/Validators/TransitionLoadValidator.cs	345	??
returns-phase15-close-01	services/Diten.SupplyChainService/src/Diten.SupplyChainService.Application/Features/Returns/Commands/CreateReturnCommand.cs	259	??
returns-phase15-close-01	services/Diten.SupplyChainService/src/Diten.SupplyChainService.Application/Features/Returns/Commands/TransitionReturnCommand.cs	277	??
returns-phase15-close-01	services/Diten.SupplyChainService/src/Diten.SupplyChainService.Application/Features/Returns/Handlers/CommandHandlers/CreateReturnHandler.cs	1240	??
returns-phase15-close-01	services/Diten.SupplyChainService/src/Diten.SupplyChainService.Application/Features/Returns/Handlers/CommandHandlers/TransitionReturnHandler.cs	1467	??
returns-phase15-close-01	services/Diten.SupplyChainService/src/Diten.SupplyChainService.Application/Features/Returns/Handlers/QueryHandlers/GetReturnListHandler.cs	1043	??
returns-phase15-close-01	services/Diten.SupplyChainService/src/Diten.SupplyChainService.Application/Features/Returns/IReturnReferenceReader.cs	249	??
returns-phase15-close-01	services/Diten.SupplyChainService/src/Diten.SupplyChainService.Application/Features/Returns/Queries/GetReturnListQuery.cs	324	??
returns-phase15-close-01	services/Diten.SupplyChainService/src/Diten.SupplyChainService.Application/Features/Returns/ReturnModels.cs	3568	??
returns-phase15-close-01	services/Diten.SupplyChainService/src/Diten.SupplyChainService.Application/Features/Returns/ReturnRequestContext.cs	371	??
returns-phase15-close-01	services/Diten.SupplyChainService/src/Diten.SupplyChainService.Application/Features/Returns/ReturnRequestFingerprint.cs	1038	??
returns-phase15-close-01	services/Diten.SupplyChainService/src/Diten.SupplyChainService.Application/Features/Returns/ReturnSourceSnapshot.cs	475	??
returns-phase15-close-01	services/Diten.SupplyChainService/src/Diten.SupplyChainService.Application/Features/Returns/Validators/CreateReturnValidator.cs	336	??
returns-phase15-close-01	services/Diten.SupplyChainService/src/Diten.SupplyChainService.Application/Features/Returns/Validators/GetReturnListValidator.cs	353	??
returns-phase15-close-01	services/Diten.SupplyChainService/src/Diten.SupplyChainService.Application/Features/Returns/Validators/TransitionReturnValidator.cs	352	??
returns-phase15-close-01	services/Diten.SupplyChainService/src/Diten.SupplyChainService.Domain/Features/Carriers/Carrier.cs	553	??
returns-phase15-close-01	services/Diten.SupplyChainService/src/Diten.SupplyChainService.Domain/Features/Carriers/CarrierLifecycle.cs	393	??
returns-phase15-close-01	services/Diten.SupplyChainService/src/Diten.SupplyChainService.Domain/Features/Carriers/CarrierMutationResult.cs	221	??
returns-phase15-close-01	services/Diten.SupplyChainService/src/Diten.SupplyChainService.Domain/Features/Carriers/CarrierPersistenceUnavailableException.cs	136	??
returns-phase15-close-01	services/Diten.SupplyChainService/src/Diten.SupplyChainService.Domain/Features/Carriers/CarrierScope.cs	371	??
returns-phase15-close-01	services/Diten.SupplyChainService/src/Diten.SupplyChainService.Domain/Features/Carriers/CarrierStatus.cs	118	??
returns-phase15-close-01	services/Diten.SupplyChainService/src/Diten.SupplyChainService.Domain/Features/Carriers/ICarrierRepository.cs	635	??
returns-phase15-close-01	services/Diten.SupplyChainService/src/Diten.SupplyChainService.Domain/Features/Carriers/TransportMode.cs	120	??
returns-phase15-close-01	services/Diten.SupplyChainService/src/Diten.SupplyChainService.Domain/Features/Loads/ILoadRepository.cs	478	??
returns-phase15-close-01	services/Diten.SupplyChainService/src/Diten.SupplyChainService.Domain/Features/Loads/LoadAssignment.cs	160	??
returns-phase15-close-01	services/Diten.SupplyChainService/src/Diten.SupplyChainService.Domain/Features/Loads/LoadAuditEntry.cs	249	??
returns-phase15-close-01	services/Diten.SupplyChainService/src/Diten.SupplyChainService.Domain/Features/Loads/LoadLifecycle.cs	706	??
returns-phase15-close-01	services/Diten.SupplyChainService/src/Diten.SupplyChainService.Domain/Features/Loads/LoadMutationResult.cs	482	??
returns-phase15-close-01	services/Diten.SupplyChainService/src/Diten.SupplyChainService.Domain/Features/Loads/LoadPlan.cs	662	??
returns-phase15-close-01	services/Diten.SupplyChainService/src/Diten.SupplyChainService.Domain/Features/Loads/LoadScope.cs	322	??
returns-phase15-close-01	services/Diten.SupplyChainService/src/Diten.SupplyChainService.Domain/Features/Loads/LoadStatus.cs	154	??
returns-phase15-close-01	services/Diten.SupplyChainService/src/Diten.SupplyChainService.Domain/Features/Loads/LoadStop.cs	149	??
returns-phase15-close-01	services/Diten.SupplyChainService/src/Diten.SupplyChainService.Domain/Features/Returns/IReturnRepository.cs	584	??
returns-phase15-close-01	services/Diten.SupplyChainService/src/Diten.SupplyChainService.Domain/Features/Returns/ReturnAuditEntry.cs	349	??
returns-phase15-close-01	services/Diten.SupplyChainService/src/Diten.SupplyChainService.Domain/Features/Returns/ReturnEntitlement.cs	807	??
returns-phase15-close-01	services/Diten.SupplyChainService/src/Diten.SupplyChainService.Domain/Features/Returns/ReturnLifecycle.cs	758	??
returns-phase15-close-01	services/Diten.SupplyChainService/src/Diten.SupplyChainService.Domain/Features/Returns/ReturnLine.cs	151	??
returns-phase15-close-01	services/Diten.SupplyChainService/src/Diten.SupplyChainService.Domain/Features/Returns/ReturnMutationResult.cs	518	??
returns-phase15-close-01	services/Diten.SupplyChainService/src/Diten.SupplyChainService.Domain/Features/Returns/ReturnOrder.cs	771	??
returns-phase15-close-01	services/Diten.SupplyChainService/src/Diten.SupplyChainService.Domain/Features/Returns/ReturnQuantity.cs	5072	??
returns-phase15-close-01	services/Diten.SupplyChainService/src/Diten.SupplyChainService.Domain/Features/Returns/ReturnScope.cs	320	??
returns-phase15-close-01	services/Diten.SupplyChainService/src/Diten.SupplyChainService.Domain/Features/Returns/ReturnStatus.cs	176	??
returns-phase15-close-01	services/Diten.SupplyChainService/src/Diten.SupplyChainService.Domain/Features/Shipments/ShipmentDetailReadResult.cs	274	??
returns-phase15-close-01	services/Diten.SupplyChainService/src/Diten.SupplyChainService.Infrastructure/Features/Carriers/CarrierPermissionAttribute.cs	698	??
returns-phase15-close-01	services/Diten.SupplyChainService/src/Diten.SupplyChainService.Infrastructure/Features/Carriers/CarrierPermissions.cs	313	??
returns-phase15-close-01	services/Diten.SupplyChainService/src/Diten.SupplyChainService.Infrastructure/Features/Loads/LoadPermissionAttribute.cs	692	??
returns-phase15-close-01	services/Diten.SupplyChainService/src/Diten.SupplyChainService.Infrastructure/Features/Loads/LoadPermissions.cs	293	??
returns-phase15-close-01	services/Diten.SupplyChainService/src/Diten.SupplyChainService.Infrastructure/Features/Loads/LoadReferenceReader.cs	7364	??
returns-phase15-close-01	services/Diten.SupplyChainService/src/Diten.SupplyChainService.Infrastructure/Features/Returns/ReturnPermissionAttribute.cs	692	??
returns-phase15-close-01	services/Diten.SupplyChainService/src/Diten.SupplyChainService.Infrastructure/Features/Returns/ReturnPermissions.cs	744	??
returns-phase15-close-01	services/Diten.SupplyChainService/src/Diten.SupplyChainService.Infrastructure/Features/Returns/ReturnReferenceReader.cs	7108	??
returns-phase15-close-01	services/Diten.SupplyChainService/src/Diten.SupplyChainService.Persistence/Features/Carriers/CarrierPersistenceRegistration.cs	670	??
returns-phase15-close-01	services/Diten.SupplyChainService/src/Diten.SupplyChainService.Persistence/Features/Carriers/CarrierRepository.cs	9365	??
returns-phase15-close-01	services/Diten.SupplyChainService/src/Diten.SupplyChainService.Persistence/Features/Carriers/CarrierSchema.cs	2177	??
returns-phase15-close-01	services/Diten.SupplyChainService/src/Diten.SupplyChainService.Persistence/Features/Carriers/ICarrierCommitProbe.cs	161	??
returns-phase15-close-01	services/Diten.SupplyChainService/src/Diten.SupplyChainService.Persistence/Features/Carriers/NoOpCarrierCommitProbe.cs	218	??
returns-phase15-close-01	services/Diten.SupplyChainService/src/Diten.SupplyChainService.Persistence/Features/Loads/ILoadCommitProbe.cs	167	??
returns-phase15-close-01	services/Diten.SupplyChainService/src/Diten.SupplyChainService.Persistence/Features/Loads/LoadOutboxStore.cs	550	??
returns-phase15-close-01	services/Diten.SupplyChainService/src/Diten.SupplyChainService.Persistence/Features/Loads/LoadPersistenceRegistration.cs	568	??
returns-phase15-close-01	services/Diten.SupplyChainService/src/Diten.SupplyChainService.Persistence/Features/Loads/LoadRepository.cs	9321	??
returns-phase15-close-01	services/Diten.SupplyChainService/src/Diten.SupplyChainService.Persistence/Features/Loads/LoadSchema.cs	1786	??
returns-phase15-close-01	services/Diten.SupplyChainService/src/Diten.SupplyChainService.Persistence/Features/Loads/NoOpLoadCommitProbe.cs	240	??
returns-phase15-close-01	services/Diten.SupplyChainService/src/Diten.SupplyChainService.Persistence/Features/Returns/IReturnCommitProbe.cs	195	??
returns-phase15-close-01	services/Diten.SupplyChainService/src/Diten.SupplyChainService.Persistence/Features/Returns/NoOpReturnCommitProbe.cs	276	??
returns-phase15-close-01	services/Diten.SupplyChainService/src/Diten.SupplyChainService.Persistence/Features/Returns/ReturnOutboxStore.cs	756	??
returns-phase15-close-01	services/Diten.SupplyChainService/src/Diten.SupplyChainService.Persistence/Features/Returns/ReturnPersistenceRegistration.cs	708	??
returns-phase15-close-01	services/Diten.SupplyChainService/src/Diten.SupplyChainService.Persistence/Features/Returns/ReturnRepository.cs	17768	??
returns-phase15-close-01	services/Diten.SupplyChainService/src/Diten.SupplyChainService.Persistence/Features/Returns/ReturnSchema.cs	2197	??
returns-phase15-close-01	services/Diten.SupplyChainService/src/Diten.SupplyChainService.Persistence/Features/Shipments/ShipmentDetailMaterializer.cs	1323	??
returns-phase15-close-01	services/Diten.SupplyChainService/tests/Diten.SupplyChainService.Tests/Carriers/CarrierContractTests.cs	25826	??
returns-phase15-close-01	services/Diten.SupplyChainService/tests/Diten.SupplyChainService.Tests/Loads/LoadAtomicityTests.cs	6842	??
returns-phase15-close-01	services/Diten.SupplyChainService/tests/Diten.SupplyChainService.Tests/Loads/LoadConcurrencyTests.cs	4944	??
returns-phase15-close-01	services/Diten.SupplyChainService/tests/Diten.SupplyChainService.Tests/Loads/LoadContractTests.cs	19994	??
returns-phase15-close-01	services/Diten.SupplyChainService/tests/Diten.SupplyChainService.Tests/Loads/LoadIsolationTests.cs	5791	??
returns-phase15-close-01	services/Diten.SupplyChainService/tests/Diten.SupplyChainService.Tests/Loads/LoadLifecycleTests.cs	3066	??
returns-phase15-close-01	services/Diten.SupplyChainService/tests/Diten.SupplyChainService.Tests/Loads/LoadReferenceTests.cs	8977	??
returns-phase15-close-01	services/Diten.SupplyChainService/tests/Diten.SupplyChainService.Tests/Loads/LoadReplayTests.cs	5022	??
returns-phase15-close-01	services/Diten.SupplyChainService/tests/Diten.SupplyChainService.Tests/Returns/ReturnAtomicityTests.cs	8179	??
returns-phase15-close-01	services/Diten.SupplyChainService/tests/Diten.SupplyChainService.Tests/Returns/ReturnConcurrencyTests.cs	6002	??
returns-phase15-close-01	services/Diten.SupplyChainService/tests/Diten.SupplyChainService.Tests/Returns/ReturnContractTests.cs	4167	??
returns-phase15-close-01	services/Diten.SupplyChainService/tests/Diten.SupplyChainService.Tests/Returns/ReturnIsolationTests.cs	6235	??
returns-phase15-close-01	services/Diten.SupplyChainService/tests/Diten.SupplyChainService.Tests/Returns/ReturnLifecycleTests.cs	2304	??
returns-phase15-close-01	services/Diten.SupplyChainService/tests/Diten.SupplyChainService.Tests/Returns/ReturnReferenceTests.cs	4785	??
returns-phase15-close-01	services/Diten.SupplyChainService/tests/Diten.SupplyChainService.Tests/Returns/ReturnReplayTests.cs	3585	??
returns-phase15-close-01	services/Diten.SupplyChainService/tests/Diten.SupplyChainService.Tests/ShipmentRootHttpTests.cs	432	??
returns-phase15-close-01	services/Diten.SupplyChainService/tests/Diten.SupplyChainService.Tests/ShipmentRootStorageTests.cs	2322	??
returns-phase15-close-01	services/Diten.SupplyChainService/tests/carriers/test_outage_capture.py	5124	??
returns-phase15-close-01	services/Diten.SupplyChainService/tests/carriers/verify_evidence.py	621	??
returns-phase15-close-01	services/Diten.SupplyChainService/tests/returns/verify_evidence.py	740	??
returns-phase15-close-01	services/Diten.SupplyChainService/tests/root_uptake/verify_evidence.py	558	??
shipment-integration-rework-exec-01	.antigravity/rules/ports.md	2718	 M
shipment-integration-rework-exec-01	AGENTS.md	24222	 M
shipment-integration-rework-exec-01	execution/domains/commercial-suite/module-packs/MOD-0149-PREREQ-diten-crm-service-scaffold.md	9577	 M
shipment-integration-rework-exec-01	execution/domains/commercial-suite/module-packs/MOD-0149-customer-360-account-hierarchy.md	46038	 M
shipment-integration-rework-exec-01	execution/domains/commercial-suite/module-packs/MOD-0150-contact-relationship-management.md	45713	 M
shipment-integration-rework-exec-01	execution/domains/commercial-suite/module-packs/MOD-0151-territory-management.md	187836	 M
shipment-integration-rework-exec-01	execution/domains/commercial-suite/module-packs/MOD-0162-FU02-knowledge-content-runtime-ui.md	44892	 M
shipment-integration-rework-exec-01	execution/domains/commercial-suite/module-packs/MOD-0162-FU04-knowledge-path-runtime-ui.md	87027	 M
shipment-integration-rework-exec-01	execution/domains/commercial-suite/module-packs/MOD-0162-FU05-content-engagement-journey-runtime-ui.md	99799	 M
shipment-integration-rework-exec-01	execution/domains/commercial-suite/module-packs/MOD-0164-FU03-consent-preference-admin-ui.md	36410	 M
shipment-integration-rework-exec-01	execution/domains/commercial-suite/module-packs/MOD-0165-FU01-visit-frequency-call-cycle-policy.md	26262	 M
shipment-integration-rework-exec-01	execution/domains/commercial-suite/module-packs/MOD-0165-FU05-campaign-targeting-admin-ui.md	31431	 M
shipment-integration-rework-exec-01	execution/domains/commercial-suite/module-packs/MOD-0165-FU07-cycle-period-scope-enrichment.md	120428	 M
shipment-integration-rework-exec-01	execution/domains/commercial-suite/module-packs/MOD-0167-FU01-segment-sourced-frequency-policy-authoring.md	11846	 M
shipment-integration-rework-exec-01	execution/domains/commercial-suite/module-packs/MOD-0167-FU02-segment-foundation-criteria-membership-target-customer.md	117455	 M
shipment-integration-rework-exec-01	execution/domains/commercial-suite/module-packs/MOD-0167-FU04-strategy-template-segment-product-mix-content-playbook.md	94108	 M
shipment-integration-rework-exec-01	execution/domains/supply-chain-execution/module-packs/MOD-0183-shipment-tracking-pod.md	24507	 M
shipment-integration-rework-exec-01	frontend/Diten.Web/Resources/SharedResource.ar.resx	42349	 M
shipment-integration-rework-exec-01	frontend/Diten.Web/Resources/SharedResource.en.resx	42321	 M
shipment-integration-rework-exec-01	frontend/Diten.Web/Resources/SharedResource.es.resx	39952	 M
shipment-integration-rework-exec-01	frontend/Diten.Web/Resources/SharedResource.fr.resx	40225	 M
shipment-integration-rework-exec-01	frontend/Diten.Web/Resources/SharedResource.ru.resx	43984	 M
shipment-integration-rework-exec-01	frontend/Diten.Web/Resources/SharedResource.tr.resx	42881	 M
shipment-integration-rework-exec-01	frontend/Diten.Web/Resources/SharedResource.zh.resx	37712	 M
shipment-integration-rework-exec-01	gateway/Diten.ApiGateway.Tests/OcelotConfigurationTests.cs	15536	 M
shipment-integration-rework-exec-01	gateway/Diten.ApiGateway/ocelot.json	123769	 M
shipment-integration-rework-exec-01	scripts/smoke-mod0162-fu02-knowledge-content-authenticated.ps1	10537	 M
shipment-integration-rework-exec-01	scripts/smoke-mod0162-fu03-concept-graph-authenticated.ps1	14773	 M
shipment-integration-rework-exec-01	scripts/smoke-mod0162-fu04-knowledge-path-authenticated.ps1	12868	 M
shipment-integration-rework-exec-01	scripts/smoke-mod0162-fu05-content-engagement-journey-authenticated.ps1	19684	 M
shipment-integration-rework-exec-01	scripts/smoke-mod0164-fu02-consent-preference-authenticated.ps1	24285	 M
shipment-integration-rework-exec-01	scripts/smoke-mod0165-fu03-visit-frequency-authenticated.ps1	14610	 M
shipment-integration-rework-exec-01	scripts/smoke-mod0165-fu04-campaign-targeting-authenticated.ps1	31513	 M
shipment-integration-rework-exec-01	scripts/smoke-mod0165-fu06-cycle-period-authenticated.ps1	17359	 M
shipment-integration-rework-exec-01	scripts/smoke-mod0167-fu02-segment-foundation-authenticated.ps1	31340	 M
shipment-integration-rework-exec-01	scripts/smoke-mod0167-fu04-strategy-template-authenticated.ps1	23272	 M
shipment-integration-rework-exec-01	services/Diten.CrmService/src/Diten.CrmService.Api/Controllers/CRM/CampaignsController.cs	12276	 M
shipment-integration-rework-exec-01	services/Diten.CrmService/src/Diten.CrmService.Api/Controllers/CRM/ConsentsController.cs	6252	 M
shipment-integration-rework-exec-01	services/Diten.CrmService/src/Diten.CrmService.Api/Controllers/CRM/KnowledgeContentsController.cs	4735	 M
shipment-integration-rework-exec-01	services/Diten.CrmService/src/Diten.CrmService.Api/Controllers/CRM/TerritoryContractController.cs	1117	 M
shipment-integration-rework-exec-01	services/Diten.CrmService/src/Diten.CrmService.Api/Program.cs	6084	 M
shipment-integration-rework-exec-01	services/Diten.CrmService/src/Diten.CrmService.Api/Properties/launchSettings.json	393	 M
shipment-integration-rework-exec-01	services/Diten.SupplyChainService/src/Diten.SupplyChainService.Api/Diten.SupplyChainService.Api.csproj	1123	 M
shipment-integration-rework-exec-01	services/Diten.SupplyChainService/src/Diten.SupplyChainService.Api/Program.cs	8519	 M
shipment-integration-rework-exec-01	services/Diten.SupplyChainService/src/Diten.SupplyChainService.Api/appsettings.json	275	 M
shipment-integration-rework-exec-01	services/Diten.SupplyChainService/src/Diten.SupplyChainService.Application/Features/Shipments/Handlers/QueryHandlers/GetShipmentByIdHandler.cs	1050	 M
shipment-integration-rework-exec-01	services/Diten.SupplyChainService/src/Diten.SupplyChainService.Application/Features/Shipments/ShipmentProjection.cs	2138	 M
shipment-integration-rework-exec-01	services/Diten.SupplyChainService/src/Diten.SupplyChainService.Domain/Features/Shipments/IShipmentRepository.cs	777	 M
shipment-integration-rework-exec-01	services/Diten.SupplyChainService/src/Diten.SupplyChainService.Persistence/Features/Shipments/ShipmentRepository.cs	12860	 M
shipment-integration-rework-exec-01	watch-diten-bg.ps1	4087	 M
shipment-integration-rework-exec-01	watch-diten.ps1	2298	 M
shipment-integration-rework-exec-01	frontend/Diten.Web.Tests/Controllers/SupplyChainShipmentsControllerTests.cs	7371	??
shipment-integration-rework-exec-01	frontend/Diten.Web.Tests/Forms/ShipmentFormContractTests.cs	2641	??
shipment-integration-rework-exec-01	frontend/Diten.Web.Tests/JavaScript/ShipmentDetailActionTests.cs	2003	??
shipment-integration-rework-exec-01	frontend/Diten.Web.Tests/JavaScript/ShipmentIndexBehaviorTests.cs	1466	??
shipment-integration-rework-exec-01	frontend/Diten.Web/Controllers/SupplyChainShipmentsController.cs	11521	??
shipment-integration-rework-exec-01	frontend/Diten.Web/Models/SupplyChain/Shipments/ShipmentViewModels.cs	1857	??
shipment-integration-rework-exec-01	frontend/Diten.Web/Resources/Views/SupplyChain/Shipments/ShipmentsIndex.ar.resx	6507	??
shipment-integration-rework-exec-01	frontend/Diten.Web/Resources/Views/SupplyChain/Shipments/ShipmentsIndex.en.resx	5880	??
shipment-integration-rework-exec-01	frontend/Diten.Web/Resources/Views/SupplyChain/Shipments/ShipmentsIndex.es.resx	6018	??
shipment-integration-rework-exec-01	frontend/Diten.Web/Resources/Views/SupplyChain/Shipments/ShipmentsIndex.fr.resx	6104	??
shipment-integration-rework-exec-01	frontend/Diten.Web/Resources/Views/SupplyChain/Shipments/ShipmentsIndex.ru.resx	7049	??
shipment-integration-rework-exec-01	frontend/Diten.Web/Resources/Views/SupplyChain/Shipments/ShipmentsIndex.tr.resx	5939	??
shipment-integration-rework-exec-01	frontend/Diten.Web/Resources/Views/SupplyChain/Shipments/ShipmentsIndex.zh.resx	5655	??
shipment-integration-rework-exec-01	frontend/Diten.Web/Views/SupplyChain/Shipments/Create.cshtml	1893	??
shipment-integration-rework-exec-01	frontend/Diten.Web/Views/SupplyChain/Shipments/Details.cshtml	4574	??
shipment-integration-rework-exec-01	frontend/Diten.Web/Views/SupplyChain/Shipments/Index.cshtml	1521	??
shipment-integration-rework-exec-01	frontend/Diten.Web/Views/SupplyChain/Shipments/ShipmentsIndex.cs	86	??
shipment-integration-rework-exec-01	frontend/Diten.Web/Views/SupplyChain/Shipments/_DataTable.cshtml	675	??
shipment-integration-rework-exec-01	frontend/Diten.Web/Views/SupplyChain/Shipments/_Filter.cshtml	1276	??
shipment-integration-rework-exec-01	frontend/Diten.Web/Views/SupplyChain/Shipments/_Form.cshtml	5224	??
shipment-integration-rework-exec-01	frontend/Diten.Web/Views/SupplyChain/Shipments/_IndexL10n.cshtml	1216	??
shipment-integration-rework-exec-01	frontend/Diten.Web/Views/SupplyChain/Shipments/_LineEditor.cshtml	92	??
shipment-integration-rework-exec-01	frontend/Diten.Web/Views/SupplyChain/Shipments/_PodOffcanvas.cshtml	1436	??
shipment-integration-rework-exec-01	frontend/Diten.Web/Views/SupplyChain/Shipments/_TransitionOffcanvas.cshtml	1328	??
shipment-integration-rework-exec-01	frontend/Diten.Web/wwwroot/assets/js/SupplyChain/Shipments/create.js	4351	??
shipment-integration-rework-exec-01	frontend/Diten.Web/wwwroot/assets/js/SupplyChain/Shipments/details.js	8021	??
shipment-integration-rework-exec-01	frontend/Diten.Web/wwwroot/assets/js/SupplyChain/Shipments/index.js	5500	??
shipment-integration-rework-exec-01	frontend/Diten.Web/wwwroot/assets/js/SupplyChain/Shipments/index.l10n.js	329	??
shipment-integration-rework-exec-01	gateway/Diten.ApiGateway.Tests/CarrierRouteCoverageTests.cs	1681	??
shipment-integration-rework-exec-01	gateway/Diten.ApiGateway.Tests/ShipmentRouteCoverageTests.cs	1927	??
shipment-integration-rework-exec-01	services/Diten.SupplyChainService/src/Diten.SupplyChainService.Api/Features/CapacityPlans/CapacityContextMiddleware.cs	4122	??
shipment-integration-rework-exec-01	services/Diten.SupplyChainService/src/Diten.SupplyChainService.Api/Features/CapacityPlans/CapacityContractError.cs	1474	??
shipment-integration-rework-exec-01	services/Diten.SupplyChainService/src/Diten.SupplyChainService.Api/Features/CapacityPlans/CapacityPlansController.cs	2821	??
shipment-integration-rework-exec-01	services/Diten.SupplyChainService/src/Diten.SupplyChainService.Api/Features/Carriers/CarrierContextMiddleware.cs	6118	??
shipment-integration-rework-exec-01	services/Diten.SupplyChainService/src/Diten.SupplyChainService.Api/Features/Carriers/CarrierContractError.cs	1151	??
shipment-integration-rework-exec-01	services/Diten.SupplyChainService/src/Diten.SupplyChainService.Api/Features/Carriers/CarriersController.cs	2144	??
shipment-integration-rework-exec-01	services/Diten.SupplyChainService/src/Diten.SupplyChainService.Api/Features/Claims/ClaimContextMiddleware.cs	6432	??
shipment-integration-rework-exec-01	services/Diten.SupplyChainService/src/Diten.SupplyChainService.Api/Features/Claims/ClaimContractError.cs	1759	??
shipment-integration-rework-exec-01	services/Diten.SupplyChainService/src/Diten.SupplyChainService.Api/Features/Claims/ClaimsController.cs	1862	??
shipment-integration-rework-exec-01	services/Diten.SupplyChainService/src/Diten.SupplyChainService.Api/Features/Loads/LoadContextMiddleware.cs	6518	??
shipment-integration-rework-exec-01	services/Diten.SupplyChainService/src/Diten.SupplyChainService.Api/Features/Loads/LoadContractError.cs	379	??
shipment-integration-rework-exec-01	services/Diten.SupplyChainService/src/Diten.SupplyChainService.Api/Features/Loads/LoadsController.cs	1626	??
shipment-integration-rework-exec-01	services/Diten.SupplyChainService/src/Diten.SupplyChainService.Api/Features/Returns/ReturnContextMiddleware.cs	7959	??
shipment-integration-rework-exec-01	services/Diten.SupplyChainService/src/Diten.SupplyChainService.Api/Features/Returns/ReturnContractError.cs	339	??
shipment-integration-rework-exec-01	services/Diten.SupplyChainService/src/Diten.SupplyChainService.Api/Features/Returns/ReturnsController.cs	1939	??
shipment-integration-rework-exec-01	services/Diten.SupplyChainService/src/Diten.SupplyChainService.Api/Features/SandopPlans/SandopContextMiddleware.cs	2128	??
shipment-integration-rework-exec-01	services/Diten.SupplyChainService/src/Diten.SupplyChainService.Api/Features/SandopPlans/SandopContractError.cs	1198	??
shipment-integration-rework-exec-01	services/Diten.SupplyChainService/src/Diten.SupplyChainService.Api/Features/SandopPlans/SandopPlansController.cs	3594	??
shipment-integration-rework-exec-01	services/Diten.SupplyChainService/src/Diten.SupplyChainService.Api/ModuleRegistration/CarrierManagementManifestProvider.cs	1714	??
shipment-integration-rework-exec-01	services/Diten.SupplyChainService/src/Diten.SupplyChainService.Api/ModuleRegistration/IModuleManifestProvider.cs	208	??
shipment-integration-rework-exec-01	services/Diten.SupplyChainService/src/Diten.SupplyChainService.Api/ModuleRegistration/ModuleRegistrationHostedService.cs	6192	??
shipment-integration-rework-exec-01	services/Diten.SupplyChainService/src/Diten.SupplyChainService.Api/ModuleRegistration/PlatformRegistrationOptions.cs	293	??
shipment-integration-rework-exec-01	services/Diten.SupplyChainService/src/Diten.SupplyChainService.Api/ModuleRegistration/ShipmentTrackingPodManifestProvider.cs	3508	??
shipment-integration-rework-exec-01	services/Diten.SupplyChainService/src/Diten.SupplyChainService.Application/Features/CapacityPlans/CapacityPlanModels.cs	2540	??
shipment-integration-rework-exec-01	services/Diten.SupplyChainService/src/Diten.SupplyChainService.Application/Features/CapacityPlans/CapacityProjection.cs	804	??
shipment-integration-rework-exec-01	services/Diten.SupplyChainService/src/Diten.SupplyChainService.Application/Features/CapacityPlans/CapacityRequestFingerprint.cs	947	??
shipment-integration-rework-exec-01	services/Diten.SupplyChainService/src/Diten.SupplyChainService.Application/Features/CapacityPlans/Commands/CreateCapacityPlanCommand.cs	269	??
shipment-integration-rework-exec-01	services/Diten.SupplyChainService/src/Diten.SupplyChainService.Application/Features/CapacityPlans/Commands/CreateCapacityScenarioCommand.cs	302	??
shipment-integration-rework-exec-01	services/Diten.SupplyChainService/src/Diten.SupplyChainService.Application/Features/CapacityPlans/Commands/EvaluateCapacityScenarioCommand.cs	325	??
shipment-integration-rework-exec-01	services/Diten.SupplyChainService/src/Diten.SupplyChainService.Application/Features/CapacityPlans/Handlers/CommandHandlers/CreateCapacityPlanHandler.cs	1464	??
shipment-integration-rework-exec-01	services/Diten.SupplyChainService/src/Diten.SupplyChainService.Application/Features/CapacityPlans/Handlers/CommandHandlers/CreateCapacityScenarioHandler.cs	1466	??
shipment-integration-rework-exec-01	services/Diten.SupplyChainService/src/Diten.SupplyChainService.Application/Features/CapacityPlans/Handlers/CommandHandlers/EvaluateCapacityScenarioHandler.cs	1572	??
shipment-integration-rework-exec-01	services/Diten.SupplyChainService/src/Diten.SupplyChainService.Application/Features/CapacityPlans/Handlers/QueryHandlers/GetCapacityEvaluationHandler.cs	1112	??
shipment-integration-rework-exec-01	services/Diten.SupplyChainService/src/Diten.SupplyChainService.Application/Features/CapacityPlans/Handlers/QueryHandlers/GetCapacityPlanHandler.cs	1025	??
shipment-integration-rework-exec-01	services/Diten.SupplyChainService/src/Diten.SupplyChainService.Application/Features/CapacityPlans/Handlers/QueryHandlers/GetCapacityScenarioHandler.cs	1088	??
shipment-integration-rework-exec-01	services/Diten.SupplyChainService/src/Diten.SupplyChainService.Application/Features/CapacityPlans/Queries/GetCapacityEvaluationQuery.cs	283	??
shipment-integration-rework-exec-01	services/Diten.SupplyChainService/src/Diten.SupplyChainService.Application/Features/CapacityPlans/Queries/GetCapacityPlanQuery.cs	252	??
shipment-integration-rework-exec-01	services/Diten.SupplyChainService/src/Diten.SupplyChainService.Application/Features/CapacityPlans/Queries/GetCapacityScenarioQuery.cs	277	??
shipment-integration-rework-exec-01	services/Diten.SupplyChainService/src/Diten.SupplyChainService.Application/Features/CapacityPlans/Validators/CreateCapacityPlanValidator.cs	825	??
shipment-integration-rework-exec-01	services/Diten.SupplyChainService/src/Diten.SupplyChainService.Application/Features/CapacityPlans/Validators/CreateCapacityScenarioValidator.cs	570	??
shipment-integration-rework-exec-01	services/Diten.SupplyChainService/src/Diten.SupplyChainService.Application/Features/CapacityPlans/Validators/EvaluateCapacityScenarioValidator.cs	629	??
shipment-integration-rework-exec-01	services/Diten.SupplyChainService/src/Diten.SupplyChainService.Application/Features/Carriers/CarrierModels.cs	978	??
shipment-integration-rework-exec-01	services/Diten.SupplyChainService/src/Diten.SupplyChainService.Application/Features/Carriers/CarrierRequestContext.cs	363	??
shipment-integration-rework-exec-01	services/Diten.SupplyChainService/src/Diten.SupplyChainService.Application/Features/Carriers/CarrierRequestFingerprint.cs	541	??
shipment-integration-rework-exec-01	services/Diten.SupplyChainService/src/Diten.SupplyChainService.Application/Features/Carriers/Commands/ChangeCarrierStatusCommand.cs	277	??
shipment-integration-rework-exec-01	services/Diten.SupplyChainService/src/Diten.SupplyChainService.Application/Features/Carriers/Commands/CreateCarrierCommand.cs	249	??
shipment-integration-rework-exec-01	services/Diten.SupplyChainService/src/Diten.SupplyChainService.Application/Features/Carriers/Handlers/CommandHandlers/ChangeCarrierStatusHandler.cs	1129	??
shipment-integration-rework-exec-01	services/Diten.SupplyChainService/src/Diten.SupplyChainService.Application/Features/Carriers/Handlers/CommandHandlers/CreateCarrierHandler.cs	1121	??
shipment-integration-rework-exec-01	services/Diten.SupplyChainService/src/Diten.SupplyChainService.Application/Features/Carriers/Handlers/QueryHandlers/GetCarrierListHandler.cs	1118	??
shipment-integration-rework-exec-01	services/Diten.SupplyChainService/src/Diten.SupplyChainService.Application/Features/Carriers/Queries/GetCarrierListQuery.cs	240	??
shipment-integration-rework-exec-01	services/Diten.SupplyChainService/src/Diten.SupplyChainService.Application/Features/Carriers/Validators/ChangeCarrierStatusValidator.cs	556	??
shipment-integration-rework-exec-01	services/Diten.SupplyChainService/src/Diten.SupplyChainService.Application/Features/Carriers/Validators/CreateCarrierValidator.cs	672	??
shipment-integration-rework-exec-01	services/Diten.SupplyChainService/src/Diten.SupplyChainService.Application/Features/Carriers/Validators/GetCarrierListValidator.cs	472	??
shipment-integration-rework-exec-01	services/Diten.SupplyChainService/src/Diten.SupplyChainService.Application/Features/Claims/ClaimModels.cs	4571	??
shipment-integration-rework-exec-01	services/Diten.SupplyChainService/src/Diten.SupplyChainService.Application/Features/Claims/ClaimRequestContext.cs	441	??
shipment-integration-rework-exec-01	services/Diten.SupplyChainService/src/Diten.SupplyChainService.Application/Features/Claims/ClaimRequestFingerprint.cs	972	??
shipment-integration-rework-exec-01	services/Diten.SupplyChainService/src/Diten.SupplyChainService.Application/Features/Claims/Commands/CreateClaimCommand.cs	256	??
shipment-integration-rework-exec-01	services/Diten.SupplyChainService/src/Diten.SupplyChainService.Application/Features/Claims/Commands/TransitionClaimCommand.cs	273	??
shipment-integration-rework-exec-01	services/Diten.SupplyChainService/src/Diten.SupplyChainService.Application/Features/Claims/Handlers/CommandHandlers/CreateClaimHandler.cs	1339	??
shipment-integration-rework-exec-01	services/Diten.SupplyChainService/src/Diten.SupplyChainService.Application/Features/Claims/Handlers/CommandHandlers/TransitionClaimHandler.cs	1783	??
shipment-integration-rework-exec-01	services/Diten.SupplyChainService/src/Diten.SupplyChainService.Application/Features/Claims/Handlers/QueryHandlers/GetClaimListHandler.cs	1366	??
shipment-integration-rework-exec-01	services/Diten.SupplyChainService/src/Diten.SupplyChainService.Application/Features/Claims/IClaimReferenceReader.cs	239	??
shipment-integration-rework-exec-01	services/Diten.SupplyChainService/src/Diten.SupplyChainService.Application/Features/Claims/Queries/GetClaimListQuery.cs	251	??
shipment-integration-rework-exec-01	services/Diten.SupplyChainService/src/Diten.SupplyChainService.Application/Features/Claims/Validators/CreateClaimValidator.cs	388	??
shipment-integration-rework-exec-01	services/Diten.SupplyChainService/src/Diten.SupplyChainService.Application/Features/Claims/Validators/GetClaimListValidator.cs	487	??
shipment-integration-rework-exec-01	services/Diten.SupplyChainService/src/Diten.SupplyChainService.Application/Features/Claims/Validators/TransitionClaimValidator.cs	404	??
shipment-integration-rework-exec-01	services/Diten.SupplyChainService/src/Diten.SupplyChainService.Application/Features/Loads/Commands/CreateLoadCommand.cs	255	??
shipment-integration-rework-exec-01	services/Diten.SupplyChainService/src/Diten.SupplyChainService.Application/Features/Loads/Commands/TransitionLoadCommand.cs	272	??
shipment-integration-rework-exec-01	services/Diten.SupplyChainService/src/Diten.SupplyChainService.Application/Features/Loads/Handlers/CommandHandlers/CreateLoadHandler.cs	960	??
shipment-integration-rework-exec-01	services/Diten.SupplyChainService/src/Diten.SupplyChainService.Application/Features/Loads/Handlers/CommandHandlers/TransitionLoadHandler.cs	1148	??
shipment-integration-rework-exec-01	services/Diten.SupplyChainService/src/Diten.SupplyChainService.Application/Features/Loads/Handlers/QueryHandlers/GetLoadListHandler.cs	987	??
shipment-integration-rework-exec-01	services/Diten.SupplyChainService/src/Diten.SupplyChainService.Application/Features/Loads/ILoadReferenceReader.cs	241	??
shipment-integration-rework-exec-01	services/Diten.SupplyChainService/src/Diten.SupplyChainService.Application/Features/Loads/LoadModels.cs	4967	??
shipment-integration-rework-exec-01	services/Diten.SupplyChainService/src/Diten.SupplyChainService.Application/Features/Loads/LoadReferenceSnapshot.cs	164	??
shipment-integration-rework-exec-01	services/Diten.SupplyChainService/src/Diten.SupplyChainService.Application/Features/Loads/LoadRequestContext.cs	363	??
shipment-integration-rework-exec-01	services/Diten.SupplyChainService/src/Diten.SupplyChainService.Application/Features/Loads/LoadRequestFingerprint.cs	731	??
shipment-integration-rework-exec-01	services/Diten.SupplyChainService/src/Diten.SupplyChainService.Application/Features/Loads/Queries/GetLoadListQuery.cs	247	??
shipment-integration-rework-exec-01	services/Diten.SupplyChainService/src/Diten.SupplyChainService.Application/Features/Loads/Validators/CreateLoadValidator.cs	329	??
shipment-integration-rework-exec-01	services/Diten.SupplyChainService/src/Diten.SupplyChainService.Application/Features/Loads/Validators/GetLoadListValidator.cs	482	??
shipment-integration-rework-exec-01	services/Diten.SupplyChainService/src/Diten.SupplyChainService.Application/Features/Loads/Validators/TransitionLoadValidator.cs	345	??
shipment-integration-rework-exec-01	services/Diten.SupplyChainService/src/Diten.SupplyChainService.Application/Features/Returns/Commands/CreateReturnCommand.cs	259	??
shipment-integration-rework-exec-01	services/Diten.SupplyChainService/src/Diten.SupplyChainService.Application/Features/Returns/Commands/TransitionReturnCommand.cs	277	??
shipment-integration-rework-exec-01	services/Diten.SupplyChainService/src/Diten.SupplyChainService.Application/Features/Returns/Handlers/CommandHandlers/CreateReturnHandler.cs	1240	??
shipment-integration-rework-exec-01	services/Diten.SupplyChainService/src/Diten.SupplyChainService.Application/Features/Returns/Handlers/CommandHandlers/TransitionReturnHandler.cs	1467	??
shipment-integration-rework-exec-01	services/Diten.SupplyChainService/src/Diten.SupplyChainService.Application/Features/Returns/Handlers/QueryHandlers/GetReturnListHandler.cs	1043	??
shipment-integration-rework-exec-01	services/Diten.SupplyChainService/src/Diten.SupplyChainService.Application/Features/Returns/IReturnReferenceReader.cs	249	??
shipment-integration-rework-exec-01	services/Diten.SupplyChainService/src/Diten.SupplyChainService.Application/Features/Returns/Queries/GetReturnListQuery.cs	324	??
shipment-integration-rework-exec-01	services/Diten.SupplyChainService/src/Diten.SupplyChainService.Application/Features/Returns/ReturnModels.cs	3568	??
shipment-integration-rework-exec-01	services/Diten.SupplyChainService/src/Diten.SupplyChainService.Application/Features/Returns/ReturnRequestContext.cs	371	??
shipment-integration-rework-exec-01	services/Diten.SupplyChainService/src/Diten.SupplyChainService.Application/Features/Returns/ReturnRequestFingerprint.cs	1038	??
shipment-integration-rework-exec-01	services/Diten.SupplyChainService/src/Diten.SupplyChainService.Application/Features/Returns/ReturnSourceSnapshot.cs	475	??
shipment-integration-rework-exec-01	services/Diten.SupplyChainService/src/Diten.SupplyChainService.Application/Features/Returns/Validators/CreateReturnValidator.cs	336	??
shipment-integration-rework-exec-01	services/Diten.SupplyChainService/src/Diten.SupplyChainService.Application/Features/Returns/Validators/GetReturnListValidator.cs	353	??
shipment-integration-rework-exec-01	services/Diten.SupplyChainService/src/Diten.SupplyChainService.Application/Features/Returns/Validators/TransitionReturnValidator.cs	352	??
shipment-integration-rework-exec-01	services/Diten.SupplyChainService/src/Diten.SupplyChainService.Application/Features/SandopPlans/Commands/CaptureSandopSnapshotCommand.cs	309	??
shipment-integration-rework-exec-01	services/Diten.SupplyChainService/src/Diten.SupplyChainService.Application/Features/SandopPlans/Commands/CreateSandopPlanCommand.cs	304	??
shipment-integration-rework-exec-01	services/Diten.SupplyChainService/src/Diten.SupplyChainService.Application/Features/SandopPlans/Commands/RecordSandopSignOffCommand.cs	307	??
shipment-integration-rework-exec-01	services/Diten.SupplyChainService/src/Diten.SupplyChainService.Application/Features/SandopPlans/Handlers/CommandHandlers/CaptureSandopSnapshotHandler.cs	816	??
shipment-integration-rework-exec-01	services/Diten.SupplyChainService/src/Diten.SupplyChainService.Application/Features/SandopPlans/Handlers/CommandHandlers/CreateSandopPlanHandler.cs	799	??
shipment-integration-rework-exec-01	services/Diten.SupplyChainService/src/Diten.SupplyChainService.Application/Features/SandopPlans/Handlers/CommandHandlers/RecordSandopSignOffHandler.cs	810	??
shipment-integration-rework-exec-01	services/Diten.SupplyChainService/src/Diten.SupplyChainService.Application/Features/SandopPlans/Handlers/QueryHandlers/GetSandopPlanHandler.cs	525	??
shipment-integration-rework-exec-01	services/Diten.SupplyChainService/src/Diten.SupplyChainService.Application/Features/SandopPlans/Handlers/QueryHandlers/ListSandopSignOffsHandler.cs	549	??
shipment-integration-rework-exec-01	services/Diten.SupplyChainService/src/Diten.SupplyChainService.Application/Features/SandopPlans/Handlers/QueryHandlers/ListSandopSnapshotsHandler.cs	553	??
shipment-integration-rework-exec-01	services/Diten.SupplyChainService/src/Diten.SupplyChainService.Application/Features/SandopPlans/Queries/GetSandopPlanQuery.cs	255	??
shipment-integration-rework-exec-01	services/Diten.SupplyChainService/src/Diten.SupplyChainService.Application/Features/SandopPlans/Queries/ListSandopSignOffsQuery.cs	260	??
shipment-integration-rework-exec-01	services/Diten.SupplyChainService/src/Diten.SupplyChainService.Application/Features/SandopPlans/Queries/ListSandopSnapshotsQuery.cs	261	??
shipment-integration-rework-exec-01	services/Diten.SupplyChainService/src/Diten.SupplyChainService.Application/Features/SandopPlans/SandopPlanModels.cs	3125	??
shipment-integration-rework-exec-01	services/Diten.SupplyChainService/src/Diten.SupplyChainService.Application/Features/SandopPlans/SandopProjection.cs	1275	??
shipment-integration-rework-exec-01	services/Diten.SupplyChainService/src/Diten.SupplyChainService.Application/Features/SandopPlans/SandopRequestFingerprint.cs	1269	??
shipment-integration-rework-exec-01	services/Diten.SupplyChainService/src/Diten.SupplyChainService.Application/Features/SandopPlans/Validators/CaptureSandopSnapshotValidator.cs	510	??
shipment-integration-rework-exec-01	services/Diten.SupplyChainService/src/Diten.SupplyChainService.Application/Features/SandopPlans/Validators/CreateSandopPlanValidator.cs	495	??
shipment-integration-rework-exec-01	services/Diten.SupplyChainService/src/Diten.SupplyChainService.Application/Features/SandopPlans/Validators/RecordSandopSignOffValidator.cs	504	??
shipment-integration-rework-exec-01	services/Diten.SupplyChainService/src/Diten.SupplyChainService.Domain/Features/CapacityPlans/CapacityEvaluation.cs	1505	??
shipment-integration-rework-exec-01	services/Diten.SupplyChainService/src/Diten.SupplyChainService.Domain/Features/CapacityPlans/CapacityPlan.cs	693	??
shipment-integration-rework-exec-01	services/Diten.SupplyChainService/src/Diten.SupplyChainService.Domain/Features/CapacityPlans/CapacityScenario.cs	810	??
shipment-integration-rework-exec-01	services/Diten.SupplyChainService/src/Diten.SupplyChainService.Domain/Features/CapacityPlans/CapacityScope.cs	691	??
shipment-integration-rework-exec-01	services/Diten.SupplyChainService/src/Diten.SupplyChainService.Domain/Features/CapacityPlans/ICapacityRepository.cs	1193	??
shipment-integration-rework-exec-01	services/Diten.SupplyChainService/src/Diten.SupplyChainService.Domain/Features/Carriers/Carrier.cs	553	??
shipment-integration-rework-exec-01	services/Diten.SupplyChainService/src/Diten.SupplyChainService.Domain/Features/Carriers/CarrierLifecycle.cs	393	??
shipment-integration-rework-exec-01	services/Diten.SupplyChainService/src/Diten.SupplyChainService.Domain/Features/Carriers/CarrierMutationResult.cs	221	??
shipment-integration-rework-exec-01	services/Diten.SupplyChainService/src/Diten.SupplyChainService.Domain/Features/Carriers/CarrierPersistenceUnavailableException.cs	136	??
shipment-integration-rework-exec-01	services/Diten.SupplyChainService/src/Diten.SupplyChainService.Domain/Features/Carriers/CarrierScope.cs	371	??
shipment-integration-rework-exec-01	services/Diten.SupplyChainService/src/Diten.SupplyChainService.Domain/Features/Carriers/CarrierStatus.cs	118	??
shipment-integration-rework-exec-01	services/Diten.SupplyChainService/src/Diten.SupplyChainService.Domain/Features/Carriers/ICarrierRepository.cs	635	??
shipment-integration-rework-exec-01	services/Diten.SupplyChainService/src/Diten.SupplyChainService.Domain/Features/Carriers/TransportMode.cs	120	??
shipment-integration-rework-exec-01	services/Diten.SupplyChainService/src/Diten.SupplyChainService.Domain/Features/Claims/Claim.cs	775	??
shipment-integration-rework-exec-01	services/Diten.SupplyChainService/src/Diten.SupplyChainService.Domain/Features/Claims/ClaimAuditEntry.cs	383	??
shipment-integration-rework-exec-01	services/Diten.SupplyChainService/src/Diten.SupplyChainService.Domain/Features/Claims/ClaimLifecycle.cs	1724	??
shipment-integration-rework-exec-01	services/Diten.SupplyChainService/src/Diten.SupplyChainService.Domain/Features/Claims/ClaimMutationResult.cs	524	??
shipment-integration-rework-exec-01	services/Diten.SupplyChainService/src/Diten.SupplyChainService.Domain/Features/Claims/ClaimReferenceSnapshot.cs	230	??
shipment-integration-rework-exec-01	services/Diten.SupplyChainService/src/Diten.SupplyChainService.Domain/Features/Claims/ClaimScope.cs	304	??
shipment-integration-rework-exec-01	services/Diten.SupplyChainService/src/Diten.SupplyChainService.Domain/Features/Claims/ClaimStatus.cs	155	??
shipment-integration-rework-exec-01	services/Diten.SupplyChainService/src/Diten.SupplyChainService.Domain/Features/Claims/ExactClaimAmount.cs	1596	??
shipment-integration-rework-exec-01	services/Diten.SupplyChainService/src/Diten.SupplyChainService.Domain/Features/Claims/IClaimRepository.cs	522	??
shipment-integration-rework-exec-01	services/Diten.SupplyChainService/src/Diten.SupplyChainService.Domain/Features/Loads/ILoadRepository.cs	478	??
shipment-integration-rework-exec-01	services/Diten.SupplyChainService/src/Diten.SupplyChainService.Domain/Features/Loads/LoadAssignment.cs	160	??
shipment-integration-rework-exec-01	services/Diten.SupplyChainService/src/Diten.SupplyChainService.Domain/Features/Loads/LoadAuditEntry.cs	249	??
shipment-integration-rework-exec-01	services/Diten.SupplyChainService/src/Diten.SupplyChainService.Domain/Features/Loads/LoadLifecycle.cs	706	??
shipment-integration-rework-exec-01	services/Diten.SupplyChainService/src/Diten.SupplyChainService.Domain/Features/Loads/LoadMutationResult.cs	482	??
shipment-integration-rework-exec-01	services/Diten.SupplyChainService/src/Diten.SupplyChainService.Domain/Features/Loads/LoadPlan.cs	662	??
shipment-integration-rework-exec-01	services/Diten.SupplyChainService/src/Diten.SupplyChainService.Domain/Features/Loads/LoadScope.cs	322	??
shipment-integration-rework-exec-01	services/Diten.SupplyChainService/src/Diten.SupplyChainService.Domain/Features/Loads/LoadStatus.cs	154	??
shipment-integration-rework-exec-01	services/Diten.SupplyChainService/src/Diten.SupplyChainService.Domain/Features/Loads/LoadStop.cs	149	??
shipment-integration-rework-exec-01	services/Diten.SupplyChainService/src/Diten.SupplyChainService.Domain/Features/Returns/IReturnRepository.cs	584	??
shipment-integration-rework-exec-01	services/Diten.SupplyChainService/src/Diten.SupplyChainService.Domain/Features/Returns/ReturnAuditEntry.cs	349	??
shipment-integration-rework-exec-01	services/Diten.SupplyChainService/src/Diten.SupplyChainService.Domain/Features/Returns/ReturnEntitlement.cs	807	??
shipment-integration-rework-exec-01	services/Diten.SupplyChainService/src/Diten.SupplyChainService.Domain/Features/Returns/ReturnLifecycle.cs	758	??
shipment-integration-rework-exec-01	services/Diten.SupplyChainService/src/Diten.SupplyChainService.Domain/Features/Returns/ReturnLine.cs	151	??
shipment-integration-rework-exec-01	services/Diten.SupplyChainService/src/Diten.SupplyChainService.Domain/Features/Returns/ReturnMutationResult.cs	518	??
shipment-integration-rework-exec-01	services/Diten.SupplyChainService/src/Diten.SupplyChainService.Domain/Features/Returns/ReturnOrder.cs	771	??
shipment-integration-rework-exec-01	services/Diten.SupplyChainService/src/Diten.SupplyChainService.Domain/Features/Returns/ReturnQuantity.cs	5072	??
shipment-integration-rework-exec-01	services/Diten.SupplyChainService/src/Diten.SupplyChainService.Domain/Features/Returns/ReturnScope.cs	320	??
shipment-integration-rework-exec-01	services/Diten.SupplyChainService/src/Diten.SupplyChainService.Domain/Features/Returns/ReturnStatus.cs	176	??
shipment-integration-rework-exec-01	services/Diten.SupplyChainService/src/Diten.SupplyChainService.Domain/Features/SandopPlans/ISandopRepository.cs	580	??
shipment-integration-rework-exec-01	services/Diten.SupplyChainService/src/Diten.SupplyChainService.Domain/Features/SandopPlans/SandopPlan.cs	669	??
shipment-integration-rework-exec-01	services/Diten.SupplyChainService/src/Diten.SupplyChainService.Domain/Features/SandopPlans/SandopScope.cs	568	??
shipment-integration-rework-exec-01	services/Diten.SupplyChainService/src/Diten.SupplyChainService.Domain/Features/SandopPlans/SandopSignOff.cs	520	??
shipment-integration-rework-exec-01	services/Diten.SupplyChainService/src/Diten.SupplyChainService.Domain/Features/SandopPlans/SandopSnapshot.cs	796	??
shipment-integration-rework-exec-01	services/Diten.SupplyChainService/src/Diten.SupplyChainService.Domain/Features/Shipments/ShipmentDetailReadResult.cs	274	??
shipment-integration-rework-exec-01	services/Diten.SupplyChainService/src/Diten.SupplyChainService.Infrastructure/Features/CapacityPlans/CapacityEvaluationExecutor.cs	2516	??
shipment-integration-rework-exec-01	services/Diten.SupplyChainService/src/Diten.SupplyChainService.Infrastructure/Features/CapacityPlans/CapacityPermissionAttribute.cs	622	??
shipment-integration-rework-exec-01	services/Diten.SupplyChainService/src/Diten.SupplyChainService.Infrastructure/Features/CapacityPlans/CapacityPermissions.cs	415	??
shipment-integration-rework-exec-01	services/Diten.SupplyChainService/src/Diten.SupplyChainService.Infrastructure/Features/CapacityPlans/ConstraintFixtureReader.cs	969	??
shipment-integration-rework-exec-01	services/Diten.SupplyChainService/src/Diten.SupplyChainService.Infrastructure/Features/CapacityPlans/DemandFixtureReader.cs	739	??
shipment-integration-rework-exec-01	services/Diten.SupplyChainService/src/Diten.SupplyChainService.Infrastructure/Features/Carriers/CarrierPermissionAttribute.cs	698	??
shipment-integration-rework-exec-01	services/Diten.SupplyChainService/src/Diten.SupplyChainService.Infrastructure/Features/Carriers/CarrierPermissions.cs	313	??
shipment-integration-rework-exec-01	services/Diten.SupplyChainService/src/Diten.SupplyChainService.Infrastructure/Features/Claims/ClaimPermissionAttribute.cs	409	??
shipment-integration-rework-exec-01	services/Diten.SupplyChainService/src/Diten.SupplyChainService.Infrastructure/Features/Claims/ClaimPermissions.cs	510	??
shipment-integration-rework-exec-01	services/Diten.SupplyChainService/src/Diten.SupplyChainService.Infrastructure/Features/Claims/ClaimReferenceReader.cs	10109	??
shipment-integration-rework-exec-01	services/Diten.SupplyChainService/src/Diten.SupplyChainService.Infrastructure/Features/Loads/LoadPermissionAttribute.cs	692	??
shipment-integration-rework-exec-01	services/Diten.SupplyChainService/src/Diten.SupplyChainService.Infrastructure/Features/Loads/LoadPermissions.cs	293	??
shipment-integration-rework-exec-01	services/Diten.SupplyChainService/src/Diten.SupplyChainService.Infrastructure/Features/Loads/LoadReferenceReader.cs	7364	??
shipment-integration-rework-exec-01	services/Diten.SupplyChainService/src/Diten.SupplyChainService.Infrastructure/Features/Returns/ReturnPermissionAttribute.cs	692	??
shipment-integration-rework-exec-01	services/Diten.SupplyChainService/src/Diten.SupplyChainService.Infrastructure/Features/Returns/ReturnPermissions.cs	744	??
shipment-integration-rework-exec-01	services/Diten.SupplyChainService/src/Diten.SupplyChainService.Infrastructure/Features/Returns/ReturnReferenceReader.cs	8077	??
shipment-integration-rework-exec-01	services/Diten.SupplyChainService/src/Diten.SupplyChainService.Infrastructure/Features/SandopPlans/DemandFixtureReader.cs	911	??
shipment-integration-rework-exec-01	services/Diten.SupplyChainService/src/Diten.SupplyChainService.Infrastructure/Features/SandopPlans/SandopPermissionAttribute.cs	237	??
shipment-integration-rework-exec-01	services/Diten.SupplyChainService/src/Diten.SupplyChainService.Infrastructure/Features/SandopPlans/SandopPermissions.cs	376	??
shipment-integration-rework-exec-01	services/Diten.SupplyChainService/src/Diten.SupplyChainService.Persistence/Features/CapacityPlans/CapacityLeaseStore.cs	11461	??
shipment-integration-rework-exec-01	services/Diten.SupplyChainService/src/Diten.SupplyChainService.Persistence/Features/CapacityPlans/CapacityPersistenceRegistration.cs	791	??
shipment-integration-rework-exec-01	services/Diten.SupplyChainService/src/Diten.SupplyChainService.Persistence/Features/CapacityPlans/CapacityRepository.cs	16397	??
shipment-integration-rework-exec-01	services/Diten.SupplyChainService/src/Diten.SupplyChainService.Persistence/Features/CapacityPlans/CapacitySchema.cs	2459	??
shipment-integration-rework-exec-01	services/Diten.SupplyChainService/src/Diten.SupplyChainService.Persistence/Features/Carriers/CarrierPersistenceRegistration.cs	670	??
shipment-integration-rework-exec-01	services/Diten.SupplyChainService/src/Diten.SupplyChainService.Persistence/Features/Carriers/CarrierRepository.cs	9365	??
shipment-integration-rework-exec-01	services/Diten.SupplyChainService/src/Diten.SupplyChainService.Persistence/Features/Carriers/CarrierSchema.cs	2177	??
shipment-integration-rework-exec-01	services/Diten.SupplyChainService/src/Diten.SupplyChainService.Persistence/Features/Carriers/ICarrierCommitProbe.cs	161	??
shipment-integration-rework-exec-01	services/Diten.SupplyChainService/src/Diten.SupplyChainService.Persistence/Features/Carriers/NoOpCarrierCommitProbe.cs	218	??
shipment-integration-rework-exec-01	services/Diten.SupplyChainService/src/Diten.SupplyChainService.Persistence/Features/Claims/ClaimOutboxStore.cs	763	??
shipment-integration-rework-exec-01	services/Diten.SupplyChainService/src/Diten.SupplyChainService.Persistence/Features/Claims/ClaimPersistenceRegistration.cs	759	??
shipment-integration-rework-exec-01	services/Diten.SupplyChainService/src/Diten.SupplyChainService.Persistence/Features/Claims/ClaimRepository.cs	14572	??
shipment-integration-rework-exec-01	services/Diten.SupplyChainService/src/Diten.SupplyChainService.Persistence/Features/Claims/ClaimSchema.cs	2161	??
shipment-integration-rework-exec-01	services/Diten.SupplyChainService/src/Diten.SupplyChainService.Persistence/Features/Claims/IClaimCommitProbe.cs	190	??
shipment-integration-rework-exec-01	services/Diten.SupplyChainService/src/Diten.SupplyChainService.Persistence/Features/Claims/NoOpClaimCommitProbe.cs	270	??
shipment-integration-rework-exec-01	services/Diten.SupplyChainService/src/Diten.SupplyChainService.Persistence/Features/Loads/ILoadCommitProbe.cs	167	??
shipment-integration-rework-exec-01	services/Diten.SupplyChainService/src/Diten.SupplyChainService.Persistence/Features/Loads/LoadOutboxStore.cs	550	??
shipment-integration-rework-exec-01	services/Diten.SupplyChainService/src/Diten.SupplyChainService.Persistence/Features/Loads/LoadPersistenceRegistration.cs	568	??
shipment-integration-rework-exec-01	services/Diten.SupplyChainService/src/Diten.SupplyChainService.Persistence/Features/Loads/LoadRepository.cs	9321	??
shipment-integration-rework-exec-01	services/Diten.SupplyChainService/src/Diten.SupplyChainService.Persistence/Features/Loads/LoadSchema.cs	1786	??
shipment-integration-rework-exec-01	services/Diten.SupplyChainService/src/Diten.SupplyChainService.Persistence/Features/Loads/NoOpLoadCommitProbe.cs	240	??
shipment-integration-rework-exec-01	services/Diten.SupplyChainService/src/Diten.SupplyChainService.Persistence/Features/Returns/IReturnCommitProbe.cs	195	??
shipment-integration-rework-exec-01	services/Diten.SupplyChainService/src/Diten.SupplyChainService.Persistence/Features/Returns/NoOpReturnCommitProbe.cs	276	??
shipment-integration-rework-exec-01	services/Diten.SupplyChainService/src/Diten.SupplyChainService.Persistence/Features/Returns/ReturnOutboxStore.cs	756	??
shipment-integration-rework-exec-01	services/Diten.SupplyChainService/src/Diten.SupplyChainService.Persistence/Features/Returns/ReturnPersistenceRegistration.cs	708	??
shipment-integration-rework-exec-01	services/Diten.SupplyChainService/src/Diten.SupplyChainService.Persistence/Features/Returns/ReturnRepository.cs	17768	??
shipment-integration-rework-exec-01	services/Diten.SupplyChainService/src/Diten.SupplyChainService.Persistence/Features/Returns/ReturnSchema.cs	2197	??
shipment-integration-rework-exec-01	services/Diten.SupplyChainService/src/Diten.SupplyChainService.Persistence/Features/SandopPlans/SandopPersistenceRegistration.cs	417	??
shipment-integration-rework-exec-01	services/Diten.SupplyChainService/src/Diten.SupplyChainService.Persistence/Features/SandopPlans/SandopRepository.cs	13969	??
shipment-integration-rework-exec-01	services/Diten.SupplyChainService/src/Diten.SupplyChainService.Persistence/Features/SandopPlans/SandopSchema.cs	1668	??
shipment-integration-rework-exec-01	services/Diten.SupplyChainService/src/Diten.SupplyChainService.Persistence/Features/Shipments/ShipmentDetailMaterializer.cs	1323	??
shipment-integration-rework-exec-01	services/Diten.SupplyChainService/tests/Diten.SupplyChainService.Tests/CapacityPlans/CapacityAtomicityTests.cs	28833	??
shipment-integration-rework-exec-01	services/Diten.SupplyChainService/tests/Diten.SupplyChainService.Tests/CapacityPlans/CapacityConcurrencyTests.cs	11959	??
shipment-integration-rework-exec-01	services/Diten.SupplyChainService/tests/Diten.SupplyChainService.Tests/CapacityPlans/CapacityContractTests.cs	2446	??
shipment-integration-rework-exec-01	services/Diten.SupplyChainService/tests/Diten.SupplyChainService.Tests/CapacityPlans/CapacityIsolationTests.cs	3786	??
shipment-integration-rework-exec-01	services/Diten.SupplyChainService/tests/Diten.SupplyChainService.Tests/CapacityPlans/CapacityLeaseTests.cs	2967	??
shipment-integration-rework-exec-01	services/Diten.SupplyChainService/tests/Diten.SupplyChainService.Tests/CapacityPlans/CapacityLifecycleTests.cs	2521	??
shipment-integration-rework-exec-01	services/Diten.SupplyChainService/tests/Diten.SupplyChainService.Tests/CapacityPlans/CapacityReplayTests.cs	868	??
shipment-integration-rework-exec-01	services/Diten.SupplyChainService/tests/Diten.SupplyChainService.Tests/CapacityPlans/CapacityRestartTests.cs	6949	??
shipment-integration-rework-exec-01	services/Diten.SupplyChainService/tests/Diten.SupplyChainService.Tests/Carriers/CarrierContractTests.cs	25826	??
shipment-integration-rework-exec-01	services/Diten.SupplyChainService/tests/Diten.SupplyChainService.Tests/Carriers/CarrierManagementManifestProviderTests.cs	1491	??
shipment-integration-rework-exec-01	services/Diten.SupplyChainService/tests/Diten.SupplyChainService.Tests/Carriers/CarrierModuleRegistrationHostedServiceTests.cs	2896	??
shipment-integration-rework-exec-01	services/Diten.SupplyChainService/tests/Diten.SupplyChainService.Tests/Claims/ClaimAmountTests.cs	2623	??
shipment-integration-rework-exec-01	services/Diten.SupplyChainService/tests/Diten.SupplyChainService.Tests/Claims/ClaimAtomicityTests.cs	6415	??
shipment-integration-rework-exec-01	services/Diten.SupplyChainService/tests/Diten.SupplyChainService.Tests/Claims/ClaimConcurrencyTests.cs	2352	??
shipment-integration-rework-exec-01	services/Diten.SupplyChainService/tests/Diten.SupplyChainService.Tests/Claims/ClaimContractTests.cs	1498	??
shipment-integration-rework-exec-01	services/Diten.SupplyChainService/tests/Diten.SupplyChainService.Tests/Claims/ClaimIsolationTests.cs	7620	??
shipment-integration-rework-exec-01	services/Diten.SupplyChainService/tests/Diten.SupplyChainService.Tests/Claims/ClaimLifecycleTests.cs	899	??
shipment-integration-rework-exec-01	services/Diten.SupplyChainService/tests/Diten.SupplyChainService.Tests/Claims/ClaimOutboxTests.cs	1576	??
shipment-integration-rework-exec-01	services/Diten.SupplyChainService/tests/Diten.SupplyChainService.Tests/Claims/ClaimPermissionTests.cs	2762	??
shipment-integration-rework-exec-01	services/Diten.SupplyChainService/tests/Diten.SupplyChainService.Tests/Claims/ClaimReferenceTests.cs	12078	??
shipment-integration-rework-exec-01	services/Diten.SupplyChainService/tests/Diten.SupplyChainService.Tests/Claims/ClaimReplayTests.cs	6104	??
shipment-integration-rework-exec-01	services/Diten.SupplyChainService/tests/Diten.SupplyChainService.Tests/Loads/LoadAtomicityTests.cs	6842	??
shipment-integration-rework-exec-01	services/Diten.SupplyChainService/tests/Diten.SupplyChainService.Tests/Loads/LoadConcurrencyTests.cs	4944	??
shipment-integration-rework-exec-01	services/Diten.SupplyChainService/tests/Diten.SupplyChainService.Tests/Loads/LoadContractTests.cs	19994	??
shipment-integration-rework-exec-01	services/Diten.SupplyChainService/tests/Diten.SupplyChainService.Tests/Loads/LoadIsolationTests.cs	5791	??
shipment-integration-rework-exec-01	services/Diten.SupplyChainService/tests/Diten.SupplyChainService.Tests/Loads/LoadLifecycleTests.cs	3066	??
shipment-integration-rework-exec-01	services/Diten.SupplyChainService/tests/Diten.SupplyChainService.Tests/Loads/LoadReferenceTests.cs	8977	??
shipment-integration-rework-exec-01	services/Diten.SupplyChainService/tests/Diten.SupplyChainService.Tests/Loads/LoadReplayTests.cs	5022	??
shipment-integration-rework-exec-01	services/Diten.SupplyChainService/tests/Diten.SupplyChainService.Tests/Returns/ReturnAtomicityTests.cs	8179	??
shipment-integration-rework-exec-01	services/Diten.SupplyChainService/tests/Diten.SupplyChainService.Tests/Returns/ReturnConcurrencyTests.cs	6002	??
shipment-integration-rework-exec-01	services/Diten.SupplyChainService/tests/Diten.SupplyChainService.Tests/Returns/ReturnContractTests.cs	4167	??
shipment-integration-rework-exec-01	services/Diten.SupplyChainService/tests/Diten.SupplyChainService.Tests/Returns/ReturnIsolationTests.cs	6235	??
shipment-integration-rework-exec-01	services/Diten.SupplyChainService/tests/Diten.SupplyChainService.Tests/Returns/ReturnLifecycleTests.cs	2304	??
shipment-integration-rework-exec-01	services/Diten.SupplyChainService/tests/Diten.SupplyChainService.Tests/Returns/ReturnReferenceTests.cs	8606	??
shipment-integration-rework-exec-01	services/Diten.SupplyChainService/tests/Diten.SupplyChainService.Tests/Returns/ReturnReplayTests.cs	3585	??
shipment-integration-rework-exec-01	services/Diten.SupplyChainService/tests/Diten.SupplyChainService.Tests/SandopPlans/SandopAtomicityTests.cs	9331	??
shipment-integration-rework-exec-01	services/Diten.SupplyChainService/tests/Diten.SupplyChainService.Tests/SandopPlans/SandopConcurrencyTests.cs	1109	??
shipment-integration-rework-exec-01	services/Diten.SupplyChainService/tests/Diten.SupplyChainService.Tests/SandopPlans/SandopContractTests.cs	4626	??
shipment-integration-rework-exec-01	services/Diten.SupplyChainService/tests/Diten.SupplyChainService.Tests/SandopPlans/SandopIsolationTests.cs	1351	??
shipment-integration-rework-exec-01	services/Diten.SupplyChainService/tests/Diten.SupplyChainService.Tests/SandopPlans/SandopLifecycleTests.cs	3926	??
shipment-integration-rework-exec-01	services/Diten.SupplyChainService/tests/Diten.SupplyChainService.Tests/SandopPlans/SandopReplayTests.cs	5747	??
shipment-integration-rework-exec-01	services/Diten.SupplyChainService/tests/Diten.SupplyChainService.Tests/ShipmentRootHttpTests.cs	432	??
shipment-integration-rework-exec-01	services/Diten.SupplyChainService/tests/Diten.SupplyChainService.Tests/ShipmentRootStorageTests.cs	2322	??
shipment-integration-rework-exec-01	services/Diten.SupplyChainService/tests/Diten.SupplyChainService.Tests/Shipments/ShipmentTrackingPodManifestProviderTests.cs	2335	??
shipment-integration-rework-exec-01	services/Diten.SupplyChainService/tests/carriers/test_outage_capture.py	5124	??
shipment-integration-rework-exec-01	services/Diten.SupplyChainService/tests/carriers/verify_evidence.py	621	??
shipment-integration-rework-exec-01	services/Diten.SupplyChainService/tests/claims/verify_evidence.py	670	??
shipment-integration-rework-exec-01	services/Diten.SupplyChainService/tests/returns/verify_evidence.py	740	??
shipment-integration-rework-exec-01	services/Diten.SupplyChainService/tests/root_uptake/verify_evidence.py	558	??
