path	layer
.antigravity/rules/ports.md	L1-A12-360
AGENTS.md	L1-A12-360
execution/domains/commercial-suite/module-packs/MOD-0149-PREREQ-diten-crm-service-scaffold.md	L1-A12-360
execution/domains/commercial-suite/module-packs/MOD-0149-customer-360-account-hierarchy.md	L1-A12-360
execution/domains/commercial-suite/module-packs/MOD-0150-contact-relationship-management.md	L1-A12-360
execution/domains/commercial-suite/module-packs/MOD-0151-territory-management.md	L1-A12-360
execution/domains/commercial-suite/module-packs/MOD-0162-FU02-knowledge-content-runtime-ui.md	L1-A12-360
execution/domains/commercial-suite/module-packs/MOD-0162-FU04-knowledge-path-runtime-ui.md	L1-A12-360
execution/domains/commercial-suite/module-packs/MOD-0162-FU05-content-engagement-journey-runtime-ui.md	L1-A12-360
execution/domains/commercial-suite/module-packs/MOD-0164-FU03-consent-preference-admin-ui.md	L1-A12-360
execution/domains/commercial-suite/module-packs/MOD-0165-FU01-visit-frequency-call-cycle-policy.md	L1-A12-360
execution/domains/commercial-suite/module-packs/MOD-0165-FU05-campaign-targeting-admin-ui.md	L1-A12-360
execution/domains/commercial-suite/module-packs/MOD-0165-FU07-cycle-period-scope-enrichment.md	L1-A12-360
execution/domains/commercial-suite/module-packs/MOD-0167-FU01-segment-sourced-frequency-policy-authoring.md	L1-A12-360
execution/domains/commercial-suite/module-packs/MOD-0167-FU02-segment-foundation-criteria-membership-target-customer.md	L1-A12-360
execution/domains/commercial-suite/module-packs/MOD-0167-FU04-strategy-template-segment-product-mix-content-playbook.md	L1-A12-360
execution/domains/supply-chain-execution/module-packs/MOD-0183-shipment-tracking-pod.md	L1-A12-360
frontend/Diten.Web.Tests/Controllers/ShipmentJsonAdapterChallengeTests.cs	L1-A12-360
frontend/Diten.Web.Tests/Controllers/SupplyChainClaimsControllerTests.cs	L3-CLAIMS-DRAFT-MODULE
frontend/Diten.Web.Tests/Controllers/SupplyChainShipmentsControllerTests.cs	L1-A12-360
frontend/Diten.Web.Tests/Forms/ClaimFormContractTests.cs	L3-CLAIMS-DRAFT-MODULE
frontend/Diten.Web.Tests/Forms/ShipmentFormContractTests.cs	L1-A12-360
frontend/Diten.Web.Tests/JavaScript/ClaimIndexBehaviorTests.cs	L3-CLAIMS-DRAFT-MODULE
frontend/Diten.Web.Tests/JavaScript/DataTableResponsiveLocalizationTests.cs	L1-A12-360
frontend/Diten.Web.Tests/JavaScript/ShipmentDetailActionTests.cs	L1-A12-360
frontend/Diten.Web.Tests/JavaScript/ShipmentIndexBehaviorTests.cs	L1-A12-360
frontend/Diten.Web/Controllers/SupplyChainClaimsController.cs	L3-CLAIMS-DRAFT-MODULE
frontend/Diten.Web/Controllers/SupplyChainShipmentsController.cs	L1-A12-360
frontend/Diten.Web/Models/SupplyChain/Claims/ClaimViewModels.cs	L3-CLAIMS-DRAFT-MODULE
frontend/Diten.Web/Models/SupplyChain/Shipments/ShipmentViewModels.cs	L1-A12-360
frontend/Diten.Web/Program.cs	L1-A12-360
frontend/Diten.Web/Resources/SharedResource.ar.resx	L4-ENV-INTEGRATION(L1-A12-360)
frontend/Diten.Web/Resources/SharedResource.en.resx	L4-ENV-INTEGRATION(L1-A12-360)
frontend/Diten.Web/Resources/SharedResource.es.resx	L4-ENV-INTEGRATION(L1-A12-360)
frontend/Diten.Web/Resources/SharedResource.fr.resx	L4-ENV-INTEGRATION(L1-A12-360)
frontend/Diten.Web/Resources/SharedResource.ru.resx	L4-ENV-INTEGRATION(L1-A12-360)
frontend/Diten.Web/Resources/SharedResource.tr.resx	L4-ENV-INTEGRATION(L1-A12-360)
frontend/Diten.Web/Resources/SharedResource.zh.resx	L4-ENV-INTEGRATION(L1-A12-360)
frontend/Diten.Web/Resources/Views/SupplyChain/Claims/ClaimsIndex.ar.resx	L3-CLAIMS-DRAFT-MODULE
frontend/Diten.Web/Resources/Views/SupplyChain/Claims/ClaimsIndex.en.resx	L3-CLAIMS-DRAFT-MODULE
frontend/Diten.Web/Resources/Views/SupplyChain/Claims/ClaimsIndex.es.resx	L3-CLAIMS-DRAFT-MODULE
frontend/Diten.Web/Resources/Views/SupplyChain/Claims/ClaimsIndex.fr.resx	L3-CLAIMS-DRAFT-MODULE
frontend/Diten.Web/Resources/Views/SupplyChain/Claims/ClaimsIndex.ru.resx	L3-CLAIMS-DRAFT-MODULE
frontend/Diten.Web/Resources/Views/SupplyChain/Claims/ClaimsIndex.tr.resx	L3-CLAIMS-DRAFT-MODULE
frontend/Diten.Web/Resources/Views/SupplyChain/Claims/ClaimsIndex.zh.resx	L3-CLAIMS-DRAFT-MODULE
frontend/Diten.Web/Resources/Views/SupplyChain/Shipments/ShipmentsIndex.ar.resx	L1-A12-360
frontend/Diten.Web/Resources/Views/SupplyChain/Shipments/ShipmentsIndex.en.resx	L1-A12-360
frontend/Diten.Web/Resources/Views/SupplyChain/Shipments/ShipmentsIndex.es.resx	L1-A12-360
frontend/Diten.Web/Resources/Views/SupplyChain/Shipments/ShipmentsIndex.fr.resx	L1-A12-360
frontend/Diten.Web/Resources/Views/SupplyChain/Shipments/ShipmentsIndex.ru.resx	L1-A12-360
frontend/Diten.Web/Resources/Views/SupplyChain/Shipments/ShipmentsIndex.tr.resx	L1-A12-360
frontend/Diten.Web/Resources/Views/SupplyChain/Shipments/ShipmentsIndex.zh.resx	L1-A12-360
frontend/Diten.Web/Security/JsonAdapterEndpointAttribute.cs	L1-A12-360
frontend/Diten.Web/Views/Shared/_DataTableL10n.cshtml	L1-A12-360
frontend/Diten.Web/Views/SupplyChain/Claims/ClaimsIndex.cs	L3-CLAIMS-DRAFT-MODULE
frontend/Diten.Web/Views/SupplyChain/Claims/Index.cshtml	L3-CLAIMS-DRAFT-MODULE
frontend/Diten.Web/Views/SupplyChain/Claims/_CreateEditOffcanvas.cshtml	L3-CLAIMS-DRAFT-MODULE
frontend/Diten.Web/Views/SupplyChain/Claims/_DataTable.cshtml	L3-CLAIMS-DRAFT-MODULE
frontend/Diten.Web/Views/SupplyChain/Claims/_DetailsQuickView.cshtml	L3-CLAIMS-DRAFT-MODULE
frontend/Diten.Web/Views/SupplyChain/Claims/_Filter.cshtml	L3-CLAIMS-DRAFT-MODULE
frontend/Diten.Web/Views/SupplyChain/Claims/_IndexL10n.cshtml	L3-CLAIMS-DRAFT-MODULE
frontend/Diten.Web/Views/SupplyChain/Shipments/Create.cshtml	L1-A12-360
frontend/Diten.Web/Views/SupplyChain/Shipments/Details.cshtml	L1-A12-360
frontend/Diten.Web/Views/SupplyChain/Shipments/Index.cshtml	L1-A12-360
frontend/Diten.Web/Views/SupplyChain/Shipments/ShipmentsIndex.cs	L1-A12-360
frontend/Diten.Web/Views/SupplyChain/Shipments/_DataTable.cshtml	L1-A12-360
frontend/Diten.Web/Views/SupplyChain/Shipments/_Filter.cshtml	L1-A12-360
frontend/Diten.Web/Views/SupplyChain/Shipments/_Form.cshtml	L1-A12-360
frontend/Diten.Web/Views/SupplyChain/Shipments/_IndexL10n.cshtml	L1-A12-360
frontend/Diten.Web/Views/SupplyChain/Shipments/_LineEditor.cshtml	L1-A12-360
frontend/Diten.Web/Views/SupplyChain/Shipments/_PodOffcanvas.cshtml	L1-A12-360
frontend/Diten.Web/Views/SupplyChain/Shipments/_TransitionOffcanvas.cshtml	L1-A12-360
frontend/Diten.Web/wwwroot/assets/js/SupplyChain/Claims/index.js	L3-CLAIMS-DRAFT-MODULE
frontend/Diten.Web/wwwroot/assets/js/SupplyChain/Claims/index.l10n.js	L3-CLAIMS-DRAFT-MODULE
frontend/Diten.Web/wwwroot/assets/js/SupplyChain/Shipments/create.js	L1-A12-360
frontend/Diten.Web/wwwroot/assets/js/SupplyChain/Shipments/details.js	L1-A12-360
frontend/Diten.Web/wwwroot/assets/js/SupplyChain/Shipments/index.js	L1-A12-360
frontend/Diten.Web/wwwroot/assets/js/SupplyChain/Shipments/index.l10n.js	L1-A12-360
frontend/Diten.Web/wwwroot/assets/js/dt-defaults.js	L1-A12-360
gateway/Diten.ApiGateway.Tests/CarrierRouteCoverageTests.cs	L1-A12-360
gateway/Diten.ApiGateway.Tests/OcelotConfigurationTests.cs	L1-A12-360
gateway/Diten.ApiGateway.Tests/ShipmentRouteCoverageTests.cs	L1-A12-360
gateway/Diten.ApiGateway/ocelot.json	L4-ENV-INTEGRATION(L1-A12-360)
scripts/smoke-mod0162-fu02-knowledge-content-authenticated.ps1	L1-A12-360
scripts/smoke-mod0162-fu03-concept-graph-authenticated.ps1	L1-A12-360
scripts/smoke-mod0162-fu04-knowledge-path-authenticated.ps1	L1-A12-360
scripts/smoke-mod0162-fu05-content-engagement-journey-authenticated.ps1	L1-A12-360
scripts/smoke-mod0164-fu02-consent-preference-authenticated.ps1	L1-A12-360
scripts/smoke-mod0165-fu03-visit-frequency-authenticated.ps1	L1-A12-360
scripts/smoke-mod0165-fu04-campaign-targeting-authenticated.ps1	L1-A12-360
scripts/smoke-mod0165-fu06-cycle-period-authenticated.ps1	L1-A12-360
scripts/smoke-mod0167-fu02-segment-foundation-authenticated.ps1	L1-A12-360
scripts/smoke-mod0167-fu04-strategy-template-authenticated.ps1	L1-A12-360
services/Diten.AuthService/Diten.AuthService.sln	L2-AUTH22-archive
services/Diten.AuthService/docs/006b-endpoint-authorization-classification.md	L2-AUTH22-archive
services/Diten.AuthService/docs/entitlement-permission-bridge.md	L2-AUTH22-archive
services/Diten.AuthService/src/Diten.AuthService.Api/Controllers/AuthController.cs	L2-AUTH22-archive
services/Diten.AuthService/src/Diten.AuthService.Api/Controllers/Common/CustomBaseController.cs	L2-AUTH22-archive
services/Diten.AuthService/src/Diten.AuthService.Api/Controllers/InternalEventsController.cs	L2-AUTH22-archive
services/Diten.AuthService/src/Diten.AuthService.Api/Controllers/InternalPermissionsController.cs	L2-AUTH22-archive
services/Diten.AuthService/src/Diten.AuthService.Api/Controllers/InternalRolesController.cs	L2-AUTH22-archive
services/Diten.AuthService/src/Diten.AuthService.Api/Controllers/InternalUsersController.cs	L2-AUTH22-archive
services/Diten.AuthService/src/Diten.AuthService.Api/Controllers/PermissionsController.cs	L2-AUTH22-archive
services/Diten.AuthService/src/Diten.AuthService.Api/Controllers/PlatformAuthController.cs	L2-AUTH22-archive
services/Diten.AuthService/src/Diten.AuthService.Api/Controllers/RolesController.cs	L2-AUTH22-archive
services/Diten.AuthService/src/Diten.AuthService.Api/Controllers/TenantAuthController.cs	L2-AUTH22-archive
services/Diten.AuthService/src/Diten.AuthService.Api/Controllers/UsersController.cs	L2-AUTH22-archive
services/Diten.AuthService/src/Diten.AuthService.Api/Diten.AuthService.Api.csproj	L2-AUTH22-archive
services/Diten.AuthService/src/Diten.AuthService.Api/GlobalExceptionHandler.cs	L2-AUTH22-archive
services/Diten.AuthService/src/Diten.AuthService.Api/Models/RequestModels.cs	L2-AUTH22-archive
services/Diten.AuthService/src/Diten.AuthService.Api/Program.cs	L2-AUTH22-archive
services/Diten.AuthService/src/Diten.AuthService.Api/Properties/launchSettings.json	L2-AUTH22-archive
services/Diten.AuthService/src/Diten.AuthService.Api/appsettings.Development.json	L2-AUTH22-archive
services/Diten.AuthService/src/Diten.AuthService.Api/appsettings.json	L2-AUTH22-archive
services/Diten.AuthService/src/Diten.AuthService.Application/Common/Authorization/AuthCacheContract.cs	L2-AUTH22-archive
services/Diten.AuthService/src/Diten.AuthService.Application/Common/Authorization/PpmEntitlementPermissionPolicy.cs	L2-AUTH22-archive
services/Diten.AuthService/src/Diten.AuthService.Application/Common/Authorization/PpmPermissionCatalog.cs	L2-AUTH22-archive
services/Diten.AuthService/src/Diten.AuthService.Application/Common/Authorization/TenantEffectivePermissionResolver.cs	L2-AUTH22-archive
services/Diten.AuthService/src/Diten.AuthService.Application/Common/Behaviors/ExceptionHandlingBehavior.cs	L2-AUTH22-archive
services/Diten.AuthService/src/Diten.AuthService.Application/Common/Behaviors/LoggingBehavior.cs	L2-AUTH22-archive
services/Diten.AuthService/src/Diten.AuthService.Application/Common/Behaviors/PerformanceBehavior.cs	L2-AUTH22-archive
services/Diten.AuthService/src/Diten.AuthService.Application/Common/Behaviors/ValidationBehavior.cs	L2-AUTH22-archive
services/Diten.AuthService/src/Diten.AuthService.Application/Common/Events/EventEnvelope.cs	L2-AUTH22-archive
services/Diten.AuthService/src/Diten.AuthService.Application/Common/Events/TenantActivatedIntegrationEvent.cs	L2-AUTH22-archive
services/Diten.AuthService/src/Diten.AuthService.Application/Common/Exceptions/HttpStatusException.cs	L2-AUTH22-archive
services/Diten.AuthService/src/Diten.AuthService.Application/Common/ITenantContext.cs	L2-AUTH22-archive
services/Diten.AuthService/src/Diten.AuthService.Application/Common/Interfaces/IAuthAuditService.cs	L2-AUTH22-archive
services/Diten.AuthService/src/Diten.AuthService.Application/Common/Interfaces/ICurrentUserAccessor.cs	L2-AUTH22-archive
services/Diten.AuthService/src/Diten.AuthService.Application/Common/Interfaces/IEntitlementPermissionSyncService.cs	L2-AUTH22-archive
services/Diten.AuthService/src/Diten.AuthService.Application/Common/Interfaces/IFullCatalogPermissionGrantService.cs	L2-AUTH22-archive
services/Diten.AuthService/src/Diten.AuthService.Application/Common/Interfaces/IIntegrationEventInboxRepository.cs	L2-AUTH22-archive
services/Diten.AuthService/src/Diten.AuthService.Application/Common/Interfaces/IInternalEventAuthService.cs	L2-AUTH22-archive
services/Diten.AuthService/src/Diten.AuthService.Application/Common/Interfaces/IMfaChallengeRepository.cs	L2-AUTH22-archive
services/Diten.AuthService/src/Diten.AuthService.Application/Common/Interfaces/IMfaChallengeService.cs	L2-AUTH22-archive
services/Diten.AuthService/src/Diten.AuthService.Application/Common/Interfaces/IOtpDeliveryService.cs	L2-AUTH22-archive
services/Diten.AuthService/src/Diten.AuthService.Application/Common/Interfaces/IPasswordHasher.cs	L2-AUTH22-archive
services/Diten.AuthService/src/Diten.AuthService.Application/Common/Interfaces/IPasswordPolicyService.cs	L2-AUTH22-archive
services/Diten.AuthService/src/Diten.AuthService.Application/Common/Interfaces/IPermissionRepository.cs	L2-AUTH22-archive
services/Diten.AuthService/src/Diten.AuthService.Application/Common/Interfaces/IPlatformAdministratorStatusClient.cs	L2-AUTH22-archive
services/Diten.AuthService/src/Diten.AuthService.Application/Common/Interfaces/IPlatformAuthEmailService.cs	L2-AUTH22-archive
services/Diten.AuthService/src/Diten.AuthService.Application/Common/Interfaces/IPlatformUserRepository.cs	L2-AUTH22-archive
services/Diten.AuthService/src/Diten.AuthService.Application/Common/Interfaces/IRbacAuditRecorder.cs	L2-AUTH22-archive
services/Diten.AuthService/src/Diten.AuthService.Application/Common/Interfaces/IRefreshTokenHasher.cs	L2-AUTH22-archive
services/Diten.AuthService/src/Diten.AuthService.Application/Common/Interfaces/IRefreshTokenRepository.cs	L2-AUTH22-archive
services/Diten.AuthService/src/Diten.AuthService.Application/Common/Interfaces/IRoleAssignmentVersionService.cs	L2-AUTH22-archive
services/Diten.AuthService/src/Diten.AuthService.Application/Common/Interfaces/IRolePermissionRepository.cs	L2-AUTH22-archive
services/Diten.AuthService/src/Diten.AuthService.Application/Common/Interfaces/IRoleProvisioningService.cs	L2-AUTH22-archive
services/Diten.AuthService/src/Diten.AuthService.Application/Common/Interfaces/IRoleRepository.cs	L2-AUTH22-archive
services/Diten.AuthService/src/Diten.AuthService.Application/Common/Interfaces/ITenantAdminActivationClient.cs	L2-AUTH22-archive
services/Diten.AuthService/src/Diten.AuthService.Application/Common/Interfaces/ITenantEffectivePermissionResolver.cs	L2-AUTH22-archive
services/Diten.AuthService/src/Diten.AuthService.Application/Common/Interfaces/ITenantEntitlementClient.cs	L2-AUTH22-archive
services/Diten.AuthService/src/Diten.AuthService.Application/Common/Interfaces/ITenantLegalEntityScopeClient.cs	L2-AUTH22-archive
services/Diten.AuthService/src/Diten.AuthService.Application/Common/Interfaces/ITenantLoginSettingsClient.cs	L2-AUTH22-archive
services/Diten.AuthService/src/Diten.AuthService.Application/Common/Interfaces/ITenantUserInvitationEmailService.cs	L2-AUTH22-archive
services/Diten.AuthService/src/Diten.AuthService.Application/Common/Interfaces/ITenantUserMembershipRepository.cs	L2-AUTH22-archive
services/Diten.AuthService/src/Diten.AuthService.Application/Common/Interfaces/ITokenService.cs	L2-AUTH22-archive
services/Diten.AuthService/src/Diten.AuthService.Application/Common/Interfaces/IUserRepository.cs	L2-AUTH22-archive
services/Diten.AuthService/src/Diten.AuthService.Application/Common/Interfaces/IUserRoleRepository.cs	L2-AUTH22-archive
services/Diten.AuthService/src/Diten.AuthService.Application/Common/MaskedIdentity.cs	L2-AUTH22-archive
services/Diten.AuthService/src/Diten.AuthService.Application/Common/Models/PaginatedResult.cs	L2-AUTH22-archive
services/Diten.AuthService/src/Diten.AuthService.Application/Common/Outbox/OutboxMessage.cs	L2-AUTH22-archive
services/Diten.AuthService/src/Diten.AuthService.Application/Common/PasswordErrorCodes.cs	L2-AUTH22-archive
services/Diten.AuthService/src/Diten.AuthService.Application/Common/Response.cs	L2-AUTH22-archive
services/Diten.AuthService/src/Diten.AuthService.Application/Common/Services/EntitlementPermissionSyncService.cs	L2-AUTH22-archive
services/Diten.AuthService/src/Diten.AuthService.Application/Common/Services/FullCatalogPermissionGrantService.cs	L2-AUTH22-archive
services/Diten.AuthService/src/Diten.AuthService.Application/Common/Services/PasswordPolicyService.cs	L2-AUTH22-archive
services/Diten.AuthService/src/Diten.AuthService.Application/Common/Services/PermissionKeyParser.cs	L2-AUTH22-archive
services/Diten.AuthService/src/Diten.AuthService.Application/Common/Services/ProductAbbreviationEntitlementGrantProfile.cs	L2-AUTH22-archive
services/Diten.AuthService/src/Diten.AuthService.Application/Common/Services/RbacAuditRecorder.cs	L2-AUTH22-archive
services/Diten.AuthService/src/Diten.AuthService.Application/Common/Services/RoleProvisioningService.cs	L2-AUTH22-archive
services/Diten.AuthService/src/Diten.AuthService.Application/Common/TenantContext.cs	L2-AUTH22-archive
services/Diten.AuthService/src/Diten.AuthService.Application/Common/TenantGuard.cs	L2-AUTH22-archive
services/Diten.AuthService/src/Diten.AuthService.Application/Common/TenantScope.cs	L2-AUTH22-archive
services/Diten.AuthService/src/Diten.AuthService.Application/DTOs/AccountAssertionDto.cs	L2-AUTH22-archive
services/Diten.AuthService/src/Diten.AuthService.Application/DTOs/AuthResponse.cs	L2-AUTH22-archive
services/Diten.AuthService/src/Diten.AuthService.Application/DTOs/InviteLinkResult.cs	L2-AUTH22-archive
services/Diten.AuthService/src/Diten.AuthService.Application/DTOs/PaginatedResult.cs	L2-AUTH22-archive
services/Diten.AuthService/src/Diten.AuthService.Application/DTOs/PermissionDto.cs	L2-AUTH22-archive
services/Diten.AuthService/src/Diten.AuthService.Application/DTOs/RoleDto.cs	L2-AUTH22-archive
services/Diten.AuthService/src/Diten.AuthService.Application/DTOs/RolePermissionsDto.cs	L2-AUTH22-archive
services/Diten.AuthService/src/Diten.AuthService.Application/DTOs/TenantUserLookupValidationDto.cs	L2-AUTH22-archive
services/Diten.AuthService/src/Diten.AuthService.Application/DTOs/UserDto.cs	L2-AUTH22-archive
services/Diten.AuthService/src/Diten.AuthService.Application/DTOs/UserLookupItemDto.cs	L2-AUTH22-archive
services/Diten.AuthService/src/Diten.AuthService.Application/DependencyInjection.cs	L2-AUTH22-archive
services/Diten.AuthService/src/Diten.AuthService.Application/Diten.AuthService.Application.csproj	L2-AUTH22-archive
services/Diten.AuthService/src/Diten.AuthService.Application/Features/Auth/Commands/ChangePasswordCommand.cs	L2-AUTH22-archive
services/Diten.AuthService/src/Diten.AuthService.Application/Features/Auth/Commands/ForcedChangeTenantPasswordCommand.cs	L2-AUTH22-archive
services/Diten.AuthService/src/Diten.AuthService.Application/Features/Auth/Commands/LoginCommand.cs	L2-AUTH22-archive
services/Diten.AuthService/src/Diten.AuthService.Application/Features/Auth/Commands/LogoutCommand.cs	L2-AUTH22-archive
services/Diten.AuthService/src/Diten.AuthService.Application/Features/Auth/Commands/PlatformLoginCommand.cs	L2-AUTH22-archive
services/Diten.AuthService/src/Diten.AuthService.Application/Features/Auth/Commands/RefreshTokenCommand.cs	L2-AUTH22-archive
services/Diten.AuthService/src/Diten.AuthService.Application/Features/Auth/Commands/RegisterCommand.cs	L2-AUTH22-archive
services/Diten.AuthService/src/Diten.AuthService.Application/Features/Auth/Commands/ResendMfaCommand.cs	L2-AUTH22-archive
services/Diten.AuthService/src/Diten.AuthService.Application/Features/Auth/Commands/VerifyMfaCommand.cs	L2-AUTH22-archive
services/Diten.AuthService/src/Diten.AuthService.Application/Features/Auth/Handlers/CommandHandlers/ChangePasswordCommandHandler.cs	L2-AUTH22-archive
services/Diten.AuthService/src/Diten.AuthService.Application/Features/Auth/Handlers/CommandHandlers/ForcedChangeTenantPasswordCommandHandler.cs	L2-AUTH22-archive
services/Diten.AuthService/src/Diten.AuthService.Application/Features/Auth/Handlers/CommandHandlers/LoginCommandHandler.cs	L2-AUTH22-archive
services/Diten.AuthService/src/Diten.AuthService.Application/Features/Auth/Handlers/CommandHandlers/LogoutCommandHandler.cs	L2-AUTH22-archive
services/Diten.AuthService/src/Diten.AuthService.Application/Features/Auth/Handlers/CommandHandlers/PlatformLoginCommandHandler.cs	L2-AUTH22-archive
services/Diten.AuthService/src/Diten.AuthService.Application/Features/Auth/Handlers/CommandHandlers/RefreshTokenCommandHandler.cs	L2-AUTH22-archive
services/Diten.AuthService/src/Diten.AuthService.Application/Features/Auth/Handlers/CommandHandlers/RegisterCommandHandler.cs	L2-AUTH22-archive
services/Diten.AuthService/src/Diten.AuthService.Application/Features/Auth/Handlers/CommandHandlers/ResendMfaCommandHandler.cs	L2-AUTH22-archive
services/Diten.AuthService/src/Diten.AuthService.Application/Features/Auth/Handlers/CommandHandlers/VerifyMfaCommandHandler.cs	L2-AUTH22-archive
services/Diten.AuthService/src/Diten.AuthService.Application/Features/Auth/Validators/ChangePasswordCommandValidator.cs	L2-AUTH22-archive
services/Diten.AuthService/src/Diten.AuthService.Application/Features/Auth/Validators/LoginCommandValidator.cs	L2-AUTH22-archive
services/Diten.AuthService/src/Diten.AuthService.Application/Features/Auth/Validators/RegisterCommandValidator.cs	L2-AUTH22-archive
services/Diten.AuthService/src/Diten.AuthService.Application/Features/Permissions/Commands/CreatePermissionCommand.cs	L2-AUTH22-archive
services/Diten.AuthService/src/Diten.AuthService.Application/Features/Permissions/Commands/DeletePermissionCommand.cs	L2-AUTH22-archive
services/Diten.AuthService/src/Diten.AuthService.Application/Features/Permissions/Handlers/CreatePermissionCommandHandler.cs	L2-AUTH22-archive
services/Diten.AuthService/src/Diten.AuthService.Application/Features/Permissions/Handlers/DeletePermissionCommandHandler.cs	L2-AUTH22-archive
services/Diten.AuthService/src/Diten.AuthService.Application/Features/Permissions/Handlers/GetAllPermissionsQueryHandler.cs	L2-AUTH22-archive
services/Diten.AuthService/src/Diten.AuthService.Application/Features/Permissions/Handlers/GetPermissionsByModuleQueryHandler.cs	L2-AUTH22-archive
services/Diten.AuthService/src/Diten.AuthService.Application/Features/Permissions/Handlers/GetTenantAssignablePermissionsQueryHandler.cs	L2-AUTH22-archive
services/Diten.AuthService/src/Diten.AuthService.Application/Features/Permissions/Queries/GetAllPermissionsQuery.cs	L2-AUTH22-archive
services/Diten.AuthService/src/Diten.AuthService.Application/Features/Permissions/Queries/GetPermissionsByModuleQuery.cs	L2-AUTH22-archive
services/Diten.AuthService/src/Diten.AuthService.Application/Features/Permissions/Queries/GetTenantAssignablePermissionsQuery.cs	L2-AUTH22-archive
services/Diten.AuthService/src/Diten.AuthService.Application/Features/Roles/Commands/AssignPermissionCommand.cs	L2-AUTH22-archive
services/Diten.AuthService/src/Diten.AuthService.Application/Features/Roles/Commands/CreateRoleCommand.cs	L2-AUTH22-archive
services/Diten.AuthService/src/Diten.AuthService.Application/Features/Roles/Commands/DeleteRoleCommand.cs	L2-AUTH22-archive
services/Diten.AuthService/src/Diten.AuthService.Application/Features/Roles/Commands/RevokePermissionCommand.cs	L2-AUTH22-archive
services/Diten.AuthService/src/Diten.AuthService.Application/Features/Roles/Commands/UpdateRoleCommand.cs	L2-AUTH22-archive
services/Diten.AuthService/src/Diten.AuthService.Application/Features/Roles/Handlers/CommandHandlers/AssignPermissionCommandHandler.cs	L2-AUTH22-archive
services/Diten.AuthService/src/Diten.AuthService.Application/Features/Roles/Handlers/CommandHandlers/CreateRoleCommandHandler.cs	L2-AUTH22-archive
services/Diten.AuthService/src/Diten.AuthService.Application/Features/Roles/Handlers/CommandHandlers/DeleteRoleCommandHandler.cs	L2-AUTH22-archive
services/Diten.AuthService/src/Diten.AuthService.Application/Features/Roles/Handlers/CommandHandlers/RevokePermissionCommandHandler.cs	L2-AUTH22-archive
services/Diten.AuthService/src/Diten.AuthService.Application/Features/Roles/Handlers/CommandHandlers/UpdateRoleCommandHandler.cs	L2-AUTH22-archive
services/Diten.AuthService/src/Diten.AuthService.Application/Features/Roles/Handlers/QueryHandlers/GetAllRolesQueryHandler.cs	L2-AUTH22-archive
services/Diten.AuthService/src/Diten.AuthService.Application/Features/Roles/Handlers/QueryHandlers/GetRoleByIdQueryHandler.cs	L2-AUTH22-archive
services/Diten.AuthService/src/Diten.AuthService.Application/Features/Roles/Handlers/QueryHandlers/GetRolePermissionsQueryHandler.cs	L2-AUTH22-archive
services/Diten.AuthService/src/Diten.AuthService.Application/Features/Roles/Queries/GetAllRolesQuery.cs	L2-AUTH22-archive
services/Diten.AuthService/src/Diten.AuthService.Application/Features/Roles/Queries/GetRoleByIdQuery.cs	L2-AUTH22-archive
services/Diten.AuthService/src/Diten.AuthService.Application/Features/Roles/Queries/GetRolePermissionsQuery.cs	L2-AUTH22-archive
services/Diten.AuthService/src/Diten.AuthService.Application/Features/Roles/Validators/CreateRoleCommandValidator.cs	L2-AUTH22-archive
services/Diten.AuthService/src/Diten.AuthService.Application/Features/Users/Commands/AdminResetPasswordCommand.cs	L2-AUTH22-archive
services/Diten.AuthService/src/Diten.AuthService.Application/Features/Users/Commands/AssignRoleCommand.cs	L2-AUTH22-archive
services/Diten.AuthService/src/Diten.AuthService.Application/Features/Users/Commands/CreateUserCommand.cs	L2-AUTH22-archive
services/Diten.AuthService/src/Diten.AuthService.Application/Features/Users/Commands/DeleteUserCommand.cs	L2-AUTH22-archive
services/Diten.AuthService/src/Diten.AuthService.Application/Features/Users/Commands/ResendUserInvitationCommand.cs	L2-AUTH22-archive
services/Diten.AuthService/src/Diten.AuthService.Application/Features/Users/Commands/RevokeRoleCommand.cs	L2-AUTH22-archive
services/Diten.AuthService/src/Diten.AuthService.Application/Features/Users/Commands/SetAccountKindCommand.cs	L2-AUTH22-archive
services/Diten.AuthService/src/Diten.AuthService.Application/Features/Users/Commands/SetTenantPasswordCommand.cs	L2-AUTH22-archive
services/Diten.AuthService/src/Diten.AuthService.Application/Features/Users/Commands/SetUserActiveStatusCommand.cs	L2-AUTH22-archive
services/Diten.AuthService/src/Diten.AuthService.Application/Features/Users/Commands/UpdateUserCommand.cs	L2-AUTH22-archive
services/Diten.AuthService/src/Diten.AuthService.Application/Features/Users/Handlers/CommandHandlers/AdminResetPasswordCommandHandler.cs	L2-AUTH22-archive
services/Diten.AuthService/src/Diten.AuthService.Application/Features/Users/Handlers/CommandHandlers/AssignRoleCommandHandler.cs	L2-AUTH22-archive
services/Diten.AuthService/src/Diten.AuthService.Application/Features/Users/Handlers/CommandHandlers/CreateUserCommandHandler.cs	L2-AUTH22-archive
services/Diten.AuthService/src/Diten.AuthService.Application/Features/Users/Handlers/CommandHandlers/DeleteUserCommandHandler.cs	L2-AUTH22-archive
services/Diten.AuthService/src/Diten.AuthService.Application/Features/Users/Handlers/CommandHandlers/ResendUserInvitationCommandHandler.cs	L2-AUTH22-archive
services/Diten.AuthService/src/Diten.AuthService.Application/Features/Users/Handlers/CommandHandlers/RevokeRoleCommandHandler.cs	L2-AUTH22-archive
services/Diten.AuthService/src/Diten.AuthService.Application/Features/Users/Handlers/CommandHandlers/SetAccountKindCommandHandler.cs	L2-AUTH22-archive
services/Diten.AuthService/src/Diten.AuthService.Application/Features/Users/Handlers/CommandHandlers/SetTenantPasswordCommandHandler.cs	L2-AUTH22-archive
services/Diten.AuthService/src/Diten.AuthService.Application/Features/Users/Handlers/CommandHandlers/SetUserActiveStatusCommandHandler.cs	L2-AUTH22-archive
services/Diten.AuthService/src/Diten.AuthService.Application/Features/Users/Handlers/CommandHandlers/UpdateUserCommandHandler.cs	L2-AUTH22-archive
services/Diten.AuthService/src/Diten.AuthService.Application/Features/Users/Handlers/QueryHandlers/GetAccountAssertionQueryHandler.cs	L2-AUTH22-archive
services/Diten.AuthService/src/Diten.AuthService.Application/Features/Users/Handlers/QueryHandlers/GetAllUsersQueryHandler.cs	L2-AUTH22-archive
services/Diten.AuthService/src/Diten.AuthService.Application/Features/Users/Handlers/QueryHandlers/GetUserByIdQueryHandler.cs	L2-AUTH22-archive
services/Diten.AuthService/src/Diten.AuthService.Application/Features/Users/Handlers/QueryHandlers/LookupUsersQueryHandler.cs	L2-AUTH22-archive
services/Diten.AuthService/src/Diten.AuthService.Application/Features/Users/Handlers/QueryHandlers/ValidateUserReferenceQueryHandler.cs	L2-AUTH22-archive
services/Diten.AuthService/src/Diten.AuthService.Application/Features/Users/Queries/GetAccountAssertionQuery.cs	L2-AUTH22-archive
services/Diten.AuthService/src/Diten.AuthService.Application/Features/Users/Queries/GetAllUsersQuery.cs	L2-AUTH22-archive
services/Diten.AuthService/src/Diten.AuthService.Application/Features/Users/Queries/GetUserByIdQuery.cs	L2-AUTH22-archive
services/Diten.AuthService/src/Diten.AuthService.Application/Features/Users/Queries/LookupUsersQuery.cs	L2-AUTH22-archive
services/Diten.AuthService/src/Diten.AuthService.Application/Features/Users/Queries/ValidateUserReferenceQuery.cs	L2-AUTH22-archive
services/Diten.AuthService/src/Diten.AuthService.Application/Features/Users/Validators/CreateUserCommandValidator.cs	L2-AUTH22-archive
services/Diten.AuthService/src/Diten.AuthService.Application/Features/Users/Validators/LookupUsersQueryValidator.cs	L2-AUTH22-archive
services/Diten.AuthService/src/Diten.AuthService.Application/Features/Users/Validators/SetAccountKindCommandValidator.cs	L2-AUTH22-archive
services/Diten.AuthService/src/Diten.AuthService.Application/Features/Users/Validators/SetTenantPasswordCommandValidator.cs	L2-AUTH22-archive
services/Diten.AuthService/src/Diten.AuthService.Application/Features/Users/Validators/UpdateUserCommandValidator.cs	L2-AUTH22-archive
services/Diten.AuthService/src/Diten.AuthService.Application/S2S/EntitlementAttestationConsumerContracts.cs	L2-AUTH22-archive
services/Diten.AuthService/src/Diten.AuthService.Domain/Authorization/DefaultRolePermissionTemplate.cs	L2-AUTH22-archive
services/Diten.AuthService/src/Diten.AuthService.Domain/Authorization/ExplicitGrantOnlyPermissions.cs	L2-AUTH22-archive
services/Diten.AuthService/src/Diten.AuthService.Domain/Authorization/ModulePermissionResolver.cs	L2-AUTH22-archive
services/Diten.AuthService/src/Diten.AuthService.Domain/Authorization/PermissionModuleAttribution.cs	L2-AUTH22-archive
services/Diten.AuthService/src/Diten.AuthService.Domain/Authorization/PermissionSegmentNormalizer.cs	L2-AUTH22-archive
services/Diten.AuthService/src/Diten.AuthService.Domain/Authorization/TenantAdminSelfServiceReconciler.cs	L2-AUTH22-archive
services/Diten.AuthService/src/Diten.AuthService.Domain/Diten.AuthService.Domain.csproj	L2-AUTH22-archive
services/Diten.AuthService/src/Diten.AuthService.Domain/Entities/AuthAuditLog.cs	L2-AUTH22-archive
services/Diten.AuthService/src/Diten.AuthService.Domain/Entities/EntityBase.cs	L2-AUTH22-archive
services/Diten.AuthService/src/Diten.AuthService.Domain/Entities/GlobalEntityBase.cs	L2-AUTH22-archive
services/Diten.AuthService/src/Diten.AuthService.Domain/Entities/GrantSource.cs	L2-AUTH22-archive
services/Diten.AuthService/src/Diten.AuthService.Domain/Entities/MfaChallenge.cs	L2-AUTH22-archive
services/Diten.AuthService/src/Diten.AuthService.Domain/Entities/Permission.cs	L2-AUTH22-archive
services/Diten.AuthService/src/Diten.AuthService.Domain/Entities/PlatformUser.cs	L2-AUTH22-archive
services/Diten.AuthService/src/Diten.AuthService.Domain/Entities/ProcessedIntegrationEvent.cs	L2-AUTH22-archive
services/Diten.AuthService/src/Diten.AuthService.Domain/Entities/RefreshToken.cs	L2-AUTH22-archive
services/Diten.AuthService/src/Diten.AuthService.Domain/Entities/Role.cs	L2-AUTH22-archive
services/Diten.AuthService/src/Diten.AuthService.Domain/Entities/RolePermission.cs	L2-AUTH22-archive
services/Diten.AuthService/src/Diten.AuthService.Domain/Entities/TenantUserMembership.cs	L2-AUTH22-archive
services/Diten.AuthService/src/Diten.AuthService.Domain/Entities/User.cs	L2-AUTH22-archive
services/Diten.AuthService/src/Diten.AuthService.Domain/Entities/UserRole.cs	L2-AUTH22-archive
services/Diten.AuthService/src/Diten.AuthService.Domain/Enums/AccountKind.cs	L2-AUTH22-archive
services/Diten.AuthService/src/Diten.AuthService.Domain/S2S/CanonicalRequestBinding.cs	L2-AUTH22-archive
services/Diten.AuthService/src/Diten.AuthService.Domain/S2S/S2SClaim.cs	L2-AUTH22-archive
services/Diten.AuthService/src/Diten.AuthService.Domain/S2S/S2SContractException.cs	L2-AUTH22-archive
services/Diten.AuthService/src/Diten.AuthService.Domain/S2S/S2SExactValue.cs	L2-AUTH22-archive
services/Diten.AuthService/src/Diten.AuthService.Infrastructure/Authorization/HasPermissionAttribute.cs	L2-AUTH22-archive
services/Diten.AuthService/src/Diten.AuthService.Infrastructure/Authorization/PermissionAuthorizationHandler.cs	L2-AUTH22-archive
services/Diten.AuthService/src/Diten.AuthService.Infrastructure/Authorization/PermissionPolicyProvider.cs	L2-AUTH22-archive
services/Diten.AuthService/src/Diten.AuthService.Infrastructure/Authorization/PermissionRequirement.cs	L2-AUTH22-archive
services/Diten.AuthService/src/Diten.AuthService.Infrastructure/DependencyInjection.cs	L2-AUTH22-archive
services/Diten.AuthService/src/Diten.AuthService.Infrastructure/Diten.AuthService.Infrastructure.csproj	L2-AUTH22-archive
services/Diten.AuthService/src/Diten.AuthService.Infrastructure/Eventing/AuthServiceEventingOptions.cs	L2-AUTH22-archive
services/Diten.AuthService/src/Diten.AuthService.Infrastructure/Eventing/EntitlementSyncConsumer.cs	L2-AUTH22-archive
services/Diten.AuthService/src/Diten.AuthService.Infrastructure/Eventing/EventTransportMessage.cs	L2-AUTH22-archive
services/Diten.AuthService/src/Diten.AuthService.Infrastructure/Middleware/TenantResolutionMiddleware.cs	L2-AUTH22-archive
services/Diten.AuthService/src/Diten.AuthService.Infrastructure/S2S/EntitlementAttestationConsumer.cs	L2-AUTH22-archive
services/Diten.AuthService/src/Diten.AuthService.Infrastructure/Services/CurrentUserAccessor.cs	L2-AUTH22-archive
services/Diten.AuthService/src/Diten.AuthService.Infrastructure/Services/EmailTemplates/PlatformPasswordResetEmailTemplate.cs	L2-AUTH22-archive
services/Diten.AuthService/src/Diten.AuthService.Infrastructure/Services/EmailTemplates/TenantUserInvitationEmailTemplate.cs	L2-AUTH22-archive
services/Diten.AuthService/src/Diten.AuthService.Infrastructure/Services/InternalEventAuthService.cs	L2-AUTH22-archive
services/Diten.AuthService/src/Diten.AuthService.Infrastructure/Services/MfaChallengeService.cs	L2-AUTH22-archive
services/Diten.AuthService/src/Diten.AuthService.Infrastructure/Services/PasswordHasher.cs	L2-AUTH22-archive
services/Diten.AuthService/src/Diten.AuthService.Infrastructure/Services/PlatformAdministratorStatusClient.cs	L2-AUTH22-archive
services/Diten.AuthService/src/Diten.AuthService.Infrastructure/Services/PlatformAuthEmailService.cs	L2-AUTH22-archive
services/Diten.AuthService/src/Diten.AuthService.Infrastructure/Services/PlatformTenantAdminActivationClient.cs	L2-AUTH22-archive
services/Diten.AuthService/src/Diten.AuthService.Infrastructure/Services/PlatformTenantEntitlementClient.cs	L2-AUTH22-archive
services/Diten.AuthService/src/Diten.AuthService.Infrastructure/Services/PlatformTenantLegalEntityScopeClient.cs	L2-AUTH22-archive
services/Diten.AuthService/src/Diten.AuthService.Infrastructure/Services/PlatformTenantLoginSettingsClient.cs	L2-AUTH22-archive
services/Diten.AuthService/src/Diten.AuthService.Infrastructure/Services/RefreshTokenHasher.cs	L2-AUTH22-archive
services/Diten.AuthService/src/Diten.AuthService.Infrastructure/Services/SmtpOtpDeliveryService.cs	L2-AUTH22-archive
services/Diten.AuthService/src/Diten.AuthService.Infrastructure/Services/TenantUserInvitationEmailService.cs	L2-AUTH22-archive
services/Diten.AuthService/src/Diten.AuthService.Infrastructure/Services/TokenService.cs	L2-AUTH22-archive
services/Diten.AuthService/src/Diten.AuthService.Infrastructure/Settings/InternalEventAuthSettings.cs	L2-AUTH22-archive
services/Diten.AuthService/src/Diten.AuthService.Infrastructure/Settings/JwtSettings.cs	L2-AUTH22-archive
services/Diten.AuthService/src/Diten.AuthService.Infrastructure/Settings/MfaOptions.cs	L2-AUTH22-archive
services/Diten.AuthService/src/Diten.AuthService.Infrastructure/Settings/PlatformServiceOptions.cs	L2-AUTH22-archive
services/Diten.AuthService/src/Diten.AuthService.Infrastructure/Settings/SmtpOptions.cs	L2-AUTH22-archive
services/Diten.AuthService/src/Diten.AuthService.Persistence/Configurations/MongoDbIndexConfigurations.cs	L2-AUTH22-archive
services/Diten.AuthService/src/Diten.AuthService.Persistence/DependencyInjection.cs	L2-AUTH22-archive
services/Diten.AuthService/src/Diten.AuthService.Persistence/Diten.AuthService.Persistence.csproj	L2-AUTH22-archive
services/Diten.AuthService/src/Diten.AuthService.Persistence/Repositories/AuthAuditService.cs	L2-AUTH22-archive
services/Diten.AuthService/src/Diten.AuthService.Persistence/Repositories/GlobalRepositoryBase.cs	L2-AUTH22-archive
services/Diten.AuthService/src/Diten.AuthService.Persistence/Repositories/IntegrationEventInboxRepository.cs	L2-AUTH22-archive
services/Diten.AuthService/src/Diten.AuthService.Persistence/Repositories/MfaChallengeRepository.cs	L2-AUTH22-archive
services/Diten.AuthService/src/Diten.AuthService.Persistence/Repositories/PermissionRepository.cs	L2-AUTH22-archive
services/Diten.AuthService/src/Diten.AuthService.Persistence/Repositories/PlatformUserRepository.cs	L2-AUTH22-archive
services/Diten.AuthService/src/Diten.AuthService.Persistence/Repositories/RefreshTokenRepository.cs	L2-AUTH22-archive
services/Diten.AuthService/src/Diten.AuthService.Persistence/Repositories/RepositoryBase.cs	L2-AUTH22-archive
services/Diten.AuthService/src/Diten.AuthService.Persistence/Repositories/RoleAssignmentVersionRepository.cs	L2-AUTH22-archive
services/Diten.AuthService/src/Diten.AuthService.Persistence/Repositories/RolePermissionRepository.cs	L2-AUTH22-archive
services/Diten.AuthService/src/Diten.AuthService.Persistence/Repositories/RoleRepository.cs	L2-AUTH22-archive
services/Diten.AuthService/src/Diten.AuthService.Persistence/Repositories/TenantUserMembershipRepository.cs	L2-AUTH22-archive
services/Diten.AuthService/src/Diten.AuthService.Persistence/Repositories/UserRepository.cs	L2-AUTH22-archive
services/Diten.AuthService/src/Diten.AuthService.Persistence/Repositories/UserRoleRepository.cs	L2-AUTH22-archive
services/Diten.AuthService/src/Diten.AuthService.Persistence/Seed/DataSeeder.cs	L2-AUTH22-archive
services/Diten.AuthService/src/Diten.AuthService.Persistence/Serialization/GuidSerializerRegistration.cs	L2-AUTH22-archive
services/Diten.AuthService/src/Diten.AuthService.Persistence/Settings/MongoDbSettings.cs	L2-AUTH22-archive
services/Diten.AuthService/tests/Diten.AuthService.Application.Tests/Audit/RbacAuditRecorderTests.cs	L2-AUTH22-archive
services/Diten.AuthService/tests/Diten.AuthService.Application.Tests/Auth/TenantEffectivePermissionIssuanceArchitectureTests.cs	L2-AUTH22-archive
services/Diten.AuthService/tests/Diten.AuthService.Application.Tests/Auth/TenantEffectivePermissionResolverTests.cs	L2-AUTH22-archive
services/Diten.AuthService/tests/Diten.AuthService.Application.Tests/Authorization/DocumentManagementPermissionSeedTests.cs	L2-AUTH22-archive
services/Diten.AuthService/tests/Diten.AuthService.Application.Tests/Authorization/KnowledgePermissionSeedTests.cs	L2-AUTH22-archive
services/Diten.AuthService/tests/Diten.AuthService.Application.Tests/Authorization/Mod0029Fu29PermissionSeedHardeningTests.cs	L2-AUTH22-archive
services/Diten.AuthService/tests/Diten.AuthService.Application.Tests/Authorization/Mod0029Fu36RegistrationPermissionSeedTests.cs	L2-AUTH22-archive
services/Diten.AuthService/tests/Diten.AuthService.Application.Tests/Authorization/PermissionModuleAttributionGuardTests.cs	L2-AUTH22-archive
services/Diten.AuthService/tests/Diten.AuthService.Application.Tests/Authorization/PermissionScopePreservationTests.cs	L2-AUTH22-archive
services/Diten.AuthService/tests/Diten.AuthService.Application.Tests/Authorization/PermissionSegmentNormalizerTests.cs	L2-AUTH22-archive
services/Diten.AuthService/tests/Diten.AuthService.Application.Tests/Authorization/TerritoryPermissionSeedTests.cs	L2-AUTH22-archive
services/Diten.AuthService/tests/Diten.AuthService.Application.Tests/Authorization/permission-scope-baseline.csv	L2-AUTH22-archive
services/Diten.AuthService/tests/Diten.AuthService.Application.Tests/Behaviors/ExceptionHandlingBehaviorTests.cs	L2-AUTH22-archive
services/Diten.AuthService/tests/Diten.AuthService.Application.Tests/Diten.AuthService.Application.Tests.csproj	L2-AUTH22-archive
services/Diten.AuthService/tests/Diten.AuthService.Application.Tests/FakeRoleAssignmentVersionService.cs	L2-AUTH22-archive
services/Diten.AuthService/tests/Diten.AuthService.Application.Tests/GlobalUsings.cs	L2-AUTH22-archive
services/Diten.AuthService/tests/Diten.AuthService.Application.Tests/Password/PasswordErrorCodeContractTests.cs	L2-AUTH22-archive
services/Diten.AuthService/tests/Diten.AuthService.Application.Tests/Permissions/FullCatalogPermissionGrantServiceTests.cs	L2-AUTH22-archive
services/Diten.AuthService/tests/Diten.AuthService.Application.Tests/Permissions/InternalPermissionsControllerTests.cs	L2-AUTH22-archive
services/Diten.AuthService/tests/Diten.AuthService.Application.Tests/Permissions/PermissionKeyParserTests.cs	L2-AUTH22-archive
services/Diten.AuthService/tests/Diten.AuthService.Application.Tests/Persistence/GuidSerializerRegistrationTests.cs	L2-AUTH22-archive
services/Diten.AuthService/tests/Diten.AuthService.Application.Tests/Roles/AssignPermissionCommandHandlerTests.cs	L2-AUTH22-archive
services/Diten.AuthService/tests/Diten.AuthService.Application.Tests/Roles/DefaultRolePermissionTemplateTests.cs	L2-AUTH22-archive
services/Diten.AuthService/tests/Diten.AuthService.Application.Tests/Roles/EntitlementPermissionSyncServiceTests.cs	L2-AUTH22-archive
services/Diten.AuthService/tests/Diten.AuthService.Application.Tests/Roles/EntitlementSyncConsumerTests.cs	L2-AUTH22-archive
services/Diten.AuthService/tests/Diten.AuthService.Application.Tests/Roles/GetRolePermissionsQueryHandlerTests.cs	L2-AUTH22-archive
services/Diten.AuthService/tests/Diten.AuthService.Application.Tests/Roles/ModulePermissionForwardCompatTests.cs	L2-AUTH22-archive
services/Diten.AuthService/tests/Diten.AuthService.Application.Tests/Roles/ModulePermissionResolverTests.cs	L2-AUTH22-archive
services/Diten.AuthService/tests/Diten.AuthService.Application.Tests/Roles/PermissionScopeEquivalenceTests.cs	L2-AUTH22-archive
services/Diten.AuthService/tests/Diten.AuthService.Application.Tests/Roles/ProductAbbreviationEntitlementGrantProfileTests.cs	L2-AUTH22-archive
services/Diten.AuthService/tests/Diten.AuthService.Application.Tests/Roles/ProductAbbreviationPermissionOnboardingMongoTests.cs	L2-AUTH22-archive
services/Diten.AuthService/tests/Diten.AuthService.Application.Tests/Roles/RevokePermissionCommandHandlerTests.cs	L2-AUTH22-archive
services/Diten.AuthService/tests/Diten.AuthService.Application.Tests/Roles/RolePermissionGrantSourceTests.cs	L2-AUTH22-archive
services/Diten.AuthService/tests/Diten.AuthService.Application.Tests/Roles/RoleProvisioningServiceTests.cs	L2-AUTH22-archive
services/Diten.AuthService/tests/Diten.AuthService.Application.Tests/Roles/TenantAdminSelfServiceReconcilerTests.cs	L2-AUTH22-archive
services/Diten.AuthService/tests/Diten.AuthService.Application.Tests/S2S/CanonicalRequestBindingTests.cs	L2-AUTH22-archive
services/Diten.AuthService/tests/Diten.AuthService.Application.Tests/S2S/EntitlementAttestationConsumerTests.cs	L2-AUTH22-archive
services/Diten.AuthService/tests/Diten.AuthService.Application.Tests/Security/EndpointAuthorizationClassificationTests.cs	L2-AUTH22-archive
services/Diten.AuthService/tests/Diten.AuthService.Application.Tests/Tenancy/TenantContradictionGuardTests.cs	L2-AUTH22-archive
services/Diten.AuthService/tests/Diten.AuthService.Application.Tests/Testing/AccountKindAcceptance.cs	L2-AUTH22-archive
services/Diten.AuthService/tests/Diten.AuthService.Application.Tests/Testing/AccountKindAcceptanceGuard.cs	L2-AUTH22-archive
services/Diten.AuthService/tests/Diten.AuthService.Application.Tests/Testing/AccountKindAcceptanceGuardTests.cs	L2-AUTH22-archive
services/Diten.AuthService/tests/Diten.AuthService.Application.Tests/Testing/AuthTestSerializers.cs	L2-AUTH22-archive
services/Diten.AuthService/tests/Diten.AuthService.Application.Tests/Users/AccountKindCreationPathsGuardTests.cs	L2-AUTH22-archive
services/Diten.AuthService/tests/Diten.AuthService.Application.Tests/Users/AccountKindEndpointTests.cs	L2-AUTH22-archive
services/Diten.AuthService/tests/Diten.AuthService.Application.Tests/Users/AccountKindSeedTests.cs	L2-AUTH22-archive
services/Diten.AuthService/tests/Diten.AuthService.Application.Tests/Users/AccountKindTests.cs	L2-AUTH22-archive
services/Diten.AuthService/tests/Diten.AuthService.Application.Tests/Users/GetAccountAssertionQueryHandlerTests.cs	L2-AUTH22-archive
services/Diten.AuthService/tests/Diten.AuthService.Application.Tests/Users/InMemoryUserRepository.cs	L2-AUTH22-archive
services/Diten.AuthService/tests/Diten.AuthService.Application.Tests/Users/InternalUsersControllerTests.cs	L2-AUTH22-archive
services/Diten.AuthService/tests/Diten.AuthService.Application.Tests/Users/LookupUsersQueryHandlerTests.cs	L2-AUTH22-archive
services/Diten.AuthService/tests/Diten.AuthService.Application.Tests/Users/RevokeRoleCommandHandlerTests.cs	L2-AUTH22-archive
services/Diten.AuthService/tests/Diten.AuthService.Application.Tests/Users/TenantLoginActiveStatusTests.cs	L2-AUTH22-archive
services/Diten.AuthService/tests/Diten.AuthService.Application.Tests/Users/TenantUserInvitationTests.cs	L2-AUTH22-archive
services/Diten.AuthService/tests/Diten.AuthService.Application.Tests/Users/UserAdminActionsTests.cs	L2-AUTH22-archive
services/Diten.AuthService/tests/Diten.AuthService.Application.Tests/Users/UserLookupValidationContractTests.cs	L2-AUTH22-archive
services/Diten.AuthService/tests/Diten.AuthService.Application.Tests/Users/UserLookupValidationEndpointTests.cs	L2-AUTH22-archive
services/Diten.AuthService/tests/Diten.AuthService.Application.Tests/Users/UserLookupValidationSeedTests.cs	L2-AUTH22-archive
services/Diten.AuthService/tests/Diten.AuthService.Application.Tests/Users/ValidateUserReferenceQueryHandlerTests.cs	L2-AUTH22-archive
services/Diten.Building.Blocks/Diten.BuildingBlocks.Security.Secrets.Tests/Diten.BuildingBlocks.Security.Secrets.Tests.csproj	L2-AUTH22-archive
services/Diten.Building.Blocks/Diten.BuildingBlocks.Security.Secrets.Tests/SecretRequirementValidatorTests.cs	L2-AUTH22-archive
services/Diten.Building.Blocks/Diten.BuildingBlocks.Security.Secrets/.tmp-fu11/Debug/net8.0/Diten.BuildingBlocks.Security.Secrets.deps.json	L2-AUTH22-archive
services/Diten.Building.Blocks/Diten.BuildingBlocks.Security.Secrets/.tmp-fu11/Debug/net8.0/Diten.BuildingBlocks.Security.Secrets.dll	L2-AUTH22-archive
services/Diten.Building.Blocks/Diten.BuildingBlocks.Security.Secrets/.tmp-fu11/Debug/net8.0/Diten.BuildingBlocks.Security.Secrets.pdb	L2-AUTH22-archive
services/Diten.Building.Blocks/Diten.BuildingBlocks.Security.Secrets/ConfigurationSecretsProvider.cs	L2-AUTH22-archive
services/Diten.Building.Blocks/Diten.BuildingBlocks.Security.Secrets/Diten.BuildingBlocks.Security.Secrets.csproj	L2-AUTH22-archive
services/Diten.Building.Blocks/Diten.BuildingBlocks.Security.Secrets/ISecretRedactor.cs	L2-AUTH22-archive
services/Diten.Building.Blocks/Diten.BuildingBlocks.Security.Secrets/ISecretRequirementValidator.cs	L2-AUTH22-archive
services/Diten.Building.Blocks/Diten.BuildingBlocks.Security.Secrets/ISecretRotationResolver.cs	L2-AUTH22-archive
services/Diten.Building.Blocks/Diten.BuildingBlocks.Security.Secrets/ISecretsProvider.cs	L2-AUTH22-archive
services/Diten.Building.Blocks/Diten.BuildingBlocks.Security.Secrets/JwtSecretRotationOptions.cs	L2-AUTH22-archive
services/Diten.Building.Blocks/Diten.BuildingBlocks.Security.Secrets/JwtSecretRotationResolver.cs	L2-AUTH22-archive
services/Diten.Building.Blocks/Diten.BuildingBlocks.Security.Secrets/JwtValidationDefaults.cs	L2-AUTH22-archive
services/Diten.Building.Blocks/Diten.BuildingBlocks.Security.Secrets/RequiredSecretDefinition.cs	L2-AUTH22-archive
services/Diten.Building.Blocks/Diten.BuildingBlocks.Security.Secrets/SecretRedactionOptions.cs	L2-AUTH22-archive
services/Diten.Building.Blocks/Diten.BuildingBlocks.Security.Secrets/SecretRedactor.cs	L2-AUTH22-archive
services/Diten.Building.Blocks/Diten.BuildingBlocks.Security.Secrets/SecretRequirementValidator.cs	L2-AUTH22-archive
services/Diten.Building.Blocks/Diten.BuildingBlocks.Security.Secrets/SecretServiceCollectionExtensions.cs	L2-AUTH22-archive
services/Diten.Building.Blocks/Diten.BuildingBlocks.Security.Secrets/SecretValidationException.cs	L2-AUTH22-archive
services/Diten.Building.Blocks/Diten.BuildingBlocks.Security.Secrets/SecretValidationResult.cs	L2-AUTH22-archive
services/Diten.Building.Blocks/Diten.BuildingBlocks.Security.Secrets/SecretsProviderOptions.cs	L2-AUTH22-archive
services/Diten.Building.Blocks/Diten.BuildingBlocks.Security.Secrets/bin-verify/Diten.BuildingBlocks.Security.Secrets.deps.json	L2-AUTH22-archive
services/Diten.Building.Blocks/Diten.BuildingBlocks.Security.Secrets/bin-verify/Diten.BuildingBlocks.Security.Secrets.dll	L2-AUTH22-archive
services/Diten.Building.Blocks/Diten.BuildingBlocks.Security.Secrets/bin-verify/Diten.BuildingBlocks.Security.Secrets.pdb	L2-AUTH22-archive
services/Diten.Building.Blocks/Diten.BuildingBlocks.Security.Secrets/obj-hierarchy-check/Debug/net8.0/Diten.BuildingBlocks.Security.Secrets.csproj.FileListAbsolute.txt	L2-AUTH22-archive
services/Diten.Building.Blocks/Diten.BuildingBlocks.Security.Secrets/tools/Scan-ProductionSecrets.ps1	L2-AUTH22-archive
services/Diten.Building.Blocks/Diten.BuildingBlocks.Security.Secrets/tools/scan_production_secrets.py	L2-AUTH22-archive
services/Diten.Building.Blocks/src/Diten.BuildingBlocks.BackgroundJobs/BackgroundJobContext.cs	L2-AUTH22-archive
services/Diten.Building.Blocks/src/Diten.BuildingBlocks.BackgroundJobs/BackgroundJobDescriptor.cs	L2-AUTH22-archive
services/Diten.Building.Blocks/src/Diten.BuildingBlocks.BackgroundJobs/BackgroundJobSchedulerOptions.cs	L2-AUTH22-archive
services/Diten.Building.Blocks/src/Diten.BuildingBlocks.BackgroundJobs/BackgroundJobTriggerTypes.cs	L2-AUTH22-archive
services/Diten.Building.Blocks/src/Diten.BuildingBlocks.BackgroundJobs/BackgroundJobValidationException.cs	L2-AUTH22-archive
services/Diten.Building.Blocks/src/Diten.BuildingBlocks.BackgroundJobs/Diten.BuildingBlocks.BackgroundJobs.csproj	L2-AUTH22-archive
services/Diten.Building.Blocks/src/Diten.BuildingBlocks.BackgroundJobs/IBackgroundJob.cs	L2-AUTH22-archive
services/Diten.Building.Blocks/src/Diten.BuildingBlocks.BackgroundJobs/IBackgroundJobHandler.cs	L2-AUTH22-archive
services/Diten.Building.Blocks/src/Diten.BuildingBlocks.BackgroundJobs/IBackgroundJobScheduler.cs	L2-AUTH22-archive
services/Diten.Building.Blocks/src/Diten.BuildingBlocks.BackgroundJobs/IRecurringJobRegistrar.cs	L2-AUTH22-archive
services/Diten.Building.Blocks/src/Diten.BuildingBlocks.BackgroundJobs/JobRegistrationOptions.cs	L2-AUTH22-archive
services/Diten.Building.Blocks/src/Diten.BuildingBlocks.BackgroundJobs/RecurringJobRegistration.cs	L2-AUTH22-archive
services/Diten.Building.Blocks/src/Diten.BuildingBlocks.Eventing/Diten.BuildingBlocks.Eventing.csproj	L2-AUTH22-archive
services/Diten.Building.Blocks/src/Diten.BuildingBlocks.Eventing/EventEnvelope.cs	L2-AUTH22-archive
services/Diten.Building.Blocks/src/Diten.BuildingBlocks.Eventing/EventErrorRedactor.cs	L2-AUTH22-archive
services/Diten.Building.Blocks/src/Diten.BuildingBlocks.Eventing/EventMetadata.cs	L2-AUTH22-archive
services/Diten.Building.Blocks/src/Diten.BuildingBlocks.Eventing/EventName.cs	L2-AUTH22-archive
services/Diten.Building.Blocks/src/Diten.BuildingBlocks.Eventing/EventOutboxContracts.cs	L2-AUTH22-archive
services/Diten.Building.Blocks/src/Diten.BuildingBlocks.Eventing/EventOutboxPublisherProcessor.cs	L2-AUTH22-archive
services/Diten.Building.Blocks/src/Diten.BuildingBlocks.Eventing/EventPayloadContractValidator.cs	L2-AUTH22-archive
services/Diten.Building.Blocks/src/Diten.BuildingBlocks.Eventing/EventPublishOptions.cs	L2-AUTH22-archive
services/Diten.Building.Blocks/src/Diten.BuildingBlocks.Eventing/EventTransportExceptions.cs	L2-AUTH22-archive
services/Diten.Building.Blocks/src/Diten.BuildingBlocks.Eventing/EventTransportMessage.cs	L2-AUTH22-archive
services/Diten.Building.Blocks/src/Diten.BuildingBlocks.Eventing/EventValidationException.cs	L2-AUTH22-archive
services/Diten.Building.Blocks/src/Diten.BuildingBlocks.Eventing/HmacSha256EventSignature.cs	L2-AUTH22-archive
services/Diten.Building.Blocks/src/Diten.BuildingBlocks.Eventing/ICanonicalIntegrationEvent.cs	L2-AUTH22-archive
services/Diten.Building.Blocks/src/Diten.BuildingBlocks.Eventing/IDomainEvent.cs	L2-AUTH22-archive
services/Diten.Building.Blocks/src/Diten.BuildingBlocks.Eventing/IEventBus.cs	L2-AUTH22-archive
services/Diten.Building.Blocks/src/Diten.BuildingBlocks.Eventing/IEventHandler.cs	L2-AUTH22-archive
services/Diten.Building.Blocks/src/Diten.BuildingBlocks.Eventing/IEventTransportPublisher.cs	L2-AUTH22-archive
services/Diten.Building.Blocks/src/Diten.BuildingBlocks.Eventing/IIntegrationEvent.cs	L2-AUTH22-archive
services/Diten.Building.Blocks/src/Diten.BuildingBlocks.Eventing/IInternalEvent.cs	L2-AUTH22-archive
services/Diten.Building.Blocks/src/Diten.BuildingBlocks.Eventing/ITrustedTransportMetadataProvider.cs	L2-AUTH22-archive
services/Diten.Building.Blocks/src/Diten.BuildingBlocks.Eventing/OutboxEventBus.cs	L2-AUTH22-archive
services/Diten.Building.Blocks/src/Diten.BuildingBlocks.Eventing/RawSignatureHeaderExtractor.cs	L2-AUTH22-archive
services/Diten.Building.Blocks/src/Diten.BuildingBlocks.Eventing/SignedEventContracts.cs	L2-AUTH22-archive
services/Diten.Building.Blocks/src/Diten.BuildingBlocks.Eventing/TrustedTransportMetadata.cs	L2-AUTH22-archive
services/Diten.Building.Blocks/src/Diten.BuildingBlocks.InterfaceRegistry.Abstractions/ConsumesInterfaceAttribute.cs	L2-AUTH22-archive
services/Diten.Building.Blocks/src/Diten.BuildingBlocks.InterfaceRegistry.Abstractions/Diten.BuildingBlocks.InterfaceRegistry.Abstractions.csproj	L2-AUTH22-archive
services/Diten.Building.Blocks/src/Diten.BuildingBlocks.InterfaceRegistry.Abstractions/IInterfaceManifestProvider.cs	L2-AUTH22-archive
services/Diten.Building.Blocks/src/Diten.BuildingBlocks.InterfaceRegistry.Abstractions/InterfaceChangeType.cs	L2-AUTH22-archive
services/Diten.Building.Blocks/src/Diten.BuildingBlocks.InterfaceRegistry.Abstractions/InterfaceConsumerManifest.cs	L2-AUTH22-archive
services/Diten.Building.Blocks/src/Diten.BuildingBlocks.InterfaceRegistry.Abstractions/InterfaceDefinitionManifest.cs	L2-AUTH22-archive
services/Diten.Building.Blocks/src/Diten.BuildingBlocks.InterfaceRegistry.Abstractions/InterfaceEndpointManifest.cs	L2-AUTH22-archive
services/Diten.Building.Blocks/src/Diten.BuildingBlocks.InterfaceRegistry.Abstractions/InterfaceLifecycleStatus.cs	L2-AUTH22-archive
services/Diten.Building.Blocks/src/Diten.BuildingBlocks.InterfaceRegistry.Abstractions/InterfaceManifestDocument.cs	L2-AUTH22-archive
services/Diten.Building.Blocks/src/Diten.BuildingBlocks.InterfaceRegistry.Abstractions/InterfaceRegistryAttribute.cs	L2-AUTH22-archive
services/Diten.Building.Blocks/src/Diten.BuildingBlocks.InterfaceRegistry.Abstractions/InterfaceReviewDecision.cs	L2-AUTH22-archive
services/Diten.Building.Blocks/src/Diten.BuildingBlocks.InterfaceRegistry.Abstractions/InterfaceStability.cs	L2-AUTH22-archive
services/Diten.Building.Blocks/src/Diten.BuildingBlocks.InterfaceRegistry.Abstractions/InterfaceVisibility.cs	L2-AUTH22-archive
services/Diten.Building.Blocks/src/Diten.BuildingBlocks.ModuleRegistration.Abstractions/Diten.BuildingBlocks.ModuleRegistration.Abstractions.csproj	L2-AUTH22-archive
services/Diten.Building.Blocks/src/Diten.BuildingBlocks.ModuleRegistration.Abstractions/ModuleManifestDocument.cs	L2-AUTH22-archive
services/Diten.Building.Blocks/src/Diten.BuildingBlocks.ModuleRegistration.Abstractions/ModuleRegistrationRetry.cs	L2-AUTH22-archive
services/Diten.CrmService/src/Diten.CrmService.Api/Controllers/CRM/CampaignsController.cs	L1-A12-360
services/Diten.CrmService/src/Diten.CrmService.Api/Controllers/CRM/ConsentsController.cs	L1-A12-360
services/Diten.CrmService/src/Diten.CrmService.Api/Controllers/CRM/KnowledgeContentsController.cs	L1-A12-360
services/Diten.CrmService/src/Diten.CrmService.Api/Controllers/CRM/TerritoryContractController.cs	L1-A12-360
services/Diten.CrmService/src/Diten.CrmService.Api/Program.cs	L1-A12-360
services/Diten.CrmService/src/Diten.CrmService.Api/Properties/launchSettings.json	L1-A12-360
services/Diten.MdmService/Diten.MdmService.sln	L2-AUTH22-archive
services/Diten.MdmService/src/Diten.MdmService.Api/Audit/PlatformAuditForwarder.cs	L2-AUTH22-archive
services/Diten.MdmService/src/Diten.MdmService.Api/Contracts/ProductAbbreviations/ProductAbbreviationRequests.cs	L2-AUTH22-archive
services/Diten.MdmService/src/Diten.MdmService.Api/Controllers/BrandProductContractController.cs	L2-AUTH22-archive
services/Diten.MdmService/src/Diten.MdmService.Api/Controllers/BrandsController.cs	L2-AUTH22-archive
services/Diten.MdmService/src/Diten.MdmService.Api/Controllers/CustomBaseController.cs	L2-AUTH22-archive
services/Diten.MdmService/src/Diten.MdmService.Api/Controllers/FinishedGoodsController.cs	L2-AUTH22-archive
services/Diten.MdmService/src/Diten.MdmService.Api/Controllers/GlobalProductsController.cs	L2-AUTH22-archive
services/Diten.MdmService/src/Diten.MdmService.Api/Controllers/GskusController.cs	L2-AUTH22-archive
services/Diten.MdmService/src/Diten.MdmService.Api/Controllers/Internal/InternalLegalEntityReferenceController.cs	L2-AUTH22-archive
services/Diten.MdmService/src/Diten.MdmService.Api/Controllers/LegalEntitiesController.cs	L2-AUTH22-archive
services/Diten.MdmService/src/Diten.MdmService.Api/Controllers/LegalEntityLookupsController.cs	L2-AUTH22-archive
services/Diten.MdmService/src/Diten.MdmService.Api/Controllers/LskusController.cs	L2-AUTH22-archive
services/Diten.MdmService/src/Diten.MdmService.Api/Controllers/ProductAbbreviationsController.cs	L2-AUTH22-archive
services/Diten.MdmService/src/Diten.MdmService.Api/Controllers/ProductsController.cs	L2-AUTH22-archive
services/Diten.MdmService/src/Diten.MdmService.Api/Diten.MdmService.Api.csproj	L2-AUTH22-archive
services/Diten.MdmService/src/Diten.MdmService.Api/ModuleRegistration/IModuleManifestProvider.cs	L2-AUTH22-archive
services/Diten.MdmService/src/Diten.MdmService.Api/ModuleRegistration/LegalEntityManifestProvider.cs	L2-AUTH22-archive
services/Diten.MdmService/src/Diten.MdmService.Api/ModuleRegistration/ModuleRegistrationHostedService.cs	L2-AUTH22-archive
services/Diten.MdmService/src/Diten.MdmService.Api/ModuleRegistration/PlatformRegistrationOptions.cs	L2-AUTH22-archive
services/Diten.MdmService/src/Diten.MdmService.Api/ModuleRegistration/ProductItemSkuMasterManifestProvider.cs	L2-AUTH22-archive
services/Diten.MdmService/src/Diten.MdmService.Api/Program.cs	L2-AUTH22-archive
services/Diten.MdmService/src/Diten.MdmService.Api/Properties/launchSettings.json	L2-AUTH22-archive
services/Diten.MdmService/src/Diten.MdmService.Api/Security/PlatformServiceIdentityOptions.cs	L2-AUTH22-archive
services/Diten.MdmService/src/Diten.MdmService.Api/Security/PlatformServiceTokenValidator.cs	L2-AUTH22-archive
services/Diten.MdmService/src/Diten.MdmService.Api/appsettings.Development.json	L2-AUTH22-archive
services/Diten.MdmService/src/Diten.MdmService.Api/appsettings.json	L2-AUTH22-archive
services/Diten.MdmService/src/Diten.MdmService.Application/Behaviors/AuditForwardingBehavior.cs	L2-AUTH22-archive
services/Diten.MdmService/src/Diten.MdmService.Application/Behaviors/ExceptionHandlingBehavior.cs	L2-AUTH22-archive
services/Diten.MdmService/src/Diten.MdmService.Application/Behaviors/LoggingBehavior.cs	L2-AUTH22-archive
services/Diten.MdmService/src/Diten.MdmService.Application/Behaviors/PerformanceBehavior.cs	L2-AUTH22-archive
services/Diten.MdmService/src/Diten.MdmService.Application/Behaviors/ValidationBehavior.cs	L2-AUTH22-archive
services/Diten.MdmService/src/Diten.MdmService.Application/Common/ITenantContext.cs	L2-AUTH22-archive
services/Diten.MdmService/src/Diten.MdmService.Application/Common/Models/Response.cs	L2-AUTH22-archive
services/Diten.MdmService/src/Diten.MdmService.Application/Common/TenantContext.cs	L2-AUTH22-archive
services/Diten.MdmService/src/Diten.MdmService.Application/Contracts/Audit/AuditEnums.cs	L2-AUTH22-archive
services/Diten.MdmService/src/Diten.MdmService.Application/Contracts/Audit/IAuditMetadataProvider.cs	L2-AUTH22-archive
services/Diten.MdmService/src/Diten.MdmService.Application/Contracts/Audit/IAuditableCommand.cs	L2-AUTH22-archive
services/Diten.MdmService/src/Diten.MdmService.Application/Contracts/Audit/IPlatformAuditForwarder.cs	L2-AUTH22-archive
services/Diten.MdmService/src/Diten.MdmService.Application/Contracts/IProductAbbreviationActorContext.cs	L2-AUTH22-archive
services/Diten.MdmService/src/Diten.MdmService.Application/Contracts/IProductIdentityActorContext.cs	L2-AUTH22-archive
services/Diten.MdmService/src/Diten.MdmService.Application/Contracts/ReferenceData/IVerifiedGskuReferenceResolver.cs	L2-AUTH22-archive
services/Diten.MdmService/src/Diten.MdmService.Application/Contracts/ReferenceData/IVerifiedMarketReferenceResolver.cs	L2-AUTH22-archive
services/Diten.MdmService/src/Diten.MdmService.Application/DependencyInjection.cs	L2-AUTH22-archive
services/Diten.MdmService/src/Diten.MdmService.Application/Diten.MdmService.Application.csproj	L2-AUTH22-archive
services/Diten.MdmService/src/Diten.MdmService.Application/Features/Brand/BrandModels.cs	L2-AUTH22-archive
services/Diten.MdmService/src/Diten.MdmService.Application/Features/Brand/Commands/ArchiveBrandCommand.cs	L2-AUTH22-archive
services/Diten.MdmService/src/Diten.MdmService.Application/Features/Brand/Commands/CreateBrandCommand.cs	L2-AUTH22-archive
services/Diten.MdmService/src/Diten.MdmService.Application/Features/Brand/Commands/UpdateBrandCommand.cs	L2-AUTH22-archive
services/Diten.MdmService/src/Diten.MdmService.Application/Features/Brand/Handlers/CommandHandlers/ArchiveBrandHandler.cs	L2-AUTH22-archive
services/Diten.MdmService/src/Diten.MdmService.Application/Features/Brand/Handlers/CommandHandlers/CreateBrandHandler.cs	L2-AUTH22-archive
services/Diten.MdmService/src/Diten.MdmService.Application/Features/Brand/Handlers/CommandHandlers/UpdateBrandHandler.cs	L2-AUTH22-archive
services/Diten.MdmService/src/Diten.MdmService.Application/Features/Brand/Handlers/QueryHandlers/GetBrandByIdHandler.cs	L2-AUTH22-archive
services/Diten.MdmService/src/Diten.MdmService.Application/Features/Brand/Handlers/QueryHandlers/GetBrandListHandler.cs	L2-AUTH22-archive
services/Diten.MdmService/src/Diten.MdmService.Application/Features/Brand/Handlers/QueryHandlers/GetBrandProductsHandler.cs	L2-AUTH22-archive
services/Diten.MdmService/src/Diten.MdmService.Application/Features/Brand/Queries/GetBrandByIdQuery.cs	L2-AUTH22-archive
services/Diten.MdmService/src/Diten.MdmService.Application/Features/Brand/Queries/GetBrandListQuery.cs	L2-AUTH22-archive
services/Diten.MdmService/src/Diten.MdmService.Application/Features/Brand/Queries/GetBrandProductsQuery.cs	L2-AUTH22-archive
services/Diten.MdmService/src/Diten.MdmService.Application/Features/Brand/Validators/CreateBrandValidator.cs	L2-AUTH22-archive
services/Diten.MdmService/src/Diten.MdmService.Application/Features/Brand/Validators/UpdateBrandValidator.cs	L2-AUTH22-archive
services/Diten.MdmService/src/Diten.MdmService.Application/Features/BrandProductContract/BrandProductContractModels.cs	L2-AUTH22-archive
services/Diten.MdmService/src/Diten.MdmService.Application/Features/BrandProductContract/BrandProductSharedModels.cs	L2-AUTH22-archive
services/Diten.MdmService/src/Diten.MdmService.Application/Features/BrandProductContract/Handlers/QueryHandlers/GetBrandProductContractHandler.cs	L2-AUTH22-archive
services/Diten.MdmService/src/Diten.MdmService.Application/Features/BrandProductContract/Queries/GetBrandProductContractQuery.cs	L2-AUTH22-archive
services/Diten.MdmService/src/Diten.MdmService.Application/Features/LegalEntity/Commands/ActivateLegalEntityCommand.cs	L2-AUTH22-archive
services/Diten.MdmService/src/Diten.MdmService.Application/Features/LegalEntity/Commands/ArchiveLegalEntityCommand.cs	L2-AUTH22-archive
services/Diten.MdmService/src/Diten.MdmService.Application/Features/LegalEntity/Commands/CreateLegalEntityCommand.cs	L2-AUTH22-archive
services/Diten.MdmService/src/Diten.MdmService.Application/Features/LegalEntity/Commands/DeleteLegalEntityCommand.cs	L2-AUTH22-archive
services/Diten.MdmService/src/Diten.MdmService.Application/Features/LegalEntity/Commands/SuspendLegalEntityCommand.cs	L2-AUTH22-archive
services/Diten.MdmService/src/Diten.MdmService.Application/Features/LegalEntity/Commands/UpdateLegalEntityCommand.cs	L2-AUTH22-archive
services/Diten.MdmService/src/Diten.MdmService.Application/Features/LegalEntity/Handlers/CommandHandlers/ActivateLegalEntityHandler.cs	L2-AUTH22-archive
services/Diten.MdmService/src/Diten.MdmService.Application/Features/LegalEntity/Handlers/CommandHandlers/ArchiveLegalEntityHandler.cs	L2-AUTH22-archive
services/Diten.MdmService/src/Diten.MdmService.Application/Features/LegalEntity/Handlers/CommandHandlers/CreateLegalEntityHandler.cs	L2-AUTH22-archive
services/Diten.MdmService/src/Diten.MdmService.Application/Features/LegalEntity/Handlers/CommandHandlers/DeleteLegalEntityHandler.cs	L2-AUTH22-archive
services/Diten.MdmService/src/Diten.MdmService.Application/Features/LegalEntity/Handlers/CommandHandlers/SuspendLegalEntityHandler.cs	L2-AUTH22-archive
services/Diten.MdmService/src/Diten.MdmService.Application/Features/LegalEntity/Handlers/CommandHandlers/UpdateLegalEntityHandler.cs	L2-AUTH22-archive
services/Diten.MdmService/src/Diten.MdmService.Application/Features/LegalEntity/Handlers/QueryHandlers/GetLegalEntitiesHandler.cs	L2-AUTH22-archive
services/Diten.MdmService/src/Diten.MdmService.Application/Features/LegalEntity/Handlers/QueryHandlers/GetLegalEntitiesLookupHandler.cs	L2-AUTH22-archive
services/Diten.MdmService/src/Diten.MdmService.Application/Features/LegalEntity/Handlers/QueryHandlers/GetLegalEntityByIdHandler.cs	L2-AUTH22-archive
services/Diten.MdmService/src/Diten.MdmService.Application/Features/LegalEntity/Handlers/QueryHandlers/ValidateLegalEntityReferenceHandler.cs	L2-AUTH22-archive
services/Diten.MdmService/src/Diten.MdmService.Application/Features/LegalEntity/LegalEntityModels.cs	L2-AUTH22-archive
services/Diten.MdmService/src/Diten.MdmService.Application/Features/LegalEntity/Queries/GetLegalEntitiesLookupQuery.cs	L2-AUTH22-archive
services/Diten.MdmService/src/Diten.MdmService.Application/Features/LegalEntity/Queries/GetLegalEntitiesQuery.cs	L2-AUTH22-archive
services/Diten.MdmService/src/Diten.MdmService.Application/Features/LegalEntity/Queries/GetLegalEntityByIdQuery.cs	L2-AUTH22-archive
services/Diten.MdmService/src/Diten.MdmService.Application/Features/LegalEntity/Queries/ValidateLegalEntityReferenceQuery.cs	L2-AUTH22-archive
services/Diten.MdmService/src/Diten.MdmService.Application/Features/LegalEntity/Validators/LegalEntityCommandValidators.cs	L2-AUTH22-archive
services/Diten.MdmService/src/Diten.MdmService.Application/Features/LegalEntity/Validators/LegalEntityWriteRequestValidator.cs	L2-AUTH22-archive
services/Diten.MdmService/src/Diten.MdmService.Application/Features/Lookups/GetLegalEntityLookupQuery.cs	L2-AUTH22-archive
services/Diten.MdmService/src/Diten.MdmService.Application/Features/Lookups/LegalEntityLookupModels.cs	L2-AUTH22-archive
services/Diten.MdmService/src/Diten.MdmService.Application/Features/Product/Commands/ArchiveProductCommand.cs	L2-AUTH22-archive
services/Diten.MdmService/src/Diten.MdmService.Application/Features/Product/Commands/CreateProductCommand.cs	L2-AUTH22-archive
services/Diten.MdmService/src/Diten.MdmService.Application/Features/Product/Commands/UpdateProductCommand.cs	L2-AUTH22-archive
services/Diten.MdmService/src/Diten.MdmService.Application/Features/Product/Handlers/CommandHandlers/ArchiveProductHandler.cs	L2-AUTH22-archive
services/Diten.MdmService/src/Diten.MdmService.Application/Features/Product/Handlers/CommandHandlers/CreateProductHandler.cs	L2-AUTH22-archive
services/Diten.MdmService/src/Diten.MdmService.Application/Features/Product/Handlers/CommandHandlers/UpdateProductHandler.cs	L2-AUTH22-archive
services/Diten.MdmService/src/Diten.MdmService.Application/Features/Product/Handlers/QueryHandlers/GetProductByIdHandler.cs	L2-AUTH22-archive
services/Diten.MdmService/src/Diten.MdmService.Application/Features/Product/Handlers/QueryHandlers/GetProductListHandler.cs	L2-AUTH22-archive
services/Diten.MdmService/src/Diten.MdmService.Application/Features/Product/ProductModels.cs	L2-AUTH22-archive
services/Diten.MdmService/src/Diten.MdmService.Application/Features/Product/Queries/GetProductByIdQuery.cs	L2-AUTH22-archive
services/Diten.MdmService/src/Diten.MdmService.Application/Features/Product/Queries/GetProductListQuery.cs	L2-AUTH22-archive
services/Diten.MdmService/src/Diten.MdmService.Application/Features/Product/Validators/CreateProductValidator.cs	L2-AUTH22-archive
services/Diten.MdmService/src/Diten.MdmService.Application/Features/Product/Validators/UpdateProductValidator.cs	L2-AUTH22-archive
services/Diten.MdmService/src/Diten.MdmService.Application/Features/ProductAbbreviationRegister/Commands/ApproveProductAbbreviationAllocationCommand.cs	L2-AUTH22-archive
services/Diten.MdmService/src/Diten.MdmService.Application/Features/ProductAbbreviationRegister/Commands/ApproveProductAbbreviationRetirementCommand.cs	L2-AUTH22-archive
services/Diten.MdmService/src/Diten.MdmService.Application/Features/ProductAbbreviationRegister/Commands/CancelProductAbbreviationAllocationCommand.cs	L2-AUTH22-archive
services/Diten.MdmService/src/Diten.MdmService.Application/Features/ProductAbbreviationRegister/Commands/InitiateProductAbbreviationCorrectionCommand.cs	L2-AUTH22-archive
services/Diten.MdmService/src/Diten.MdmService.Application/Features/ProductAbbreviationRegister/Commands/RejectProductAbbreviationAllocationCommand.cs	L2-AUTH22-archive
services/Diten.MdmService/src/Diten.MdmService.Application/Features/ProductAbbreviationRegister/Commands/RejectProductAbbreviationRetirementCommand.cs	L2-AUTH22-archive
services/Diten.MdmService/src/Diten.MdmService.Application/Features/ProductAbbreviationRegister/Commands/RequestProductAbbreviationAllocationCommand.cs	L2-AUTH22-archive
services/Diten.MdmService/src/Diten.MdmService.Application/Features/ProductAbbreviationRegister/Commands/RequestProductAbbreviationRetirementCommand.cs	L2-AUTH22-archive
services/Diten.MdmService/src/Diten.MdmService.Application/Features/ProductAbbreviationRegister/Handlers/CommandHandlers/ApproveProductAbbreviationAllocationHandler.cs	L2-AUTH22-archive
services/Diten.MdmService/src/Diten.MdmService.Application/Features/ProductAbbreviationRegister/Handlers/CommandHandlers/ApproveProductAbbreviationRetirementHandler.cs	L2-AUTH22-archive
services/Diten.MdmService/src/Diten.MdmService.Application/Features/ProductAbbreviationRegister/Handlers/CommandHandlers/CancelProductAbbreviationAllocationHandler.cs	L2-AUTH22-archive
services/Diten.MdmService/src/Diten.MdmService.Application/Features/ProductAbbreviationRegister/Handlers/CommandHandlers/InitiateProductAbbreviationCorrectionHandler.cs	L2-AUTH22-archive
services/Diten.MdmService/src/Diten.MdmService.Application/Features/ProductAbbreviationRegister/Handlers/CommandHandlers/RejectProductAbbreviationAllocationHandler.cs	L2-AUTH22-archive
services/Diten.MdmService/src/Diten.MdmService.Application/Features/ProductAbbreviationRegister/Handlers/CommandHandlers/RejectProductAbbreviationRetirementHandler.cs	L2-AUTH22-archive
services/Diten.MdmService/src/Diten.MdmService.Application/Features/ProductAbbreviationRegister/Handlers/CommandHandlers/RequestProductAbbreviationAllocationHandler.cs	L2-AUTH22-archive
services/Diten.MdmService/src/Diten.MdmService.Application/Features/ProductAbbreviationRegister/Handlers/CommandHandlers/RequestProductAbbreviationRetirementHandler.cs	L2-AUTH22-archive
services/Diten.MdmService/src/Diten.MdmService.Application/Features/ProductAbbreviationRegister/Handlers/QueryHandlers/GetProductAbbreviationAllocationEvidenceHandler.cs	L2-AUTH22-archive
services/Diten.MdmService/src/Diten.MdmService.Application/Features/ProductAbbreviationRegister/Handlers/QueryHandlers/GetProductAbbreviationByGlobalProductHandler.cs	L2-AUTH22-archive
services/Diten.MdmService/src/Diten.MdmService.Application/Features/ProductAbbreviationRegister/Handlers/QueryHandlers/ResolveProductAbbreviationHandler.cs	L2-AUTH22-archive
services/Diten.MdmService/src/Diten.MdmService.Application/Features/ProductAbbreviationRegister/ProductAbbreviationRegisterModels.cs	L2-AUTH22-archive
services/Diten.MdmService/src/Diten.MdmService.Application/Features/ProductAbbreviationRegister/Queries/GetProductAbbreviationAllocationEvidenceQuery.cs	L2-AUTH22-archive
services/Diten.MdmService/src/Diten.MdmService.Application/Features/ProductAbbreviationRegister/Queries/GetProductAbbreviationByGlobalProductQuery.cs	L2-AUTH22-archive
services/Diten.MdmService/src/Diten.MdmService.Application/Features/ProductAbbreviationRegister/Queries/ResolveProductAbbreviationQuery.cs	L2-AUTH22-archive
services/Diten.MdmService/src/Diten.MdmService.Application/Features/ProductAbbreviationRegister/Services/ProductAbbreviationAuthorization.cs	L2-AUTH22-archive
services/Diten.MdmService/src/Diten.MdmService.Application/Features/ProductAbbreviationRegister/Services/ProductAbbreviationNormalizer.cs	L2-AUTH22-archive
services/Diten.MdmService/src/Diten.MdmService.Application/Features/ProductAbbreviationRegister/Services/ProductAbbreviationWorkflow.cs	L2-AUTH22-archive
services/Diten.MdmService/src/Diten.MdmService.Application/Features/ProductAbbreviationRegister/Validators/ApproveProductAbbreviationAllocationValidator.cs	L2-AUTH22-archive
services/Diten.MdmService/src/Diten.MdmService.Application/Features/ProductAbbreviationRegister/Validators/ApproveProductAbbreviationRetirementValidator.cs	L2-AUTH22-archive
services/Diten.MdmService/src/Diten.MdmService.Application/Features/ProductAbbreviationRegister/Validators/CancelProductAbbreviationAllocationValidator.cs	L2-AUTH22-archive
services/Diten.MdmService/src/Diten.MdmService.Application/Features/ProductAbbreviationRegister/Validators/InitiateProductAbbreviationCorrectionValidator.cs	L2-AUTH22-archive
services/Diten.MdmService/src/Diten.MdmService.Application/Features/ProductAbbreviationRegister/Validators/RejectProductAbbreviationAllocationValidator.cs	L2-AUTH22-archive
services/Diten.MdmService/src/Diten.MdmService.Application/Features/ProductAbbreviationRegister/Validators/RejectProductAbbreviationRetirementValidator.cs	L2-AUTH22-archive
services/Diten.MdmService/src/Diten.MdmService.Application/Features/ProductAbbreviationRegister/Validators/RequestProductAbbreviationAllocationValidator.cs	L2-AUTH22-archive
services/Diten.MdmService/src/Diten.MdmService.Application/Features/ProductAbbreviationRegister/Validators/RequestProductAbbreviationRetirementValidator.cs	L2-AUTH22-archive
services/Diten.MdmService/src/Diten.MdmService.Application/Features/ProductItemSkuMaster/Commands/CreateFinishedGoodDraftCommand.cs	L2-AUTH22-archive
services/Diten.MdmService/src/Diten.MdmService.Application/Features/ProductItemSkuMaster/Commands/CreateFirstGskuDraftCommand.cs	L2-AUTH22-archive
services/Diten.MdmService/src/Diten.MdmService.Application/Features/ProductItemSkuMaster/Commands/CreateFirstGskuDraftFacadeCommand.cs	L2-AUTH22-archive
services/Diten.MdmService/src/Diten.MdmService.Application/Features/ProductItemSkuMaster/Commands/CreateGlobalProductDraftCommand.cs	L2-AUTH22-archive
services/Diten.MdmService/src/Diten.MdmService.Application/Features/ProductItemSkuMaster/Commands/CreateLskuDraftCommand.cs	L2-AUTH22-archive
services/Diten.MdmService/src/Diten.MdmService.Application/Features/ProductItemSkuMaster/Commands/ReserveCanonicalCodeCommand.cs	L2-AUTH22-archive
services/Diten.MdmService/src/Diten.MdmService.Application/Features/ProductItemSkuMaster/Commands/UpdateGskuDraftCommand.cs	L2-AUTH22-archive
services/Diten.MdmService/src/Diten.MdmService.Application/Features/ProductItemSkuMaster/GskuCreateOptionsFacade.cs	L2-AUTH22-archive
services/Diten.MdmService/src/Diten.MdmService.Application/Features/ProductItemSkuMaster/Handlers/CommandHandlers/CreateFinishedGoodDraftHandler.cs	L2-AUTH22-archive
services/Diten.MdmService/src/Diten.MdmService.Application/Features/ProductItemSkuMaster/Handlers/CommandHandlers/CreateFirstGskuDraftFacadeHandler.cs	L2-AUTH22-archive
services/Diten.MdmService/src/Diten.MdmService.Application/Features/ProductItemSkuMaster/Handlers/CommandHandlers/CreateFirstGskuDraftHandler.cs	L2-AUTH22-archive
services/Diten.MdmService/src/Diten.MdmService.Application/Features/ProductItemSkuMaster/Handlers/CommandHandlers/CreateGlobalProductDraftHandler.cs	L2-AUTH22-archive
services/Diten.MdmService/src/Diten.MdmService.Application/Features/ProductItemSkuMaster/Handlers/CommandHandlers/CreateLskuDraftHandler.cs	L2-AUTH22-archive
services/Diten.MdmService/src/Diten.MdmService.Application/Features/ProductItemSkuMaster/Handlers/CommandHandlers/ReserveCanonicalCodeHandler.cs	L2-AUTH22-archive
services/Diten.MdmService/src/Diten.MdmService.Application/Features/ProductItemSkuMaster/Handlers/CommandHandlers/UpdateGskuDraftHandler.cs	L2-AUTH22-archive
services/Diten.MdmService/src/Diten.MdmService.Application/Features/ProductItemSkuMaster/Handlers/QueryHandlers/GetFinishedGoodByIdHandler.cs	L2-AUTH22-archive
services/Diten.MdmService/src/Diten.MdmService.Application/Features/ProductItemSkuMaster/Handlers/QueryHandlers/GetFinishedGoodGskuSelectorHandler.cs	L2-AUTH22-archive
services/Diten.MdmService/src/Diten.MdmService.Application/Features/ProductItemSkuMaster/Handlers/QueryHandlers/GetFinishedGoodsHandler.cs	L2-AUTH22-archive
services/Diten.MdmService/src/Diten.MdmService.Application/Features/ProductItemSkuMaster/Handlers/QueryHandlers/GetGlobalProductByIdHandler.cs	L2-AUTH22-archive
services/Diten.MdmService/src/Diten.MdmService.Application/Features/ProductItemSkuMaster/Handlers/QueryHandlers/GetGlobalProductSelectorHandler.cs	L2-AUTH22-archive
services/Diten.MdmService/src/Diten.MdmService.Application/Features/ProductItemSkuMaster/Handlers/QueryHandlers/GetGlobalProductsHandler.cs	L2-AUTH22-archive
services/Diten.MdmService/src/Diten.MdmService.Application/Features/ProductItemSkuMaster/Handlers/QueryHandlers/GetGskuByIdHandler.cs	L2-AUTH22-archive
services/Diten.MdmService/src/Diten.MdmService.Application/Features/ProductItemSkuMaster/Handlers/QueryHandlers/GetGskuCreateOptionsHandler.cs	L2-AUTH22-archive
services/Diten.MdmService/src/Diten.MdmService.Application/Features/ProductItemSkuMaster/Handlers/QueryHandlers/GetGskusHandler.cs	L2-AUTH22-archive
services/Diten.MdmService/src/Diten.MdmService.Application/Features/ProductItemSkuMaster/Handlers/QueryHandlers/GetLskuByIdHandler.cs	L2-AUTH22-archive
services/Diten.MdmService/src/Diten.MdmService.Application/Features/ProductItemSkuMaster/Handlers/QueryHandlers/GetLskuCreateOptionsHandler.cs	L2-AUTH22-archive
services/Diten.MdmService/src/Diten.MdmService.Application/Features/ProductItemSkuMaster/Handlers/QueryHandlers/GetLskusHandler.cs	L2-AUTH22-archive
services/Diten.MdmService/src/Diten.MdmService.Application/Features/ProductItemSkuMaster/LskuCreateOptionsFacade.cs	L2-AUTH22-archive
services/Diten.MdmService/src/Diten.MdmService.Application/Features/ProductItemSkuMaster/ProductItemSkuMasterModels.cs	L2-AUTH22-archive
services/Diten.MdmService/src/Diten.MdmService.Application/Features/ProductItemSkuMaster/Queries/GetFinishedGoodByIdQuery.cs	L2-AUTH22-archive
services/Diten.MdmService/src/Diten.MdmService.Application/Features/ProductItemSkuMaster/Queries/GetFinishedGoodGskuSelectorQuery.cs	L2-AUTH22-archive
services/Diten.MdmService/src/Diten.MdmService.Application/Features/ProductItemSkuMaster/Queries/GetFinishedGoodsQuery.cs	L2-AUTH22-archive
services/Diten.MdmService/src/Diten.MdmService.Application/Features/ProductItemSkuMaster/Queries/GetGlobalProductByIdQuery.cs	L2-AUTH22-archive
services/Diten.MdmService/src/Diten.MdmService.Application/Features/ProductItemSkuMaster/Queries/GetGlobalProductSelectorQuery.cs	L2-AUTH22-archive
services/Diten.MdmService/src/Diten.MdmService.Application/Features/ProductItemSkuMaster/Queries/GetGlobalProductsQuery.cs	L2-AUTH22-archive
services/Diten.MdmService/src/Diten.MdmService.Application/Features/ProductItemSkuMaster/Queries/GetGskuByIdQuery.cs	L2-AUTH22-archive
services/Diten.MdmService/src/Diten.MdmService.Application/Features/ProductItemSkuMaster/Queries/GetGskuCreateOptionsQuery.cs	L2-AUTH22-archive
services/Diten.MdmService/src/Diten.MdmService.Application/Features/ProductItemSkuMaster/Queries/GetGskusQuery.cs	L2-AUTH22-archive
services/Diten.MdmService/src/Diten.MdmService.Application/Features/ProductItemSkuMaster/Queries/GetLskuByIdQuery.cs	L2-AUTH22-archive
services/Diten.MdmService/src/Diten.MdmService.Application/Features/ProductItemSkuMaster/Queries/GetLskuCreateOptionsQuery.cs	L2-AUTH22-archive
services/Diten.MdmService/src/Diten.MdmService.Application/Features/ProductItemSkuMaster/Queries/GetLskusQuery.cs	L2-AUTH22-archive
services/Diten.MdmService/src/Diten.MdmService.Application/Features/ProductItemSkuMaster/Validators/CreateFinishedGoodDraftValidator.cs	L2-AUTH22-archive
services/Diten.MdmService/src/Diten.MdmService.Application/Features/ProductItemSkuMaster/Validators/CreateFirstGskuDraftFacadeValidator.cs	L2-AUTH22-archive
services/Diten.MdmService/src/Diten.MdmService.Application/Features/ProductItemSkuMaster/Validators/CreateFirstGskuDraftValidator.cs	L2-AUTH22-archive
services/Diten.MdmService/src/Diten.MdmService.Application/Features/ProductItemSkuMaster/Validators/CreateGlobalProductDraftValidator.cs	L2-AUTH22-archive
services/Diten.MdmService/src/Diten.MdmService.Application/Features/ProductItemSkuMaster/Validators/CreateLskuDraftValidator.cs	L2-AUTH22-archive
services/Diten.MdmService/src/Diten.MdmService.Application/Features/ProductItemSkuMaster/Validators/GetFinishedGoodByIdValidator.cs	L2-AUTH22-archive
services/Diten.MdmService/src/Diten.MdmService.Application/Features/ProductItemSkuMaster/Validators/GetFinishedGoodGskuSelectorValidator.cs	L2-AUTH22-archive
services/Diten.MdmService/src/Diten.MdmService.Application/Features/ProductItemSkuMaster/Validators/GetFinishedGoodsValidator.cs	L2-AUTH22-archive
services/Diten.MdmService/src/Diten.MdmService.Application/Features/ProductItemSkuMaster/Validators/GetGlobalProductByIdValidator.cs	L2-AUTH22-archive
services/Diten.MdmService/src/Diten.MdmService.Application/Features/ProductItemSkuMaster/Validators/GetGlobalProductSelectorValidator.cs	L2-AUTH22-archive
services/Diten.MdmService/src/Diten.MdmService.Application/Features/ProductItemSkuMaster/Validators/GetGlobalProductsValidator.cs	L2-AUTH22-archive
services/Diten.MdmService/src/Diten.MdmService.Application/Features/ProductItemSkuMaster/Validators/GetGskuCreateOptionsValidator.cs	L2-AUTH22-archive
services/Diten.MdmService/src/Diten.MdmService.Application/Features/ProductItemSkuMaster/Validators/GetGskusValidator.cs	L2-AUTH22-archive
services/Diten.MdmService/src/Diten.MdmService.Application/Features/ProductItemSkuMaster/Validators/GetLskuCreateOptionsValidator.cs	L2-AUTH22-archive
services/Diten.MdmService/src/Diten.MdmService.Application/Features/ProductItemSkuMaster/Validators/GetLskusValidator.cs	L2-AUTH22-archive
services/Diten.MdmService/src/Diten.MdmService.Application/Features/ProductItemSkuMaster/Validators/ReserveCanonicalCodeValidator.cs	L2-AUTH22-archive
services/Diten.MdmService/src/Diten.MdmService.Application/Features/ProductItemSkuMaster/Validators/UpdateGskuDraftValidator.cs	L2-AUTH22-archive
services/Diten.MdmService/src/Diten.MdmService.Domain/Diten.MdmService.Domain.csproj	L2-AUTH22-archive
services/Diten.MdmService/src/Diten.MdmService.Domain/Entities/AuditIntentContract.cs	L2-AUTH22-archive
services/Diten.MdmService/src/Diten.MdmService.Domain/Entities/AuditIntentLimits.cs	L2-AUTH22-archive
services/Diten.MdmService/src/Diten.MdmService.Domain/Entities/Brand.cs	L2-AUTH22-archive
services/Diten.MdmService/src/Diten.MdmService.Domain/Entities/BrandProductExternalReference.cs	L2-AUTH22-archive
services/Diten.MdmService/src/Diten.MdmService.Domain/Entities/CodeReservation.cs	L2-AUTH22-archive
services/Diten.MdmService/src/Diten.MdmService.Domain/Entities/EntityBase.cs	L2-AUTH22-archive
services/Diten.MdmService/src/Diten.MdmService.Domain/Entities/FinishedGood.cs	L2-AUTH22-archive
services/Diten.MdmService/src/Diten.MdmService.Domain/Entities/GlobalProduct.cs	L2-AUTH22-archive
services/Diten.MdmService/src/Diten.MdmService.Domain/Entities/GlobalProductNameRules.cs	L2-AUTH22-archive
services/Diten.MdmService/src/Diten.MdmService.Domain/Entities/Gsku.cs	L2-AUTH22-archive
services/Diten.MdmService/src/Diten.MdmService.Domain/Entities/IAuditIntentAggregate.cs	L2-AUTH22-archive
services/Diten.MdmService/src/Diten.MdmService.Domain/Entities/LegalEntity.cs	L2-AUTH22-archive
services/Diten.MdmService/src/Diten.MdmService.Domain/Entities/LocalAuditIntent.cs	L2-AUTH22-archive
services/Diten.MdmService/src/Diten.MdmService.Domain/Entities/LocalAuditIntentReceipt.cs	L2-AUTH22-archive
services/Diten.MdmService/src/Diten.MdmService.Domain/Entities/Lsku.cs	L2-AUTH22-archive
services/Diten.MdmService/src/Diten.MdmService.Domain/Entities/Product.cs	L2-AUTH22-archive
services/Diten.MdmService/src/Diten.MdmService.Domain/Entities/ProductAbbreviationAllocationLedger.cs	L2-AUTH22-archive
services/Diten.MdmService/src/Diten.MdmService.Domain/Entities/ProductAbbreviationHistoryEntry.cs	L2-AUTH22-archive
services/Diten.MdmService/src/Diten.MdmService.Domain/Entities/ProductAbbreviationRegisterEntry.cs	L2-AUTH22-archive
services/Diten.MdmService/src/Diten.MdmService.Domain/Entities/ProductDefinitionRevision.cs	L2-AUTH22-archive
services/Diten.MdmService/src/Diten.MdmService.Domain/Enums/AuditAggregateType.cs	L2-AUTH22-archive
services/Diten.MdmService/src/Diten.MdmService.Domain/Enums/AuditIntentDeliveryState.cs	L2-AUTH22-archive
services/Diten.MdmService/src/Diten.MdmService.Domain/Enums/AuditIntentFailureClass.cs	L2-AUTH22-archive
services/Diten.MdmService/src/Diten.MdmService.Domain/Enums/CodeBearingEntityType.cs	L2-AUTH22-archive
services/Diten.MdmService/src/Diten.MdmService.Domain/Enums/CodeReservationBindingState.cs	L2-AUTH22-archive
services/Diten.MdmService/src/Diten.MdmService.Domain/Enums/CodeReservationState.cs	L2-AUTH22-archive
services/Diten.MdmService/src/Diten.MdmService.Domain/Enums/LegalEntityApprovalStatus.cs	L2-AUTH22-archive
services/Diten.MdmService/src/Diten.MdmService.Domain/Enums/LegalEntityEvidenceStatus.cs	L2-AUTH22-archive
services/Diten.MdmService/src/Diten.MdmService.Domain/Enums/LegalEntityOperationalStatus.cs	L2-AUTH22-archive
services/Diten.MdmService/src/Diten.MdmService.Domain/Enums/LegalEntityStatutoryStatus.cs	L2-AUTH22-archive
services/Diten.MdmService/src/Diten.MdmService.Domain/Enums/ProductAbbreviationAllocationState.cs	L2-AUTH22-archive
services/Diten.MdmService/src/Diten.MdmService.Domain/Enums/ProductAbbreviationHistoryEventType.cs	L2-AUTH22-archive
services/Diten.MdmService/src/Diten.MdmService.Domain/Enums/ProductAbbreviationLifecycleStatus.cs	L2-AUTH22-archive
services/Diten.MdmService/src/Diten.MdmService.Domain/Enums/ProductAuditOperation.cs	L2-AUTH22-archive
services/Diten.MdmService/src/Diten.MdmService.Domain/Enums/ProductIdentityLifecycleStatus.cs	L2-AUTH22-archive
services/Diten.MdmService/src/Diten.MdmService.Domain/Enums/ReferenceCatalogResolutionMode.cs	L2-AUTH22-archive
services/Diten.MdmService/src/Diten.MdmService.Domain/Repositories/AuditIntentAcknowledgement.cs	L2-AUTH22-archive
services/Diten.MdmService/src/Diten.MdmService.Domain/Repositories/AuditIntentClaim.cs	L2-AUTH22-archive
services/Diten.MdmService/src/Diten.MdmService.Domain/Repositories/AuditIntentLocator.cs	L2-AUTH22-archive
services/Diten.MdmService/src/Diten.MdmService.Domain/Repositories/AuditIntentWorkItem.cs	L2-AUTH22-archive
services/Diten.MdmService/src/Diten.MdmService.Domain/Repositories/GlobalProductCreateResult.cs	L2-AUTH22-archive
services/Diten.MdmService/src/Diten.MdmService.Domain/Repositories/IAuditIntentDeliveryRepository.cs	L2-AUTH22-archive
services/Diten.MdmService/src/Diten.MdmService.Domain/Repositories/IBrandRepository.cs	L2-AUTH22-archive
services/Diten.MdmService/src/Diten.MdmService.Domain/Repositories/ICodeReservationRepository.cs	L2-AUTH22-archive
services/Diten.MdmService/src/Diten.MdmService.Domain/Repositories/IFinishedGoodRepository.cs	L2-AUTH22-archive
services/Diten.MdmService/src/Diten.MdmService.Domain/Repositories/IGlobalProductRepository.cs	L2-AUTH22-archive
services/Diten.MdmService/src/Diten.MdmService.Domain/Repositories/IGskuRepository.cs	L2-AUTH22-archive
services/Diten.MdmService/src/Diten.MdmService.Domain/Repositories/ILegalEntityRepository.cs	L2-AUTH22-archive
services/Diten.MdmService/src/Diten.MdmService.Domain/Repositories/ILskuRepository.cs	L2-AUTH22-archive
services/Diten.MdmService/src/Diten.MdmService.Domain/Repositories/IProductAbbreviationAllocationLedgerRepository.cs	L2-AUTH22-archive
services/Diten.MdmService/src/Diten.MdmService.Domain/Repositories/IProductAbbreviationHistoryRepository.cs	L2-AUTH22-archive
services/Diten.MdmService/src/Diten.MdmService.Domain/Repositories/IProductAbbreviationRegisterRepository.cs	L2-AUTH22-archive
services/Diten.MdmService/src/Diten.MdmService.Domain/Repositories/IProductDefinitionRevisionRepository.cs	L2-AUTH22-archive
services/Diten.MdmService/src/Diten.MdmService.Domain/Repositories/IProductRepository.cs	L2-AUTH22-archive
services/Diten.MdmService/src/Diten.MdmService.Domain/Repositories/IRepository.cs	L2-AUTH22-archive
services/Diten.MdmService/src/Diten.MdmService.Domain/Repositories/ReservationOperationResult.cs	L2-AUTH22-archive
services/Diten.MdmService/src/Diten.MdmService.Domain/ValueObjects/ReferenceCatalogSelection.cs	L2-AUTH22-archive
services/Diten.MdmService/src/Diten.MdmService.Domain/Vocabulary/BrandProductVocabulary.cs	L2-AUTH22-archive
services/Diten.MdmService/src/Diten.MdmService.Infrastructure/Authorization/HasPermissionAttribute.cs	L2-AUTH22-archive
services/Diten.MdmService/src/Diten.MdmService.Infrastructure/Authorization/PermissionAuthorizationHandler.cs	L2-AUTH22-archive
services/Diten.MdmService/src/Diten.MdmService.Infrastructure/Authorization/PermissionPolicyProvider.cs	L2-AUTH22-archive
services/Diten.MdmService/src/Diten.MdmService.Infrastructure/Authorization/PermissionRequirement.cs	L2-AUTH22-archive
services/Diten.MdmService/src/Diten.MdmService.Infrastructure/DependencyInjection.cs	L2-AUTH22-archive
services/Diten.MdmService/src/Diten.MdmService.Infrastructure/Diten.MdmService.Infrastructure.csproj	L2-AUTH22-archive
services/Diten.MdmService/src/Diten.MdmService.Infrastructure/Middleware/TenantResolutionMiddleware.cs	L2-AUTH22-archive
services/Diten.MdmService/src/Diten.MdmService.Infrastructure/ReferenceData/PlatformVerifiedGskuResolverClient.cs	L2-AUTH22-archive
services/Diten.MdmService/src/Diten.MdmService.Infrastructure/ReferenceData/PlatformVerifiedMarketResolverClient.cs	L2-AUTH22-archive
services/Diten.MdmService/src/Diten.MdmService.Infrastructure/ReferenceData/VerifiedGskuResolverOptions.cs	L2-AUTH22-archive
services/Diten.MdmService/src/Diten.MdmService.Infrastructure/ReferenceData/VerifiedMarketResolverOptions.cs	L2-AUTH22-archive
services/Diten.MdmService/src/Diten.MdmService.Infrastructure/Security/ProductAbbreviationActorContext.cs	L2-AUTH22-archive
services/Diten.MdmService/src/Diten.MdmService.Infrastructure/Security/ProductIdentityActorContext.cs	L2-AUTH22-archive
services/Diten.MdmService/src/Diten.MdmService.Persistence/Configurations/BrandProductClassMaps.cs	L2-AUTH22-archive
services/Diten.MdmService/src/Diten.MdmService.Persistence/Configurations/LegalEntityOperationalStatusMigration.cs	L2-AUTH22-archive
services/Diten.MdmService/src/Diten.MdmService.Persistence/DependencyInjection.cs	L2-AUTH22-archive
services/Diten.MdmService/src/Diten.MdmService.Persistence/Diten.MdmService.Persistence.csproj	L2-AUTH22-archive
services/Diten.MdmService/src/Diten.MdmService.Persistence/Repositories/AuditIntentDeliveryRepository.cs	L2-AUTH22-archive
services/Diten.MdmService/src/Diten.MdmService.Persistence/Repositories/BrandRepository.cs	L2-AUTH22-archive
services/Diten.MdmService/src/Diten.MdmService.Persistence/Repositories/CodeReservationRepository.cs	L2-AUTH22-archive
services/Diten.MdmService/src/Diten.MdmService.Persistence/Repositories/FinishedGoodRepository.cs	L2-AUTH22-archive
services/Diten.MdmService/src/Diten.MdmService.Persistence/Repositories/GlobalProductRepository.cs	L2-AUTH22-archive
services/Diten.MdmService/src/Diten.MdmService.Persistence/Repositories/GskuRepository.cs	L2-AUTH22-archive
services/Diten.MdmService/src/Diten.MdmService.Persistence/Repositories/LegalEntityRepository.cs	L2-AUTH22-archive
services/Diten.MdmService/src/Diten.MdmService.Persistence/Repositories/LskuRepository.cs	L2-AUTH22-archive
services/Diten.MdmService/src/Diten.MdmService.Persistence/Repositories/ProductAbbreviationAllocationLedgerRepository.cs	L2-AUTH22-archive
services/Diten.MdmService/src/Diten.MdmService.Persistence/Repositories/ProductAbbreviationHistoryRepository.cs	L2-AUTH22-archive
services/Diten.MdmService/src/Diten.MdmService.Persistence/Repositories/ProductAbbreviationRegisterRepository.cs	L2-AUTH22-archive
services/Diten.MdmService/src/Diten.MdmService.Persistence/Repositories/ProductDefinitionRevisionRepository.cs	L2-AUTH22-archive
services/Diten.MdmService/src/Diten.MdmService.Persistence/Repositories/ProductRepository.cs	L2-AUTH22-archive
services/Diten.MdmService/src/Diten.MdmService.Persistence/Repositories/RepositoryBase.cs	L2-AUTH22-archive
services/Diten.MdmService/tests/Diten.MdmService.Application.Tests/AuditForwardingBehaviorTests.cs	L2-AUTH22-archive
services/Diten.MdmService/tests/Diten.MdmService.Application.Tests/AuditIntentDeliveryMongoTests.cs	L2-AUTH22-archive
services/Diten.MdmService/tests/Diten.MdmService.Application.Tests/Authorization/LegalEntitiesControllerPermissionTests.cs	L2-AUTH22-archive
services/Diten.MdmService/tests/Diten.MdmService.Application.Tests/Authorization/PermissionAuthorizationHandlerTests.cs	L2-AUTH22-archive
services/Diten.MdmService/tests/Diten.MdmService.Application.Tests/BrandProduct/BrandCommandTests.cs	L2-AUTH22-archive
services/Diten.MdmService/tests/Diten.MdmService.Application.Tests/BrandProduct/BrandProductContractTests.cs	L2-AUTH22-archive
services/Diten.MdmService/tests/Diten.MdmService.Application.Tests/BrandProduct/BrandProductTestData.cs	L2-AUTH22-archive
services/Diten.MdmService/tests/Diten.MdmService.Application.Tests/BrandProduct/InMemoryBrandProductRepositories.cs	L2-AUTH22-archive
services/Diten.MdmService/tests/Diten.MdmService.Application.Tests/BrandProduct/ProductCommandTests.cs	L2-AUTH22-archive
services/Diten.MdmService/tests/Diten.MdmService.Application.Tests/Diten.MdmService.Application.Tests.csproj	L2-AUTH22-archive
services/Diten.MdmService/tests/Diten.MdmService.Application.Tests/FinishedGoodApiContractTests.cs	L2-AUTH22-archive
services/Diten.MdmService/tests/Diten.MdmService.Application.Tests/FinishedGoodAuthorizationTests.cs	L2-AUTH22-archive
services/Diten.MdmService/tests/Diten.MdmService.Application.Tests/FinishedGoodDraftFoundationMongoTests.cs	L2-AUTH22-archive
services/Diten.MdmService/tests/Diten.MdmService.Application.Tests/FinishedGoodDraftFoundationUnitTests.cs	L2-AUTH22-archive
services/Diten.MdmService/tests/Diten.MdmService.Application.Tests/GlobalProductApiMongoTests.cs	L2-AUTH22-archive
services/Diten.MdmService/tests/Diten.MdmService.Application.Tests/GskuApiContractTests.cs	L2-AUTH22-archive
services/Diten.MdmService/tests/Diten.MdmService.Application.Tests/GskuAuthorizationTests.cs	L2-AUTH22-archive
services/Diten.MdmService/tests/Diten.MdmService.Application.Tests/GskuCreateOptionsFacadeTests.cs	L2-AUTH22-archive
services/Diten.MdmService/tests/Diten.MdmService.Application.Tests/GskuRegisterFacadeTests.cs	L2-AUTH22-archive
services/Diten.MdmService/tests/Diten.MdmService.Application.Tests/GskuRegisterMongoTests.cs	L2-AUTH22-archive
services/Diten.MdmService/tests/Diten.MdmService.Application.Tests/InMemoryLegalEntityRepository.cs	L2-AUTH22-archive
services/Diten.MdmService/tests/Diten.MdmService.Application.Tests/LegalEntityCommandTests.cs	L2-AUTH22-archive
services/Diten.MdmService/tests/Diten.MdmService.Application.Tests/LegalEntityL10nContractTests.cs	L2-AUTH22-archive
services/Diten.MdmService/tests/Diten.MdmService.Application.Tests/LegalEntityListFilterTests.cs	L2-AUTH22-archive
services/Diten.MdmService/tests/Diten.MdmService.Application.Tests/LegalEntityMongoRoundTripTests.cs	L2-AUTH22-archive
services/Diten.MdmService/tests/Diten.MdmService.Application.Tests/LegalEntityReferenceValidationTests.cs	L2-AUTH22-archive
services/Diten.MdmService/tests/Diten.MdmService.Application.Tests/LegalEntityTestData.cs	L2-AUTH22-archive
services/Diten.MdmService/tests/Diten.MdmService.Application.Tests/LegalEntityWriteRequestValidatorTests.cs	L2-AUTH22-archive
services/Diten.MdmService/tests/Diten.MdmService.Application.Tests/LskuApiContractTests.cs	L2-AUTH22-archive
services/Diten.MdmService/tests/Diten.MdmService.Application.Tests/LskuAuthorizationTests.cs	L2-AUTH22-archive
services/Diten.MdmService/tests/Diten.MdmService.Application.Tests/LskuDraftFoundationMongoTests.cs	L2-AUTH22-archive
services/Diten.MdmService/tests/Diten.MdmService.Application.Tests/LskuDraftFoundationUnitTests.cs	L2-AUTH22-archive
services/Diten.MdmService/tests/Diten.MdmService.Application.Tests/LskuRegisterMongoTests.cs	L2-AUTH22-archive
services/Diten.MdmService/tests/Diten.MdmService.Application.Tests/LskuRegisterQueryTests.cs	L2-AUTH22-archive
services/Diten.MdmService/tests/Diten.MdmService.Application.Tests/ModuleRegistration/LegalEntityManifestProviderTests.cs	L2-AUTH22-archive
services/Diten.MdmService/tests/Diten.MdmService.Application.Tests/ModuleRegistration/ModuleRegistrationHostedServiceTests.cs	L2-AUTH22-archive
services/Diten.MdmService/tests/Diten.MdmService.Application.Tests/ModuleRegistration/ProductItemSkuMasterManifestProviderTests.cs	L2-AUTH22-archive
services/Diten.MdmService/tests/Diten.MdmService.Application.Tests/PlatformServiceTokenValidatorTests.cs	L2-AUTH22-archive
services/Diten.MdmService/tests/Diten.MdmService.Application.Tests/ProductAbbreviationApiContractTests.cs	L2-AUTH22-archive
services/Diten.MdmService/tests/Diten.MdmService.Application.Tests/ProductAbbreviationRegisterAuthorizationTests.cs	L2-AUTH22-archive
services/Diten.MdmService/tests/Diten.MdmService.Application.Tests/ProductAbbreviationRegisterMongoTests.cs	L2-AUTH22-archive
services/Diten.MdmService/tests/Diten.MdmService.Application.Tests/ProductAbbreviationRegisterUnitTests.cs	L2-AUTH22-archive
services/Diten.MdmService/tests/Diten.MdmService.Application.Tests/ProductItemSkuMasterMongoTests.cs	L2-AUTH22-archive
services/Diten.MdmService/tests/Diten.MdmService.Application.Tests/ReferenceData/PlatformVerifiedGskuResolverClientTests.cs	L2-AUTH22-archive
services/Diten.MdmService/tests/Diten.MdmService.Application.Tests/ReferenceData/PlatformVerifiedMarketResolverClientTests.cs	L2-AUTH22-archive
services/Diten.MdmService/tests/Diten.MdmService.Application.Tests/ReferenceData/VerifiedGskuDelegatedTokenForwardingTests.cs	L2-AUTH22-archive
services/Diten.MdmService/tests/Diten.MdmService.Application.Tests/ReferenceData/VerifiedGskuReferenceResolverContractTests.cs	L2-AUTH22-archive
services/Diten.MdmService/tests/Diten.MdmService.Application.Tests/ReferenceData/VerifiedGskuResolverDependencyInjectionTests.cs	L2-AUTH22-archive
services/Diten.MdmService/tests/Diten.MdmService.Application.Tests/ReferenceData/VerifiedMarketReferenceResolverContractTests.cs	L2-AUTH22-archive
services/Diten.MdmService/tests/Diten.MdmService.Application.Tests/Tenancy/TenantContradictionGuardTests.cs	L2-AUTH22-archive
services/Diten.Platform.Common/src/Diten.Platform.Common/Authorization/AnonymousTenantAuthorizationContext.cs	L2-AUTH22-archive
services/Diten.Platform.Common/src/Diten.Platform.Common/Authorization/EntitlementAuditDenyContext.cs	L2-AUTH22-archive
services/Diten.Platform.Common/src/Diten.Platform.Common/Authorization/EntitlementAuthorizationPolicies.cs	L2-AUTH22-archive
services/Diten.Platform.Common/src/Diten.Platform.Common/Authorization/EntitlementAuthorizationPolicyProvider.cs	L2-AUTH22-archive
services/Diten.Platform.Common/src/Diten.Platform.Common/Authorization/EntitlementCheckResult.cs	L2-AUTH22-archive
services/Diten.Platform.Common/src/Diten.Platform.Common/Authorization/EntitlementDataScope.cs	L2-AUTH22-archive
services/Diten.Platform.Common/src/Diten.Platform.Common/Authorization/EntitlementDataScopeKind.cs	L2-AUTH22-archive
services/Diten.Platform.Common/src/Diten.Platform.Common/Authorization/EntitlementDenyReason.cs	L2-AUTH22-archive
services/Diten.Platform.Common/src/Diten.Platform.Common/Authorization/EntitlementKind.cs	L2-AUTH22-archive
services/Diten.Platform.Common/src/Diten.Platform.Common/Authorization/EntitlementResolutionSource.cs	L2-AUTH22-archive
services/Diten.Platform.Common/src/Diten.Platform.Common/Authorization/IDataScopeResolver.cs	L2-AUTH22-archive
services/Diten.Platform.Common/src/Diten.Platform.Common/Authorization/IEntitlementAuditSink.cs	L2-AUTH22-archive
services/Diten.Platform.Common/src/Diten.Platform.Common/Authorization/IEntitlementChecker.cs	L2-AUTH22-archive
services/Diten.Platform.Common/src/Diten.Platform.Common/Authorization/IPermissionClaimEvaluator.cs	L2-AUTH22-archive
services/Diten.Platform.Common/src/Diten.Platform.Common/Authorization/ITemporaryAccessProvider.cs	L2-AUTH22-archive
services/Diten.Platform.Common/src/Diten.Platform.Common/Authorization/ITenantAuthorizationContext.cs	L2-AUTH22-archive
services/Diten.Platform.Common/src/Diten.Platform.Common/Authorization/NoOpDataScopeResolver.cs	L2-AUTH22-archive
services/Diten.Platform.Common/src/Diten.Platform.Common/Authorization/NoOpTemporaryAccessProvider.cs	L2-AUTH22-archive
services/Diten.Platform.Common/src/Diten.Platform.Common/Authorization/NullEntitlementAuditSink.cs	L2-AUTH22-archive
services/Diten.Platform.Common/src/Diten.Platform.Common/Authorization/RequiresFeatureAttribute.cs	L2-AUTH22-archive
services/Diten.Platform.Common/src/Diten.Platform.Common/Authorization/RequiresModuleAttribute.cs	L2-AUTH22-archive
services/Diten.Platform.Common/src/Diten.Platform.Common/Authorization/S2S/S2SCanonicalRequestBinding.cs	L2-AUTH22-archive
services/Diten.Platform.Common/src/Diten.Platform.Common/Authorization/SignedJwtPermissionClaimEvaluator.cs	L2-AUTH22-archive
services/Diten.Platform.Common/src/Diten.Platform.Common/Authorization/TemporaryAccessGrant.cs	L2-AUTH22-archive
services/Diten.Platform.Common/src/Diten.Platform.Common/Authorization/TenantFeatureAuthorizationHandler.cs	L2-AUTH22-archive
services/Diten.Platform.Common/src/Diten.Platform.Common/Authorization/TenantFeatureRequirement.cs	L2-AUTH22-archive
services/Diten.Platform.Common/src/Diten.Platform.Common/Authorization/TenantModuleAuthorizationHandler.cs	L2-AUTH22-archive
services/Diten.Platform.Common/src/Diten.Platform.Common/Authorization/TenantModuleRequirement.cs	L2-AUTH22-archive
services/Diten.Platform.Common/src/Diten.Platform.Common/Catalog/AssignableModuleInfo.cs	L2-AUTH22-archive
services/Diten.Platform.Common/src/Diten.Platform.Common/Catalog/IPlatformCatalogContract.cs	L2-AUTH22-archive
services/Diten.Platform.Common/src/Diten.Platform.Common/Diten.Platform.Common.csproj	L2-AUTH22-archive
services/Diten.Platform.Common/src/Diten.Platform.Common/Events/Outbox/OutboxMessage.cs	L2-AUTH22-archive
services/Diten.Platform.Common/src/Diten.Platform.Common/Events/Outbox/OutboxRepository.cs	L2-AUTH22-archive
services/Diten.Platform.Common/src/Diten.Platform.Common/Observability/CorrelationContext.cs	L2-AUTH22-archive
services/Diten.Platform.Common/src/Diten.Platform.Common/Observability/CorrelationIdMiddleware.cs	L2-AUTH22-archive
services/Diten.Platform.Common/src/Diten.Platform.Common/Observability/HealthCheckResponseWriter.cs	L2-AUTH22-archive
services/Diten.Platform.Common/src/Diten.Platform.Common/Observability/ICorrelationContext.cs	L2-AUTH22-archive
services/Diten.Platform.Common/src/Diten.Platform.Common/Observability/MongoDbReadinessHealthCheck.cs	L2-AUTH22-archive
services/Diten.Platform.Common/src/Diten.Platform.Common/Observability/ObservabilityOptions.cs	L2-AUTH22-archive
services/Diten.Platform.Common/src/Diten.Platform.Common/Observability/ObservabilityServiceCollectionExtensions.cs	L2-AUTH22-archive
services/Diten.Platform.Common/src/Diten.Platform.Common/Observability/SensitiveDataLogEventEnricher.cs	L2-AUTH22-archive
services/Diten.Platform.Common/src/Diten.Platform.Common/Observability/SensitiveDataRedactor.cs	L2-AUTH22-archive
services/Diten.Platform.Common/src/Diten.Platform.Common/Persistence/BaseEntity.cs	L2-AUTH22-archive
services/Diten.Platform.Common/src/Diten.Platform.Common/Persistence/EntityVariations.cs	L2-AUTH22-archive
services/Diten.Platform.Common/src/Diten.Platform.Common/Persistence/Repositories.cs	L2-AUTH22-archive
services/Diten.Platform.Common/src/Diten.Platform.Common/Tenancy/ITenantContext.cs	L2-AUTH22-archive
services/Diten.Platform.Common/src/Diten.Platform.Common/Tenancy/TenantContext.cs	L2-AUTH22-archive
services/Diten.Platform.Common/src/Diten.Platform.Common/Tenancy/TenantResolutionExtensions.cs	L2-AUTH22-archive
services/Diten.Platform.Common/src/Diten.Platform.Common/Tenancy/TenantResolutionMiddleware.cs	L2-AUTH22-archive
services/Diten.Platform.Contracts/Diten.Platform.Contracts.csproj	L2-AUTH22-archive
services/Diten.Platform.Contracts/Entitlements/PpmEntitlementDecisionV1.cs	L2-AUTH22-archive
services/Diten.Platform.Contracts/Events/EntitlementCacheInvalidationEventContractGuards.cs	L2-AUTH22-archive
services/Diten.Platform.Contracts/Events/Notifications/NotificationDispatchCancelledV1.cs	L2-AUTH22-archive
services/Diten.Platform.Contracts/Events/Notifications/NotificationDispatchFailedV1.cs	L2-AUTH22-archive
services/Diten.Platform.Contracts/Events/Notifications/NotificationDispatchSentV1.cs	L2-AUTH22-archive
services/Diten.Platform.Contracts/Events/Notifications/NotificationEmailQueuedV1.cs	L2-AUTH22-archive
services/Diten.Platform.Contracts/Events/TenantActivatedV1.cs	L2-AUTH22-archive
services/Diten.Platform.Contracts/Events/TenantCancelledV1.cs	L2-AUTH22-archive
services/Diten.Platform.Contracts/Events/TenantCreatedV1.cs	L2-AUTH22-archive
services/Diten.Platform.Contracts/Events/TenantEntitlementAddedV1.cs	L2-AUTH22-archive
services/Diten.Platform.Contracts/Events/TenantEntitlementDisabledV1.cs	L2-AUTH22-archive
services/Diten.Platform.Contracts/Events/TenantEntitlementEnabledV1.cs	L2-AUTH22-archive
services/Diten.Platform.Contracts/Events/TenantEntitlementExpiryUpdatedV1.cs	L2-AUTH22-archive
services/Diten.Platform.Contracts/Events/TenantEntitlementOverrideRemovedV1.cs	L2-AUTH22-archive
services/Diten.Platform.Contracts/Events/TenantLifecycleEventContractGuards.cs	L2-AUTH22-archive
services/Diten.Platform.Contracts/Events/TenantProvisioningCompletedV1.cs	L2-AUTH22-archive
services/Diten.Platform.Contracts/Events/TenantProvisioningFailedV1.cs	L2-AUTH22-archive
services/Diten.Platform.Contracts/Events/TenantReactivatedV1.cs	L2-AUTH22-archive
services/Diten.Platform.Contracts/Events/TenantSubscriptionChangedV1.cs	L2-AUTH22-archive
services/Diten.Platform.Contracts/Events/TenantSuspendedV1.cs	L2-AUTH22-archive
services/Diten.Platform/Diten.Platform.sln	L2-AUTH22-archive
services/Diten.Platform/docs/workflow-transition-gate-standard.md	L2-AUTH22-archive
services/Diten.Platform/src/Diten.Platform.API/Authorization/Explain/ISelfAccessExplainService.cs	L2-AUTH22-archive
services/Diten.Platform/src/Diten.Platform.API/Authorization/Explain/SelfAccessExplainResponse.cs	L2-AUTH22-archive
services/Diten.Platform/src/Diten.Platform.API/Authorization/Explain/SelfAccessExplainService.cs	L2-AUTH22-archive
services/Diten.Platform/src/Diten.Platform.API/Configuration/ModuleRegistrationCredentialOptions.cs	L2-AUTH22-archive
services/Diten.Platform/src/Diten.Platform.API/Configuration/VerifiedGskuOperationalProvisioningOptions.cs	L2-AUTH22-archive
services/Diten.Platform/src/Diten.Platform.API/Configuration/VerifiedGskuResolverCredentialOptions.cs	L2-AUTH22-archive
services/Diten.Platform/src/Diten.Platform.API/Configuration/VerifiedMarketOperationalProvisioningOptions.cs	L2-AUTH22-archive
services/Diten.Platform/src/Diten.Platform.API/Controllers/Admin/TenantsController.cs	L2-AUTH22-archive
services/Diten.Platform/src/Diten.Platform.API/Controllers/BusinessReferenceDataController.cs	L2-AUTH22-archive
services/Diten.Platform/src/Diten.Platform.API/Controllers/Common/CustomBaseController.cs	L2-AUTH22-archive
services/Diten.Platform/src/Diten.Platform.API/Controllers/DocumentManagementAccessPoliciesController.cs	L2-AUTH22-archive
services/Diten.Platform/src/Diten.Platform.API/Controllers/DocumentManagementAccessProfileTemplatesController.cs	L2-AUTH22-archive
services/Diten.Platform/src/Diten.Platform.API/Controllers/DocumentManagementApprovalController.cs	L2-AUTH22-archive
services/Diten.Platform/src/Diten.Platform.API/Controllers/DocumentManagementControlledCopyController.cs	L2-AUTH22-archive
services/Diten.Platform/src/Diten.Platform.API/Controllers/DocumentManagementControlledDocumentRegistrationController.cs	L2-AUTH22-archive
services/Diten.Platform/src/Diten.Platform.API/Controllers/DocumentManagementControlledDocumentsController.cs	L2-AUTH22-archive
services/Diten.Platform/src/Diten.Platform.API/Controllers/DocumentManagementController.cs	L2-AUTH22-archive
services/Diten.Platform/src/Diten.Platform.API/Controllers/DocumentManagementCorporateCollectionInstancesController.cs	L2-AUTH22-archive
services/Diten.Platform/src/Diten.Platform.API/Controllers/DocumentManagementDowntimeController.cs	L2-AUTH22-archive
services/Diten.Platform/src/Diten.Platform.API/Controllers/DocumentManagementExternalDocumentsController.cs	L2-AUTH22-archive
services/Diten.Platform/src/Diten.Platform.API/Controllers/DocumentManagementFolderDocumentsController.cs	L2-AUTH22-archive
services/Diten.Platform/src/Diten.Platform.API/Controllers/DocumentManagementFolderSharesController.cs	L2-AUTH22-archive
services/Diten.Platform/src/Diten.Platform.API/Controllers/DocumentManagementGDocPCorrectionController.cs	L2-AUTH22-archive
services/Diten.Platform/src/Diten.Platform.API/Controllers/DocumentManagementGovernancePolicyPackController.cs	L2-AUTH22-archive
services/Diten.Platform/src/Diten.Platform.API/Controllers/DocumentManagementGovernanceSweepController.cs	L2-AUTH22-archive
services/Diten.Platform/src/Diten.Platform.API/Controllers/DocumentManagementIdentifiersController.cs	L2-AUTH22-archive
services/Diten.Platform/src/Diten.Platform.API/Controllers/DocumentManagementInstantiationsController.cs	L2-AUTH22-archive
services/Diten.Platform/src/Diten.Platform.API/Controllers/DocumentManagementLifecycleController.cs	L2-AUTH22-archive
services/Diten.Platform/src/Diten.Platform.API/Controllers/DocumentManagementMasterRegisterController.cs	L2-AUTH22-archive
services/Diten.Platform/src/Diten.Platform.API/Controllers/DocumentManagementPeriodicReviewController.cs	L2-AUTH22-archive
services/Diten.Platform/src/Diten.Platform.API/Controllers/DocumentManagementQmsBaselinesController.cs	L2-AUTH22-archive
services/Diten.Platform/src/Diten.Platform.API/Controllers/DocumentManagementQualityEventController.cs	L2-AUTH22-archive
services/Diten.Platform/src/Diten.Platform.API/Controllers/DocumentManagementReconciliationController.cs	L2-AUTH22-archive
services/Diten.Platform/src/Diten.Platform.API/Controllers/DocumentManagementReleaseGatesController.cs	L2-AUTH22-archive
services/Diten.Platform/src/Diten.Platform.API/Controllers/DocumentManagementRepositoryAssessmentController.cs	L2-AUTH22-archive
services/Diten.Platform/src/Diten.Platform.API/Controllers/DocumentManagementRetentionController.cs	L2-AUTH22-archive
services/Diten.Platform/src/Diten.Platform.API/Controllers/DocumentManagementSignaturesController.cs	L2-AUTH22-archive
services/Diten.Platform/src/Diten.Platform.API/Controllers/DocumentManagementSuspensionController.cs	L2-AUTH22-archive
services/Diten.Platform/src/Diten.Platform.API/Controllers/DocumentManagementTemplateMastersController.cs	L2-AUTH22-archive
services/Diten.Platform/src/Diten.Platform.API/Controllers/DocumentManagementTemplateVariantsController.cs	L2-AUTH22-archive
services/Diten.Platform/src/Diten.Platform.API/Controllers/DocumentManagementTemplatesController.cs	L2-AUTH22-archive
services/Diten.Platform/src/Diten.Platform.API/Controllers/DocumentManagementTrainingController.cs	L2-AUTH22-archive
services/Diten.Platform/src/Diten.Platform.API/Controllers/DocumentManagementVariantLocalizationController.cs	L2-AUTH22-archive
services/Diten.Platform/src/Diten.Platform.API/Controllers/DocumentRepositoryController.cs	L2-AUTH22-archive
services/Diten.Platform/src/Diten.Platform.API/Controllers/Internal/InternalAuditController.cs	L2-AUTH22-archive
services/Diten.Platform/src/Diten.Platform.API/Controllers/Internal/InternalBusinessReferenceDataController.cs	L2-AUTH22-archive
services/Diten.Platform/src/Diten.Platform.API/Controllers/Internal/InternalModuleRegistrationController.cs	L2-AUTH22-archive
services/Diten.Platform/src/Diten.Platform.API/Controllers/Internal/InternalPlatformAdministratorsController.cs	L2-AUTH22-archive
services/Diten.Platform/src/Diten.Platform.API/Controllers/Internal/InternalPpmEntitlementDecisionController.cs	L2-AUTH22-archive
services/Diten.Platform/src/Diten.Platform.API/Controllers/Internal/InternalQuotasController.cs	L2-AUTH22-archive
services/Diten.Platform/src/Diten.Platform.API/Controllers/Internal/InternalTenantAdminActivationController.cs	L2-AUTH22-archive
services/Diten.Platform/src/Diten.Platform.API/Controllers/Internal/InternalTenantBrandingController.cs	L2-AUTH22-archive
services/Diten.Platform/src/Diten.Platform.API/Controllers/Internal/InternalTenantEntitlementsController.cs	L2-AUTH22-archive
services/Diten.Platform/src/Diten.Platform.API/Controllers/Internal/InternalTenantLegalEntityScopeController.cs	L2-AUTH22-archive
services/Diten.Platform/src/Diten.Platform.API/Controllers/Internal/InternalTenantLoginSettingsController.cs	L2-AUTH22-archive
services/Diten.Platform/src/Diten.Platform.API/Controllers/Internal/InternalTenantResolveController.cs	L2-AUTH22-archive
services/Diten.Platform/src/Diten.Platform.API/Controllers/Internal/InternalTenantStatusController.cs	L2-AUTH22-archive
services/Diten.Platform/src/Diten.Platform.API/Controllers/Internal/InternalVerifiedMarketReferenceDataController.cs	L2-AUTH22-archive
services/Diten.Platform/src/Diten.Platform.API/Controllers/LookupsController.cs	L2-AUTH22-archive
services/Diten.Platform/src/Diten.Platform.API/Controllers/MeetingTypesController.cs	L2-AUTH22-archive
services/Diten.Platform/src/Diten.Platform.API/Controllers/MeetingsController.cs	L2-AUTH22-archive
services/Diten.Platform/src/Diten.Platform.API/Controllers/MyNotificationsController.cs	L2-AUTH22-archive
services/Diten.Platform/src/Diten.Platform.API/Controllers/Platform/AccessExplainController.cs	L2-AUTH22-archive
services/Diten.Platform/src/Diten.Platform.API/Controllers/Platform/AdministratorsController.cs	L2-AUTH22-archive
services/Diten.Platform/src/Diten.Platform.API/Controllers/Platform/FeatureCategoriesController.cs	L2-AUTH22-archive
services/Diten.Platform/src/Diten.Platform.API/Controllers/Platform/InterfaceRegistryController.cs	L2-AUTH22-archive
services/Diten.Platform/src/Diten.Platform.API/Controllers/Platform/ModuleAssignmentsController.cs	L2-AUTH22-archive
services/Diten.Platform/src/Diten.Platform.API/Controllers/Platform/ModuleCatalogController.cs	L2-AUTH22-archive
services/Diten.Platform/src/Diten.Platform.API/Controllers/Platform/ModuleDomainsController.cs	L2-AUTH22-archive
services/Diten.Platform/src/Diten.Platform.API/Controllers/Platform/ModulePagesController.cs	L2-AUTH22-archive
services/Diten.Platform/src/Diten.Platform.API/Controllers/Platform/ModuleServicesController.cs	L2-AUTH22-archive
services/Diten.Platform/src/Diten.Platform.API/Controllers/Platform/NavigationController.cs	L2-AUTH22-archive
services/Diten.Platform/src/Diten.Platform.API/Controllers/Platform/NotificationEventsController.cs	L2-AUTH22-archive
services/Diten.Platform/src/Diten.Platform.API/Controllers/Platform/NotificationsController.cs	L2-AUTH22-archive
services/Diten.Platform/src/Diten.Platform.API/Controllers/Platform/OrganizationUnitsController.cs	L2-AUTH22-archive
services/Diten.Platform/src/Diten.Platform.API/Controllers/Platform/PersonsController.cs	L2-AUTH22-archive
services/Diten.Platform/src/Diten.Platform.API/Controllers/Platform/PlatformAccountController.cs	L2-AUTH22-archive
services/Diten.Platform/src/Diten.Platform.API/Controllers/Platform/PlatformAuditAppendController.cs	L2-AUTH22-archive
services/Diten.Platform/src/Diten.Platform.API/Controllers/Platform/PlatformAuditController.cs	L2-AUTH22-archive
services/Diten.Platform/src/Diten.Platform.API/Controllers/Platform/PositionAssignmentsController.cs	L2-AUTH22-archive
services/Diten.Platform/src/Diten.Platform.API/Controllers/Platform/PositionsController.cs	L2-AUTH22-archive
services/Diten.Platform/src/Diten.Platform.API/Controllers/Platform/QuotasController.cs	L2-AUTH22-archive
services/Diten.Platform/src/Diten.Platform.API/Controllers/Platform/SubscriptionFeaturesController.cs	L2-AUTH22-archive
services/Diten.Platform/src/Diten.Platform.API/Controllers/Platform/SubscriptionPlansController.cs	L2-AUTH22-archive
services/Diten.Platform/src/Diten.Platform.API/Controllers/Platform/TenantCommercialSubscriptionsController.cs	L2-AUTH22-archive
services/Diten.Platform/src/Diten.Platform.API/Controllers/Platform/TenantModuleEntitlementsController.cs	L2-AUTH22-archive
services/Diten.Platform/src/Diten.Platform.API/Controllers/Platform/TenantSecuritySettingsController.cs	L2-AUTH22-archive
services/Diten.Platform/src/Diten.Platform.API/Controllers/SavedViewsController.cs	L2-AUTH22-archive
services/Diten.Platform/src/Diten.Platform.API/Controllers/TasksController.cs	L2-AUTH22-archive
services/Diten.Platform/src/Diten.Platform.API/Controllers/TenantReferenceDataController.cs	L2-AUTH22-archive
services/Diten.Platform/src/Diten.Platform.API/Controllers/TenantReferenceLookupsController.cs	L2-AUTH22-archive
services/Diten.Platform/src/Diten.Platform.API/Controllers/Test/AuthorizationProbeController.cs	L2-AUTH22-archive
services/Diten.Platform/src/Diten.Platform.API/Controllers/WorkItemsController.cs	L2-AUTH22-archive
services/Diten.Platform/src/Diten.Platform.API/Controllers/WorkflowDefinitionsController.cs	L2-AUTH22-archive
services/Diten.Platform/src/Diten.Platform.API/Controllers/WorkingCalendarImportsController.cs	L2-AUTH22-archive
services/Diten.Platform/src/Diten.Platform.API/Controllers/WorkingCalendarOverridesController.cs	L2-AUTH22-archive
services/Diten.Platform/src/Diten.Platform.API/Controllers/WorkingCalendarsController.cs	L2-AUTH22-archive
services/Diten.Platform/src/Diten.Platform.API/Diten.Platform.API.csproj	L2-AUTH22-archive
services/Diten.Platform/src/Diten.Platform.API/Middleware/GlobalExceptionHandler.cs	L2-AUTH22-archive
services/Diten.Platform/src/Diten.Platform.API/Models/BusinessReferenceData/BusinessReferenceDataStewardshipRequests.cs	L2-AUTH22-archive
services/Diten.Platform/src/Diten.Platform.API/Models/BusinessReferenceData/BusinessReferenceDataVerifiedMarketRequests.cs	L2-AUTH22-archive
services/Diten.Platform/src/Diten.Platform.API/Models/BusinessReferenceData/BusinessReferenceDataVerifiedResolveRequests.cs	L2-AUTH22-archive
services/Diten.Platform/src/Diten.Platform.API/Models/DocumentManagement/AccessMatrixApiRequests.cs	L2-AUTH22-archive
services/Diten.Platform/src/Diten.Platform.API/Models/DocumentManagement/AccessProfileTemplateRequests.cs	L2-AUTH22-archive
services/Diten.Platform/src/Diten.Platform.API/Models/DocumentManagement/ApiRequestMapper.cs	L2-AUTH22-archive
services/Diten.Platform/src/Diten.Platform.API/Models/DocumentManagement/ApprovalApiRequests.cs	L2-AUTH22-archive
services/Diten.Platform/src/Diten.Platform.API/Models/DocumentManagement/CitationApiRequests.cs	L2-AUTH22-archive
services/Diten.Platform/src/Diten.Platform.API/Models/DocumentManagement/ControlledCopyApiRequests.cs	L2-AUTH22-archive
services/Diten.Platform/src/Diten.Platform.API/Models/DocumentManagement/ControlledDocumentApiRequests.cs	L2-AUTH22-archive
services/Diten.Platform/src/Diten.Platform.API/Models/DocumentManagement/ControlledDocumentRegistrationApiRequests.cs	L2-AUTH22-archive
services/Diten.Platform/src/Diten.Platform.API/Models/DocumentManagement/CorporateCollectionInstanceRequests.cs	L2-AUTH22-archive
services/Diten.Platform/src/Diten.Platform.API/Models/DocumentManagement/DowntimeApiRequests.cs	L2-AUTH22-archive
services/Diten.Platform/src/Diten.Platform.API/Models/DocumentManagement/EffectivenessApiRequests.cs	L2-AUTH22-archive
services/Diten.Platform/src/Diten.Platform.API/Models/DocumentManagement/ElectronicSignatureApiRequests.cs	L2-AUTH22-archive
services/Diten.Platform/src/Diten.Platform.API/Models/DocumentManagement/ExternalDocumentApiRequests.cs	L2-AUTH22-archive
services/Diten.Platform/src/Diten.Platform.API/Models/DocumentManagement/GDocPCorrectionApiRequests.cs	L2-AUTH22-archive
services/Diten.Platform/src/Diten.Platform.API/Models/DocumentManagement/IdentifierApiRequests.cs	L2-AUTH22-archive
services/Diten.Platform/src/Diten.Platform.API/Models/DocumentManagement/InstantiationRequests.cs	L2-AUTH22-archive
services/Diten.Platform/src/Diten.Platform.API/Models/DocumentManagement/LifecycleApiRequests.cs	L2-AUTH22-archive
services/Diten.Platform/src/Diten.Platform.API/Models/DocumentManagement/MasterRegisterApiRequests.cs	L2-AUTH22-archive
services/Diten.Platform/src/Diten.Platform.API/Models/DocumentManagement/PeriodicReviewApiRequests.cs	L2-AUTH22-archive
services/Diten.Platform/src/Diten.Platform.API/Models/DocumentManagement/QmsBaselineRequests.cs	L2-AUTH22-archive
services/Diten.Platform/src/Diten.Platform.API/Models/DocumentManagement/QualityEventApiRequests.cs	L2-AUTH22-archive
services/Diten.Platform/src/Diten.Platform.API/Models/DocumentManagement/ReconciliationRequests.cs	L2-AUTH22-archive
services/Diten.Platform/src/Diten.Platform.API/Models/DocumentManagement/RegisterImportApiRequests.cs	L2-AUTH22-archive
services/Diten.Platform/src/Diten.Platform.API/Models/DocumentManagement/ReleaseGateApiRequests.cs	L2-AUTH22-archive
services/Diten.Platform/src/Diten.Platform.API/Models/DocumentManagement/RepositoryAssessmentApiRequests.cs	L2-AUTH22-archive
services/Diten.Platform/src/Diten.Platform.API/Models/DocumentManagement/RetentionApiRequests.cs	L2-AUTH22-archive
services/Diten.Platform/src/Diten.Platform.API/Models/DocumentManagement/SuspensionApiRequests.cs	L2-AUTH22-archive
services/Diten.Platform/src/Diten.Platform.API/Models/DocumentManagement/TemplateVariantApiRequests.cs	L2-AUTH22-archive
services/Diten.Platform/src/Diten.Platform.API/Models/DocumentManagement/TrainingApiRequests.cs	L2-AUTH22-archive
services/Diten.Platform/src/Diten.Platform.API/Models/DocumentManagement/VariantLocalizationApiRequests.cs	L2-AUTH22-archive
services/Diten.Platform/src/Diten.Platform.API/Models/TenantLifecycleRequest.cs	L2-AUTH22-archive
services/Diten.Platform/src/Diten.Platform.API/Models/WorkingCalendarRequests.cs	L2-AUTH22-archive
services/Diten.Platform/src/Diten.Platform.API/Observability/BackgroundJobExecutionLogMetricsDecorator.cs	L2-AUTH22-archive
services/Diten.Platform/src/Diten.Platform.API/Observability/BackgroundJobObservabilityServiceCollectionExtensions.cs	L2-AUTH22-archive
services/Diten.Platform/src/Diten.Platform.API/Observability/BusinessReferenceDataProviderReadinessHealthCheck.cs	L2-AUTH22-archive
services/Diten.Platform/src/Diten.Platform.API/Observability/CorrelationContext.cs	L2-AUTH22-archive
services/Diten.Platform/src/Diten.Platform.API/Observability/CorrelationIdMiddleware.cs	L2-AUTH22-archive
services/Diten.Platform/src/Diten.Platform.API/Observability/EventConsumeMetricsSink.cs	L2-AUTH22-archive
services/Diten.Platform/src/Diten.Platform.API/Observability/EventTransportPublisherMetricsDecorator.cs	L2-AUTH22-archive
services/Diten.Platform/src/Diten.Platform.API/Observability/EventingObservabilityServiceCollectionExtensions.cs	L2-AUTH22-archive
services/Diten.Platform/src/Diten.Platform.API/Observability/HangfireStorageReadinessHealthCheck.cs	L2-AUTH22-archive
services/Diten.Platform/src/Diten.Platform.API/Observability/HealthCheckResponseWriter.cs	L2-AUTH22-archive
services/Diten.Platform/src/Diten.Platform.API/Observability/ICorrelationContext.cs	L2-AUTH22-archive
services/Diten.Platform/src/Diten.Platform.API/Observability/MongoDbReadinessHealthCheck.cs	L2-AUTH22-archive
services/Diten.Platform/src/Diten.Platform.API/Observability/ObservabilityOptions.cs	L2-AUTH22-archive
services/Diten.Platform/src/Diten.Platform.API/Observability/ObservabilityServiceCollectionExtensions.cs	L2-AUTH22-archive
services/Diten.Platform/src/Diten.Platform.API/Observability/OutboxPendingCountMetricsService.cs	L2-AUTH22-archive
services/Diten.Platform/src/Diten.Platform.API/Observability/RabbitMqReadinessHealthCheck.cs	L2-AUTH22-archive
services/Diten.Platform/src/Diten.Platform.API/Observability/SensitiveDataLogEventEnricher.cs	L2-AUTH22-archive
services/Diten.Platform/src/Diten.Platform.API/Observability/SensitiveDataRedactor.cs	L2-AUTH22-archive
services/Diten.Platform/src/Diten.Platform.API/Program.cs	L2-AUTH22-archive
services/Diten.Platform/src/Diten.Platform.API/Properties/launchSettings.json	L2-AUTH22-archive
services/Diten.Platform/src/Diten.Platform.API/Security/ClaimsActorPermissionContext.cs	L2-AUTH22-archive
services/Diten.Platform/src/Diten.Platform.API/Security/HasPermissionAttribute.cs	L2-AUTH22-archive
services/Diten.Platform/src/Diten.Platform.API/Security/HasPermissionReflector.cs	L2-AUTH22-archive
services/Diten.Platform/src/Diten.Platform.API/Security/IVerifiedReferenceDataRequestExecutor.cs	L2-AUTH22-archive
services/Diten.Platform/src/Diten.Platform.API/Security/ModuleRegistrationCredentialAuthenticator.cs	L2-AUTH22-archive
services/Diten.Platform/src/Diten.Platform.API/Security/PermissionAliasMap.cs	L2-AUTH22-archive
services/Diten.Platform/src/Diten.Platform.API/Security/PermissionAliasResolver.cs	L2-AUTH22-archive
services/Diten.Platform/src/Diten.Platform.API/Security/PermissionClaimEvaluator.cs	L2-AUTH22-archive
services/Diten.Platform/src/Diten.Platform.API/Security/RequiresExplicitPermissionAttribute.cs	L2-AUTH22-archive
services/Diten.Platform/src/Diten.Platform.API/Security/VerifiedGskuResolverCredentialAuthenticator.cs	L2-AUTH22-archive
services/Diten.Platform/src/Diten.Platform.API/Security/VerifiedGskuResolverJwtTenantContext.cs	L2-AUTH22-archive
services/Diten.Platform/src/Diten.Platform.API/Security/VerifiedReferenceDataRequestExecutor.cs	L2-AUTH22-archive
services/Diten.Platform/src/Diten.Platform.API/Seed/business-reference-data/document-management-qms.json	L2-AUTH22-archive
services/Diten.Platform/src/Diten.Platform.API/Seed/business-reference-data/legal-entity-reference.json	L2-AUTH22-archive
services/Diten.Platform/src/Diten.Platform.API/Seed/business-reference-data/mod-0290-gsku-reference.json	L2-AUTH22-archive
services/Diten.Platform/src/Diten.Platform.API/Seed/business-reference-data/mod-0290-market-reference.json	L2-AUTH22-archive
services/Diten.Platform/src/Diten.Platform.API/Seed/document-management/GMG_ERP_Document_Reference_List_2026-08-24.csv	L2-AUTH22-archive
services/Diten.Platform/src/Diten.Platform.API/Services/BusinessReferenceData/BusinessReferenceDataCatalogLoadWorker.cs	L2-AUTH22-archive
services/Diten.Platform/src/Diten.Platform.API/Services/BusinessReferenceData/DevelopmentBusinessReferenceDataVerifiedGskuOperationalEligibility.cs	L2-AUTH22-archive
services/Diten.Platform/src/Diten.Platform.API/Services/BusinessReferenceData/DevelopmentBusinessReferenceDataVerifiedMarketOperationalEligibility.cs	L2-AUTH22-archive
services/Diten.Platform/src/Diten.Platform.API/Services/BusinessReferenceData/VerifiedGskuOperationalProvisioningRunner.cs	L2-AUTH22-archive
services/Diten.Platform/src/Diten.Platform.API/Services/BusinessReferenceData/VerifiedMarketOperationalProvisioningRunner.cs	L2-AUTH22-archive
services/Diten.Platform/src/Diten.Platform.API/Services/ModuleRegistration/ModuleSelfRegistrationGate.cs	L2-AUTH22-archive
services/Diten.Platform/src/Diten.Platform.API/Services/ModuleRegistration/PlatformModuleSelfRegistrationWorker.cs	L2-AUTH22-archive
services/Diten.Platform/src/Diten.Platform.API/Services/Security/PlatformPermissionAutoRegistrationWorker.cs	L2-AUTH22-archive
services/Diten.Platform/src/Diten.Platform.API/appsettings.Development.json	L2-AUTH22-archive
services/Diten.Platform/src/Diten.Platform.API/appsettings.json	L2-AUTH22-archive
services/Diten.Platform/src/Diten.Platform.Application/Authorization/OrgDataScopeResolver.cs	L2-AUTH22-archive
services/Diten.Platform/src/Diten.Platform.Application/BackgroundJobs/DeferredPlatformJobArgs.cs	L2-AUTH22-archive
services/Diten.Platform/src/Diten.Platform.Application/BackgroundJobs/DeferredPlatformJobHandler.cs	L2-AUTH22-archive
services/Diten.Platform/src/Diten.Platform.Application/BackgroundJobs/IJobExecutionLogWriter.cs	L2-AUTH22-archive
services/Diten.Platform/src/Diten.Platform.Application/BackgroundJobs/JobExecutionLogWriter.cs	L2-AUTH22-archive
services/Diten.Platform/src/Diten.Platform.Application/BackgroundJobs/PlatformRecurringJobRegistrar.cs	L2-AUTH22-archive
services/Diten.Platform/src/Diten.Platform.Application/BackgroundJobs/SchedulerSmokeTestJob.cs	L2-AUTH22-archive
services/Diten.Platform/src/Diten.Platform.Application/BackgroundJobs/SchedulerSmokeTestJobArgs.cs	L2-AUTH22-archive
services/Diten.Platform/src/Diten.Platform.Application/Common/IInternalScopeResolutionContext.cs	L2-AUTH22-archive
services/Diten.Platform/src/Diten.Platform.Application/Common/Response.cs	L2-AUTH22-archive
services/Diten.Platform/src/Diten.Platform.Application/Contracts/Audit/AuditAppendRequest.cs	L2-AUTH22-archive
services/Diten.Platform/src/Diten.Platform.Application/Contracts/Audit/AuditAppendResult.cs	L2-AUTH22-archive
services/Diten.Platform/src/Diten.Platform.Application/Contracts/Audit/AuditAppendStatus.cs	L2-AUTH22-archive
services/Diten.Platform/src/Diten.Platform.Application/Contracts/Audit/AuditBehaviorOptions.cs	L2-AUTH22-archive
services/Diten.Platform/src/Diten.Platform.Application/Contracts/Audit/AuditOutboxWriteRequest.cs	L2-AUTH22-archive
services/Diten.Platform/src/Diten.Platform.Application/Contracts/Audit/AuditRequestMetadata.cs	L2-AUTH22-archive
services/Diten.Platform/src/Diten.Platform.Application/Contracts/Audit/AuditRetentionResolution.cs	L2-AUTH22-archive
services/Diten.Platform/src/Diten.Platform.Application/Contracts/Audit/AuditRetentionResolutionRequest.cs	L2-AUTH22-archive
services/Diten.Platform/src/Diten.Platform.Application/Contracts/Audit/IAuditExcludedRequest.cs	L2-AUTH22-archive
services/Diten.Platform/src/Diten.Platform.Application/Contracts/Audit/IAuditIdempotencyKeyBuilder.cs	L2-AUTH22-archive
services/Diten.Platform/src/Diten.Platform.Application/Contracts/Audit/IAuditMetadataProvider.cs	L2-AUTH22-archive
services/Diten.Platform/src/Diten.Platform.Application/Contracts/Audit/IAuditOutboxWriter.cs	L2-AUTH22-archive
services/Diten.Platform/src/Diten.Platform.Application/Contracts/Audit/IAuditRecursionGuard.cs	L2-AUTH22-archive
services/Diten.Platform/src/Diten.Platform.Application/Contracts/Audit/IAuditRetentionPolicyResolver.cs	L2-AUTH22-archive
services/Diten.Platform/src/Diten.Platform.Application/Contracts/Audit/IAuditService.cs	L2-AUTH22-archive
services/Diten.Platform/src/Diten.Platform.Application/Contracts/Audit/IAuditableCommand.cs	L2-AUTH22-archive
services/Diten.Platform/src/Diten.Platform.Application/Contracts/Audit/IAuditableRequest.cs	L2-AUTH22-archive
services/Diten.Platform/src/Diten.Platform.Application/Contracts/Audit/ISensitiveFieldRedactionRegistry.cs	L2-AUTH22-archive
services/Diten.Platform/src/Diten.Platform.Application/Contracts/Audit/ISensitiveFieldRedactor.cs	L2-AUTH22-archive
services/Diten.Platform/src/Diten.Platform.Application/Contracts/Audit/ITransactionOwnedAuditCommand.cs	L2-AUTH22-archive
services/Diten.Platform/src/Diten.Platform.Application/Contracts/Audit/ITransactionalAuditOutboxWriter.cs	L2-AUTH22-archive
services/Diten.Platform/src/Diten.Platform.Application/Contracts/Audit/SensitiveFieldRule.cs	L2-AUTH22-archive
services/Diten.Platform/src/Diten.Platform.Application/Contracts/Behaviors/AuditBehavior.cs	L2-AUTH22-archive
services/Diten.Platform/src/Diten.Platform.Application/Contracts/Behaviors/ExceptionBehavior.cs	L2-AUTH22-archive
services/Diten.Platform/src/Diten.Platform.Application/Contracts/Behaviors/LoggingBehavior.cs	L2-AUTH22-archive
services/Diten.Platform/src/Diten.Platform.Application/Contracts/Behaviors/PerformanceBehavior.cs	L2-AUTH22-archive
services/Diten.Platform/src/Diten.Platform.Application/Contracts/Behaviors/ValidationBehavior.cs	L2-AUTH22-archive
services/Diten.Platform/src/Diten.Platform.Application/Contracts/DocumentRepository/ContentStorageOptions.cs	L2-AUTH22-archive
services/Diten.Platform/src/Diten.Platform.Application/Contracts/DocumentRepository/DocumentRepositoryReasonCodes.cs	L2-AUTH22-archive
services/Diten.Platform/src/Diten.Platform.Application/Contracts/DocumentRepository/IContentStorageGateway.cs	L2-AUTH22-archive
services/Diten.Platform/src/Diten.Platform.Application/Contracts/Eventing/ConsumedEvent.cs	L2-AUTH22-archive
services/Diten.Platform/src/Diten.Platform.Application/Contracts/Eventing/EventBusOptions.cs	L2-AUTH22-archive
services/Diten.Platform/src/Diten.Platform.Application/Contracts/Eventing/EventTransportMessage.cs	L2-AUTH22-archive
services/Diten.Platform/src/Diten.Platform.Application/Contracts/Eventing/IConsumedEventRepository.cs	L2-AUTH22-archive
services/Diten.Platform/src/Diten.Platform.Application/Contracts/Eventing/IEventTransportPublisher.cs	L2-AUTH22-archive
services/Diten.Platform/src/Diten.Platform.Application/Contracts/Eventing/IEventingObservabilitySink.cs	L2-AUTH22-archive
services/Diten.Platform/src/Diten.Platform.Application/Contracts/Eventing/IOutboxEventRepository.cs	L2-AUTH22-archive
services/Diten.Platform/src/Diten.Platform.Application/Contracts/Eventing/IOutboxObservabilityReader.cs	L2-AUTH22-archive
services/Diten.Platform/src/Diten.Platform.Application/Contracts/Eventing/ITransactionalIntegrationEventWriter.cs	L2-AUTH22-archive
services/Diten.Platform/src/Diten.Platform.Application/Contracts/Eventing/ITransactionalOutboxEventWriter.cs	L2-AUTH22-archive
services/Diten.Platform/src/Diten.Platform.Application/Contracts/Eventing/OutboxEvent.cs	L2-AUTH22-archive
services/Diten.Platform/src/Diten.Platform.Application/Contracts/Events/EventEnvelope.cs	L2-AUTH22-archive
services/Diten.Platform/src/Diten.Platform.Application/Contracts/Events/TenantAdminInvitationRequestedIntegrationEvent.cs	L2-AUTH22-archive
services/Diten.Platform/src/Diten.Platform.Application/Contracts/Events/TenantRegisteredIntegrationEvent.cs	L2-AUTH22-archive
services/Diten.Platform/src/Diten.Platform.Application/Contracts/IActorPermissionContext.cs	L2-AUTH22-archive
services/Diten.Platform/src/Diten.Platform.Application/Contracts/IAdminUserInvitationService.cs	L2-AUTH22-archive
services/Diten.Platform/src/Diten.Platform.Application/Contracts/IAuthPermissionModulesClient.cs	L2-AUTH22-archive
services/Diten.Platform/src/Diten.Platform.Application/Contracts/ICatalogPermissionSyncService.cs	L2-AUTH22-archive
services/Diten.Platform/src/Diten.Platform.Application/Contracts/ICurrentUserContext.cs	L2-AUTH22-archive
services/Diten.Platform/src/Diten.Platform.Application/Contracts/IModuleManifestProvider.cs	L2-AUTH22-archive
services/Diten.Platform/src/Diten.Platform.Application/Contracts/IPlatformAdministratorInvitationEmailService.cs	L2-AUTH22-archive
services/Diten.Platform/src/Diten.Platform.Application/Contracts/IPlatformAdministratorProvisioningService.cs	L2-AUTH22-archive
services/Diten.Platform/src/Diten.Platform.Application/Contracts/ITaskNotificationRecipientResolver.cs	L2-AUTH22-archive
services/Diten.Platform/src/Diten.Platform.Application/Contracts/ITenantActivationNotifier.cs	L2-AUTH22-archive
services/Diten.Platform/src/Diten.Platform.Application/Contracts/ITenantDefaultsProvider.cs	L2-AUTH22-archive
services/Diten.Platform/src/Diten.Platform.Application/Contracts/IUserDisplayNameResolver.cs	L2-AUTH22-archive
services/Diten.Platform/src/Diten.Platform.Application/Contracts/IWorkflowTransitionGate.cs	L2-AUTH22-archive
services/Diten.Platform/src/Diten.Platform.Application/Contracts/Outbox/OutboxMessage.cs	L2-AUTH22-archive
services/Diten.Platform/src/Diten.Platform.Application/Contracts/TenantGuard.cs	L2-AUTH22-archive
services/Diten.Platform/src/Diten.Platform.Application/Contracts/TenantScope.cs	L2-AUTH22-archive
services/Diten.Platform/src/Diten.Platform.Application/Contracts/ValidationReasonCode.cs	L2-AUTH22-archive
services/Diten.Platform/src/Diten.Platform.Application/DependencyInjection.cs	L2-AUTH22-archive
services/Diten.Platform/src/Diten.Platform.Application/Diten.Platform.Application.csproj	L2-AUTH22-archive
services/Diten.Platform/src/Diten.Platform.Application/Features/AccessGovernance/SelfRegistration/AccessGovernanceManifestProvider.cs	L2-AUTH22-archive
services/Diten.Platform/src/Diten.Platform.Application/Features/Audit/AuditAppendApiModels.cs	L2-AUTH22-archive
services/Diten.Platform/src/Diten.Platform.Application/Features/Audit/AuditIdempotencyKeyBuilder.cs	L2-AUTH22-archive
services/Diten.Platform/src/Diten.Platform.Application/Features/Audit/AuditModels.cs	L2-AUTH22-archive
services/Diten.Platform/src/Diten.Platform.Application/Features/Audit/AuditRecursionGuard.cs	L2-AUTH22-archive
services/Diten.Platform/src/Diten.Platform.Application/Features/Audit/AuditRetentionPolicyResolver.cs	L2-AUTH22-archive
services/Diten.Platform/src/Diten.Platform.Application/Features/Audit/AuditService.cs	L2-AUTH22-archive
services/Diten.Platform/src/Diten.Platform.Application/Features/Audit/Commands/RedactAuditActorCommand.cs	L2-AUTH22-archive
services/Diten.Platform/src/Diten.Platform.Application/Features/Audit/Commands/UpdateAuditRetentionCommand.cs	L2-AUTH22-archive
services/Diten.Platform/src/Diten.Platform.Application/Features/Audit/Handlers/CommandHandlers/RedactAuditActorHandler.cs	L2-AUTH22-archive
services/Diten.Platform/src/Diten.Platform.Application/Features/Audit/Handlers/CommandHandlers/UpdateAuditRetentionHandler.cs	L2-AUTH22-archive
services/Diten.Platform/src/Diten.Platform.Application/Features/Audit/Handlers/QueryHandlers/ExportAuditEventsHandler.cs	L2-AUTH22-archive
services/Diten.Platform/src/Diten.Platform.Application/Features/Audit/Handlers/QueryHandlers/GetAuditEventByIdHandler.cs	L2-AUTH22-archive
services/Diten.Platform/src/Diten.Platform.Application/Features/Audit/Handlers/QueryHandlers/GetAuditEventListHandler.cs	L2-AUTH22-archive
services/Diten.Platform/src/Diten.Platform.Application/Features/Audit/Handlers/QueryHandlers/GetAuditRetentionPoliciesHandler.cs	L2-AUTH22-archive
services/Diten.Platform/src/Diten.Platform.Application/Features/Audit/Queries/ExportAuditEventsQuery.cs	L2-AUTH22-archive
services/Diten.Platform/src/Diten.Platform.Application/Features/Audit/Queries/GetAuditEventByIdQuery.cs	L2-AUTH22-archive
services/Diten.Platform/src/Diten.Platform.Application/Features/Audit/Queries/GetAuditEventListQuery.cs	L2-AUTH22-archive
services/Diten.Platform/src/Diten.Platform.Application/Features/Audit/Queries/GetAuditRetentionPoliciesQuery.cs	L2-AUTH22-archive
services/Diten.Platform/src/Diten.Platform.Application/Features/Audit/SensitiveFieldRedactionRegistry.cs	L2-AUTH22-archive
services/Diten.Platform/src/Diten.Platform.Application/Features/Audit/SensitiveFieldRedactor.cs	L2-AUTH22-archive
services/Diten.Platform/src/Diten.Platform.Application/Features/Audit/Services/AuditExportSerializer.cs	L2-AUTH22-archive
services/Diten.Platform/src/Diten.Platform.Application/Features/Audit/Services/AuditMetaAuditWriter.cs	L2-AUTH22-archive
services/Diten.Platform/src/Diten.Platform.Application/Features/Audit/Validators/ExportAuditEventsValidator.cs	L2-AUTH22-archive
services/Diten.Platform/src/Diten.Platform.Application/Features/Audit/Validators/GetAuditEventByIdQueryValidator.cs	L2-AUTH22-archive
services/Diten.Platform/src/Diten.Platform.Application/Features/Audit/Validators/GetAuditEventListQueryValidator.cs	L2-AUTH22-archive
services/Diten.Platform/src/Diten.Platform.Application/Features/Audit/Validators/RedactAuditActorValidator.cs	L2-AUTH22-archive
services/Diten.Platform/src/Diten.Platform.Application/Features/Audit/Validators/UpdateAuditRetentionValidator.cs	L2-AUTH22-archive
services/Diten.Platform/src/Diten.Platform.Application/Features/BusinessReferenceData/BusinessReferenceDataExceptionBehavior.cs	L2-AUTH22-archive
services/Diten.Platform/src/Diten.Platform.Application/Features/BusinessReferenceData/Commands/ApproveBusinessReferenceDataVersionCommand.cs	L2-AUTH22-archive
services/Diten.Platform/src/Diten.Platform.Application/Features/BusinessReferenceData/Commands/BusinessReferenceDataAttributeDefinitionInputModel.cs	L2-AUTH22-archive
services/Diten.Platform/src/Diten.Platform.Application/Features/BusinessReferenceData/Commands/BusinessReferenceDataMappingInputModel.cs	L2-AUTH22-archive
services/Diten.Platform/src/Diten.Platform.Application/Features/BusinessReferenceData/Commands/BusinessReferenceDataVersionValueInputModel.cs	L2-AUTH22-archive
services/Diten.Platform/src/Diten.Platform.Application/Features/BusinessReferenceData/Commands/CommitBusinessReferenceDataImportCommand.cs	L2-AUTH22-archive
services/Diten.Platform/src/Diten.Platform.Application/Features/BusinessReferenceData/Commands/CreateBusinessReferenceDataSetCommand.cs	L2-AUTH22-archive
services/Diten.Platform/src/Diten.Platform.Application/Features/BusinessReferenceData/Commands/CreateBusinessReferenceDataVersionCommand.cs	L2-AUTH22-archive
services/Diten.Platform/src/Diten.Platform.Application/Features/BusinessReferenceData/Commands/DeactivateBusinessReferenceDataUsageRegistrationCommand.cs	L2-AUTH22-archive
services/Diten.Platform/src/Diten.Platform.Application/Features/BusinessReferenceData/Commands/DeactivateBusinessReferenceDataUsageRegistrationsBulkCommand.cs	L2-AUTH22-archive
services/Diten.Platform/src/Diten.Platform.Application/Features/BusinessReferenceData/Commands/EnsureVerifiedGskuTenantAssignmentsCommand.cs	L2-AUTH22-archive
services/Diten.Platform/src/Diten.Platform.Application/Features/BusinessReferenceData/Commands/PatchBusinessReferenceDataSetCommand.cs	L2-AUTH22-archive
services/Diten.Platform/src/Diten.Platform.Application/Features/BusinessReferenceData/Commands/PreviewBusinessReferenceDataImportCommand.cs	L2-AUTH22-archive
services/Diten.Platform/src/Diten.Platform.Application/Features/BusinessReferenceData/Commands/ProvisionBusinessReferenceDataEvidenceFixtureCommand.cs	L2-AUTH22-archive
services/Diten.Platform/src/Diten.Platform.Application/Features/BusinessReferenceData/Commands/PublishBusinessReferenceDataVersionCommand.cs	L2-AUTH22-archive
services/Diten.Platform/src/Diten.Platform.Application/Features/BusinessReferenceData/Commands/RegisterBusinessReferenceDataUsageCommand.cs	L2-AUTH22-archive
services/Diten.Platform/src/Diten.Platform.Application/Features/BusinessReferenceData/Commands/ReplaceBusinessReferenceDataVersionAttributeDefinitionsCommand.cs	L2-AUTH22-archive
services/Diten.Platform/src/Diten.Platform.Application/Features/BusinessReferenceData/Commands/ReplaceBusinessReferenceDataVersionMappingsCommand.cs	L2-AUTH22-archive
services/Diten.Platform/src/Diten.Platform.Application/Features/BusinessReferenceData/Commands/ReplaceBusinessReferenceDataVersionValuesCommand.cs	L2-AUTH22-archive
services/Diten.Platform/src/Diten.Platform.Application/Features/BusinessReferenceData/Commands/RetireBusinessReferenceDataEvidenceFixtureSetCommand.cs	L2-AUTH22-archive
services/Diten.Platform/src/Diten.Platform.Application/Features/BusinessReferenceData/Commands/SubmitBusinessReferenceDataVersionCommand.cs	L2-AUTH22-archive
services/Diten.Platform/src/Diten.Platform.Application/Features/BusinessReferenceData/Commands/ValidateBusinessReferenceDataVersionCommand.cs	L2-AUTH22-archive
services/Diten.Platform/src/Diten.Platform.Application/Features/BusinessReferenceData/Handlers/CommandHandlers/ApproveBusinessReferenceDataVersionCommandHandler.cs	L2-AUTH22-archive
services/Diten.Platform/src/Diten.Platform.Application/Features/BusinessReferenceData/Handlers/CommandHandlers/CommitBusinessReferenceDataImportCommandHandler.cs	L2-AUTH22-archive
services/Diten.Platform/src/Diten.Platform.Application/Features/BusinessReferenceData/Handlers/CommandHandlers/CreateBusinessReferenceDataSetCommandHandler.cs	L2-AUTH22-archive
services/Diten.Platform/src/Diten.Platform.Application/Features/BusinessReferenceData/Handlers/CommandHandlers/CreateBusinessReferenceDataVersionCommandHandler.cs	L2-AUTH22-archive
services/Diten.Platform/src/Diten.Platform.Application/Features/BusinessReferenceData/Handlers/CommandHandlers/DeactivateBusinessReferenceDataUsageRegistrationCommandHandler.cs	L2-AUTH22-archive
services/Diten.Platform/src/Diten.Platform.Application/Features/BusinessReferenceData/Handlers/CommandHandlers/DeactivateBusinessReferenceDataUsageRegistrationsBulkCommandHandler.cs	L2-AUTH22-archive
services/Diten.Platform/src/Diten.Platform.Application/Features/BusinessReferenceData/Handlers/CommandHandlers/EnsureVerifiedGskuTenantAssignmentsHandler.cs	L2-AUTH22-archive
services/Diten.Platform/src/Diten.Platform.Application/Features/BusinessReferenceData/Handlers/CommandHandlers/PatchBusinessReferenceDataSetCommandHandler.cs	L2-AUTH22-archive
services/Diten.Platform/src/Diten.Platform.Application/Features/BusinessReferenceData/Handlers/CommandHandlers/PreviewBusinessReferenceDataImportCommandHandler.cs	L2-AUTH22-archive
services/Diten.Platform/src/Diten.Platform.Application/Features/BusinessReferenceData/Handlers/CommandHandlers/ProvisionBusinessReferenceDataEvidenceFixtureCommandHandler.cs	L2-AUTH22-archive
services/Diten.Platform/src/Diten.Platform.Application/Features/BusinessReferenceData/Handlers/CommandHandlers/PublishBusinessReferenceDataVersionCommandHandler.cs	L2-AUTH22-archive
services/Diten.Platform/src/Diten.Platform.Application/Features/BusinessReferenceData/Handlers/CommandHandlers/RegisterBusinessReferenceDataUsageCommandHandler.cs	L2-AUTH22-archive
services/Diten.Platform/src/Diten.Platform.Application/Features/BusinessReferenceData/Handlers/CommandHandlers/ReplaceBusinessReferenceDataVersionAttributeDefinitionsCommandHandler.cs	L2-AUTH22-archive
services/Diten.Platform/src/Diten.Platform.Application/Features/BusinessReferenceData/Handlers/CommandHandlers/ReplaceBusinessReferenceDataVersionMappingsCommandHandler.cs	L2-AUTH22-archive
services/Diten.Platform/src/Diten.Platform.Application/Features/BusinessReferenceData/Handlers/CommandHandlers/ReplaceBusinessReferenceDataVersionValuesCommandHandler.cs	L2-AUTH22-archive
services/Diten.Platform/src/Diten.Platform.Application/Features/BusinessReferenceData/Handlers/CommandHandlers/RetireBusinessReferenceDataEvidenceFixtureSetCommandHandler.cs	L2-AUTH22-archive
services/Diten.Platform/src/Diten.Platform.Application/Features/BusinessReferenceData/Handlers/CommandHandlers/SubmitBusinessReferenceDataVersionCommandHandler.cs	L2-AUTH22-archive
services/Diten.Platform/src/Diten.Platform.Application/Features/BusinessReferenceData/Handlers/CommandHandlers/ValidateBusinessReferenceDataVersionCommandHandler.cs	L2-AUTH22-archive
services/Diten.Platform/src/Diten.Platform.Application/Features/BusinessReferenceData/Handlers/QueryHandlers/EnumerateVerifiedGskuUomsHandler.cs	L2-AUTH22-archive
services/Diten.Platform/src/Diten.Platform.Application/Features/BusinessReferenceData/Handlers/QueryHandlers/EnumerateVerifiedMarketsHandler.cs	L2-AUTH22-archive
services/Diten.Platform/src/Diten.Platform.Application/Features/BusinessReferenceData/Handlers/QueryHandlers/GetBusinessReferenceDataHierarchyQueryHandler.cs	L2-AUTH22-archive
services/Diten.Platform/src/Diten.Platform.Application/Features/BusinessReferenceData/Handlers/QueryHandlers/GetBusinessReferenceDataPublishedValuesQueryHandler.cs	L2-AUTH22-archive
services/Diten.Platform/src/Diten.Platform.Application/Features/BusinessReferenceData/Handlers/QueryHandlers/GetBusinessReferenceDataScopeTypesQueryHandler.cs	L2-AUTH22-archive
services/Diten.Platform/src/Diten.Platform.Application/Features/BusinessReferenceData/Handlers/QueryHandlers/GetBusinessReferenceDataSetByIdQueryHandler.cs	L2-AUTH22-archive
services/Diten.Platform/src/Diten.Platform.Application/Features/BusinessReferenceData/Handlers/QueryHandlers/GetBusinessReferenceDataSetVersionsQueryHandler.cs	L2-AUTH22-archive
services/Diten.Platform/src/Diten.Platform.Application/Features/BusinessReferenceData/Handlers/QueryHandlers/GetBusinessReferenceDataSetsQueryHandler.cs	L2-AUTH22-archive
services/Diten.Platform/src/Diten.Platform.Application/Features/BusinessReferenceData/Handlers/QueryHandlers/GetBusinessReferenceDataUsageFormOptionsQueryHandler.cs	L2-AUTH22-archive
services/Diten.Platform/src/Diten.Platform.Application/Features/BusinessReferenceData/Handlers/QueryHandlers/GetBusinessReferenceDataUsageRegistrationsQueryHandler.cs	L2-AUTH22-archive
services/Diten.Platform/src/Diten.Platform.Application/Features/BusinessReferenceData/Handlers/QueryHandlers/GetBusinessReferenceDataValuesQueryHandler.cs	L2-AUTH22-archive
services/Diten.Platform/src/Diten.Platform.Application/Features/BusinessReferenceData/Handlers/QueryHandlers/GetBusinessReferenceDataVersionAttributeDefinitionsQueryHandler.cs	L2-AUTH22-archive
services/Diten.Platform/src/Diten.Platform.Application/Features/BusinessReferenceData/Handlers/QueryHandlers/GetBusinessReferenceDataVersionByIdQueryHandler.cs	L2-AUTH22-archive
services/Diten.Platform/src/Diten.Platform.Application/Features/BusinessReferenceData/Handlers/QueryHandlers/GetBusinessReferenceDataVersionMappingsQueryHandler.cs	L2-AUTH22-archive
services/Diten.Platform/src/Diten.Platform.Application/Features/BusinessReferenceData/Handlers/QueryHandlers/GetBusinessReferenceDataVersionValuesQueryHandler.cs	L2-AUTH22-archive
services/Diten.Platform/src/Diten.Platform.Application/Features/BusinessReferenceData/Handlers/QueryHandlers/ResolveVerifiedGskuReferenceDataHandler.cs	L2-AUTH22-archive
services/Diten.Platform/src/Diten.Platform.Application/Features/BusinessReferenceData/Handlers/QueryHandlers/ResolveVerifiedMarketReferenceDataHandler.cs	L2-AUTH22-archive
services/Diten.Platform/src/Diten.Platform.Application/Features/BusinessReferenceData/IBusinessReferenceDataRequest.cs	L2-AUTH22-archive
services/Diten.Platform/src/Diten.Platform.Application/Features/BusinessReferenceData/Models/BusinessReferenceDataStewardshipModels.cs	L2-AUTH22-archive
services/Diten.Platform/src/Diten.Platform.Application/Features/BusinessReferenceData/Models/BusinessReferenceDataVerifiedMarketModels.cs	L2-AUTH22-archive
services/Diten.Platform/src/Diten.Platform.Application/Features/BusinessReferenceData/Models/BusinessReferenceDataVerifiedResolveModels.cs	L2-AUTH22-archive
services/Diten.Platform/src/Diten.Platform.Application/Features/BusinessReferenceData/Models/BusinessReferenceDataVerifiedUomModels.cs	L2-AUTH22-archive
services/Diten.Platform/src/Diten.Platform.Application/Features/BusinessReferenceData/Queries/EnumerateVerifiedGskuUomsQuery.cs	L2-AUTH22-archive
services/Diten.Platform/src/Diten.Platform.Application/Features/BusinessReferenceData/Queries/EnumerateVerifiedMarketsQuery.cs	L2-AUTH22-archive
services/Diten.Platform/src/Diten.Platform.Application/Features/BusinessReferenceData/Queries/GetBusinessReferenceDataHierarchyQuery.cs	L2-AUTH22-archive
services/Diten.Platform/src/Diten.Platform.Application/Features/BusinessReferenceData/Queries/GetBusinessReferenceDataPublishedValuesQuery.cs	L2-AUTH22-archive
services/Diten.Platform/src/Diten.Platform.Application/Features/BusinessReferenceData/Queries/GetBusinessReferenceDataScopeTypesQuery.cs	L2-AUTH22-archive
services/Diten.Platform/src/Diten.Platform.Application/Features/BusinessReferenceData/Queries/GetBusinessReferenceDataSetByIdQuery.cs	L2-AUTH22-archive
services/Diten.Platform/src/Diten.Platform.Application/Features/BusinessReferenceData/Queries/GetBusinessReferenceDataSetVersionsQuery.cs	L2-AUTH22-archive
services/Diten.Platform/src/Diten.Platform.Application/Features/BusinessReferenceData/Queries/GetBusinessReferenceDataSetsQuery.cs	L2-AUTH22-archive
services/Diten.Platform/src/Diten.Platform.Application/Features/BusinessReferenceData/Queries/GetBusinessReferenceDataUsageFormOptionsQuery.cs	L2-AUTH22-archive
services/Diten.Platform/src/Diten.Platform.Application/Features/BusinessReferenceData/Queries/GetBusinessReferenceDataUsageRegistrationsQuery.cs	L2-AUTH22-archive
services/Diten.Platform/src/Diten.Platform.Application/Features/BusinessReferenceData/Queries/GetBusinessReferenceDataValuesQuery.cs	L2-AUTH22-archive
services/Diten.Platform/src/Diten.Platform.Application/Features/BusinessReferenceData/Queries/GetBusinessReferenceDataVersionAttributeDefinitionsQuery.cs	L2-AUTH22-archive
services/Diten.Platform/src/Diten.Platform.Application/Features/BusinessReferenceData/Queries/GetBusinessReferenceDataVersionByIdQuery.cs	L2-AUTH22-archive
services/Diten.Platform/src/Diten.Platform.Application/Features/BusinessReferenceData/Queries/GetBusinessReferenceDataVersionMappingsQuery.cs	L2-AUTH22-archive
services/Diten.Platform/src/Diten.Platform.Application/Features/BusinessReferenceData/Queries/GetBusinessReferenceDataVersionValuesQuery.cs	L2-AUTH22-archive
services/Diten.Platform/src/Diten.Platform.Application/Features/BusinessReferenceData/Queries/ResolveVerifiedGskuReferenceDataQuery.cs	L2-AUTH22-archive
services/Diten.Platform/src/Diten.Platform.Application/Features/BusinessReferenceData/Queries/ResolveVerifiedMarketReferenceDataQuery.cs	L2-AUTH22-archive
services/Diten.Platform/src/Diten.Platform.Application/Features/BusinessReferenceData/Services/BusinessReferenceDataActiveMembershipService.cs	L2-AUTH22-archive
services/Diten.Platform/src/Diten.Platform.Application/Features/BusinessReferenceData/Services/BusinessReferenceDataCatalogLoaderService.cs	L2-AUTH22-archive
services/Diten.Platform/src/Diten.Platform.Application/Features/BusinessReferenceData/Services/BusinessReferenceDataConsumerQueryService.cs	L2-AUTH22-archive
services/Diten.Platform/src/Diten.Platform.Application/Features/BusinessReferenceData/Services/BusinessReferenceDataGovernanceAdapters.cs	L2-AUTH22-archive
services/Diten.Platform/src/Diten.Platform.Application/Features/BusinessReferenceData/Services/BusinessReferenceDataGovernanceService.cs	L2-AUTH22-archive
services/Diten.Platform/src/Diten.Platform.Application/Features/BusinessReferenceData/Services/BusinessReferenceDataImportService.cs	L2-AUTH22-archive
services/Diten.Platform/src/Diten.Platform.Application/Features/BusinessReferenceData/Services/BusinessReferenceDataModelMapper.cs	L2-AUTH22-archive
services/Diten.Platform/src/Diten.Platform.Application/Features/BusinessReferenceData/Services/BusinessReferenceDataPublishService.cs	L2-AUTH22-archive
services/Diten.Platform/src/Diten.Platform.Application/Features/BusinessReferenceData/Services/BusinessReferenceDataScopeTypes.cs	L2-AUTH22-archive
services/Diten.Platform/src/Diten.Platform.Application/Features/BusinessReferenceData/Services/BusinessReferenceDataValidationService.cs	L2-AUTH22-archive
services/Diten.Platform/src/Diten.Platform.Application/Features/BusinessReferenceData/Services/CsvBusinessReferenceDataImportParser.cs	L2-AUTH22-archive
services/Diten.Platform/src/Diten.Platform.Application/Features/BusinessReferenceData/Services/IBusinessReferenceDataConsumerQueryService.cs	L2-AUTH22-archive
services/Diten.Platform/src/Diten.Platform.Application/Features/BusinessReferenceData/Services/IBusinessReferenceDataGovernanceAdapters.cs	L2-AUTH22-archive
services/Diten.Platform/src/Diten.Platform.Application/Features/BusinessReferenceData/Services/IBusinessReferenceDataGovernanceService.cs	L2-AUTH22-archive
services/Diten.Platform/src/Diten.Platform.Application/Features/BusinessReferenceData/Services/IBusinessReferenceDataImportParser.cs	L2-AUTH22-archive
services/Diten.Platform/src/Diten.Platform.Application/Features/BusinessReferenceData/Services/IBusinessReferenceDataImportService.cs	L2-AUTH22-archive
services/Diten.Platform/src/Diten.Platform.Application/Features/BusinessReferenceData/Services/IBusinessReferenceDataPublishService.cs	L2-AUTH22-archive
services/Diten.Platform/src/Diten.Platform.Application/Features/BusinessReferenceData/Services/IBusinessReferenceDataValidationService.cs	L2-AUTH22-archive
services/Diten.Platform/src/Diten.Platform.Application/Features/BusinessReferenceData/Services/IBusinessReferenceDataVerifiedGskuOperationalEligibility.cs	L2-AUTH22-archive
services/Diten.Platform/src/Diten.Platform.Application/Features/BusinessReferenceData/Services/IBusinessReferenceDataVerifiedMarketOperationalEligibility.cs	L2-AUTH22-archive
services/Diten.Platform/src/Diten.Platform.Application/Features/BusinessReferenceData/Services/JsonBusinessReferenceDataImportParser.cs	L2-AUTH22-archive
services/Diten.Platform/src/Diten.Platform.Application/Features/BusinessReferenceData/Services/VerifiedGskuUniversalCatalog.cs	L2-AUTH22-archive
services/Diten.Platform/src/Diten.Platform.Application/Features/BusinessReferenceData/Services/XlsxBusinessReferenceDataImportParser.cs	L2-AUTH22-archive
services/Diten.Platform/src/Diten.Platform.Application/Features/BusinessReferenceData/Validators/ApproveBusinessReferenceDataVersionCommandValidator.cs	L2-AUTH22-archive
services/Diten.Platform/src/Diten.Platform.Application/Features/BusinessReferenceData/Validators/CommitBusinessReferenceDataImportCommandValidator.cs	L2-AUTH22-archive
services/Diten.Platform/src/Diten.Platform.Application/Features/BusinessReferenceData/Validators/CreateBusinessReferenceDataSetCommandValidator.cs	L2-AUTH22-archive
services/Diten.Platform/src/Diten.Platform.Application/Features/BusinessReferenceData/Validators/CreateBusinessReferenceDataVersionCommandValidator.cs	L2-AUTH22-archive
services/Diten.Platform/src/Diten.Platform.Application/Features/BusinessReferenceData/Validators/DeactivateBusinessReferenceDataUsageRegistrationCommandValidator.cs	L2-AUTH22-archive
services/Diten.Platform/src/Diten.Platform.Application/Features/BusinessReferenceData/Validators/DeactivateBusinessReferenceDataUsageRegistrationsBulkCommandValidator.cs	L2-AUTH22-archive
services/Diten.Platform/src/Diten.Platform.Application/Features/BusinessReferenceData/Validators/EnsureVerifiedGskuTenantAssignmentsValidator.cs	L2-AUTH22-archive
services/Diten.Platform/src/Diten.Platform.Application/Features/BusinessReferenceData/Validators/EnumerateVerifiedGskuUomsValidator.cs	L2-AUTH22-archive
services/Diten.Platform/src/Diten.Platform.Application/Features/BusinessReferenceData/Validators/EnumerateVerifiedMarketsValidator.cs	L2-AUTH22-archive
services/Diten.Platform/src/Diten.Platform.Application/Features/BusinessReferenceData/Validators/GetBusinessReferenceDataHierarchyQueryValidator.cs	L2-AUTH22-archive
services/Diten.Platform/src/Diten.Platform.Application/Features/BusinessReferenceData/Validators/GetBusinessReferenceDataSetByIdQueryValidator.cs	L2-AUTH22-archive
services/Diten.Platform/src/Diten.Platform.Application/Features/BusinessReferenceData/Validators/GetBusinessReferenceDataSetVersionsQueryValidator.cs	L2-AUTH22-archive
services/Diten.Platform/src/Diten.Platform.Application/Features/BusinessReferenceData/Validators/GetBusinessReferenceDataSetsQueryValidator.cs	L2-AUTH22-archive
services/Diten.Platform/src/Diten.Platform.Application/Features/BusinessReferenceData/Validators/GetBusinessReferenceDataUsageRegistrationsQueryValidator.cs	L2-AUTH22-archive
services/Diten.Platform/src/Diten.Platform.Application/Features/BusinessReferenceData/Validators/GetBusinessReferenceDataValuesQueryValidator.cs	L2-AUTH22-archive
services/Diten.Platform/src/Diten.Platform.Application/Features/BusinessReferenceData/Validators/GetBusinessReferenceDataVersionAttributeDefinitionsQueryValidator.cs	L2-AUTH22-archive
services/Diten.Platform/src/Diten.Platform.Application/Features/BusinessReferenceData/Validators/GetBusinessReferenceDataVersionByIdQueryValidator.cs	L2-AUTH22-archive
services/Diten.Platform/src/Diten.Platform.Application/Features/BusinessReferenceData/Validators/GetBusinessReferenceDataVersionMappingsQueryValidator.cs	L2-AUTH22-archive
services/Diten.Platform/src/Diten.Platform.Application/Features/BusinessReferenceData/Validators/PatchBusinessReferenceDataSetCommandValidator.cs	L2-AUTH22-archive
services/Diten.Platform/src/Diten.Platform.Application/Features/BusinessReferenceData/Validators/PreviewBusinessReferenceDataImportCommandValidator.cs	L2-AUTH22-archive
services/Diten.Platform/src/Diten.Platform.Application/Features/BusinessReferenceData/Validators/PublishBusinessReferenceDataVersionCommandValidator.cs	L2-AUTH22-archive
services/Diten.Platform/src/Diten.Platform.Application/Features/BusinessReferenceData/Validators/RegisterBusinessReferenceDataUsageCommandValidator.cs	L2-AUTH22-archive
services/Diten.Platform/src/Diten.Platform.Application/Features/BusinessReferenceData/Validators/ReplaceBusinessReferenceDataVersionAttributeDefinitionsCommandValidator.cs	L2-AUTH22-archive
services/Diten.Platform/src/Diten.Platform.Application/Features/BusinessReferenceData/Validators/ReplaceBusinessReferenceDataVersionMappingsCommandValidator.cs	L2-AUTH22-archive
services/Diten.Platform/src/Diten.Platform.Application/Features/BusinessReferenceData/Validators/ReplaceBusinessReferenceDataVersionValuesCommandValidator.cs	L2-AUTH22-archive
services/Diten.Platform/src/Diten.Platform.Application/Features/BusinessReferenceData/Validators/ResolveVerifiedGskuReferenceDataValidator.cs	L2-AUTH22-archive
services/Diten.Platform/src/Diten.Platform.Application/Features/BusinessReferenceData/Validators/ResolveVerifiedMarketReferenceDataValidator.cs	L2-AUTH22-archive
services/Diten.Platform/src/Diten.Platform.Application/Features/BusinessReferenceData/Validators/SubmitBusinessReferenceDataVersionCommandValidator.cs	L2-AUTH22-archive
services/Diten.Platform/src/Diten.Platform.Application/Features/BusinessReferenceData/Validators/ValidateBusinessReferenceDataVersionCommandValidator.cs	L2-AUTH22-archive
services/Diten.Platform/src/Diten.Platform.Application/Features/Crm/SelfRegistration/CrmManifestProvider.cs	L2-AUTH22-archive
services/Diten.Platform/src/Diten.Platform.Application/Features/DocumentManagement/SelfRegistration/DocumentManagementManifestProvider.cs	L2-AUTH22-archive
services/Diten.Platform/src/Diten.Platform.Application/Features/DocumentManagementAccessMatrix/Commands/BulkDeleteDocumentAccessPolicyCommand.cs	L2-AUTH22-archive
services/Diten.Platform/src/Diten.Platform.Application/Features/DocumentManagementAccessMatrix/Commands/CreateDocumentAccessPolicyCommand.cs	L2-AUTH22-archive
services/Diten.Platform/src/Diten.Platform.Application/Features/DocumentManagementAccessMatrix/Commands/DeleteDocumentAccessPolicyCommand.cs	L2-AUTH22-archive
services/Diten.Platform/src/Diten.Platform.Application/Features/DocumentManagementAccessMatrix/Commands/UpdateDocumentAccessPolicyCommand.cs	L2-AUTH22-archive
services/Diten.Platform/src/Diten.Platform.Application/Features/DocumentManagementAccessMatrix/DocumentManagementAccessMatrixModels.cs	L2-AUTH22-archive
services/Diten.Platform/src/Diten.Platform.Application/Features/DocumentManagementAccessMatrix/Handlers/CommandHandlers/BulkDeleteDocumentAccessPolicyHandler.cs	L2-AUTH22-archive
services/Diten.Platform/src/Diten.Platform.Application/Features/DocumentManagementAccessMatrix/Handlers/CommandHandlers/CreateDocumentAccessPolicyHandler.cs	L2-AUTH22-archive
services/Diten.Platform/src/Diten.Platform.Application/Features/DocumentManagementAccessMatrix/Handlers/CommandHandlers/DeleteDocumentAccessPolicyHandler.cs	L2-AUTH22-archive
services/Diten.Platform/src/Diten.Platform.Application/Features/DocumentManagementAccessMatrix/Handlers/CommandHandlers/UpdateDocumentAccessPolicyHandler.cs	L2-AUTH22-archive
services/Diten.Platform/src/Diten.Platform.Application/Features/DocumentManagementAccessMatrix/Handlers/QueryHandlers/GetDocumentAccessPolicyByIdHandler.cs	L2-AUTH22-archive
services/Diten.Platform/src/Diten.Platform.Application/Features/DocumentManagementAccessMatrix/Handlers/QueryHandlers/GetDocumentAccessPolicyListHandler.cs	L2-AUTH22-archive
services/Diten.Platform/src/Diten.Platform.Application/Features/DocumentManagementAccessMatrix/Handlers/QueryHandlers/GetDocumentAccessPrincipalOptionsHandler.cs	L2-AUTH22-archive
services/Diten.Platform/src/Diten.Platform.Application/Features/DocumentManagementAccessMatrix/Handlers/QueryHandlers/GetDocumentAccessTargetOptionsHandler.cs	L2-AUTH22-archive
services/Diten.Platform/src/Diten.Platform.Application/Features/DocumentManagementAccessMatrix/Handlers/QueryHandlers/GetEffectiveDocumentAccessBatchHandler.cs	L2-AUTH22-archive
services/Diten.Platform/src/Diten.Platform.Application/Features/DocumentManagementAccessMatrix/Handlers/QueryHandlers/GetEffectiveDocumentAccessHandler.cs	L2-AUTH22-archive
services/Diten.Platform/src/Diten.Platform.Application/Features/DocumentManagementAccessMatrix/Queries/GetDocumentAccessPolicyByIdQuery.cs	L2-AUTH22-archive
services/Diten.Platform/src/Diten.Platform.Application/Features/DocumentManagementAccessMatrix/Queries/GetDocumentAccessPolicyListQuery.cs	L2-AUTH22-archive
services/Diten.Platform/src/Diten.Platform.Application/Features/DocumentManagementAccessMatrix/Queries/GetDocumentAccessPrincipalOptionsQuery.cs	L2-AUTH22-archive
services/Diten.Platform/src/Diten.Platform.Application/Features/DocumentManagementAccessMatrix/Queries/GetDocumentAccessTargetOptionsQuery.cs	L2-AUTH22-archive
services/Diten.Platform/src/Diten.Platform.Application/Features/DocumentManagementAccessMatrix/Queries/GetEffectiveDocumentAccessBatchQuery.cs	L2-AUTH22-archive
services/Diten.Platform/src/Diten.Platform.Application/Features/DocumentManagementAccessMatrix/Queries/GetEffectiveDocumentAccessQuery.cs	L2-AUTH22-archive
services/Diten.Platform/src/Diten.Platform.Application/Features/DocumentManagementAccessMatrix/Services/AccessMatrixOptions.cs	L2-AUTH22-archive
services/Diten.Platform/src/Diten.Platform.Application/Features/DocumentManagementAccessMatrix/Services/DocumentAccessCompatibilityAdapter.cs	L2-AUTH22-archive
services/Diten.Platform/src/Diten.Platform.Application/Features/DocumentManagementAccessMatrix/Services/DocumentAccessInheritanceResolver.cs	L2-AUTH22-archive
services/Diten.Platform/src/Diten.Platform.Application/Features/DocumentManagementAccessMatrix/Services/DocumentAccessMatrixService.cs	L2-AUTH22-archive
services/Diten.Platform/src/Diten.Platform.Application/Features/DocumentManagementAccessMatrix/Services/DocumentAccessResolver.cs	L2-AUTH22-archive
services/Diten.Platform/src/Diten.Platform.Application/Features/DocumentManagementAccessMatrix/Services/DocumentAccessTargetResolver.cs	L2-AUTH22-archive
services/Diten.Platform/src/Diten.Platform.Application/Features/DocumentManagementAccessMatrix/Validators/CreateDocumentAccessPolicyValidator.cs	L2-AUTH22-archive
services/Diten.Platform/src/Diten.Platform.Application/Features/DocumentManagementAccessMatrix/Validators/UpdateDocumentAccessPolicyValidator.cs	L2-AUTH22-archive
services/Diten.Platform/src/Diten.Platform.Application/Features/DocumentManagementAccessProfileTemplates/AccessProfilePolicyPlanner.cs	L2-AUTH22-archive
services/Diten.Platform/src/Diten.Platform.Application/Features/DocumentManagementAccessProfileTemplates/AccessProfileTemplateCatalog.cs	L2-AUTH22-archive
services/Diten.Platform/src/Diten.Platform.Application/Features/DocumentManagementAccessProfileTemplates/AccessProfileTemplateModels.cs	L2-AUTH22-archive
services/Diten.Platform/src/Diten.Platform.Application/Features/DocumentManagementAccessProfileTemplates/AccessProfileTemplateOptions.cs	L2-AUTH22-archive
services/Diten.Platform/src/Diten.Platform.Application/Features/DocumentManagementAccessProfileTemplates/Commands/AccessProfileTemplateCommands.cs	L2-AUTH22-archive
services/Diten.Platform/src/Diten.Platform.Application/Features/DocumentManagementAccessProfileTemplates/Handlers/AccessProfileTemplateHandlers.cs	L2-AUTH22-archive
services/Diten.Platform/src/Diten.Platform.Application/Features/DocumentManagementApproval/Commands/ApprovalCommands.cs	L2-AUTH22-archive
services/Diten.Platform/src/Diten.Platform.Application/Features/DocumentManagementApproval/DocumentManagementApprovalModels.cs	L2-AUTH22-archive
services/Diten.Platform/src/Diten.Platform.Application/Features/DocumentManagementApproval/Handlers/ApprovalHandlers.cs	L2-AUTH22-archive
services/Diten.Platform/src/Diten.Platform.Application/Features/DocumentManagementApproval/Queries/ApprovalQueries.cs	L2-AUTH22-archive
services/Diten.Platform/src/Diten.Platform.Application/Features/DocumentManagementApproval/Services/ApprovedPendingEffectiveGate.cs	L2-AUTH22-archive
services/Diten.Platform/src/Diten.Platform.Application/Features/DocumentManagementApproval/Services/DocumentApprovalRouteResolver.cs	L2-AUTH22-archive
services/Diten.Platform/src/Diten.Platform.Application/Features/DocumentManagementApproval/Services/DocumentApprovalService.cs	L2-AUTH22-archive
services/Diten.Platform/src/Diten.Platform.Application/Features/DocumentManagementApproval/Services/DocumentSegregationRuleEvaluator.cs	L2-AUTH22-archive
services/Diten.Platform/src/Diten.Platform.Application/Features/DocumentManagementApproval/Services/IApprovalRoleDirectory.cs	L2-AUTH22-archive
services/Diten.Platform/src/Diten.Platform.Application/Features/DocumentManagementApproval/Validators/ApprovalValidators.cs	L2-AUTH22-archive
services/Diten.Platform/src/Diten.Platform.Application/Features/DocumentManagementContract/DocumentManagementContractModels.cs	L2-AUTH22-archive
services/Diten.Platform/src/Diten.Platform.Application/Features/DocumentManagementContract/Handlers/QueryHandlers/GetDocumentManagementContractHandler.cs	L2-AUTH22-archive
services/Diten.Platform/src/Diten.Platform.Application/Features/DocumentManagementContract/Queries/GetDocumentManagementContractQuery.cs	L2-AUTH22-archive
services/Diten.Platform/src/Diten.Platform.Application/Features/DocumentManagementControlledCopy/Commands/ControlledCopyCommands.cs	L2-AUTH22-archive
services/Diten.Platform/src/Diten.Platform.Application/Features/DocumentManagementControlledCopy/DocumentManagementControlledCopyModels.cs	L2-AUTH22-archive
services/Diten.Platform/src/Diten.Platform.Application/Features/DocumentManagementControlledCopy/Handlers/ControlledCopyHandlers.cs	L2-AUTH22-archive
services/Diten.Platform/src/Diten.Platform.Application/Features/DocumentManagementControlledCopy/Queries/ControlledCopyQueries.cs	L2-AUTH22-archive
services/Diten.Platform/src/Diten.Platform.Application/Features/DocumentManagementControlledCopy/Services/ControlledCopyWithdrawalPortAdapter.cs	L2-AUTH22-archive
services/Diten.Platform/src/Diten.Platform.Application/Features/DocumentManagementControlledCopy/Services/CopyReconciliationPortAdapter.cs	L2-AUTH22-archive
services/Diten.Platform/src/Diten.Platform.Application/Features/DocumentManagementControlledCopy/Services/DocumentControlledCopyReadinessEvaluator.cs	L2-AUTH22-archive
services/Diten.Platform/src/Diten.Platform.Application/Features/DocumentManagementControlledCopy/Services/DocumentControlledCopyService.cs	L2-AUTH22-archive
services/Diten.Platform/src/Diten.Platform.Application/Features/DocumentManagementControlledCopy/Validators/ControlledCopyValidators.cs	L2-AUTH22-archive
services/Diten.Platform/src/Diten.Platform.Application/Features/DocumentManagementControlledDocumentRegistration/Commands/CreateControlledDocumentRegistrationCommand.cs	L2-AUTH22-archive
services/Diten.Platform/src/Diten.Platform.Application/Features/DocumentManagementControlledDocumentRegistration/Commands/RetryControlledDocumentRegistrationCommand.cs	L2-AUTH22-archive
services/Diten.Platform/src/Diten.Platform.Application/Features/DocumentManagementControlledDocumentRegistration/DocumentManagementControlledDocumentRegistrationModels.cs	L2-AUTH22-archive
services/Diten.Platform/src/Diten.Platform.Application/Features/DocumentManagementControlledDocumentRegistration/Handlers/CommandHandlers/CreateControlledDocumentRegistrationHandler.cs	L2-AUTH22-archive
services/Diten.Platform/src/Diten.Platform.Application/Features/DocumentManagementControlledDocumentRegistration/Handlers/CommandHandlers/RetryControlledDocumentRegistrationHandler.cs	L2-AUTH22-archive
services/Diten.Platform/src/Diten.Platform.Application/Features/DocumentManagementControlledDocumentRegistration/Handlers/QueryHandlers/GetControlledDocumentRegistrationOperationHandler.cs	L2-AUTH22-archive
services/Diten.Platform/src/Diten.Platform.Application/Features/DocumentManagementControlledDocumentRegistration/Handlers/QueryHandlers/GetMasterRegisterByControlledDocumentHandler.cs	L2-AUTH22-archive
services/Diten.Platform/src/Diten.Platform.Application/Features/DocumentManagementControlledDocumentRegistration/Queries/GetControlledDocumentRegistrationOperationQuery.cs	L2-AUTH22-archive
services/Diten.Platform/src/Diten.Platform.Application/Features/DocumentManagementControlledDocumentRegistration/Queries/GetMasterRegisterByControlledDocumentQuery.cs	L2-AUTH22-archive
services/Diten.Platform/src/Diten.Platform.Application/Features/DocumentManagementControlledDocumentRegistration/Services/ControlledDocumentRegistrationService.cs	L2-AUTH22-archive
services/Diten.Platform/src/Diten.Platform.Application/Features/DocumentManagementControlledDocumentRegistration/Validators/CreateControlledDocumentRegistrationValidator.cs	L2-AUTH22-archive
services/Diten.Platform/src/Diten.Platform.Application/Features/DocumentManagementControlledDocumentRegistration/Validators/RetryControlledDocumentRegistrationValidator.cs	L2-AUTH22-archive
services/Diten.Platform/src/Diten.Platform.Application/Features/DocumentManagementControlledDocuments/Commands/ControlledDocumentsCommands.cs	L2-AUTH22-archive
services/Diten.Platform/src/Diten.Platform.Application/Features/DocumentManagementControlledDocuments/DocumentManagementControlledDocumentsModels.cs	L2-AUTH22-archive
services/Diten.Platform/src/Diten.Platform.Application/Features/DocumentManagementControlledDocuments/Handlers/CommandHandlers/ControlledDocumentsCommandHandlers.cs	L2-AUTH22-archive
services/Diten.Platform/src/Diten.Platform.Application/Features/DocumentManagementControlledDocuments/Handlers/QueryHandlers/ControlledDocumentsQueryHandlers.cs	L2-AUTH22-archive
services/Diten.Platform/src/Diten.Platform.Application/Features/DocumentManagementControlledDocuments/Queries/ControlledDocumentsQueries.cs	L2-AUTH22-archive
services/Diten.Platform/src/Diten.Platform.Application/Features/DocumentManagementControlledDocuments/Services/ControlledDocumentExplorerService.cs	L2-AUTH22-archive
services/Diten.Platform/src/Diten.Platform.Application/Features/DocumentManagementControlledDocuments/Services/ControlledDocumentMapping.cs	L2-AUTH22-archive
services/Diten.Platform/src/Diten.Platform.Application/Features/DocumentManagementControlledDocuments/Services/ControlledDocumentService.cs	L2-AUTH22-archive
services/Diten.Platform/src/Diten.Platform.Application/Features/DocumentManagementControlledDocuments/Services/DocumentAccessEvaluator.cs	L2-AUTH22-archive
services/Diten.Platform/src/Diten.Platform.Application/Features/DocumentManagementControlledDocuments/Services/DocumentKeyFactory.cs	L2-AUTH22-archive
services/Diten.Platform/src/Diten.Platform.Application/Features/DocumentManagementControlledDocuments/Services/DocumentVersioningService.cs	L2-AUTH22-archive
services/Diten.Platform/src/Diten.Platform.Application/Features/DocumentManagementControlledDocuments/Services/FolderDocumentService.cs	L2-AUTH22-archive
services/Diten.Platform/src/Diten.Platform.Application/Features/DocumentManagementControlledDocuments/Services/FolderSharePlanner.cs	L2-AUTH22-archive
services/Diten.Platform/src/Diten.Platform.Application/Features/DocumentManagementControlledDocuments/Services/FolderShareService.cs	L2-AUTH22-archive
services/Diten.Platform/src/Diten.Platform.Application/Features/DocumentManagementControlledDocuments/Services/ICollectionInstanceReferenceReader.cs	L2-AUTH22-archive
services/Diten.Platform/src/Diten.Platform.Application/Features/DocumentManagementControlledDocuments/Services/IDocumentAccessPrincipalAccessor.cs	L2-AUTH22-archive
services/Diten.Platform/src/Diten.Platform.Application/Features/DocumentManagementControlledDocuments/Services/IFolderSharePlanner.cs	L2-AUTH22-archive
services/Diten.Platform/src/Diten.Platform.Application/Features/DocumentManagementControlledDocuments/Services/TemplateService.cs	L2-AUTH22-archive
services/Diten.Platform/src/Diten.Platform.Application/Features/DocumentManagementControlledDocuments/Services/TemplateSharingService.cs	L2-AUTH22-archive
services/Diten.Platform/src/Diten.Platform.Application/Features/DocumentManagementControlledDocuments/Validators/ControlledDocumentsValidators.cs	L2-AUTH22-archive
services/Diten.Platform/src/Diten.Platform.Application/Features/DocumentManagementCorporateCollectionInstances/Commands/ProvisionCorporateCollectionInstanceCommand.cs	L2-AUTH22-archive
services/Diten.Platform/src/Diten.Platform.Application/Features/DocumentManagementCorporateCollectionInstances/Commands/RetryCorporateCollectionProvisioningCommand.cs	L2-AUTH22-archive
services/Diten.Platform/src/Diten.Platform.Application/Features/DocumentManagementCorporateCollectionInstances/CorporateCollectionFolderAccessEvaluator.cs	L2-AUTH22-archive
services/Diten.Platform/src/Diten.Platform.Application/Features/DocumentManagementCorporateCollectionInstances/CorporateCollectionInstanceModels.cs	L2-AUTH22-archive
services/Diten.Platform/src/Diten.Platform.Application/Features/DocumentManagementCorporateCollectionInstances/CorporateCollectionInstanceProvisioningService.cs	L2-AUTH22-archive
services/Diten.Platform/src/Diten.Platform.Application/Features/DocumentManagementCorporateCollectionInstances/CorporateCollectionStoragePartitionBuilder.cs	L2-AUTH22-archive
services/Diten.Platform/src/Diten.Platform.Application/Features/DocumentManagementCorporateCollectionInstances/Handlers/CommandHandlers/ProvisionCorporateCollectionInstanceHandler.cs	L2-AUTH22-archive
services/Diten.Platform/src/Diten.Platform.Application/Features/DocumentManagementCorporateCollectionInstances/Handlers/CommandHandlers/RetryCorporateCollectionProvisioningHandler.cs	L2-AUTH22-archive
services/Diten.Platform/src/Diten.Platform.Application/Features/DocumentManagementCorporateCollectionInstances/Handlers/QueryHandlers/GetCorporateCollectionInstanceHandler.cs	L2-AUTH22-archive
services/Diten.Platform/src/Diten.Platform.Application/Features/DocumentManagementCorporateCollectionInstances/Handlers/QueryHandlers/GetCorporateCollectionProvisioningOperationHandler.cs	L2-AUTH22-archive
services/Diten.Platform/src/Diten.Platform.Application/Features/DocumentManagementCorporateCollectionInstances/Handlers/QueryHandlers/ListCorporateCollectionInstancesHandler.cs	L2-AUTH22-archive
services/Diten.Platform/src/Diten.Platform.Application/Features/DocumentManagementCorporateCollectionInstances/Queries/GetCorporateCollectionInstanceQuery.cs	L2-AUTH22-archive
services/Diten.Platform/src/Diten.Platform.Application/Features/DocumentManagementCorporateCollectionInstances/Queries/GetCorporateCollectionProvisioningOperationQuery.cs	L2-AUTH22-archive
services/Diten.Platform/src/Diten.Platform.Application/Features/DocumentManagementCorporateCollectionInstances/Queries/ListCorporateCollectionInstancesQuery.cs	L2-AUTH22-archive
services/Diten.Platform/src/Diten.Platform.Application/Features/DocumentManagementCorporateCollectionInstances/Validators/ProvisionCorporateCollectionInstanceValidator.cs	L2-AUTH22-archive
services/Diten.Platform/src/Diten.Platform.Application/Features/DocumentManagementDowntime/Commands/DowntimeCommands.cs	L2-AUTH22-archive
services/Diten.Platform/src/Diten.Platform.Application/Features/DocumentManagementDowntime/DocumentManagementDowntimeModels.cs	L2-AUTH22-archive
services/Diten.Platform/src/Diten.Platform.Application/Features/DocumentManagementDowntime/Handlers/DowntimeHandlers.cs	L2-AUTH22-archive
services/Diten.Platform/src/Diten.Platform.Application/Features/DocumentManagementDowntime/Queries/DowntimeQueries.cs	L2-AUTH22-archive
services/Diten.Platform/src/Diten.Platform.Application/Features/DocumentManagementDowntime/Services/DocumentRepositoryDowntimeService.cs	L2-AUTH22-archive
services/Diten.Platform/src/Diten.Platform.Application/Features/DocumentManagementDowntime/Services/DocumentTemporaryIssueService.cs	L2-AUTH22-archive
services/Diten.Platform/src/Diten.Platform.Application/Features/DocumentManagementDowntime/Services/DowntimeScheduleCalculator.cs	L2-AUTH22-archive
services/Diten.Platform/src/Diten.Platform.Application/Features/DocumentManagementElectronicSignature/Commands/ElectronicSignatureCommands.cs	L2-AUTH22-archive
services/Diten.Platform/src/Diten.Platform.Application/Features/DocumentManagementElectronicSignature/DocumentManagementElectronicSignatureModels.cs	L2-AUTH22-archive
services/Diten.Platform/src/Diten.Platform.Application/Features/DocumentManagementElectronicSignature/Handlers/ElectronicSignatureHandlers.cs	L2-AUTH22-archive
services/Diten.Platform/src/Diten.Platform.Application/Features/DocumentManagementElectronicSignature/Queries/ElectronicSignatureQueries.cs	L2-AUTH22-archive
services/Diten.Platform/src/Diten.Platform.Application/Features/DocumentManagementElectronicSignature/Services/DocumentSignableSubjectResolver.cs	L2-AUTH22-archive
services/Diten.Platform/src/Diten.Platform.Application/Features/DocumentManagementElectronicSignature/Services/DocumentSignatureBoundaryEvaluator.cs	L2-AUTH22-archive
services/Diten.Platform/src/Diten.Platform.Application/Features/DocumentManagementElectronicSignature/Services/DocumentSignaturePolicyService.cs	L2-AUTH22-archive
services/Diten.Platform/src/Diten.Platform.Application/Features/DocumentManagementElectronicSignature/Services/DocumentSignatureRequestService.cs	L2-AUTH22-archive
services/Diten.Platform/src/Diten.Platform.Application/Features/DocumentManagementElectronicSignature/Services/DocumentSignatureService.cs	L2-AUTH22-archive
services/Diten.Platform/src/Diten.Platform.Application/Features/DocumentManagementElectronicSignature/Services/DocumentSignatureVerificationService.cs	L2-AUTH22-archive
services/Diten.Platform/src/Diten.Platform.Application/Features/DocumentManagementExternalDocuments/Commands/ExternalDocumentCommands.cs	L2-AUTH22-archive
services/Diten.Platform/src/Diten.Platform.Application/Features/DocumentManagementExternalDocuments/DocumentManagementExternalDocumentModels.cs	L2-AUTH22-archive
services/Diten.Platform/src/Diten.Platform.Application/Features/DocumentManagementExternalDocuments/Handlers/ExternalDocumentHandlers.cs	L2-AUTH22-archive
services/Diten.Platform/src/Diten.Platform.Application/Features/DocumentManagementExternalDocuments/Queries/ExternalDocumentQueries.cs	L2-AUTH22-archive
services/Diten.Platform/src/Diten.Platform.Application/Features/DocumentManagementExternalDocuments/Services/ExternalDocumentRegisterService.cs	L2-AUTH22-archive
services/Diten.Platform/src/Diten.Platform.Application/Features/DocumentManagementExternalDocuments/Services/ExternalDocumentScheduleCalculator.cs	L2-AUTH22-archive
services/Diten.Platform/src/Diten.Platform.Application/Features/DocumentManagementGDocPCorrection/Commands/GDocPCorrectionCommands.cs	L2-AUTH22-archive
services/Diten.Platform/src/Diten.Platform.Application/Features/DocumentManagementGDocPCorrection/DocumentManagementGDocPCorrectionModels.cs	L2-AUTH22-archive
services/Diten.Platform/src/Diten.Platform.Application/Features/DocumentManagementGDocPCorrection/Handlers/GDocPCorrectionHandlers.cs	L2-AUTH22-archive
services/Diten.Platform/src/Diten.Platform.Application/Features/DocumentManagementGDocPCorrection/Queries/GDocPCorrectionQueries.cs	L2-AUTH22-archive
services/Diten.Platform/src/Diten.Platform.Application/Features/DocumentManagementGDocPCorrection/Services/DocumentGDocPCorrectionEvaluator.cs	L2-AUTH22-archive
services/Diten.Platform/src/Diten.Platform.Application/Features/DocumentManagementGDocPCorrection/Services/DocumentGDocPCorrectionPolicyService.cs	L2-AUTH22-archive
services/Diten.Platform/src/Diten.Platform.Application/Features/DocumentManagementGDocPCorrection/Services/DocumentGDocPCorrectionService.cs	L2-AUTH22-archive
services/Diten.Platform/src/Diten.Platform.Application/Features/DocumentManagementGDocPCorrection/Services/IGDocPCorrectionRecorder.cs	L2-AUTH22-archive
services/Diten.Platform/src/Diten.Platform.Application/Features/DocumentManagementGovernancePolicyPack/DocumentGovernancePolicyPackApplicationService.cs	L2-AUTH22-archive
services/Diten.Platform/src/Diten.Platform.Application/Features/DocumentManagementGovernancePolicyPack/DocumentGovernancePolicyPackManifest.cs	L2-AUTH22-archive
services/Diten.Platform/src/Diten.Platform.Application/Features/DocumentManagementGovernancePolicyPack/DocumentGovernancePolicyPackSeeder.cs	L2-AUTH22-archive
services/Diten.Platform/src/Diten.Platform.Application/Features/DocumentManagementGovernancePolicyPack/GovernancePolicyPackApiModels.cs	L2-AUTH22-archive
services/Diten.Platform/src/Diten.Platform.Application/Features/DocumentManagementGovernancePolicyPack/GovernancePolicyPackCommands.cs	L2-AUTH22-archive
services/Diten.Platform/src/Diten.Platform.Application/Features/DocumentManagementGovernancePolicyPack/GovernancePolicyPackModels.cs	L2-AUTH22-archive
services/Diten.Platform/src/Diten.Platform.Application/Features/DocumentManagementGovernanceSweep/DocumentGovernanceSweepService.cs	L2-AUTH22-archive
services/Diten.Platform/src/Diten.Platform.Application/Features/DocumentManagementGovernanceSweep/GovernanceSweepApiModels.cs	L2-AUTH22-archive
services/Diten.Platform/src/Diten.Platform.Application/Features/DocumentManagementGovernanceSweep/GovernanceSweepCommands.cs	L2-AUTH22-archive
services/Diten.Platform/src/Diten.Platform.Application/Features/DocumentManagementIdentifiers/Commands/IdentifierCommands.cs	L2-AUTH22-archive
services/Diten.Platform/src/Diten.Platform.Application/Features/DocumentManagementIdentifiers/DocumentManagementIdentifiersModels.cs	L2-AUTH22-archive
services/Diten.Platform/src/Diten.Platform.Application/Features/DocumentManagementIdentifiers/Handlers/IdentifierHandlers.cs	L2-AUTH22-archive
services/Diten.Platform/src/Diten.Platform.Application/Features/DocumentManagementIdentifiers/Queries/IdentifierQueries.cs	L2-AUTH22-archive
services/Diten.Platform/src/Diten.Platform.Application/Features/DocumentManagementIdentifiers/Services/DocumentIdentifierAllocationService.cs	L2-AUTH22-archive
services/Diten.Platform/src/Diten.Platform.Application/Features/DocumentManagementIdentifiers/Validators/IdentifierValidators.cs	L2-AUTH22-archive
services/Diten.Platform/src/Diten.Platform.Application/Features/DocumentManagementInstantiation/Commands/ArchiveCollectionInstanceCommand.cs	L2-AUTH22-archive
services/Diten.Platform/src/Diten.Platform.Application/Features/DocumentManagementInstantiation/Commands/DryRunInstantiationCommand.cs	L2-AUTH22-archive
services/Diten.Platform/src/Diten.Platform.Application/Features/DocumentManagementInstantiation/Commands/ExecuteInstantiationCommand.cs	L2-AUTH22-archive
services/Diten.Platform/src/Diten.Platform.Application/Features/DocumentManagementInstantiation/Commands/RestoreCollectionInstanceCommand.cs	L2-AUTH22-archive
services/Diten.Platform/src/Diten.Platform.Application/Features/DocumentManagementInstantiation/Commands/RetryInstantiationCommand.cs	L2-AUTH22-archive
services/Diten.Platform/src/Diten.Platform.Application/Features/DocumentManagementInstantiation/DocumentManagementInstantiationModels.cs	L2-AUTH22-archive
services/Diten.Platform/src/Diten.Platform.Application/Features/DocumentManagementInstantiation/Handlers/CommandHandlers/ArchiveCollectionInstanceHandler.cs	L2-AUTH22-archive
services/Diten.Platform/src/Diten.Platform.Application/Features/DocumentManagementInstantiation/Handlers/CommandHandlers/DryRunInstantiationHandler.cs	L2-AUTH22-archive
services/Diten.Platform/src/Diten.Platform.Application/Features/DocumentManagementInstantiation/Handlers/CommandHandlers/ExecuteInstantiationHandler.cs	L2-AUTH22-archive
services/Diten.Platform/src/Diten.Platform.Application/Features/DocumentManagementInstantiation/Handlers/CommandHandlers/RestoreCollectionInstanceHandler.cs	L2-AUTH22-archive
services/Diten.Platform/src/Diten.Platform.Application/Features/DocumentManagementInstantiation/Handlers/CommandHandlers/RetryInstantiationHandler.cs	L2-AUTH22-archive
services/Diten.Platform/src/Diten.Platform.Application/Features/DocumentManagementInstantiation/Handlers/QueryHandlers/GetCollectionInstanceByIdHandler.cs	L2-AUTH22-archive
services/Diten.Platform/src/Diten.Platform.Application/Features/DocumentManagementInstantiation/Handlers/QueryHandlers/GetCollectionInstancesHandler.cs	L2-AUTH22-archive
services/Diten.Platform/src/Diten.Platform.Application/Features/DocumentManagementInstantiation/Handlers/QueryHandlers/GetInstantiationOperationHandler.cs	L2-AUTH22-archive
services/Diten.Platform/src/Diten.Platform.Application/Features/DocumentManagementInstantiation/Handlers/QueryHandlers/GetInstantiationPrerequisitesHandler.cs	L2-AUTH22-archive
services/Diten.Platform/src/Diten.Platform.Application/Features/DocumentManagementInstantiation/Queries/GetCollectionInstanceByIdQuery.cs	L2-AUTH22-archive
services/Diten.Platform/src/Diten.Platform.Application/Features/DocumentManagementInstantiation/Queries/GetCollectionInstancesQuery.cs	L2-AUTH22-archive
services/Diten.Platform/src/Diten.Platform.Application/Features/DocumentManagementInstantiation/Queries/GetInstantiationOperationQuery.cs	L2-AUTH22-archive
services/Diten.Platform/src/Diten.Platform.Application/Features/DocumentManagementInstantiation/Queries/GetInstantiationPrerequisitesQuery.cs	L2-AUTH22-archive
services/Diten.Platform/src/Diten.Platform.Application/Features/DocumentManagementInstantiation/Services/CompanyInstanceKeyFactory.cs	L2-AUTH22-archive
services/Diten.Platform/src/Diten.Platform.Application/Features/DocumentManagementInstantiation/Services/IInstantiationPlanner.cs	L2-AUTH22-archive
services/Diten.Platform/src/Diten.Platform.Application/Features/DocumentManagementInstantiation/Services/InstantiationMapping.cs	L2-AUTH22-archive
services/Diten.Platform/src/Diten.Platform.Application/Features/DocumentManagementInstantiation/Services/InstantiationPlanner.cs	L2-AUTH22-archive
services/Diten.Platform/src/Diten.Platform.Application/Features/DocumentManagementInstantiation/Services/InstantiationService.cs	L2-AUTH22-archive
services/Diten.Platform/src/Diten.Platform.Application/Features/DocumentManagementInstantiation/Validators/DryRunInstantiationValidator.cs	L2-AUTH22-archive
services/Diten.Platform/src/Diten.Platform.Application/Features/DocumentManagementInstantiation/Validators/ExecuteInstantiationValidator.cs	L2-AUTH22-archive
services/Diten.Platform/src/Diten.Platform.Application/Features/DocumentManagementInstantiation/Validators/RetryInstantiationValidator.cs	L2-AUTH22-archive
services/Diten.Platform/src/Diten.Platform.Application/Features/DocumentManagementLifecycle/Commands/LifecycleCommands.cs	L2-AUTH22-archive
services/Diten.Platform/src/Diten.Platform.Application/Features/DocumentManagementLifecycle/DocumentManagementLifecycleModels.cs	L2-AUTH22-archive
services/Diten.Platform/src/Diten.Platform.Application/Features/DocumentManagementLifecycle/Handlers/LifecycleHandlers.cs	L2-AUTH22-archive
services/Diten.Platform/src/Diten.Platform.Application/Features/DocumentManagementLifecycle/IApprovedPendingEffectiveGate.cs	L2-AUTH22-archive
services/Diten.Platform/src/Diten.Platform.Application/Features/DocumentManagementLifecycle/IReleaseGateEvaluationPort.cs	L2-AUTH22-archive
services/Diten.Platform/src/Diten.Platform.Application/Features/DocumentManagementLifecycle/Queries/LifecycleQueries.cs	L2-AUTH22-archive
services/Diten.Platform/src/Diten.Platform.Application/Features/DocumentManagementLifecycle/Services/DocumentLifecycleService.cs	L2-AUTH22-archive
services/Diten.Platform/src/Diten.Platform.Application/Features/DocumentManagementLifecycle/Validators/LifecycleValidators.cs	L2-AUTH22-archive
services/Diten.Platform/src/Diten.Platform.Application/Features/DocumentManagementMasterRegister/Commands/DocumentRegisterImportCommands.cs	L2-AUTH22-archive
services/Diten.Platform/src/Diten.Platform.Application/Features/DocumentManagementMasterRegister/Commands/IngestDocumentMasterRegisterCommand.cs	L2-AUTH22-archive
services/Diten.Platform/src/Diten.Platform.Application/Features/DocumentManagementMasterRegister/Commands/MasterRegisterCommands.cs	L2-AUTH22-archive
services/Diten.Platform/src/Diten.Platform.Application/Features/DocumentManagementMasterRegister/DocumentManagementMasterRegisterModels.cs	L2-AUTH22-archive
services/Diten.Platform/src/Diten.Platform.Application/Features/DocumentManagementMasterRegister/Handlers/CommandHandlers/DocumentRegisterImportHandlers.cs	L2-AUTH22-archive
services/Diten.Platform/src/Diten.Platform.Application/Features/DocumentManagementMasterRegister/Handlers/CommandHandlers/IngestDocumentMasterRegisterHandler.cs	L2-AUTH22-archive
services/Diten.Platform/src/Diten.Platform.Application/Features/DocumentManagementMasterRegister/Handlers/MasterRegisterHandlers.cs	L2-AUTH22-archive
services/Diten.Platform/src/Diten.Platform.Application/Features/DocumentManagementMasterRegister/Handlers/QueryHandlers/DocumentCitationHandlers.cs	L2-AUTH22-archive
services/Diten.Platform/src/Diten.Platform.Application/Features/DocumentManagementMasterRegister/Handlers/QueryHandlers/ResolveDocumentEffectivenessHandler.cs	L2-AUTH22-archive
services/Diten.Platform/src/Diten.Platform.Application/Features/DocumentManagementMasterRegister/Models/DocumentCitationModels.cs	L2-AUTH22-archive
services/Diten.Platform/src/Diten.Platform.Application/Features/DocumentManagementMasterRegister/Models/DocumentEffectivenessModels.cs	L2-AUTH22-archive
services/Diten.Platform/src/Diten.Platform.Application/Features/DocumentManagementMasterRegister/Models/DocumentRegisterImportModels.cs	L2-AUTH22-archive
services/Diten.Platform/src/Diten.Platform.Application/Features/DocumentManagementMasterRegister/Models/DocumentRegisterIngestModels.cs	L2-AUTH22-archive
services/Diten.Platform/src/Diten.Platform.Application/Features/DocumentManagementMasterRegister/Queries/DocumentCitationQueries.cs	L2-AUTH22-archive
services/Diten.Platform/src/Diten.Platform.Application/Features/DocumentManagementMasterRegister/Queries/MasterRegisterQueries.cs	L2-AUTH22-archive
services/Diten.Platform/src/Diten.Platform.Application/Features/DocumentManagementMasterRegister/Queries/ResolveDocumentEffectivenessQuery.cs	L2-AUTH22-archive
services/Diten.Platform/src/Diten.Platform.Application/Features/DocumentManagementMasterRegister/Services/ControlledDocumentCitationPort.cs	L2-AUTH22-archive
services/Diten.Platform/src/Diten.Platform.Application/Features/DocumentManagementMasterRegister/Services/ControlledDocumentEffectivenessPort.cs	L2-AUTH22-archive
services/Diten.Platform/src/Diten.Platform.Application/Features/DocumentManagementMasterRegister/Services/DocumentLinkScopeCompatibilityValidator.cs	L2-AUTH22-archive
services/Diten.Platform/src/Diten.Platform.Application/Features/DocumentManagementMasterRegister/Services/DocumentMasterRegisterService.cs	L2-AUTH22-archive
services/Diten.Platform/src/Diten.Platform.Application/Features/DocumentManagementMasterRegister/Services/DocumentRegisterImportPreviewService.cs	L2-AUTH22-archive
services/Diten.Platform/src/Diten.Platform.Application/Features/DocumentManagementMasterRegister/Services/DocumentRegisterIngestMapping.cs	L2-AUTH22-archive
services/Diten.Platform/src/Diten.Platform.Application/Features/DocumentManagementMasterRegister/Services/IControlledDocumentCitationPort.cs	L2-AUTH22-archive
services/Diten.Platform/src/Diten.Platform.Application/Features/DocumentManagementMasterRegister/Services/IControlledDocumentEffectivenessPort.cs	L2-AUTH22-archive
services/Diten.Platform/src/Diten.Platform.Application/Features/DocumentManagementMasterRegister/Validators/MasterRegisterValidators.cs	L2-AUTH22-archive
services/Diten.Platform/src/Diten.Platform.Application/Features/DocumentManagementPeriodicReview/Commands/PeriodicReviewCommands.cs	L2-AUTH22-archive
services/Diten.Platform/src/Diten.Platform.Application/Features/DocumentManagementPeriodicReview/DocumentManagementPeriodicReviewModels.cs	L2-AUTH22-archive
services/Diten.Platform/src/Diten.Platform.Application/Features/DocumentManagementPeriodicReview/Handlers/PeriodicReviewHandlers.cs	L2-AUTH22-archive
services/Diten.Platform/src/Diten.Platform.Application/Features/DocumentManagementPeriodicReview/Queries/PeriodicReviewQueries.cs	L2-AUTH22-archive
services/Diten.Platform/src/Diten.Platform.Application/Features/DocumentManagementPeriodicReview/Services/DocumentPeriodicReviewService.cs	L2-AUTH22-archive
services/Diten.Platform/src/Diten.Platform.Application/Features/DocumentManagementPeriodicReview/Services/DocumentPeriodicReviewStatusEvaluator.cs	L2-AUTH22-archive
services/Diten.Platform/src/Diten.Platform.Application/Features/DocumentManagementPeriodicReview/Services/DocumentReviewCycleCalculator.cs	L2-AUTH22-archive
services/Diten.Platform/src/Diten.Platform.Application/Features/DocumentManagementPeriodicReview/Validators/PeriodicReviewValidators.cs	L2-AUTH22-archive
services/Diten.Platform/src/Diten.Platform.Application/Features/DocumentManagementQmsBaseline/Commands/ApproveQmsBaselineCommand.cs	L2-AUTH22-archive
services/Diten.Platform/src/Diten.Platform.Application/Features/DocumentManagementQmsBaseline/Commands/CommitQmsBaselineImportCommand.cs	L2-AUTH22-archive
services/Diten.Platform/src/Diten.Platform.Application/Features/DocumentManagementQmsBaseline/Commands/CreateManualQmsBaselineCommand.cs	L2-AUTH22-archive
services/Diten.Platform/src/Diten.Platform.Application/Features/DocumentManagementQmsBaseline/Commands/CreateQmsBaselineDefinitionCommand.cs	L2-AUTH22-archive
services/Diten.Platform/src/Diten.Platform.Application/Features/DocumentManagementQmsBaseline/Commands/DeleteQmsBaselineDefinitionCommand.cs	L2-AUTH22-archive
services/Diten.Platform/src/Diten.Platform.Application/Features/DocumentManagementQmsBaseline/Commands/DryRunQmsBaselineImportCommand.cs	L2-AUTH22-archive
services/Diten.Platform/src/Diten.Platform.Application/Features/DocumentManagementQmsBaseline/Commands/MarkEffectiveQmsBaselineCommand.cs	L2-AUTH22-archive
services/Diten.Platform/src/Diten.Platform.Application/Features/DocumentManagementQmsBaseline/Commands/MoveQmsBaselineDefinitionCommand.cs	L2-AUTH22-archive
services/Diten.Platform/src/Diten.Platform.Application/Features/DocumentManagementQmsBaseline/Commands/PublishQmsBaselineCommand.cs	L2-AUTH22-archive
services/Diten.Platform/src/Diten.Platform.Application/Features/DocumentManagementQmsBaseline/Commands/UpdateQmsBaselineDefinitionCommand.cs	L2-AUTH22-archive
services/Diten.Platform/src/Diten.Platform.Application/Features/DocumentManagementQmsBaseline/Commands/ValidateQmsBaselineDraftCommand.cs	L2-AUTH22-archive
services/Diten.Platform/src/Diten.Platform.Application/Features/DocumentManagementQmsBaseline/DocumentManagementQmsBaselineModels.cs	L2-AUTH22-archive
services/Diten.Platform/src/Diten.Platform.Application/Features/DocumentManagementQmsBaseline/Handlers/CommandHandlers/ApproveQmsBaselineHandler.cs	L2-AUTH22-archive
services/Diten.Platform/src/Diten.Platform.Application/Features/DocumentManagementQmsBaseline/Handlers/CommandHandlers/CommitQmsBaselineImportHandler.cs	L2-AUTH22-archive
services/Diten.Platform/src/Diten.Platform.Application/Features/DocumentManagementQmsBaseline/Handlers/CommandHandlers/CreateManualQmsBaselineHandler.cs	L2-AUTH22-archive
services/Diten.Platform/src/Diten.Platform.Application/Features/DocumentManagementQmsBaseline/Handlers/CommandHandlers/CreateQmsBaselineDefinitionHandler.cs	L2-AUTH22-archive
services/Diten.Platform/src/Diten.Platform.Application/Features/DocumentManagementQmsBaseline/Handlers/CommandHandlers/DeleteQmsBaselineDefinitionHandler.cs	L2-AUTH22-archive
services/Diten.Platform/src/Diten.Platform.Application/Features/DocumentManagementQmsBaseline/Handlers/CommandHandlers/DryRunQmsBaselineImportHandler.cs	L2-AUTH22-archive
services/Diten.Platform/src/Diten.Platform.Application/Features/DocumentManagementQmsBaseline/Handlers/CommandHandlers/MarkEffectiveQmsBaselineHandler.cs	L2-AUTH22-archive
services/Diten.Platform/src/Diten.Platform.Application/Features/DocumentManagementQmsBaseline/Handlers/CommandHandlers/MoveQmsBaselineDefinitionHandler.cs	L2-AUTH22-archive
services/Diten.Platform/src/Diten.Platform.Application/Features/DocumentManagementQmsBaseline/Handlers/CommandHandlers/PublishQmsBaselineHandler.cs	L2-AUTH22-archive
services/Diten.Platform/src/Diten.Platform.Application/Features/DocumentManagementQmsBaseline/Handlers/CommandHandlers/UpdateQmsBaselineDefinitionHandler.cs	L2-AUTH22-archive
services/Diten.Platform/src/Diten.Platform.Application/Features/DocumentManagementQmsBaseline/Handlers/CommandHandlers/ValidateQmsBaselineDraftHandler.cs	L2-AUTH22-archive
services/Diten.Platform/src/Diten.Platform.Application/Features/DocumentManagementQmsBaseline/Handlers/QueryHandlers/QmsBaselineQueryHandlers.cs	L2-AUTH22-archive
services/Diten.Platform/src/Diten.Platform.Application/Features/DocumentManagementQmsBaseline/QmsBaselineMapping.cs	L2-AUTH22-archive
services/Diten.Platform/src/Diten.Platform.Application/Features/DocumentManagementQmsBaseline/Queries/QmsBaselineQueries.cs	L2-AUTH22-archive
services/Diten.Platform/src/Diten.Platform.Application/Features/DocumentManagementQmsBaseline/Services/BaselineSnapshotHasher.cs	L2-AUTH22-archive
services/Diten.Platform/src/Diten.Platform.Application/Features/DocumentManagementQmsBaseline/Services/CsvQmsFolderImportParser.cs	L2-AUTH22-archive
services/Diten.Platform/src/Diten.Platform.Application/Features/DocumentManagementQmsBaseline/Services/DottedOutlineTreeBuilder.cs	L2-AUTH22-archive
services/Diten.Platform/src/Diten.Platform.Application/Features/DocumentManagementQmsBaseline/Services/FlatJsonQmsFolderImportParser.cs	L2-AUTH22-archive
services/Diten.Platform/src/Diten.Platform.Application/Features/DocumentManagementQmsBaseline/Services/IQmsFolderImportParser.cs	L2-AUTH22-archive
services/Diten.Platform/src/Diten.Platform.Application/Features/DocumentManagementQmsBaseline/Services/QmsBaselineImportService.cs	L2-AUTH22-archive
services/Diten.Platform/src/Diten.Platform.Application/Features/DocumentManagementQmsBaseline/Services/QmsCanonicalIdFactory.cs	L2-AUTH22-archive
services/Diten.Platform/src/Diten.Platform.Application/Features/DocumentManagementQmsBaseline/Services/QmsFolderPathNormalizer.cs	L2-AUTH22-archive
services/Diten.Platform/src/Diten.Platform.Application/Features/DocumentManagementQmsBaseline/Services/QmsFolderTreeValidator.cs	L2-AUTH22-archive
services/Diten.Platform/src/Diten.Platform.Application/Features/DocumentManagementQmsBaseline/Services/QmsManualStructureService.cs	L2-AUTH22-archive
services/Diten.Platform/src/Diten.Platform.Application/Features/DocumentManagementQmsBaseline/Services/QmsStructuralHasher.cs	L2-AUTH22-archive
services/Diten.Platform/src/Diten.Platform.Application/Features/DocumentManagementQmsBaseline/Services/QmsWorkbookFormatException.cs	L2-AUTH22-archive
services/Diten.Platform/src/Diten.Platform.Application/Features/DocumentManagementQmsBaseline/Services/XlsxQmsFolderImportParser.cs	L2-AUTH22-archive
services/Diten.Platform/src/Diten.Platform.Application/Features/DocumentManagementQmsBaseline/Validators/CreateManualQmsBaselineValidator.cs	L2-AUTH22-archive
services/Diten.Platform/src/Diten.Platform.Application/Features/DocumentManagementQmsBaseline/Validators/CreateQmsBaselineDefinitionValidator.cs	L2-AUTH22-archive
services/Diten.Platform/src/Diten.Platform.Application/Features/DocumentManagementQmsBaseline/Validators/DeleteQmsBaselineDefinitionValidator.cs	L2-AUTH22-archive
services/Diten.Platform/src/Diten.Platform.Application/Features/DocumentManagementQmsBaseline/Validators/MoveQmsBaselineDefinitionValidator.cs	L2-AUTH22-archive
services/Diten.Platform/src/Diten.Platform.Application/Features/DocumentManagementQmsBaseline/Validators/UpdateQmsBaselineDefinitionValidator.cs	L2-AUTH22-archive
services/Diten.Platform/src/Diten.Platform.Application/Features/DocumentManagementQmsBaseline/Validators/ValidateQmsBaselineDraftValidator.cs	L2-AUTH22-archive
services/Diten.Platform/src/Diten.Platform.Application/Features/DocumentManagementQualityEvent/Commands/QualityEventCommands.cs	L2-AUTH22-archive
services/Diten.Platform/src/Diten.Platform.Application/Features/DocumentManagementQualityEvent/DocumentManagementQualityEventModels.cs	L2-AUTH22-archive
services/Diten.Platform/src/Diten.Platform.Application/Features/DocumentManagementQualityEvent/Handlers/QualityEventHandlers.cs	L2-AUTH22-archive
services/Diten.Platform/src/Diten.Platform.Application/Features/DocumentManagementQualityEvent/Queries/QualityEventQueries.cs	L2-AUTH22-archive
services/Diten.Platform/src/Diten.Platform.Application/Features/DocumentManagementQualityEvent/Services/DocumentCapaActionService.cs	L2-AUTH22-archive
services/Diten.Platform/src/Diten.Platform.Application/Features/DocumentManagementQualityEvent/Services/DocumentDeviationService.cs	L2-AUTH22-archive
services/Diten.Platform/src/Diten.Platform.Application/Features/DocumentManagementQualityEvent/Services/DocumentQualityEventBridgeService.cs	L2-AUTH22-archive
services/Diten.Platform/src/Diten.Platform.Application/Features/DocumentManagementQualityEvent/Services/DocumentQualityEventService.cs	L2-AUTH22-archive
services/Diten.Platform/src/Diten.Platform.Application/Features/DocumentManagementQualityEvent/Services/DocumentQualityEventTriggerMapper.cs	L2-AUTH22-archive
services/Diten.Platform/src/Diten.Platform.Application/Features/DocumentManagementReconciliation/CollectionTreeReconciliationEngine.cs	L2-AUTH22-archive
services/Diten.Platform/src/Diten.Platform.Application/Features/DocumentManagementReconciliation/CollectionTreeReconciliationService.cs	L2-AUTH22-archive
services/Diten.Platform/src/Diten.Platform.Application/Features/DocumentManagementReconciliation/Commands/ReconciliationCommands.cs	L2-AUTH22-archive
services/Diten.Platform/src/Diten.Platform.Application/Features/DocumentManagementReconciliation/DeviationWorkflowService.cs	L2-AUTH22-archive
services/Diten.Platform/src/Diten.Platform.Application/Features/DocumentManagementReconciliation/EvidenceModels.cs	L2-AUTH22-archive
services/Diten.Platform/src/Diten.Platform.Application/Features/DocumentManagementReconciliation/Handlers/ReconciliationHandlers.cs	L2-AUTH22-archive
services/Diten.Platform/src/Diten.Platform.Application/Features/DocumentManagementReconciliation/ICollectionTreeReadBackProvider.cs	L2-AUTH22-archive
services/Diten.Platform/src/Diten.Platform.Application/Features/DocumentManagementReconciliation/ProvisioningEvidenceService.cs	L2-AUTH22-archive
services/Diten.Platform/src/Diten.Platform.Application/Features/DocumentManagementReconciliation/ReconciliationModels.cs	L2-AUTH22-archive
services/Diten.Platform/src/Diten.Platform.Application/Features/DocumentManagementReleaseGates/Commands/ReleaseGateCommands.cs	L2-AUTH22-archive
services/Diten.Platform/src/Diten.Platform.Application/Features/DocumentManagementReleaseGates/DocumentManagementReleaseGateModels.cs	L2-AUTH22-archive
services/Diten.Platform/src/Diten.Platform.Application/Features/DocumentManagementReleaseGates/Handlers/ReleaseGateHandlers.cs	L2-AUTH22-archive
services/Diten.Platform/src/Diten.Platform.Application/Features/DocumentManagementReleaseGates/ICopyReconciliationPort.cs	L2-AUTH22-archive
services/Diten.Platform/src/Diten.Platform.Application/Features/DocumentManagementReleaseGates/IRepositoryReadinessPort.cs	L2-AUTH22-archive
services/Diten.Platform/src/Diten.Platform.Application/Features/DocumentManagementReleaseGates/ITrainingReadinessPort.cs	L2-AUTH22-archive
services/Diten.Platform/src/Diten.Platform.Application/Features/DocumentManagementReleaseGates/Queries/ReleaseGateQueries.cs	L2-AUTH22-archive
services/Diten.Platform/src/Diten.Platform.Application/Features/DocumentManagementReleaseGates/Services/DocumentReleaseGateEvaluator.cs	L2-AUTH22-archive
services/Diten.Platform/src/Diten.Platform.Application/Features/DocumentManagementReleaseGates/Services/ReleaseGateEvaluationPortAdapter.cs	L2-AUTH22-archive
services/Diten.Platform/src/Diten.Platform.Application/Features/DocumentManagementReleaseGates/Validators/ReleaseGateValidators.cs	L2-AUTH22-archive
services/Diten.Platform/src/Diten.Platform.Application/Features/DocumentManagementRepositoryAssessment/Commands/RepositoryAssessmentCommands.cs	L2-AUTH22-archive
services/Diten.Platform/src/Diten.Platform.Application/Features/DocumentManagementRepositoryAssessment/DocumentManagementRepositoryAssessmentModels.cs	L2-AUTH22-archive
services/Diten.Platform/src/Diten.Platform.Application/Features/DocumentManagementRepositoryAssessment/Handlers/RepositoryAssessmentHandlers.cs	L2-AUTH22-archive
services/Diten.Platform/src/Diten.Platform.Application/Features/DocumentManagementRepositoryAssessment/Queries/RepositoryAssessmentQueries.cs	L2-AUTH22-archive
services/Diten.Platform/src/Diten.Platform.Application/Features/DocumentManagementRepositoryAssessment/Services/DocumentRepositoryAssessmentEvaluator.cs	L2-AUTH22-archive
services/Diten.Platform/src/Diten.Platform.Application/Features/DocumentManagementRepositoryAssessment/Services/DocumentRepositoryAssessmentService.cs	L2-AUTH22-archive
services/Diten.Platform/src/Diten.Platform.Application/Features/DocumentManagementRepositoryAssessment/Services/RepositoryReadinessPortAdapter.cs	L2-AUTH22-archive
services/Diten.Platform/src/Diten.Platform.Application/Features/DocumentManagementRepositoryAssessment/Validators/RepositoryAssessmentValidators.cs	L2-AUTH22-archive
services/Diten.Platform/src/Diten.Platform.Application/Features/DocumentManagementRetention/Commands/RetentionCommands.cs	L2-AUTH22-archive
services/Diten.Platform/src/Diten.Platform.Application/Features/DocumentManagementRetention/DocumentManagementRetentionModels.cs	L2-AUTH22-archive
services/Diten.Platform/src/Diten.Platform.Application/Features/DocumentManagementRetention/Handlers/RetentionHandlers.cs	L2-AUTH22-archive
services/Diten.Platform/src/Diten.Platform.Application/Features/DocumentManagementRetention/Queries/RetentionQueries.cs	L2-AUTH22-archive
services/Diten.Platform/src/Diten.Platform.Application/Features/DocumentManagementRetention/Services/DocumentDispositionService.cs	L2-AUTH22-archive
services/Diten.Platform/src/Diten.Platform.Application/Features/DocumentManagementRetention/Services/DocumentLegalHoldEvaluator.cs	L2-AUTH22-archive
services/Diten.Platform/src/Diten.Platform.Application/Features/DocumentManagementRetention/Services/DocumentLegalHoldService.cs	L2-AUTH22-archive
services/Diten.Platform/src/Diten.Platform.Application/Features/DocumentManagementRetention/Services/DocumentRetentionEvaluator.cs	L2-AUTH22-archive
services/Diten.Platform/src/Diten.Platform.Application/Features/DocumentManagementRetention/Services/DocumentRetentionPolicyService.cs	L2-AUTH22-archive
services/Diten.Platform/src/Diten.Platform.Application/Features/DocumentManagementRetention/Services/DocumentRetentionTriggerDateResolver.cs	L2-AUTH22-archive
services/Diten.Platform/src/Diten.Platform.Application/Features/DocumentManagementSuspension/Commands/SuspensionCommands.cs	L2-AUTH22-archive
services/Diten.Platform/src/Diten.Platform.Application/Features/DocumentManagementSuspension/DocumentManagementSuspensionModels.cs	L2-AUTH22-archive
services/Diten.Platform/src/Diten.Platform.Application/Features/DocumentManagementSuspension/Handlers/SuspensionHandlers.cs	L2-AUTH22-archive
services/Diten.Platform/src/Diten.Platform.Application/Features/DocumentManagementSuspension/IControlledCopyWithdrawalPort.cs	L2-AUTH22-archive
services/Diten.Platform/src/Diten.Platform.Application/Features/DocumentManagementSuspension/Queries/SuspensionQueries.cs	L2-AUTH22-archive
services/Diten.Platform/src/Diten.Platform.Application/Features/DocumentManagementSuspension/Services/DocumentRetirementService.cs	L2-AUTH22-archive
services/Diten.Platform/src/Diten.Platform.Application/Features/DocumentManagementSuspension/Services/DocumentSuspensionService.cs	L2-AUTH22-archive
services/Diten.Platform/src/Diten.Platform.Application/Features/DocumentManagementSuspension/Services/TemporaryInstructionService.cs	L2-AUTH22-archive
services/Diten.Platform/src/Diten.Platform.Application/Features/DocumentManagementSuspension/Validators/SuspensionValidators.cs	L2-AUTH22-archive
services/Diten.Platform/src/Diten.Platform.Application/Features/DocumentManagementTemplateMasters/Commands/BulkDeleteTemplateMasterCommand.cs	L2-AUTH22-archive
services/Diten.Platform/src/Diten.Platform.Application/Features/DocumentManagementTemplateMasters/Commands/CreateTemplateMasterCommand.cs	L2-AUTH22-archive
services/Diten.Platform/src/Diten.Platform.Application/Features/DocumentManagementTemplateMasters/Commands/DeleteTemplateMasterCommand.cs	L2-AUTH22-archive
services/Diten.Platform/src/Diten.Platform.Application/Features/DocumentManagementTemplateMasters/Commands/DeprecateTemplateMasterCommand.cs	L2-AUTH22-archive
services/Diten.Platform/src/Diten.Platform.Application/Features/DocumentManagementTemplateMasters/Commands/PublishTemplateMasterVersionCommand.cs	L2-AUTH22-archive
services/Diten.Platform/src/Diten.Platform.Application/Features/DocumentManagementTemplateMasters/DocumentManagementTemplateMastersModels.cs	L2-AUTH22-archive
services/Diten.Platform/src/Diten.Platform.Application/Features/DocumentManagementTemplateMasters/Handlers/CommandHandlers/BulkDeleteTemplateMasterHandler.cs	L2-AUTH22-archive
services/Diten.Platform/src/Diten.Platform.Application/Features/DocumentManagementTemplateMasters/Handlers/CommandHandlers/CreateTemplateMasterHandler.cs	L2-AUTH22-archive
services/Diten.Platform/src/Diten.Platform.Application/Features/DocumentManagementTemplateMasters/Handlers/CommandHandlers/DeleteTemplateMasterHandler.cs	L2-AUTH22-archive
services/Diten.Platform/src/Diten.Platform.Application/Features/DocumentManagementTemplateMasters/Handlers/CommandHandlers/DeprecateTemplateMasterHandler.cs	L2-AUTH22-archive
services/Diten.Platform/src/Diten.Platform.Application/Features/DocumentManagementTemplateMasters/Handlers/CommandHandlers/PublishTemplateMasterVersionHandler.cs	L2-AUTH22-archive
services/Diten.Platform/src/Diten.Platform.Application/Features/DocumentManagementTemplateMasters/Handlers/QueryHandlers/DownloadTemplateMasterVersionHandler.cs	L2-AUTH22-archive
services/Diten.Platform/src/Diten.Platform.Application/Features/DocumentManagementTemplateMasters/Handlers/QueryHandlers/GetTemplateMasterAdoptionImpactHandler.cs	L2-AUTH22-archive
services/Diten.Platform/src/Diten.Platform.Application/Features/DocumentManagementTemplateMasters/Handlers/QueryHandlers/GetTemplateMasterByIdHandler.cs	L2-AUTH22-archive
services/Diten.Platform/src/Diten.Platform.Application/Features/DocumentManagementTemplateMasters/Handlers/QueryHandlers/GetTemplateMasterListHandler.cs	L2-AUTH22-archive
services/Diten.Platform/src/Diten.Platform.Application/Features/DocumentManagementTemplateMasters/Handlers/QueryHandlers/GetTemplateMasterOptionsHandler.cs	L2-AUTH22-archive
services/Diten.Platform/src/Diten.Platform.Application/Features/DocumentManagementTemplateMasters/Handlers/QueryHandlers/GetTemplateMasterVersionsHandler.cs	L2-AUTH22-archive
services/Diten.Platform/src/Diten.Platform.Application/Features/DocumentManagementTemplateMasters/Queries/DownloadTemplateMasterVersionQuery.cs	L2-AUTH22-archive
services/Diten.Platform/src/Diten.Platform.Application/Features/DocumentManagementTemplateMasters/Queries/GetTemplateMasterAdoptionImpactQuery.cs	L2-AUTH22-archive
services/Diten.Platform/src/Diten.Platform.Application/Features/DocumentManagementTemplateMasters/Queries/GetTemplateMasterByIdQuery.cs	L2-AUTH22-archive
services/Diten.Platform/src/Diten.Platform.Application/Features/DocumentManagementTemplateMasters/Queries/GetTemplateMasterListQuery.cs	L2-AUTH22-archive
services/Diten.Platform/src/Diten.Platform.Application/Features/DocumentManagementTemplateMasters/Queries/GetTemplateMasterOptionsQuery.cs	L2-AUTH22-archive
services/Diten.Platform/src/Diten.Platform.Application/Features/DocumentManagementTemplateMasters/Queries/GetTemplateMasterVersionsQuery.cs	L2-AUTH22-archive
services/Diten.Platform/src/Diten.Platform.Application/Features/DocumentManagementTemplateMasters/Services/TemplateMasterService.cs	L2-AUTH22-archive
services/Diten.Platform/src/Diten.Platform.Application/Features/DocumentManagementTemplateMasters/Validators/CreateTemplateMasterValidator.cs	L2-AUTH22-archive
services/Diten.Platform/src/Diten.Platform.Application/Features/DocumentManagementTemplateMasters/Validators/DeprecateTemplateMasterValidator.cs	L2-AUTH22-archive
services/Diten.Platform/src/Diten.Platform.Application/Features/DocumentManagementTemplateMasters/Validators/PublishTemplateMasterVersionValidator.cs	L2-AUTH22-archive
services/Diten.Platform/src/Diten.Platform.Application/Features/DocumentManagementTemplateVariants/Commands/CreateTemplateVariantCommand.cs	L2-AUTH22-archive
services/Diten.Platform/src/Diten.Platform.Application/Features/DocumentManagementTemplateVariants/Commands/RebaseTemplateVariantCommand.cs	L2-AUTH22-archive
services/Diten.Platform/src/Diten.Platform.Application/Features/DocumentManagementTemplateVariants/DocumentManagementTemplateVariantsModels.cs	L2-AUTH22-archive
services/Diten.Platform/src/Diten.Platform.Application/Features/DocumentManagementTemplateVariants/Handlers/CommandHandlers/CreateTemplateVariantHandler.cs	L2-AUTH22-archive
services/Diten.Platform/src/Diten.Platform.Application/Features/DocumentManagementTemplateVariants/Handlers/CommandHandlers/RebaseTemplateVariantHandler.cs	L2-AUTH22-archive
services/Diten.Platform/src/Diten.Platform.Application/Features/DocumentManagementTemplateVariants/Handlers/QueryHandlers/GetTemplateMasterVariantsHandler.cs	L2-AUTH22-archive
services/Diten.Platform/src/Diten.Platform.Application/Features/DocumentManagementTemplateVariants/Handlers/QueryHandlers/GetTemplateVariantByIdHandler.cs	L2-AUTH22-archive
services/Diten.Platform/src/Diten.Platform.Application/Features/DocumentManagementTemplateVariants/Handlers/QueryHandlers/GetTemplateVariantCompareHandler.cs	L2-AUTH22-archive
services/Diten.Platform/src/Diten.Platform.Application/Features/DocumentManagementTemplateVariants/Handlers/QueryHandlers/GetTemplateVariantListHandler.cs	L2-AUTH22-archive
services/Diten.Platform/src/Diten.Platform.Application/Features/DocumentManagementTemplateVariants/Handlers/QueryHandlers/GetTemplateVariantOptionsHandler.cs	L2-AUTH22-archive
services/Diten.Platform/src/Diten.Platform.Application/Features/DocumentManagementTemplateVariants/Queries/GetTemplateMasterVariantsQuery.cs	L2-AUTH22-archive
services/Diten.Platform/src/Diten.Platform.Application/Features/DocumentManagementTemplateVariants/Queries/GetTemplateVariantByIdQuery.cs	L2-AUTH22-archive
services/Diten.Platform/src/Diten.Platform.Application/Features/DocumentManagementTemplateVariants/Queries/GetTemplateVariantCompareQuery.cs	L2-AUTH22-archive
services/Diten.Platform/src/Diten.Platform.Application/Features/DocumentManagementTemplateVariants/Queries/GetTemplateVariantListQuery.cs	L2-AUTH22-archive
services/Diten.Platform/src/Diten.Platform.Application/Features/DocumentManagementTemplateVariants/Queries/GetTemplateVariantOptionsQuery.cs	L2-AUTH22-archive
services/Diten.Platform/src/Diten.Platform.Application/Features/DocumentManagementTemplateVariants/Services/TemplateVariantService.cs	L2-AUTH22-archive
services/Diten.Platform/src/Diten.Platform.Application/Features/DocumentManagementTemplateVariants/Validators/CreateTemplateVariantValidator.cs	L2-AUTH22-archive
services/Diten.Platform/src/Diten.Platform.Application/Features/DocumentManagementTemplateVariants/Validators/RebaseTemplateVariantValidator.cs	L2-AUTH22-archive
services/Diten.Platform/src/Diten.Platform.Application/Features/DocumentManagementTraining/Commands/TrainingCommands.cs	L2-AUTH22-archive
services/Diten.Platform/src/Diten.Platform.Application/Features/DocumentManagementTraining/DocumentManagementTrainingModels.cs	L2-AUTH22-archive
services/Diten.Platform/src/Diten.Platform.Application/Features/DocumentManagementTraining/Handlers/TrainingHandlers.cs	L2-AUTH22-archive
services/Diten.Platform/src/Diten.Platform.Application/Features/DocumentManagementTraining/Queries/TrainingQueries.cs	L2-AUTH22-archive
services/Diten.Platform/src/Diten.Platform.Application/Features/DocumentManagementTraining/Services/DocumentTrainingMatrixResolver.cs	L2-AUTH22-archive
services/Diten.Platform/src/Diten.Platform.Application/Features/DocumentManagementTraining/Services/DocumentTrainingReadinessEvaluator.cs	L2-AUTH22-archive
services/Diten.Platform/src/Diten.Platform.Application/Features/DocumentManagementTraining/Services/DocumentTrainingService.cs	L2-AUTH22-archive
services/Diten.Platform/src/Diten.Platform.Application/Features/DocumentManagementTraining/Services/TrainingReadinessPortAdapter.cs	L2-AUTH22-archive
services/Diten.Platform/src/Diten.Platform.Application/Features/DocumentManagementTraining/Validators/TrainingValidators.cs	L2-AUTH22-archive
services/Diten.Platform/src/Diten.Platform.Application/Features/DocumentManagementVariantLocalization/Commands/VariantLocalizationCommands.cs	L2-AUTH22-archive
services/Diten.Platform/src/Diten.Platform.Application/Features/DocumentManagementVariantLocalization/DocumentManagementVariantLocalizationModels.cs	L2-AUTH22-archive
services/Diten.Platform/src/Diten.Platform.Application/Features/DocumentManagementVariantLocalization/Handlers/VariantLocalizationHandlers.cs	L2-AUTH22-archive
services/Diten.Platform/src/Diten.Platform.Application/Features/DocumentManagementVariantLocalization/Queries/VariantLocalizationQueries.cs	L2-AUTH22-archive
services/Diten.Platform/src/Diten.Platform.Application/Features/DocumentManagementVariantLocalization/Services/TemplateVariantLocalizationService.cs	L2-AUTH22-archive
services/Diten.Platform/src/Diten.Platform.Application/Features/DocumentManagementVariantLocalization/Services/TemplateVariantParentChangeEvaluator.cs	L2-AUTH22-archive
services/Diten.Platform/src/Diten.Platform.Application/Features/DocumentManagementVariantLocalization/Services/TemplateVariantReadinessEvaluator.cs	L2-AUTH22-archive
services/Diten.Platform/src/Diten.Platform.Application/Features/DocumentRepository/Commands/CompensateRepositoryObjectCommand.cs	L2-AUTH22-archive
services/Diten.Platform/src/Diten.Platform.Application/Features/DocumentRepository/Commands/StoreRepositoryObjectCommand.cs	L2-AUTH22-archive
services/Diten.Platform/src/Diten.Platform.Application/Features/DocumentRepository/DocumentRepositoryModels.cs	L2-AUTH22-archive
services/Diten.Platform/src/Diten.Platform.Application/Features/DocumentRepository/Handlers/CommandHandlers/CompensateRepositoryObjectHandler.cs	L2-AUTH22-archive
services/Diten.Platform/src/Diten.Platform.Application/Features/DocumentRepository/Handlers/CommandHandlers/StoreRepositoryObjectHandler.cs	L2-AUTH22-archive
services/Diten.Platform/src/Diten.Platform.Application/Features/DocumentRepository/Handlers/QueryHandlers/GetRepositoryObjectByIdHandler.cs	L2-AUTH22-archive
services/Diten.Platform/src/Diten.Platform.Application/Features/DocumentRepository/Handlers/QueryHandlers/OpenRepositoryObjectContentHandler.cs	L2-AUTH22-archive
services/Diten.Platform/src/Diten.Platform.Application/Features/DocumentRepository/Queries/GetRepositoryObjectByIdQuery.cs	L2-AUTH22-archive
services/Diten.Platform/src/Diten.Platform.Application/Features/DocumentRepository/Queries/OpenRepositoryObjectContentQuery.cs	L2-AUTH22-archive
services/Diten.Platform/src/Diten.Platform.Application/Features/DocumentRepository/Services/DocumentRepositoryService.cs	L2-AUTH22-archive
services/Diten.Platform/src/Diten.Platform.Application/Features/DocumentRepository/Validators/StoreRepositoryObjectValidator.cs	L2-AUTH22-archive
services/Diten.Platform/src/Diten.Platform.Application/Features/EntitlementAttestations/EntitlementAttestationContracts.cs	L2-AUTH22-archive
services/Diten.Platform/src/Diten.Platform.Application/Features/EntitlementAttestations/PlatformEntitlementAttestationProvider.cs	L2-AUTH22-archive
services/Diten.Platform/src/Diten.Platform.Application/Features/GlobalApplicability/GlobalApplicabilityChangedV1.cs	L2-AUTH22-archive
services/Diten.Platform/src/Diten.Platform.Application/Features/GlobalApplicability/GlobalApplicabilityTransactionCoordinator.cs	L2-AUTH22-archive
services/Diten.Platform/src/Diten.Platform.Application/Features/InterfaceRegistry/Auditing/IInterfaceRegistryAuditSink.cs	L2-AUTH22-archive
services/Diten.Platform/src/Diten.Platform.Application/Features/InterfaceRegistry/Auditing/NullInterfaceRegistryAuditSink.cs	L2-AUTH22-archive
services/Diten.Platform/src/Diten.Platform.Application/Features/InterfaceRegistry/Commands/ConfirmInterfaceDiffItemRequest.cs	L2-AUTH22-archive
services/Diten.Platform/src/Diten.Platform.Application/Features/InterfaceRegistry/Commands/ConfirmInterfaceDiscoveryBatchRequest.cs	L2-AUTH22-archive
services/Diten.Platform/src/Diten.Platform.Application/Features/InterfaceRegistry/Commands/DeprecateInterfaceRequest.cs	L2-AUTH22-archive
services/Diten.Platform/src/Diten.Platform.Application/Features/InterfaceRegistry/Commands/ImportInterfaceManifestRequest.cs	L2-AUTH22-archive
services/Diten.Platform/src/Diten.Platform.Application/Features/InterfaceRegistry/Commands/RejectInterfaceDiffItemRequest.cs	L2-AUTH22-archive
services/Diten.Platform/src/Diten.Platform.Application/Features/InterfaceRegistry/Commands/RejectInterfaceDiscoveryBatchRequest.cs	L2-AUTH22-archive
services/Diten.Platform/src/Diten.Platform.Application/Features/InterfaceRegistry/DeprecateInterfaceRequestBody.cs	L2-AUTH22-archive
services/Diten.Platform/src/Diten.Platform.Application/Features/InterfaceRegistry/EndpointKeyNormalizer.cs	L2-AUTH22-archive
services/Diten.Platform/src/Diten.Platform.Application/Features/InterfaceRegistry/Handlers/CommandHandlers/ConfirmInterfaceDiffItemRequestHandler.cs	L2-AUTH22-archive
services/Diten.Platform/src/Diten.Platform.Application/Features/InterfaceRegistry/Handlers/CommandHandlers/ConfirmInterfaceDiscoveryBatchRequestHandler.cs	L2-AUTH22-archive
services/Diten.Platform/src/Diten.Platform.Application/Features/InterfaceRegistry/Handlers/CommandHandlers/DeprecateInterfaceRequestHandler.cs	L2-AUTH22-archive
services/Diten.Platform/src/Diten.Platform.Application/Features/InterfaceRegistry/Handlers/CommandHandlers/ImportInterfaceManifestRequestHandler.cs	L2-AUTH22-archive
services/Diten.Platform/src/Diten.Platform.Application/Features/InterfaceRegistry/Handlers/CommandHandlers/InterfaceRegistryReviewSupport.cs	L2-AUTH22-archive
services/Diten.Platform/src/Diten.Platform.Application/Features/InterfaceRegistry/Handlers/CommandHandlers/RejectInterfaceDiffItemRequestHandler.cs	L2-AUTH22-archive
services/Diten.Platform/src/Diten.Platform.Application/Features/InterfaceRegistry/Handlers/CommandHandlers/RejectInterfaceDiscoveryBatchRequestHandler.cs	L2-AUTH22-archive
services/Diten.Platform/src/Diten.Platform.Application/Features/InterfaceRegistry/Handlers/QueryHandlers/GetInterfaceDefinitionSnapshotRequestHandler.cs	L2-AUTH22-archive
services/Diten.Platform/src/Diten.Platform.Application/Features/InterfaceRegistry/Handlers/QueryHandlers/GetInterfaceDefinitionsRequestHandler.cs	L2-AUTH22-archive
services/Diten.Platform/src/Diten.Platform.Application/Features/InterfaceRegistry/Handlers/QueryHandlers/GetInterfaceDiscoveryBatchByIdRequestHandler.cs	L2-AUTH22-archive
services/Diten.Platform/src/Diten.Platform.Application/Features/InterfaceRegistry/Handlers/QueryHandlers/GetInterfaceDiscoveryBatchesRequestHandler.cs	L2-AUTH22-archive
services/Diten.Platform/src/Diten.Platform.Application/Features/InterfaceRegistry/Handlers/QueryHandlers/GetInterfaceDiscoveryDiffItemsRequestHandler.cs	L2-AUTH22-archive
services/Diten.Platform/src/Diten.Platform.Application/Features/InterfaceRegistry/InterfaceActiveSnapshotDto.cs	L2-AUTH22-archive
services/Diten.Platform/src/Diten.Platform.Application/Features/InterfaceRegistry/InterfaceCodeNormalizer.cs	L2-AUTH22-archive
services/Diten.Platform/src/Diten.Platform.Application/Features/InterfaceRegistry/InterfaceConsumerDependencyDto.cs	L2-AUTH22-archive
services/Diten.Platform/src/Diten.Platform.Application/Features/InterfaceRegistry/InterfaceDefinitionDto.cs	L2-AUTH22-archive
services/Diten.Platform/src/Diten.Platform.Application/Features/InterfaceRegistry/InterfaceDiffBuilder.cs	L2-AUTH22-archive
services/Diten.Platform/src/Diten.Platform.Application/Features/InterfaceRegistry/InterfaceDiscoveryBatchDto.cs	L2-AUTH22-archive
services/Diten.Platform/src/Diten.Platform.Application/Features/InterfaceRegistry/InterfaceDiscoveryDiffItemDto.cs	L2-AUTH22-archive
services/Diten.Platform/src/Diten.Platform.Application/Features/InterfaceRegistry/InterfaceEndpointDto.cs	L2-AUTH22-archive
services/Diten.Platform/src/Diten.Platform.Application/Features/InterfaceRegistry/InterfaceManifestHasher.cs	L2-AUTH22-archive
services/Diten.Platform/src/Diten.Platform.Application/Features/InterfaceRegistry/InterfaceManifestImportResultDto.cs	L2-AUTH22-archive
services/Diten.Platform/src/Diten.Platform.Application/Features/InterfaceRegistry/InterfaceRegistryMapper.cs	L2-AUTH22-archive
services/Diten.Platform/src/Diten.Platform.Application/Features/InterfaceRegistry/InterfaceReviewBatchResultDto.cs	L2-AUTH22-archive
services/Diten.Platform/src/Diten.Platform.Application/Features/InterfaceRegistry/InterfaceReviewDecisionRequest.cs	L2-AUTH22-archive
services/Diten.Platform/src/Diten.Platform.Application/Features/InterfaceRegistry/Queries/GetInterfaceDefinitionSnapshotRequest.cs	L2-AUTH22-archive
services/Diten.Platform/src/Diten.Platform.Application/Features/InterfaceRegistry/Queries/GetInterfaceDefinitionsRequest.cs	L2-AUTH22-archive
services/Diten.Platform/src/Diten.Platform.Application/Features/InterfaceRegistry/Queries/GetInterfaceDiscoveryBatchByIdRequest.cs	L2-AUTH22-archive
services/Diten.Platform/src/Diten.Platform.Application/Features/InterfaceRegistry/Queries/GetInterfaceDiscoveryBatchesRequest.cs	L2-AUTH22-archive
services/Diten.Platform/src/Diten.Platform.Application/Features/InterfaceRegistry/Queries/GetInterfaceDiscoveryDiffItemsRequest.cs	L2-AUTH22-archive
services/Diten.Platform/src/Diten.Platform.Application/Features/InterfaceRegistry/Validators/ConfirmInterfaceDiffItemRequestValidator.cs	L2-AUTH22-archive
services/Diten.Platform/src/Diten.Platform.Application/Features/InterfaceRegistry/Validators/ConfirmInterfaceDiscoveryBatchRequestValidator.cs	L2-AUTH22-archive
services/Diten.Platform/src/Diten.Platform.Application/Features/InterfaceRegistry/Validators/DeprecateInterfaceRequestValidator.cs	L2-AUTH22-archive
services/Diten.Platform/src/Diten.Platform.Application/Features/InterfaceRegistry/Validators/ImportInterfaceManifestRequestValidator.cs	L2-AUTH22-archive
services/Diten.Platform/src/Diten.Platform.Application/Features/InterfaceRegistry/Validators/RejectInterfaceDiffItemRequestValidator.cs	L2-AUTH22-archive
services/Diten.Platform/src/Diten.Platform.Application/Features/InterfaceRegistry/Validators/RejectInterfaceDiscoveryBatchRequestValidator.cs	L2-AUTH22-archive
services/Diten.Platform/src/Diten.Platform.Application/Features/Lookups/Handlers/QueryHandlers/GetCurrencyLookupHandler.cs	L2-AUTH22-archive
services/Diten.Platform/src/Diten.Platform.Application/Features/Lookups/Handlers/QueryHandlers/GetLocaleLookupHandler.cs	L2-AUTH22-archive
services/Diten.Platform/src/Diten.Platform.Application/Features/Lookups/Handlers/QueryHandlers/GetLookupOptionsHandler.cs	L2-AUTH22-archive
services/Diten.Platform/src/Diten.Platform.Application/Features/Lookups/Handlers/QueryHandlers/GetTenantTierLookupHandler.cs	L2-AUTH22-archive
services/Diten.Platform/src/Diten.Platform.Application/Features/Lookups/Handlers/QueryHandlers/GetTimezoneLookupHandler.cs	L2-AUTH22-archive
services/Diten.Platform/src/Diten.Platform.Application/Features/Lookups/LookupModels.cs	L2-AUTH22-archive
services/Diten.Platform/src/Diten.Platform.Application/Features/Lookups/Queries/GetCurrencyLookupQuery.cs	L2-AUTH22-archive
services/Diten.Platform/src/Diten.Platform.Application/Features/Lookups/Queries/GetLocaleLookupQuery.cs	L2-AUTH22-archive
services/Diten.Platform/src/Diten.Platform.Application/Features/Lookups/Queries/GetLookupOptionsQuery.cs	L2-AUTH22-archive
services/Diten.Platform/src/Diten.Platform.Application/Features/Lookups/Queries/GetTenantTierLookupQuery.cs	L2-AUTH22-archive
services/Diten.Platform/src/Diten.Platform.Application/Features/Lookups/Queries/GetTimezoneLookupQuery.cs	L2-AUTH22-archive
services/Diten.Platform/src/Diten.Platform.Application/Features/Lookups/Services/IPlatformLookupCache.cs	L2-AUTH22-archive
services/Diten.Platform/src/Diten.Platform.Application/Features/Lookups/Services/IPlatformLookupProvider.cs	L2-AUTH22-archive
services/Diten.Platform/src/Diten.Platform.Application/Features/Lookups/Services/PlatformLookupProvider.cs	L2-AUTH22-archive
services/Diten.Platform/src/Diten.Platform.Application/Features/Meetings/Commands/MeetingCommands.cs	L2-AUTH22-archive
services/Diten.Platform/src/Diten.Platform.Application/Features/Meetings/Commands/MeetingTypeCommands.cs	L2-AUTH22-archive
services/Diten.Platform/src/Diten.Platform.Application/Features/Meetings/Handlers/CommandHandlers/AgendaItemCommandHandlers.cs	L2-AUTH22-archive
services/Diten.Platform/src/Diten.Platform.Application/Features/Meetings/Handlers/CommandHandlers/MeetingCommandHandlers.cs	L2-AUTH22-archive
services/Diten.Platform/src/Diten.Platform.Application/Features/Meetings/Handlers/CommandHandlers/MeetingTypeCommandHandlers.cs	L2-AUTH22-archive
services/Diten.Platform/src/Diten.Platform.Application/Features/Meetings/Handlers/QueryHandlers/MeetingQueryHandlers.cs	L2-AUTH22-archive
services/Diten.Platform/src/Diten.Platform.Application/Features/Meetings/MeetingModels.cs	L2-AUTH22-archive
services/Diten.Platform/src/Diten.Platform.Application/Features/Meetings/Queries/MeetingQueries.cs	L2-AUTH22-archive
services/Diten.Platform/src/Diten.Platform.Application/Features/Meetings/RecordLinks/IRecordLinkService.cs	L2-AUTH22-archive
services/Diten.Platform/src/Diten.Platform.Application/Features/Meetings/RecordLinks/IRelatedRecordResolver.cs	L2-AUTH22-archive
services/Diten.Platform/src/Diten.Platform.Application/Features/Meetings/RecordLinks/MeetingRelatedRecordResolver.cs	L2-AUTH22-archive
services/Diten.Platform/src/Diten.Platform.Application/Features/Meetings/RecordLinks/RecordLinkModels.cs	L2-AUTH22-archive
services/Diten.Platform/src/Diten.Platform.Application/Features/Meetings/RecordLinks/RecordLinkService.cs	L2-AUTH22-archive
services/Diten.Platform/src/Diten.Platform.Application/Features/Meetings/RecordLinks/TaskRelatedRecordResolver.cs	L2-AUTH22-archive
services/Diten.Platform/src/Diten.Platform.Application/Features/Meetings/SelfRegistration/MeetingManifestProvider.cs	L2-AUTH22-archive
services/Diten.Platform/src/Diten.Platform.Application/Features/Meetings/Services/IMeetingIdempotencyKeyResolver.cs	L2-AUTH22-archive
services/Diten.Platform/src/Diten.Platform.Application/Features/Meetings/Services/MeetingIdempotencyKeyResolver.cs	L2-AUTH22-archive
services/Diten.Platform/src/Diten.Platform.Application/Features/Meetings/Validators/MeetingValidators.cs	L2-AUTH22-archive
services/Diten.Platform/src/Diten.Platform.Application/Features/ModuleAssignments/Handlers/QueryHandlers/GetModuleAssignmentOverviewQueryHandler.cs	L2-AUTH22-archive
services/Diten.Platform/src/Diten.Platform.Application/Features/ModuleAssignments/Handlers/QueryHandlers/GetModulePlanAssignmentsQueryHandler.cs	L2-AUTH22-archive
services/Diten.Platform/src/Diten.Platform.Application/Features/ModuleAssignments/Handlers/QueryHandlers/GetModuleTenantAssignmentDetailQueryHandler.cs	L2-AUTH22-archive
services/Diten.Platform/src/Diten.Platform.Application/Features/ModuleAssignments/Handlers/QueryHandlers/GetModuleTenantAssignmentsQueryHandler.cs	L2-AUTH22-archive
services/Diten.Platform/src/Diten.Platform.Application/Features/ModuleAssignments/Handlers/QueryHandlers/ModuleAssignmentQueryHelpers.cs	L2-AUTH22-archive
services/Diten.Platform/src/Diten.Platform.Application/Features/ModuleAssignments/ModuleAssignmentContracts.cs	L2-AUTH22-archive
services/Diten.Platform/src/Diten.Platform.Application/Features/ModuleAssignments/Queries/GetModuleAssignmentOverviewQuery.cs	L2-AUTH22-archive
services/Diten.Platform/src/Diten.Platform.Application/Features/ModuleAssignments/Queries/GetModulePlanAssignmentsQuery.cs	L2-AUTH22-archive
services/Diten.Platform/src/Diten.Platform.Application/Features/ModuleAssignments/Queries/GetModuleTenantAssignmentDetailQuery.cs	L2-AUTH22-archive
services/Diten.Platform/src/Diten.Platform.Application/Features/ModuleAssignments/Queries/GetModuleTenantAssignmentsQuery.cs	L2-AUTH22-archive
services/Diten.Platform/src/Diten.Platform.Application/Features/ModuleCatalog/Commands/ActivateModuleCatalogItemCommand.cs	L2-AUTH22-archive
services/Diten.Platform/src/Diten.Platform.Application/Features/ModuleCatalog/Commands/BulkDeleteModuleCatalogItemsCommand.cs	L2-AUTH22-archive
services/Diten.Platform/src/Diten.Platform.Application/Features/ModuleCatalog/Commands/CreateModuleCatalogItemCommand.cs	L2-AUTH22-archive
services/Diten.Platform/src/Diten.Platform.Application/Features/ModuleCatalog/Commands/DeactivateModuleCatalogItemCommand.cs	L2-AUTH22-archive
services/Diten.Platform/src/Diten.Platform.Application/Features/ModuleCatalog/Commands/DeleteModuleCatalogItemCommand.cs	L2-AUTH22-archive
services/Diten.Platform/src/Diten.Platform.Application/Features/ModuleCatalog/Commands/UpdateModuleCatalogItemCommand.cs	L2-AUTH22-archive
services/Diten.Platform/src/Diten.Platform.Application/Features/ModuleCatalog/Handlers/CommandHandlers/ActivateModuleCatalogItemCommandHandler.cs	L2-AUTH22-archive
services/Diten.Platform/src/Diten.Platform.Application/Features/ModuleCatalog/Handlers/CommandHandlers/BulkDeleteModuleCatalogItemsCommandHandler.cs	L2-AUTH22-archive
services/Diten.Platform/src/Diten.Platform.Application/Features/ModuleCatalog/Handlers/CommandHandlers/CreateModuleCatalogItemCommandHandler.cs	L2-AUTH22-archive
services/Diten.Platform/src/Diten.Platform.Application/Features/ModuleCatalog/Handlers/CommandHandlers/DeactivateModuleCatalogItemCommandHandler.cs	L2-AUTH22-archive
services/Diten.Platform/src/Diten.Platform.Application/Features/ModuleCatalog/Handlers/CommandHandlers/DeleteModuleCatalogItemCommandHandler.cs	L2-AUTH22-archive
services/Diten.Platform/src/Diten.Platform.Application/Features/ModuleCatalog/Handlers/CommandHandlers/UpdateModuleCatalogItemCommandHandler.cs	L2-AUTH22-archive
services/Diten.Platform/src/Diten.Platform.Application/Features/ModuleCatalog/Handlers/QueryHandlers/GetAssignableModuleCatalogItemsQueryHandler.cs	L2-AUTH22-archive
services/Diten.Platform/src/Diten.Platform.Application/Features/ModuleCatalog/Handlers/QueryHandlers/GetModuleCatalogItemByCodeQueryHandler.cs	L2-AUTH22-archive
services/Diten.Platform/src/Diten.Platform.Application/Features/ModuleCatalog/Handlers/QueryHandlers/GetModuleCatalogItemByIdQueryHandler.cs	L2-AUTH22-archive
services/Diten.Platform/src/Diten.Platform.Application/Features/ModuleCatalog/Handlers/QueryHandlers/GetModuleCatalogItemsQueryHandler.cs	L2-AUTH22-archive
services/Diten.Platform/src/Diten.Platform.Application/Features/ModuleCatalog/Handlers/QueryHandlers/GetModuleCatalogStatsQueryHandler.cs	L2-AUTH22-archive
services/Diten.Platform/src/Diten.Platform.Application/Features/ModuleCatalog/ModuleCatalogCodeNormalizer.cs	L2-AUTH22-archive
services/Diten.Platform/src/Diten.Platform.Application/Features/ModuleCatalog/ModuleCatalogContracts.cs	L2-AUTH22-archive
services/Diten.Platform/src/Diten.Platform.Application/Features/ModuleCatalog/ModuleCatalogErrorCodes.cs	L2-AUTH22-archive
services/Diten.Platform/src/Diten.Platform.Application/Features/ModuleCatalog/Queries/GetAssignableModuleCatalogItemsQuery.cs	L2-AUTH22-archive
services/Diten.Platform/src/Diten.Platform.Application/Features/ModuleCatalog/Queries/GetModuleCatalogItemByCodeQuery.cs	L2-AUTH22-archive
services/Diten.Platform/src/Diten.Platform.Application/Features/ModuleCatalog/Queries/GetModuleCatalogItemByIdQuery.cs	L2-AUTH22-archive
services/Diten.Platform/src/Diten.Platform.Application/Features/ModuleCatalog/Queries/GetModuleCatalogItemsQuery.cs	L2-AUTH22-archive
services/Diten.Platform/src/Diten.Platform.Application/Features/ModuleCatalog/Queries/GetModuleCatalogStatsQuery.cs	L2-AUTH22-archive
services/Diten.Platform/src/Diten.Platform.Application/Features/ModuleCatalog/Services/IModuleTaxonomyResolver.cs	L2-AUTH22-archive
services/Diten.Platform/src/Diten.Platform.Application/Features/ModuleCatalog/Services/ModuleTaxonomyResolver.cs	L2-AUTH22-archive
services/Diten.Platform/src/Diten.Platform.Application/Features/ModuleCatalog/Validators/CreateModuleCatalogItemCommandValidator.cs	L2-AUTH22-archive
services/Diten.Platform/src/Diten.Platform.Application/Features/ModuleCatalog/Validators/GetModuleCatalogItemsQueryValidator.cs	L2-AUTH22-archive
services/Diten.Platform/src/Diten.Platform.Application/Features/ModuleCatalog/Validators/ModuleCatalogItemRequestValidator.cs	L2-AUTH22-archive
services/Diten.Platform/src/Diten.Platform.Application/Features/ModuleCatalog/Validators/UpdateModuleCatalogItemCommandValidator.cs	L2-AUTH22-archive
services/Diten.Platform/src/Diten.Platform.Application/Features/ModuleDomains/Commands/ModuleDomainCommands.cs	L2-AUTH22-archive
services/Diten.Platform/src/Diten.Platform.Application/Features/ModuleDomains/Handlers/CommandHandlers/CreateModuleDomainCommandHandler.cs	L2-AUTH22-archive
services/Diten.Platform/src/Diten.Platform.Application/Features/ModuleDomains/Handlers/CommandHandlers/DeleteModuleDomainCommandHandler.cs	L2-AUTH22-archive
services/Diten.Platform/src/Diten.Platform.Application/Features/ModuleDomains/Handlers/CommandHandlers/UpdateModuleDomainCommandHandler.cs	L2-AUTH22-archive
services/Diten.Platform/src/Diten.Platform.Application/Features/ModuleDomains/Handlers/QueryHandlers/GetModuleDomainByIdQueryHandler.cs	L2-AUTH22-archive
services/Diten.Platform/src/Diten.Platform.Application/Features/ModuleDomains/Handlers/QueryHandlers/GetModuleDomainsQueryHandler.cs	L2-AUTH22-archive
services/Diten.Platform/src/Diten.Platform.Application/Features/ModuleDomains/ModuleDomainContracts.cs	L2-AUTH22-archive
services/Diten.Platform/src/Diten.Platform.Application/Features/ModuleDomains/Queries/ModuleDomainQueries.cs	L2-AUTH22-archive
services/Diten.Platform/src/Diten.Platform.Application/Features/ModulePages/Commands/ActivateModulePageDescriptorCommand.cs	L2-AUTH22-archive
services/Diten.Platform/src/Diten.Platform.Application/Features/ModulePages/Commands/CreateModulePageActionDescriptorCommand.cs	L2-AUTH22-archive
services/Diten.Platform/src/Diten.Platform.Application/Features/ModulePages/Commands/CreateModulePageDescriptorCommand.cs	L2-AUTH22-archive
services/Diten.Platform/src/Diten.Platform.Application/Features/ModulePages/Commands/DeactivateModulePageDescriptorCommand.cs	L2-AUTH22-archive
services/Diten.Platform/src/Diten.Platform.Application/Features/ModulePages/Commands/DeleteModulePageActionDescriptorCommand.cs	L2-AUTH22-archive
services/Diten.Platform/src/Diten.Platform.Application/Features/ModulePages/Commands/DeleteModulePageDescriptorCommand.cs	L2-AUTH22-archive
services/Diten.Platform/src/Diten.Platform.Application/Features/ModulePages/Commands/UpdateModulePageActionDescriptorCommand.cs	L2-AUTH22-archive
services/Diten.Platform/src/Diten.Platform.Application/Features/ModulePages/Commands/UpdateModulePageDescriptorCommand.cs	L2-AUTH22-archive
services/Diten.Platform/src/Diten.Platform.Application/Features/ModulePages/Handlers/CommandHandlers/ActivateModulePageDescriptorCommandHandler.cs	L2-AUTH22-archive
services/Diten.Platform/src/Diten.Platform.Application/Features/ModulePages/Handlers/CommandHandlers/CreateModulePageActionDescriptorCommandHandler.cs	L2-AUTH22-archive
services/Diten.Platform/src/Diten.Platform.Application/Features/ModulePages/Handlers/CommandHandlers/CreateModulePageDescriptorCommandHandler.cs	L2-AUTH22-archive
services/Diten.Platform/src/Diten.Platform.Application/Features/ModulePages/Handlers/CommandHandlers/DeactivateModulePageDescriptorCommandHandler.cs	L2-AUTH22-archive
services/Diten.Platform/src/Diten.Platform.Application/Features/ModulePages/Handlers/CommandHandlers/DeleteModulePageActionDescriptorCommandHandler.cs	L2-AUTH22-archive
services/Diten.Platform/src/Diten.Platform.Application/Features/ModulePages/Handlers/CommandHandlers/DeleteModulePageDescriptorCommandHandler.cs	L2-AUTH22-archive
services/Diten.Platform/src/Diten.Platform.Application/Features/ModulePages/Handlers/CommandHandlers/UpdateModulePageActionDescriptorCommandHandler.cs	L2-AUTH22-archive
services/Diten.Platform/src/Diten.Platform.Application/Features/ModulePages/Handlers/CommandHandlers/UpdateModulePageDescriptorCommandHandler.cs	L2-AUTH22-archive
services/Diten.Platform/src/Diten.Platform.Application/Features/ModulePages/Handlers/QueryHandlers/GetModulePageActionByIdQueryHandler.cs	L2-AUTH22-archive
services/Diten.Platform/src/Diten.Platform.Application/Features/ModulePages/Handlers/QueryHandlers/GetModulePageActionsByPageQueryHandler.cs	L2-AUTH22-archive
services/Diten.Platform/src/Diten.Platform.Application/Features/ModulePages/Handlers/QueryHandlers/GetModulePageDescriptorByIdQueryHandler.cs	L2-AUTH22-archive
services/Diten.Platform/src/Diten.Platform.Application/Features/ModulePages/Handlers/QueryHandlers/GetModulePageDescriptorsByModuleQueryHandler.cs	L2-AUTH22-archive
services/Diten.Platform/src/Diten.Platform.Application/Features/ModulePages/Handlers/QueryHandlers/SearchModulePageDescriptorsQueryHandler.cs	L2-AUTH22-archive
services/Diten.Platform/src/Diten.Platform.Application/Features/ModulePages/ModulePageActionContracts.cs	L2-AUTH22-archive
services/Diten.Platform/src/Diten.Platform.Application/Features/ModulePages/ModulePageDescriptorContracts.cs	L2-AUTH22-archive
services/Diten.Platform/src/Diten.Platform.Application/Features/ModulePages/ModulePageDescriptorNormalizer.cs	L2-AUTH22-archive
services/Diten.Platform/src/Diten.Platform.Application/Features/ModulePages/Queries/GetModulePageActionByIdQuery.cs	L2-AUTH22-archive
services/Diten.Platform/src/Diten.Platform.Application/Features/ModulePages/Queries/GetModulePageActionsByPageQuery.cs	L2-AUTH22-archive
services/Diten.Platform/src/Diten.Platform.Application/Features/ModulePages/Queries/GetModulePageDescriptorByIdQuery.cs	L2-AUTH22-archive
services/Diten.Platform/src/Diten.Platform.Application/Features/ModulePages/Queries/GetModulePageDescriptorsByModuleQuery.cs	L2-AUTH22-archive
services/Diten.Platform/src/Diten.Platform.Application/Features/ModulePages/Queries/SearchModulePageDescriptorsQuery.cs	L2-AUTH22-archive
services/Diten.Platform/src/Diten.Platform.Application/Features/ModulePages/SelfRegisteredModuleGuard.cs	L2-AUTH22-archive
services/Diten.Platform/src/Diten.Platform.Application/Features/ModulePages/Validators/CreateModulePageActionDescriptorCommandValidator.cs	L2-AUTH22-archive
services/Diten.Platform/src/Diten.Platform.Application/Features/ModulePages/Validators/CreateModulePageDescriptorCommandValidator.cs	L2-AUTH22-archive
services/Diten.Platform/src/Diten.Platform.Application/Features/ModulePages/Validators/ModulePageActionDescriptorRequestValidator.cs	L2-AUTH22-archive
services/Diten.Platform/src/Diten.Platform.Application/Features/ModulePages/Validators/ModulePageDescriptorRequestValidator.cs	L2-AUTH22-archive
services/Diten.Platform/src/Diten.Platform.Application/Features/ModulePages/Validators/SearchModulePageDescriptorsQueryValidator.cs	L2-AUTH22-archive
services/Diten.Platform/src/Diten.Platform.Application/Features/ModulePages/Validators/UpdateModulePageActionDescriptorCommandValidator.cs	L2-AUTH22-archive
services/Diten.Platform/src/Diten.Platform.Application/Features/ModulePages/Validators/UpdateModulePageDescriptorCommandValidator.cs	L2-AUTH22-archive
services/Diten.Platform/src/Diten.Platform.Application/Features/ModuleRegistration/RegisterModuleManifestCommand.cs	L2-AUTH22-archive
services/Diten.Platform/src/Diten.Platform.Application/Features/ModuleRegistration/RegisterModuleManifestCommandHandler.cs	L2-AUTH22-archive
services/Diten.Platform/src/Diten.Platform.Application/Features/ModuleServices/Commands/ModuleServiceCommands.cs	L2-AUTH22-archive
services/Diten.Platform/src/Diten.Platform.Application/Features/ModuleServices/Handlers/CommandHandlers/CreateModuleServiceCommandHandler.cs	L2-AUTH22-archive
services/Diten.Platform/src/Diten.Platform.Application/Features/ModuleServices/Handlers/CommandHandlers/DeleteModuleServiceCommandHandler.cs	L2-AUTH22-archive
services/Diten.Platform/src/Diten.Platform.Application/Features/ModuleServices/Handlers/CommandHandlers/UpdateModuleServiceCommandHandler.cs	L2-AUTH22-archive
services/Diten.Platform/src/Diten.Platform.Application/Features/ModuleServices/Handlers/QueryHandlers/GetModuleServiceByIdQueryHandler.cs	L2-AUTH22-archive
services/Diten.Platform/src/Diten.Platform.Application/Features/ModuleServices/Handlers/QueryHandlers/GetModuleServicesQueryHandler.cs	L2-AUTH22-archive
services/Diten.Platform/src/Diten.Platform.Application/Features/ModuleServices/ModuleServiceContracts.cs	L2-AUTH22-archive
services/Diten.Platform/src/Diten.Platform.Application/Features/ModuleServices/Queries/ModuleServiceQueries.cs	L2-AUTH22-archive
services/Diten.Platform/src/Diten.Platform.Application/Features/Navigation/Commands/ReplaceTenantNavPreferencesCommand.cs	L2-AUTH22-archive
services/Diten.Platform/src/Diten.Platform.Application/Features/Navigation/Handlers/GetTenantNavPreferencesQueryHandler.cs	L2-AUTH22-archive
services/Diten.Platform/src/Diten.Platform.Application/Features/Navigation/Handlers/GetTenantNavigationMenuQueryHandler.cs	L2-AUTH22-archive
services/Diten.Platform/src/Diten.Platform.Application/Features/Navigation/Handlers/ReplaceTenantNavPreferencesCommandHandler.cs	L2-AUTH22-archive
services/Diten.Platform/src/Diten.Platform.Application/Features/Navigation/NavigationDtos.cs	L2-AUTH22-archive
services/Diten.Platform/src/Diten.Platform.Application/Features/Navigation/Queries/GetTenantNavPreferencesQuery.cs	L2-AUTH22-archive
services/Diten.Platform/src/Diten.Platform.Application/Features/Navigation/Queries/GetTenantNavigationMenuQuery.cs	L2-AUTH22-archive
services/Diten.Platform/src/Diten.Platform.Application/Features/Navigation/TenantNavDomainPreferenceDto.cs	L2-AUTH22-archive
services/Diten.Platform/src/Diten.Platform.Application/Features/Navigation/TenantNavPreferenceDto.cs	L2-AUTH22-archive
services/Diten.Platform/src/Diten.Platform.Application/Features/Notifications/BackgroundJobs/EmailDispatchJob.cs	L2-AUTH22-archive
services/Diten.Platform/src/Diten.Platform.Application/Features/Notifications/BackgroundJobs/EmailDispatchJobArgs.cs	L2-AUTH22-archive
services/Diten.Platform/src/Diten.Platform.Application/Features/Notifications/BackgroundJobs/EmailDispatchSweepJob.cs	L2-AUTH22-archive
services/Diten.Platform/src/Diten.Platform.Application/Features/Notifications/BackgroundJobs/EmailDispatchSweepJobArgs.cs	L2-AUTH22-archive
services/Diten.Platform/src/Diten.Platform.Application/Features/Notifications/Commands/ArchiveNotificationTemplateCommand.cs	L2-AUTH22-archive
services/Diten.Platform/src/Diten.Platform.Application/Features/Notifications/Commands/CancelNotificationDispatchCommand.cs	L2-AUTH22-archive
services/Diten.Platform/src/Diten.Platform.Application/Features/Notifications/Commands/CreateNotificationTemplateCommand.cs	L2-AUTH22-archive
services/Diten.Platform/src/Diten.Platform.Application/Features/Notifications/Commands/DeleteTenantMessagingSettingsCommand.cs	L2-AUTH22-archive
services/Diten.Platform/src/Diten.Platform.Application/Features/Notifications/Commands/DispatchNotificationByEventCodeCommand.cs	L2-AUTH22-archive
services/Diten.Platform/src/Diten.Platform.Application/Features/Notifications/Commands/MarkNotificationDispatchFailedCommand.cs	L2-AUTH22-archive
services/Diten.Platform/src/Diten.Platform.Application/Features/Notifications/Commands/MarkNotificationDispatchSentCommand.cs	L2-AUTH22-archive
services/Diten.Platform/src/Diten.Platform.Application/Features/Notifications/Commands/NotificationEventCommands.cs	L2-AUTH22-archive
services/Diten.Platform/src/Diten.Platform.Application/Features/Notifications/Commands/QueueEmailNotificationCommand.cs	L2-AUTH22-archive
services/Diten.Platform/src/Diten.Platform.Application/Features/Notifications/Commands/UpdateNotificationTemplateCommand.cs	L2-AUTH22-archive
services/Diten.Platform/src/Diten.Platform.Application/Features/Notifications/Commands/UpsertTenantMessagingSettingsCommand.cs	L2-AUTH22-archive
services/Diten.Platform/src/Diten.Platform.Application/Features/Notifications/Commands/UserNotificationReadCommands.cs	L2-AUTH22-archive
services/Diten.Platform/src/Diten.Platform.Application/Features/Notifications/Eventing/INotificationEventMapper.cs	L2-AUTH22-archive
services/Diten.Platform/src/Diten.Platform.Application/Features/Notifications/Handlers/CommandHandlers/ArchiveNotificationTemplateHandler.cs	L2-AUTH22-archive
services/Diten.Platform/src/Diten.Platform.Application/Features/Notifications/Handlers/CommandHandlers/CreateNotificationTemplateHandler.cs	L2-AUTH22-archive
services/Diten.Platform/src/Diten.Platform.Application/Features/Notifications/Handlers/CommandHandlers/DeleteTenantMessagingSettingsHandler.cs	L2-AUTH22-archive
services/Diten.Platform/src/Diten.Platform.Application/Features/Notifications/Handlers/CommandHandlers/DispatchNotificationByEventCodeHandler.cs	L2-AUTH22-archive
services/Diten.Platform/src/Diten.Platform.Application/Features/Notifications/Handlers/CommandHandlers/NotificationDispatchTransitionHandlers.cs	L2-AUTH22-archive
services/Diten.Platform/src/Diten.Platform.Application/Features/Notifications/Handlers/CommandHandlers/NotificationEventCommandHandlers.cs	L2-AUTH22-archive
services/Diten.Platform/src/Diten.Platform.Application/Features/Notifications/Handlers/CommandHandlers/QueueEmailNotificationHandler.cs	L2-AUTH22-archive
services/Diten.Platform/src/Diten.Platform.Application/Features/Notifications/Handlers/CommandHandlers/UpdateNotificationTemplateHandler.cs	L2-AUTH22-archive
services/Diten.Platform/src/Diten.Platform.Application/Features/Notifications/Handlers/CommandHandlers/UpsertTenantMessagingSettingsHandler.cs	L2-AUTH22-archive
services/Diten.Platform/src/Diten.Platform.Application/Features/Notifications/Handlers/CommandHandlers/UserNotificationReadHandlers.cs	L2-AUTH22-archive
services/Diten.Platform/src/Diten.Platform.Application/Features/Notifications/Handlers/QueryHandlers/GetMyNotificationsHandler.cs	L2-AUTH22-archive
services/Diten.Platform/src/Diten.Platform.Application/Features/Notifications/Handlers/QueryHandlers/GetNotificationTemplateByIdHandler.cs	L2-AUTH22-archive
services/Diten.Platform/src/Diten.Platform.Application/Features/Notifications/Handlers/QueryHandlers/GetNotificationTemplateByKeyHandler.cs	L2-AUTH22-archive
services/Diten.Platform/src/Diten.Platform.Application/Features/Notifications/Handlers/QueryHandlers/GetNotificationTemplateListHandler.cs	L2-AUTH22-archive
services/Diten.Platform/src/Diten.Platform.Application/Features/Notifications/Handlers/QueryHandlers/GetResolvedTenantMessagingSettingsHandler.cs	L2-AUTH22-archive
services/Diten.Platform/src/Diten.Platform.Application/Features/Notifications/Handlers/QueryHandlers/GetTenantMessagingSettingsHandler.cs	L2-AUTH22-archive
services/Diten.Platform/src/Diten.Platform.Application/Features/Notifications/Handlers/QueryHandlers/GetTenantMessagingSettingsListHandler.cs	L2-AUTH22-archive
services/Diten.Platform/src/Diten.Platform.Application/Features/Notifications/Handlers/QueryHandlers/NotificationDispatchQueryHandlers.cs	L2-AUTH22-archive
services/Diten.Platform/src/Diten.Platform.Application/Features/Notifications/Handlers/QueryHandlers/NotificationEventQueryHandlers.cs	L2-AUTH22-archive
services/Diten.Platform/src/Diten.Platform.Application/Features/Notifications/Handlers/QueryHandlers/RenderNotificationTemplatePreviewHandler.cs	L2-AUTH22-archive
services/Diten.Platform/src/Diten.Platform.Application/Features/Notifications/NotificationContracts.cs	L2-AUTH22-archive
services/Diten.Platform/src/Diten.Platform.Application/Features/Notifications/NotificationEventContracts.cs	L2-AUTH22-archive
services/Diten.Platform/src/Diten.Platform.Application/Features/Notifications/NotificationEventMappings.cs	L2-AUTH22-archive
services/Diten.Platform/src/Diten.Platform.Application/Features/Notifications/NotificationMappings.cs	L2-AUTH22-archive
services/Diten.Platform/src/Diten.Platform.Application/Features/Notifications/NotificationParsing.cs	L2-AUTH22-archive
services/Diten.Platform/src/Diten.Platform.Application/Features/Notifications/Queries/GetMyNotificationsQuery.cs	L2-AUTH22-archive
services/Diten.Platform/src/Diten.Platform.Application/Features/Notifications/Queries/GetNotificationDispatchByIdQuery.cs	L2-AUTH22-archive
services/Diten.Platform/src/Diten.Platform.Application/Features/Notifications/Queries/GetNotificationDispatchListQuery.cs	L2-AUTH22-archive
services/Diten.Platform/src/Diten.Platform.Application/Features/Notifications/Queries/GetNotificationTemplateByIdQuery.cs	L2-AUTH22-archive
services/Diten.Platform/src/Diten.Platform.Application/Features/Notifications/Queries/GetNotificationTemplateByKeyQuery.cs	L2-AUTH22-archive
services/Diten.Platform/src/Diten.Platform.Application/Features/Notifications/Queries/GetNotificationTemplateListQuery.cs	L2-AUTH22-archive
services/Diten.Platform/src/Diten.Platform.Application/Features/Notifications/Queries/GetResolvedTenantMessagingSettingsQuery.cs	L2-AUTH22-archive
services/Diten.Platform/src/Diten.Platform.Application/Features/Notifications/Queries/GetTenantMessagingSettingsListQuery.cs	L2-AUTH22-archive
services/Diten.Platform/src/Diten.Platform.Application/Features/Notifications/Queries/GetTenantMessagingSettingsQuery.cs	L2-AUTH22-archive
services/Diten.Platform/src/Diten.Platform.Application/Features/Notifications/Queries/NotificationEventQueries.cs	L2-AUTH22-archive
services/Diten.Platform/src/Diten.Platform.Application/Features/Notifications/Queries/RenderNotificationTemplatePreviewQuery.cs	L2-AUTH22-archive
services/Diten.Platform/src/Diten.Platform.Application/Features/Notifications/Services/EmailTemplateRenderer.cs	L2-AUTH22-archive
services/Diten.Platform/src/Diten.Platform.Application/Features/Notifications/Services/IEmailTemplateRenderer.cs	L2-AUTH22-archive
services/Diten.Platform/src/Diten.Platform.Application/Features/Notifications/Services/IMessagingProvider.cs	L2-AUTH22-archive
services/Diten.Platform/src/Diten.Platform.Application/Features/Notifications/Services/INotificationEventManifestSyncService.cs	L2-AUTH22-archive
services/Diten.Platform/src/Diten.Platform.Application/Features/Notifications/Services/INotificationLocaleResolver.cs	L2-AUTH22-archive
services/Diten.Platform/src/Diten.Platform.Application/Features/Notifications/Services/ITenantMessagingSettingsResolver.cs	L2-AUTH22-archive
services/Diten.Platform/src/Diten.Platform.Application/Features/Notifications/Services/NotificationEventDispatchAdapter.cs	L2-AUTH22-archive
services/Diten.Platform/src/Diten.Platform.Application/Features/Notifications/Services/NotificationEventManifestSyncService.cs	L2-AUTH22-archive
services/Diten.Platform/src/Diten.Platform.Application/Features/Notifications/Services/NotificationEventSeeding.cs	L2-AUTH22-archive
services/Diten.Platform/src/Diten.Platform.Application/Features/Notifications/Services/TenantMessagingSettingsResolver.cs	L2-AUTH22-archive
services/Diten.Platform/src/Diten.Platform.Application/Features/Notifications/Services/TenantNotificationLocaleResolver.cs	L2-AUTH22-archive
services/Diten.Platform/src/Diten.Platform.Application/Features/Notifications/UserNotificationContracts.cs	L2-AUTH22-archive
services/Diten.Platform/src/Diten.Platform.Application/Features/Notifications/Validators/NotificationEventValidators.cs	L2-AUTH22-archive
services/Diten.Platform/src/Diten.Platform.Application/Features/Notifications/Validators/NotificationTemplateUpsertValidator.cs	L2-AUTH22-archive
services/Diten.Platform/src/Diten.Platform.Application/Features/Notifications/Validators/QueueEmailNotificationValidator.cs	L2-AUTH22-archive
services/Diten.Platform/src/Diten.Platform.Application/Features/Notifications/Validators/RenderNotificationTemplatePreviewValidator.cs	L2-AUTH22-archive
services/Diten.Platform/src/Diten.Platform.Application/Features/Notifications/Validators/TenantMessagingSettingsUpsertValidator.cs	L2-AUTH22-archive
services/Diten.Platform/src/Diten.Platform.Application/Features/Organization/SelfRegistration/OrganizationManifestProvider.cs	L2-AUTH22-archive
services/Diten.Platform/src/Diten.Platform.Application/Features/PlatformAccount/Commands/UpdatePlatformAccountSettingsCommand.cs	L2-AUTH22-archive
services/Diten.Platform/src/Diten.Platform.Application/Features/PlatformAccount/Handlers/CommandHandlers/UpdatePlatformAccountSettingsHandler.cs	L2-AUTH22-archive
services/Diten.Platform/src/Diten.Platform.Application/Features/PlatformAccount/Handlers/QueryHandlers/GetPlatformAccountProfileHandler.cs	L2-AUTH22-archive
services/Diten.Platform/src/Diten.Platform.Application/Features/PlatformAccount/PlatformAccountModels.cs	L2-AUTH22-archive
services/Diten.Platform/src/Diten.Platform.Application/Features/PlatformAccount/Queries/GetPlatformAccountProfileQuery.cs	L2-AUTH22-archive
services/Diten.Platform/src/Diten.Platform.Application/Features/PlatformAccount/Validators/UpdatePlatformAccountSettingsValidator.cs	L2-AUTH22-archive
services/Diten.Platform/src/Diten.Platform.Application/Features/PlatformAdministrators/Commands/AssignPlatformAdministratorRolesCommand.cs	L2-AUTH22-archive
services/Diten.Platform/src/Diten.Platform.Application/Features/PlatformAdministrators/Commands/BulkDeletePlatformAdministratorsCommand.cs	L2-AUTH22-archive
services/Diten.Platform/src/Diten.Platform.Application/Features/PlatformAdministrators/Commands/DeletePlatformAdministratorCommand.cs	L2-AUTH22-archive
services/Diten.Platform/src/Diten.Platform.Application/Features/PlatformAdministrators/Commands/InvitePlatformAdministratorCommand.cs	L2-AUTH22-archive
services/Diten.Platform/src/Diten.Platform.Application/Features/PlatformAdministrators/Commands/ReactivatePlatformAdministratorCommand.cs	L2-AUTH22-archive
services/Diten.Platform/src/Diten.Platform.Application/Features/PlatformAdministrators/Commands/ResendPlatformAdministratorInviteCommand.cs	L2-AUTH22-archive
services/Diten.Platform/src/Diten.Platform.Application/Features/PlatformAdministrators/Commands/SuspendPlatformAdministratorCommand.cs	L2-AUTH22-archive
services/Diten.Platform/src/Diten.Platform.Application/Features/PlatformAdministrators/Commands/UpdatePlatformAdministratorCommand.cs	L2-AUTH22-archive
services/Diten.Platform/src/Diten.Platform.Application/Features/PlatformAdministrators/Handlers/CommandHandlers/AssignPlatformAdministratorRolesHandler.cs	L2-AUTH22-archive
services/Diten.Platform/src/Diten.Platform.Application/Features/PlatformAdministrators/Handlers/CommandHandlers/BulkDeletePlatformAdministratorsHandler.cs	L2-AUTH22-archive
services/Diten.Platform/src/Diten.Platform.Application/Features/PlatformAdministrators/Handlers/CommandHandlers/DeletePlatformAdministratorHandler.cs	L2-AUTH22-archive
services/Diten.Platform/src/Diten.Platform.Application/Features/PlatformAdministrators/Handlers/CommandHandlers/InvitePlatformAdministratorHandler.cs	L2-AUTH22-archive
services/Diten.Platform/src/Diten.Platform.Application/Features/PlatformAdministrators/Handlers/CommandHandlers/PlatformAdministratorMutationSupport.cs	L2-AUTH22-archive
services/Diten.Platform/src/Diten.Platform.Application/Features/PlatformAdministrators/Handlers/CommandHandlers/ReactivatePlatformAdministratorHandler.cs	L2-AUTH22-archive
services/Diten.Platform/src/Diten.Platform.Application/Features/PlatformAdministrators/Handlers/CommandHandlers/ResendPlatformAdministratorInviteHandler.cs	L2-AUTH22-archive
services/Diten.Platform/src/Diten.Platform.Application/Features/PlatformAdministrators/Handlers/CommandHandlers/SuspendPlatformAdministratorHandler.cs	L2-AUTH22-archive
services/Diten.Platform/src/Diten.Platform.Application/Features/PlatformAdministrators/Handlers/CommandHandlers/UpdatePlatformAdministratorHandler.cs	L2-AUTH22-archive
services/Diten.Platform/src/Diten.Platform.Application/Features/PlatformAdministrators/Handlers/QueryHandlers/GetPlatformAdministratorByIdHandler.cs	L2-AUTH22-archive
services/Diten.Platform/src/Diten.Platform.Application/Features/PlatformAdministrators/Handlers/QueryHandlers/GetPlatformAdministratorStatsHandler.cs	L2-AUTH22-archive
services/Diten.Platform/src/Diten.Platform.Application/Features/PlatformAdministrators/Handlers/QueryHandlers/GetPlatformAdministratorsHandler.cs	L2-AUTH22-archive
services/Diten.Platform/src/Diten.Platform.Application/Features/PlatformAdministrators/PlatformAdministratorParsing.cs	L2-AUTH22-archive
services/Diten.Platform/src/Diten.Platform.Application/Features/PlatformAdministrators/PlatformAdministratorPasswordGenerator.cs	L2-AUTH22-archive
services/Diten.Platform/src/Diten.Platform.Application/Features/PlatformAdministrators/PlatformAdministratorsModels.cs	L2-AUTH22-archive
services/Diten.Platform/src/Diten.Platform.Application/Features/PlatformAdministrators/Queries/GetPlatformAdministratorByIdQuery.cs	L2-AUTH22-archive
services/Diten.Platform/src/Diten.Platform.Application/Features/PlatformAdministrators/Queries/GetPlatformAdministratorStatsQuery.cs	L2-AUTH22-archive
services/Diten.Platform/src/Diten.Platform.Application/Features/PlatformAdministrators/Queries/GetPlatformAdministratorsQuery.cs	L2-AUTH22-archive
services/Diten.Platform/src/Diten.Platform.Application/Features/PlatformAdministrators/Validators/AssignPlatformAdministratorRolesValidator.cs	L2-AUTH22-archive
services/Diten.Platform/src/Diten.Platform.Application/Features/PlatformAdministrators/Validators/BulkDeletePlatformAdministratorsValidator.cs	L2-AUTH22-archive
services/Diten.Platform/src/Diten.Platform.Application/Features/PlatformAdministrators/Validators/DeletePlatformAdministratorValidator.cs	L2-AUTH22-archive
services/Diten.Platform/src/Diten.Platform.Application/Features/PlatformAdministrators/Validators/InvitePlatformAdministratorValidator.cs	L2-AUTH22-archive
services/Diten.Platform/src/Diten.Platform.Application/Features/PlatformAdministrators/Validators/ReactivatePlatformAdministratorValidator.cs	L2-AUTH22-archive
services/Diten.Platform/src/Diten.Platform.Application/Features/PlatformAdministrators/Validators/ResendPlatformAdministratorInviteValidator.cs	L2-AUTH22-archive
services/Diten.Platform/src/Diten.Platform.Application/Features/PlatformAdministrators/Validators/SuspendPlatformAdministratorValidator.cs	L2-AUTH22-archive
services/Diten.Platform/src/Diten.Platform.Application/Features/PlatformAdministrators/Validators/UpdatePlatformAdministratorValidator.cs	L2-AUTH22-archive
services/Diten.Platform/src/Diten.Platform.Application/Features/Ppm/SelfRegistration/PpmManifestProvider.cs	L2-AUTH22-archive
services/Diten.Platform/src/Diten.Platform.Application/Features/Quotas/Commands/InitializeTenantQuotasCommand.cs	L2-AUTH22-archive
services/Diten.Platform/src/Diten.Platform.Application/Features/Quotas/Commands/RecalculateQuotaUsageCommand.cs	L2-AUTH22-archive
services/Diten.Platform/src/Diten.Platform.Application/Features/Quotas/Commands/ReleaseQuotaCommand.cs	L2-AUTH22-archive
services/Diten.Platform/src/Diten.Platform.Application/Features/Quotas/Commands/ResetQuotaPeriodCommand.cs	L2-AUTH22-archive
services/Diten.Platform/src/Diten.Platform.Application/Features/Quotas/Commands/SyncTenantQuotaLimitsFromSubscriptionCommand.cs	L2-AUTH22-archive
services/Diten.Platform/src/Diten.Platform.Application/Features/Quotas/Commands/TryConsumeQuotaCommand.cs	L2-AUTH22-archive
services/Diten.Platform/src/Diten.Platform.Application/Features/Quotas/Handlers/CommandHandlers/InitializeTenantQuotasCommandHandler.cs	L2-AUTH22-archive
services/Diten.Platform/src/Diten.Platform.Application/Features/Quotas/Handlers/CommandHandlers/RecalculateQuotaUsageCommandHandler.cs	L2-AUTH22-archive
services/Diten.Platform/src/Diten.Platform.Application/Features/Quotas/Handlers/CommandHandlers/ReleaseQuotaCommandHandler.cs	L2-AUTH22-archive
services/Diten.Platform/src/Diten.Platform.Application/Features/Quotas/Handlers/CommandHandlers/ResetQuotaPeriodCommandHandler.cs	L2-AUTH22-archive
services/Diten.Platform/src/Diten.Platform.Application/Features/Quotas/Handlers/CommandHandlers/SyncTenantQuotaLimitsFromSubscriptionCommandHandler.cs	L2-AUTH22-archive
services/Diten.Platform/src/Diten.Platform.Application/Features/Quotas/Handlers/CommandHandlers/TryConsumeQuotaCommandHandler.cs	L2-AUTH22-archive
services/Diten.Platform/src/Diten.Platform.Application/Features/Quotas/Handlers/QueryHandlers/GetTenantQuotaStatusByKeyQueryHandler.cs	L2-AUTH22-archive
services/Diten.Platform/src/Diten.Platform.Application/Features/Quotas/Handlers/QueryHandlers/GetTenantQuotaStatusQueryHandler.cs	L2-AUTH22-archive
services/Diten.Platform/src/Diten.Platform.Application/Features/Quotas/Queries/GetTenantQuotaStatusByKeyQuery.cs	L2-AUTH22-archive
services/Diten.Platform/src/Diten.Platform.Application/Features/Quotas/Queries/GetTenantQuotaStatusQuery.cs	L2-AUTH22-archive
services/Diten.Platform/src/Diten.Platform.Application/Features/Quotas/QuotaContracts.cs	L2-AUTH22-archive
services/Diten.Platform/src/Diten.Platform.Application/Features/Quotas/Services/IQuotaService.cs	L2-AUTH22-archive
services/Diten.Platform/src/Diten.Platform.Application/Features/Quotas/Services/QuotaService.cs	L2-AUTH22-archive
services/Diten.Platform/src/Diten.Platform.Application/Features/Quotas/Validators/GetTenantQuotaStatusByKeyQueryValidator.cs	L2-AUTH22-archive
services/Diten.Platform/src/Diten.Platform.Application/Features/Quotas/Validators/GetTenantQuotaStatusQueryValidator.cs	L2-AUTH22-archive
services/Diten.Platform/src/Diten.Platform.Application/Features/Quotas/Validators/InitializeTenantQuotasCommandValidator.cs	L2-AUTH22-archive
services/Diten.Platform/src/Diten.Platform.Application/Features/Quotas/Validators/RecalculateQuotaUsageCommandValidator.cs	L2-AUTH22-archive
services/Diten.Platform/src/Diten.Platform.Application/Features/Quotas/Validators/ReleaseQuotaCommandValidator.cs	L2-AUTH22-archive
services/Diten.Platform/src/Diten.Platform.Application/Features/Quotas/Validators/ResetQuotaPeriodCommandValidator.cs	L2-AUTH22-archive
services/Diten.Platform/src/Diten.Platform.Application/Features/Quotas/Validators/SyncTenantQuotaLimitsFromSubscriptionCommandValidator.cs	L2-AUTH22-archive
services/Diten.Platform/src/Diten.Platform.Application/Features/Quotas/Validators/TryConsumeQuotaCommandValidator.cs	L2-AUTH22-archive
services/Diten.Platform/src/Diten.Platform.Application/Features/ReferenceData/SelfRegistration/ReferenceDataManifestProvider.cs	L2-AUTH22-archive
services/Diten.Platform/src/Diten.Platform.Application/Features/SavedViews/Commands/CreateSavedViewCommand.cs	L2-AUTH22-archive
services/Diten.Platform/src/Diten.Platform.Application/Features/SavedViews/Commands/DeleteSavedViewCommand.cs	L2-AUTH22-archive
services/Diten.Platform/src/Diten.Platform.Application/Features/SavedViews/Commands/UpdateSavedViewCommand.cs	L2-AUTH22-archive
services/Diten.Platform/src/Diten.Platform.Application/Features/SavedViews/Handlers/CommandHandlers/CreateSavedViewCommandHandler.cs	L2-AUTH22-archive
services/Diten.Platform/src/Diten.Platform.Application/Features/SavedViews/Handlers/CommandHandlers/DeleteSavedViewCommandHandler.cs	L2-AUTH22-archive
services/Diten.Platform/src/Diten.Platform.Application/Features/SavedViews/Handlers/CommandHandlers/UpdateSavedViewCommandHandler.cs	L2-AUTH22-archive
services/Diten.Platform/src/Diten.Platform.Application/Features/SavedViews/Handlers/QueryHandlers/GetSavedViewsQueryHandler.cs	L2-AUTH22-archive
services/Diten.Platform/src/Diten.Platform.Application/Features/SavedViews/Queries/GetSavedViewsQuery.cs	L2-AUTH22-archive
services/Diten.Platform/src/Diten.Platform.Application/Features/SavedViews/Requests/CreateSavedViewRequest.cs	L2-AUTH22-archive
services/Diten.Platform/src/Diten.Platform.Application/Features/SavedViews/Requests/UpdateSavedViewRequest.cs	L2-AUTH22-archive
services/Diten.Platform/src/Diten.Platform.Application/Features/SavedViews/Validators/CreateSavedViewCommandValidator.cs	L2-AUTH22-archive
services/Diten.Platform/src/Diten.Platform.Application/Features/SavedViews/Validators/GetSavedViewsQueryValidator.cs	L2-AUTH22-archive
services/Diten.Platform/src/Diten.Platform.Application/Features/SavedViews/Validators/UpdateSavedViewCommandValidator.cs	L2-AUTH22-archive
services/Diten.Platform/src/Diten.Platform.Application/Features/SubscriptionFeatures/Commands/ArchiveFeatureCategoryCommand.cs	L2-AUTH22-archive
services/Diten.Platform/src/Diten.Platform.Application/Features/SubscriptionFeatures/Commands/ArchiveFeatureDefinitionCommand.cs	L2-AUTH22-archive
services/Diten.Platform/src/Diten.Platform.Application/Features/SubscriptionFeatures/Commands/CreateFeatureCategoryCommand.cs	L2-AUTH22-archive
services/Diten.Platform/src/Diten.Platform.Application/Features/SubscriptionFeatures/Commands/CreateFeatureDefinitionCommand.cs	L2-AUTH22-archive
services/Diten.Platform/src/Diten.Platform.Application/Features/SubscriptionFeatures/Commands/DeactivateFeatureDefinitionCommand.cs	L2-AUTH22-archive
services/Diten.Platform/src/Diten.Platform.Application/Features/SubscriptionFeatures/Commands/UpdateFeatureCategoryCommand.cs	L2-AUTH22-archive
services/Diten.Platform/src/Diten.Platform.Application/Features/SubscriptionFeatures/Commands/UpdateFeatureDefinitionCommand.cs	L2-AUTH22-archive
services/Diten.Platform/src/Diten.Platform.Application/Features/SubscriptionFeatures/Commands/UpdatePlanFeatureMappingsCommand.cs	L2-AUTH22-archive
services/Diten.Platform/src/Diten.Platform.Application/Features/SubscriptionFeatures/Handlers/CommandHandlers/ArchiveFeatureCategoryCommandHandler.cs	L2-AUTH22-archive
services/Diten.Platform/src/Diten.Platform.Application/Features/SubscriptionFeatures/Handlers/CommandHandlers/ArchiveFeatureDefinitionCommandHandler.cs	L2-AUTH22-archive
services/Diten.Platform/src/Diten.Platform.Application/Features/SubscriptionFeatures/Handlers/CommandHandlers/CreateFeatureCategoryCommandHandler.cs	L2-AUTH22-archive
services/Diten.Platform/src/Diten.Platform.Application/Features/SubscriptionFeatures/Handlers/CommandHandlers/CreateFeatureDefinitionCommandHandler.cs	L2-AUTH22-archive
services/Diten.Platform/src/Diten.Platform.Application/Features/SubscriptionFeatures/Handlers/CommandHandlers/DeactivateFeatureDefinitionCommandHandler.cs	L2-AUTH22-archive
services/Diten.Platform/src/Diten.Platform.Application/Features/SubscriptionFeatures/Handlers/CommandHandlers/UpdateFeatureCategoryCommandHandler.cs	L2-AUTH22-archive
services/Diten.Platform/src/Diten.Platform.Application/Features/SubscriptionFeatures/Handlers/CommandHandlers/UpdateFeatureDefinitionCommandHandler.cs	L2-AUTH22-archive
services/Diten.Platform/src/Diten.Platform.Application/Features/SubscriptionFeatures/Handlers/CommandHandlers/UpdatePlanFeatureMappingsCommandHandler.cs	L2-AUTH22-archive
services/Diten.Platform/src/Diten.Platform.Application/Features/SubscriptionFeatures/Handlers/QueryHandlers/GetFeatureCatalogQueryHandler.cs	L2-AUTH22-archive
services/Diten.Platform/src/Diten.Platform.Application/Features/SubscriptionFeatures/Handlers/QueryHandlers/GetFeatureCategoriesQueryHandler.cs	L2-AUTH22-archive
services/Diten.Platform/src/Diten.Platform.Application/Features/SubscriptionFeatures/Handlers/QueryHandlers/GetFeatureDefinitionByIdQueryHandler.cs	L2-AUTH22-archive
services/Diten.Platform/src/Diten.Platform.Application/Features/SubscriptionFeatures/Handlers/QueryHandlers/GetFeaturePlanMappingsQueryHandler.cs	L2-AUTH22-archive
services/Diten.Platform/src/Diten.Platform.Application/Features/SubscriptionFeatures/Handlers/QueryHandlers/GetPlanFeatureMappingsQueryHandler.cs	L2-AUTH22-archive
services/Diten.Platform/src/Diten.Platform.Application/Features/SubscriptionFeatures/Mappings/SubscriptionFeatureMappingProfile.cs	L2-AUTH22-archive
services/Diten.Platform/src/Diten.Platform.Application/Features/SubscriptionFeatures/Queries/GetFeatureCatalogQuery.cs	L2-AUTH22-archive
services/Diten.Platform/src/Diten.Platform.Application/Features/SubscriptionFeatures/Queries/GetFeatureCategoriesQuery.cs	L2-AUTH22-archive
services/Diten.Platform/src/Diten.Platform.Application/Features/SubscriptionFeatures/Queries/GetFeatureDefinitionByIdQuery.cs	L2-AUTH22-archive
services/Diten.Platform/src/Diten.Platform.Application/Features/SubscriptionFeatures/Queries/GetFeaturePlanMappingsQuery.cs	L2-AUTH22-archive
services/Diten.Platform/src/Diten.Platform.Application/Features/SubscriptionFeatures/Queries/GetPlanFeatureMappingsQuery.cs	L2-AUTH22-archive
services/Diten.Platform/src/Diten.Platform.Application/Features/SubscriptionFeatures/SubscriptionFeatureCodeNormalizer.cs	L2-AUTH22-archive
services/Diten.Platform/src/Diten.Platform.Application/Features/SubscriptionFeatures/SubscriptionFeatureContracts.cs	L2-AUTH22-archive
services/Diten.Platform/src/Diten.Platform.Application/Features/SubscriptionFeatures/SubscriptionFeatureSlugNormalizer.cs	L2-AUTH22-archive
services/Diten.Platform/src/Diten.Platform.Application/Features/SubscriptionFeatures/SubscriptionFeatureStatusParser.cs	L2-AUTH22-archive
services/Diten.Platform/src/Diten.Platform.Application/Features/SubscriptionFeatures/Validators/CreateFeatureCategoryCommandValidator.cs	L2-AUTH22-archive
services/Diten.Platform/src/Diten.Platform.Application/Features/SubscriptionFeatures/Validators/CreateFeatureDefinitionCommandValidator.cs	L2-AUTH22-archive
services/Diten.Platform/src/Diten.Platform.Application/Features/SubscriptionFeatures/Validators/FeatureDefinitionRequestValidator.cs	L2-AUTH22-archive
services/Diten.Platform/src/Diten.Platform.Application/Features/SubscriptionFeatures/Validators/UpdateFeatureCategoryCommandValidator.cs	L2-AUTH22-archive
services/Diten.Platform/src/Diten.Platform.Application/Features/SubscriptionFeatures/Validators/UpdateFeatureDefinitionCommandValidator.cs	L2-AUTH22-archive
services/Diten.Platform/src/Diten.Platform.Application/Features/SubscriptionPlans/Commands/ActivateSubscriptionPlanCommand.cs	L2-AUTH22-archive
services/Diten.Platform/src/Diten.Platform.Application/Features/SubscriptionPlans/Commands/CreateSubscriptionPlanCommand.cs	L2-AUTH22-archive
services/Diten.Platform/src/Diten.Platform.Application/Features/SubscriptionPlans/Commands/DeactivateSubscriptionPlanCommand.cs	L2-AUTH22-archive
services/Diten.Platform/src/Diten.Platform.Application/Features/SubscriptionPlans/Commands/SeedDefaultSubscriptionPlansCommand.cs	L2-AUTH22-archive
services/Diten.Platform/src/Diten.Platform.Application/Features/SubscriptionPlans/Commands/UpdateSubscriptionPlanCommand.cs	L2-AUTH22-archive
services/Diten.Platform/src/Diten.Platform.Application/Features/SubscriptionPlans/Handlers/CommandHandlers/ActivateSubscriptionPlanCommandHandler.cs	L2-AUTH22-archive
services/Diten.Platform/src/Diten.Platform.Application/Features/SubscriptionPlans/Handlers/CommandHandlers/CreateSubscriptionPlanCommandHandler.cs	L2-AUTH22-archive
services/Diten.Platform/src/Diten.Platform.Application/Features/SubscriptionPlans/Handlers/CommandHandlers/DeactivateSubscriptionPlanCommandHandler.cs	L2-AUTH22-archive
services/Diten.Platform/src/Diten.Platform.Application/Features/SubscriptionPlans/Handlers/CommandHandlers/SeedDefaultSubscriptionPlansCommandHandler.cs	L2-AUTH22-archive
services/Diten.Platform/src/Diten.Platform.Application/Features/SubscriptionPlans/Handlers/CommandHandlers/UpdateSubscriptionPlanCommandHandler.cs	L2-AUTH22-archive
services/Diten.Platform/src/Diten.Platform.Application/Features/SubscriptionPlans/Handlers/QueryHandlers/GetActiveSubscriptionPlansQueryHandler.cs	L2-AUTH22-archive
services/Diten.Platform/src/Diten.Platform.Application/Features/SubscriptionPlans/Handlers/QueryHandlers/GetSubscriptionPlanByIdQueryHandler.cs	L2-AUTH22-archive
services/Diten.Platform/src/Diten.Platform.Application/Features/SubscriptionPlans/Handlers/QueryHandlers/GetSubscriptionPlanSummaryQueryHandler.cs	L2-AUTH22-archive
services/Diten.Platform/src/Diten.Platform.Application/Features/SubscriptionPlans/Handlers/QueryHandlers/GetSubscriptionPlansByModuleKeyQueryHandler.cs	L2-AUTH22-archive
services/Diten.Platform/src/Diten.Platform.Application/Features/SubscriptionPlans/Handlers/QueryHandlers/GetSubscriptionPlansQueryHandler.cs	L2-AUTH22-archive
services/Diten.Platform/src/Diten.Platform.Application/Features/SubscriptionPlans/Mappings/SubscriptionPlanMappingProfile.cs	L2-AUTH22-archive
services/Diten.Platform/src/Diten.Platform.Application/Features/SubscriptionPlans/Queries/GetActiveSubscriptionPlansQuery.cs	L2-AUTH22-archive
services/Diten.Platform/src/Diten.Platform.Application/Features/SubscriptionPlans/Queries/GetSubscriptionPlanByIdQuery.cs	L2-AUTH22-archive
services/Diten.Platform/src/Diten.Platform.Application/Features/SubscriptionPlans/Queries/GetSubscriptionPlanSummaryQuery.cs	L2-AUTH22-archive
services/Diten.Platform/src/Diten.Platform.Application/Features/SubscriptionPlans/Queries/GetSubscriptionPlansByModuleKeyQuery.cs	L2-AUTH22-archive
services/Diten.Platform/src/Diten.Platform.Application/Features/SubscriptionPlans/Queries/GetSubscriptionPlansQuery.cs	L2-AUTH22-archive
services/Diten.Platform/src/Diten.Platform.Application/Features/SubscriptionPlans/SubscriptionPlanCodeNormalizer.cs	L2-AUTH22-archive
services/Diten.Platform/src/Diten.Platform.Application/Features/SubscriptionPlans/SubscriptionPlanContracts.cs	L2-AUTH22-archive
services/Diten.Platform/src/Diten.Platform.Application/Features/SubscriptionPlans/Validators/CreateSubscriptionPlanCommandValidator.cs	L2-AUTH22-archive
services/Diten.Platform/src/Diten.Platform.Application/Features/SubscriptionPlans/Validators/SubscriptionPlanRequestValidator.cs	L2-AUTH22-archive
services/Diten.Platform/src/Diten.Platform.Application/Features/SubscriptionPlans/Validators/UpdateSubscriptionPlanCommandValidator.cs	L2-AUTH22-archive
services/Diten.Platform/src/Diten.Platform.Application/Features/Tasks/Attachments/TaskAttachmentCommands.cs	L2-AUTH22-archive
services/Diten.Platform/src/Diten.Platform.Application/Features/Tasks/Attachments/TaskAttachmentHandlers.cs	L2-AUTH22-archive
services/Diten.Platform/src/Diten.Platform.Application/Features/Tasks/Attachments/TaskAttachmentModels.cs	L2-AUTH22-archive
services/Diten.Platform/src/Diten.Platform.Application/Features/Tasks/BackgroundJobs/TaskDueSoonSweepJob.cs	L2-AUTH22-archive
services/Diten.Platform/src/Diten.Platform.Application/Features/Tasks/BackgroundJobs/TaskDueSoonSweepJobArgs.cs	L2-AUTH22-archive
services/Diten.Platform/src/Diten.Platform.Application/Features/Tasks/BackgroundJobs/TaskRecurrenceSweepJob.cs	L2-AUTH22-archive
services/Diten.Platform/src/Diten.Platform.Application/Features/Tasks/BackgroundJobs/TaskRecurrenceSweepJobArgs.cs	L2-AUTH22-archive
services/Diten.Platform/src/Diten.Platform.Application/Features/Tasks/Commands/TaskItemCommands.cs	L2-AUTH22-archive
services/Diten.Platform/src/Diten.Platform.Application/Features/Tasks/Commands/TaskRecurrenceCommands.cs	L2-AUTH22-archive
services/Diten.Platform/src/Diten.Platform.Application/Features/Tasks/Commands/TaskTemplateCommands.cs	L2-AUTH22-archive
services/Diten.Platform/src/Diten.Platform.Application/Features/Tasks/Handlers/CommandHandlers/ChecklistHandlers.cs	L2-AUTH22-archive
services/Diten.Platform/src/Diten.Platform.Application/Features/Tasks/Handlers/CommandHandlers/ChecklistTemplateHandlers.cs	L2-AUTH22-archive
services/Diten.Platform/src/Diten.Platform.Application/Features/Tasks/Handlers/CommandHandlers/ClaimTaskItemHandler.cs	L2-AUTH22-archive
services/Diten.Platform/src/Diten.Platform.Application/Features/Tasks/Handlers/CommandHandlers/CreateTaskItemFromTemplateHandler.cs	L2-AUTH22-archive
services/Diten.Platform/src/Diten.Platform.Application/Features/Tasks/Handlers/CommandHandlers/CreateTaskItemHandler.cs	L2-AUTH22-archive
services/Diten.Platform/src/Diten.Platform.Application/Features/Tasks/Handlers/CommandHandlers/DocumentReferenceListHandlers.cs	L2-AUTH22-archive
services/Diten.Platform/src/Diten.Platform.Application/Features/Tasks/Handlers/CommandHandlers/GenerateDueRecurringTasksHandler.cs	L2-AUTH22-archive
services/Diten.Platform/src/Diten.Platform.Application/Features/Tasks/Handlers/CommandHandlers/SendDueSoonRemindersHandler.cs	L2-AUTH22-archive
services/Diten.Platform/src/Diten.Platform.Application/Features/Tasks/Handlers/CommandHandlers/TaskCommentHandlers.cs	L2-AUTH22-archive
services/Diten.Platform/src/Diten.Platform.Application/Features/Tasks/Handlers/CommandHandlers/TaskDependencyHandlers.cs	L2-AUTH22-archive
services/Diten.Platform/src/Diten.Platform.Application/Features/Tasks/Handlers/CommandHandlers/TaskFieldDefinitionHandlers.cs	L2-AUTH22-archive
services/Diten.Platform/src/Diten.Platform.Application/Features/Tasks/Handlers/CommandHandlers/TaskItemTransitionHandlers.cs	L2-AUTH22-archive
services/Diten.Platform/src/Diten.Platform.Application/Features/Tasks/Handlers/CommandHandlers/TaskItemWriteHandlers.cs	L2-AUTH22-archive
services/Diten.Platform/src/Diten.Platform.Application/Features/Tasks/Handlers/CommandHandlers/TaskPersonalOverlayHandlers.cs	L2-AUTH22-archive
services/Diten.Platform/src/Diten.Platform.Application/Features/Tasks/Handlers/CommandHandlers/TaskRecurrenceRuleHandlers.cs	L2-AUTH22-archive
services/Diten.Platform/src/Diten.Platform.Application/Features/Tasks/Handlers/CommandHandlers/TaskTemplateHandlers.cs	L2-AUTH22-archive
services/Diten.Platform/src/Diten.Platform.Application/Features/Tasks/Handlers/CommandHandlers/TaskTypeHandlers.cs	L2-AUTH22-archive
services/Diten.Platform/src/Diten.Platform.Application/Features/Tasks/Handlers/QueryHandlers/DocumentReferenceListQueryHandlers.cs	L2-AUTH22-archive
services/Diten.Platform/src/Diten.Platform.Application/Features/Tasks/Handlers/QueryHandlers/GetTaskAssignmentDirectionHandler.cs	L2-AUTH22-archive
services/Diten.Platform/src/Diten.Platform.Application/Features/Tasks/Handlers/QueryHandlers/GetTaskAssignmentPersonLookupHandler.cs	L2-AUTH22-archive
services/Diten.Platform/src/Diten.Platform.Application/Features/Tasks/Handlers/QueryHandlers/GetTaskAssignmentPositionLookupHandler.cs	L2-AUTH22-archive
services/Diten.Platform/src/Diten.Platform.Application/Features/Tasks/Handlers/QueryHandlers/GetTaskItemByIdHandler.cs	L2-AUTH22-archive
services/Diten.Platform/src/Diten.Platform.Application/Features/Tasks/Handlers/QueryHandlers/GetTaskItemListHandler.cs	L2-AUTH22-archive
services/Diten.Platform/src/Diten.Platform.Application/Features/Tasks/Handlers/QueryHandlers/GetTaskTemplateLookupHandler.cs	L2-AUTH22-archive
services/Diten.Platform/src/Diten.Platform.Application/Features/Tasks/Handlers/QueryHandlers/TaskFieldDefinitionQueryHandlers.cs	L2-AUTH22-archive
services/Diten.Platform/src/Diten.Platform.Application/Features/Tasks/Handlers/QueryHandlers/TaskRecurrenceRuleQueryHandlers.cs	L2-AUTH22-archive
services/Diten.Platform/src/Diten.Platform.Application/Features/Tasks/Handlers/QueryHandlers/TaskTypeQueryHandlers.cs	L2-AUTH22-archive
services/Diten.Platform/src/Diten.Platform.Application/Features/Tasks/Handlers/QueryHandlers/TemplateQueryHandlers.cs	L2-AUTH22-archive
services/Diten.Platform/src/Diten.Platform.Application/Features/Tasks/Handlers/QueryHandlers/WorkReportExportQueryHandler.cs	L2-AUTH22-archive
services/Diten.Platform/src/Diten.Platform.Application/Features/Tasks/Handlers/QueryHandlers/WorkReportItemsQueryHandler.cs	L2-AUTH22-archive
services/Diten.Platform/src/Diten.Platform.Application/Features/Tasks/Handlers/QueryHandlers/WorkReportQueryHandler.cs	L2-AUTH22-archive
services/Diten.Platform/src/Diten.Platform.Application/Features/Tasks/Providers/TaskWorkItemActionDispatcher.cs	L2-AUTH22-archive
services/Diten.Platform/src/Diten.Platform.Application/Features/Tasks/Providers/TaskWorkItemProvider.cs	L2-AUTH22-archive
services/Diten.Platform/src/Diten.Platform.Application/Features/Tasks/Queries/TaskItemQueries.cs	L2-AUTH22-archive
services/Diten.Platform/src/Diten.Platform.Application/Features/Tasks/SelfRegistration/TaskManifestProvider.cs	L2-AUTH22-archive
services/Diten.Platform/src/Diten.Platform.Application/Features/Tasks/SelfRegistration/WorkReportManifestProvider.cs	L2-AUTH22-archive
services/Diten.Platform/src/Diten.Platform.Application/Features/Tasks/Services/DocumentReferenceListParser.cs	L2-AUTH22-archive
services/Diten.Platform/src/Diten.Platform.Application/Features/Tasks/Services/ITaskAssignmentResolver.cs	L2-AUTH22-archive
services/Diten.Platform/src/Diten.Platform.Application/Features/Tasks/Services/ITaskLifecycleService.cs	L2-AUTH22-archive
services/Diten.Platform/src/Diten.Platform.Application/Features/Tasks/Services/RecordSources/OrganizationRecordSources.cs	L2-AUTH22-archive
services/Diten.Platform/src/Diten.Platform.Application/Features/Tasks/Services/TaskApprovalService.cs	L2-AUTH22-archive
services/Diten.Platform/src/Diten.Platform.Application/Features/Tasks/Services/TaskAssigneeEligibility.cs	L2-AUTH22-archive
services/Diten.Platform/src/Diten.Platform.Application/Features/Tasks/Services/TaskAssignmentDirection.cs	L2-AUTH22-archive
services/Diten.Platform/src/Diten.Platform.Application/Features/Tasks/Services/TaskAssignmentGuard.cs	L2-AUTH22-archive
services/Diten.Platform/src/Diten.Platform.Application/Features/Tasks/Services/TaskAssignmentIntentRules.cs	L2-AUTH22-archive
services/Diten.Platform/src/Diten.Platform.Application/Features/Tasks/Services/TaskAssignmentScopeResolver.cs	L2-AUTH22-archive
services/Diten.Platform/src/Diten.Platform.Application/Features/Tasks/Services/TaskBlockingRules.cs	L2-AUTH22-archive
services/Diten.Platform/src/Diten.Platform.Application/Features/Tasks/Services/TaskChecklistService.cs	L2-AUTH22-archive
services/Diten.Platform/src/Diten.Platform.Application/Features/Tasks/Services/TaskClosureOutcomeCatalog.cs	L2-AUTH22-archive
services/Diten.Platform/src/Diten.Platform.Application/Features/Tasks/Services/TaskDocumentReferenceFreezer.cs	L2-AUTH22-archive
services/Diten.Platform/src/Diten.Platform.Application/Features/Tasks/Services/TaskFieldAccessRules.cs	L2-AUTH22-archive
services/Diten.Platform/src/Diten.Platform.Application/Features/Tasks/Services/TaskFieldDefinitionRules.cs	L2-AUTH22-archive
services/Diten.Platform/src/Diten.Platform.Application/Features/Tasks/Services/TaskFieldDefinitionService.cs	L2-AUTH22-archive
services/Diten.Platform/src/Diten.Platform.Application/Features/Tasks/Services/TaskLifecycleService.cs	L2-AUTH22-archive
services/Diten.Platform/src/Diten.Platform.Application/Features/Tasks/Services/TaskNotificationService.cs	L2-AUTH22-archive
services/Diten.Platform/src/Diten.Platform.Application/Features/Tasks/Services/TaskRecordSources.cs	L2-AUTH22-archive
services/Diten.Platform/src/Diten.Platform.Application/Features/Tasks/Services/TaskRecurrenceSchedule.cs	L2-AUTH22-archive
services/Diten.Platform/src/Diten.Platform.Application/Features/Tasks/Services/TaskReviewRules.cs	L2-AUTH22-archive
services/Diten.Platform/src/Diten.Platform.Application/Features/Tasks/Services/TaskReviewService.cs	L2-AUTH22-archive
services/Diten.Platform/src/Diten.Platform.Application/Features/Tasks/Services/TaskSeatDirectory.cs	L2-AUTH22-archive
services/Diten.Platform/src/Diten.Platform.Application/Features/Tasks/Services/TaskTeamResolver.cs	L2-AUTH22-archive
services/Diten.Platform/src/Diten.Platform.Application/Features/Tasks/Services/TaskTransitionCodes.cs	L2-AUTH22-archive
services/Diten.Platform/src/Diten.Platform.Application/Features/Tasks/Services/TaskTypeRules.cs	L2-AUTH22-archive
services/Diten.Platform/src/Diten.Platform.Application/Features/Tasks/Services/TaskUpwardRequestService.cs	L2-AUTH22-archive
services/Diten.Platform/src/Diten.Platform.Application/Features/Tasks/Services/WorkReportExportSerializer.cs	L2-AUTH22-archive
services/Diten.Platform/src/Diten.Platform.Application/Features/Tasks/Services/WorkReportScope.cs	L2-AUTH22-archive
services/Diten.Platform/src/Diten.Platform.Application/Features/Tasks/Services/WorkReportScopeSource.cs	L2-AUTH22-archive
services/Diten.Platform/src/Diten.Platform.Application/Features/Tasks/Services/WorkReportTally.cs	L2-AUTH22-archive
services/Diten.Platform/src/Diten.Platform.Application/Features/Tasks/TaskItemMapper.cs	L2-AUTH22-archive
services/Diten.Platform/src/Diten.Platform.Application/Features/Tasks/TaskModels.cs	L2-AUTH22-archive
services/Diten.Platform/src/Diten.Platform.Application/Features/Tasks/Validators/CreateTaskItemValidator.cs	L2-AUTH22-archive
services/Diten.Platform/src/Diten.Platform.Application/Features/Tasks/WorkReportModels.cs	L2-AUTH22-archive
services/Diten.Platform/src/Diten.Platform.Application/Features/TenantOrganization/Commands/ArchiveOrganizationUnitCommand.cs	L2-AUTH22-archive
services/Diten.Platform/src/Diten.Platform.Application/Features/TenantOrganization/Commands/ArchivePositionCommand.cs	L2-AUTH22-archive
services/Diten.Platform/src/Diten.Platform.Application/Features/TenantOrganization/Commands/CreateOrganizationFieldDefinitionCommand.cs	L2-AUTH22-archive
services/Diten.Platform/src/Diten.Platform.Application/Features/TenantOrganization/Commands/CreateOrganizationUnitCommand.cs	L2-AUTH22-archive
services/Diten.Platform/src/Diten.Platform.Application/Features/TenantOrganization/Commands/CreatePositionAssignmentCommand.cs	L2-AUTH22-archive
services/Diten.Platform/src/Diten.Platform.Application/Features/TenantOrganization/Commands/CreatePositionCommand.cs	L2-AUTH22-archive
services/Diten.Platform/src/Diten.Platform.Application/Features/TenantOrganization/Commands/DeactivateOrganizationFieldDefinitionCommand.cs	L2-AUTH22-archive
services/Diten.Platform/src/Diten.Platform.Application/Features/TenantOrganization/Commands/DeleteOrganizationUnitCommand.cs	L2-AUTH22-archive
services/Diten.Platform/src/Diten.Platform.Application/Features/TenantOrganization/Commands/DeletePositionAssignmentCommand.cs	L2-AUTH22-archive
services/Diten.Platform/src/Diten.Platform.Application/Features/TenantOrganization/Commands/DeletePositionCommand.cs	L2-AUTH22-archive
services/Diten.Platform/src/Diten.Platform.Application/Features/TenantOrganization/Commands/SetOrganizationFieldValueCommand.cs	L2-AUTH22-archive
services/Diten.Platform/src/Diten.Platform.Application/Features/TenantOrganization/Commands/UpdateOrganizationFieldDefinitionCommand.cs	L2-AUTH22-archive
services/Diten.Platform/src/Diten.Platform.Application/Features/TenantOrganization/Commands/UpdateOrganizationUnitCommand.cs	L2-AUTH22-archive
services/Diten.Platform/src/Diten.Platform.Application/Features/TenantOrganization/Commands/UpdatePositionAssignmentCommand.cs	L2-AUTH22-archive
services/Diten.Platform/src/Diten.Platform.Application/Features/TenantOrganization/Commands/UpdatePositionCommand.cs	L2-AUTH22-archive
services/Diten.Platform/src/Diten.Platform.Application/Features/TenantOrganization/Handlers/CommandHandlers/ArchiveOrganizationUnitCommandHandler.cs	L2-AUTH22-archive
services/Diten.Platform/src/Diten.Platform.Application/Features/TenantOrganization/Handlers/CommandHandlers/ArchivePositionCommandHandler.cs	L2-AUTH22-archive
services/Diten.Platform/src/Diten.Platform.Application/Features/TenantOrganization/Handlers/CommandHandlers/CreateOrganizationFieldDefinitionCommandHandler.cs	L2-AUTH22-archive
services/Diten.Platform/src/Diten.Platform.Application/Features/TenantOrganization/Handlers/CommandHandlers/CreateOrganizationUnitCommandHandler.cs	L2-AUTH22-archive
services/Diten.Platform/src/Diten.Platform.Application/Features/TenantOrganization/Handlers/CommandHandlers/CreatePositionAssignmentCommandHandler.cs	L2-AUTH22-archive
services/Diten.Platform/src/Diten.Platform.Application/Features/TenantOrganization/Handlers/CommandHandlers/CreatePositionCommandHandler.cs	L2-AUTH22-archive
services/Diten.Platform/src/Diten.Platform.Application/Features/TenantOrganization/Handlers/CommandHandlers/DeactivateOrganizationFieldDefinitionCommandHandler.cs	L2-AUTH22-archive
services/Diten.Platform/src/Diten.Platform.Application/Features/TenantOrganization/Handlers/CommandHandlers/DeleteOrganizationUnitCommandHandler.cs	L2-AUTH22-archive
services/Diten.Platform/src/Diten.Platform.Application/Features/TenantOrganization/Handlers/CommandHandlers/DeletePositionAssignmentCommandHandler.cs	L2-AUTH22-archive
services/Diten.Platform/src/Diten.Platform.Application/Features/TenantOrganization/Handlers/CommandHandlers/DeletePositionCommandHandler.cs	L2-AUTH22-archive
services/Diten.Platform/src/Diten.Platform.Application/Features/TenantOrganization/Handlers/CommandHandlers/OrganizationUnitCycleGuard.cs	L2-AUTH22-archive
services/Diten.Platform/src/Diten.Platform.Application/Features/TenantOrganization/Handlers/CommandHandlers/PositionAssignmentPrimaryGuard.cs	L2-AUTH22-archive
services/Diten.Platform/src/Diten.Platform.Application/Features/TenantOrganization/Handlers/CommandHandlers/PositionReferenceGuard.cs	L2-AUTH22-archive
services/Diten.Platform/src/Diten.Platform.Application/Features/TenantOrganization/Handlers/CommandHandlers/SetOrganizationFieldValueCommandHandler.cs	L2-AUTH22-archive
services/Diten.Platform/src/Diten.Platform.Application/Features/TenantOrganization/Handlers/CommandHandlers/UpdateOrganizationFieldDefinitionCommandHandler.cs	L2-AUTH22-archive
services/Diten.Platform/src/Diten.Platform.Application/Features/TenantOrganization/Handlers/CommandHandlers/UpdateOrganizationUnitCommandHandler.cs	L2-AUTH22-archive
services/Diten.Platform/src/Diten.Platform.Application/Features/TenantOrganization/Handlers/CommandHandlers/UpdatePositionAssignmentCommandHandler.cs	L2-AUTH22-archive
services/Diten.Platform/src/Diten.Platform.Application/Features/TenantOrganization/Handlers/CommandHandlers/UpdatePositionCommandHandler.cs	L2-AUTH22-archive
services/Diten.Platform/src/Diten.Platform.Application/Features/TenantOrganization/Handlers/QueryHandlers/GetManagerChainQueryHandler.cs	L2-AUTH22-archive
services/Diten.Platform/src/Diten.Platform.Application/Features/TenantOrganization/Handlers/QueryHandlers/GetOrganizationFieldDefinitionsQueryHandler.cs	L2-AUTH22-archive
services/Diten.Platform/src/Diten.Platform.Application/Features/TenantOrganization/Handlers/QueryHandlers/GetOrganizationFieldValuesQueryHandler.cs	L2-AUTH22-archive
services/Diten.Platform/src/Diten.Platform.Application/Features/TenantOrganization/Handlers/QueryHandlers/GetOrganizationUnitByIdQueryHandler.cs	L2-AUTH22-archive
services/Diten.Platform/src/Diten.Platform.Application/Features/TenantOrganization/Handlers/QueryHandlers/GetOrganizationUnitsQueryHandler.cs	L2-AUTH22-archive
services/Diten.Platform/src/Diten.Platform.Application/Features/TenantOrganization/Handlers/QueryHandlers/GetPersonReferenceByIdQueryHandler.cs	L2-AUTH22-archive
services/Diten.Platform/src/Diten.Platform.Application/Features/TenantOrganization/Handlers/QueryHandlers/GetPositionAssignmentsQueryHandler.cs	L2-AUTH22-archive
services/Diten.Platform/src/Diten.Platform.Application/Features/TenantOrganization/Handlers/QueryHandlers/GetPositionByIdQueryHandler.cs	L2-AUTH22-archive
services/Diten.Platform/src/Diten.Platform.Application/Features/TenantOrganization/Handlers/QueryHandlers/GetPositionsQueryHandler.cs	L2-AUTH22-archive
services/Diten.Platform/src/Diten.Platform.Application/Features/TenantOrganization/Handlers/QueryHandlers/SearchPersonReferencesQueryHandler.cs	L2-AUTH22-archive
services/Diten.Platform/src/Diten.Platform.Application/Features/TenantOrganization/Handlers/QueryHandlers/ValidatePersonReferencesQueryHandler.cs	L2-AUTH22-archive
services/Diten.Platform/src/Diten.Platform.Application/Features/TenantOrganization/OrganizationCodeNormalizer.cs	L2-AUTH22-archive
services/Diten.Platform/src/Diten.Platform.Application/Features/TenantOrganization/Queries/GetManagerChainQuery.cs	L2-AUTH22-archive
services/Diten.Platform/src/Diten.Platform.Application/Features/TenantOrganization/Queries/GetOrganizationFieldDefinitionsQuery.cs	L2-AUTH22-archive
services/Diten.Platform/src/Diten.Platform.Application/Features/TenantOrganization/Queries/GetOrganizationFieldValuesQuery.cs	L2-AUTH22-archive
services/Diten.Platform/src/Diten.Platform.Application/Features/TenantOrganization/Queries/GetOrganizationUnitByIdQuery.cs	L2-AUTH22-archive
services/Diten.Platform/src/Diten.Platform.Application/Features/TenantOrganization/Queries/GetOrganizationUnitsQuery.cs	L2-AUTH22-archive
services/Diten.Platform/src/Diten.Platform.Application/Features/TenantOrganization/Queries/GetPersonReferenceByIdQuery.cs	L2-AUTH22-archive
services/Diten.Platform/src/Diten.Platform.Application/Features/TenantOrganization/Queries/GetPositionAssignmentsQuery.cs	L2-AUTH22-archive
services/Diten.Platform/src/Diten.Platform.Application/Features/TenantOrganization/Queries/GetPositionByIdQuery.cs	L2-AUTH22-archive
services/Diten.Platform/src/Diten.Platform.Application/Features/TenantOrganization/Queries/GetPositionsQuery.cs	L2-AUTH22-archive
services/Diten.Platform/src/Diten.Platform.Application/Features/TenantOrganization/Queries/SearchPersonReferencesQuery.cs	L2-AUTH22-archive
services/Diten.Platform/src/Diten.Platform.Application/Features/TenantOrganization/Queries/ValidatePersonReferencesQuery.cs	L2-AUTH22-archive
services/Diten.Platform/src/Diten.Platform.Application/Features/TenantOrganization/Services/ILegalEntityReferenceValidator.cs	L2-AUTH22-archive
services/Diten.Platform/src/Diten.Platform.Application/Features/TenantOrganization/Services/IUserReferenceValidator.cs	L2-AUTH22-archive
services/Diten.Platform/src/Diten.Platform.Application/Features/TenantOrganization/Services/OrganizationFieldDefinitionRules.cs	L2-AUTH22-archive
services/Diten.Platform/src/Diten.Platform.Application/Features/TenantOrganization/TenantOrganizationContracts.cs	L2-AUTH22-archive
services/Diten.Platform/src/Diten.Platform.Application/Features/TenantOrganization/Validators/CreateOrganizationFieldDefinitionValidator.cs	L2-AUTH22-archive
services/Diten.Platform/src/Diten.Platform.Application/Features/TenantOrganization/Validators/CreateOrganizationUnitCommandValidator.cs	L2-AUTH22-archive
services/Diten.Platform/src/Diten.Platform.Application/Features/TenantOrganization/Validators/CreatePositionAssignmentCommandValidator.cs	L2-AUTH22-archive
services/Diten.Platform/src/Diten.Platform.Application/Features/TenantOrganization/Validators/CreatePositionCommandValidator.cs	L2-AUTH22-archive
services/Diten.Platform/src/Diten.Platform.Application/Features/TenantOrganization/Validators/DeactivateOrganizationFieldDefinitionValidator.cs	L2-AUTH22-archive
services/Diten.Platform/src/Diten.Platform.Application/Features/TenantOrganization/Validators/GetPersonReferenceByIdQueryValidator.cs	L2-AUTH22-archive
services/Diten.Platform/src/Diten.Platform.Application/Features/TenantOrganization/Validators/SearchPersonReferencesQueryValidator.cs	L2-AUTH22-archive
services/Diten.Platform/src/Diten.Platform.Application/Features/TenantOrganization/Validators/SetOrganizationFieldValueValidator.cs	L2-AUTH22-archive
services/Diten.Platform/src/Diten.Platform.Application/Features/TenantOrganization/Validators/TenantOrganizationRequestValidators.cs	L2-AUTH22-archive
services/Diten.Platform/src/Diten.Platform.Application/Features/TenantOrganization/Validators/UpdateOrganizationFieldDefinitionValidator.cs	L2-AUTH22-archive
services/Diten.Platform/src/Diten.Platform.Application/Features/TenantOrganization/Validators/UpdateOrganizationUnitCommandValidator.cs	L2-AUTH22-archive
services/Diten.Platform/src/Diten.Platform.Application/Features/TenantOrganization/Validators/UpdatePositionAssignmentCommandValidator.cs	L2-AUTH22-archive
services/Diten.Platform/src/Diten.Platform.Application/Features/TenantOrganization/Validators/UpdatePositionCommandValidator.cs	L2-AUTH22-archive
services/Diten.Platform/src/Diten.Platform.Application/Features/TenantOrganization/Validators/ValidatePersonReferencesQueryValidator.cs	L2-AUTH22-archive
services/Diten.Platform/src/Diten.Platform.Application/Features/TenantSettingsModule/SelfRegistration/TenantSettingsManifestProvider.cs	L2-AUTH22-archive
services/Diten.Platform/src/Diten.Platform.Application/Features/Tenants/Commands/ActivateTenantAdminUserCommand.cs	L2-AUTH22-archive
services/Diten.Platform/src/Diten.Platform.Application/Features/Tenants/Commands/BulkDeleteTenantsCommand.cs	L2-AUTH22-archive
services/Diten.Platform/src/Diten.Platform.Application/Features/Tenants/Commands/CreateTenantAdminUserCommand.cs	L2-AUTH22-archive
services/Diten.Platform/src/Diten.Platform.Application/Features/Tenants/Commands/DeleteTenantAdminUserCommand.cs	L2-AUTH22-archive
services/Diten.Platform/src/Diten.Platform.Application/Features/Tenants/Commands/DeleteTenantCommand.cs	L2-AUTH22-archive
services/Diten.Platform/src/Diten.Platform.Application/Features/Tenants/Commands/InviteTenantAdminUserCommand.cs	L2-AUTH22-archive
services/Diten.Platform/src/Diten.Platform.Application/Features/Tenants/Commands/ReactivateTenantCommand.cs	L2-AUTH22-archive
services/Diten.Platform/src/Diten.Platform.Application/Features/Tenants/Commands/RegisterTenantCommand.cs	L2-AUTH22-archive
services/Diten.Platform/src/Diten.Platform.Application/Features/Tenants/Commands/SuspendTenantCommand.cs	L2-AUTH22-archive
services/Diten.Platform/src/Diten.Platform.Application/Features/Tenants/Commands/TenantBulkDeleteRequest.cs	L2-AUTH22-archive
services/Diten.Platform/src/Diten.Platform.Application/Features/Tenants/Commands/UpdateTenantAdminUserCommand.cs	L2-AUTH22-archive
services/Diten.Platform/src/Diten.Platform.Application/Features/Tenants/Commands/UpdateTenantBrandingCommand.cs	L2-AUTH22-archive
services/Diten.Platform/src/Diten.Platform.Application/Features/Tenants/Commands/UpdateTenantCommand.cs	L2-AUTH22-archive
services/Diten.Platform/src/Diten.Platform.Application/Features/Tenants/Commands/UpdateTenantLoginSettingsCommand.cs	L2-AUTH22-archive
services/Diten.Platform/src/Diten.Platform.Application/Features/Tenants/Commands/UpdateTenantSettingsCommand.cs	L2-AUTH22-archive
services/Diten.Platform/src/Diten.Platform.Application/Features/Tenants/Commercial/Entitlements/Commands/AddTenantModuleEntitlementCommand.cs	L2-AUTH22-archive
services/Diten.Platform/src/Diten.Platform.Application/Features/Tenants/Commercial/Entitlements/Commands/DisableTenantModuleEntitlementCommand.cs	L2-AUTH22-archive
services/Diten.Platform/src/Diten.Platform.Application/Features/Tenants/Commercial/Entitlements/Commands/EnableTenantModuleEntitlementCommand.cs	L2-AUTH22-archive
services/Diten.Platform/src/Diten.Platform.Application/Features/Tenants/Commercial/Entitlements/Commands/RefreshTenantModuleEntitlementProjectionCommand.cs	L2-AUTH22-archive
services/Diten.Platform/src/Diten.Platform.Application/Features/Tenants/Commercial/Entitlements/Commands/RemoveTenantManualModuleOverrideCommand.cs	L2-AUTH22-archive
services/Diten.Platform/src/Diten.Platform.Application/Features/Tenants/Commercial/Entitlements/Commands/UpdateTenantModuleEntitlementExpiryCommand.cs	L2-AUTH22-archive
services/Diten.Platform/src/Diten.Platform.Application/Features/Tenants/Commercial/Entitlements/Handlers/CommandHandlers/AddTenantModuleEntitlementCommandHandler.cs	L2-AUTH22-archive
services/Diten.Platform/src/Diten.Platform.Application/Features/Tenants/Commercial/Entitlements/Handlers/CommandHandlers/DisableTenantModuleEntitlementCommandHandler.cs	L2-AUTH22-archive
services/Diten.Platform/src/Diten.Platform.Application/Features/Tenants/Commercial/Entitlements/Handlers/CommandHandlers/EnableTenantModuleEntitlementCommandHandler.cs	L2-AUTH22-archive
services/Diten.Platform/src/Diten.Platform.Application/Features/Tenants/Commercial/Entitlements/Handlers/CommandHandlers/PhysicalEntitlementAuditIntent.cs	L2-AUTH22-archive
services/Diten.Platform/src/Diten.Platform.Application/Features/Tenants/Commercial/Entitlements/Handlers/CommandHandlers/PhysicalEntitlementMutationRejectedException.cs	L2-AUTH22-archive
services/Diten.Platform/src/Diten.Platform.Application/Features/Tenants/Commercial/Entitlements/Handlers/CommandHandlers/RefreshTenantModuleEntitlementProjectionCommandHandler.cs	L2-AUTH22-archive
services/Diten.Platform/src/Diten.Platform.Application/Features/Tenants/Commercial/Entitlements/Handlers/CommandHandlers/RemoveTenantManualModuleOverrideCommandHandler.cs	L2-AUTH22-archive
services/Diten.Platform/src/Diten.Platform.Application/Features/Tenants/Commercial/Entitlements/Handlers/CommandHandlers/TenantModuleEntitlementCommandSupport.cs	L2-AUTH22-archive
services/Diten.Platform/src/Diten.Platform.Application/Features/Tenants/Commercial/Entitlements/Handlers/CommandHandlers/UpdateTenantModuleEntitlementExpiryCommandHandler.cs	L2-AUTH22-archive
services/Diten.Platform/src/Diten.Platform.Application/Features/Tenants/Commercial/Entitlements/Handlers/QueryHandlers/GetTenantAvailableModulesForAssignmentQueryHandler.cs	L2-AUTH22-archive
services/Diten.Platform/src/Diten.Platform.Application/Features/Tenants/Commercial/Entitlements/Handlers/QueryHandlers/GetTenantEntitledModulePermissionsQueryHandler.cs	L2-AUTH22-archive
services/Diten.Platform/src/Diten.Platform.Application/Features/Tenants/Commercial/Entitlements/Handlers/QueryHandlers/GetTenantModuleEffectiveAccessQueryHandler.cs	L2-AUTH22-archive
services/Diten.Platform/src/Diten.Platform.Application/Features/Tenants/Commercial/Entitlements/Handlers/QueryHandlers/GetTenantModuleEntitlementsQueryHandler.cs	L2-AUTH22-archive
services/Diten.Platform/src/Diten.Platform.Application/Features/Tenants/Commercial/Entitlements/Handlers/QueryHandlers/GetTenantVisibleModulesQueryHandler.cs	L2-AUTH22-archive
services/Diten.Platform/src/Diten.Platform.Application/Features/Tenants/Commercial/Entitlements/Queries/GetTenantAvailableModulesForAssignmentQuery.cs	L2-AUTH22-archive
services/Diten.Platform/src/Diten.Platform.Application/Features/Tenants/Commercial/Entitlements/Queries/GetTenantEntitledModulePermissionsQuery.cs	L2-AUTH22-archive
services/Diten.Platform/src/Diten.Platform.Application/Features/Tenants/Commercial/Entitlements/Queries/GetTenantModuleEffectiveAccessQuery.cs	L2-AUTH22-archive
services/Diten.Platform/src/Diten.Platform.Application/Features/Tenants/Commercial/Entitlements/Queries/GetTenantModuleEntitlementsQuery.cs	L2-AUTH22-archive
services/Diten.Platform/src/Diten.Platform.Application/Features/Tenants/Commercial/Entitlements/Queries/GetTenantVisibleModulesQuery.cs	L2-AUTH22-archive
services/Diten.Platform/src/Diten.Platform.Application/Features/Tenants/Commercial/Entitlements/TenantModuleEntitlementAccessEvaluator.cs	L2-AUTH22-archive
services/Diten.Platform/src/Diten.Platform.Application/Features/Tenants/Commercial/Entitlements/TenantModuleEntitlementContracts.cs	L2-AUTH22-archive
services/Diten.Platform/src/Diten.Platform.Application/Features/Tenants/Commercial/Entitlements/Validators/TenantModuleEntitlementValidators.cs	L2-AUTH22-archive
services/Diten.Platform/src/Diten.Platform.Application/Features/Tenants/Commercial/Subscriptions/Commands/ActivateTenantSubscriptionCommand.cs	L2-AUTH22-archive
services/Diten.Platform/src/Diten.Platform.Application/Features/Tenants/Commercial/Subscriptions/Commands/AssignPlanToTenantCommand.cs	L2-AUTH22-archive
services/Diten.Platform/src/Diten.Platform.Application/Features/Tenants/Commercial/Subscriptions/Commands/CancelTenantSubscriptionCommand.cs	L2-AUTH22-archive
services/Diten.Platform/src/Diten.Platform.Application/Features/Tenants/Commercial/Subscriptions/Commands/CreateTenantSubscriptionCommand.cs	L2-AUTH22-archive
services/Diten.Platform/src/Diten.Platform.Application/Features/Tenants/Commercial/Subscriptions/Commands/ExpireTenantSubscriptionCommand.cs	L2-AUTH22-archive
services/Diten.Platform/src/Diten.Platform.Application/Features/Tenants/Commercial/Subscriptions/Commands/ReactivateTenantSubscriptionCommand.cs	L2-AUTH22-archive
services/Diten.Platform/src/Diten.Platform.Application/Features/Tenants/Commercial/Subscriptions/Commands/RenewTenantSubscriptionCommand.cs	L2-AUTH22-archive
services/Diten.Platform/src/Diten.Platform.Application/Features/Tenants/Commercial/Subscriptions/Commands/SuspendTenantSubscriptionCommand.cs	L2-AUTH22-archive
services/Diten.Platform/src/Diten.Platform.Application/Features/Tenants/Commercial/Subscriptions/Handlers/CommandHandlers/ActivateTenantSubscriptionCommandHandler.cs	L2-AUTH22-archive
services/Diten.Platform/src/Diten.Platform.Application/Features/Tenants/Commercial/Subscriptions/Handlers/CommandHandlers/AssignPlanToTenantCommandHandler.cs	L2-AUTH22-archive
services/Diten.Platform/src/Diten.Platform.Application/Features/Tenants/Commercial/Subscriptions/Handlers/CommandHandlers/CancelTenantSubscriptionCommandHandler.cs	L2-AUTH22-archive
services/Diten.Platform/src/Diten.Platform.Application/Features/Tenants/Commercial/Subscriptions/Handlers/CommandHandlers/CreateTenantSubscriptionCommandHandler.cs	L2-AUTH22-archive
services/Diten.Platform/src/Diten.Platform.Application/Features/Tenants/Commercial/Subscriptions/Handlers/CommandHandlers/ExpireTenantSubscriptionCommandHandler.cs	L2-AUTH22-archive
services/Diten.Platform/src/Diten.Platform.Application/Features/Tenants/Commercial/Subscriptions/Handlers/CommandHandlers/ReactivateTenantSubscriptionCommandHandler.cs	L2-AUTH22-archive
services/Diten.Platform/src/Diten.Platform.Application/Features/Tenants/Commercial/Subscriptions/Handlers/CommandHandlers/RenewTenantSubscriptionCommandHandler.cs	L2-AUTH22-archive
services/Diten.Platform/src/Diten.Platform.Application/Features/Tenants/Commercial/Subscriptions/Handlers/CommandHandlers/SuspendTenantSubscriptionCommandHandler.cs	L2-AUTH22-archive
services/Diten.Platform/src/Diten.Platform.Application/Features/Tenants/Commercial/Subscriptions/Handlers/QueryHandlers/GetTenantCommercialSubscriptionQueryHandler.cs	L2-AUTH22-archive
services/Diten.Platform/src/Diten.Platform.Application/Features/Tenants/Commercial/Subscriptions/Handlers/QueryHandlers/GetTenantSubscriptionDetailQueryHandler.cs	L2-AUTH22-archive
services/Diten.Platform/src/Diten.Platform.Application/Features/Tenants/Commercial/Subscriptions/Handlers/QueryHandlers/GetTenantSubscriptionEntitlementSnapshotQueryHandler.cs	L2-AUTH22-archive
services/Diten.Platform/src/Diten.Platform.Application/Features/Tenants/Commercial/Subscriptions/Handlers/QueryHandlers/GetTenantSubscriptionHistoryQueryHandler.cs	L2-AUTH22-archive
services/Diten.Platform/src/Diten.Platform.Application/Features/Tenants/Commercial/Subscriptions/Handlers/QueryHandlers/HasTenantActiveSubscriptionQueryHandler.cs	L2-AUTH22-archive
services/Diten.Platform/src/Diten.Platform.Application/Features/Tenants/Commercial/Subscriptions/Queries/GetTenantCommercialSubscriptionQuery.cs	L2-AUTH22-archive
services/Diten.Platform/src/Diten.Platform.Application/Features/Tenants/Commercial/Subscriptions/Queries/GetTenantSubscriptionDetailQuery.cs	L2-AUTH22-archive
services/Diten.Platform/src/Diten.Platform.Application/Features/Tenants/Commercial/Subscriptions/Queries/GetTenantSubscriptionEntitlementSnapshotQuery.cs	L2-AUTH22-archive
services/Diten.Platform/src/Diten.Platform.Application/Features/Tenants/Commercial/Subscriptions/Queries/GetTenantSubscriptionHistoryQuery.cs	L2-AUTH22-archive
services/Diten.Platform/src/Diten.Platform.Application/Features/Tenants/Commercial/Subscriptions/Queries/HasTenantActiveSubscriptionQuery.cs	L2-AUTH22-archive
services/Diten.Platform/src/Diten.Platform.Application/Features/Tenants/Commercial/Subscriptions/TenantSubscriptionCommandSupport.cs	L2-AUTH22-archive
services/Diten.Platform/src/Diten.Platform.Application/Features/Tenants/Commercial/Subscriptions/TenantSubscriptionContracts.cs	L2-AUTH22-archive
services/Diten.Platform/src/Diten.Platform.Application/Features/Tenants/Commercial/Subscriptions/TenantSubscriptionLifecycle.cs	L2-AUTH22-archive
services/Diten.Platform/src/Diten.Platform.Application/Features/Tenants/Commercial/Subscriptions/TenantSubscriptionMapper.cs	L2-AUTH22-archive
services/Diten.Platform/src/Diten.Platform.Application/Features/Tenants/Commercial/Subscriptions/TenantSubscriptionTransactionWriter.cs	L2-AUTH22-archive
services/Diten.Platform/src/Diten.Platform.Application/Features/Tenants/Commercial/Subscriptions/Validators/ActivateTenantSubscriptionCommandValidator.cs	L2-AUTH22-archive
services/Diten.Platform/src/Diten.Platform.Application/Features/Tenants/Commercial/Subscriptions/Validators/AssignPlanToTenantCommandValidator.cs	L2-AUTH22-archive
services/Diten.Platform/src/Diten.Platform.Application/Features/Tenants/Commercial/Subscriptions/Validators/CancelTenantSubscriptionCommandValidator.cs	L2-AUTH22-archive
services/Diten.Platform/src/Diten.Platform.Application/Features/Tenants/Commercial/Subscriptions/Validators/CreateTenantSubscriptionCommandValidator.cs	L2-AUTH22-archive
services/Diten.Platform/src/Diten.Platform.Application/Features/Tenants/Commercial/Subscriptions/Validators/RenewTenantSubscriptionCommandValidator.cs	L2-AUTH22-archive
services/Diten.Platform/src/Diten.Platform.Application/Features/Tenants/Commercial/Subscriptions/Validators/SuspendTenantSubscriptionCommandValidator.cs	L2-AUTH22-archive
services/Diten.Platform/src/Diten.Platform.Application/Features/Tenants/Handlers/ActivateTenantAdminUserCommandHandler.cs	L2-AUTH22-archive
services/Diten.Platform/src/Diten.Platform.Application/Features/Tenants/Handlers/BulkDeleteTenantsCommandHandler.cs	L2-AUTH22-archive
services/Diten.Platform/src/Diten.Platform.Application/Features/Tenants/Handlers/CreateTenantAdminUserCommandHandler.cs	L2-AUTH22-archive
services/Diten.Platform/src/Diten.Platform.Application/Features/Tenants/Handlers/DeleteTenantAdminUserCommandHandler.cs	L2-AUTH22-archive
services/Diten.Platform/src/Diten.Platform.Application/Features/Tenants/Handlers/DeleteTenantCommandHandler.cs	L2-AUTH22-archive
services/Diten.Platform/src/Diten.Platform.Application/Features/Tenants/Handlers/GetTenantAdminUsersQueryHandler.cs	L2-AUTH22-archive
services/Diten.Platform/src/Diten.Platform.Application/Features/Tenants/Handlers/GetTenantBrandingQueryHandler.cs	L2-AUTH22-archive
services/Diten.Platform/src/Diten.Platform.Application/Features/Tenants/Handlers/GetTenantDetailQueryHandler.cs	L2-AUTH22-archive
services/Diten.Platform/src/Diten.Platform.Application/Features/Tenants/Handlers/GetTenantLoginSettingsQueryHandler.cs	L2-AUTH22-archive
services/Diten.Platform/src/Diten.Platform.Application/Features/Tenants/Handlers/GetTenantModulesQueryHandler.cs	L2-AUTH22-archive
services/Diten.Platform/src/Diten.Platform.Application/Features/Tenants/Handlers/GetTenantSettingsQueryHandler.cs	L2-AUTH22-archive
services/Diten.Platform/src/Diten.Platform.Application/Features/Tenants/Handlers/GetTenantStatsQueryHandler.cs	L2-AUTH22-archive
services/Diten.Platform/src/Diten.Platform.Application/Features/Tenants/Handlers/GetTenantStatusQueryHandler.cs	L2-AUTH22-archive
services/Diten.Platform/src/Diten.Platform.Application/Features/Tenants/Handlers/GetTenantUsersSummaryQueryHandler.cs	L2-AUTH22-archive
services/Diten.Platform/src/Diten.Platform.Application/Features/Tenants/Handlers/GetTenantsQueryHandler.cs	L2-AUTH22-archive
services/Diten.Platform/src/Diten.Platform.Application/Features/Tenants/Handlers/InviteTenantAdminUserCommandHandler.cs	L2-AUTH22-archive
services/Diten.Platform/src/Diten.Platform.Application/Features/Tenants/Handlers/ReactivateTenantCommandHandler.cs	L2-AUTH22-archive
services/Diten.Platform/src/Diten.Platform.Application/Features/Tenants/Handlers/RegisterTenantCommandHandler.cs	L2-AUTH22-archive
services/Diten.Platform/src/Diten.Platform.Application/Features/Tenants/Handlers/SuspendTenantCommandHandler.cs	L2-AUTH22-archive
services/Diten.Platform/src/Diten.Platform.Application/Features/Tenants/Handlers/TenantAdminUserSupport.cs	L2-AUTH22-archive
services/Diten.Platform/src/Diten.Platform.Application/Features/Tenants/Handlers/TenantLoginSettingsMapper.cs	L2-AUTH22-archive
services/Diten.Platform/src/Diten.Platform.Application/Features/Tenants/Handlers/UpdateTenantAdminUserCommandHandler.cs	L2-AUTH22-archive
services/Diten.Platform/src/Diten.Platform.Application/Features/Tenants/Handlers/UpdateTenantBrandingCommandHandler.cs	L2-AUTH22-archive
services/Diten.Platform/src/Diten.Platform.Application/Features/Tenants/Handlers/UpdateTenantCommandHandler.cs	L2-AUTH22-archive
services/Diten.Platform/src/Diten.Platform.Application/Features/Tenants/Handlers/UpdateTenantLoginSettingsCommandHandler.cs	L2-AUTH22-archive
services/Diten.Platform/src/Diten.Platform.Application/Features/Tenants/Handlers/UpdateTenantSettingsCommandHandler.cs	L2-AUTH22-archive
services/Diten.Platform/src/Diten.Platform.Application/Features/Tenants/Mappings/TenantMappingProfile.cs	L2-AUTH22-archive
services/Diten.Platform/src/Diten.Platform.Application/Features/Tenants/Notifications/TenantCreatedV1NotificationMapper.cs	L2-AUTH22-archive
services/Diten.Platform/src/Diten.Platform.Application/Features/Tenants/Notifications/TenantReactivatedV1NotificationMapper.cs	L2-AUTH22-archive
services/Diten.Platform/src/Diten.Platform.Application/Features/Tenants/Notifications/TenantSuspendedV1NotificationMapper.cs	L2-AUTH22-archive
services/Diten.Platform/src/Diten.Platform.Application/Features/Tenants/Queries/GetTenantAdminUsersQuery.cs	L2-AUTH22-archive
services/Diten.Platform/src/Diten.Platform.Application/Features/Tenants/Queries/GetTenantBrandingQuery.cs	L2-AUTH22-archive
services/Diten.Platform/src/Diten.Platform.Application/Features/Tenants/Queries/GetTenantDetailQuery.cs	L2-AUTH22-archive
services/Diten.Platform/src/Diten.Platform.Application/Features/Tenants/Queries/GetTenantLoginSettingsQuery.cs	L2-AUTH22-archive
services/Diten.Platform/src/Diten.Platform.Application/Features/Tenants/Queries/GetTenantModulesQuery.cs	L2-AUTH22-archive
services/Diten.Platform/src/Diten.Platform.Application/Features/Tenants/Queries/GetTenantSettingsQuery.cs	L2-AUTH22-archive
services/Diten.Platform/src/Diten.Platform.Application/Features/Tenants/Queries/GetTenantStatsQuery.cs	L2-AUTH22-archive
services/Diten.Platform/src/Diten.Platform.Application/Features/Tenants/Queries/GetTenantStatusQuery.cs	L2-AUTH22-archive
services/Diten.Platform/src/Diten.Platform.Application/Features/Tenants/Queries/GetTenantUsersSummaryQuery.cs	L2-AUTH22-archive
services/Diten.Platform/src/Diten.Platform.Application/Features/Tenants/Queries/GetTenantsQuery.cs	L2-AUTH22-archive
services/Diten.Platform/src/Diten.Platform.Application/Features/Tenants/TenantContracts.cs	L2-AUTH22-archive
services/Diten.Platform/src/Diten.Platform.Application/Features/Tenants/Validators/GetTenantsQueryValidator.cs	L2-AUTH22-archive
services/Diten.Platform/src/Diten.Platform.Application/Features/Tenants/Validators/RegisterTenantCommandValidator.cs	L2-AUTH22-archive
services/Diten.Platform/src/Diten.Platform.Application/Features/Tenants/Validators/TenantLifecycleCommandValidators.cs	L2-AUTH22-archive
services/Diten.Platform/src/Diten.Platform.Application/Features/Tenants/Validators/TenantLoginSettingsValidators.cs	L2-AUTH22-archive
services/Diten.Platform/src/Diten.Platform.Application/Features/Tenants/Validators/UpdateTenantBrandingCommandValidator.cs	L2-AUTH22-archive
services/Diten.Platform/src/Diten.Platform.Application/Features/Tenants/Validators/UpdateTenantCommandValidator.cs	L2-AUTH22-archive
services/Diten.Platform/src/Diten.Platform.Application/Features/Tenants/Validators/UpdateTenantSettingsCommandValidator.cs	L2-AUTH22-archive
services/Diten.Platform/src/Diten.Platform.Application/Features/WorkAggregation/Dispatch/IWorkItemActionDispatcher.cs	L2-AUTH22-archive
services/Diten.Platform/src/Diten.Platform.Application/Features/WorkAggregation/Dispatch/WorkItemActionDispatchModels.cs	L2-AUTH22-archive
services/Diten.Platform/src/Diten.Platform.Application/Features/WorkAggregation/Handlers/QueryHandlers/GetMyTeamAvailabilityHandler.cs	L2-AUTH22-archive
services/Diten.Platform/src/Diten.Platform.Application/Features/WorkAggregation/Handlers/QueryHandlers/GetMyWorkItemsHandler.cs	L2-AUTH22-archive
services/Diten.Platform/src/Diten.Platform.Application/Features/WorkAggregation/Providers/IWorkItemProvider.cs	L2-AUTH22-archive
services/Diten.Platform/src/Diten.Platform.Application/Features/WorkAggregation/Providers/WorkflowApprovalWorkItemActionDispatcher.cs	L2-AUTH22-archive
services/Diten.Platform/src/Diten.Platform.Application/Features/WorkAggregation/Providers/WorkflowApprovalWorkItemProvider.cs	L2-AUTH22-archive
services/Diten.Platform/src/Diten.Platform.Application/Features/WorkAggregation/Queries/GetMyTeamAvailabilityQuery.cs	L2-AUTH22-archive
services/Diten.Platform/src/Diten.Platform.Application/Features/WorkAggregation/Queries/GetMyWorkItemsQuery.cs	L2-AUTH22-archive
services/Diten.Platform/src/Diten.Platform.Application/Features/WorkAggregation/SelfRegistration/WorkAggregationManifestProvider.cs	L2-AUTH22-archive
services/Diten.Platform/src/Diten.Platform.Application/Features/WorkAggregation/Services/IWorkItemProjectionService.cs	L2-AUTH22-archive
services/Diten.Platform/src/Diten.Platform.Application/Features/WorkAggregation/Services/IWorkingTimeCalculator.cs	L2-AUTH22-archive
services/Diten.Platform/src/Diten.Platform.Application/Features/WorkAggregation/Services/TwentyFourSevenWorkingTimeCalculator.cs	L2-AUTH22-archive
services/Diten.Platform/src/Diten.Platform.Application/Features/WorkAggregation/Services/WorkAggregationResilienceOptions.cs	L2-AUTH22-archive
services/Diten.Platform/src/Diten.Platform.Application/Features/WorkAggregation/Services/WorkItemProjectionService.cs	L2-AUTH22-archive
services/Diten.Platform/src/Diten.Platform.Application/Features/WorkAggregation/Services/WorkItemSlaCalculator.cs	L2-AUTH22-archive
services/Diten.Platform/src/Diten.Platform.Application/Features/WorkAggregation/WorkAggregationModels.cs	L2-AUTH22-archive
services/Diten.Platform/src/Diten.Platform.Application/Features/Workflow/BackgroundJobs/WorkflowEscalationSweepJob.cs	L2-AUTH22-archive
services/Diten.Platform/src/Diten.Platform.Application/Features/Workflow/BackgroundJobs/WorkflowEscalationSweepJobArgs.cs	L2-AUTH22-archive
services/Diten.Platform/src/Diten.Platform.Application/Features/Workflow/Commands/ApproveWorkflowTaskCommand.cs	L2-AUTH22-archive
services/Diten.Platform/src/Diten.Platform.Application/Features/Workflow/Commands/CancelWorkflowTaskCommand.cs	L2-AUTH22-archive
services/Diten.Platform/src/Diten.Platform.Application/Features/Workflow/Commands/CreateSlaEscalationRuleCommand.cs	L2-AUTH22-archive
services/Diten.Platform/src/Diten.Platform.Application/Features/Workflow/Commands/CreateWorkflowDefinitionCommand.cs	L2-AUTH22-archive
services/Diten.Platform/src/Diten.Platform.Application/Features/Workflow/Commands/DelegateWorkflowTaskCommand.cs	L2-AUTH22-archive
services/Diten.Platform/src/Diten.Platform.Application/Features/Workflow/Commands/PublishWorkflowDefinitionCommand.cs	L2-AUTH22-archive
services/Diten.Platform/src/Diten.Platform.Application/Features/Workflow/Commands/RejectWorkflowTaskCommand.cs	L2-AUTH22-archive
services/Diten.Platform/src/Diten.Platform.Application/Features/Workflow/Commands/RequestInfoWorkflowTaskCommand.cs	L2-AUTH22-archive
services/Diten.Platform/src/Diten.Platform.Application/Features/Workflow/Commands/RunWorkflowEscalationsCommand.cs	L2-AUTH22-archive
services/Diten.Platform/src/Diten.Platform.Application/Features/Workflow/Commands/StartWorkflowInstanceCommand.cs	L2-AUTH22-archive
services/Diten.Platform/src/Diten.Platform.Application/Features/Workflow/Handlers/CommandHandlers/ApproveWorkflowTaskHandler.cs	L2-AUTH22-archive
services/Diten.Platform/src/Diten.Platform.Application/Features/Workflow/Handlers/CommandHandlers/CancelWorkflowTaskHandler.cs	L2-AUTH22-archive
services/Diten.Platform/src/Diten.Platform.Application/Features/Workflow/Handlers/CommandHandlers/CreateSlaEscalationRuleHandler.cs	L2-AUTH22-archive
services/Diten.Platform/src/Diten.Platform.Application/Features/Workflow/Handlers/CommandHandlers/CreateWorkflowDefinitionHandler.cs	L2-AUTH22-archive
services/Diten.Platform/src/Diten.Platform.Application/Features/Workflow/Handlers/CommandHandlers/DelegateWorkflowTaskHandler.cs	L2-AUTH22-archive
services/Diten.Platform/src/Diten.Platform.Application/Features/Workflow/Handlers/CommandHandlers/PublishWorkflowDefinitionHandler.cs	L2-AUTH22-archive
services/Diten.Platform/src/Diten.Platform.Application/Features/Workflow/Handlers/CommandHandlers/RejectWorkflowTaskHandler.cs	L2-AUTH22-archive
services/Diten.Platform/src/Diten.Platform.Application/Features/Workflow/Handlers/CommandHandlers/RequestInfoWorkflowTaskHandler.cs	L2-AUTH22-archive
services/Diten.Platform/src/Diten.Platform.Application/Features/Workflow/Handlers/CommandHandlers/RunWorkflowEscalationsHandler.cs	L2-AUTH22-archive
services/Diten.Platform/src/Diten.Platform.Application/Features/Workflow/Handlers/CommandHandlers/StartWorkflowInstanceHandler.cs	L2-AUTH22-archive
services/Diten.Platform/src/Diten.Platform.Application/Features/Workflow/Handlers/CommandHandlers/WorkflowCandidateResolver.cs	L2-AUTH22-archive
services/Diten.Platform/src/Diten.Platform.Application/Features/Workflow/Handlers/CommandHandlers/WorkflowDefinitionRuntimePlan.cs	L2-AUTH22-archive
services/Diten.Platform/src/Diten.Platform.Application/Features/Workflow/Handlers/CommandHandlers/WorkflowTaskTransitionSupport.cs	L2-AUTH22-archive
services/Diten.Platform/src/Diten.Platform.Application/Features/Workflow/Handlers/QueryHandlers/EvaluateWorkflowTransitionGateHandler.cs	L2-AUTH22-archive
services/Diten.Platform/src/Diten.Platform.Application/Features/Workflow/Handlers/QueryHandlers/GetMyWorkflowTasksHandler.cs	L2-AUTH22-archive
services/Diten.Platform/src/Diten.Platform.Application/Features/Workflow/Handlers/QueryHandlers/GetSlaEscalationRulesHandler.cs	L2-AUTH22-archive
services/Diten.Platform/src/Diten.Platform.Application/Features/Workflow/Handlers/QueryHandlers/GetWorkflowDefinitionByIdHandler.cs	L2-AUTH22-archive
services/Diten.Platform/src/Diten.Platform.Application/Features/Workflow/Handlers/QueryHandlers/GetWorkflowDefinitionListHandler.cs	L2-AUTH22-archive
services/Diten.Platform/src/Diten.Platform.Application/Features/Workflow/Handlers/QueryHandlers/GetWorkflowDefinitionVersionByIdHandler.cs	L2-AUTH22-archive
services/Diten.Platform/src/Diten.Platform.Application/Features/Workflow/Handlers/QueryHandlers/GetWorkflowDefinitionVersionsHandler.cs	L2-AUTH22-archive
services/Diten.Platform/src/Diten.Platform.Application/Features/Workflow/Handlers/QueryHandlers/GetWorkflowInstanceByIdHandler.cs	L2-AUTH22-archive
services/Diten.Platform/src/Diten.Platform.Application/Features/Workflow/Handlers/QueryHandlers/GetWorkflowInstanceListHandler.cs	L2-AUTH22-archive
services/Diten.Platform/src/Diten.Platform.Application/Features/Workflow/Handlers/QueryHandlers/GetWorkflowTaskListHandler.cs	L2-AUTH22-archive
services/Diten.Platform/src/Diten.Platform.Application/Features/Workflow/Queries/EvaluateWorkflowTransitionGateQuery.cs	L2-AUTH22-archive
services/Diten.Platform/src/Diten.Platform.Application/Features/Workflow/Queries/GetMyWorkflowTasksQuery.cs	L2-AUTH22-archive
services/Diten.Platform/src/Diten.Platform.Application/Features/Workflow/Queries/GetSlaEscalationRulesQuery.cs	L2-AUTH22-archive
services/Diten.Platform/src/Diten.Platform.Application/Features/Workflow/Queries/GetWorkflowDefinitionByIdQuery.cs	L2-AUTH22-archive
services/Diten.Platform/src/Diten.Platform.Application/Features/Workflow/Queries/GetWorkflowDefinitionListQuery.cs	L2-AUTH22-archive
services/Diten.Platform/src/Diten.Platform.Application/Features/Workflow/Queries/GetWorkflowDefinitionVersionByIdQuery.cs	L2-AUTH22-archive
services/Diten.Platform/src/Diten.Platform.Application/Features/Workflow/Queries/GetWorkflowDefinitionVersionsQuery.cs	L2-AUTH22-archive
services/Diten.Platform/src/Diten.Platform.Application/Features/Workflow/Queries/GetWorkflowInstanceByIdQuery.cs	L2-AUTH22-archive
services/Diten.Platform/src/Diten.Platform.Application/Features/Workflow/Queries/GetWorkflowInstanceListQuery.cs	L2-AUTH22-archive
services/Diten.Platform/src/Diten.Platform.Application/Features/Workflow/Queries/GetWorkflowTaskListQuery.cs	L2-AUTH22-archive
services/Diten.Platform/src/Diten.Platform.Application/Features/Workflow/SelfRegistration/WorkflowManifestProvider.cs	L2-AUTH22-archive
services/Diten.Platform/src/Diten.Platform.Application/Features/Workflow/Validators/ApproveWorkflowTaskValidator.cs	L2-AUTH22-archive
services/Diten.Platform/src/Diten.Platform.Application/Features/Workflow/Validators/CancelWorkflowTaskValidator.cs	L2-AUTH22-archive
services/Diten.Platform/src/Diten.Platform.Application/Features/Workflow/Validators/CreateSlaEscalationRuleValidator.cs	L2-AUTH22-archive
services/Diten.Platform/src/Diten.Platform.Application/Features/Workflow/Validators/CreateWorkflowDefinitionValidator.cs	L2-AUTH22-archive
services/Diten.Platform/src/Diten.Platform.Application/Features/Workflow/Validators/DelegateWorkflowTaskValidator.cs	L2-AUTH22-archive
services/Diten.Platform/src/Diten.Platform.Application/Features/Workflow/Validators/EvaluateWorkflowTransitionGateValidator.cs	L2-AUTH22-archive
services/Diten.Platform/src/Diten.Platform.Application/Features/Workflow/Validators/PublishWorkflowDefinitionValidator.cs	L2-AUTH22-archive
services/Diten.Platform/src/Diten.Platform.Application/Features/Workflow/Validators/RejectWorkflowTaskValidator.cs	L2-AUTH22-archive
services/Diten.Platform/src/Diten.Platform.Application/Features/Workflow/Validators/RequestInfoWorkflowTaskValidator.cs	L2-AUTH22-archive
services/Diten.Platform/src/Diten.Platform.Application/Features/Workflow/Validators/RunWorkflowEscalationsValidator.cs	L2-AUTH22-archive
services/Diten.Platform/src/Diten.Platform.Application/Features/Workflow/Validators/StartWorkflowInstanceValidator.cs	L2-AUTH22-archive
services/Diten.Platform/src/Diten.Platform.Application/Features/Workflow/WorkflowModels.cs	L2-AUTH22-archive
services/Diten.Platform/src/Diten.Platform.Application/Features/WorkingCalendar/Commands/ActivateWorkingCalendarCommand.cs	L2-AUTH22-archive
services/Diten.Platform/src/Diten.Platform.Application/Features/WorkingCalendar/Commands/ArchiveWorkingCalendarCommand.cs	L2-AUTH22-archive
services/Diten.Platform/src/Diten.Platform.Application/Features/WorkingCalendar/Commands/ArchiveWorkingCalendarDayCommand.cs	L2-AUTH22-archive
services/Diten.Platform/src/Diten.Platform.Application/Features/WorkingCalendar/Commands/CreateWorkingCalendarCommand.cs	L2-AUTH22-archive
services/Diten.Platform/src/Diten.Platform.Application/Features/WorkingCalendar/Commands/UpdateWorkingCalendarCommand.cs	L2-AUTH22-archive
services/Diten.Platform/src/Diten.Platform.Application/Features/WorkingCalendar/Commands/UpsertWorkingCalendarDayCommand.cs	L2-AUTH22-archive
services/Diten.Platform/src/Diten.Platform.Application/Features/WorkingCalendar/Handlers/CommandHandlers/ActivateWorkingCalendarHandler.cs	L2-AUTH22-archive
services/Diten.Platform/src/Diten.Platform.Application/Features/WorkingCalendar/Handlers/CommandHandlers/ArchiveWorkingCalendarDayHandler.cs	L2-AUTH22-archive
services/Diten.Platform/src/Diten.Platform.Application/Features/WorkingCalendar/Handlers/CommandHandlers/ArchiveWorkingCalendarHandler.cs	L2-AUTH22-archive
services/Diten.Platform/src/Diten.Platform.Application/Features/WorkingCalendar/Handlers/CommandHandlers/CreateWorkingCalendarHandler.cs	L2-AUTH22-archive
services/Diten.Platform/src/Diten.Platform.Application/Features/WorkingCalendar/Handlers/CommandHandlers/UpdateWorkingCalendarHandler.cs	L2-AUTH22-archive
services/Diten.Platform/src/Diten.Platform.Application/Features/WorkingCalendar/Handlers/CommandHandlers/UpsertWorkingCalendarDayHandler.cs	L2-AUTH22-archive
services/Diten.Platform/src/Diten.Platform.Application/Features/WorkingCalendar/Handlers/CommandHandlers/WorkingCalendarWriteGuard.cs	L2-AUTH22-archive
services/Diten.Platform/src/Diten.Platform.Application/Features/WorkingCalendar/Handlers/QueryHandlers/GetWorkingCalendarByIdHandler.cs	L2-AUTH22-archive
services/Diten.Platform/src/Diten.Platform.Application/Features/WorkingCalendar/Handlers/QueryHandlers/GetWorkingCalendarContractHandler.cs	L2-AUTH22-archive
services/Diten.Platform/src/Diten.Platform.Application/Features/WorkingCalendar/Handlers/QueryHandlers/ListWorkingCalendarsHandler.cs	L2-AUTH22-archive
services/Diten.Platform/src/Diten.Platform.Application/Features/WorkingCalendar/Handlers/QueryHandlers/ResolveWorkingDayHandler.cs	L2-AUTH22-archive
services/Diten.Platform/src/Diten.Platform.Application/Features/WorkingCalendar/Provider/IWorkingCalendarProvider.cs	L2-AUTH22-archive
services/Diten.Platform/src/Diten.Platform.Application/Features/WorkingCalendar/Provider/WorkingCalendarContracts.cs	L2-AUTH22-archive
services/Diten.Platform/src/Diten.Platform.Application/Features/WorkingCalendar/Provider/WorkingCalendarResolveEngine.cs	L2-AUTH22-archive
services/Diten.Platform/src/Diten.Platform.Application/Features/WorkingCalendar/Queries/GetWorkingCalendarByIdQuery.cs	L2-AUTH22-archive
services/Diten.Platform/src/Diten.Platform.Application/Features/WorkingCalendar/Queries/GetWorkingCalendarContractQuery.cs	L2-AUTH22-archive
services/Diten.Platform/src/Diten.Platform.Application/Features/WorkingCalendar/Queries/ListWorkingCalendarsQuery.cs	L2-AUTH22-archive
services/Diten.Platform/src/Diten.Platform.Application/Features/WorkingCalendar/Queries/ResolveWorkingDayQuery.cs	L2-AUTH22-archive
services/Diten.Platform/src/Diten.Platform.Application/Features/WorkingCalendar/SelfRegistration/WorkingCalendarManifestProvider.cs	L2-AUTH22-archive
services/Diten.Platform/src/Diten.Platform.Application/Features/WorkingCalendar/Services/IWorkingCalendarLegalEntityValidator.cs	L2-AUTH22-archive
services/Diten.Platform/src/Diten.Platform.Application/Features/WorkingCalendar/WorkingCalendarMapper.cs	L2-AUTH22-archive
services/Diten.Platform/src/Diten.Platform.Application/Features/WorkingCalendar/WorkingCalendarModels.cs	L2-AUTH22-archive
services/Diten.Platform/src/Diten.Platform.Application/Features/WorkingCalendar/WorkingCalendarPermissions.cs	L2-AUTH22-archive
services/Diten.Platform/src/Diten.Platform.Application/Features/WorkingCalendar/WorkingCalendarValidation.cs	L2-AUTH22-archive
services/Diten.Platform/src/Diten.Platform.Application/Features/WorkingCalendarImport/HolidayAutoFetchJob.cs	L2-AUTH22-archive
services/Diten.Platform/src/Diten.Platform.Application/Features/WorkingCalendarImport/WorkingCalendarImportContracts.cs	L2-AUTH22-archive
services/Diten.Platform/src/Diten.Platform.Application/Features/WorkingCalendarImport/WorkingCalendarImportHandlers.cs	L2-AUTH22-archive
services/Diten.Platform/src/Diten.Platform.Application/Features/WorkingCalendarImport/WorkingCalendarImportManifestProvider.cs	L2-AUTH22-archive
services/Diten.Platform/src/Diten.Platform.Application/Features/WorkingCalendarImport/WorkingCalendarImportRequests.cs	L2-AUTH22-archive
services/Diten.Platform/src/Diten.Platform.Application/Models/SavedViewModel.cs	L2-AUTH22-archive
services/Diten.Platform/src/Diten.Platform.Application/Properties/AssemblyInfo.cs	L2-AUTH22-archive
services/Diten.Platform/src/Diten.Platform.Application/Security/ActorSafetyGuard.cs	L2-AUTH22-archive
services/Diten.Platform/src/Diten.Platform.Application/Security/AdminSafetyAction.cs	L2-AUTH22-archive
services/Diten.Platform/src/Diten.Platform.Application/Security/BulkSafetyResult.cs	L2-AUTH22-archive
services/Diten.Platform/src/Diten.Platform.Application/Security/IActorSafetyGuard.cs	L2-AUTH22-archive
services/Diten.Platform/src/Diten.Platform.Application/Services/EntitlementCacheOptions.cs	L2-AUTH22-archive
services/Diten.Platform/src/Diten.Platform.Application/Services/EntitlementCacheService.cs	L2-AUTH22-archive
services/Diten.Platform/src/Diten.Platform.Application/Services/EntitlementChecker.cs	L2-AUTH22-archive
services/Diten.Platform/src/Diten.Platform.Application/Services/Eventing/ConsumedEventStore.cs	L2-AUTH22-archive
services/Diten.Platform/src/Diten.Platform.Application/Services/Eventing/EventBus.cs	L2-AUTH22-archive
services/Diten.Platform/src/Diten.Platform.Application/Services/Eventing/TransactionalIntegrationEventWriter.cs	L2-AUTH22-archive
services/Diten.Platform/src/Diten.Platform.Application/Services/ITenantModuleAccessService.cs	L2-AUTH22-archive
services/Diten.Platform/src/Diten.Platform.Application/Services/PlatformCatalogContract.cs	L2-AUTH22-archive
services/Diten.Platform/src/Diten.Platform.Application/Services/TenantModuleAccessService.cs	L2-AUTH22-archive
services/Diten.Platform/src/Diten.Platform.Application/Services/WorkflowTransitionGate.cs	L2-AUTH22-archive
services/Diten.Platform/src/Diten.Platform.Domain/Catalog/ModuleTaxonomyCanonicalizer.cs	L2-AUTH22-archive
services/Diten.Platform/src/Diten.Platform.Domain/Common/BaseEntity.cs	L2-AUTH22-archive
services/Diten.Platform/src/Diten.Platform.Domain/Diten.Platform.Domain.csproj	L2-AUTH22-archive
services/Diten.Platform/src/Diten.Platform.Domain/Entities/Audit/AuditEvent.cs	L2-AUTH22-archive
services/Diten.Platform/src/Diten.Platform.Domain/Entities/Audit/AuditEventRetentionPolicy.cs	L2-AUTH22-archive
services/Diten.Platform/src/Diten.Platform.Domain/Entities/Audit/AuditTenantIds.cs	L2-AUTH22-archive
services/Diten.Platform/src/Diten.Platform.Domain/Entities/Audit/TenantAuditPreference.cs	L2-AUTH22-archive
services/Diten.Platform/src/Diten.Platform.Domain/Entities/DocumentManagement/BaselineRelease.cs	L2-AUTH22-archive
services/Diten.Platform/src/Diten.Platform.Domain/Entities/DocumentManagement/BaselineSnapshotManifest.cs	L2-AUTH22-archive
services/Diten.Platform/src/Diten.Platform.Domain/Entities/DocumentManagement/CollectionDefinition.cs	L2-AUTH22-archive
services/Diten.Platform/src/Diten.Platform.Domain/Entities/DocumentManagement/CollectionInstance.cs	L2-AUTH22-archive
services/Diten.Platform/src/Diten.Platform.Domain/Entities/DocumentManagement/ContentRef.cs	L2-AUTH22-archive
services/Diten.Platform/src/Diten.Platform.Domain/Entities/DocumentManagement/ControlledDocument.cs	L2-AUTH22-archive
services/Diten.Platform/src/Diten.Platform.Domain/Entities/DocumentManagement/ControlledDocumentRegistrationOperation.cs	L2-AUTH22-archive
services/Diten.Platform/src/Diten.Platform.Domain/Entities/DocumentManagement/ControlledDocumentVersion.cs	L2-AUTH22-archive
services/Diten.Platform/src/Diten.Platform.Domain/Entities/DocumentManagement/CorporateCollectionInstanceProvisioningOperation.cs	L2-AUTH22-archive
services/Diten.Platform/src/Diten.Platform.Domain/Entities/DocumentManagement/DocumentAccessPolicy.cs	L2-AUTH22-archive
services/Diten.Platform/src/Diten.Platform.Domain/Entities/DocumentManagement/DocumentAccessPolicyEntry.cs	L2-AUTH22-archive
services/Diten.Platform/src/Diten.Platform.Domain/Entities/DocumentManagement/DocumentApprovalEvidence.cs	L2-AUTH22-archive
services/Diten.Platform/src/Diten.Platform.Domain/Entities/DocumentManagement/DocumentApprovalRequirement.cs	L2-AUTH22-archive
services/Diten.Platform/src/Diten.Platform.Domain/Entities/DocumentManagement/DocumentCAPAAction.cs	L2-AUTH22-archive
services/Diten.Platform/src/Diten.Platform.Domain/Entities/DocumentManagement/DocumentCollectionDeviation.cs	L2-AUTH22-archive
services/Diten.Platform/src/Diten.Platform.Domain/Entities/DocumentManagement/DocumentCollectionProvisioningEvidence.cs	L2-AUTH22-archive
services/Diten.Platform/src/Diten.Platform.Domain/Entities/DocumentManagement/DocumentControlledCopy.cs	L2-AUTH22-archive
services/Diten.Platform/src/Diten.Platform.Domain/Entities/DocumentManagement/DocumentCopyWithdrawalPlan.cs	L2-AUTH22-archive
services/Diten.Platform/src/Diten.Platform.Domain/Entities/DocumentManagement/DocumentDeviation.cs	L2-AUTH22-archive
services/Diten.Platform/src/Diten.Platform.Domain/Entities/DocumentManagement/DocumentDispositionRequest.cs	L2-AUTH22-archive
services/Diten.Platform/src/Diten.Platform.Domain/Entities/DocumentManagement/DocumentDowntimeEscalation.cs	L2-AUTH22-archive
services/Diten.Platform/src/Diten.Platform.Domain/Entities/DocumentManagement/DocumentFavorite.cs	L2-AUTH22-archive
services/Diten.Platform/src/Diten.Platform.Domain/Entities/DocumentManagement/DocumentGDocPCorrectionPolicy.cs	L2-AUTH22-archive
services/Diten.Platform/src/Diten.Platform.Domain/Entities/DocumentManagement/DocumentGDocPCorrectionRecord.cs	L2-AUTH22-archive
services/Diten.Platform/src/Diten.Platform.Domain/Entities/DocumentManagement/DocumentGDocPCorrectionReview.cs	L2-AUTH22-archive
services/Diten.Platform/src/Diten.Platform.Domain/Entities/DocumentManagement/DocumentGovernancePolicyPackApplication.cs	L2-AUTH22-archive
services/Diten.Platform/src/Diten.Platform.Domain/Entities/DocumentManagement/DocumentGovernanceSweepRun.cs	L2-AUTH22-archive
services/Diten.Platform/src/Diten.Platform.Domain/Entities/DocumentManagement/DocumentIdentifierAllocation.cs	L2-AUTH22-archive
services/Diten.Platform/src/Diten.Platform.Domain/Entities/DocumentManagement/DocumentIdentifierSequenceCounter.cs	L2-AUTH22-archive
services/Diten.Platform/src/Diten.Platform.Domain/Entities/DocumentManagement/DocumentLegalHold.cs	L2-AUTH22-archive
services/Diten.Platform/src/Diten.Platform.Domain/Entities/DocumentManagement/DocumentLegalHoldSubject.cs	L2-AUTH22-archive
services/Diten.Platform/src/Diten.Platform.Domain/Entities/DocumentManagement/DocumentLifecycleTransitionRecord.cs	L2-AUTH22-archive
services/Diten.Platform/src/Diten.Platform.Domain/Entities/DocumentManagement/DocumentMasterRegisterEntry.cs	L2-AUTH22-archive
services/Diten.Platform/src/Diten.Platform.Domain/Entities/DocumentManagement/DocumentObsoleteCopyFinding.cs	L2-AUTH22-archive
services/Diten.Platform/src/Diten.Platform.Domain/Entities/DocumentManagement/DocumentPeriodicReview.cs	L2-AUTH22-archive
services/Diten.Platform/src/Diten.Platform.Domain/Entities/DocumentManagement/DocumentPeriodicReviewEscalation.cs	L2-AUTH22-archive
services/Diten.Platform/src/Diten.Platform.Domain/Entities/DocumentManagement/DocumentPeriodicReviewExtension.cs	L2-AUTH22-archive
services/Diten.Platform/src/Diten.Platform.Domain/Entities/DocumentManagement/DocumentQualityEvent.cs	L2-AUTH22-archive
services/Diten.Platform/src/Diten.Platform.Domain/Entities/DocumentManagement/DocumentQualityEventSourceLink.cs	L2-AUTH22-archive
services/Diten.Platform/src/Diten.Platform.Domain/Entities/DocumentManagement/DocumentRegisterImportBatch.cs	L2-AUTH22-archive
services/Diten.Platform/src/Diten.Platform.Domain/Entities/DocumentManagement/DocumentReleaseGateEvaluation.cs	L2-AUTH22-archive
services/Diten.Platform/src/Diten.Platform.Domain/Entities/DocumentManagement/DocumentReleaseGateEvidence.cs	L2-AUTH22-archive
services/Diten.Platform/src/Diten.Platform.Domain/Entities/DocumentManagement/DocumentReleaseGateResult.cs	L2-AUTH22-archive
services/Diten.Platform/src/Diten.Platform.Domain/Entities/DocumentManagement/DocumentRepositoryAssessment.cs	L2-AUTH22-archive
services/Diten.Platform/src/Diten.Platform.Domain/Entities/DocumentManagement/DocumentRepositoryAssessmentFinding.cs	L2-AUTH22-archive
services/Diten.Platform/src/Diten.Platform.Domain/Entities/DocumentManagement/DocumentRepositoryDowntimeEvent.cs	L2-AUTH22-archive
services/Diten.Platform/src/Diten.Platform.Domain/Entities/DocumentManagement/DocumentRetentionPolicy.cs	L2-AUTH22-archive
services/Diten.Platform/src/Diten.Platform.Domain/Entities/DocumentManagement/DocumentRetentionSubject.cs	L2-AUTH22-archive
services/Diten.Platform/src/Diten.Platform.Domain/Entities/DocumentManagement/DocumentRetirementCase.cs	L2-AUTH22-archive
services/Diten.Platform/src/Diten.Platform.Domain/Entities/DocumentManagement/DocumentSharePolicy.cs	L2-AUTH22-archive
services/Diten.Platform/src/Diten.Platform.Domain/Entities/DocumentManagement/DocumentShareRecord.cs	L2-AUTH22-archive
services/Diten.Platform/src/Diten.Platform.Domain/Entities/DocumentManagement/DocumentSignaturePolicy.cs	L2-AUTH22-archive
services/Diten.Platform/src/Diten.Platform.Domain/Entities/DocumentManagement/DocumentSignatureRecord.cs	L2-AUTH22-archive
services/Diten.Platform/src/Diten.Platform.Domain/Entities/DocumentManagement/DocumentSignatureRequest.cs	L2-AUTH22-archive
services/Diten.Platform/src/Diten.Platform.Domain/Entities/DocumentManagement/DocumentSignedObjectFingerprint.cs	L2-AUTH22-archive
services/Diten.Platform/src/Diten.Platform.Domain/Entities/DocumentManagement/DocumentSuspensionCase.cs	L2-AUTH22-archive
services/Diten.Platform/src/Diten.Platform.Domain/Entities/DocumentManagement/DocumentTemporaryControlledIssue.cs	L2-AUTH22-archive
services/Diten.Platform/src/Diten.Platform.Domain/Entities/DocumentManagement/DocumentTrainingAssignment.cs	L2-AUTH22-archive
services/Diten.Platform/src/Diten.Platform.Domain/Entities/DocumentManagement/DocumentTrainingMatrixRequirement.cs	L2-AUTH22-archive
services/Diten.Platform/src/Diten.Platform.Domain/Entities/DocumentManagement/DocumentVariant.cs	L2-AUTH22-archive
services/Diten.Platform/src/Diten.Platform.Domain/Entities/DocumentManagement/ExternalDocumentImpactAssessment.cs	L2-AUTH22-archive
services/Diten.Platform/src/Diten.Platform.Domain/Entities/DocumentManagement/ExternalDocumentInternalLink.cs	L2-AUTH22-archive
services/Diten.Platform/src/Diten.Platform.Domain/Entities/DocumentManagement/ExternalDocumentMonitoringCheck.cs	L2-AUTH22-archive
services/Diten.Platform/src/Diten.Platform.Domain/Entities/DocumentManagement/ExternalDocumentRegisterEntry.cs	L2-AUTH22-archive
services/Diten.Platform/src/Diten.Platform.Domain/Entities/DocumentManagement/FolderDocumentAccessPolicy.cs	L2-AUTH22-archive
services/Diten.Platform/src/Diten.Platform.Domain/Entities/DocumentManagement/FolderShareOperation.cs	L2-AUTH22-archive
services/Diten.Platform/src/Diten.Platform.Domain/Entities/DocumentManagement/FolderShareOutcome.cs	L2-AUTH22-archive
services/Diten.Platform/src/Diten.Platform.Domain/Entities/DocumentManagement/InstantiationOperation.cs	L2-AUTH22-archive
services/Diten.Platform/src/Diten.Platform.Domain/Entities/DocumentManagement/InstantiationOutcome.cs	L2-AUTH22-archive
services/Diten.Platform/src/Diten.Platform.Domain/Entities/DocumentManagement/ScopeBinding.cs	L2-AUTH22-archive
services/Diten.Platform/src/Diten.Platform.Domain/Entities/DocumentManagement/TemplateDocument.cs	L2-AUTH22-archive
services/Diten.Platform/src/Diten.Platform.Domain/Entities/DocumentManagement/TemplateMaster.cs	L2-AUTH22-archive
services/Diten.Platform/src/Diten.Platform.Domain/Entities/DocumentManagement/TemplateMasterVersion.cs	L2-AUTH22-archive
services/Diten.Platform/src/Diten.Platform.Domain/Entities/DocumentManagement/TemplateVariant.cs	L2-AUTH22-archive
services/Diten.Platform/src/Diten.Platform.Domain/Entities/DocumentManagement/TemplateVariantLocalizationProfile.cs	L2-AUTH22-archive
services/Diten.Platform/src/Diten.Platform.Domain/Entities/DocumentManagement/TemplateVariantParentChangeAssessment.cs	L2-AUTH22-archive
services/Diten.Platform/src/Diten.Platform.Domain/Entities/DocumentManagement/TemplateVariantReviewEvidence.cs	L2-AUTH22-archive
services/Diten.Platform/src/Diten.Platform.Domain/Entities/DocumentManagement/TemplateVersion.cs	L2-AUTH22-archive
services/Diten.Platform/src/Diten.Platform.Domain/Entities/DocumentManagement/TemporaryInstructionControl.cs	L2-AUTH22-archive
services/Diten.Platform/src/Diten.Platform.Domain/Entities/DocumentRepository/RepositoryObject.cs	L2-AUTH22-archive
services/Diten.Platform/src/Diten.Platform.Domain/Entities/GlobalApplicabilityState.cs	L2-AUTH22-archive
services/Diten.Platform/src/Diten.Platform.Domain/Entities/InitialAdminInfo.cs	L2-AUTH22-archive
services/Diten.Platform/src/Diten.Platform.Domain/Entities/InterfaceRegistry/InterfaceActiveSnapshot.cs	L2-AUTH22-archive
services/Diten.Platform/src/Diten.Platform.Domain/Entities/InterfaceRegistry/InterfaceConsumerSnapshot.cs	L2-AUTH22-archive
services/Diten.Platform/src/Diten.Platform.Domain/Entities/InterfaceRegistry/InterfaceDefinition.cs	L2-AUTH22-archive
services/Diten.Platform/src/Diten.Platform.Domain/Entities/InterfaceRegistry/InterfaceDefinitionSnapshot.cs	L2-AUTH22-archive
services/Diten.Platform/src/Diten.Platform.Domain/Entities/InterfaceRegistry/InterfaceDiscoveryBatch.cs	L2-AUTH22-archive
services/Diten.Platform/src/Diten.Platform.Domain/Entities/InterfaceRegistry/InterfaceDiscoveryDiffItem.cs	L2-AUTH22-archive
services/Diten.Platform/src/Diten.Platform.Domain/Entities/InterfaceRegistry/InterfaceEndpointSnapshot.cs	L2-AUTH22-archive
services/Diten.Platform/src/Diten.Platform.Domain/Entities/InterfaceRegistry/InterfaceRegistryStatuses.cs	L2-AUTH22-archive
services/Diten.Platform/src/Diten.Platform.Domain/Entities/JobExecutionLog.cs	L2-AUTH22-archive
services/Diten.Platform/src/Diten.Platform.Domain/Entities/Meetings/AgendaItem.cs	L2-AUTH22-archive
services/Diten.Platform/src/Diten.Platform.Domain/Entities/Meetings/Meeting.cs	L2-AUTH22-archive
services/Diten.Platform/src/Diten.Platform.Domain/Entities/Meetings/MeetingAttendee.cs	L2-AUTH22-archive
services/Diten.Platform/src/Diten.Platform.Domain/Entities/Meetings/MeetingType.cs	L2-AUTH22-archive
services/Diten.Platform/src/Diten.Platform.Domain/Entities/Meetings/RecordLink.cs	L2-AUTH22-archive
services/Diten.Platform/src/Diten.Platform.Domain/Entities/ModuleCatalogItem.cs	L2-AUTH22-archive
services/Diten.Platform/src/Diten.Platform.Domain/Entities/ModuleDomain.cs	L2-AUTH22-archive
services/Diten.Platform/src/Diten.Platform.Domain/Entities/ModulePageActionDescriptor.cs	L2-AUTH22-archive
services/Diten.Platform/src/Diten.Platform.Domain/Entities/ModulePageDescriptor.cs	L2-AUTH22-archive
services/Diten.Platform/src/Diten.Platform.Domain/Entities/ModuleService.cs	L2-AUTH22-archive
services/Diten.Platform/src/Diten.Platform.Domain/Entities/Notifications/EmailMessage.cs	L2-AUTH22-archive
services/Diten.Platform/src/Diten.Platform.Domain/Entities/Notifications/EmailRecipient.cs	L2-AUTH22-archive
services/Diten.Platform/src/Diten.Platform.Domain/Entities/Notifications/NotificationDispatch.cs	L2-AUTH22-archive
services/Diten.Platform/src/Diten.Platform.Domain/Entities/Notifications/NotificationEventDefinition.cs	L2-AUTH22-archive
services/Diten.Platform/src/Diten.Platform.Domain/Entities/Notifications/NotificationTemplate.cs	L2-AUTH22-archive
services/Diten.Platform/src/Diten.Platform.Domain/Entities/Notifications/TemplateVariableDefinition.cs	L2-AUTH22-archive
services/Diten.Platform/src/Diten.Platform.Domain/Entities/Notifications/TenantMessagingSettings.cs	L2-AUTH22-archive
services/Diten.Platform/src/Diten.Platform.Domain/Entities/Notifications/UserNotification.cs	L2-AUTH22-archive
services/Diten.Platform/src/Diten.Platform.Domain/Entities/Organization/OrganizationEnums.cs	L2-AUTH22-archive
services/Diten.Platform/src/Diten.Platform.Domain/Entities/Organization/OrganizationFieldDefinition.cs	L2-AUTH22-archive
services/Diten.Platform/src/Diten.Platform.Domain/Entities/Organization/OrganizationFieldValue.cs	L2-AUTH22-archive
services/Diten.Platform/src/Diten.Platform.Domain/Entities/Organization/OrganizationUnit.cs	L2-AUTH22-archive
services/Diten.Platform/src/Diten.Platform.Domain/Entities/Organization/PersonReference.cs	L2-AUTH22-archive
services/Diten.Platform/src/Diten.Platform.Domain/Entities/Organization/Position.cs	L2-AUTH22-archive
services/Diten.Platform/src/Diten.Platform.Domain/Entities/Organization/PositionAssignment.cs	L2-AUTH22-archive
services/Diten.Platform/src/Diten.Platform.Domain/Entities/PlatformAdministrator.cs	L2-AUTH22-archive
services/Diten.Platform/src/Diten.Platform.Domain/Entities/QuotaEvent.cs	L2-AUTH22-archive
services/Diten.Platform/src/Diten.Platform.Domain/Entities/QuotaUsage.cs	L2-AUTH22-archive
services/Diten.Platform/src/Diten.Platform.Domain/Entities/ReferenceDataEntities.cs	L2-AUTH22-archive
services/Diten.Platform/src/Diten.Platform.Domain/Entities/ReferenceDataEntitiesv2.cs	L2-AUTH22-archive
services/Diten.Platform/src/Diten.Platform.Domain/Entities/SavedView.cs	L2-AUTH22-archive
services/Diten.Platform/src/Diten.Platform.Domain/Entities/SubscriptionPlan.cs	L2-AUTH22-archive
services/Diten.Platform/src/Diten.Platform.Domain/Entities/SystemTenantRules.cs	L2-AUTH22-archive
services/Diten.Platform/src/Diten.Platform.Domain/Entities/Tasks/TaskAttachment.cs	L2-AUTH22-archive
services/Diten.Platform/src/Diten.Platform.Domain/Entities/Tasks/TaskFieldChange.cs	L2-AUTH22-archive
services/Diten.Platform/src/Diten.Platform.Domain/Entities/Tasks/TaskFieldDiff.cs	L2-AUTH22-archive
services/Diten.Platform/src/Diten.Platform.Domain/Entities/Tasks/TaskItem.cs	L2-AUTH22-archive
services/Diten.Platform/src/Diten.Platform.Domain/Entities/Tasks/TaskSupportingEntities.cs	L2-AUTH22-archive
services/Diten.Platform/src/Diten.Platform.Domain/Entities/Tenant.cs	L2-AUTH22-archive
services/Diten.Platform/src/Diten.Platform.Domain/Entities/TenantDomain.cs	L2-AUTH22-archive
services/Diten.Platform/src/Diten.Platform.Domain/Entities/TenantLoginSettings.cs	L2-AUTH22-archive
services/Diten.Platform/src/Diten.Platform.Domain/Entities/TenantModuleEntitlement.cs	L2-AUTH22-archive
services/Diten.Platform/src/Diten.Platform.Domain/Entities/TenantNavDomainPreference.cs	L2-AUTH22-archive
services/Diten.Platform/src/Diten.Platform.Domain/Entities/TenantNavPreference.cs	L2-AUTH22-archive
services/Diten.Platform/src/Diten.Platform.Domain/Entities/TenantSubscription.cs	L2-AUTH22-archive
services/Diten.Platform/src/Diten.Platform.Domain/Entities/TenantType.cs	L2-AUTH22-archive
services/Diten.Platform/src/Diten.Platform.Domain/Entities/Workflow/ApprovalTask.cs	L2-AUTH22-archive
services/Diten.Platform/src/Diten.Platform.Domain/Entities/Workflow/RuntimeAssignmentSnapshot.cs	L2-AUTH22-archive
services/Diten.Platform/src/Diten.Platform.Domain/Entities/Workflow/SlaEscalationRule.cs	L2-AUTH22-archive
services/Diten.Platform/src/Diten.Platform.Domain/Entities/Workflow/WorkflowInstance.cs	L2-AUTH22-archive
services/Diten.Platform/src/Diten.Platform.Domain/Entities/Workflow/WorkflowTemplate.cs	L2-AUTH22-archive
services/Diten.Platform/src/Diten.Platform.Domain/Entities/Workflow/WorkflowTemplateVersion.cs	L2-AUTH22-archive
services/Diten.Platform/src/Diten.Platform.Domain/Entities/Workflow/WorkflowTransitionLog.cs	L2-AUTH22-archive
services/Diten.Platform/src/Diten.Platform.Domain/Entities/WorkingCalendar/WorkingCalendar.cs	L2-AUTH22-archive
services/Diten.Platform/src/Diten.Platform.Domain/Entities/WorkingCalendar/WorkingCalendarImportBatch.cs	L2-AUTH22-archive
services/Diten.Platform/src/Diten.Platform.Domain/Enums/AuditEnums.cs	L2-AUTH22-archive
services/Diten.Platform/src/Diten.Platform.Domain/Enums/DocumentManagement/ApprovalRouteEnums.cs	L2-AUTH22-archive
services/Diten.Platform/src/Diten.Platform.Domain/Enums/DocumentManagement/ControlledCopyEnums.cs	L2-AUTH22-archive
services/Diten.Platform/src/Diten.Platform.Domain/Enums/DocumentManagement/ControlledDocumentEnums.cs	L2-AUTH22-archive
services/Diten.Platform/src/Diten.Platform.Domain/Enums/DocumentManagement/ControlledDocumentLifecyclePolicy.cs	L2-AUTH22-archive
services/Diten.Platform/src/Diten.Platform.Domain/Enums/DocumentManagement/ControlledDocumentRegistrationEnums.cs	L2-AUTH22-archive
services/Diten.Platform/src/Diten.Platform.Domain/Enums/DocumentManagement/DocumentAccessMatrixEnums.cs	L2-AUTH22-archive
services/Diten.Platform/src/Diten.Platform.Domain/Enums/DocumentManagement/DocumentManagementEnums.cs	L2-AUTH22-archive
services/Diten.Platform/src/Diten.Platform.Domain/Enums/DocumentManagement/DowntimeEnums.cs	L2-AUTH22-archive
services/Diten.Platform/src/Diten.Platform.Domain/Enums/DocumentManagement/ElectronicSignatureEnums.cs	L2-AUTH22-archive
services/Diten.Platform/src/Diten.Platform.Domain/Enums/DocumentManagement/ExternalDocumentEnums.cs	L2-AUTH22-archive
services/Diten.Platform/src/Diten.Platform.Domain/Enums/DocumentManagement/GDocPCorrectionEnums.cs	L2-AUTH22-archive
services/Diten.Platform/src/Diten.Platform.Domain/Enums/DocumentManagement/GovernancePolicyPackEnums.cs	L2-AUTH22-archive
services/Diten.Platform/src/Diten.Platform.Domain/Enums/DocumentManagement/GovernanceSweepEnums.cs	L2-AUTH22-archive
services/Diten.Platform/src/Diten.Platform.Domain/Enums/DocumentManagement/IdentifierAllocationEnums.cs	L2-AUTH22-archive
services/Diten.Platform/src/Diten.Platform.Domain/Enums/DocumentManagement/MasterRegisterEnums.cs	L2-AUTH22-archive
services/Diten.Platform/src/Diten.Platform.Domain/Enums/DocumentManagement/PeriodicReviewEnums.cs	L2-AUTH22-archive
services/Diten.Platform/src/Diten.Platform.Domain/Enums/DocumentManagement/ProvisioningReconciliationEnums.cs	L2-AUTH22-archive
services/Diten.Platform/src/Diten.Platform.Domain/Enums/DocumentManagement/QualityEventEnums.cs	L2-AUTH22-archive
services/Diten.Platform/src/Diten.Platform.Domain/Enums/DocumentManagement/ReleaseGateEnums.cs	L2-AUTH22-archive
services/Diten.Platform/src/Diten.Platform.Domain/Enums/DocumentManagement/RepositoryAssessmentEnums.cs	L2-AUTH22-archive
services/Diten.Platform/src/Diten.Platform.Domain/Enums/DocumentManagement/RetentionEnums.cs	L2-AUTH22-archive
services/Diten.Platform/src/Diten.Platform.Domain/Enums/DocumentManagement/SuspensionRetirementEnums.cs	L2-AUTH22-archive
services/Diten.Platform/src/Diten.Platform.Domain/Enums/DocumentManagement/TemplateMasterStatus.cs	L2-AUTH22-archive
services/Diten.Platform/src/Diten.Platform.Domain/Enums/DocumentManagement/TemplateMasterVersionStatus.cs	L2-AUTH22-archive
services/Diten.Platform/src/Diten.Platform.Domain/Enums/DocumentManagement/TemplateVariantApprovalStatus.cs	L2-AUTH22-archive
services/Diten.Platform/src/Diten.Platform.Domain/Enums/DocumentManagement/TemplateVariantContentSource.cs	L2-AUTH22-archive
services/Diten.Platform/src/Diten.Platform.Domain/Enums/DocumentManagement/TemplateVariantDriftStatus.cs	L2-AUTH22-archive
services/Diten.Platform/src/Diten.Platform.Domain/Enums/DocumentManagement/TemplateVariantLocalizationEnums.cs	L2-AUTH22-archive
services/Diten.Platform/src/Diten.Platform.Domain/Enums/DocumentManagement/TemplateVariantPolicy.cs	L2-AUTH22-archive
services/Diten.Platform/src/Diten.Platform.Domain/Enums/DocumentManagement/TemplateVariantScopeType.cs	L2-AUTH22-archive
services/Diten.Platform/src/Diten.Platform.Domain/Enums/DocumentManagement/TemplateVariantStatus.cs	L2-AUTH22-archive
services/Diten.Platform/src/Diten.Platform.Domain/Enums/DocumentManagement/TrainingMatrixEnums.cs	L2-AUTH22-archive
services/Diten.Platform/src/Diten.Platform.Domain/Enums/EntitlementSource.cs	L2-AUTH22-archive
services/Diten.Platform/src/Diten.Platform.Domain/Enums/JobExecutionStatus.cs	L2-AUTH22-archive
services/Diten.Platform/src/Diten.Platform.Domain/Enums/Meetings/MeetingEnums.cs	L2-AUTH22-archive
services/Diten.Platform/src/Diten.Platform.Domain/Enums/ModuleCatalogDomain.cs	L2-AUTH22-archive
services/Diten.Platform/src/Diten.Platform.Domain/Enums/ModuleCatalogOrigin.cs	L2-AUTH22-archive
services/Diten.Platform/src/Diten.Platform.Domain/Enums/ModuleCatalogService.cs	L2-AUTH22-archive
services/Diten.Platform/src/Diten.Platform.Domain/Enums/ModuleCatalogStatus.cs	L2-AUTH22-archive
services/Diten.Platform/src/Diten.Platform.Domain/Enums/ModulePageActionStatus.cs	L2-AUTH22-archive
services/Diten.Platform/src/Diten.Platform.Domain/Enums/ModulePageActionType.cs	L2-AUTH22-archive
services/Diten.Platform/src/Diten.Platform.Domain/Enums/ModulePageStatus.cs	L2-AUTH22-archive
services/Diten.Platform/src/Diten.Platform.Domain/Enums/ModulePageType.cs	L2-AUTH22-archive
services/Diten.Platform/src/Diten.Platform.Domain/Enums/NotificationEnums.cs	L2-AUTH22-archive
services/Diten.Platform/src/Diten.Platform.Domain/Enums/NotificationEventEnums.cs	L2-AUTH22-archive
services/Diten.Platform/src/Diten.Platform.Domain/Enums/PlatformAdministratorEnums.cs	L2-AUTH22-archive
services/Diten.Platform/src/Diten.Platform.Domain/Enums/Tasks/TaskEnums.cs	L2-AUTH22-archive
services/Diten.Platform/src/Diten.Platform.Domain/Enums/TenantSubscriptionStatus.cs	L2-AUTH22-archive
services/Diten.Platform/src/Diten.Platform.Domain/Enums/Workflow/ApprovalTaskStatus.cs	L2-AUTH22-archive
services/Diten.Platform/src/Diten.Platform.Domain/Enums/Workflow/WorkflowInstanceStatus.cs	L2-AUTH22-archive
services/Diten.Platform/src/Diten.Platform.Domain/Enums/Workflow/WorkflowTemplateStatus.cs	L2-AUTH22-archive
services/Diten.Platform/src/Diten.Platform.Domain/Enums/Workflow/WorkflowTemplateVersionStatus.cs	L2-AUTH22-archive
services/Diten.Platform/src/Diten.Platform.Domain/Enums/Workflow/WorkflowTransitionAction.cs	L2-AUTH22-archive
services/Diten.Platform/src/Diten.Platform.Domain/Features/SubscriptionFeatures/FeatureCategory.cs	L2-AUTH22-archive
services/Diten.Platform/src/Diten.Platform.Domain/Features/SubscriptionFeatures/FeatureCategoryStatus.cs	L2-AUTH22-archive
services/Diten.Platform/src/Diten.Platform.Domain/Features/SubscriptionFeatures/FeatureDefinition.cs	L2-AUTH22-archive
services/Diten.Platform/src/Diten.Platform.Domain/Features/SubscriptionFeatures/FeatureDefinitionStatus.cs	L2-AUTH22-archive
services/Diten.Platform/src/Diten.Platform.Domain/Features/SubscriptionFeatures/PlanFeatureAvailabilityStatus.cs	L2-AUTH22-archive
services/Diten.Platform/src/Diten.Platform.Domain/Features/SubscriptionFeatures/PlanFeatureMapping.cs	L2-AUTH22-archive
services/Diten.Platform/src/Diten.Platform.Domain/Repositories/AuditEventQueryModels.cs	L2-AUTH22-archive
services/Diten.Platform/src/Diten.Platform.Domain/Repositories/IAuditEventRepository.cs	L2-AUTH22-archive
services/Diten.Platform/src/Diten.Platform.Domain/Repositories/IAuditRetentionPolicyRepository.cs	L2-AUTH22-archive
services/Diten.Platform/src/Diten.Platform.Domain/Repositories/IBusinessReferenceDataStewardshipRepository.cs	L2-AUTH22-archive
services/Diten.Platform/src/Diten.Platform.Domain/Repositories/IControlledDocumentRegistrationRepository.cs	L2-AUTH22-archive
services/Diten.Platform/src/Diten.Platform.Domain/Repositories/IDocumentManagementAccessMatrixRepositories.cs	L2-AUTH22-archive
services/Diten.Platform/src/Diten.Platform.Domain/Repositories/IDocumentManagementApprovalRepositories.cs	L2-AUTH22-archive
services/Diten.Platform/src/Diten.Platform.Domain/Repositories/IDocumentManagementControlledCopyRepositories.cs	L2-AUTH22-archive
services/Diten.Platform/src/Diten.Platform.Domain/Repositories/IDocumentManagementControlledDocumentsRepositories.cs	L2-AUTH22-archive
services/Diten.Platform/src/Diten.Platform.Domain/Repositories/IDocumentManagementDowntimeRepositories.cs	L2-AUTH22-archive
services/Diten.Platform/src/Diten.Platform.Domain/Repositories/IDocumentManagementElectronicSignatureRepositories.cs	L2-AUTH22-archive
services/Diten.Platform/src/Diten.Platform.Domain/Repositories/IDocumentManagementExternalDocumentRepositories.cs	L2-AUTH22-archive
services/Diten.Platform/src/Diten.Platform.Domain/Repositories/IDocumentManagementGDocPCorrectionRepositories.cs	L2-AUTH22-archive
services/Diten.Platform/src/Diten.Platform.Domain/Repositories/IDocumentManagementGovernancePolicyPackRepositories.cs	L2-AUTH22-archive
services/Diten.Platform/src/Diten.Platform.Domain/Repositories/IDocumentManagementGovernanceSweepRepositories.cs	L2-AUTH22-archive
services/Diten.Platform/src/Diten.Platform.Domain/Repositories/IDocumentManagementIdentifierRepositories.cs	L2-AUTH22-archive
services/Diten.Platform/src/Diten.Platform.Domain/Repositories/IDocumentManagementInstantiationRepositories.cs	L2-AUTH22-archive
services/Diten.Platform/src/Diten.Platform.Domain/Repositories/IDocumentManagementLifecycleRepositories.cs	L2-AUTH22-archive
services/Diten.Platform/src/Diten.Platform.Domain/Repositories/IDocumentManagementMasterRegisterRepositories.cs	L2-AUTH22-archive
services/Diten.Platform/src/Diten.Platform.Domain/Repositories/IDocumentManagementPeriodicReviewRepositories.cs	L2-AUTH22-archive
services/Diten.Platform/src/Diten.Platform.Domain/Repositories/IDocumentManagementProvisioningRepositories.cs	L2-AUTH22-archive
services/Diten.Platform/src/Diten.Platform.Domain/Repositories/IDocumentManagementQmsBaselineRepositories.cs	L2-AUTH22-archive
services/Diten.Platform/src/Diten.Platform.Domain/Repositories/IDocumentManagementQualityEventRepositories.cs	L2-AUTH22-archive
services/Diten.Platform/src/Diten.Platform.Domain/Repositories/IDocumentManagementReleaseGateRepositories.cs	L2-AUTH22-archive
services/Diten.Platform/src/Diten.Platform.Domain/Repositories/IDocumentManagementRepositoryAssessmentRepositories.cs	L2-AUTH22-archive
services/Diten.Platform/src/Diten.Platform.Domain/Repositories/IDocumentManagementRetentionRepositories.cs	L2-AUTH22-archive
services/Diten.Platform/src/Diten.Platform.Domain/Repositories/IDocumentManagementSuspensionRepositories.cs	L2-AUTH22-archive
services/Diten.Platform/src/Diten.Platform.Domain/Repositories/IDocumentManagementTrainingRepositories.cs	L2-AUTH22-archive
services/Diten.Platform/src/Diten.Platform.Domain/Repositories/IDocumentManagementVariantLocalizationRepositories.cs	L2-AUTH22-archive
services/Diten.Platform/src/Diten.Platform.Domain/Repositories/IDocumentVariantRepository.cs	L2-AUTH22-archive
services/Diten.Platform/src/Diten.Platform.Domain/Repositories/IEntitlementStateVersionRepository.cs	L2-AUTH22-archive
services/Diten.Platform/src/Diten.Platform.Domain/Repositories/IFeatureCategoryRepository.cs	L2-AUTH22-archive
services/Diten.Platform/src/Diten.Platform.Domain/Repositories/IFeatureDefinitionRepository.cs	L2-AUTH22-archive
services/Diten.Platform/src/Diten.Platform.Domain/Repositories/IGlobalApplicabilityStateRepository.cs	L2-AUTH22-archive
services/Diten.Platform/src/Diten.Platform.Domain/Repositories/IInterfaceRegistryRepository.cs	L2-AUTH22-archive
services/Diten.Platform/src/Diten.Platform.Domain/Repositories/IJobExecutionLogRepository.cs	L2-AUTH22-archive
services/Diten.Platform/src/Diten.Platform.Domain/Repositories/IMeetingRepositories.cs	L2-AUTH22-archive
services/Diten.Platform/src/Diten.Platform.Domain/Repositories/IModuleCatalogRepository.cs	L2-AUTH22-archive
services/Diten.Platform/src/Diten.Platform.Domain/Repositories/IModuleDomainRepository.cs	L2-AUTH22-archive
services/Diten.Platform/src/Diten.Platform.Domain/Repositories/IModulePageActionDescriptorRepository.cs	L2-AUTH22-archive
services/Diten.Platform/src/Diten.Platform.Domain/Repositories/IModulePageDescriptorRepository.cs	L2-AUTH22-archive
services/Diten.Platform/src/Diten.Platform.Domain/Repositories/IModuleServiceRepository.cs	L2-AUTH22-archive
services/Diten.Platform/src/Diten.Platform.Domain/Repositories/INotificationDispatchRepository.cs	L2-AUTH22-archive
services/Diten.Platform/src/Diten.Platform.Domain/Repositories/INotificationEventDefinitionRepository.cs	L2-AUTH22-archive
services/Diten.Platform/src/Diten.Platform.Domain/Repositories/INotificationTemplateRepository.cs	L2-AUTH22-archive
services/Diten.Platform/src/Diten.Platform.Domain/Repositories/IOrganizationFieldDefinitionRepository.cs	L2-AUTH22-archive
services/Diten.Platform/src/Diten.Platform.Domain/Repositories/IOrganizationFieldValueRepository.cs	L2-AUTH22-archive
services/Diten.Platform/src/Diten.Platform.Domain/Repositories/IOrganizationUnitRepository.cs	L2-AUTH22-archive
services/Diten.Platform/src/Diten.Platform.Domain/Repositories/IPersonReferenceRepository.cs	L2-AUTH22-archive
services/Diten.Platform/src/Diten.Platform.Domain/Repositories/IPlanFeatureMappingRepository.cs	L2-AUTH22-archive
services/Diten.Platform/src/Diten.Platform.Domain/Repositories/IPlatformAdministratorRepository.cs	L2-AUTH22-archive
services/Diten.Platform/src/Diten.Platform.Domain/Repositories/IPlatformTransactionSession.cs	L2-AUTH22-archive
services/Diten.Platform/src/Diten.Platform.Domain/Repositories/IPositionAssignmentRepository.cs	L2-AUTH22-archive
services/Diten.Platform/src/Diten.Platform.Domain/Repositories/IPositionRepository.cs	L2-AUTH22-archive
services/Diten.Platform/src/Diten.Platform.Domain/Repositories/IQuotaEventRepository.cs	L2-AUTH22-archive
services/Diten.Platform/src/Diten.Platform.Domain/Repositories/IQuotaUsageRepository.cs	L2-AUTH22-archive
services/Diten.Platform/src/Diten.Platform.Domain/Repositories/IRepositoryObjectRepository.cs	L2-AUTH22-archive
services/Diten.Platform/src/Diten.Platform.Domain/Repositories/ISavedViewRepository.cs	L2-AUTH22-archive
services/Diten.Platform/src/Diten.Platform.Domain/Repositories/ISubscriptionPlanRepository.cs	L2-AUTH22-archive
services/Diten.Platform/src/Diten.Platform.Domain/Repositories/ITaskRepositories.cs	L2-AUTH22-archive
services/Diten.Platform/src/Diten.Platform.Domain/Repositories/ITenantAuditPreferenceRepository.cs	L2-AUTH22-archive
services/Diten.Platform/src/Diten.Platform.Domain/Repositories/ITenantDomainRepository.cs	L2-AUTH22-archive
services/Diten.Platform/src/Diten.Platform.Domain/Repositories/ITenantLoginSettingsRepository.cs	L2-AUTH22-archive
services/Diten.Platform/src/Diten.Platform.Domain/Repositories/ITenantMessagingSettingsRepository.cs	L2-AUTH22-archive
services/Diten.Platform/src/Diten.Platform.Domain/Repositories/ITenantModuleEntitlementRepository.cs	L2-AUTH22-archive
services/Diten.Platform/src/Diten.Platform.Domain/Repositories/ITenantNavDomainPreferenceRepository.cs	L2-AUTH22-archive
services/Diten.Platform/src/Diten.Platform.Domain/Repositories/ITenantNavPreferenceRepository.cs	L2-AUTH22-archive
services/Diten.Platform/src/Diten.Platform.Domain/Repositories/ITenantRegistryRepository.cs	L2-AUTH22-archive
services/Diten.Platform/src/Diten.Platform.Domain/Repositories/ITenantSubscriptionRepository.cs	L2-AUTH22-archive
services/Diten.Platform/src/Diten.Platform.Domain/Repositories/IUserNotificationRepository.cs	L2-AUTH22-archive
services/Diten.Platform/src/Diten.Platform.Domain/Repositories/IWorkflowRepositories.cs	L2-AUTH22-archive
services/Diten.Platform/src/Diten.Platform.Domain/Repositories/IWorkingCalendarImportBatchRepository.cs	L2-AUTH22-archive
services/Diten.Platform/src/Diten.Platform.Domain/Repositories/IWorkingCalendarRepository.cs	L2-AUTH22-archive
services/Diten.Platform/src/Diten.Platform.Infrastructure/AssemblyInfo.cs	L2-AUTH22-archive
services/Diten.Platform/src/Diten.Platform.Infrastructure/Authorization/JwtTenantAuthorizationContext.cs	L2-AUTH22-archive
services/Diten.Platform/src/Diten.Platform.Infrastructure/Authorization/MongoAuthoritativeEntitlementDecisionSource.cs	L2-AUTH22-archive
services/Diten.Platform/src/Diten.Platform.Infrastructure/BackgroundJobs/BackgroundJobApplicationBuilderExtensions.cs	L2-AUTH22-archive
services/Diten.Platform/src/Diten.Platform.Infrastructure/BackgroundJobs/HangfireBackgroundJobExecutor.cs	L2-AUTH22-archive
services/Diten.Platform/src/Diten.Platform.Infrastructure/BackgroundJobs/HangfireBackgroundJobScheduler.cs	L2-AUTH22-archive
services/Diten.Platform/src/Diten.Platform.Infrastructure/BackgroundJobs/HangfireRecurringJobRegistrationHostedService.cs	L2-AUTH22-archive
services/Diten.Platform/src/Diten.Platform.Infrastructure/BackgroundJobs/PlatformActorDashboardAuthorization.cs	L2-AUTH22-archive
services/Diten.Platform/src/Diten.Platform.Infrastructure/BackgroundJobs/PlatformActorHangfireAuthorizationFilter.cs	L2-AUTH22-archive
services/Diten.Platform/src/Diten.Platform.Infrastructure/DependencyInjection.cs	L2-AUTH22-archive
services/Diten.Platform/src/Diten.Platform.Infrastructure/Diten.Platform.Infrastructure.csproj	L2-AUTH22-archive
services/Diten.Platform/src/Diten.Platform.Infrastructure/Eventing/EntitlementCacheInvalidationConsumer.cs	L2-AUTH22-archive
services/Diten.Platform/src/Diten.Platform.Infrastructure/Eventing/InMemoryEventBus.cs	L2-AUTH22-archive
services/Diten.Platform/src/Diten.Platform.Infrastructure/Eventing/MassTransitRabbitMqEventPublisher.cs	L2-AUTH22-archive
services/Diten.Platform/src/Diten.Platform.Infrastructure/Eventing/OutboxPublisherProcessor.cs	L2-AUTH22-archive
services/Diten.Platform/src/Diten.Platform.Infrastructure/Eventing/OutboxPublisherWorker.cs	L2-AUTH22-archive
services/Diten.Platform/src/Diten.Platform.Infrastructure/Eventing/PlatformEventTransportMessageAlias.cs	L2-AUTH22-archive
services/Diten.Platform/src/Diten.Platform.Infrastructure/Eventing/PlatformInstanceIdentity.cs	L2-AUTH22-archive
services/Diten.Platform/src/Diten.Platform.Infrastructure/Eventing/PpmAuditIntentV1AuditMapping.cs	L2-AUTH22-archive
services/Diten.Platform/src/Diten.Platform.Infrastructure/Eventing/PpmAuditIntentV1TransportShapeValidator.cs	L2-AUTH22-archive
services/Diten.Platform/src/Diten.Platform.Infrastructure/Eventing/RabbitMqEventingOptions.cs	L2-AUTH22-archive
services/Diten.Platform/src/Diten.Platform.Infrastructure/Eventing/TenantActivatedV1Consumer.cs	L2-AUTH22-archive
services/Diten.Platform/src/Diten.Platform.Infrastructure/Eventing/TenantLifecycleAuditConsumer.cs	L2-AUTH22-archive
services/Diten.Platform/src/Diten.Platform.Infrastructure/Eventing/TenantLifecycleNotificationConsumer.cs	L2-AUTH22-archive
services/Diten.Platform/src/Diten.Platform.Infrastructure/Persistence/AuditCollectionNames.cs	L2-AUTH22-archive
services/Diten.Platform/src/Diten.Platform.Infrastructure/Persistence/Configurations/AuditRetentionPolicySeed.cs	L2-AUTH22-archive
services/Diten.Platform/src/Diten.Platform.Infrastructure/Persistence/Configurations/BootstrapSeedPolicy.cs	L2-AUTH22-archive
services/Diten.Platform/src/Diten.Platform.Infrastructure/Persistence/Configurations/DocumentRegisterSeed.cs	L2-AUTH22-archive
services/Diten.Platform/src/Diten.Platform.Infrastructure/Persistence/Configurations/DocumentRegisterSeedGate.cs	L2-AUTH22-archive
services/Diten.Platform/src/Diten.Platform.Infrastructure/Persistence/Configurations/LegacySavedViewMigration.cs	L2-AUTH22-archive
services/Diten.Platform/src/Diten.Platform.Infrastructure/Persistence/Configurations/ModuleCatalogDomainCanonicalizationMigration.cs	L2-AUTH22-archive
services/Diten.Platform/src/Diten.Platform.Infrastructure/Persistence/Configurations/ModuleCatalogSeed.cs	L2-AUTH22-archive
services/Diten.Platform/src/Diten.Platform.Infrastructure/Persistence/Configurations/ModuleCatalogTaxonomyCanonicalizationMigration.cs	L2-AUTH22-archive
services/Diten.Platform/src/Diten.Platform.Infrastructure/Persistence/Configurations/ModuleDomainDeduplicationMigration.cs	L2-AUTH22-archive
services/Diten.Platform/src/Diten.Platform.Infrastructure/Persistence/Configurations/ModuleDomainSeed.cs	L2-AUTH22-archive
services/Diten.Platform/src/Diten.Platform.Infrastructure/Persistence/Configurations/ModuleServiceDeduplicationMigration.cs	L2-AUTH22-archive
services/Diten.Platform/src/Diten.Platform.Infrastructure/Persistence/Configurations/ModuleServiceSeed.cs	L2-AUTH22-archive
services/Diten.Platform/src/Diten.Platform.Infrastructure/Persistence/Configurations/MongoDbIndexConfigurations.cs	L2-AUTH22-archive
services/Diten.Platform/src/Diten.Platform.Infrastructure/Persistence/Configurations/NotificationEventSeed.cs	L2-AUTH22-archive
services/Diten.Platform/src/Diten.Platform.Infrastructure/Persistence/Configurations/NotificationMessagingSettingsSeed.cs	L2-AUTH22-archive
services/Diten.Platform/src/Diten.Platform.Infrastructure/Persistence/Configurations/NotificationTemplateSeed.cs	L2-AUTH22-archive
services/Diten.Platform/src/Diten.Platform.Infrastructure/Persistence/Configurations/PlatformAdministratorSeed.cs	L2-AUTH22-archive
services/Diten.Platform/src/Diten.Platform.Infrastructure/Persistence/Configurations/PositionAssignmentSeed.cs	L2-AUTH22-archive
services/Diten.Platform/src/Diten.Platform.Infrastructure/Persistence/Configurations/PositionSeed.cs	L2-AUTH22-archive
services/Diten.Platform/src/Diten.Platform.Infrastructure/Persistence/Configurations/SeedMarkerStore.cs	L2-AUTH22-archive
services/Diten.Platform/src/Diten.Platform.Infrastructure/Persistence/Configurations/SubscriptionPlanSeed.cs	L2-AUTH22-archive
services/Diten.Platform/src/Diten.Platform.Infrastructure/Persistence/Configurations/SubscriptionPlanStartupInitializer.cs	L2-AUTH22-archive
services/Diten.Platform/src/Diten.Platform.Infrastructure/Persistence/Configurations/TaskAcceptanceBackfillMigration.cs	L2-AUTH22-archive
services/Diten.Platform/src/Diten.Platform.Infrastructure/Persistence/Configurations/TaskModuleDisplayNameRenameMigration.cs	L2-AUTH22-archive
services/Diten.Platform/src/Diten.Platform.Infrastructure/Persistence/Configurations/TenantSeed.cs	L2-AUTH22-archive
services/Diten.Platform/src/Diten.Platform.Infrastructure/Persistence/IPlatformDbContext.cs	L2-AUTH22-archive
services/Diten.Platform/src/Diten.Platform.Infrastructure/Persistence/IPlatformTransactionFaultProbe.cs	L2-AUTH22-archive
services/Diten.Platform/src/Diten.Platform.Infrastructure/Persistence/Models/AuditOutboxMessage.cs	L2-AUTH22-archive
services/Diten.Platform/src/Diten.Platform.Infrastructure/Persistence/Models/AuditOutboxStatus.cs	L2-AUTH22-archive
services/Diten.Platform/src/Diten.Platform.Infrastructure/Persistence/PlatformDbContext.cs	L2-AUTH22-archive
services/Diten.Platform/src/Diten.Platform.Infrastructure/Persistence/PlatformMongoTransactionSession.cs	L2-AUTH22-archive
services/Diten.Platform/src/Diten.Platform.Infrastructure/Persistence/PlatformTransactionExecutor.cs	L2-AUTH22-archive
services/Diten.Platform/src/Diten.Platform.Infrastructure/Persistence/Repositories/AuditEventRepository.cs	L2-AUTH22-archive
services/Diten.Platform/src/Diten.Platform.Infrastructure/Persistence/Repositories/AuditOutboxRepository.cs	L2-AUTH22-archive
services/Diten.Platform/src/Diten.Platform.Infrastructure/Persistence/Repositories/AuditRetentionPolicyRepository.cs	L2-AUTH22-archive
services/Diten.Platform/src/Diten.Platform.Infrastructure/Persistence/Repositories/BusinessReferenceDataStewardshipRepository.cs	L2-AUTH22-archive
services/Diten.Platform/src/Diten.Platform.Infrastructure/Persistence/Repositories/ConsumedEventRepository.cs	L2-AUTH22-archive
services/Diten.Platform/src/Diten.Platform.Infrastructure/Persistence/Repositories/ControlledDocumentRegistrationRepository.cs	L2-AUTH22-archive
services/Diten.Platform/src/Diten.Platform.Infrastructure/Persistence/Repositories/DocumentManagementAccessMatrixRepositories.cs	L2-AUTH22-archive
services/Diten.Platform/src/Diten.Platform.Infrastructure/Persistence/Repositories/DocumentManagementApprovalRepositories.cs	L2-AUTH22-archive
services/Diten.Platform/src/Diten.Platform.Infrastructure/Persistence/Repositories/DocumentManagementControlledCopyRepositories.cs	L2-AUTH22-archive
services/Diten.Platform/src/Diten.Platform.Infrastructure/Persistence/Repositories/DocumentManagementControlledDocumentsRepositories.cs	L2-AUTH22-archive
services/Diten.Platform/src/Diten.Platform.Infrastructure/Persistence/Repositories/DocumentManagementDowntimeRepositories.cs	L2-AUTH22-archive
services/Diten.Platform/src/Diten.Platform.Infrastructure/Persistence/Repositories/DocumentManagementElectronicSignatureRepositories.cs	L2-AUTH22-archive
services/Diten.Platform/src/Diten.Platform.Infrastructure/Persistence/Repositories/DocumentManagementExternalDocumentRepositories.cs	L2-AUTH22-archive
services/Diten.Platform/src/Diten.Platform.Infrastructure/Persistence/Repositories/DocumentManagementGDocPCorrectionRepositories.cs	L2-AUTH22-archive
services/Diten.Platform/src/Diten.Platform.Infrastructure/Persistence/Repositories/DocumentManagementGovernancePolicyPackRepositories.cs	L2-AUTH22-archive
services/Diten.Platform/src/Diten.Platform.Infrastructure/Persistence/Repositories/DocumentManagementGovernanceSweepRepositories.cs	L2-AUTH22-archive
services/Diten.Platform/src/Diten.Platform.Infrastructure/Persistence/Repositories/DocumentManagementIdentifierRepositories.cs	L2-AUTH22-archive
services/Diten.Platform/src/Diten.Platform.Infrastructure/Persistence/Repositories/DocumentManagementInstantiationRepositories.cs	L2-AUTH22-archive
services/Diten.Platform/src/Diten.Platform.Infrastructure/Persistence/Repositories/DocumentManagementLifecycleRepositories.cs	L2-AUTH22-archive
services/Diten.Platform/src/Diten.Platform.Infrastructure/Persistence/Repositories/DocumentManagementMasterRegisterRepositories.cs	L2-AUTH22-archive
services/Diten.Platform/src/Diten.Platform.Infrastructure/Persistence/Repositories/DocumentManagementPeriodicReviewRepositories.cs	L2-AUTH22-archive
services/Diten.Platform/src/Diten.Platform.Infrastructure/Persistence/Repositories/DocumentManagementProvisioningRepositories.cs	L2-AUTH22-archive
services/Diten.Platform/src/Diten.Platform.Infrastructure/Persistence/Repositories/DocumentManagementQmsBaselineRepositories.cs	L2-AUTH22-archive
services/Diten.Platform/src/Diten.Platform.Infrastructure/Persistence/Repositories/DocumentManagementQualityEventRepositories.cs	L2-AUTH22-archive
services/Diten.Platform/src/Diten.Platform.Infrastructure/Persistence/Repositories/DocumentManagementReleaseGateRepositories.cs	L2-AUTH22-archive
services/Diten.Platform/src/Diten.Platform.Infrastructure/Persistence/Repositories/DocumentManagementRepositoryAssessmentRepositories.cs	L2-AUTH22-archive
services/Diten.Platform/src/Diten.Platform.Infrastructure/Persistence/Repositories/DocumentManagementRetentionRepositories.cs	L2-AUTH22-archive
services/Diten.Platform/src/Diten.Platform.Infrastructure/Persistence/Repositories/DocumentManagementSuspensionRepositories.cs	L2-AUTH22-archive
services/Diten.Platform/src/Diten.Platform.Infrastructure/Persistence/Repositories/DocumentManagementTrainingRepositories.cs	L2-AUTH22-archive
services/Diten.Platform/src/Diten.Platform.Infrastructure/Persistence/Repositories/DocumentManagementVariantLocalizationRepositories.cs	L2-AUTH22-archive
services/Diten.Platform/src/Diten.Platform.Infrastructure/Persistence/Repositories/DocumentVariantRepository.cs	L2-AUTH22-archive
services/Diten.Platform/src/Diten.Platform.Infrastructure/Persistence/Repositories/EntitlementStateVersionRepository.cs	L2-AUTH22-archive
services/Diten.Platform/src/Diten.Platform.Infrastructure/Persistence/Repositories/FeatureCategoryRepository.cs	L2-AUTH22-archive
services/Diten.Platform/src/Diten.Platform.Infrastructure/Persistence/Repositories/FeatureDefinitionRepository.cs	L2-AUTH22-archive
services/Diten.Platform/src/Diten.Platform.Infrastructure/Persistence/Repositories/GlobalApplicabilityStateRepository.cs	L2-AUTH22-archive
services/Diten.Platform/src/Diten.Platform.Infrastructure/Persistence/Repositories/InterfaceRegistryRepository.cs	L2-AUTH22-archive
services/Diten.Platform/src/Diten.Platform.Infrastructure/Persistence/Repositories/JobExecutionLogRepository.cs	L2-AUTH22-archive
services/Diten.Platform/src/Diten.Platform.Infrastructure/Persistence/Repositories/MeetingRepositories.cs	L2-AUTH22-archive
services/Diten.Platform/src/Diten.Platform.Infrastructure/Persistence/Repositories/ModuleCatalogRepository.cs	L2-AUTH22-archive
services/Diten.Platform/src/Diten.Platform.Infrastructure/Persistence/Repositories/ModuleDomainRepository.cs	L2-AUTH22-archive
services/Diten.Platform/src/Diten.Platform.Infrastructure/Persistence/Repositories/ModulePageActionDescriptorRepository.cs	L2-AUTH22-archive
services/Diten.Platform/src/Diten.Platform.Infrastructure/Persistence/Repositories/ModulePageDescriptorRepository.cs	L2-AUTH22-archive
services/Diten.Platform/src/Diten.Platform.Infrastructure/Persistence/Repositories/ModuleServiceRepository.cs	L2-AUTH22-archive
services/Diten.Platform/src/Diten.Platform.Infrastructure/Persistence/Repositories/NotificationDispatchRepository.cs	L2-AUTH22-archive
services/Diten.Platform/src/Diten.Platform.Infrastructure/Persistence/Repositories/NotificationEventDefinitionRepository.cs	L2-AUTH22-archive
services/Diten.Platform/src/Diten.Platform.Infrastructure/Persistence/Repositories/NotificationTemplateRepository.cs	L2-AUTH22-archive
services/Diten.Platform/src/Diten.Platform.Infrastructure/Persistence/Repositories/OrganizationFieldRepositories.cs	L2-AUTH22-archive
services/Diten.Platform/src/Diten.Platform.Infrastructure/Persistence/Repositories/OrganizationUnitRepository.cs	L2-AUTH22-archive
services/Diten.Platform/src/Diten.Platform.Infrastructure/Persistence/Repositories/OutboxEventRepository.cs	L2-AUTH22-archive
services/Diten.Platform/src/Diten.Platform.Infrastructure/Persistence/Repositories/PersonReferenceRepository.cs	L2-AUTH22-archive
services/Diten.Platform/src/Diten.Platform.Infrastructure/Persistence/Repositories/PlanFeatureMappingRepository.cs	L2-AUTH22-archive
services/Diten.Platform/src/Diten.Platform.Infrastructure/Persistence/Repositories/PlatformAdministratorRepository.cs	L2-AUTH22-archive
services/Diten.Platform/src/Diten.Platform.Infrastructure/Persistence/Repositories/PositionAssignmentRepository.cs	L2-AUTH22-archive
services/Diten.Platform/src/Diten.Platform.Infrastructure/Persistence/Repositories/PositionRepository.cs	L2-AUTH22-archive
services/Diten.Platform/src/Diten.Platform.Infrastructure/Persistence/Repositories/QuotaEventRepository.cs	L2-AUTH22-archive
services/Diten.Platform/src/Diten.Platform.Infrastructure/Persistence/Repositories/QuotaUsageRepository.cs	L2-AUTH22-archive
services/Diten.Platform/src/Diten.Platform.Infrastructure/Persistence/Repositories/RepositoryBase.cs	L2-AUTH22-archive
services/Diten.Platform/src/Diten.Platform.Infrastructure/Persistence/Repositories/RepositoryObjectRepository.cs	L2-AUTH22-archive
services/Diten.Platform/src/Diten.Platform.Infrastructure/Persistence/Repositories/SavedViewRepository.cs	L2-AUTH22-archive
services/Diten.Platform/src/Diten.Platform.Infrastructure/Persistence/Repositories/SubscriptionPlanRepository.cs	L2-AUTH22-archive
services/Diten.Platform/src/Diten.Platform.Infrastructure/Persistence/Repositories/TaskRepositories.cs	L2-AUTH22-archive
services/Diten.Platform/src/Diten.Platform.Infrastructure/Persistence/Repositories/TenantAuditPreferenceRepository.cs	L2-AUTH22-archive
services/Diten.Platform/src/Diten.Platform.Infrastructure/Persistence/Repositories/TenantDomainRepository.cs	L2-AUTH22-archive
services/Diten.Platform/src/Diten.Platform.Infrastructure/Persistence/Repositories/TenantLoginSettingsRepository.cs	L2-AUTH22-archive
services/Diten.Platform/src/Diten.Platform.Infrastructure/Persistence/Repositories/TenantMessagingSettingsRepository.cs	L2-AUTH22-archive
services/Diten.Platform/src/Diten.Platform.Infrastructure/Persistence/Repositories/TenantModuleEntitlementRepository.cs	L2-AUTH22-archive
services/Diten.Platform/src/Diten.Platform.Infrastructure/Persistence/Repositories/TenantNavDomainPreferenceRepository.cs	L2-AUTH22-archive
services/Diten.Platform/src/Diten.Platform.Infrastructure/Persistence/Repositories/TenantNavPreferenceRepository.cs	L2-AUTH22-archive
services/Diten.Platform/src/Diten.Platform.Infrastructure/Persistence/Repositories/TenantRegistryRepository.cs	L2-AUTH22-archive
services/Diten.Platform/src/Diten.Platform.Infrastructure/Persistence/Repositories/TenantSubscriptionRepository.cs	L2-AUTH22-archive
services/Diten.Platform/src/Diten.Platform.Infrastructure/Persistence/Repositories/UserNotificationRepository.cs	L2-AUTH22-archive
services/Diten.Platform/src/Diten.Platform.Infrastructure/Persistence/Repositories/WorkReportRepository.cs	L2-AUTH22-archive
services/Diten.Platform/src/Diten.Platform.Infrastructure/Persistence/Repositories/WorkflowRepositories.cs	L2-AUTH22-archive
services/Diten.Platform/src/Diten.Platform.Infrastructure/Persistence/Repositories/WorkingCalendarImportBatchRepository.cs	L2-AUTH22-archive
services/Diten.Platform/src/Diten.Platform.Infrastructure/Persistence/Repositories/WorkingCalendarRepository.cs	L2-AUTH22-archive
services/Diten.Platform/src/Diten.Platform.Infrastructure/Persistence/Schema/PlatformCollections.cs	L2-AUTH22-archive
services/Diten.Platform/src/Diten.Platform.Infrastructure/Persistence/Schema/PlatformSchemaManifest.AccessGovernance.cs	L2-AUTH22-archive
services/Diten.Platform/src/Diten.Platform.Infrastructure/Persistence/Schema/PlatformSchemaManifest.BusinessReferenceData.cs	L2-AUTH22-archive
services/Diten.Platform/src/Diten.Platform.Infrastructure/Persistence/Schema/PlatformSchemaManifest.Core.cs	L2-AUTH22-archive
services/Diten.Platform/src/Diten.Platform.Infrastructure/Persistence/Schema/PlatformSchemaManifest.DocumentManagement.cs	L2-AUTH22-archive
services/Diten.Platform/src/Diten.Platform.Infrastructure/Persistence/Schema/PlatformSchemaManifest.DocumentManagementFollowUps.cs	L2-AUTH22-archive
services/Diten.Platform/src/Diten.Platform.Infrastructure/Persistence/Schema/PlatformSchemaManifest.DocumentRepository.cs	L2-AUTH22-archive
services/Diten.Platform/src/Diten.Platform.Infrastructure/Persistence/Schema/PlatformSchemaManifest.Eventing.cs	L2-AUTH22-archive
services/Diten.Platform/src/Diten.Platform.Infrastructure/Persistence/Schema/PlatformSchemaManifest.Meetings.cs	L2-AUTH22-archive
services/Diten.Platform/src/Diten.Platform.Infrastructure/Persistence/Schema/PlatformSchemaManifest.Notification.cs	L2-AUTH22-archive
services/Diten.Platform/src/Diten.Platform.Infrastructure/Persistence/Schema/PlatformSchemaManifest.Organization.cs	L2-AUTH22-archive
services/Diten.Platform/src/Diten.Platform.Infrastructure/Persistence/Schema/PlatformSchemaManifest.WorkflowWorkCenter.cs	L2-AUTH22-archive
services/Diten.Platform/src/Diten.Platform.Infrastructure/Persistence/Schema/PlatformSchemaManifest.WorkingCalendar.cs	L2-AUTH22-archive
services/Diten.Platform/src/Diten.Platform.Infrastructure/Persistence/Schema/PlatformSchemaManifest.cs	L2-AUTH22-archive
services/Diten.Platform/src/Diten.Platform.Infrastructure/Persistence/Schema/PlatformSchemaMigrations.cs	L2-AUTH22-archive
services/Diten.Platform/src/Diten.Platform.Infrastructure/Persistence/Schema/SchemaCollection.cs	L2-AUTH22-archive
services/Diten.Platform/src/Diten.Platform.Infrastructure/Persistence/Schema/SchemaProfile.cs	L2-AUTH22-archive
services/Diten.Platform/src/Diten.Platform.Infrastructure/Persistence/Schema/SchemaProfileBudget.cs	L2-AUTH22-archive
services/Diten.Platform/src/Diten.Platform.Infrastructure/Persistence/Settings/BusinessReferenceDataCatalogLoadOptions.cs	L2-AUTH22-archive
services/Diten.Platform/src/Diten.Platform.Infrastructure/Persistence/Settings/BusinessReferenceDataProviderOptions.cs	L2-AUTH22-archive
services/Diten.Platform/src/Diten.Platform.Infrastructure/Persistence/Settings/MongoDbSettings.cs	L2-AUTH22-archive
services/Diten.Platform/src/Diten.Platform.Infrastructure/Persistence/Settings/TenantManagementOptions.cs	L2-AUTH22-archive
services/Diten.Platform/src/Diten.Platform.Infrastructure/Services/AdminUserInvitationService.cs	L2-AUTH22-archive
services/Diten.Platform/src/Diten.Platform.Infrastructure/Services/Audit/AuditOutboxPayloadMapper.cs	L2-AUTH22-archive
services/Diten.Platform/src/Diten.Platform.Infrastructure/Services/Audit/AuditOutboxPayloadMappingException.cs	L2-AUTH22-archive
services/Diten.Platform/src/Diten.Platform.Infrastructure/Services/Audit/AuditOutboxProcessingItem.cs	L2-AUTH22-archive
services/Diten.Platform/src/Diten.Platform.Infrastructure/Services/Audit/AuditOutboxProcessor.cs	L2-AUTH22-archive
services/Diten.Platform/src/Diten.Platform.Infrastructure/Services/Audit/AuditOutboxWorker.cs	L2-AUTH22-archive
services/Diten.Platform/src/Diten.Platform.Infrastructure/Services/Audit/AuditOutboxWorkerOptions.cs	L2-AUTH22-archive
services/Diten.Platform/src/Diten.Platform.Infrastructure/Services/Audit/IAuditOutboxProcessingRepository.cs	L2-AUTH22-archive
services/Diten.Platform/src/Diten.Platform.Infrastructure/Services/Audit/PlatformEntitlementAuditSink.cs	L2-AUTH22-archive
services/Diten.Platform/src/Diten.Platform.Infrastructure/Services/Audit/SafeAuditErrorFormatter.cs	L2-AUTH22-archive
services/Diten.Platform/src/Diten.Platform.Infrastructure/Services/Auth/AuthServiceApprovalRoleDirectory.cs	L2-AUTH22-archive
services/Diten.Platform/src/Diten.Platform.Infrastructure/Services/Auth/AuthServiceUserReferenceValidator.cs	L2-AUTH22-archive
services/Diten.Platform/src/Diten.Platform.Infrastructure/Services/AuthPermissionModulesClient.cs	L2-AUTH22-archive
services/Diten.Platform/src/Diten.Platform.Infrastructure/Services/AuthServiceTenantActivationNotifier.cs	L2-AUTH22-archive
services/Diten.Platform/src/Diten.Platform.Infrastructure/Services/AuthTaskNotificationRecipientClient.cs	L2-AUTH22-archive
services/Diten.Platform/src/Diten.Platform.Infrastructure/Services/AuthUserDisplayNameClient.cs	L2-AUTH22-archive
services/Diten.Platform/src/Diten.Platform.Infrastructure/Services/CatalogPermissionSyncService.cs	L2-AUTH22-archive
services/Diten.Platform/src/Diten.Platform.Infrastructure/Services/CurrentUserContext.cs	L2-AUTH22-archive
services/Diten.Platform/src/Diten.Platform.Infrastructure/Services/DocumentManagement/CollectionInstanceReferenceReader.cs	L2-AUTH22-archive
services/Diten.Platform/src/Diten.Platform.Infrastructure/Services/DocumentManagement/DocumentAccessPrincipalAccessor.cs	L2-AUTH22-archive
services/Diten.Platform/src/Diten.Platform.Infrastructure/Services/DocumentManagement/LocalFileSystemContentStorageGateway.cs	L2-AUTH22-archive
services/Diten.Platform/src/Diten.Platform.Infrastructure/Services/EmailTemplates/AdminUserInvitationEmailTemplate.cs	L2-AUTH22-archive
services/Diten.Platform/src/Diten.Platform.Infrastructure/Services/EmailTemplates/PlatformAdministratorInvitationEmailTemplate.cs	L2-AUTH22-archive
services/Diten.Platform/src/Diten.Platform.Infrastructure/Services/Http/TenantOnTheWire.cs	L2-AUTH22-archive
services/Diten.Platform/src/Diten.Platform.Infrastructure/Services/Mdm/InternalScopeResolutionContext.cs	L2-AUTH22-archive
services/Diten.Platform/src/Diten.Platform.Infrastructure/Services/Mdm/MdmLegalEntityReferenceValidator.cs	L2-AUTH22-archive
services/Diten.Platform/src/Diten.Platform.Infrastructure/Services/Mdm/MdmServiceIdentityTokenProvider.cs	L2-AUTH22-archive
services/Diten.Platform/src/Diten.Platform.Infrastructure/Services/Mdm/WorkingCalendarLegalEntityValidator.cs	L2-AUTH22-archive
services/Diten.Platform/src/Diten.Platform.Infrastructure/Services/Notifications/FakeMessagingProvider.cs	L2-AUTH22-archive
services/Diten.Platform/src/Diten.Platform.Infrastructure/Services/Notifications/ISmtpClientFactory.cs	L2-AUTH22-archive
services/Diten.Platform/src/Diten.Platform.Infrastructure/Services/Notifications/MailKitSmtpClientFactory.cs	L2-AUTH22-archive
services/Diten.Platform/src/Diten.Platform.Infrastructure/Services/Notifications/MessagingProviderErrorCodes.cs	L2-AUTH22-archive
services/Diten.Platform/src/Diten.Platform.Infrastructure/Services/Notifications/MessagingProviderErrorMapper.cs	L2-AUTH22-archive
services/Diten.Platform/src/Diten.Platform.Infrastructure/Services/Notifications/SecretReferenceResolver.cs	L2-AUTH22-archive
services/Diten.Platform/src/Diten.Platform.Infrastructure/Services/Notifications/SmtpMessagingProvider.cs	L2-AUTH22-archive
services/Diten.Platform/src/Diten.Platform.Infrastructure/Services/PlatformAdministratorInvitationEmailService.cs	L2-AUTH22-archive
services/Diten.Platform/src/Diten.Platform.Infrastructure/Services/PlatformAdministratorProvisioningService.cs	L2-AUTH22-archive
services/Diten.Platform/src/Diten.Platform.Infrastructure/Services/PlatformLookupMemoryCache.cs	L2-AUTH22-archive
services/Diten.Platform/src/Diten.Platform.Infrastructure/Services/TenantDefaultsProvider.cs	L2-AUTH22-archive
services/Diten.Platform/src/Diten.Platform.Infrastructure/Services/WorkAggregation/HttpWorkItemActionDispatcher.cs	L2-AUTH22-archive
services/Diten.Platform/src/Diten.Platform.Infrastructure/Services/WorkAggregation/HttpWorkItemProvider.cs	L2-AUTH22-archive
services/Diten.Platform/src/Diten.Platform.Infrastructure/Services/WorkAggregation/RemoteWorkItemGateway.cs	L2-AUTH22-archive
services/Diten.Platform/src/Diten.Platform.Infrastructure/Services/WorkAggregation/RemoteWorkItemProviderRegistration.cs	L2-AUTH22-archive
services/Diten.Platform/src/Diten.Platform.Infrastructure/Services/WorkingCalendarImport/NagerDateHolidayProvider.cs	L2-AUTH22-archive
services/Diten.Platform/src/Diten.Platform.Infrastructure/Settings/AuditRetentionSeedOptions.cs	L2-AUTH22-archive
services/Diten.Platform/src/Diten.Platform.Infrastructure/Settings/AuthServiceOptions.cs	L2-AUTH22-archive
services/Diten.Platform/src/Diten.Platform.Infrastructure/Settings/DocumentRegisterSeedOptions.cs	L2-AUTH22-archive
services/Diten.Platform/src/Diten.Platform.Infrastructure/Settings/FakeMessagingProviderOptions.cs	L2-AUTH22-archive
services/Diten.Platform/src/Diten.Platform.Infrastructure/Settings/MdmServiceIdentityOptions.cs	L2-AUTH22-archive
services/Diten.Platform/src/Diten.Platform.Infrastructure/Settings/MdmServiceOptions.cs	L2-AUTH22-archive
services/Diten.Platform/src/Diten.Platform.Infrastructure/Settings/RemoteWorkItemProviderOptions.cs	L2-AUTH22-archive
services/Diten.Platform/src/Diten.Platform.Infrastructure/Settings/SmtpOptions.cs	L2-AUTH22-archive
services/Diten.Platform/src/Diten.Platform.Infrastructure/Settings/SmtpProviderOptions.cs	L2-AUTH22-archive
services/Diten.Platform/src/Diten.Platform.Infrastructure/Settings/SmtpProviderOptionsValidator.cs	L2-AUTH22-archive
services/Diten.Platform/src/Diten.Platform.Infrastructure/Settings/WorkingCalendarImportOptionsValidator.cs	L2-AUTH22-archive
services/Diten.Platform/tests/Diten.Platform.Application.Tests/AccessGovernance/AccessGovernanceManifestProviderTests.cs	L2-AUTH22-archive
services/Diten.Platform/tests/Diten.Platform.Application.Tests/AccessGovernance/BaselineModuleAccessTests.cs	L2-AUTH22-archive
services/Diten.Platform/tests/Diten.Platform.Application.Tests/AccessGovernance/PlatformSystemTenantModuleAccessTests.cs	L2-AUTH22-archive
services/Diten.Platform/tests/Diten.Platform.Application.Tests/Audit/AuditApplicationCoreTests.cs	L2-AUTH22-archive
services/Diten.Platform/tests/Diten.Platform.Application.Tests/Audit/AuditBehaviorTests.cs	L2-AUTH22-archive
services/Diten.Platform/tests/Diten.Platform.Application.Tests/Audit/AuditOutboxClaimEligibilityTests.cs	L2-AUTH22-archive
services/Diten.Platform/tests/Diten.Platform.Application.Tests/Audit/AuditOutboxWorkerTests.cs	L2-AUTH22-archive
services/Diten.Platform/tests/Diten.Platform.Application.Tests/Audit/AuditPersistenceFoundationTests.cs	L2-AUTH22-archive
services/Diten.Platform/tests/Diten.Platform.Application.Tests/Audit/AuditPhase5ApiSurfaceTests.cs	L2-AUTH22-archive
services/Diten.Platform/tests/Diten.Platform.Application.Tests/Audit/BizCriticalAuditMetadataTests.cs	L2-AUTH22-archive
services/Diten.Platform/tests/Diten.Platform.Application.Tests/Audit/BizCriticalAuditRejectionTests.cs	L2-AUTH22-archive
services/Diten.Platform/tests/Diten.Platform.Application.Tests/Audit/Faz1AuditCoverageTests.cs	L2-AUTH22-archive
services/Diten.Platform/tests/Diten.Platform.Application.Tests/Audit/PpmAuditRetentionPolicySeedMongoTests.cs	L2-AUTH22-archive
services/Diten.Platform/tests/Diten.Platform.Application.Tests/Audit/TenantScopeTests.cs	L2-AUTH22-archive
services/Diten.Platform/tests/Diten.Platform.Application.Tests/Audit/UpdateTenantLoginSettingsAuditMetadataTests.cs	L2-AUTH22-archive
services/Diten.Platform/tests/Diten.Platform.Application.Tests/Authorization/AccessExplainControllerTests.cs	L2-AUTH22-archive
services/Diten.Platform/tests/Diten.Platform.Application.Tests/Authorization/AddTenantModuleEntitlementCommandHandlerTests.cs	L2-AUTH22-archive
services/Diten.Platform/tests/Diten.Platform.Application.Tests/Authorization/AnonymousTenantAuthorizationContextTests.cs	L2-AUTH22-archive
services/Diten.Platform/tests/Diten.Platform.Application.Tests/Authorization/AuthorizationProbeControllerIntegrationTests.cs	L2-AUTH22-archive
services/Diten.Platform/tests/Diten.Platform.Application.Tests/Authorization/DataScopeResolverRegistrationTests.cs	L2-AUTH22-archive
services/Diten.Platform/tests/Diten.Platform.Application.Tests/Authorization/EntitlementAttestationFoundationTests.cs	L2-AUTH22-archive
services/Diten.Platform/tests/Diten.Platform.Application.Tests/Authorization/EntitlementAuthorizationPolicyProviderTests.cs	L2-AUTH22-archive
services/Diten.Platform/tests/Diten.Platform.Application.Tests/Authorization/EntitlementCacheInvalidationConsumerRegistrationTests.cs	L2-AUTH22-archive
services/Diten.Platform/tests/Diten.Platform.Application.Tests/Authorization/EntitlementCacheInvalidationConsumerTests.cs	L2-AUTH22-archive
services/Diten.Platform/tests/Diten.Platform.Application.Tests/Authorization/EntitlementCheckResultExtensionTests.cs	L2-AUTH22-archive
services/Diten.Platform/tests/Diten.Platform.Application.Tests/Authorization/EntitlementCheckerFailureSemanticsTests.cs	L2-AUTH22-archive
services/Diten.Platform/tests/Diten.Platform.Application.Tests/Authorization/EntitlementDataScopeKindExpansionTests.cs	L2-AUTH22-archive
services/Diten.Platform/tests/Diten.Platform.Application.Tests/Authorization/EntitlementResolutionSourcePropagationTests.cs	L2-AUTH22-archive
services/Diten.Platform/tests/Diten.Platform.Application.Tests/Authorization/GetTenantEntitledModulePermissionsQueryHandlerTests.cs	L2-AUTH22-archive
services/Diten.Platform/tests/Diten.Platform.Application.Tests/Authorization/HasPermissionAttributeDualReadTests.cs	L2-AUTH22-archive
services/Diten.Platform/tests/Diten.Platform.Application.Tests/Authorization/InternalPpmEntitlementDecisionControllerTests.cs	L2-AUTH22-archive
services/Diten.Platform/tests/Diten.Platform.Application.Tests/Authorization/InternalTenantEntitlementsControllerTests.cs	L2-AUTH22-archive
services/Diten.Platform/tests/Diten.Platform.Application.Tests/Authorization/Mod0029Fu29aEndpointAttributionTests.cs	L2-AUTH22-archive
services/Diten.Platform/tests/Diten.Platform.Application.Tests/Authorization/NoOpDataScopeResolverTests.cs	L2-AUTH22-archive
services/Diten.Platform/tests/Diten.Platform.Application.Tests/Authorization/OrgDataScopeResolverTests.cs	L2-AUTH22-archive
services/Diten.Platform/tests/Diten.Platform.Application.Tests/Authorization/PermissionAliasResolverTests.cs	L2-AUTH22-archive
services/Diten.Platform/tests/Diten.Platform.Application.Tests/Authorization/PermissionClaimEvaluatorTests.cs	L2-AUTH22-archive
services/Diten.Platform/tests/Diten.Platform.Application.Tests/Authorization/PhysicalEntitlementTransactionalArchitectureTests.cs	L2-AUTH22-archive
services/Diten.Platform/tests/Diten.Platform.Application.Tests/Authorization/PhysicalHandlerTestDependencies.cs	L2-AUTH22-archive
services/Diten.Platform/tests/Diten.Platform.Application.Tests/Authorization/PlatformEntitlementAuditSinkIntegrationTests.cs	L2-AUTH22-archive
services/Diten.Platform/tests/Diten.Platform.Application.Tests/Authorization/PlatformEntitlementAuditSinkTests.cs	L2-AUTH22-archive
services/Diten.Platform/tests/Diten.Platform.Application.Tests/Authorization/PlatformInstanceIdentityTests.cs	L2-AUTH22-archive
services/Diten.Platform/tests/Diten.Platform.Application.Tests/Authorization/SelfAccessExplainServiceTests.cs	L2-AUTH22-archive
services/Diten.Platform/tests/Diten.Platform.Application.Tests/Authorization/TemporaryAccessFoundationTests.cs	L2-AUTH22-archive
services/Diten.Platform/tests/Diten.Platform.Application.Tests/Authorization/TenantAuthorizationContextDataScopeIntegrationTests.cs	L2-AUTH22-archive
services/Diten.Platform/tests/Diten.Platform.Application.Tests/Authorization/TenantAuthorizationContextHydrationTests.cs	L2-AUTH22-archive
services/Diten.Platform/tests/Diten.Platform.Application.Tests/Authorization/TenantAuthorizationContextRegistrationTests.cs	L2-AUTH22-archive
services/Diten.Platform/tests/Diten.Platform.Application.Tests/Authorization/TenantFeatureAuthorizationHandlerTests.cs	L2-AUTH22-archive
services/Diten.Platform/tests/Diten.Platform.Application.Tests/Authorization/TenantModuleAuthorizationHandlerTests.cs	L2-AUTH22-archive
services/Diten.Platform/tests/Diten.Platform.Application.Tests/Authorization/TenantModuleEntitlementMutationEventPublishTests.cs	L2-AUTH22-archive
services/Diten.Platform/tests/Diten.Platform.Application.Tests/BusinessReferenceData/BusinessReferenceDataExceptionBehaviorTests.cs	L2-AUTH22-archive
services/Diten.Platform/tests/Diten.Platform.Application.Tests/BusinessReferenceData/BusinessReferenceDataGovernanceModeTests.cs	L2-AUTH22-archive
services/Diten.Platform/tests/Diten.Platform.Application.Tests/BusinessReferenceData/BusinessReferenceDataGskuCatalogLoadMongoTests.cs	L2-AUTH22-archive
services/Diten.Platform/tests/Diten.Platform.Application.Tests/BusinessReferenceData/BusinessReferenceDataMongoResidueSweeper.cs	L2-AUTH22-archive
services/Diten.Platform/tests/Diten.Platform.Application.Tests/BusinessReferenceData/BusinessReferenceDataMongoResidueSweeperTests.cs	L2-AUTH22-archive
services/Diten.Platform/tests/Diten.Platform.Application.Tests/BusinessReferenceData/BusinessReferenceDataProviderOptionsTests.cs	L2-AUTH22-archive
services/Diten.Platform/tests/Diten.Platform.Application.Tests/BusinessReferenceData/BusinessReferenceDataProviderReadinessTests.cs	L2-AUTH22-archive
services/Diten.Platform/tests/Diten.Platform.Application.Tests/BusinessReferenceData/BusinessReferenceDataPublishOperationMongoTests.cs	L2-AUTH22-archive
services/Diten.Platform/tests/Diten.Platform.Application.Tests/BusinessReferenceData/BusinessReferenceDataPublishStateMachineTests.cs	L2-AUTH22-archive
services/Diten.Platform/tests/Diten.Platform.Application.Tests/BusinessReferenceData/BusinessReferenceDataTenantAssignmentMongoTests.cs	L2-AUTH22-archive
services/Diten.Platform/tests/Diten.Platform.Application.Tests/BusinessReferenceData/BusinessReferenceDataTenantContextTests.cs	L2-AUTH22-archive
services/Diten.Platform/tests/Diten.Platform.Application.Tests/BusinessReferenceData/BusinessReferenceDataVerifiedMarketAuthorizationTests.cs	L2-AUTH22-archive
services/Diten.Platform/tests/Diten.Platform.Application.Tests/BusinessReferenceData/BusinessReferenceDataVerifiedMarketCatalogLoadMongoTests.cs	L2-AUTH22-archive
services/Diten.Platform/tests/Diten.Platform.Application.Tests/BusinessReferenceData/BusinessReferenceDataVerifiedMarketEnumerationContractTests.cs	L2-AUTH22-archive
services/Diten.Platform/tests/Diten.Platform.Application.Tests/BusinessReferenceData/BusinessReferenceDataVerifiedMarketOperationalMongoTests.cs	L2-AUTH22-archive
services/Diten.Platform/tests/Diten.Platform.Application.Tests/BusinessReferenceData/BusinessReferenceDataVerifiedMarketPublishMongoTests.cs	L2-AUTH22-archive
services/Diten.Platform/tests/Diten.Platform.Application.Tests/BusinessReferenceData/BusinessReferenceDataVerifiedMarketResolveContractTests.cs	L2-AUTH22-archive
services/Diten.Platform/tests/Diten.Platform.Application.Tests/BusinessReferenceData/BusinessReferenceDataVerifiedMarketResolveMongoTests.cs	L2-AUTH22-archive
services/Diten.Platform/tests/Diten.Platform.Application.Tests/BusinessReferenceData/BusinessReferenceDataVerifiedPublishMongoTests.cs	L2-AUTH22-archive
services/Diten.Platform/tests/Diten.Platform.Application.Tests/BusinessReferenceData/BusinessReferenceDataVerifiedResolveContractTests.cs	L2-AUTH22-archive
services/Diten.Platform/tests/Diten.Platform.Application.Tests/BusinessReferenceData/BusinessReferenceDataVerifiedResolveMongoTests.cs	L2-AUTH22-archive
services/Diten.Platform/tests/Diten.Platform.Application.Tests/BusinessReferenceData/BusinessReferenceDataVerifiedResolverAuthorizationTests.cs	L2-AUTH22-archive
services/Diten.Platform/tests/Diten.Platform.Application.Tests/BusinessReferenceData/BusinessReferenceDataVerifiedUomEnumerationAuthorizationTests.cs	L2-AUTH22-archive
services/Diten.Platform/tests/Diten.Platform.Application.Tests/BusinessReferenceData/BusinessReferenceDataVerifiedUomEnumerationContractTests.cs	L2-AUTH22-archive
services/Diten.Platform/tests/Diten.Platform.Application.Tests/BusinessReferenceData/BusinessReferenceDataVerifiedUomEnumerationMongoTests.cs	L2-AUTH22-archive
services/Diten.Platform/tests/Diten.Platform.Application.Tests/BusinessReferenceData/EnsureVerifiedGskuTenantAssignmentsTests.cs	L2-AUTH22-archive
services/Diten.Platform/tests/Diten.Platform.Application.Tests/BusinessReferenceData/UsageFormOptionsQueryHandlerTests.cs	L2-AUTH22-archive
services/Diten.Platform/tests/Diten.Platform.Application.Tests/BusinessReferenceData/VerifiedGskuOperationalEligibilityTests.cs	L2-AUTH22-archive
services/Diten.Platform/tests/Diten.Platform.Application.Tests/BusinessReferenceData/VerifiedGskuOperationalProvisioningRunnerTests.cs	L2-AUTH22-archive
services/Diten.Platform/tests/Diten.Platform.Application.Tests/BusinessReferenceData/VerifiedGskuResolverJwtTenantContextTests.cs	L2-AUTH22-archive
services/Diten.Platform/tests/Diten.Platform.Application.Tests/BusinessReferenceData/VerifiedMarketOperationalEligibilityTests.cs	L2-AUTH22-archive
services/Diten.Platform/tests/Diten.Platform.Application.Tests/BusinessReferenceData/VerifiedMarketOperationalProvisioningRunnerTests.cs	L2-AUTH22-archive
services/Diten.Platform/tests/Diten.Platform.Application.Tests/BusinessReferenceData/VerifiedReferenceDataRequestExecutorTests.cs	L2-AUTH22-archive
services/Diten.Platform/tests/Diten.Platform.Application.Tests/CarrierAuthLegalEntitySuccessorTests.cs	L2-AUTH22-archive
services/Diten.Platform/tests/Diten.Platform.Application.Tests/DependencyInjectionSmokeTests.cs	L2-AUTH22-archive
services/Diten.Platform/tests/Diten.Platform.Application.Tests/Diten.Platform.Application.Tests.csproj	L2-AUTH22-archive
services/Diten.Platform/tests/Diten.Platform.Application.Tests/DocumentManagement/AccessProfileTemplateTests.cs	L2-AUTH22-archive
services/Diten.Platform/tests/Diten.Platform.Application.Tests/DocumentManagement/CollectionInstanceAccessFilterTests.cs	L2-AUTH22-archive
services/Diten.Platform/tests/Diten.Platform.Application.Tests/DocumentManagement/CollectionInstanceProvisioningTests.cs	L2-AUTH22-archive
services/Diten.Platform/tests/Diten.Platform.Application.Tests/DocumentManagement/ControlledDocumentRegistrationFoundationTests.cs	L2-AUTH22-archive
services/Diten.Platform/tests/Diten.Platform.Application.Tests/DocumentManagement/ControlledDocumentScopeProjectionTests.cs	L2-AUTH22-archive
services/Diten.Platform/tests/Diten.Platform.Application.Tests/DocumentManagement/ControlledDocumentsExplorerTests.cs	L2-AUTH22-archive
services/Diten.Platform/tests/Diten.Platform.Application.Tests/DocumentManagement/ControlledDocumentsFixtures.cs	L2-AUTH22-archive
services/Diten.Platform/tests/Diten.Platform.Application.Tests/DocumentManagement/ControlledDocumentsTests.cs	L2-AUTH22-archive
services/Diten.Platform/tests/Diten.Platform.Application.Tests/DocumentManagement/CorporateCollectionInstanceFoundationTests.cs	L2-AUTH22-archive
services/Diten.Platform/tests/Diten.Platform.Application.Tests/DocumentManagement/DocumentAccessMatrixTests.cs	L2-AUTH22-archive
services/Diten.Platform/tests/Diten.Platform.Application.Tests/DocumentManagement/DocumentApprovalRouteTests.cs	L2-AUTH22-archive
services/Diten.Platform/tests/Diten.Platform.Application.Tests/DocumentManagement/DocumentCitationEndpointTests.cs	L2-AUTH22-archive
services/Diten.Platform/tests/Diten.Platform.Application.Tests/DocumentManagement/DocumentCitationResolverTests.cs	L2-AUTH22-archive
services/Diten.Platform/tests/Diten.Platform.Application.Tests/DocumentManagement/DocumentControlledCopyTests.cs	L2-AUTH22-archive
services/Diten.Platform/tests/Diten.Platform.Application.Tests/DocumentManagement/DocumentDowntimeTemporaryIssueTests.cs	L2-AUTH22-archive
services/Diten.Platform/tests/Diten.Platform.Application.Tests/DocumentManagement/DocumentEffectivenessBatchRepositoryTests.cs	L2-AUTH22-archive
services/Diten.Platform/tests/Diten.Platform.Application.Tests/DocumentManagement/DocumentEffectivenessEndpointTests.cs	L2-AUTH22-archive
services/Diten.Platform/tests/Diten.Platform.Application.Tests/DocumentManagement/DocumentEffectivenessResolverTests.cs	L2-AUTH22-archive
services/Diten.Platform/tests/Diten.Platform.Application.Tests/DocumentManagement/DocumentEffectivenessWireFormatTests.cs	L2-AUTH22-archive
services/Diten.Platform/tests/Diten.Platform.Application.Tests/DocumentManagement/DocumentElectronicSignatureTests.cs	L2-AUTH22-archive
services/Diten.Platform/tests/Diten.Platform.Application.Tests/DocumentManagement/DocumentGDocPCorrectionTrailTests.cs	L2-AUTH22-archive
services/Diten.Platform/tests/Diten.Platform.Application.Tests/DocumentManagement/DocumentGovernancePolicyPackApplicationTests.cs	L2-AUTH22-archive
services/Diten.Platform/tests/Diten.Platform.Application.Tests/DocumentManagement/DocumentGovernancePolicyPackTests.cs	L2-AUTH22-archive
services/Diten.Platform/tests/Diten.Platform.Application.Tests/DocumentManagement/DocumentGovernanceSweepTests.cs	L2-AUTH22-archive
services/Diten.Platform/tests/Diten.Platform.Application.Tests/DocumentManagement/DocumentIdentifierAllocationTests.cs	L2-AUTH22-archive
services/Diten.Platform/tests/Diten.Platform.Application.Tests/DocumentManagement/DocumentLifecycleStatusTests.cs	L2-AUTH22-archive
services/Diten.Platform/tests/Diten.Platform.Application.Tests/DocumentManagement/DocumentManagementContractFoundationTests.cs	L2-AUTH22-archive
services/Diten.Platform/tests/Diten.Platform.Application.Tests/DocumentManagement/DocumentManagementManifestProviderTests.cs	L2-AUTH22-archive
services/Diten.Platform/tests/Diten.Platform.Application.Tests/DocumentManagement/DocumentMasterRegisterTests.cs	L2-AUTH22-archive
services/Diten.Platform/tests/Diten.Platform.Application.Tests/DocumentManagement/DocumentPeriodicReviewTests.cs	L2-AUTH22-archive
services/Diten.Platform/tests/Diten.Platform.Application.Tests/DocumentManagement/DocumentQualityEventCAPATests.cs	L2-AUTH22-archive
services/Diten.Platform/tests/Diten.Platform.Application.Tests/DocumentManagement/DocumentRegisterImportTests.cs	L2-AUTH22-archive
services/Diten.Platform/tests/Diten.Platform.Application.Tests/DocumentManagement/DocumentRegisterIngestTests.cs	L2-AUTH22-archive
services/Diten.Platform/tests/Diten.Platform.Application.Tests/DocumentManagement/DocumentRegisterSeedGateTests.cs	L2-AUTH22-archive
services/Diten.Platform/tests/Diten.Platform.Application.Tests/DocumentManagement/DocumentReleaseGateTests.cs	L2-AUTH22-archive
services/Diten.Platform/tests/Diten.Platform.Application.Tests/DocumentManagement/DocumentRepositoryAssessmentTests.cs	L2-AUTH22-archive
services/Diten.Platform/tests/Diten.Platform.Application.Tests/DocumentManagement/DocumentRetentionLitigationHoldTests.cs	L2-AUTH22-archive
services/Diten.Platform/tests/Diten.Platform.Application.Tests/DocumentManagement/DocumentSuspensionRetirementTests.cs	L2-AUTH22-archive
services/Diten.Platform/tests/Diten.Platform.Application.Tests/DocumentManagement/DocumentTrainingMatrixTests.cs	L2-AUTH22-archive
services/Diten.Platform/tests/Diten.Platform.Application.Tests/DocumentManagement/ExternalDocumentRegisterTests.cs	L2-AUTH22-archive
services/Diten.Platform/tests/Diten.Platform.Application.Tests/DocumentManagement/Fu37CManualLinkScopeGuardrailTests.cs	L2-AUTH22-archive
services/Diten.Platform/tests/Diten.Platform.Application.Tests/DocumentManagement/Fu37ScopeAwareRegistrationTests.cs	L2-AUTH22-archive
services/Diten.Platform/tests/Diten.Platform.Application.Tests/DocumentManagement/QmsBaselineImportFoundationTests.cs	L2-AUTH22-archive
services/Diten.Platform/tests/Diten.Platform.Application.Tests/DocumentManagement/QmsBaselineLifecycleTests.cs	L2-AUTH22-archive
services/Diten.Platform/tests/Diten.Platform.Application.Tests/DocumentManagement/QmsBaselineManualStructureBuilderTests.cs	L2-AUTH22-archive
services/Diten.Platform/tests/Diten.Platform.Application.Tests/DocumentManagement/QmsRegisterImportFoundationTests.cs	L2-AUTH22-archive
services/Diten.Platform/tests/Diten.Platform.Application.Tests/DocumentManagement/ReconciliationAndEvidenceTests.cs	L2-AUTH22-archive
services/Diten.Platform/tests/Diten.Platform.Application.Tests/DocumentManagement/TemplateMasterTests.cs	L2-AUTH22-archive
services/Diten.Platform/tests/Diten.Platform.Application.Tests/DocumentManagement/TemplateVariantLocalizationTests.cs	L2-AUTH22-archive
services/Diten.Platform/tests/Diten.Platform.Application.Tests/DocumentManagement/TemplateVariantTests.cs	L2-AUTH22-archive
services/Diten.Platform/tests/Diten.Platform.Application.Tests/DocumentRepository/DocumentBinaryStoreTests.cs	L2-AUTH22-archive
services/Diten.Platform/tests/Diten.Platform.Application.Tests/DocumentRepository/DocumentRepositoryContractGuardTests.cs	L2-AUTH22-archive
services/Diten.Platform/tests/Diten.Platform.Application.Tests/DocumentRepository/RepositoryObjectMongoTests.cs	L2-AUTH22-archive
services/Diten.Platform/tests/Diten.Platform.Application.Tests/Eventing/OutboxEventRepositoryIdempotencyTests.cs	L2-AUTH22-archive
services/Diten.Platform/tests/Diten.Platform.Application.Tests/Eventing/PpmAuditIntentV1AuditMappingTests.cs	L2-AUTH22-archive
services/Diten.Platform/tests/Diten.Platform.Application.Tests/Eventing/PpmAuditIntentV1TransportShapeValidatorTests.cs	L2-AUTH22-archive
services/Diten.Platform/tests/Diten.Platform.Application.Tests/Eventing/SignedCanonicalTransportPropagationTests.cs	L2-AUTH22-archive
services/Diten.Platform/tests/Diten.Platform.Application.Tests/Fixtures/DocumentManagement/00_all_folders_2175.csv	L2-AUTH22-archive
services/Diten.Platform/tests/Diten.Platform.Application.Tests/Fixtures/DocumentManagement/00_folder_list_flat.json	L2-AUTH22-archive
services/Diten.Platform/tests/Diten.Platform.Application.Tests/GlobalApplicability/GlobalApplicabilityTestDependencies.cs	L2-AUTH22-archive
services/Diten.Platform/tests/Diten.Platform.Application.Tests/GlobalApplicability/GlobalApplicabilityTransactionMongoTests.cs	L2-AUTH22-archive
services/Diten.Platform/tests/Diten.Platform.Application.Tests/GlobalApplicability/GlobalApplicabilityTransactionalArchitectureTests.cs	L2-AUTH22-archive
services/Diten.Platform/tests/Diten.Platform.Application.Tests/InterfaceRegistry/InterfaceRegistryBatch1Tests.cs	L2-AUTH22-archive
services/Diten.Platform/tests/Diten.Platform.Application.Tests/Lookups/LegalEntityBrdReferenceTests.cs	L2-AUTH22-archive
services/Diten.Platform/tests/Diten.Platform.Application.Tests/Lookups/PlatformLookupProviderTests.cs	L2-AUTH22-archive
services/Diten.Platform/tests/Diten.Platform.Application.Tests/Lookups/TenantReferenceDataCrossTenantReadTests.cs	L2-AUTH22-archive
services/Diten.Platform/tests/Diten.Platform.Application.Tests/Lookups/TenantReferenceLookupsAuthorizationTests.cs	L2-AUTH22-archive
services/Diten.Platform/tests/Diten.Platform.Application.Tests/Meetings/AgendaItemCommandHandlerTests.cs	L2-AUTH22-archive
services/Diten.Platform/tests/Diten.Platform.Application.Tests/Meetings/MeetingCommandHandlerTests.cs	L2-AUTH22-archive
services/Diten.Platform/tests/Diten.Platform.Application.Tests/Meetings/MeetingHttpTests.cs	L2-AUTH22-archive
services/Diten.Platform/tests/Diten.Platform.Application.Tests/Meetings/MeetingLookupHandlerTests.cs	L2-AUTH22-archive
services/Diten.Platform/tests/Diten.Platform.Application.Tests/Meetings/MeetingManifestProviderTests.cs	L2-AUTH22-archive
services/Diten.Platform/tests/Diten.Platform.Application.Tests/Meetings/MeetingQueryHandlerTests.cs	L2-AUTH22-archive
services/Diten.Platform/tests/Diten.Platform.Application.Tests/Meetings/MeetingRepositoryMongoTests.cs	L2-AUTH22-archive
services/Diten.Platform/tests/Diten.Platform.Application.Tests/Meetings/MeetingS2TestDoubles.cs	L2-AUTH22-archive
services/Diten.Platform/tests/Diten.Platform.Application.Tests/Meetings/MeetingTestDoubles.cs	L2-AUTH22-archive
services/Diten.Platform/tests/Diten.Platform.Application.Tests/Meetings/MeetingTypeCommandHandlerTests.cs	L2-AUTH22-archive
services/Diten.Platform/tests/Diten.Platform.Application.Tests/Meetings/RecordLinkRepositoryMongoTests.cs	L2-AUTH22-archive
services/Diten.Platform/tests/Diten.Platform.Application.Tests/Meetings/RecordLinkServiceTests.cs	L2-AUTH22-archive
services/Diten.Platform/tests/Diten.Platform.Application.Tests/Meetings/RecordLinkWriteGuardSourceTests.cs	L2-AUTH22-archive
services/Diten.Platform/tests/Diten.Platform.Application.Tests/Meetings/RelatedRecordsHttpTests.cs	L2-AUTH22-archive
services/Diten.Platform/tests/Diten.Platform.Application.Tests/Meetings/RelatedRecordsProjectionTests.cs	L2-AUTH22-archive
services/Diten.Platform/tests/Diten.Platform.Application.Tests/Middleware/BlockedTransitionHttpStatusTests.cs	L2-AUTH22-archive
services/Diten.Platform/tests/Diten.Platform.Application.Tests/Middleware/ValidationReasonCodeTests.cs	L2-AUTH22-archive
services/Diten.Platform/tests/Diten.Platform.Application.Tests/ModuleAssignments/ModuleAssignmentQueryTests.cs	L2-AUTH22-archive
services/Diten.Platform/tests/Diten.Platform.Application.Tests/ModuleCatalog/CatalogPermissionSyncServiceTests.cs	L2-AUTH22-archive
services/Diten.Platform/tests/Diten.Platform.Application.Tests/ModuleCatalog/ModuleCatalogActivateGateTests.cs	L2-AUTH22-archive
services/Diten.Platform/tests/Diten.Platform.Application.Tests/ModuleCatalog/ModuleCatalogDomainCanonicalizationMigrationTests.cs	L2-AUTH22-archive
services/Diten.Platform/tests/Diten.Platform.Application.Tests/ModuleCatalog/ModuleCatalogRulesTests.cs	L2-AUTH22-archive
services/Diten.Platform/tests/Diten.Platform.Application.Tests/ModuleCatalog/ModulePageDescriptorRulesTests.cs	L2-AUTH22-archive
services/Diten.Platform/tests/Diten.Platform.Application.Tests/ModuleCatalog/ModuleTaxonomyCanonicalizerTests.cs	L2-AUTH22-archive
services/Diten.Platform/tests/Diten.Platform.Application.Tests/ModuleCatalog/PlatformCatalogContractTests.cs	L2-AUTH22-archive
services/Diten.Platform/tests/Diten.Platform.Application.Tests/ModuleDomains/ModuleDomainCrudTests.cs	L2-AUTH22-archive
services/Diten.Platform/tests/Diten.Platform.Application.Tests/ModuleDomains/ModuleDomainDeduplicationMigrationTests.cs	L2-AUTH22-archive
services/Diten.Platform/tests/Diten.Platform.Application.Tests/ModulePages/CatalogPermissionDeleteSyncTests.cs	L2-AUTH22-archive
services/Diten.Platform/tests/Diten.Platform.Application.Tests/ModulePages/ModulePageDescriptorOriginGuardTests.cs	L2-AUTH22-archive
services/Diten.Platform/tests/Diten.Platform.Application.Tests/ModulePages/ScopeFromRouteTests.cs	L2-AUTH22-archive
services/Diten.Platform/tests/Diten.Platform.Application.Tests/ModuleRegistration/InternalModuleRegistrationControllerTests.cs	L2-AUTH22-archive
services/Diten.Platform/tests/Diten.Platform.Application.Tests/ModuleRegistration/ModuleManifestReconcilePruneTests.cs	L2-AUTH22-archive
services/Diten.Platform/tests/Diten.Platform.Application.Tests/ModuleRegistration/ModuleRegistrationCredentialAuthenticatorTests.cs	L2-AUTH22-archive
services/Diten.Platform/tests/Diten.Platform.Application.Tests/ModuleRegistration/ModuleRegistrationRetryTests.cs	L2-AUTH22-archive
services/Diten.Platform/tests/Diten.Platform.Application.Tests/ModuleRegistration/RegisterModuleManifestCommandHandlerTests.cs	L2-AUTH22-archive
services/Diten.Platform/tests/Diten.Platform.Application.Tests/ModuleServices/ModuleServiceCrudTests.cs	L2-AUTH22-archive
services/Diten.Platform/tests/Diten.Platform.Application.Tests/Navigation/GetTenantNavigationMenuQueryHandlerTests.cs	L2-AUTH22-archive
services/Diten.Platform/tests/Diten.Platform.Application.Tests/Navigation/NavL10nContractTests.cs	L2-AUTH22-archive
services/Diten.Platform/tests/Diten.Platform.Application.Tests/Navigation/NavigationControllerAuthorizationTests.cs	L2-AUTH22-archive
services/Diten.Platform/tests/Diten.Platform.Application.Tests/Navigation/ReplaceTenantNavPreferencesCommandHandlerTests.cs	L2-AUTH22-archive
services/Diten.Platform/tests/Diten.Platform.Application.Tests/Notifications/NotificationEventCatalogTests.cs	L2-AUTH22-archive
services/Diten.Platform/tests/Diten.Platform.Application.Tests/Notifications/NotificationEventDispatchAdapterTests.cs	L2-AUTH22-archive
services/Diten.Platform/tests/Diten.Platform.Application.Tests/Notifications/NotificationsBatch1ATests.cs	L2-AUTH22-archive
services/Diten.Platform/tests/Diten.Platform.Application.Tests/Notifications/NotificationsBatch2Tests.cs	L2-AUTH22-archive
services/Diten.Platform/tests/Diten.Platform.Application.Tests/Notifications/NotificationsFu02UiSupportTests.cs	L2-AUTH22-archive
services/Diten.Platform/tests/Diten.Platform.Application.Tests/Notifications/NotificationsSmtpIntegrationTests.cs	L2-AUTH22-archive
services/Diten.Platform/tests/Diten.Platform.Application.Tests/Notifications/NotificationsSmtpProviderBodyAndAuthTests.cs	L2-AUTH22-archive
services/Diten.Platform/tests/Diten.Platform.Application.Tests/Notifications/NotificationsSmtpProviderTests.cs	L2-AUTH22-archive
services/Diten.Platform/tests/Diten.Platform.Application.Tests/Notifications/UserNotificationTests.cs	L2-AUTH22-archive
services/Diten.Platform/tests/Diten.Platform.Application.Tests/Organization/OrganizationFieldDefinitionL10nContractTests.cs	L2-AUTH22-archive
services/Diten.Platform/tests/Diten.Platform.Application.Tests/Organization/OrganizationManifestProviderTests.cs	L2-AUTH22-archive
services/Diten.Platform/tests/Diten.Platform.Application.Tests/Organization/OrganizationUnitL10nContractTests.cs	L2-AUTH22-archive
services/Diten.Platform/tests/Diten.Platform.Application.Tests/Organization/PositionAssignmentL10nContractTests.cs	L2-AUTH22-archive
services/Diten.Platform/tests/Diten.Platform.Application.Tests/Organization/PositionL10nContractTests.cs	L2-AUTH22-archive
services/Diten.Platform/tests/Diten.Platform.Application.Tests/Persistence/BusinessReferenceDataUsageLookupMongoTests.cs	L2-AUTH22-archive
services/Diten.Platform/tests/Diten.Platform.Application.Tests/Persistence/DateTimeOffsetSortGuardTests.cs	L2-AUTH22-archive
services/Diten.Platform/tests/Diten.Platform.Application.Tests/Persistence/DisposableMongoPortPolicyTests.cs	L2-AUTH22-archive
services/Diten.Platform/tests/Diten.Platform.Application.Tests/Persistence/DisposableMongoReplicaSet.cs	L2-AUTH22-archive
services/Diten.Platform/tests/Diten.Platform.Application.Tests/Persistence/DisposableMongoReplicaSetTests.cs	L2-AUTH22-archive
services/Diten.Platform/tests/Diten.Platform.Application.Tests/Persistence/DisposableStandaloneMongo.cs	L2-AUTH22-archive
services/Diten.Platform/tests/Diten.Platform.Application.Tests/Persistence/EntitlementTransactionFoundationMongoTests.cs	L2-AUTH22-archive
services/Diten.Platform/tests/Diten.Platform.Application.Tests/Persistence/IntegratedEntitlementPhase2AMongoTests.cs	L2-AUTH22-archive
services/Diten.Platform/tests/Diten.Platform.Application.Tests/Persistence/MongoIntegrationHarness.cs	L2-AUTH22-archive
services/Diten.Platform/tests/Diten.Platform.Application.Tests/Persistence/MongoResidueSweeper.cs	L2-AUTH22-archive
services/Diten.Platform/tests/Diten.Platform.Application.Tests/Persistence/MongoResidueSweeperTests.cs	L2-AUTH22-archive
services/Diten.Platform/tests/Diten.Platform.Application.Tests/Persistence/NotificationDispatchMongoTests.cs	L2-AUTH22-archive
services/Diten.Platform/tests/Diten.Platform.Application.Tests/Persistence/PhysicalEntitlementTransactionGuardMongoTests.cs	L2-AUTH22-archive
services/Diten.Platform/tests/Diten.Platform.Application.Tests/Persistence/PhysicalHandlerParticipantFaultMatrixMongoTests.cs	L2-AUTH22-archive
services/Diten.Platform/tests/Diten.Platform.Application.Tests/Persistence/PlatformTransactionUnknownCommitMongoTests.cs	L2-AUTH22-archive
services/Diten.Platform/tests/Diten.Platform.Application.Tests/Persistence/StandaloneMongoTransactionFailClosedTests.cs	L2-AUTH22-archive
services/Diten.Platform/tests/Diten.Platform.Application.Tests/Persistence/SubscriptionConcurrencySecurityMongoTests.cs	L2-AUTH22-archive
services/Diten.Platform/tests/Diten.Platform.Application.Tests/Persistence/SubscriptionParticipantFaultMatrixMongoTests.cs	L2-AUTH22-archive
services/Diten.Platform/tests/Diten.Platform.Application.Tests/Persistence/SubscriptionSessionAndStandaloneFailureTests.cs	L2-AUTH22-archive
services/Diten.Platform/tests/Diten.Platform.Application.Tests/Persistence/SubscriptionTransactionFailureArchitectureTests.cs	L2-AUTH22-archive
services/Diten.Platform/tests/Diten.Platform.Application.Tests/Persistence/SubscriptionTransactionFailureMongoTests.cs	L2-AUTH22-archive
services/Diten.Platform/tests/Diten.Platform.Application.Tests/Persistence/SubscriptionTransactionWriterMongoTests.cs	L2-AUTH22-archive
services/Diten.Platform/tests/Diten.Platform.Application.Tests/Persistence/TaskAcceptanceBackfillMongoTests.cs	L2-AUTH22-archive
services/Diten.Platform/tests/Diten.Platform.Application.Tests/Persistence/TaskCommentOrderMongoTests.cs	L2-AUTH22-archive
services/Diten.Platform/tests/Diten.Platform.Application.Tests/Persistence/TaskReviewInstanceSeparationMongoTests.cs	L2-AUTH22-archive
services/Diten.Platform/tests/Diten.Platform.Application.Tests/Persistence/TransactionalAuditOutboxMongoTests.cs	L2-AUTH22-archive
services/Diten.Platform/tests/Diten.Platform.Application.Tests/Persistence/TransactionalOutboxMongoTests.cs	L2-AUTH22-archive
services/Diten.Platform/tests/Diten.Platform.Application.Tests/Persistence/UpdateExpiryNoOpMongoTests.cs	L2-AUTH22-archive
services/Diten.Platform/tests/Diten.Platform.Application.Tests/Persistence/UserNotificationMongoTests.cs	L2-AUTH22-archive
services/Diten.Platform/tests/Diten.Platform.Application.Tests/Persistence/WorkflowInstanceLookupMongoTests.cs	L2-AUTH22-archive
services/Diten.Platform/tests/Diten.Platform.Application.Tests/PlatformAccount/PlatformAccountRulesTests.cs	L2-AUTH22-archive
services/Diten.Platform/tests/Diten.Platform.Application.Tests/PlatformAdministrators/PlatformAdministratorRulesTests.cs	L2-AUTH22-archive
services/Diten.Platform/tests/Diten.Platform.Application.Tests/PlatformTestSerializers.cs	L2-AUTH22-archive
services/Diten.Platform/tests/Diten.Platform.Application.Tests/Ppm/PpmManifestProviderTests.cs	L2-AUTH22-archive
services/Diten.Platform/tests/Diten.Platform.Application.Tests/Quotas/QuotaServiceTests.cs	L2-AUTH22-archive
services/Diten.Platform/tests/Diten.Platform.Application.Tests/ReferenceData/ReferenceDataManifestProviderTests.cs	L2-AUTH22-archive
services/Diten.Platform/tests/Diten.Platform.Application.Tests/RepoPaths.cs	L2-AUTH22-archive
services/Diten.Platform/tests/Diten.Platform.Application.Tests/Schema/PlatformSchemaContractMongoTests.cs	L2-AUTH22-archive
services/Diten.Platform/tests/Diten.Platform.Application.Tests/Schema/PlatformSchemaManifestTests.cs	L2-AUTH22-archive
services/Diten.Platform/tests/Diten.Platform.Application.Tests/Security/HasPermissionReflectorTests.cs	L2-AUTH22-archive
services/Diten.Platform/tests/Diten.Platform.Application.Tests/Seeding/BootstrapSeedPolicyTests.cs	L2-AUTH22-archive
services/Diten.Platform/tests/Diten.Platform.Application.Tests/SubscriptionFeatures/SubscriptionFeaturesRulesTests.cs	L2-AUTH22-archive
services/Diten.Platform/tests/Diten.Platform.Application.Tests/Tasks/ChecklistEditVerbsTests.cs	L2-AUTH22-archive
services/Diten.Platform/tests/Diten.Platform.Application.Tests/Tasks/ClaimTaskItemHandlerTests.cs	L2-AUTH22-archive
services/Diten.Platform/tests/Diten.Platform.Application.Tests/Tasks/CreateTaskItemOrganizationUnitTests.cs	L2-AUTH22-archive
services/Diten.Platform/tests/Diten.Platform.Application.Tests/Tasks/CreateWithChecklistTests.cs	L2-AUTH22-archive
services/Diten.Platform/tests/Diten.Platform.Application.Tests/Tasks/DocumentReferenceListTests.cs	L2-AUTH22-archive
services/Diten.Platform/tests/Diten.Platform.Application.Tests/Tasks/GetTaskAssignmentPersonLookupHandlerTests.cs	L2-AUTH22-archive
services/Diten.Platform/tests/Diten.Platform.Application.Tests/Tasks/GetTaskAssignmentPositionLookupHandlerTests.cs	L2-AUTH22-archive
services/Diten.Platform/tests/Diten.Platform.Application.Tests/Tasks/TaskActionCodeReachabilityTests.cs	L2-AUTH22-archive
services/Diten.Platform/tests/Diten.Platform.Application.Tests/Tasks/TaskActionRoundTripTests.cs	L2-AUTH22-archive
services/Diten.Platform/tests/Diten.Platform.Application.Tests/Tasks/TaskApprovalGateTests.cs	L2-AUTH22-archive
services/Diten.Platform/tests/Diten.Platform.Application.Tests/Tasks/TaskApprovalHttpContractTests.cs	L2-AUTH22-archive
services/Diten.Platform/tests/Diten.Platform.Application.Tests/Tasks/TaskApprovalProjectionTests.cs	L2-AUTH22-archive
services/Diten.Platform/tests/Diten.Platform.Application.Tests/Tasks/TaskApprovalTemplateInstallerTests.cs	L2-AUTH22-archive
services/Diten.Platform/tests/Diten.Platform.Application.Tests/Tasks/TaskApprovalToggleTests.cs	L2-AUTH22-archive
services/Diten.Platform/tests/Diten.Platform.Application.Tests/Tasks/TaskAssignmentGuardDoubles.cs	L2-AUTH22-archive
services/Diten.Platform/tests/Diten.Platform.Application.Tests/Tasks/TaskAssignmentResolverTests.cs	L2-AUTH22-archive
services/Diten.Platform/tests/Diten.Platform.Application.Tests/Tasks/TaskAssignmentScopeTests.cs	L2-AUTH22-archive
services/Diten.Platform/tests/Diten.Platform.Application.Tests/Tasks/TaskAssignmentWriteGuardHttpTests.cs	L2-AUTH22-archive
services/Diten.Platform/tests/Diten.Platform.Application.Tests/Tasks/TaskAssignmentWriteGuardSourceTests.cs	L2-AUTH22-archive
services/Diten.Platform/tests/Diten.Platform.Application.Tests/Tasks/TaskAssignmentWriteGuardTests.cs	L2-AUTH22-archive
services/Diten.Platform/tests/Diten.Platform.Application.Tests/Tasks/TaskAttachmentDoubles.cs	L2-AUTH22-archive
services/Diten.Platform/tests/Diten.Platform.Application.Tests/Tasks/TaskAttachmentRepositoryMongoTests.cs	L2-AUTH22-archive
services/Diten.Platform/tests/Diten.Platform.Application.Tests/Tasks/TaskAttachmentTests.cs	L2-AUTH22-archive
services/Diten.Platform/tests/Diten.Platform.Application.Tests/Tasks/TaskBusinessContextProjectionTests.cs	L2-AUTH22-archive
services/Diten.Platform/tests/Diten.Platform.Application.Tests/Tasks/TaskChecklistSubtaskTests.cs	L2-AUTH22-archive
services/Diten.Platform/tests/Diten.Platform.Application.Tests/Tasks/TaskClosureOutcomeTests.cs	L2-AUTH22-archive
services/Diten.Platform/tests/Diten.Platform.Application.Tests/Tasks/TaskClosureRoundTripTests.cs	L2-AUTH22-archive
services/Diten.Platform/tests/Diten.Platform.Application.Tests/Tasks/TaskCommentTests.cs	L2-AUTH22-archive
services/Diten.Platform/tests/Diten.Platform.Application.Tests/Tasks/TaskCommentTrailTests.cs	L2-AUTH22-archive
services/Diten.Platform/tests/Diten.Platform.Application.Tests/Tasks/TaskDelegationPolicyTests.cs	L2-AUTH22-archive
services/Diten.Platform/tests/Diten.Platform.Application.Tests/Tasks/TaskDependencyEnforcementTests.cs	L2-AUTH22-archive
services/Diten.Platform/tests/Diten.Platform.Application.Tests/Tasks/TaskDependencyTests.cs	L2-AUTH22-archive
services/Diten.Platform/tests/Diten.Platform.Application.Tests/Tasks/TaskDocumentFreezerDoubles.cs	L2-AUTH22-archive
services/Diten.Platform/tests/Diten.Platform.Application.Tests/Tasks/TaskDocumentReferenceTests.cs	L2-AUTH22-archive
services/Diten.Platform/tests/Diten.Platform.Application.Tests/Tasks/TaskFieldAuthorizationTests.cs	L2-AUTH22-archive
services/Diten.Platform/tests/Diten.Platform.Application.Tests/Tasks/TaskFieldDefinitionManagementTests.cs	L2-AUTH22-archive
services/Diten.Platform/tests/Diten.Platform.Application.Tests/Tasks/TaskFieldDefinitionServiceTests.cs	L2-AUTH22-archive
services/Diten.Platform/tests/Diten.Platform.Application.Tests/Tasks/TaskFieldHistoryTests.cs	L2-AUTH22-archive
services/Diten.Platform/tests/Diten.Platform.Application.Tests/Tasks/TaskGatesAndSubtaskStatusTests.cs	L2-AUTH22-archive
services/Diten.Platform/tests/Diten.Platform.Application.Tests/Tasks/TaskHandoverTests.cs	L2-AUTH22-archive
services/Diten.Platform/tests/Diten.Platform.Application.Tests/Tasks/TaskJsonContractTests.cs	L2-AUTH22-archive
services/Diten.Platform/tests/Diten.Platform.Application.Tests/Tasks/TaskLifecycleAuthorityHttpTests.cs	L2-AUTH22-archive
services/Diten.Platform/tests/Diten.Platform.Application.Tests/Tasks/TaskLifecycleServiceTests.cs	L2-AUTH22-archive
services/Diten.Platform/tests/Diten.Platform.Application.Tests/Tasks/TaskManifestProviderTests.cs	L2-AUTH22-archive
services/Diten.Platform/tests/Diten.Platform.Application.Tests/Tasks/TaskModuleDisplayNameRenameMigrationTests.cs	L2-AUTH22-archive
services/Diten.Platform/tests/Diten.Platform.Application.Tests/Tasks/TaskModuleRecordFieldTests.cs	L2-AUTH22-archive
services/Diten.Platform/tests/Diten.Platform.Application.Tests/Tasks/TaskNotificationDispatchPointsTests.cs	L2-AUTH22-archive
services/Diten.Platform/tests/Diten.Platform.Application.Tests/Tasks/TaskNotificationEndToEndTests.cs	L2-AUTH22-archive
services/Diten.Platform/tests/Diten.Platform.Application.Tests/Tasks/TaskNotificationLocaleTests.cs	L2-AUTH22-archive
services/Diten.Platform/tests/Diten.Platform.Application.Tests/Tasks/TaskNotificationPreferenceTests.cs	L2-AUTH22-archive
services/Diten.Platform/tests/Diten.Platform.Application.Tests/Tasks/TaskNotificationTemplateTests.cs	L2-AUTH22-archive
services/Diten.Platform/tests/Diten.Platform.Application.Tests/Tasks/TaskNotificationTests.cs	L2-AUTH22-archive
services/Diten.Platform/tests/Diten.Platform.Application.Tests/Tasks/TaskOutboxTests.cs	L2-AUTH22-archive
services/Diten.Platform/tests/Diten.Platform.Application.Tests/Tasks/TaskPersonalOverlayTests.cs	L2-AUTH22-archive
services/Diten.Platform/tests/Diten.Platform.Application.Tests/Tasks/TaskPlanTests.cs	L2-AUTH22-archive
services/Diten.Platform/tests/Diten.Platform.Application.Tests/Tasks/TaskPoolIdentityTests.cs	L2-AUTH22-archive
services/Diten.Platform/tests/Diten.Platform.Application.Tests/Tasks/TaskProjectedSettingsTests.cs	L2-AUTH22-archive
services/Diten.Platform/tests/Diten.Platform.Application.Tests/Tasks/TaskRecurrenceGenerationTests.cs	L2-AUTH22-archive
services/Diten.Platform/tests/Diten.Platform.Application.Tests/Tasks/TaskRecurrenceRuleCrudTests.cs	L2-AUTH22-archive
services/Diten.Platform/tests/Diten.Platform.Application.Tests/Tasks/TaskRecurrenceScheduleTests.cs	L2-AUTH22-archive
services/Diten.Platform/tests/Diten.Platform.Application.Tests/Tasks/TaskRecurrenceSweepRegistrationTests.cs	L2-AUTH22-archive
services/Diten.Platform/tests/Diten.Platform.Application.Tests/Tasks/TaskReturnedSignalTests.cs	L2-AUTH22-archive
services/Diten.Platform/tests/Diten.Platform.Application.Tests/Tasks/TaskReviewGateTests.cs	L2-AUTH22-archive
services/Diten.Platform/tests/Diten.Platform.Application.Tests/Tasks/TaskReviewHandoffTests.cs	L2-AUTH22-archive
services/Diten.Platform/tests/Diten.Platform.Application.Tests/Tasks/TaskReviewProjectionTests.cs	L2-AUTH22-archive
services/Diten.Platform/tests/Diten.Platform.Application.Tests/Tasks/TaskReviewerRequiredHttpTests.cs	L2-AUTH22-archive
services/Diten.Platform/tests/Diten.Platform.Application.Tests/Tasks/TaskRunningChildrenSignalTests.cs	L2-AUTH22-archive
services/Diten.Platform/tests/Diten.Platform.Application.Tests/Tasks/TaskSeatDirectoryTests.cs	L2-AUTH22-archive
services/Diten.Platform/tests/Diten.Platform.Application.Tests/Tasks/TaskSubtaskBlockingTests.cs	L2-AUTH22-archive
services/Diten.Platform/tests/Diten.Platform.Application.Tests/Tasks/TaskTeamScopeTests.cs	L2-AUTH22-archive
services/Diten.Platform/tests/Diten.Platform.Application.Tests/Tasks/TaskTemplateChainCrudTests.cs	L2-AUTH22-archive
services/Diten.Platform/tests/Diten.Platform.Application.Tests/Tasks/TaskTemplateSnapshotTests.cs	L2-AUTH22-archive
services/Diten.Platform/tests/Diten.Platform.Application.Tests/Tasks/TaskTestDoubles.cs	L2-AUTH22-archive
services/Diten.Platform/tests/Diten.Platform.Application.Tests/Tasks/TaskTransitionLogTests.cs	L2-AUTH22-archive
services/Diten.Platform/tests/Diten.Platform.Application.Tests/Tasks/TaskTypeTests.cs	L2-AUTH22-archive
services/Diten.Platform/tests/Diten.Platform.Application.Tests/Tasks/TaskUpwardRequestTests.cs	L2-AUTH22-archive
services/Diten.Platform/tests/Diten.Platform.Application.Tests/Tasks/TaskWaitingAndCancelAuthorityTests.cs	L2-AUTH22-archive
services/Diten.Platform/tests/Diten.Platform.Application.Tests/Tasks/TaskWaitingOnPersonTests.cs	L2-AUTH22-archive
services/Diten.Platform/tests/Diten.Platform.Application.Tests/Tasks/TaskWorkItemContractGuardTests.cs	L2-AUTH22-archive
services/Diten.Platform/tests/Diten.Platform.Application.Tests/Tasks/TaskWorkItemProviderTests.cs	L2-AUTH22-archive
services/Diten.Platform/tests/Diten.Platform.Application.Tests/Tasks/TaskWorkItemProviderWireContractTests.cs	L2-AUTH22-archive
services/Diten.Platform/tests/Diten.Platform.Application.Tests/Tasks/TaskWorkItemSummaryFieldsTests.cs	L2-AUTH22-archive
services/Diten.Platform/tests/Diten.Platform.Application.Tests/Tasks/WorkReportAgingAndComparisonTests.cs	L2-AUTH22-archive
services/Diten.Platform/tests/Diten.Platform.Application.Tests/Tasks/WorkReportExportTests.cs	L2-AUTH22-archive
services/Diten.Platform/tests/Diten.Platform.Application.Tests/Tasks/WorkReportFilterTests.cs	L2-AUTH22-archive
services/Diten.Platform/tests/Diten.Platform.Application.Tests/Tasks/WorkReportItemsTests.cs	L2-AUTH22-archive
services/Diten.Platform/tests/Diten.Platform.Application.Tests/Tasks/WorkReportManifestProviderTests.cs	L2-AUTH22-archive
services/Diten.Platform/tests/Diten.Platform.Application.Tests/Tasks/WorkReportQueryCompositionTests.cs	L2-AUTH22-archive
services/Diten.Platform/tests/Diten.Platform.Application.Tests/Tasks/WorkReportQueryHandlerTests.cs	L2-AUTH22-archive
services/Diten.Platform/tests/Diten.Platform.Application.Tests/Tasks/WorkReportScopeMirror.cs	L2-AUTH22-archive
services/Diten.Platform/tests/Diten.Platform.Application.Tests/Tasks/WorkReportScopePreferenceTests.cs	L2-AUTH22-archive
services/Diten.Platform/tests/Diten.Platform.Application.Tests/Tasks/WorkReportScopeTests.cs	L2-AUTH22-archive
services/Diten.Platform/tests/Diten.Platform.Application.Tests/Tasks/WorkReportSets.cs	L2-AUTH22-archive
services/Diten.Platform/tests/Diten.Platform.Application.Tests/Tasks/WorkReportTallyTests.cs	L2-AUTH22-archive
services/Diten.Platform/tests/Diten.Platform.Application.Tests/Tenancy/TenantContradictionGuardTests.cs	L2-AUTH22-archive
services/Diten.Platform/tests/Diten.Platform.Application.Tests/TenantHandlersTests.cs	L2-AUTH22-archive
services/Diten.Platform/tests/Diten.Platform.Application.Tests/TenantOrganization/AuthServiceUserReferenceValidatorTests.cs	L2-AUTH22-archive
services/Diten.Platform/tests/Diten.Platform.Application.Tests/TenantOrganization/InMemoryTenantOrganizationRepositories.cs	L2-AUTH22-archive
services/Diten.Platform/tests/Diten.Platform.Application.Tests/TenantOrganization/MdmLegalEntityReferenceValidatorTests.cs	L2-AUTH22-archive
services/Diten.Platform/tests/Diten.Platform.Application.Tests/TenantOrganization/OrganizationEnterpriseFieldsTests.cs	L2-AUTH22-archive
services/Diten.Platform/tests/Diten.Platform.Application.Tests/TenantOrganization/OrganizationFieldDefinitionTests.cs	L2-AUTH22-archive
services/Diten.Platform/tests/Diten.Platform.Application.Tests/TenantOrganization/OrganizationFieldQueryTests.cs	L2-AUTH22-archive
services/Diten.Platform/tests/Diten.Platform.Application.Tests/TenantOrganization/OrganizationFieldValueTests.cs	L2-AUTH22-archive
services/Diten.Platform/tests/Diten.Platform.Application.Tests/TenantOrganization/OrganizationFu02BoundaryArchitectureTests.cs	L2-AUTH22-archive
services/Diten.Platform/tests/Diten.Platform.Application.Tests/TenantOrganization/OrganizationMatrixReportingTests.cs	L2-AUTH22-archive
services/Diten.Platform/tests/Diten.Platform.Application.Tests/TenantOrganization/TenantOrganizationRulesTests.cs	L2-AUTH22-archive
services/Diten.Platform/tests/Diten.Platform.Application.Tests/TenantSettingsModule/TenantSettingsManifestProviderTests.cs	L2-AUTH22-archive
services/Diten.Platform/tests/Diten.Platform.Application.Tests/TenantValidatorsTests.cs	L2-AUTH22-archive
services/Diten.Platform/tests/Diten.Platform.Application.Tests/Tenants/ActivateTenantAdminUserCommandHandlerTests.cs	L2-AUTH22-archive
services/Diten.Platform/tests/Diten.Platform.Application.Tests/Tenants/AdminUserInvitationServiceTests.cs	L2-AUTH22-archive
services/Diten.Platform/tests/Diten.Platform.Application.Tests/Tenants/Commercial/Entitlements/TenantCommercialEntitlementQueryTests.cs	L2-AUTH22-archive
services/Diten.Platform/tests/Diten.Platform.Application.Tests/Tenants/Commercial/Entitlements/TenantModuleEntitlementQuotaDriftTests.cs	L2-AUTH22-archive
services/Diten.Platform/tests/Diten.Platform.Application.Tests/Tenants/Commercial/Entitlements/TenantModuleEntitlementReEnableQuotaTests.cs	L2-AUTH22-archive
services/Diten.Platform/tests/Diten.Platform.Application.Tests/Tenants/Commercial/Subscriptions/ActivateTenantSubscriptionTenantStatusTests.cs	L2-AUTH22-archive
services/Diten.Platform/tests/Diten.Platform.Application.Tests/Tenants/Commercial/Subscriptions/SubscriptionHandlerTransactionArchitectureTests.cs	L2-AUTH22-archive
services/Diten.Platform/tests/Diten.Platform.Application.Tests/Tenants/Commercial/Subscriptions/SubscriptionTransactionTestDependencies.cs	L2-AUTH22-archive
services/Diten.Platform/tests/Diten.Platform.Application.Tests/Tenants/Commercial/Subscriptions/SuspendTenantSubscriptionCommandHandlerTests.cs	L2-AUTH22-archive
services/Diten.Platform/tests/Diten.Platform.Application.Tests/Tenants/Commercial/Subscriptions/TenantSubscriptionChangedPublishHandlerTests.cs	L2-AUTH22-archive
services/Diten.Platform/tests/Diten.Platform.Application.Tests/Tenants/SystemTenantGuardTests.cs	L2-AUTH22-archive
services/Diten.Platform/tests/Diten.Platform.Application.Tests/Tenants/TenantLifecycleAuditConsumerTests.cs	L2-AUTH22-archive
services/Diten.Platform/tests/Diten.Platform.Application.Tests/Tenants/TenantLifecycleHandlerBoundaryTests.cs	L2-AUTH22-archive
services/Diten.Platform/tests/Diten.Platform.Application.Tests/Tenants/TenantLifecycleNotificationConsumerTests.cs	L2-AUTH22-archive
services/Diten.Platform/tests/Diten.Platform.Application.Tests/Tenants/TenantLifecycleNotificationMapperTests.cs	L2-AUTH22-archive
services/Diten.Platform/tests/Diten.Platform.Application.Tests/WorkAggregation/GetMyWorkItemsHandlerTests.cs	L2-AUTH22-archive
services/Diten.Platform/tests/Diten.Platform.Application.Tests/WorkAggregation/HttpWorkItemBridgeTests.cs	L2-AUTH22-archive
services/Diten.Platform/tests/Diten.Platform.Application.Tests/WorkAggregation/ModuleManifestCarriesNoAddressTests.cs	L2-AUTH22-archive
services/Diten.Platform/tests/Diten.Platform.Application.Tests/WorkAggregation/ModuleSelfRegistrationGateTests.cs	L2-AUTH22-archive
services/Diten.Platform/tests/Diten.Platform.Application.Tests/WorkAggregation/ProviderActionPermissionTests.cs	L2-AUTH22-archive
services/Diten.Platform/tests/Diten.Platform.Application.Tests/WorkAggregation/WorkAggregationManifestProviderTests.cs	L2-AUTH22-archive
services/Diten.Platform/tests/Diten.Platform.Application.Tests/WorkAggregation/WorkItemActionDispatchTests.cs	L2-AUTH22-archive
services/Diten.Platform/tests/Diten.Platform.Application.Tests/WorkAggregation/WorkItemBridgeSingletonGuardTests.cs	L2-AUTH22-archive
services/Diten.Platform/tests/Diten.Platform.Application.Tests/WorkAggregation/WorkItemProjectionSerializationTests.cs	L2-AUTH22-archive
services/Diten.Platform/tests/Diten.Platform.Application.Tests/WorkAggregation/WorkItemProjectionServiceTests.cs	L2-AUTH22-archive
services/Diten.Platform/tests/Diten.Platform.Application.Tests/WorkAggregation/WorkItemSlaTests.cs	L2-AUTH22-archive
services/Diten.Platform/tests/Diten.Platform.Application.Tests/Workflow/GetMyWorkflowTasksHandlerTests.cs	L2-AUTH22-archive
services/Diten.Platform/tests/Diten.Platform.Application.Tests/Workflow/WorkflowDefinitionFoundationTests.cs	L2-AUTH22-archive
services/Diten.Platform/tests/Diten.Platform.Application.Tests/Workflow/WorkflowEscalationSweepJobTests.cs	L2-AUTH22-archive
services/Diten.Platform/tests/Diten.Platform.Application.Tests/Workflow/WorkflowInstanceStartTests.cs	L2-AUTH22-archive
services/Diten.Platform/tests/Diten.Platform.Application.Tests/Workflow/WorkflowManifestProviderTests.cs	L2-AUTH22-archive
services/Diten.Platform/tests/Diten.Platform.Application.Tests/Workflow/WorkflowSlaEscalationTests.cs	L2-AUTH22-archive
services/Diten.Platform/tests/Diten.Platform.Application.Tests/Workflow/WorkflowTaskTransitionTests.cs	L2-AUTH22-archive
services/Diten.Platform/tests/Diten.Platform.Application.Tests/Workflow/WorkflowTemplateVersionPublishTests.cs	L2-AUTH22-archive
services/Diten.Platform/tests/Diten.Platform.Application.Tests/Workflow/WorkflowTransitionGateMongoRepositoryTests.cs	L2-AUTH22-archive
services/Diten.Platform/tests/Diten.Platform.Application.Tests/Workflow/WorkflowTransitionGateTests.cs	L2-AUTH22-archive
services/Diten.Platform/tests/Diten.Platform.Application.Tests/WorkingCalendar/CreateWorkingCalendarLegalEntityValidationTests.cs	L2-AUTH22-archive
services/Diten.Platform/tests/Diten.Platform.Application.Tests/WorkingCalendar/GetWorkingCalendarByIdHandlerTests.cs	L2-AUTH22-archive
services/Diten.Platform/tests/Diten.Platform.Application.Tests/WorkingCalendar/ListWorkingCalendarsHandlerTests.cs	L2-AUTH22-archive
services/Diten.Platform/tests/Diten.Platform.Application.Tests/WorkingCalendar/WorkingCalendarCodeUniquenessMongoTests.cs	L2-AUTH22-archive
services/Diten.Platform/tests/Diten.Platform.Application.Tests/WorkingCalendar/WorkingCalendarImportTests.cs	L2-AUTH22-archive
services/Diten.Platform/tests/Diten.Platform.Application.Tests/WorkingCalendar/WorkingCalendarLegalEntityValidatorTests.cs	L2-AUTH22-archive
services/Diten.Platform/tests/Diten.Platform.Application.Tests/WorkingCalendar/WorkingCalendarProviderScopePrecedenceTests.cs	L2-AUTH22-archive
services/Diten.Platform/tests/Diten.Platform.Application.Tests/WorkingCalendar/WorkingCalendarResolveEngineTests.cs	L2-AUTH22-archive
services/Diten.Platform/tests/Diten.Platform.Application.Tests/WorkingCalendar/WorkingCalendarValidationTests.cs	L2-AUTH22-archive
services/Diten.Platform/tests/Diten.Platform.BackgroundJobs.Tests/BackgroundJobContractsTests.cs	L2-AUTH22-archive
services/Diten.Platform/tests/Diten.Platform.BackgroundJobs.Tests/BackgroundJobObservabilityMetricsSmokeTests.cs	L2-AUTH22-archive
services/Diten.Platform/tests/Diten.Platform.BackgroundJobs.Tests/DashboardAuthorizationTests.cs	L2-AUTH22-archive
services/Diten.Platform/tests/Diten.Platform.BackgroundJobs.Tests/Diten.Platform.BackgroundJobs.Tests.csproj	L2-AUTH22-archive
services/Diten.Platform/tests/Diten.Platform.BackgroundJobs.Tests/HangfireBackgroundJobExecutorTests.cs	L2-AUTH22-archive
services/Diten.Platform/tests/Diten.Platform.BackgroundJobs.Tests/HangfireBackgroundJobSchedulerTests.cs	L2-AUTH22-archive
services/Diten.Platform/tests/Diten.Platform.BackgroundJobs.Tests/JobExecutionLogWriterTests.cs	L2-AUTH22-archive
services/Diten.Platform/tests/Diten.Platform.BackgroundJobs.Tests/PlatformContainerValidationTests.cs	L2-AUTH22-archive
services/Diten.Platform/tests/Diten.Platform.BackgroundJobs.Tests/SchedulerSmokeTestJobTests.cs	L2-AUTH22-archive
services/Diten.Platform/tests/Diten.Platform.Eventing.Tests/Diten.Platform.Eventing.Tests.csproj	L2-AUTH22-archive
services/Diten.Platform/tests/Diten.Platform.Eventing.Tests/EntitlementCacheInvalidationEventContractTests.cs	L2-AUTH22-archive
services/Diten.Platform/tests/Diten.Platform.Eventing.Tests/EventingMvpTests.cs	L2-AUTH22-archive
services/Diten.Platform/tests/Diten.Platform.Eventing.Tests/EventingObservabilityMetricsSmokeTests.cs	L2-AUTH22-archive
services/Diten.Platform/tests/Diten.Platform.Eventing.Tests/RabbitMqEventingIntegrationTests.cs	L2-AUTH22-archive
services/Diten.Platform/tests/Diten.Platform.Eventing.Tests/TenantLifecycleEventContractTests.cs	L2-AUTH22-archive
services/Diten.Platform/tests/Diten.Platform.Eventing.Tests/TenantLifecycleRabbitMqIntegrationTests.cs	L2-AUTH22-archive
services/Diten.PpmService/src/Diten.PpmService.Contracts/Diten.PpmService.Contracts.csproj	L2-AUTH22-archive
services/Diten.PpmService/src/Diten.PpmService.Contracts/Events/PpmAuditIntentSubmittedV1.cs	L2-AUTH22-archive
services/Diten.SupplyChainService/src/Diten.SupplyChainService.Api/Diten.SupplyChainService.Api.csproj	L1-A12-360
services/Diten.SupplyChainService/src/Diten.SupplyChainService.Api/Features/CapacityPlans/CapacityContextMiddleware.cs	L1-A12-360
services/Diten.SupplyChainService/src/Diten.SupplyChainService.Api/Features/CapacityPlans/CapacityContractError.cs	L1-A12-360
services/Diten.SupplyChainService/src/Diten.SupplyChainService.Api/Features/CapacityPlans/CapacityPlansController.cs	L1-A12-360
services/Diten.SupplyChainService/src/Diten.SupplyChainService.Api/Features/Carriers/CarrierContextMiddleware.cs	L1-A12-360
services/Diten.SupplyChainService/src/Diten.SupplyChainService.Api/Features/Carriers/CarrierContractError.cs	L1-A12-360
services/Diten.SupplyChainService/src/Diten.SupplyChainService.Api/Features/Carriers/CarriersController.cs	L1-A12-360
services/Diten.SupplyChainService/src/Diten.SupplyChainService.Api/Features/Claims/ClaimContextMiddleware.cs	L1-A12-360
services/Diten.SupplyChainService/src/Diten.SupplyChainService.Api/Features/Claims/ClaimContractError.cs	L1-A12-360
services/Diten.SupplyChainService/src/Diten.SupplyChainService.Api/Features/Claims/ClaimsController.cs	L1-A12-360
services/Diten.SupplyChainService/src/Diten.SupplyChainService.Api/Features/Loads/LoadContextMiddleware.cs	L1-A12-360
services/Diten.SupplyChainService/src/Diten.SupplyChainService.Api/Features/Loads/LoadContractError.cs	L1-A12-360
services/Diten.SupplyChainService/src/Diten.SupplyChainService.Api/Features/Loads/LoadsController.cs	L1-A12-360
services/Diten.SupplyChainService/src/Diten.SupplyChainService.Api/Features/Returns/ReturnContextMiddleware.cs	L1-A12-360
services/Diten.SupplyChainService/src/Diten.SupplyChainService.Api/Features/Returns/ReturnContractError.cs	L1-A12-360
services/Diten.SupplyChainService/src/Diten.SupplyChainService.Api/Features/Returns/ReturnsController.cs	L1-A12-360
services/Diten.SupplyChainService/src/Diten.SupplyChainService.Api/Features/SandopPlans/SandopContextMiddleware.cs	L1-A12-360
services/Diten.SupplyChainService/src/Diten.SupplyChainService.Api/Features/SandopPlans/SandopContractError.cs	L1-A12-360
services/Diten.SupplyChainService/src/Diten.SupplyChainService.Api/Features/SandopPlans/SandopPlansController.cs	L1-A12-360
services/Diten.SupplyChainService/src/Diten.SupplyChainService.Api/ModuleRegistration/CarrierManagementManifestProvider.cs	L1-A12-360
services/Diten.SupplyChainService/src/Diten.SupplyChainService.Api/ModuleRegistration/ClaimsManagementManifestProvider.cs	L3-CLAIMS-DRAFT-MODULE
services/Diten.SupplyChainService/src/Diten.SupplyChainService.Api/ModuleRegistration/IModuleManifestProvider.cs	L1-A12-360
services/Diten.SupplyChainService/src/Diten.SupplyChainService.Api/ModuleRegistration/ModuleRegistrationHostedService.cs	L1-A12-360
services/Diten.SupplyChainService/src/Diten.SupplyChainService.Api/ModuleRegistration/PlatformRegistrationOptions.cs	L1-A12-360
services/Diten.SupplyChainService/src/Diten.SupplyChainService.Api/ModuleRegistration/ShipmentTrackingPodManifestProvider.cs	L1-A12-360
services/Diten.SupplyChainService/src/Diten.SupplyChainService.Api/Program.cs	L4-ENV-INTEGRATION(L1-A12-360)
services/Diten.SupplyChainService/src/Diten.SupplyChainService.Api/appsettings.json	L1-A12-360
services/Diten.SupplyChainService/src/Diten.SupplyChainService.Application/Features/CapacityPlans/CapacityPlanModels.cs	L1-A12-360
services/Diten.SupplyChainService/src/Diten.SupplyChainService.Application/Features/CapacityPlans/CapacityProjection.cs	L1-A12-360
services/Diten.SupplyChainService/src/Diten.SupplyChainService.Application/Features/CapacityPlans/CapacityRequestFingerprint.cs	L1-A12-360
services/Diten.SupplyChainService/src/Diten.SupplyChainService.Application/Features/CapacityPlans/Commands/CreateCapacityPlanCommand.cs	L1-A12-360
services/Diten.SupplyChainService/src/Diten.SupplyChainService.Application/Features/CapacityPlans/Commands/CreateCapacityScenarioCommand.cs	L1-A12-360
services/Diten.SupplyChainService/src/Diten.SupplyChainService.Application/Features/CapacityPlans/Commands/EvaluateCapacityScenarioCommand.cs	L1-A12-360
services/Diten.SupplyChainService/src/Diten.SupplyChainService.Application/Features/CapacityPlans/Handlers/CommandHandlers/CreateCapacityPlanHandler.cs	L1-A12-360
services/Diten.SupplyChainService/src/Diten.SupplyChainService.Application/Features/CapacityPlans/Handlers/CommandHandlers/CreateCapacityScenarioHandler.cs	L1-A12-360
services/Diten.SupplyChainService/src/Diten.SupplyChainService.Application/Features/CapacityPlans/Handlers/CommandHandlers/EvaluateCapacityScenarioHandler.cs	L1-A12-360
services/Diten.SupplyChainService/src/Diten.SupplyChainService.Application/Features/CapacityPlans/Handlers/QueryHandlers/GetCapacityEvaluationHandler.cs	L1-A12-360
services/Diten.SupplyChainService/src/Diten.SupplyChainService.Application/Features/CapacityPlans/Handlers/QueryHandlers/GetCapacityPlanHandler.cs	L1-A12-360
services/Diten.SupplyChainService/src/Diten.SupplyChainService.Application/Features/CapacityPlans/Handlers/QueryHandlers/GetCapacityScenarioHandler.cs	L1-A12-360
services/Diten.SupplyChainService/src/Diten.SupplyChainService.Application/Features/CapacityPlans/Queries/GetCapacityEvaluationQuery.cs	L1-A12-360
services/Diten.SupplyChainService/src/Diten.SupplyChainService.Application/Features/CapacityPlans/Queries/GetCapacityPlanQuery.cs	L1-A12-360
services/Diten.SupplyChainService/src/Diten.SupplyChainService.Application/Features/CapacityPlans/Queries/GetCapacityScenarioQuery.cs	L1-A12-360
services/Diten.SupplyChainService/src/Diten.SupplyChainService.Application/Features/CapacityPlans/Validators/CreateCapacityPlanValidator.cs	L1-A12-360
services/Diten.SupplyChainService/src/Diten.SupplyChainService.Application/Features/CapacityPlans/Validators/CreateCapacityScenarioValidator.cs	L1-A12-360
services/Diten.SupplyChainService/src/Diten.SupplyChainService.Application/Features/CapacityPlans/Validators/EvaluateCapacityScenarioValidator.cs	L1-A12-360
services/Diten.SupplyChainService/src/Diten.SupplyChainService.Application/Features/Carriers/CarrierModels.cs	L1-A12-360
services/Diten.SupplyChainService/src/Diten.SupplyChainService.Application/Features/Carriers/CarrierRequestContext.cs	L1-A12-360
services/Diten.SupplyChainService/src/Diten.SupplyChainService.Application/Features/Carriers/CarrierRequestFingerprint.cs	L1-A12-360
services/Diten.SupplyChainService/src/Diten.SupplyChainService.Application/Features/Carriers/Commands/ChangeCarrierStatusCommand.cs	L1-A12-360
services/Diten.SupplyChainService/src/Diten.SupplyChainService.Application/Features/Carriers/Commands/CreateCarrierCommand.cs	L1-A12-360
services/Diten.SupplyChainService/src/Diten.SupplyChainService.Application/Features/Carriers/Handlers/CommandHandlers/ChangeCarrierStatusHandler.cs	L1-A12-360
services/Diten.SupplyChainService/src/Diten.SupplyChainService.Application/Features/Carriers/Handlers/CommandHandlers/CreateCarrierHandler.cs	L1-A12-360
services/Diten.SupplyChainService/src/Diten.SupplyChainService.Application/Features/Carriers/Handlers/QueryHandlers/GetCarrierListHandler.cs	L1-A12-360
services/Diten.SupplyChainService/src/Diten.SupplyChainService.Application/Features/Carriers/Queries/GetCarrierListQuery.cs	L1-A12-360
services/Diten.SupplyChainService/src/Diten.SupplyChainService.Application/Features/Carriers/Validators/ChangeCarrierStatusValidator.cs	L1-A12-360
services/Diten.SupplyChainService/src/Diten.SupplyChainService.Application/Features/Carriers/Validators/CreateCarrierValidator.cs	L1-A12-360
services/Diten.SupplyChainService/src/Diten.SupplyChainService.Application/Features/Carriers/Validators/GetCarrierListValidator.cs	L1-A12-360
services/Diten.SupplyChainService/src/Diten.SupplyChainService.Application/Features/Claims/ClaimModels.cs	L1-A12-360
services/Diten.SupplyChainService/src/Diten.SupplyChainService.Application/Features/Claims/ClaimRequestContext.cs	L1-A12-360
services/Diten.SupplyChainService/src/Diten.SupplyChainService.Application/Features/Claims/ClaimRequestFingerprint.cs	L1-A12-360
services/Diten.SupplyChainService/src/Diten.SupplyChainService.Application/Features/Claims/Commands/CreateClaimCommand.cs	L1-A12-360
services/Diten.SupplyChainService/src/Diten.SupplyChainService.Application/Features/Claims/Commands/TransitionClaimCommand.cs	L1-A12-360
services/Diten.SupplyChainService/src/Diten.SupplyChainService.Application/Features/Claims/Handlers/CommandHandlers/CreateClaimHandler.cs	L1-A12-360
services/Diten.SupplyChainService/src/Diten.SupplyChainService.Application/Features/Claims/Handlers/CommandHandlers/TransitionClaimHandler.cs	L1-A12-360
services/Diten.SupplyChainService/src/Diten.SupplyChainService.Application/Features/Claims/Handlers/QueryHandlers/GetClaimListHandler.cs	L1-A12-360
services/Diten.SupplyChainService/src/Diten.SupplyChainService.Application/Features/Claims/IClaimReferenceReader.cs	L1-A12-360
services/Diten.SupplyChainService/src/Diten.SupplyChainService.Application/Features/Claims/Queries/GetClaimListQuery.cs	L1-A12-360
services/Diten.SupplyChainService/src/Diten.SupplyChainService.Application/Features/Claims/Validators/CreateClaimValidator.cs	L1-A12-360
services/Diten.SupplyChainService/src/Diten.SupplyChainService.Application/Features/Claims/Validators/GetClaimListValidator.cs	L1-A12-360
services/Diten.SupplyChainService/src/Diten.SupplyChainService.Application/Features/Claims/Validators/TransitionClaimValidator.cs	L1-A12-360
services/Diten.SupplyChainService/src/Diten.SupplyChainService.Application/Features/Loads/Commands/CreateLoadCommand.cs	L1-A12-360
services/Diten.SupplyChainService/src/Diten.SupplyChainService.Application/Features/Loads/Commands/TransitionLoadCommand.cs	L1-A12-360
services/Diten.SupplyChainService/src/Diten.SupplyChainService.Application/Features/Loads/Handlers/CommandHandlers/CreateLoadHandler.cs	L1-A12-360
services/Diten.SupplyChainService/src/Diten.SupplyChainService.Application/Features/Loads/Handlers/CommandHandlers/TransitionLoadHandler.cs	L1-A12-360
services/Diten.SupplyChainService/src/Diten.SupplyChainService.Application/Features/Loads/Handlers/QueryHandlers/GetLoadListHandler.cs	L1-A12-360
services/Diten.SupplyChainService/src/Diten.SupplyChainService.Application/Features/Loads/ILoadReferenceReader.cs	L1-A12-360
services/Diten.SupplyChainService/src/Diten.SupplyChainService.Application/Features/Loads/LoadModels.cs	L1-A12-360
services/Diten.SupplyChainService/src/Diten.SupplyChainService.Application/Features/Loads/LoadReferenceSnapshot.cs	L1-A12-360
services/Diten.SupplyChainService/src/Diten.SupplyChainService.Application/Features/Loads/LoadRequestContext.cs	L1-A12-360
services/Diten.SupplyChainService/src/Diten.SupplyChainService.Application/Features/Loads/LoadRequestFingerprint.cs	L1-A12-360
services/Diten.SupplyChainService/src/Diten.SupplyChainService.Application/Features/Loads/Queries/GetLoadListQuery.cs	L1-A12-360
services/Diten.SupplyChainService/src/Diten.SupplyChainService.Application/Features/Loads/Validators/CreateLoadValidator.cs	L1-A12-360
services/Diten.SupplyChainService/src/Diten.SupplyChainService.Application/Features/Loads/Validators/GetLoadListValidator.cs	L1-A12-360
services/Diten.SupplyChainService/src/Diten.SupplyChainService.Application/Features/Loads/Validators/TransitionLoadValidator.cs	L1-A12-360
services/Diten.SupplyChainService/src/Diten.SupplyChainService.Application/Features/Returns/Commands/CreateReturnCommand.cs	L1-A12-360
services/Diten.SupplyChainService/src/Diten.SupplyChainService.Application/Features/Returns/Commands/TransitionReturnCommand.cs	L1-A12-360
services/Diten.SupplyChainService/src/Diten.SupplyChainService.Application/Features/Returns/Handlers/CommandHandlers/CreateReturnHandler.cs	L1-A12-360
services/Diten.SupplyChainService/src/Diten.SupplyChainService.Application/Features/Returns/Handlers/CommandHandlers/TransitionReturnHandler.cs	L1-A12-360
services/Diten.SupplyChainService/src/Diten.SupplyChainService.Application/Features/Returns/Handlers/QueryHandlers/GetReturnListHandler.cs	L1-A12-360
services/Diten.SupplyChainService/src/Diten.SupplyChainService.Application/Features/Returns/IReturnReferenceReader.cs	L1-A12-360
services/Diten.SupplyChainService/src/Diten.SupplyChainService.Application/Features/Returns/Queries/GetReturnListQuery.cs	L1-A12-360
services/Diten.SupplyChainService/src/Diten.SupplyChainService.Application/Features/Returns/ReturnModels.cs	L1-A12-360
services/Diten.SupplyChainService/src/Diten.SupplyChainService.Application/Features/Returns/ReturnRequestContext.cs	L1-A12-360
services/Diten.SupplyChainService/src/Diten.SupplyChainService.Application/Features/Returns/ReturnRequestFingerprint.cs	L1-A12-360
services/Diten.SupplyChainService/src/Diten.SupplyChainService.Application/Features/Returns/ReturnSourceSnapshot.cs	L1-A12-360
services/Diten.SupplyChainService/src/Diten.SupplyChainService.Application/Features/Returns/Validators/CreateReturnValidator.cs	L1-A12-360
services/Diten.SupplyChainService/src/Diten.SupplyChainService.Application/Features/Returns/Validators/GetReturnListValidator.cs	L1-A12-360
services/Diten.SupplyChainService/src/Diten.SupplyChainService.Application/Features/Returns/Validators/TransitionReturnValidator.cs	L1-A12-360
services/Diten.SupplyChainService/src/Diten.SupplyChainService.Application/Features/SandopPlans/Commands/CaptureSandopSnapshotCommand.cs	L1-A12-360
services/Diten.SupplyChainService/src/Diten.SupplyChainService.Application/Features/SandopPlans/Commands/CreateSandopPlanCommand.cs	L1-A12-360
services/Diten.SupplyChainService/src/Diten.SupplyChainService.Application/Features/SandopPlans/Commands/RecordSandopSignOffCommand.cs	L1-A12-360
services/Diten.SupplyChainService/src/Diten.SupplyChainService.Application/Features/SandopPlans/Handlers/CommandHandlers/CaptureSandopSnapshotHandler.cs	L1-A12-360
services/Diten.SupplyChainService/src/Diten.SupplyChainService.Application/Features/SandopPlans/Handlers/CommandHandlers/CreateSandopPlanHandler.cs	L1-A12-360
services/Diten.SupplyChainService/src/Diten.SupplyChainService.Application/Features/SandopPlans/Handlers/CommandHandlers/RecordSandopSignOffHandler.cs	L1-A12-360
services/Diten.SupplyChainService/src/Diten.SupplyChainService.Application/Features/SandopPlans/Handlers/QueryHandlers/GetSandopPlanHandler.cs	L1-A12-360
services/Diten.SupplyChainService/src/Diten.SupplyChainService.Application/Features/SandopPlans/Handlers/QueryHandlers/ListSandopSignOffsHandler.cs	L1-A12-360
services/Diten.SupplyChainService/src/Diten.SupplyChainService.Application/Features/SandopPlans/Handlers/QueryHandlers/ListSandopSnapshotsHandler.cs	L1-A12-360
services/Diten.SupplyChainService/src/Diten.SupplyChainService.Application/Features/SandopPlans/Queries/GetSandopPlanQuery.cs	L1-A12-360
services/Diten.SupplyChainService/src/Diten.SupplyChainService.Application/Features/SandopPlans/Queries/ListSandopSignOffsQuery.cs	L1-A12-360
services/Diten.SupplyChainService/src/Diten.SupplyChainService.Application/Features/SandopPlans/Queries/ListSandopSnapshotsQuery.cs	L1-A12-360
services/Diten.SupplyChainService/src/Diten.SupplyChainService.Application/Features/SandopPlans/SandopPlanModels.cs	L1-A12-360
services/Diten.SupplyChainService/src/Diten.SupplyChainService.Application/Features/SandopPlans/SandopProjection.cs	L1-A12-360
services/Diten.SupplyChainService/src/Diten.SupplyChainService.Application/Features/SandopPlans/SandopRequestFingerprint.cs	L1-A12-360
services/Diten.SupplyChainService/src/Diten.SupplyChainService.Application/Features/SandopPlans/Validators/CaptureSandopSnapshotValidator.cs	L1-A12-360
services/Diten.SupplyChainService/src/Diten.SupplyChainService.Application/Features/SandopPlans/Validators/CreateSandopPlanValidator.cs	L1-A12-360
services/Diten.SupplyChainService/src/Diten.SupplyChainService.Application/Features/SandopPlans/Validators/RecordSandopSignOffValidator.cs	L1-A12-360
services/Diten.SupplyChainService/src/Diten.SupplyChainService.Application/Features/Shipments/Handlers/CommandHandlers/CreateShipmentHandler.cs	L1-A12-360
services/Diten.SupplyChainService/src/Diten.SupplyChainService.Application/Features/Shipments/Handlers/QueryHandlers/GetShipmentByIdHandler.cs	L1-A12-360
services/Diten.SupplyChainService/src/Diten.SupplyChainService.Application/Features/Shipments/ShipmentProjection.cs	L1-A12-360
services/Diten.SupplyChainService/src/Diten.SupplyChainService.Domain/Features/CapacityPlans/CapacityEvaluation.cs	L1-A12-360
services/Diten.SupplyChainService/src/Diten.SupplyChainService.Domain/Features/CapacityPlans/CapacityPlan.cs	L1-A12-360
services/Diten.SupplyChainService/src/Diten.SupplyChainService.Domain/Features/CapacityPlans/CapacityScenario.cs	L1-A12-360
services/Diten.SupplyChainService/src/Diten.SupplyChainService.Domain/Features/CapacityPlans/CapacityScope.cs	L1-A12-360
services/Diten.SupplyChainService/src/Diten.SupplyChainService.Domain/Features/CapacityPlans/ICapacityRepository.cs	L1-A12-360
services/Diten.SupplyChainService/src/Diten.SupplyChainService.Domain/Features/Carriers/Carrier.cs	L1-A12-360
services/Diten.SupplyChainService/src/Diten.SupplyChainService.Domain/Features/Carriers/CarrierLifecycle.cs	L1-A12-360
services/Diten.SupplyChainService/src/Diten.SupplyChainService.Domain/Features/Carriers/CarrierMutationResult.cs	L1-A12-360
services/Diten.SupplyChainService/src/Diten.SupplyChainService.Domain/Features/Carriers/CarrierPersistenceUnavailableException.cs	L1-A12-360
services/Diten.SupplyChainService/src/Diten.SupplyChainService.Domain/Features/Carriers/CarrierScope.cs	L1-A12-360
services/Diten.SupplyChainService/src/Diten.SupplyChainService.Domain/Features/Carriers/CarrierStatus.cs	L1-A12-360
services/Diten.SupplyChainService/src/Diten.SupplyChainService.Domain/Features/Carriers/ICarrierRepository.cs	L1-A12-360
services/Diten.SupplyChainService/src/Diten.SupplyChainService.Domain/Features/Carriers/TransportMode.cs	L1-A12-360
services/Diten.SupplyChainService/src/Diten.SupplyChainService.Domain/Features/Claims/Claim.cs	L1-A12-360
services/Diten.SupplyChainService/src/Diten.SupplyChainService.Domain/Features/Claims/ClaimAuditEntry.cs	L1-A12-360
services/Diten.SupplyChainService/src/Diten.SupplyChainService.Domain/Features/Claims/ClaimLifecycle.cs	L1-A12-360
services/Diten.SupplyChainService/src/Diten.SupplyChainService.Domain/Features/Claims/ClaimMutationResult.cs	L1-A12-360
services/Diten.SupplyChainService/src/Diten.SupplyChainService.Domain/Features/Claims/ClaimReferenceSnapshot.cs	L1-A12-360
services/Diten.SupplyChainService/src/Diten.SupplyChainService.Domain/Features/Claims/ClaimScope.cs	L1-A12-360
services/Diten.SupplyChainService/src/Diten.SupplyChainService.Domain/Features/Claims/ClaimStatus.cs	L1-A12-360
services/Diten.SupplyChainService/src/Diten.SupplyChainService.Domain/Features/Claims/ExactClaimAmount.cs	L1-A12-360
services/Diten.SupplyChainService/src/Diten.SupplyChainService.Domain/Features/Claims/IClaimRepository.cs	L1-A12-360
services/Diten.SupplyChainService/src/Diten.SupplyChainService.Domain/Features/Loads/ILoadRepository.cs	L1-A12-360
services/Diten.SupplyChainService/src/Diten.SupplyChainService.Domain/Features/Loads/LoadAssignment.cs	L1-A12-360
services/Diten.SupplyChainService/src/Diten.SupplyChainService.Domain/Features/Loads/LoadAuditEntry.cs	L1-A12-360
services/Diten.SupplyChainService/src/Diten.SupplyChainService.Domain/Features/Loads/LoadLifecycle.cs	L1-A12-360
services/Diten.SupplyChainService/src/Diten.SupplyChainService.Domain/Features/Loads/LoadMutationResult.cs	L1-A12-360
services/Diten.SupplyChainService/src/Diten.SupplyChainService.Domain/Features/Loads/LoadPlan.cs	L1-A12-360
services/Diten.SupplyChainService/src/Diten.SupplyChainService.Domain/Features/Loads/LoadScope.cs	L1-A12-360
services/Diten.SupplyChainService/src/Diten.SupplyChainService.Domain/Features/Loads/LoadStatus.cs	L1-A12-360
services/Diten.SupplyChainService/src/Diten.SupplyChainService.Domain/Features/Loads/LoadStop.cs	L1-A12-360
services/Diten.SupplyChainService/src/Diten.SupplyChainService.Domain/Features/Returns/IReturnRepository.cs	L1-A12-360
services/Diten.SupplyChainService/src/Diten.SupplyChainService.Domain/Features/Returns/ReturnAuditEntry.cs	L1-A12-360
services/Diten.SupplyChainService/src/Diten.SupplyChainService.Domain/Features/Returns/ReturnEntitlement.cs	L1-A12-360
services/Diten.SupplyChainService/src/Diten.SupplyChainService.Domain/Features/Returns/ReturnLifecycle.cs	L1-A12-360
services/Diten.SupplyChainService/src/Diten.SupplyChainService.Domain/Features/Returns/ReturnLine.cs	L1-A12-360
services/Diten.SupplyChainService/src/Diten.SupplyChainService.Domain/Features/Returns/ReturnMutationResult.cs	L1-A12-360
services/Diten.SupplyChainService/src/Diten.SupplyChainService.Domain/Features/Returns/ReturnOrder.cs	L1-A12-360
services/Diten.SupplyChainService/src/Diten.SupplyChainService.Domain/Features/Returns/ReturnQuantity.cs	L1-A12-360
services/Diten.SupplyChainService/src/Diten.SupplyChainService.Domain/Features/Returns/ReturnScope.cs	L1-A12-360
services/Diten.SupplyChainService/src/Diten.SupplyChainService.Domain/Features/Returns/ReturnStatus.cs	L1-A12-360
services/Diten.SupplyChainService/src/Diten.SupplyChainService.Domain/Features/SandopPlans/ISandopRepository.cs	L1-A12-360
services/Diten.SupplyChainService/src/Diten.SupplyChainService.Domain/Features/SandopPlans/SandopPlan.cs	L1-A12-360
services/Diten.SupplyChainService/src/Diten.SupplyChainService.Domain/Features/SandopPlans/SandopScope.cs	L1-A12-360
services/Diten.SupplyChainService/src/Diten.SupplyChainService.Domain/Features/SandopPlans/SandopSignOff.cs	L1-A12-360
services/Diten.SupplyChainService/src/Diten.SupplyChainService.Domain/Features/SandopPlans/SandopSnapshot.cs	L1-A12-360
services/Diten.SupplyChainService/src/Diten.SupplyChainService.Domain/Features/Shipments/IShipmentRepository.cs	L1-A12-360
services/Diten.SupplyChainService/src/Diten.SupplyChainService.Domain/Features/Shipments/Shipment.cs	L1-A12-360
services/Diten.SupplyChainService/src/Diten.SupplyChainService.Domain/Features/Shipments/ShipmentDetailReadResult.cs	L1-A12-360
services/Diten.SupplyChainService/src/Diten.SupplyChainService.Infrastructure/Features/CapacityPlans/CapacityEvaluationExecutor.cs	L1-A12-360
services/Diten.SupplyChainService/src/Diten.SupplyChainService.Infrastructure/Features/CapacityPlans/CapacityPermissionAttribute.cs	L1-A12-360
services/Diten.SupplyChainService/src/Diten.SupplyChainService.Infrastructure/Features/CapacityPlans/CapacityPermissions.cs	L1-A12-360
services/Diten.SupplyChainService/src/Diten.SupplyChainService.Infrastructure/Features/CapacityPlans/ConstraintFixtureReader.cs	L1-A12-360
services/Diten.SupplyChainService/src/Diten.SupplyChainService.Infrastructure/Features/CapacityPlans/DemandFixtureReader.cs	L1-A12-360
services/Diten.SupplyChainService/src/Diten.SupplyChainService.Infrastructure/Features/Carriers/CarrierPermissionAttribute.cs	L1-A12-360
services/Diten.SupplyChainService/src/Diten.SupplyChainService.Infrastructure/Features/Carriers/CarrierPermissions.cs	L1-A12-360
services/Diten.SupplyChainService/src/Diten.SupplyChainService.Infrastructure/Features/Claims/ClaimPermissionAttribute.cs	L1-A12-360
services/Diten.SupplyChainService/src/Diten.SupplyChainService.Infrastructure/Features/Claims/ClaimPermissions.cs	L1-A12-360
services/Diten.SupplyChainService/src/Diten.SupplyChainService.Infrastructure/Features/Claims/ClaimReferenceReader.cs	L1-A12-360
services/Diten.SupplyChainService/src/Diten.SupplyChainService.Infrastructure/Features/Loads/LoadPermissionAttribute.cs	L1-A12-360
services/Diten.SupplyChainService/src/Diten.SupplyChainService.Infrastructure/Features/Loads/LoadPermissions.cs	L1-A12-360
services/Diten.SupplyChainService/src/Diten.SupplyChainService.Infrastructure/Features/Loads/LoadReferenceReader.cs	L1-A12-360
services/Diten.SupplyChainService/src/Diten.SupplyChainService.Infrastructure/Features/Returns/ReturnPermissionAttribute.cs	L1-A12-360
services/Diten.SupplyChainService/src/Diten.SupplyChainService.Infrastructure/Features/Returns/ReturnPermissions.cs	L1-A12-360
services/Diten.SupplyChainService/src/Diten.SupplyChainService.Infrastructure/Features/Returns/ReturnReferenceReader.cs	L1-A12-360
services/Diten.SupplyChainService/src/Diten.SupplyChainService.Infrastructure/Features/SandopPlans/DemandFixtureReader.cs	L1-A12-360
services/Diten.SupplyChainService/src/Diten.SupplyChainService.Infrastructure/Features/SandopPlans/SandopPermissionAttribute.cs	L1-A12-360
services/Diten.SupplyChainService/src/Diten.SupplyChainService.Infrastructure/Features/SandopPlans/SandopPermissions.cs	L1-A12-360
services/Diten.SupplyChainService/src/Diten.SupplyChainService.Persistence/Features/CapacityPlans/CapacityLeaseStore.cs	L1-A12-360
services/Diten.SupplyChainService/src/Diten.SupplyChainService.Persistence/Features/CapacityPlans/CapacityPersistenceRegistration.cs	L1-A12-360
services/Diten.SupplyChainService/src/Diten.SupplyChainService.Persistence/Features/CapacityPlans/CapacityRepository.cs	L1-A12-360
services/Diten.SupplyChainService/src/Diten.SupplyChainService.Persistence/Features/CapacityPlans/CapacitySchema.cs	L1-A12-360
services/Diten.SupplyChainService/src/Diten.SupplyChainService.Persistence/Features/Carriers/CarrierPersistenceRegistration.cs	L1-A12-360
services/Diten.SupplyChainService/src/Diten.SupplyChainService.Persistence/Features/Carriers/CarrierRepository.cs	L1-A12-360
services/Diten.SupplyChainService/src/Diten.SupplyChainService.Persistence/Features/Carriers/CarrierSchema.cs	L1-A12-360
services/Diten.SupplyChainService/src/Diten.SupplyChainService.Persistence/Features/Carriers/ICarrierCommitProbe.cs	L1-A12-360
services/Diten.SupplyChainService/src/Diten.SupplyChainService.Persistence/Features/Carriers/NoOpCarrierCommitProbe.cs	L1-A12-360
services/Diten.SupplyChainService/src/Diten.SupplyChainService.Persistence/Features/Claims/ClaimOutboxStore.cs	L1-A12-360
services/Diten.SupplyChainService/src/Diten.SupplyChainService.Persistence/Features/Claims/ClaimPersistenceRegistration.cs	L1-A12-360
services/Diten.SupplyChainService/src/Diten.SupplyChainService.Persistence/Features/Claims/ClaimRepository.cs	L1-A12-360
services/Diten.SupplyChainService/src/Diten.SupplyChainService.Persistence/Features/Claims/ClaimSchema.cs	L1-A12-360
services/Diten.SupplyChainService/src/Diten.SupplyChainService.Persistence/Features/Claims/IClaimCommitProbe.cs	L1-A12-360
services/Diten.SupplyChainService/src/Diten.SupplyChainService.Persistence/Features/Claims/NoOpClaimCommitProbe.cs	L1-A12-360
services/Diten.SupplyChainService/src/Diten.SupplyChainService.Persistence/Features/Loads/ILoadCommitProbe.cs	L1-A12-360
services/Diten.SupplyChainService/src/Diten.SupplyChainService.Persistence/Features/Loads/LoadOutboxStore.cs	L1-A12-360
services/Diten.SupplyChainService/src/Diten.SupplyChainService.Persistence/Features/Loads/LoadPersistenceRegistration.cs	L1-A12-360
services/Diten.SupplyChainService/src/Diten.SupplyChainService.Persistence/Features/Loads/LoadRepository.cs	L1-A12-360
services/Diten.SupplyChainService/src/Diten.SupplyChainService.Persistence/Features/Loads/LoadSchema.cs	L1-A12-360
services/Diten.SupplyChainService/src/Diten.SupplyChainService.Persistence/Features/Loads/NoOpLoadCommitProbe.cs	L1-A12-360
services/Diten.SupplyChainService/src/Diten.SupplyChainService.Persistence/Features/Returns/IReturnCommitProbe.cs	L1-A12-360
services/Diten.SupplyChainService/src/Diten.SupplyChainService.Persistence/Features/Returns/NoOpReturnCommitProbe.cs	L1-A12-360
services/Diten.SupplyChainService/src/Diten.SupplyChainService.Persistence/Features/Returns/ReturnOutboxStore.cs	L1-A12-360
services/Diten.SupplyChainService/src/Diten.SupplyChainService.Persistence/Features/Returns/ReturnPersistenceRegistration.cs	L1-A12-360
services/Diten.SupplyChainService/src/Diten.SupplyChainService.Persistence/Features/Returns/ReturnRepository.cs	L1-A12-360
services/Diten.SupplyChainService/src/Diten.SupplyChainService.Persistence/Features/Returns/ReturnSchema.cs	L1-A12-360
services/Diten.SupplyChainService/src/Diten.SupplyChainService.Persistence/Features/SandopPlans/SandopPersistenceRegistration.cs	L1-A12-360
services/Diten.SupplyChainService/src/Diten.SupplyChainService.Persistence/Features/SandopPlans/SandopRepository.cs	L1-A12-360
services/Diten.SupplyChainService/src/Diten.SupplyChainService.Persistence/Features/SandopPlans/SandopSchema.cs	L1-A12-360
services/Diten.SupplyChainService/src/Diten.SupplyChainService.Persistence/Features/Shipments/ShipmentDetailMaterializer.cs	L1-A12-360
services/Diten.SupplyChainService/src/Diten.SupplyChainService.Persistence/Features/Shipments/ShipmentRepository.cs	L1-A12-360
services/Diten.SupplyChainService/tests/Diten.SupplyChainService.Tests/CapacityPlans/CapacityAtomicityTests.cs	L1-A12-360
services/Diten.SupplyChainService/tests/Diten.SupplyChainService.Tests/CapacityPlans/CapacityConcurrencyTests.cs	L1-A12-360
services/Diten.SupplyChainService/tests/Diten.SupplyChainService.Tests/CapacityPlans/CapacityContractTests.cs	L1-A12-360
services/Diten.SupplyChainService/tests/Diten.SupplyChainService.Tests/CapacityPlans/CapacityIsolationTests.cs	L1-A12-360
services/Diten.SupplyChainService/tests/Diten.SupplyChainService.Tests/CapacityPlans/CapacityLeaseTests.cs	L1-A12-360
services/Diten.SupplyChainService/tests/Diten.SupplyChainService.Tests/CapacityPlans/CapacityLifecycleTests.cs	L1-A12-360
services/Diten.SupplyChainService/tests/Diten.SupplyChainService.Tests/CapacityPlans/CapacityReplayTests.cs	L1-A12-360
services/Diten.SupplyChainService/tests/Diten.SupplyChainService.Tests/CapacityPlans/CapacityRestartTests.cs	L1-A12-360
services/Diten.SupplyChainService/tests/Diten.SupplyChainService.Tests/Carriers/CarrierContractTests.cs	L1-A12-360
services/Diten.SupplyChainService/tests/Diten.SupplyChainService.Tests/Carriers/CarrierManagementManifestProviderTests.cs	L1-A12-360
services/Diten.SupplyChainService/tests/Diten.SupplyChainService.Tests/Carriers/CarrierModuleRegistrationHostedServiceTests.cs	L1-A12-360
services/Diten.SupplyChainService/tests/Diten.SupplyChainService.Tests/Claims/ClaimAmountTests.cs	L1-A12-360
services/Diten.SupplyChainService/tests/Diten.SupplyChainService.Tests/Claims/ClaimAtomicityTests.cs	L1-A12-360
services/Diten.SupplyChainService/tests/Diten.SupplyChainService.Tests/Claims/ClaimConcurrencyTests.cs	L1-A12-360
services/Diten.SupplyChainService/tests/Diten.SupplyChainService.Tests/Claims/ClaimContractTests.cs	L1-A12-360
services/Diten.SupplyChainService/tests/Diten.SupplyChainService.Tests/Claims/ClaimIsolationTests.cs	L1-A12-360
services/Diten.SupplyChainService/tests/Diten.SupplyChainService.Tests/Claims/ClaimLifecycleTests.cs	L1-A12-360
services/Diten.SupplyChainService/tests/Diten.SupplyChainService.Tests/Claims/ClaimOutboxTests.cs	L1-A12-360
services/Diten.SupplyChainService/tests/Diten.SupplyChainService.Tests/Claims/ClaimPermissionTests.cs	L1-A12-360
services/Diten.SupplyChainService/tests/Diten.SupplyChainService.Tests/Claims/ClaimReferenceTests.cs	L1-A12-360
services/Diten.SupplyChainService/tests/Diten.SupplyChainService.Tests/Claims/ClaimReplayTests.cs	L1-A12-360
services/Diten.SupplyChainService/tests/Diten.SupplyChainService.Tests/Loads/LoadAtomicityTests.cs	L1-A12-360
services/Diten.SupplyChainService/tests/Diten.SupplyChainService.Tests/Loads/LoadConcurrencyTests.cs	L1-A12-360
services/Diten.SupplyChainService/tests/Diten.SupplyChainService.Tests/Loads/LoadContractTests.cs	L1-A12-360
services/Diten.SupplyChainService/tests/Diten.SupplyChainService.Tests/Loads/LoadIsolationTests.cs	L1-A12-360
services/Diten.SupplyChainService/tests/Diten.SupplyChainService.Tests/Loads/LoadLifecycleTests.cs	L1-A12-360
services/Diten.SupplyChainService/tests/Diten.SupplyChainService.Tests/Loads/LoadReferenceTests.cs	L1-A12-360
services/Diten.SupplyChainService/tests/Diten.SupplyChainService.Tests/Loads/LoadReplayTests.cs	L1-A12-360
services/Diten.SupplyChainService/tests/Diten.SupplyChainService.Tests/ModuleRegistration/ClaimsManagementManifestProviderTests.cs	L3-CLAIMS-DRAFT-MODULE
services/Diten.SupplyChainService/tests/Diten.SupplyChainService.Tests/Returns/ReturnAtomicityTests.cs	L1-A12-360
services/Diten.SupplyChainService/tests/Diten.SupplyChainService.Tests/Returns/ReturnConcurrencyTests.cs	L1-A12-360
services/Diten.SupplyChainService/tests/Diten.SupplyChainService.Tests/Returns/ReturnContractTests.cs	L1-A12-360
services/Diten.SupplyChainService/tests/Diten.SupplyChainService.Tests/Returns/ReturnIsolationTests.cs	L1-A12-360
services/Diten.SupplyChainService/tests/Diten.SupplyChainService.Tests/Returns/ReturnLifecycleTests.cs	L1-A12-360
services/Diten.SupplyChainService/tests/Diten.SupplyChainService.Tests/Returns/ReturnReferenceTests.cs	L1-A12-360
services/Diten.SupplyChainService/tests/Diten.SupplyChainService.Tests/Returns/ReturnReplayTests.cs	L1-A12-360
services/Diten.SupplyChainService/tests/Diten.SupplyChainService.Tests/SandopPlans/SandopAtomicityTests.cs	L1-A12-360
services/Diten.SupplyChainService/tests/Diten.SupplyChainService.Tests/SandopPlans/SandopConcurrencyTests.cs	L1-A12-360
services/Diten.SupplyChainService/tests/Diten.SupplyChainService.Tests/SandopPlans/SandopContractTests.cs	L1-A12-360
services/Diten.SupplyChainService/tests/Diten.SupplyChainService.Tests/SandopPlans/SandopIsolationTests.cs	L1-A12-360
services/Diten.SupplyChainService/tests/Diten.SupplyChainService.Tests/SandopPlans/SandopLifecycleTests.cs	L1-A12-360
services/Diten.SupplyChainService/tests/Diten.SupplyChainService.Tests/SandopPlans/SandopReplayTests.cs	L1-A12-360
services/Diten.SupplyChainService/tests/Diten.SupplyChainService.Tests/ShipmentRootHttpTests.cs	L1-A12-360
services/Diten.SupplyChainService/tests/Diten.SupplyChainService.Tests/ShipmentRootStorageTests.cs	L1-A12-360
services/Diten.SupplyChainService/tests/Diten.SupplyChainService.Tests/ShipmentTests.cs	L1-A12-360
services/Diten.SupplyChainService/tests/Diten.SupplyChainService.Tests/Shipments/ShipmentTrackingPodManifestProviderTests.cs	L1-A12-360
services/Diten.SupplyChainService/tests/carriers/restart_probe.py	L1-A12-360
services/Diten.SupplyChainService/tests/carriers/runtime_probe.py	L1-A12-360
services/Diten.SupplyChainService/tests/carriers/test_outage_capture.py	L1-A12-360
services/Diten.SupplyChainService/tests/carriers/verify_evidence.py	L1-A12-360
services/Diten.SupplyChainService/tests/claims/restart_probe.py	L1-A12-360
services/Diten.SupplyChainService/tests/claims/runtime_probe.py	L1-A12-360
services/Diten.SupplyChainService/tests/claims/verify_evidence.py	L1-A12-360
services/Diten.SupplyChainService/tests/loads/failure_probe.py	L1-A12-360
services/Diten.SupplyChainService/tests/loads/restart_probe.py	L1-A12-360
services/Diten.SupplyChainService/tests/loads/runtime_probe.py	L1-A12-360
services/Diten.SupplyChainService/tests/loads/verify_evidence.py	L1-A12-360
services/Diten.SupplyChainService/tests/returns/restart_probe.py	L1-A12-360
services/Diten.SupplyChainService/tests/returns/runtime_probe.py	L1-A12-360
services/Diten.SupplyChainService/tests/returns/verify_evidence.py	L1-A12-360
services/Diten.SupplyChainService/tests/root_uptake/restart_probe.py	L1-A12-360
services/Diten.SupplyChainService/tests/root_uptake/runtime_probe.py	L1-A12-360
services/Diten.SupplyChainService/tests/root_uptake/verify_evidence.py	L1-A12-360
watch-diten-bg.ps1	L1-A12-360
watch-diten.ps1	L1-A12-360
