🚀 Starting Diten ERP Multi-Service Suite with WATCH (Hot Reload)...
🧹 Cleaning up ports 5000, 5001, 5056, 5057, 5058, 5059, 5060, 5061...
SUCCESS: The process with PID 9540 (child process of PID 40324) has been terminated.
SUCCESS: The process with PID 25584 (child process of PID 19272) has been terminated.
SUCCESS: The process with PID 21228 (child process of PID 41956) has been terminated.
SUCCESS: The process with PID 9644 (child process of PID 41424) has been terminated.
SUCCESS: The process with PID 32476 (child process of PID 10704) has been terminated.
SUCCESS: The process with PID 23700 (child process of PID 25228) has been terminated.
SUCCESS: The process with PID 39720 (child process of PID 5420) has been terminated.
SUCCESS: The process with PID 22664 (child process of PID 34600) has been terminated.
SUCCESS: The process with PID 8960 (child process of PID 9468) has been terminated.
SUCCESS: The process with PID 30168 (child process of PID 19928) has been terminated.
SUCCESS: The process with PID 1592 (child process of PID 26684) has been terminated.
SUCCESS: The process with PID 40324 (child process of PID 2536) has been terminated.
SUCCESS: The process with PID 19272 (child process of PID 37492) has been terminated.
SUCCESS: The process with PID 41956 (child process of PID 37300) has been terminated.
SUCCESS: The process with PID 41424 (child process of PID 21648) has been terminated.
SUCCESS: The process with PID 10704 (child process of PID 3036) has been terminated.
SUCCESS: The process with PID 25228 (child process of PID 13996) has been terminated.
SUCCESS: The process with PID 5420 (child process of PID 18300) has been terminated.
SUCCESS: The process with PID 34600 (child process of PID 27088) has been terminated.
SUCCESS: The process with PID 9468 (child process of PID 7036) has been terminated.
SUCCESS: The process with PID 26684 (child process of PID 40956) has been terminated.
SUCCESS: The process with PID 19928 (child process of PID 31632) has been terminated.
🧹 Running dotnet clean sequentially on all projects to avoid build locks...
Cleaning Auth...
Oluşturma başlatıldı: 25.07.2026 21:22:41.
     1>1 düğümünde "C:\Users\user\Desktop\ERP-vNext\services\Diten.AuthService\src\Diten.AuthService.Api\Diten.AuthService.Api.csproj" projesi (Clean hedef).
     1>_CheckForNETCoreSdkIsPreview:
       C:\Program Files\dotnet\sdk\10.0.100-rc.2.25502.107\Sdks\Microsoft.NET.Sdk\targets\Microsoft.NET.RuntimeIdentifierInference.targets(351,5): message NETSDK1057: Bir .NET önizleme sürümü kullanıyorsunuz. Bkz. https://aka.ms/dotnet-support-policy [C:\Users\user\Desktop\ERP-vNext\services\Diten.AuthService\src\Diten.AuthService.Api\Diten.AuthService.Api.csproj]
       CoreClean:
         "C:\Users\user\Desktop\ERP-vNext\services\Diten.AuthService\src\Diten.AuthService.Api\bin\Debug\net8.0\appsettings.Development.json" dosyası siliniyor.
         "C:\Users\user\Desktop\ERP-vNext\services\Diten.AuthService\src\Diten.AuthService.Api\bin\Debug\net8.0\appsettings.json" dosyası siliniyor.
         "C:\Users\user\Desktop\ERP-vNext\services\Diten.AuthService\src\Diten.AuthService.Api\bin\Debug\net8.0\Diten.AuthService.Api.staticwebassets.endpoints.json" dosyası siliniyor.
         "C:\Users\user\Desktop\ERP-vNext\services\Diten.AuthService\src\Diten.AuthService.Api\bin\Debug\net8.0\Diten.AuthService.Api.exe" dosyası siliniyor.
         "C:\Users\user\Desktop\ERP-vNext\services\Diten.AuthService\src\Diten.AuthService.Api\bin\Debug\net8.0\Diten.AuthService.Api.deps.json" dosyası siliniyor.
         "C:\Users\user\Desktop\ERP-vNext\services\Diten.AuthService\src\Diten.AuthService.Api\bin\Debug\net8.0\Diten.AuthService.Api.runtimeconfig.json" dosyası siliniyor.
         "C:\Users\user\Desktop\ERP-vNext\services\Diten.AuthService\src\Diten.AuthService.Api\bin\Debug\net8.0\Diten.AuthService.Api.dll" dosyası siliniyor.
         "C:\Users\user\Desktop\ERP-vNext\services\Diten.AuthService\src\Diten.AuthService.Api\bin\Debug\net8.0\Diten.AuthService.Api.pdb" dosyası siliniyor.
         "C:\Users\user\Desktop\ERP-vNext\services\Diten.AuthService\src\Diten.AuthService.Api\bin\Debug\net8.0\AWSSDK.Core.dll" dosyası siliniyor.
         "C:\Users\user\Desktop\ERP-vNext\services\Diten.AuthService\src\Diten.AuthService.Api\bin\Debug\net8.0\AWSSDK.SecurityToken.dll" dosyası siliniyor.
         "C:\Users\user\Desktop\ERP-vNext\services\Diten.AuthService\src\Diten.AuthService.Api\bin\Debug\net8.0\BCrypt.Net-Next.dll" dosyası siliniyor.
         "C:\Users\user\Desktop\ERP-vNext\services\Diten.AuthService\src\Diten.AuthService.Api\bin\Debug\net8.0\DnsClient.dll" dosyası siliniyor.
         "C:\Users\user\Desktop\ERP-vNext\services\Diten.AuthService\src\Diten.AuthService.Api\bin\Debug\net8.0\FluentValidation.dll" dosyası siliniyor.
         "C:\Users\user\Desktop\ERP-vNext\services\Diten.AuthService\src\Diten.AuthService.Api\bin\Debug\net8.0\FluentValidation.DependencyInjectionExtensions.dll" dosyası siliniyor.
         "C:\Users\user\Desktop\ERP-vNext\services\Diten.AuthService\src\Diten.AuthService.Api\bin\Debug\net8.0\MassTransit.dll" dosyası siliniyor.
         "C:\Users\user\Desktop\ERP-vNext\services\Diten.AuthService\src\Diten.AuthService.Api\bin\Debug\net8.0\MassTransit.Abstractions.dll" dosyası siliniyor.
         "C:\Users\user\Desktop\ERP-vNext\services\Diten.AuthService\src\Diten.AuthService.Api\bin\Debug\net8.0\MassTransit.RabbitMqTransport.dll" dosyası siliniyor.
         "C:\Users\user\Desktop\ERP-vNext\services\Diten.AuthService\src\Diten.AuthService.Api\bin\Debug\net8.0\MediatR.dll" dosyası siliniyor.
         "C:\Users\user\Desktop\ERP-vNext\services\Diten.AuthService\src\Diten.AuthService.Api\bin\Debug\net8.0\MediatR.Contracts.dll" dosyası siliniyor.
         "C:\Users\user\Desktop\ERP-vNext\services\Diten.AuthService\src\Diten.AuthService.Api\bin\Debug\net8.0\Microsoft.AspNetCore.Authentication.JwtBearer.dll" dosyası siliniyor.
         "C:\Users\user\Desktop\ERP-vNext\services\Diten.AuthService\src\Diten.AuthService.Api\bin\Debug\net8.0\Microsoft.Extensions.Configuration.Binder.dll" dosyası siliniyor.
         "C:\Users\user\Desktop\ERP-vNext\services\Diten.AuthService\src\Diten.AuthService.Api\bin\Debug\net8.0\Microsoft.Extensions.DependencyInjection.Abstractions.dll" dosyası siliniyor.
         "C:\Users\user\Desktop\ERP-vNext\services\Diten.AuthService\src\Diten.AuthService.Api\bin\Debug\net8.0\Microsoft.Extensions.DependencyModel.dll" dosyası siliniyor.
         "C:\Users\user\Desktop\ERP-vNext\services\Diten.AuthService\src\Diten.AuthService.Api\bin\Debug\net8.0\Microsoft.Extensions.Logging.Abstractions.dll" dosyası siliniyor.
         "C:\Users\user\Desktop\ERP-vNext\services\Diten.AuthService\src\Diten.AuthService.Api\bin\Debug\net8.0\Microsoft.IdentityModel.Abstractions.dll" dosyası siliniyor.
         "C:\Users\user\Desktop\ERP-vNext\services\Diten.AuthService\src\Diten.AuthService.Api\bin\Debug\net8.0\Microsoft.IdentityModel.JsonWebTokens.dll" dosyası siliniyor.
         "C:\Users\user\Desktop\ERP-vNext\services\Diten.AuthService\src\Diten.AuthService.Api\bin\Debug\net8.0\Microsoft.IdentityModel.Logging.dll" dosyası siliniyor.
         "C:\Users\user\Desktop\ERP-vNext\services\Diten.AuthService\src\Diten.AuthService.Api\bin\Debug\net8.0\Microsoft.IdentityModel.Protocols.dll" dosyası siliniyor.
         "C:\Users\user\Desktop\ERP-vNext\services\Diten.AuthService\src\Diten.AuthService.Api\bin\Debug\net8.0\Microsoft.IdentityModel.Protocols.OpenIdConnect.dll" dosyası siliniyor.
         "C:\Users\user\Desktop\ERP-vNext\services\Diten.AuthService\src\Diten.AuthService.Api\bin\Debug\net8.0\Microsoft.IdentityModel.Tokens.dll" dosyası siliniyor.
         "C:\Users\user\Desktop\ERP-vNext\services\Diten.AuthService\src\Diten.AuthService.Api\bin\Debug\net8.0\Microsoft.OpenApi.dll" dosyası siliniyor.
         "C:\Users\user\Desktop\ERP-vNext\services\Diten.AuthService\src\Diten.AuthService.Api\bin\Debug\net8.0\MongoDB.Bson.dll" dosyası siliniyor.
         "C:\Users\user\Desktop\ERP-vNext\services\Diten.AuthService\src\Diten.AuthService.Api\bin\Debug\net8.0\MongoDB.Driver.dll" dosyası siliniyor.
         "C:\Users\user\Desktop\ERP-vNext\services\Diten.AuthService\src\Diten.AuthService.Api\bin\Debug\net8.0\MongoDB.Driver.Core.dll" dosyası siliniyor.
         "C:\Users\user\Desktop\ERP-vNext\services\Diten.AuthService\src\Diten.AuthService.Api\bin\Debug\net8.0\MongoDB.Libmongocrypt.dll" dosyası siliniyor.
         "C:\Users\user\Desktop\ERP-vNext\services\Diten.AuthService\src\Diten.AuthService.Api\bin\Debug\net8.0\OpenTelemetry.dll" dosyası siliniyor.
         "C:\Users\user\Desktop\ERP-vNext\services\Diten.AuthService\src\Diten.AuthService.Api\bin\Debug\net8.0\OpenTelemetry.Api.dll" dosyası siliniyor.
         "C:\Users\user\Desktop\ERP-vNext\services\Diten.AuthService\src\Diten.AuthService.Api\bin\Debug\net8.0\OpenTelemetry.Api.ProviderBuilderExtensions.dll" dosyası siliniyor.
         "C:\Users\user\Desktop\ERP-vNext\services\Diten.AuthService\src\Diten.AuthService.Api\bin\Debug\net8.0\OpenTelemetry.Exporter.OpenTelemetryProtocol.dll" dosyası siliniyor.
         "C:\Users\user\Desktop\ERP-vNext\services\Diten.AuthService\src\Diten.AuthService.Api\bin\Debug\net8.0\OpenTelemetry.Extensions.Hosting.dll" dosyası siliniyor.
         "C:\Users\user\Desktop\ERP-vNext\services\Diten.AuthService\src\Diten.AuthService.Api\bin\Debug\net8.0\OpenTelemetry.Instrumentation.AspNetCore.dll" dosyası siliniyor.
         "C:\Users\user\Desktop\ERP-vNext\services\Diten.AuthService\src\Diten.AuthService.Api\bin\Debug\net8.0\OpenTelemetry.Instrumentation.Http.dll" dosyası siliniyor.
         "C:\Users\user\Desktop\ERP-vNext\services\Diten.AuthService\src\Diten.AuthService.Api\bin\Debug\net8.0\Prometheus.NetStandard.dll" dosyası siliniyor.
         "C:\Users\user\Desktop\ERP-vNext\services\Diten.AuthService\src\Diten.AuthService.Api\bin\Debug\net8.0\Prometheus.AspNetCore.dll" dosyası siliniyor.
         "C:\Users\user\Desktop\ERP-vNext\services\Diten.AuthService\src\Diten.AuthService.Api\bin\Debug\net8.0\RabbitMQ.Client.dll" dosyası siliniyor.
         "C:\Users\user\Desktop\ERP-vNext\services\Diten.AuthService\src\Diten.AuthService.Api\bin\Debug\net8.0\Serilog.dll" dosyası siliniyor.
         "C:\Users\user\Desktop\ERP-vNext\services\Diten.AuthService\src\Diten.AuthService.Api\bin\Debug\net8.0\Serilog.AspNetCore.dll" dosyası siliniyor.
         "C:\Users\user\Desktop\ERP-vNext\services\Diten.AuthService\src\Diten.AuthService.Api\bin\Debug\net8.0\Serilog.Enrichers.Environment.dll" dosyası siliniyor.
         "C:\Users\user\Desktop\ERP-vNext\services\Diten.AuthService\src\Diten.AuthService.Api\bin\Debug\net8.0\Serilog.Extensions.Hosting.dll" dosyası siliniyor.
         "C:\Users\user\Desktop\ERP-vNext\services\Diten.AuthService\src\Diten.AuthService.Api\bin\Debug\net8.0\Serilog.Extensions.Logging.dll" dosyası siliniyor.
         "C:\Users\user\Desktop\ERP-vNext\services\Diten.AuthService\src\Diten.AuthService.Api\bin\Debug\net8.0\Serilog.Formatting.Compact.dll" dosyası siliniyor.
         "C:\Users\user\Desktop\ERP-vNext\services\Diten.AuthService\src\Diten.AuthService.Api\bin\Debug\net8.0\Serilog.Settings.Configuration.dll" dosyası siliniyor.
         "C:\Users\user\Desktop\ERP-vNext\services\Diten.AuthService\src\Diten.AuthService.Api\bin\Debug\net8.0\Serilog.Sinks.Console.dll" dosyası siliniyor.
         "C:\Users\user\Desktop\ERP-vNext\services\Diten.AuthService\src\Diten.AuthService.Api\bin\Debug\net8.0\Serilog.Sinks.Debug.dll" dosyası siliniyor.
         "C:\Users\user\Desktop\ERP-vNext\services\Diten.AuthService\src\Diten.AuthService.Api\bin\Debug\net8.0\Serilog.Sinks.File.dll" dosyası siliniyor.
         "C:\Users\user\Desktop\ERP-vNext\services\Diten.AuthService\src\Diten.AuthService.Api\bin\Debug\net8.0\Serilog.Sinks.Seq.dll" dosyası siliniyor.
         "C:\Users\user\Desktop\ERP-vNext\services\Diten.AuthService\src\Diten.AuthService.Api\bin\Debug\net8.0\SharpCompress.dll" dosyası siliniyor.
         "C:\Users\user\Desktop\ERP-vNext\services\Diten.AuthService\src\Diten.AuthService.Api\bin\Debug\net8.0\Snappier.dll" dosyası siliniyor.
         "C:\Users\user\Desktop\ERP-vNext\services\Diten.AuthService\src\Diten.AuthService.Api\bin\Debug\net8.0\Swashbuckle.AspNetCore.Swagger.dll" dosyası siliniyor.
         "C:\Users\user\Desktop\ERP-vNext\services\Diten.AuthService\src\Diten.AuthService.Api\bin\Debug\net8.0\Swashbuckle.AspNetCore.SwaggerGen.dll" dosyası siliniyor.
         "C:\Users\user\Desktop\ERP-vNext\services\Diten.AuthService\src\Diten.AuthService.Api\bin\Debug\net8.0\Swashbuckle.AspNetCore.SwaggerUI.dll" dosyası siliniyor.
         "C:\Users\user\Desktop\ERP-vNext\services\Diten.AuthService\src\Diten.AuthService.Api\bin\Debug\net8.0\System.Diagnostics.DiagnosticSource.dll" dosyası siliniyor.
         "C:\Users\user\Desktop\ERP-vNext\services\Diten.AuthService\src\Diten.AuthService.Api\bin\Debug\net8.0\System.IdentityModel.Tokens.Jwt.dll" dosyası siliniyor.
         "C:\Users\user\Desktop\ERP-vNext\services\Diten.AuthService\src\Diten.AuthService.Api\bin\Debug\net8.0\ZstdSharp.dll" dosyası siliniyor.
         "C:\Users\user\Desktop\ERP-vNext\services\Diten.AuthService\src\Diten.AuthService.Api\bin\Debug\net8.0\runtimes\linux\native\libmongocrypt.so" dosyası siliniyor.
         "C:\Users\user\Desktop\ERP-vNext\services\Diten.AuthService\src\Diten.AuthService.Api\bin\Debug\net8.0\runtimes\osx\native\libmongocrypt.dylib" dosyası siliniyor.
         "C:\Users\user\Desktop\ERP-vNext\services\Diten.AuthService\src\Diten.AuthService.Api\bin\Debug\net8.0\runtimes\win\native\mongocrypt.dll" dosyası siliniyor.
         "C:\Users\user\Desktop\ERP-vNext\services\Diten.AuthService\src\Diten.AuthService.Api\bin\Debug\net8.0\Diten.AuthService.Application.dll" dosyası siliniyor.
         "C:\Users\user\Desktop\ERP-vNext\services\Diten.AuthService\src\Diten.AuthService.Api\bin\Debug\net8.0\Diten.AuthService.Domain.dll" dosyası siliniyor.
         "C:\Users\user\Desktop\ERP-vNext\services\Diten.AuthService\src\Diten.AuthService.Api\bin\Debug\net8.0\Diten.AuthService.Infrastructure.dll" dosyası siliniyor.
         "C:\Users\user\Desktop\ERP-vNext\services\Diten.AuthService\src\Diten.AuthService.Api\bin\Debug\net8.0\Diten.AuthService.Persistence.dll" dosyası siliniyor.
         "C:\Users\user\Desktop\ERP-vNext\services\Diten.AuthService\src\Diten.AuthService.Api\bin\Debug\net8.0\Diten.BuildingBlocks.Eventing.dll" dosyası siliniyor.
         "C:\Users\user\Desktop\ERP-vNext\services\Diten.AuthService\src\Diten.AuthService.Api\bin\Debug\net8.0\Diten.BuildingBlocks.Security.Secrets.dll" dosyası siliniyor.
         "C:\Users\user\Desktop\ERP-vNext\services\Diten.AuthService\src\Diten.AuthService.Api\bin\Debug\net8.0\Diten.Platform.Common.dll" dosyası siliniyor.
         "C:\Users\user\Desktop\ERP-vNext\services\Diten.AuthService\src\Diten.AuthService.Api\bin\Debug\net8.0\Diten.Platform.Contracts.dll" dosyası siliniyor.
         "C:\Users\user\Desktop\ERP-vNext\services\Diten.AuthService\src\Diten.AuthService.Api\bin\Debug\net8.0\Diten.AuthService.Application.pdb" dosyası siliniyor.
         "C:\Users\user\Desktop\ERP-vNext\services\Diten.AuthService\src\Diten.AuthService.Api\bin\Debug\net8.0\Diten.AuthService.Infrastructure.pdb" dosyası siliniyor.
         "C:\Users\user\Desktop\ERP-vNext\services\Diten.AuthService\src\Diten.AuthService.Api\bin\Debug\net8.0\Diten.Platform.Common.pdb" dosyası siliniyor.
         "C:\Users\user\Desktop\ERP-vNext\services\Diten.AuthService\src\Diten.AuthService.Api\bin\Debug\net8.0\Diten.AuthService.Domain.pdb" dosyası siliniyor.
         "C:\Users\user\Desktop\ERP-vNext\services\Diten.AuthService\src\Diten.AuthService.Api\bin\Debug\net8.0\Diten.AuthService.Persistence.pdb" dosyası siliniyor.
         "C:\Users\user\Desktop\ERP-vNext\services\Diten.AuthService\src\Diten.AuthService.Api\bin\Debug\net8.0\Diten.BuildingBlocks.Eventing.pdb" dosyası siliniyor.
         "C:\Users\user\Desktop\ERP-vNext\services\Diten.AuthService\src\Diten.AuthService.Api\bin\Debug\net8.0\Diten.BuildingBlocks.Security.Secrets.pdb" dosyası siliniyor.
         "C:\Users\user\Desktop\ERP-vNext\services\Diten.AuthService\src\Diten.AuthService.Api\bin\Debug\net8.0\Diten.Platform.Contracts.pdb" dosyası siliniyor.
         "C:\Users\user\Desktop\ERP-vNext\services\Diten.AuthService\src\Diten.AuthService.Api\obj\Debug\net8.0\Diten.AuthService.Api.csproj.AssemblyReference.cache" dosyası siliniyor.
         "C:\Users\user\Desktop\ERP-vNext\services\Diten.AuthService\src\Diten.AuthService.Api\obj\Debug\net8.0\rpswa.dswa.cache.json" dosyası siliniyor.
         "C:\Users\user\Desktop\ERP-vNext\services\Diten.AuthService\src\Diten.AuthService.Api\obj\Debug\net8.0\Diten.AuthService.Api.GeneratedMSBuildEditorConfig.editorconfig" dosyası siliniyor.
         "C:\Users\user\Desktop\ERP-vNext\services\Diten.AuthService\src\Diten.AuthService.Api\obj\Debug\net8.0\Diten.AuthService.Api.AssemblyInfoInputs.cache" dosyası siliniyor.
         "C:\Users\user\Desktop\ERP-vNext\services\Diten.AuthService\src\Diten.AuthService.Api\obj\Debug\net8.0\Diten.AuthService.Api.AssemblyInfo.cs" dosyası siliniyor.
         "C:\Users\user\Desktop\ERP-vNext\services\Diten.AuthService\src\Diten.AuthService.Api\obj\Debug\net8.0\Diten.AuthService.Api.csproj.CoreCompileInputs.cache" dosyası siliniyor.
         "C:\Users\user\Desktop\ERP-vNext\services\Diten.AuthService\src\Diten.AuthService.Api\obj\Debug\net8.0\Diten.AuthService.Api.MvcApplicationPartsAssemblyInfo.cs" dosyası siliniyor.
         "C:\Users\user\Desktop\ERP-vNext\services\Diten.AuthService\src\Diten.AuthService.Api\obj\Debug\net8.0\Diten.AuthService.Api.MvcApplicationPartsAssemblyInfo.cache" dosyası siliniyor.
         "C:\Users\user\Desktop\ERP-vNext\services\Diten.AuthService\src\Diten.AuthService.Api\obj\Debug\net8.0\Diten.AuthService.Api.sourcelink.json" dosyası siliniyor.
         "C:\Users\user\Desktop\ERP-vNext\services\Diten.AuthService\src\Diten.AuthService.Api\obj\Debug\net8.0\rjsmrazor.dswa.cache.json" dosyası siliniyor.
         "C:\Users\user\Desktop\ERP-vNext\services\Diten.AuthService\src\Diten.AuthService.Api\obj\Debug\net8.0\rjsmcshtml.dswa.cache.json" dosyası siliniyor.
         "C:\Users\user\Desktop\ERP-vNext\services\Diten.AuthService\src\Diten.AuthService.Api\obj\Debug\net8.0\staticwebassets.build.json" dosyası siliniyor.
         "C:\Users\user\Desktop\ERP-vNext\services\Diten.AuthService\src\Diten.AuthService.Api\obj\Debug\net8.0\staticwebassets.build.json.cache" dosyası siliniyor.
         "C:\Users\user\Desktop\ERP-vNext\services\Diten.AuthService\src\Diten.AuthService.Api\obj\Debug\net8.0\staticwebassets.build.endpoints.json" dosyası siliniyor.
         "C:\Users\user\Desktop\ERP-vNext\services\Diten.AuthService\src\Diten.AuthService.Api\obj\Debug\net8.0\swae.build.ex.cache" dosyası siliniyor.
         "C:\Users\user\Desktop\ERP-vNext\services\Diten.AuthService\src\Diten.AuthService.Api\obj\Debug\net8.0\Diten.Au.EAF01006.Up2Date" dosyası siliniyor.
         "C:\Users\user\Desktop\ERP-vNext\services\Diten.AuthService\src\Diten.AuthService.Api\obj\Debug\net8.0\Diten.AuthService.Api.dll" dosyası siliniyor.
         "C:\Users\user\Desktop\ERP-vNext\services\Diten.AuthService\src\Diten.AuthService.Api\obj\Debug\net8.0\refint\Diten.AuthService.Api.dll" dosyası siliniyor.
         "C:\Users\user\Desktop\ERP-vNext\services\Diten.AuthService\src\Diten.AuthService.Api\obj\Debug\net8.0\Diten.AuthService.Api.pdb" dosyası siliniyor.
         "C:\Users\user\Desktop\ERP-vNext\services\Diten.AuthService\src\Diten.AuthService.Api\obj\Debug\net8.0\Diten.AuthService.Api.genruntimeconfig.cache" dosyası siliniyor.
         "C:\Users\user\Desktop\ERP-vNext\services\Diten.AuthService\src\Diten.AuthService.Api\obj\Debug\net8.0\ref\Diten.AuthService.Api.dll" dosyası siliniyor.
     1>"C:\Users\user\Desktop\ERP-vNext\services\Diten.AuthService\src\Diten.AuthService.Api\Diten.AuthService.Api.csproj" projesi (1) 1 düğümünde "C:\Users\user\Desktop\ERP-vNext\services\Diten.AuthService\src\Diten.AuthService.Application\Diten.AuthService.Application.csproj" (2:2) oluşturuyor (Clean hedef).
     2>CoreClean:
         "C:\Users\user\Desktop\ERP-vNext\services\Diten.AuthService\src\Diten.AuthService.Application\bin\Debug\net8.0\Diten.AuthService.Application.deps.json" dosyası siliniyor.
         "C:\Users\user\Desktop\ERP-vNext\services\Diten.AuthService\src\Diten.AuthService.Application\bin\Debug\net8.0\Diten.AuthService.Application.dll" dosyası siliniyor.
         "C:\Users\user\Desktop\ERP-vNext\services\Diten.AuthService\src\Diten.AuthService.Application\bin\Debug\net8.0\Diten.AuthService.Application.pdb" dosyası siliniyor.
         "C:\Users\user\Desktop\ERP-vNext\services\Diten.AuthService\src\Diten.AuthService.Application\bin\Debug\net8.0\Diten.AuthService.Domain.dll" dosyası siliniyor.
         "C:\Users\user\Desktop\ERP-vNext\services\Diten.AuthService\src\Diten.AuthService.Application\bin\Debug\net8.0\Diten.AuthService.Domain.pdb" dosyası siliniyor.
         "C:\Users\user\Desktop\ERP-vNext\services\Diten.AuthService\src\Diten.AuthService.Application\obj\Debug\net8.0\Diten.AuthService.Application.csproj.AssemblyReference.cache" dosyası siliniyor.
         "C:\Users\user\Desktop\ERP-vNext\services\Diten.AuthService\src\Diten.AuthService.Application\obj\Debug\net8.0\Diten.AuthService.Application.GeneratedMSBuildEditorConfig.editorconfig" dosyası siliniyor.
         "C:\Users\user\Desktop\ERP-vNext\services\Diten.AuthService\src\Diten.AuthService.Application\obj\Debug\net8.0\Diten.AuthService.Application.AssemblyInfoInputs.cache" dosyası siliniyor.
         "C:\Users\user\Desktop\ERP-vNext\services\Diten.AuthService\src\Diten.AuthService.Application\obj\Debug\net8.0\Diten.AuthService.Application.AssemblyInfo.cs" dosyası siliniyor.
         "C:\Users\user\Desktop\ERP-vNext\services\Diten.AuthService\src\Diten.AuthService.Application\obj\Debug\net8.0\Diten.AuthService.Application.csproj.CoreCompileInputs.cache" dosyası siliniyor.
         "C:\Users\user\Desktop\ERP-vNext\services\Diten.AuthService\src\Diten.AuthService.Application\obj\Debug\net8.0\Diten.AuthService.Application.sourcelink.json" dosyası siliniyor.
         "C:\Users\user\Desktop\ERP-vNext\services\Diten.AuthService\src\Diten.AuthService.Application\obj\Debug\net8.0\Diten.Au.1B351B05.Up2Date" dosyası siliniyor.
         "C:\Users\user\Desktop\ERP-vNext\services\Diten.AuthService\src\Diten.AuthService.Application\obj\Debug\net8.0\Diten.AuthService.Application.dll" dosyası siliniyor.
         "C:\Users\user\Desktop\ERP-vNext\services\Diten.AuthService\src\Diten.AuthService.Application\obj\Debug\net8.0\refint\Diten.AuthService.Application.dll" dosyası siliniyor.
         "C:\Users\user\Desktop\ERP-vNext\services\Diten.AuthService\src\Diten.AuthService.Application\obj\Debug\net8.0\Diten.AuthService.Application.pdb" dosyası siliniyor.
         "C:\Users\user\Desktop\ERP-vNext\services\Diten.AuthService\src\Diten.AuthService.Application\obj\Debug\net8.0\ref\Diten.AuthService.Application.dll" dosyası siliniyor.
     1>"C:\Users\user\Desktop\ERP-vNext\services\Diten.AuthService\src\Diten.AuthService.Api\Diten.AuthService.Api.csproj" projesi (1) 8 düğümünde "C:\Users\user\Desktop\ERP-vNext\services\Diten.AuthService\src\Diten.AuthService.Domain\Diten.AuthService.Domain.csproj" (3:2) oluşturuyor (Clean hedef).
     3>_CheckForNETCoreSdkIsPreview:
       C:\Program Files\dotnet\sdk\10.0.100-rc.2.25502.107\Sdks\Microsoft.NET.Sdk\targets\Microsoft.NET.RuntimeIdentifierInference.targets(351,5): message NETSDK1057: Bir .NET önizleme sürümü kullanıyorsunuz. Bkz. https://aka.ms/dotnet-support-policy [C:\Users\user\Desktop\ERP-vNext\services\Diten.AuthService\src\Diten.AuthService.Domain\Diten.AuthService.Domain.csproj]
     1>"C:\Users\user\Desktop\ERP-vNext\services\Diten.AuthService\src\Diten.AuthService.Api\Diten.AuthService.Api.csproj" projesi (1) 4 düğümünde "C:\Users\user\Desktop\ERP-vNext\services\Diten.AuthService\src\Diten.AuthService.Infrastructure\Diten.AuthService.Infrastructure.csproj" (4:2) oluşturuyor (Clean hedef).
     4>_CheckForNETCoreSdkIsPreview:
       C:\Program Files\dotnet\sdk\10.0.100-rc.2.25502.107\Sdks\Microsoft.NET.Sdk\targets\Microsoft.NET.RuntimeIdentifierInference.targets(351,5): message NETSDK1057: Bir .NET önizleme sürümü kullanıyorsunuz. Bkz. https://aka.ms/dotnet-support-policy [C:\Users\user\Desktop\ERP-vNext\services\Diten.AuthService\src\Diten.AuthService.Infrastructure\Diten.AuthService.Infrastructure.csproj]
     1>"C:\Users\user\Desktop\ERP-vNext\services\Diten.AuthService\src\Diten.AuthService.Api\Diten.AuthService.Api.csproj" projesi (1) 3 düğümünde "C:\Users\user\Desktop\ERP-vNext\services\Diten.Building.Blocks\Diten.BuildingBlocks.Security.Secrets\Diten.BuildingBlocks.Security.Secrets.csproj" (7:2) oluşturuyor (Clean hedef).
     7>_CheckForNETCoreSdkIsPreview:
       C:\Program Files\dotnet\sdk\10.0.100-rc.2.25502.107\Sdks\Microsoft.NET.Sdk\targets\Microsoft.NET.RuntimeIdentifierInference.targets(351,5): message NETSDK1057: Bir .NET önizleme sürümü kullanıyorsunuz. Bkz. https://aka.ms/dotnet-support-policy [C:\Users\user\Desktop\ERP-vNext\services\Diten.Building.Blocks\Diten.BuildingBlocks.Security.Secrets\Diten.BuildingBlocks.Security.Secrets.csproj]
     1>"C:\Users\user\Desktop\ERP-vNext\services\Diten.AuthService\src\Diten.AuthService.Api\Diten.AuthService.Api.csproj" projesi (1) 2 düğümünde "C:\Users\user\Desktop\ERP-vNext\services\Diten.Platform.Contracts\Diten.Platform.Contracts.csproj" (9:2) oluşturuyor (Clean hedef).
     9>_CheckForNETCoreSdkIsPreview:
       C:\Program Files\dotnet\sdk\10.0.100-rc.2.25502.107\Sdks\Microsoft.NET.Sdk\targets\Microsoft.NET.RuntimeIdentifierInference.targets(351,5): message NETSDK1057: Bir .NET önizleme sürümü kullanıyorsunuz. Bkz. https://aka.ms/dotnet-support-policy [C:\Users\user\Desktop\ERP-vNext\services\Diten.Platform.Contracts\Diten.Platform.Contracts.csproj]
     1>"C:\Users\user\Desktop\ERP-vNext\services\Diten.AuthService\src\Diten.AuthService.Api\Diten.AuthService.Api.csproj" projesi (1) 6 düğümünde "C:\Users\user\Desktop\ERP-vNext\services\Diten.Platform.Common\src\Diten.Platform.Common\Diten.Platform.Common.csproj" (5:2) oluşturuyor (Clean hedef).
     5>_CheckForNETCoreSdkIsPreview:
       C:\Program Files\dotnet\sdk\10.0.100-rc.2.25502.107\Sdks\Microsoft.NET.Sdk\targets\Microsoft.NET.RuntimeIdentifierInference.targets(351,5): message NETSDK1057: Bir .NET önizleme sürümü kullanıyorsunuz. Bkz. https://aka.ms/dotnet-support-policy [C:\Users\user\Desktop\ERP-vNext\services\Diten.Platform.Common\src\Diten.Platform.Common\Diten.Platform.Common.csproj]
     1>"C:\Users\user\Desktop\ERP-vNext\services\Diten.AuthService\src\Diten.AuthService.Api\Diten.AuthService.Api.csproj" projesi (1) 5 düğümünde "C:\Users\user\Desktop\ERP-vNext\services\Diten.AuthService\src\Diten.AuthService.Persistence\Diten.AuthService.Persistence.csproj" (6:2) oluşturuyor (Clean hedef).
     6>_CheckForNETCoreSdkIsPreview:
       C:\Program Files\dotnet\sdk\10.0.100-rc.2.25502.107\Sdks\Microsoft.NET.Sdk\targets\Microsoft.NET.RuntimeIdentifierInference.targets(351,5): message NETSDK1057: Bir .NET önizleme sürümü kullanıyorsunuz. Bkz. https://aka.ms/dotnet-support-policy [C:\Users\user\Desktop\ERP-vNext\services\Diten.AuthService\src\Diten.AuthService.Persistence\Diten.AuthService.Persistence.csproj]
     1>"C:\Users\user\Desktop\ERP-vNext\services\Diten.AuthService\src\Diten.AuthService.Api\Diten.AuthService.Api.csproj" projesi (1) 7 düğümünde "C:\Users\user\Desktop\ERP-vNext\services\Diten.Building.Blocks\src\Diten.BuildingBlocks.Eventing\Diten.BuildingBlocks.Eventing.csproj" (8:2) oluşturuyor (Clean hedef).
     8>_CheckForNETCoreSdkIsPreview:
       C:\Program Files\dotnet\sdk\10.0.100-rc.2.25502.107\Sdks\Microsoft.NET.Sdk\targets\Microsoft.NET.RuntimeIdentifierInference.targets(351,5): message NETSDK1057: Bir .NET önizleme sürümü kullanıyorsunuz. Bkz. https://aka.ms/dotnet-support-policy [C:\Users\user\Desktop\ERP-vNext\services\Diten.Building.Blocks\src\Diten.BuildingBlocks.Eventing\Diten.BuildingBlocks.Eventing.csproj]
     7>CoreClean:
         "C:\Users\user\Desktop\ERP-vNext\services\Diten.Building.Blocks\Diten.BuildingBlocks.Security.Secrets\bin\Debug\net8.0\Diten.BuildingBlocks.Security.Secrets.deps.json" dosyası siliniyor.
     9>CoreClean:
         "C:\Users\user\Desktop\ERP-vNext\services\Diten.Platform.Contracts\bin\Debug\net8.0\Diten.Platform.Contracts.deps.json" dosyası siliniyor.
         "C:\Users\user\Desktop\ERP-vNext\services\Diten.Platform.Contracts\bin\Debug\net8.0\Diten.Platform.Contracts.dll" dosyası siliniyor.
         "C:\Users\user\Desktop\ERP-vNext\services\Diten.Platform.Contracts\bin\Debug\net8.0\Diten.Platform.Contracts.pdb" dosyası siliniyor.
     7>CoreClean:
         "C:\Users\user\Desktop\ERP-vNext\services\Diten.Building.Blocks\Diten.BuildingBlocks.Security.Secrets\bin\Debug\net8.0\Diten.BuildingBlocks.Security.Secrets.dll" dosyası siliniyor.
     9>CoreClean:
         "C:\Users\user\Desktop\ERP-vNext\services\Diten.Platform.Contracts\bin\Debug\net8.0\Diten.BuildingBlocks.Eventing.dll" dosyası siliniyor.
     7>CoreClean:
         "C:\Users\user\Desktop\ERP-vNext\services\Diten.Building.Blocks\Diten.BuildingBlocks.Security.Secrets\bin\Debug\net8.0\Diten.BuildingBlocks.Security.Secrets.pdb" dosyası siliniyor.
         "C:\Users\user\Desktop\ERP-vNext\services\Diten.Building.Blocks\Diten.BuildingBlocks.Security.Secrets\obj\Debug\net8.0\Diten.BuildingBlocks.Security.Secrets.csproj.AssemblyReference.cache" dosyası siliniyor.
     9>CoreClean:
         "C:\Users\user\Desktop\ERP-vNext\services\Diten.Platform.Contracts\bin\Debug\net8.0\Diten.BuildingBlocks.Eventing.pdb" dosyası siliniyor.
         "C:\Users\user\Desktop\ERP-vNext\services\Diten.Platform.Contracts\obj\Debug\net8.0\Diten.Platform.Contracts.csproj.AssemblyReference.cache" dosyası siliniyor.
         "C:\Users\user\Desktop\ERP-vNext\services\Diten.Platform.Contracts\obj\Debug\net8.0\Diten.Platform.Contracts.GeneratedMSBuildEditorConfig.editorconfig" dosyası siliniyor.
     7>CoreClean:
         "C:\Users\user\Desktop\ERP-vNext\services\Diten.Building.Blocks\Diten.BuildingBlocks.Security.Secrets\obj\Debug\net8.0\Diten.BuildingBlocks.Security.Secrets.GeneratedMSBuildEditorConfig.editorconfig" dosyası siliniyor.
     9>CoreClean:
         "C:\Users\user\Desktop\ERP-vNext\services\Diten.Platform.Contracts\obj\Debug\net8.0\Diten.Platform.Contracts.AssemblyInfoInputs.cache" dosyası siliniyor.
         "C:\Users\user\Desktop\ERP-vNext\services\Diten.Platform.Contracts\obj\Debug\net8.0\Diten.Platform.Contracts.AssemblyInfo.cs" dosyası siliniyor.
     4>CoreClean:
         "C:\Users\user\Desktop\ERP-vNext\services\Diten.AuthService\src\Diten.AuthService.Infrastructure\bin\Debug\net8.0\Diten.AuthService.Infrastructure.deps.json" dosyası siliniyor.
         "C:\Users\user\Desktop\ERP-vNext\services\Diten.AuthService\src\Diten.AuthService.Infrastructure\bin\Debug\net8.0\Diten.AuthService.Infrastructure.dll" dosyası siliniyor.
     9>CoreClean:
         "C:\Users\user\Desktop\ERP-vNext\services\Diten.Platform.Contracts\obj\Debug\net8.0\Diten.Platform.Contracts.csproj.CoreCompileInputs.cache" dosyası siliniyor.
     4>CoreClean:
         "C:\Users\user\Desktop\ERP-vNext\services\Diten.AuthService\src\Diten.AuthService.Infrastructure\bin\Debug\net8.0\Diten.AuthService.Infrastructure.pdb" dosyası siliniyor.
     9>CoreClean:
         "C:\Users\user\Desktop\ERP-vNext\services\Diten.Platform.Contracts\obj\Debug\net8.0\Diten.Platform.Contracts.sourcelink.json" dosyası siliniyor.
     7>CoreClean:
         "C:\Users\user\Desktop\ERP-vNext\services\Diten.Building.Blocks\Diten.BuildingBlocks.Security.Secrets\obj\Debug\net8.0\Diten.BuildingBlocks.Security.Secrets.AssemblyInfoInputs.cache" dosyası siliniyor.
     4>CoreClean:
         "C:\Users\user\Desktop\ERP-vNext\services\Diten.AuthService\src\Diten.AuthService.Infrastructure\bin\Debug\net8.0\Diten.AuthService.Application.dll" dosyası siliniyor.
     9>CoreClean:
         "C:\Users\user\Desktop\ERP-vNext\services\Diten.Platform.Contracts\obj\Debug\net8.0\Diten.Pl.4D1F17E9.Up2Date" dosyası siliniyor.
     5>CoreClean:
         "C:\Users\user\Desktop\ERP-vNext\services\Diten.Platform.Common\src\Diten.Platform.Common\bin\Debug\net8.0\Diten.Platform.Common.deps.json" dosyası siliniyor.
     4>CoreClean:
         "C:\Users\user\Desktop\ERP-vNext\services\Diten.AuthService\src\Diten.AuthService.Infrastructure\bin\Debug\net8.0\Diten.AuthService.Domain.dll" dosyası siliniyor.
     9>CoreClean:
         "C:\Users\user\Desktop\ERP-vNext\services\Diten.Platform.Contracts\obj\Debug\net8.0\Diten.Platform.Contracts.dll" dosyası siliniyor.
     5>CoreClean:
         "C:\Users\user\Desktop\ERP-vNext\services\Diten.Platform.Common\src\Diten.Platform.Common\bin\Debug\net8.0\Diten.Platform.Common.dll" dosyası siliniyor.
     9>CoreClean:
         "C:\Users\user\Desktop\ERP-vNext\services\Diten.Platform.Contracts\obj\Debug\net8.0\refint\Diten.Platform.Contracts.dll" dosyası siliniyor.
     5>CoreClean:
         "C:\Users\user\Desktop\ERP-vNext\services\Diten.Platform.Common\src\Diten.Platform.Common\bin\Debug\net8.0\Diten.Platform.Common.pdb" dosyası siliniyor.
     4>CoreClean:
         "C:\Users\user\Desktop\ERP-vNext\services\Diten.AuthService\src\Diten.AuthService.Infrastructure\bin\Debug\net8.0\Diten.AuthService.Persistence.dll" dosyası siliniyor.
     9>CoreClean:
         "C:\Users\user\Desktop\ERP-vNext\services\Diten.Platform.Contracts\obj\Debug\net8.0\Diten.Platform.Contracts.pdb" dosyası siliniyor.
     5>CoreClean:
         "C:\Users\user\Desktop\ERP-vNext\services\Diten.Platform.Common\src\Diten.Platform.Common\obj\Debug\net8.0\Diten.Platform.Common.csproj.AssemblyReference.cache" dosyası siliniyor.
     9>CoreClean:
         "C:\Users\user\Desktop\ERP-vNext\services\Diten.Platform.Contracts\obj\Debug\net8.0\ref\Diten.Platform.Contracts.dll" dosyası siliniyor.
     5>CoreClean:
         "C:\Users\user\Desktop\ERP-vNext\services\Diten.Platform.Common\src\Diten.Platform.Common\obj\Debug\net8.0\Diten.Platform.Common.GeneratedMSBuildEditorConfig.editorconfig" dosyası siliniyor.
     4>CoreClean:
         "C:\Users\user\Desktop\ERP-vNext\services\Diten.AuthService\src\Diten.AuthService.Infrastructure\bin\Debug\net8.0\Diten.BuildingBlocks.Eventing.dll" dosyası siliniyor.
     5>CoreClean:
         "C:\Users\user\Desktop\ERP-vNext\services\Diten.Platform.Common\src\Diten.Platform.Common\obj\Debug\net8.0\Diten.Platform.Common.AssemblyInfoInputs.cache" dosyası siliniyor.
     4>CoreClean:
         "C:\Users\user\Desktop\ERP-vNext\services\Diten.AuthService\src\Diten.AuthService.Infrastructure\bin\Debug\net8.0\Diten.BuildingBlocks.Security.Secrets.dll" dosyası siliniyor.
     5>CoreClean:
         "C:\Users\user\Desktop\ERP-vNext\services\Diten.Platform.Common\src\Diten.Platform.Common\obj\Debug\net8.0\Diten.Platform.Common.AssemblyInfo.cs" dosyası siliniyor.
     4>CoreClean:
         "C:\Users\user\Desktop\ERP-vNext\services\Diten.AuthService\src\Diten.AuthService.Infrastructure\bin\Debug\net8.0\Diten.Platform.Contracts.dll" dosyası siliniyor.
     5>CoreClean:
         "C:\Users\user\Desktop\ERP-vNext\services\Diten.Platform.Common\src\Diten.Platform.Common\obj\Debug\net8.0\Diten.Platform.Common.csproj.CoreCompileInputs.cache" dosyası siliniyor.
     7>CoreClean:
         "C:\Users\user\Desktop\ERP-vNext\services\Diten.Building.Blocks\Diten.BuildingBlocks.Security.Secrets\obj\Debug\net8.0\Diten.BuildingBlocks.Security.Secrets.AssemblyInfo.cs" dosyası siliniyor.
     4>CoreClean:
         "C:\Users\user\Desktop\ERP-vNext\services\Diten.AuthService\src\Diten.AuthService.Infrastructure\bin\Debug\net8.0\Diten.AuthService.Domain.pdb" dosyası siliniyor.
     5>CoreClean:
         "C:\Users\user\Desktop\ERP-vNext\services\Diten.Platform.Common\src\Diten.Platform.Common\obj\Debug\net8.0\Diten.Platform.Common.sourcelink.json" dosyası siliniyor.
     4>CoreClean:
         "C:\Users\user\Desktop\ERP-vNext\services\Diten.AuthService\src\Diten.AuthService.Infrastructure\bin\Debug\net8.0\Diten.AuthService.Application.pdb" dosyası siliniyor.
     5>CoreClean:
         "C:\Users\user\Desktop\ERP-vNext\services\Diten.Platform.Common\src\Diten.Platform.Common\obj\Debug\net8.0\Diten.Platform.Common.dll" dosyası siliniyor.
     4>CoreClean:
         "C:\Users\user\Desktop\ERP-vNext\services\Diten.AuthService\src\Diten.AuthService.Infrastructure\bin\Debug\net8.0\Diten.AuthService.Persistence.pdb" dosyası siliniyor.
     5>CoreClean:
         "C:\Users\user\Desktop\ERP-vNext\services\Diten.Platform.Common\src\Diten.Platform.Common\obj\Debug\net8.0\refint\Diten.Platform.Common.dll" dosyası siliniyor.
     4>CoreClean:
         "C:\Users\user\Desktop\ERP-vNext\services\Diten.AuthService\src\Diten.AuthService.Infrastructure\bin\Debug\net8.0\Diten.BuildingBlocks.Security.Secrets.pdb" dosyası siliniyor.
     5>CoreClean:
         "C:\Users\user\Desktop\ERP-vNext\services\Diten.Platform.Common\src\Diten.Platform.Common\obj\Debug\net8.0\Diten.Platform.Common.pdb" dosyası siliniyor.
     4>CoreClean:
         "C:\Users\user\Desktop\ERP-vNext\services\Diten.AuthService\src\Diten.AuthService.Infrastructure\bin\Debug\net8.0\Diten.Platform.Contracts.pdb" dosyası siliniyor.
     5>CoreClean:
         "C:\Users\user\Desktop\ERP-vNext\services\Diten.Platform.Common\src\Diten.Platform.Common\obj\Debug\net8.0\ref\Diten.Platform.Common.dll" dosyası siliniyor.
     4>CoreClean:
         "C:\Users\user\Desktop\ERP-vNext\services\Diten.AuthService\src\Diten.AuthService.Infrastructure\bin\Debug\net8.0\Diten.BuildingBlocks.Eventing.pdb" dosyası siliniyor.
         "C:\Users\user\Desktop\ERP-vNext\services\Diten.AuthService\src\Diten.AuthService.Infrastructure\obj\Debug\net8.0\Diten.AuthService.Infrastructure.csproj.AssemblyReference.cache" dosyası siliniyor.
         "C:\Users\user\Desktop\ERP-vNext\services\Diten.AuthService\src\Diten.AuthService.Infrastructure\obj\Debug\net8.0\Diten.AuthService.Infrastructure.GeneratedMSBuildEditorConfig.editorconfig" dosyası siliniyor.
         "C:\Users\user\Desktop\ERP-vNext\services\Diten.AuthService\src\Diten.AuthService.Infrastructure\obj\Debug\net8.0\Diten.AuthService.Infrastructure.AssemblyInfoInputs.cache" dosyası siliniyor.
         "C:\Users\user\Desktop\ERP-vNext\services\Diten.AuthService\src\Diten.AuthService.Infrastructure\obj\Debug\net8.0\Diten.AuthService.Infrastructure.AssemblyInfo.cs" dosyası siliniyor.
         "C:\Users\user\Desktop\ERP-vNext\services\Diten.AuthService\src\Diten.AuthService.Infrastructure\obj\Debug\net8.0\Diten.AuthService.Infrastructure.csproj.CoreCompileInputs.cache" dosyası siliniyor.
         "C:\Users\user\Desktop\ERP-vNext\services\Diten.AuthService\src\Diten.AuthService.Infrastructure\obj\Debug\net8.0\Diten.AuthService.Infrastructure.sourcelink.json" dosyası siliniyor.
         "C:\Users\user\Desktop\ERP-vNext\services\Diten.AuthService\src\Diten.AuthService.Infrastructure\obj\Debug\net8.0\Diten.Au.81CBC974.Up2Date" dosyası siliniyor.
         "C:\Users\user\Desktop\ERP-vNext\services\Diten.AuthService\src\Diten.AuthService.Infrastructure\obj\Debug\net8.0\Diten.AuthService.Infrastructure.dll" dosyası siliniyor.
         "C:\Users\user\Desktop\ERP-vNext\services\Diten.AuthService\src\Diten.AuthService.Infrastructure\obj\Debug\net8.0\refint\Diten.AuthService.Infrastructure.dll" dosyası siliniyor.
         "C:\Users\user\Desktop\ERP-vNext\services\Diten.AuthService\src\Diten.AuthService.Infrastructure\obj\Debug\net8.0\Diten.AuthService.Infrastructure.pdb" dosyası siliniyor.
         "C:\Users\user\Desktop\ERP-vNext\services\Diten.AuthService\src\Diten.AuthService.Infrastructure\obj\Debug\net8.0\ref\Diten.AuthService.Infrastructure.dll" dosyası siliniyor.
     3>CoreClean:
         "C:\Users\user\Desktop\ERP-vNext\services\Diten.AuthService\src\Diten.AuthService.Domain\bin\Debug\net8.0\Diten.AuthService.Domain.deps.json" dosyası siliniyor.
         "C:\Users\user\Desktop\ERP-vNext\services\Diten.AuthService\src\Diten.AuthService.Domain\bin\Debug\net8.0\Diten.AuthService.Domain.dll" dosyası siliniyor.
         "C:\Users\user\Desktop\ERP-vNext\services\Diten.AuthService\src\Diten.AuthService.Domain\bin\Debug\net8.0\Diten.AuthService.Domain.pdb" dosyası siliniyor.
         "C:\Users\user\Desktop\ERP-vNext\services\Diten.AuthService\src\Diten.AuthService.Domain\obj\Debug\net8.0\Diten.AuthService.Domain.GeneratedMSBuildEditorConfig.editorconfig" dosyası siliniyor.
         "C:\Users\user\Desktop\ERP-vNext\services\Diten.AuthService\src\Diten.AuthService.Domain\obj\Debug\net8.0\Diten.AuthService.Domain.AssemblyInfoInputs.cache" dosyası siliniyor.
         "C:\Users\user\Desktop\ERP-vNext\services\Diten.AuthService\src\Diten.AuthService.Domain\obj\Debug\net8.0\Diten.AuthService.Domain.AssemblyInfo.cs" dosyası siliniyor.
         "C:\Users\user\Desktop\ERP-vNext\services\Diten.AuthService\src\Diten.AuthService.Domain\obj\Debug\net8.0\Diten.AuthService.Domain.csproj.CoreCompileInputs.cache" dosyası siliniyor.
         "C:\Users\user\Desktop\ERP-vNext\services\Diten.AuthService\src\Diten.AuthService.Domain\obj\Debug\net8.0\Diten.AuthService.Domain.sourcelink.json" dosyası siliniyor.
         "C:\Users\user\Desktop\ERP-vNext\services\Diten.AuthService\src\Diten.AuthService.Domain\obj\Debug\net8.0\Diten.AuthService.Domain.dll" dosyası siliniyor.
         "C:\Users\user\Desktop\ERP-vNext\services\Diten.AuthService\src\Diten.AuthService.Domain\obj\Debug\net8.0\refint\Diten.AuthService.Domain.dll" dosyası siliniyor.
         "C:\Users\user\Desktop\ERP-vNext\services\Diten.AuthService\src\Diten.AuthService.Domain\obj\Debug\net8.0\Diten.AuthService.Domain.pdb" dosyası siliniyor.
         "C:\Users\user\Desktop\ERP-vNext\services\Diten.AuthService\src\Diten.AuthService.Domain\obj\Debug\net8.0\ref\Diten.AuthService.Domain.dll" dosyası siliniyor.
     7>CoreClean:
         "C:\Users\user\Desktop\ERP-vNext\services\Diten.Building.Blocks\Diten.BuildingBlocks.Security.Secrets\obj\Debug\net8.0\Diten.BuildingBlocks.Security.Secrets.csproj.CoreCompileInputs.cache" dosyası siliniyor.
     6>CoreClean:
         "C:\Users\user\Desktop\ERP-vNext\services\Diten.AuthService\src\Diten.AuthService.Persistence\bin\Debug\net8.0\Diten.AuthService.Persistence.deps.json" dosyası siliniyor.
         "C:\Users\user\Desktop\ERP-vNext\services\Diten.AuthService\src\Diten.AuthService.Persistence\bin\Debug\net8.0\Diten.AuthService.Persistence.dll" dosyası siliniyor.
         "C:\Users\user\Desktop\ERP-vNext\services\Diten.AuthService\src\Diten.AuthService.Persistence\bin\Debug\net8.0\Diten.AuthService.Persistence.pdb" dosyası siliniyor.
         "C:\Users\user\Desktop\ERP-vNext\services\Diten.AuthService\src\Diten.AuthService.Persistence\bin\Debug\net8.0\Diten.AuthService.Application.dll" dosyası siliniyor.
         "C:\Users\user\Desktop\ERP-vNext\services\Diten.AuthService\src\Diten.AuthService.Persistence\bin\Debug\net8.0\Diten.AuthService.Domain.dll" dosyası siliniyor.
         "C:\Users\user\Desktop\ERP-vNext\services\Diten.AuthService\src\Diten.AuthService.Persistence\bin\Debug\net8.0\Diten.BuildingBlocks.Security.Secrets.dll" dosyası siliniyor.
         "C:\Users\user\Desktop\ERP-vNext\services\Diten.AuthService\src\Diten.AuthService.Persistence\bin\Debug\net8.0\Diten.AuthService.Domain.pdb" dosyası siliniyor.
         "C:\Users\user\Desktop\ERP-vNext\services\Diten.AuthService\src\Diten.AuthService.Persistence\bin\Debug\net8.0\Diten.AuthService.Application.pdb" dosyası siliniyor.
         "C:\Users\user\Desktop\ERP-vNext\services\Diten.AuthService\src\Diten.AuthService.Persistence\bin\Debug\net8.0\Diten.BuildingBlocks.Security.Secrets.pdb" dosyası siliniyor.
         "C:\Users\user\Desktop\ERP-vNext\services\Diten.AuthService\src\Diten.AuthService.Persistence\obj\Debug\net8.0\Diten.AuthService.Persistence.csproj.AssemblyReference.cache" dosyası siliniyor.
         "C:\Users\user\Desktop\ERP-vNext\services\Diten.AuthService\src\Diten.AuthService.Persistence\obj\Debug\net8.0\Diten.AuthService.Persistence.GeneratedMSBuildEditorConfig.editorconfig" dosyası siliniyor.
         "C:\Users\user\Desktop\ERP-vNext\services\Diten.AuthService\src\Diten.AuthService.Persistence\obj\Debug\net8.0\Diten.AuthService.Persistence.AssemblyInfoInputs.cache" dosyası siliniyor.
         "C:\Users\user\Desktop\ERP-vNext\services\Diten.AuthService\src\Diten.AuthService.Persistence\obj\Debug\net8.0\Diten.AuthService.Persistence.AssemblyInfo.cs" dosyası siliniyor.
         "C:\Users\user\Desktop\ERP-vNext\services\Diten.AuthService\src\Diten.AuthService.Persistence\obj\Debug\net8.0\Diten.AuthService.Persistence.csproj.CoreCompileInputs.cache" dosyası siliniyor.
         "C:\Users\user\Desktop\ERP-vNext\services\Diten.AuthService\src\Diten.AuthService.Persistence\obj\Debug\net8.0\Diten.AuthService.Persistence.sourcelink.json" dosyası siliniyor.
         "C:\Users\user\Desktop\ERP-vNext\services\Diten.AuthService\src\Diten.AuthService.Persistence\obj\Debug\net8.0\Diten.Au.242DE816.Up2Date" dosyası siliniyor.
         "C:\Users\user\Desktop\ERP-vNext\services\Diten.AuthService\src\Diten.AuthService.Persistence\obj\Debug\net8.0\Diten.AuthService.Persistence.dll" dosyası siliniyor.
     7>CoreClean:
         "C:\Users\user\Desktop\ERP-vNext\services\Diten.Building.Blocks\Diten.BuildingBlocks.Security.Secrets\obj\Debug\net8.0\Diten.BuildingBlocks.Security.Secrets.sourcelink.json" dosyası siliniyor.
     6>CoreClean:
         "C:\Users\user\Desktop\ERP-vNext\services\Diten.AuthService\src\Diten.AuthService.Persistence\obj\Debug\net8.0\refint\Diten.AuthService.Persistence.dll" dosyası siliniyor.
         "C:\Users\user\Desktop\ERP-vNext\services\Diten.AuthService\src\Diten.AuthService.Persistence\obj\Debug\net8.0\Diten.AuthService.Persistence.pdb" dosyası siliniyor.
     7>CoreClean:
         "C:\Users\user\Desktop\ERP-vNext\services\Diten.Building.Blocks\Diten.BuildingBlocks.Security.Secrets\obj\Debug\net8.0\Diten.BuildingBlocks.Security.Secrets.dll" dosyası siliniyor.
     6>CoreClean:
         "C:\Users\user\Desktop\ERP-vNext\services\Diten.AuthService\src\Diten.AuthService.Persistence\obj\Debug\net8.0\ref\Diten.AuthService.Persistence.dll" dosyası siliniyor.
     7>CoreClean:
         "C:\Users\user\Desktop\ERP-vNext\services\Diten.Building.Blocks\Diten.BuildingBlocks.Security.Secrets\obj\Debug\net8.0\refint\Diten.BuildingBlocks.Security.Secrets.dll" dosyası siliniyor.
         "C:\Users\user\Desktop\ERP-vNext\services\Diten.Building.Blocks\Diten.BuildingBlocks.Security.Secrets\obj\Debug\net8.0\Diten.BuildingBlocks.Security.Secrets.pdb" dosyası siliniyor.
         "C:\Users\user\Desktop\ERP-vNext\services\Diten.Building.Blocks\Diten.BuildingBlocks.Security.Secrets\obj\Debug\net8.0\ref\Diten.BuildingBlocks.Security.Secrets.dll" dosyası siliniyor.
     8>CoreClean:
         "C:\Users\user\Desktop\ERP-vNext\services\Diten.Building.Blocks\src\Diten.BuildingBlocks.Eventing\bin\Debug\net8.0\Diten.BuildingBlocks.Eventing.deps.json" dosyası siliniyor.
         "C:\Users\user\Desktop\ERP-vNext\services\Diten.Building.Blocks\src\Diten.BuildingBlocks.Eventing\bin\Debug\net8.0\Diten.BuildingBlocks.Eventing.dll" dosyası siliniyor.
         "C:\Users\user\Desktop\ERP-vNext\services\Diten.Building.Blocks\src\Diten.BuildingBlocks.Eventing\bin\Debug\net8.0\Diten.BuildingBlocks.Eventing.pdb" dosyası siliniyor.
         "C:\Users\user\Desktop\ERP-vNext\services\Diten.Building.Blocks\src\Diten.BuildingBlocks.Eventing\obj\Debug\net8.0\Diten.BuildingBlocks.Eventing.GeneratedMSBuildEditorConfig.editorconfig" dosyası siliniyor.
         "C:\Users\user\Desktop\ERP-vNext\services\Diten.Building.Blocks\src\Diten.BuildingBlocks.Eventing\obj\Debug\net8.0\Diten.BuildingBlocks.Eventing.AssemblyInfoInputs.cache" dosyası siliniyor.
         "C:\Users\user\Desktop\ERP-vNext\services\Diten.Building.Blocks\src\Diten.BuildingBlocks.Eventing\obj\Debug\net8.0\Diten.BuildingBlocks.Eventing.AssemblyInfo.cs" dosyası siliniyor.
         "C:\Users\user\Desktop\ERP-vNext\services\Diten.Building.Blocks\src\Diten.BuildingBlocks.Eventing\obj\Debug\net8.0\Diten.BuildingBlocks.Eventing.csproj.CoreCompileInputs.cache" dosyası siliniyor.
         "C:\Users\user\Desktop\ERP-vNext\services\Diten.Building.Blocks\src\Diten.BuildingBlocks.Eventing\obj\Debug\net8.0\Diten.BuildingBlocks.Eventing.sourcelink.json" dosyası siliniyor.
         "C:\Users\user\Desktop\ERP-vNext\services\Diten.Building.Blocks\src\Diten.BuildingBlocks.Eventing\obj\Debug\net8.0\Diten.BuildingBlocks.Eventing.dll" dosyası siliniyor.
         "C:\Users\user\Desktop\ERP-vNext\services\Diten.Building.Blocks\src\Diten.BuildingBlocks.Eventing\obj\Debug\net8.0\refint\Diten.BuildingBlocks.Eventing.dll" dosyası siliniyor.
         "C:\Users\user\Desktop\ERP-vNext\services\Diten.Building.Blocks\src\Diten.BuildingBlocks.Eventing\obj\Debug\net8.0\Diten.BuildingBlocks.Eventing.pdb" dosyası siliniyor.
         "C:\Users\user\Desktop\ERP-vNext\services\Diten.Building.Blocks\src\Diten.BuildingBlocks.Eventing\obj\Debug\net8.0\ref\Diten.BuildingBlocks.Eventing.dll" dosyası siliniyor.
     3>"C:\Users\user\Desktop\ERP-vNext\services\Diten.AuthService\src\Diten.AuthService.Domain\Diten.AuthService.Domain.csproj" Projesini Oluşturma İşlemi Tamamlandı (Clean hedef).
     2>"C:\Users\user\Desktop\ERP-vNext\services\Diten.AuthService\src\Diten.AuthService.Application\Diten.AuthService.Application.csproj" Projesini Oluşturma İşlemi Tamamlandı (Clean hedef).
     5>"C:\Users\user\Desktop\ERP-vNext\services\Diten.Platform.Common\src\Diten.Platform.Common\Diten.Platform.Common.csproj" Projesini Oluşturma İşlemi Tamamlandı (Clean hedef).
     7>"C:\Users\user\Desktop\ERP-vNext\services\Diten.Building.Blocks\Diten.BuildingBlocks.Security.Secrets\Diten.BuildingBlocks.Security.Secrets.csproj" Projesini Oluşturma İşlemi Tamamlandı (Clean hedef).
     8>"C:\Users\user\Desktop\ERP-vNext\services\Diten.Building.Blocks\src\Diten.BuildingBlocks.Eventing\Diten.BuildingBlocks.Eventing.csproj" Projesini Oluşturma İşlemi Tamamlandı (Clean hedef).
     9>"C:\Users\user\Desktop\ERP-vNext\services\Diten.Platform.Contracts\Diten.Platform.Contracts.csproj" Projesini Oluşturma İşlemi Tamamlandı (Clean hedef).
     6>"C:\Users\user\Desktop\ERP-vNext\services\Diten.AuthService\src\Diten.AuthService.Persistence\Diten.AuthService.Persistence.csproj" Projesini Oluşturma İşlemi Tamamlandı (Clean hedef).
     4>"C:\Users\user\Desktop\ERP-vNext\services\Diten.AuthService\src\Diten.AuthService.Infrastructure\Diten.AuthService.Infrastructure.csproj" Projesini Oluşturma İşlemi Tamamlandı (Clean hedef).
     1>"C:\Users\user\Desktop\ERP-vNext\services\Diten.AuthService\src\Diten.AuthService.Api\Diten.AuthService.Api.csproj" Projesini Oluşturma İşlemi Tamamlandı (Clean hedef).

Oluşturma başarılı oldu.
    0 Uyarı
    0 Hata

Geçen Süre 00:00:05.37
Cleaning Crm...
Oluşturma başlatıldı: 25.07.2026 21:22:48.
     1>1 düğümünde "C:\Users\user\Desktop\ERP-vNext\services\Diten.CrmService\src\Diten.CrmService.Api\Diten.CrmService.Api.csproj" projesi (Clean hedef).
     1>_CheckForNETCoreSdkIsPreview:
       C:\Program Files\dotnet\sdk\10.0.100-rc.2.25502.107\Sdks\Microsoft.NET.Sdk\targets\Microsoft.NET.RuntimeIdentifierInference.targets(351,5): message NETSDK1057: Bir .NET önizleme sürümü kullanıyorsunuz. Bkz. https://aka.ms/dotnet-support-policy [C:\Users\user\Desktop\ERP-vNext\services\Diten.CrmService\src\Diten.CrmService.Api\Diten.CrmService.Api.csproj]
       CoreClean:
         "C:\Users\user\Desktop\ERP-vNext\services\Diten.CrmService\src\Diten.CrmService.Api\bin\Debug\net8.0\appsettings.Development.json" dosyası siliniyor.
         "C:\Users\user\Desktop\ERP-vNext\services\Diten.CrmService\src\Diten.CrmService.Api\bin\Debug\net8.0\appsettings.json" dosyası siliniyor.
         "C:\Users\user\Desktop\ERP-vNext\services\Diten.CrmService\src\Diten.CrmService.Api\bin\Debug\net8.0\Diten.CrmService.Api.staticwebassets.endpoints.json" dosyası siliniyor.
         "C:\Users\user\Desktop\ERP-vNext\services\Diten.CrmService\src\Diten.CrmService.Api\bin\Debug\net8.0\Diten.CrmService.Api.exe" dosyası siliniyor.
         "C:\Users\user\Desktop\ERP-vNext\services\Diten.CrmService\src\Diten.CrmService.Api\bin\Debug\net8.0\Diten.CrmService.Api.deps.json" dosyası siliniyor.
         "C:\Users\user\Desktop\ERP-vNext\services\Diten.CrmService\src\Diten.CrmService.Api\bin\Debug\net8.0\Diten.CrmService.Api.runtimeconfig.json" dosyası siliniyor.
         "C:\Users\user\Desktop\ERP-vNext\services\Diten.CrmService\src\Diten.CrmService.Api\bin\Debug\net8.0\Diten.CrmService.Api.dll" dosyası siliniyor.
         "C:\Users\user\Desktop\ERP-vNext\services\Diten.CrmService\src\Diten.CrmService.Api\bin\Debug\net8.0\Diten.CrmService.Api.pdb" dosyası siliniyor.
         "C:\Users\user\Desktop\ERP-vNext\services\Diten.CrmService\src\Diten.CrmService.Api\bin\Debug\net8.0\AWSSDK.Core.dll" dosyası siliniyor.
         "C:\Users\user\Desktop\ERP-vNext\services\Diten.CrmService\src\Diten.CrmService.Api\bin\Debug\net8.0\AWSSDK.SecurityToken.dll" dosyası siliniyor.
         "C:\Users\user\Desktop\ERP-vNext\services\Diten.CrmService\src\Diten.CrmService.Api\bin\Debug\net8.0\ClosedXML.dll" dosyası siliniyor.
         "C:\Users\user\Desktop\ERP-vNext\services\Diten.CrmService\src\Diten.CrmService.Api\bin\Debug\net8.0\DnsClient.dll" dosyası siliniyor.
         "C:\Users\user\Desktop\ERP-vNext\services\Diten.CrmService\src\Diten.CrmService.Api\bin\Debug\net8.0\DocumentFormat.OpenXml.dll" dosyası siliniyor.
         "C:\Users\user\Desktop\ERP-vNext\services\Diten.CrmService\src\Diten.CrmService.Api\bin\Debug\net8.0\ExcelNumberFormat.dll" dosyası siliniyor.
         "C:\Users\user\Desktop\ERP-vNext\services\Diten.CrmService\src\Diten.CrmService.Api\bin\Debug\net8.0\FluentValidation.dll" dosyası siliniyor.
         "C:\Users\user\Desktop\ERP-vNext\services\Diten.CrmService\src\Diten.CrmService.Api\bin\Debug\net8.0\FluentValidation.DependencyInjectionExtensions.dll" dosyası siliniyor.
         "C:\Users\user\Desktop\ERP-vNext\services\Diten.CrmService\src\Diten.CrmService.Api\bin\Debug\net8.0\Irony.dll" dosyası siliniyor.
         "C:\Users\user\Desktop\ERP-vNext\services\Diten.CrmService\src\Diten.CrmService.Api\bin\Debug\net8.0\MediatR.dll" dosyası siliniyor.
         "C:\Users\user\Desktop\ERP-vNext\services\Diten.CrmService\src\Diten.CrmService.Api\bin\Debug\net8.0\MediatR.Contracts.dll" dosyası siliniyor.
         "C:\Users\user\Desktop\ERP-vNext\services\Diten.CrmService\src\Diten.CrmService.Api\bin\Debug\net8.0\Microsoft.AspNetCore.Authentication.JwtBearer.dll" dosyası siliniyor.
         "C:\Users\user\Desktop\ERP-vNext\services\Diten.CrmService\src\Diten.CrmService.Api\bin\Debug\net8.0\Microsoft.Extensions.DependencyInjection.Abstractions.dll" dosyası siliniyor.
         "C:\Users\user\Desktop\ERP-vNext\services\Diten.CrmService\src\Diten.CrmService.Api\bin\Debug\net8.0\Microsoft.Extensions.Logging.Abstractions.dll" dosyası siliniyor.
         "C:\Users\user\Desktop\ERP-vNext\services\Diten.CrmService\src\Diten.CrmService.Api\bin\Debug\net8.0\Microsoft.IdentityModel.Abstractions.dll" dosyası siliniyor.
         "C:\Users\user\Desktop\ERP-vNext\services\Diten.CrmService\src\Diten.CrmService.Api\bin\Debug\net8.0\Microsoft.IdentityModel.JsonWebTokens.dll" dosyası siliniyor.
         "C:\Users\user\Desktop\ERP-vNext\services\Diten.CrmService\src\Diten.CrmService.Api\bin\Debug\net8.0\Microsoft.IdentityModel.Logging.dll" dosyası siliniyor.
         "C:\Users\user\Desktop\ERP-vNext\services\Diten.CrmService\src\Diten.CrmService.Api\bin\Debug\net8.0\Microsoft.IdentityModel.Protocols.dll" dosyası siliniyor.
         "C:\Users\user\Desktop\ERP-vNext\services\Diten.CrmService\src\Diten.CrmService.Api\bin\Debug\net8.0\Microsoft.IdentityModel.Protocols.OpenIdConnect.dll" dosyası siliniyor.
         "C:\Users\user\Desktop\ERP-vNext\services\Diten.CrmService\src\Diten.CrmService.Api\bin\Debug\net8.0\Microsoft.IdentityModel.Tokens.dll" dosyası siliniyor.
         "C:\Users\user\Desktop\ERP-vNext\services\Diten.CrmService\src\Diten.CrmService.Api\bin\Debug\net8.0\Microsoft.OpenApi.dll" dosyası siliniyor.
         "C:\Users\user\Desktop\ERP-vNext\services\Diten.CrmService\src\Diten.CrmService.Api\bin\Debug\net8.0\MongoDB.Bson.dll" dosyası siliniyor.
         "C:\Users\user\Desktop\ERP-vNext\services\Diten.CrmService\src\Diten.CrmService.Api\bin\Debug\net8.0\MongoDB.Driver.dll" dosyası siliniyor.
         "C:\Users\user\Desktop\ERP-vNext\services\Diten.CrmService\src\Diten.CrmService.Api\bin\Debug\net8.0\MongoDB.Driver.Core.dll" dosyası siliniyor.
         "C:\Users\user\Desktop\ERP-vNext\services\Diten.CrmService\src\Diten.CrmService.Api\bin\Debug\net8.0\MongoDB.Libmongocrypt.dll" dosyası siliniyor.
         "C:\Users\user\Desktop\ERP-vNext\services\Diten.CrmService\src\Diten.CrmService.Api\bin\Debug\net8.0\SharpCompress.dll" dosyası siliniyor.
         "C:\Users\user\Desktop\ERP-vNext\services\Diten.CrmService\src\Diten.CrmService.Api\bin\Debug\net8.0\SixLabors.Fonts.dll" dosyası siliniyor.
         "C:\Users\user\Desktop\ERP-vNext\services\Diten.CrmService\src\Diten.CrmService.Api\bin\Debug\net8.0\Snappier.dll" dosyası siliniyor.
         "C:\Users\user\Desktop\ERP-vNext\services\Diten.CrmService\src\Diten.CrmService.Api\bin\Debug\net8.0\Swashbuckle.AspNetCore.Swagger.dll" dosyası siliniyor.
         "C:\Users\user\Desktop\ERP-vNext\services\Diten.CrmService\src\Diten.CrmService.Api\bin\Debug\net8.0\Swashbuckle.AspNetCore.SwaggerGen.dll" dosyası siliniyor.
         "C:\Users\user\Desktop\ERP-vNext\services\Diten.CrmService\src\Diten.CrmService.Api\bin\Debug\net8.0\Swashbuckle.AspNetCore.SwaggerUI.dll" dosyası siliniyor.
         "C:\Users\user\Desktop\ERP-vNext\services\Diten.CrmService\src\Diten.CrmService.Api\bin\Debug\net8.0\System.IdentityModel.Tokens.Jwt.dll" dosyası siliniyor.
         "C:\Users\user\Desktop\ERP-vNext\services\Diten.CrmService\src\Diten.CrmService.Api\bin\Debug\net8.0\System.IO.Packaging.dll" dosyası siliniyor.
         "C:\Users\user\Desktop\ERP-vNext\services\Diten.CrmService\src\Diten.CrmService.Api\bin\Debug\net8.0\XLParser.dll" dosyası siliniyor.
         "C:\Users\user\Desktop\ERP-vNext\services\Diten.CrmService\src\Diten.CrmService.Api\bin\Debug\net8.0\ZstdSharp.dll" dosyası siliniyor.
         "C:\Users\user\Desktop\ERP-vNext\services\Diten.CrmService\src\Diten.CrmService.Api\bin\Debug\net8.0\runtimes\linux\native\libmongocrypt.so" dosyası siliniyor.
         "C:\Users\user\Desktop\ERP-vNext\services\Diten.CrmService\src\Diten.CrmService.Api\bin\Debug\net8.0\runtimes\osx\native\libmongocrypt.dylib" dosyası siliniyor.
         "C:\Users\user\Desktop\ERP-vNext\services\Diten.CrmService\src\Diten.CrmService.Api\bin\Debug\net8.0\runtimes\win\native\mongocrypt.dll" dosyası siliniyor.
         "C:\Users\user\Desktop\ERP-vNext\services\Diten.CrmService\src\Diten.CrmService.Api\bin\Debug\net8.0\Diten.CrmService.Application.dll" dosyası siliniyor.
         "C:\Users\user\Desktop\ERP-vNext\services\Diten.CrmService\src\Diten.CrmService.Api\bin\Debug\net8.0\Diten.CrmService.Domain.dll" dosyası siliniyor.
         "C:\Users\user\Desktop\ERP-vNext\services\Diten.CrmService\src\Diten.CrmService.Api\bin\Debug\net8.0\Diten.CrmService.Infrastructure.dll" dosyası siliniyor.
         "C:\Users\user\Desktop\ERP-vNext\services\Diten.CrmService\src\Diten.CrmService.Api\bin\Debug\net8.0\Diten.CrmService.Persistence.dll" dosyası siliniyor.
         "C:\Users\user\Desktop\ERP-vNext\services\Diten.CrmService\src\Diten.CrmService.Api\bin\Debug\net8.0\Diten.CrmService.Application.pdb" dosyası siliniyor.
         "C:\Users\user\Desktop\ERP-vNext\services\Diten.CrmService\src\Diten.CrmService.Api\bin\Debug\net8.0\Diten.CrmService.Infrastructure.pdb" dosyası siliniyor.
         "C:\Users\user\Desktop\ERP-vNext\services\Diten.CrmService\src\Diten.CrmService.Api\bin\Debug\net8.0\Diten.CrmService.Persistence.pdb" dosyası siliniyor.
         "C:\Users\user\Desktop\ERP-vNext\services\Diten.CrmService\src\Diten.CrmService.Api\bin\Debug\net8.0\Diten.CrmService.Domain.pdb" dosyası siliniyor.
         "C:\Users\user\Desktop\ERP-vNext\services\Diten.CrmService\src\Diten.CrmService.Api\obj\Debug\net8.0\Diten.CrmService.Api.csproj.AssemblyReference.cache" dosyası siliniyor.
         "C:\Users\user\Desktop\ERP-vNext\services\Diten.CrmService\src\Diten.CrmService.Api\obj\Debug\net8.0\rpswa.dswa.cache.json" dosyası siliniyor.
         "C:\Users\user\Desktop\ERP-vNext\services\Diten.CrmService\src\Diten.CrmService.Api\obj\Debug\net8.0\Diten.CrmService.Api.GeneratedMSBuildEditorConfig.editorconfig" dosyası siliniyor.
         "C:\Users\user\Desktop\ERP-vNext\services\Diten.CrmService\src\Diten.CrmService.Api\obj\Debug\net8.0\Diten.CrmService.Api.AssemblyInfoInputs.cache" dosyası siliniyor.
         "C:\Users\user\Desktop\ERP-vNext\services\Diten.CrmService\src\Diten.CrmService.Api\obj\Debug\net8.0\Diten.CrmService.Api.AssemblyInfo.cs" dosyası siliniyor.
         "C:\Users\user\Desktop\ERP-vNext\services\Diten.CrmService\src\Diten.CrmService.Api\obj\Debug\net8.0\Diten.CrmService.Api.csproj.CoreCompileInputs.cache" dosyası siliniyor.
         "C:\Users\user\Desktop\ERP-vNext\services\Diten.CrmService\src\Diten.CrmService.Api\obj\Debug\net8.0\Diten.CrmService.Api.MvcApplicationPartsAssemblyInfo.cs" dosyası siliniyor.
         "C:\Users\user\Desktop\ERP-vNext\services\Diten.CrmService\src\Diten.CrmService.Api\obj\Debug\net8.0\Diten.CrmService.Api.MvcApplicationPartsAssemblyInfo.cache" dosyası siliniyor.
         "C:\Users\user\Desktop\ERP-vNext\services\Diten.CrmService\src\Diten.CrmService.Api\obj\Debug\net8.0\Diten.CrmService.Api.sourcelink.json" dosyası siliniyor.
         "C:\Users\user\Desktop\ERP-vNext\services\Diten.CrmService\src\Diten.CrmService.Api\obj\Debug\net8.0\rjsmrazor.dswa.cache.json" dosyası siliniyor.
         "C:\Users\user\Desktop\ERP-vNext\services\Diten.CrmService\src\Diten.CrmService.Api\obj\Debug\net8.0\rjsmcshtml.dswa.cache.json" dosyası siliniyor.
         "C:\Users\user\Desktop\ERP-vNext\services\Diten.CrmService\src\Diten.CrmService.Api\obj\Debug\net8.0\staticwebassets.build.json" dosyası siliniyor.
         "C:\Users\user\Desktop\ERP-vNext\services\Diten.CrmService\src\Diten.CrmService.Api\obj\Debug\net8.0\staticwebassets.build.json.cache" dosyası siliniyor.
         "C:\Users\user\Desktop\ERP-vNext\services\Diten.CrmService\src\Diten.CrmService.Api\obj\Debug\net8.0\staticwebassets.build.endpoints.json" dosyası siliniyor.
         "C:\Users\user\Desktop\ERP-vNext\services\Diten.CrmService\src\Diten.CrmService.Api\obj\Debug\net8.0\swae.build.ex.cache" dosyası siliniyor.
         "C:\Users\user\Desktop\ERP-vNext\services\Diten.CrmService\src\Diten.CrmService.Api\obj\Debug\net8.0\Diten.Cr.58A511A6.Up2Date" dosyası siliniyor.
         "C:\Users\user\Desktop\ERP-vNext\services\Diten.CrmService\src\Diten.CrmService.Api\obj\Debug\net8.0\Diten.CrmService.Api.dll" dosyası siliniyor.
         "C:\Users\user\Desktop\ERP-vNext\services\Diten.CrmService\src\Diten.CrmService.Api\obj\Debug\net8.0\refint\Diten.CrmService.Api.dll" dosyası siliniyor.
         "C:\Users\user\Desktop\ERP-vNext\services\Diten.CrmService\src\Diten.CrmService.Api\obj\Debug\net8.0\Diten.CrmService.Api.pdb" dosyası siliniyor.
         "C:\Users\user\Desktop\ERP-vNext\services\Diten.CrmService\src\Diten.CrmService.Api\obj\Debug\net8.0\Diten.CrmService.Api.genruntimeconfig.cache" dosyası siliniyor.
         "C:\Users\user\Desktop\ERP-vNext\services\Diten.CrmService\src\Diten.CrmService.Api\obj\Debug\net8.0\ref\Diten.CrmService.Api.dll" dosyası siliniyor.
     1>"C:\Users\user\Desktop\ERP-vNext\services\Diten.CrmService\src\Diten.CrmService.Api\Diten.CrmService.Api.csproj" projesi (1) 2 düğümünde "C:\Users\user\Desktop\ERP-vNext\services\Diten.CrmService\src\Diten.CrmService.Infrastructure\Diten.CrmService.Infrastructure.csproj" (5:2) oluşturuyor (Clean hedef).
     5>_CheckForNETCoreSdkIsPreview:
       C:\Program Files\dotnet\sdk\10.0.100-rc.2.25502.107\Sdks\Microsoft.NET.Sdk\targets\Microsoft.NET.RuntimeIdentifierInference.targets(351,5): message NETSDK1057: Bir .NET önizleme sürümü kullanıyorsunuz. Bkz. https://aka.ms/dotnet-support-policy [C:\Users\user\Desktop\ERP-vNext\services\Diten.CrmService\src\Diten.CrmService.Infrastructure\Diten.CrmService.Infrastructure.csproj]
     1>"C:\Users\user\Desktop\ERP-vNext\services\Diten.CrmService\src\Diten.CrmService.Api\Diten.CrmService.Api.csproj" projesi (1) 3 düğümünde "C:\Users\user\Desktop\ERP-vNext\services\Diten.CrmService\src\Diten.CrmService.Domain\Diten.CrmService.Domain.csproj" (4:2) oluşturuyor (Clean hedef).
     4>_CheckForNETCoreSdkIsPreview:
       C:\Program Files\dotnet\sdk\10.0.100-rc.2.25502.107\Sdks\Microsoft.NET.Sdk\targets\Microsoft.NET.RuntimeIdentifierInference.targets(351,5): message NETSDK1057: Bir .NET önizleme sürümü kullanıyorsunuz. Bkz. https://aka.ms/dotnet-support-policy [C:\Users\user\Desktop\ERP-vNext\services\Diten.CrmService\src\Diten.CrmService.Domain\Diten.CrmService.Domain.csproj]
     1>"C:\Users\user\Desktop\ERP-vNext\services\Diten.CrmService\src\Diten.CrmService.Api\Diten.CrmService.Api.csproj" projesi (1) 1 düğümünde "C:\Users\user\Desktop\ERP-vNext\services\Diten.CrmService\src\Diten.CrmService.Application\Diten.CrmService.Application.csproj" (2:2) oluşturuyor (Clean hedef).
     2>CoreClean:
         "C:\Users\user\Desktop\ERP-vNext\services\Diten.CrmService\src\Diten.CrmService.Application\bin\Debug\net8.0\Diten.CrmService.Application.deps.json" dosyası siliniyor.
         "C:\Users\user\Desktop\ERP-vNext\services\Diten.CrmService\src\Diten.CrmService.Application\bin\Debug\net8.0\Diten.CrmService.Application.dll" dosyası siliniyor.
         "C:\Users\user\Desktop\ERP-vNext\services\Diten.CrmService\src\Diten.CrmService.Application\bin\Debug\net8.0\Diten.CrmService.Application.pdb" dosyası siliniyor.
         "C:\Users\user\Desktop\ERP-vNext\services\Diten.CrmService\src\Diten.CrmService.Application\bin\Debug\net8.0\Diten.CrmService.Domain.dll" dosyası siliniyor.
         "C:\Users\user\Desktop\ERP-vNext\services\Diten.CrmService\src\Diten.CrmService.Application\bin\Debug\net8.0\Diten.CrmService.Domain.pdb" dosyası siliniyor.
         "C:\Users\user\Desktop\ERP-vNext\services\Diten.CrmService\src\Diten.CrmService.Application\obj\Debug\net8.0\Diten.CrmService.Application.csproj.AssemblyReference.cache" dosyası siliniyor.
         "C:\Users\user\Desktop\ERP-vNext\services\Diten.CrmService\src\Diten.CrmService.Application\obj\Debug\net8.0\Diten.CrmService.Application.GeneratedMSBuildEditorConfig.editorconfig" dosyası siliniyor.
         "C:\Users\user\Desktop\ERP-vNext\services\Diten.CrmService\src\Diten.CrmService.Application\obj\Debug\net8.0\Diten.CrmService.Application.AssemblyInfoInputs.cache" dosyası siliniyor.
         "C:\Users\user\Desktop\ERP-vNext\services\Diten.CrmService\src\Diten.CrmService.Application\obj\Debug\net8.0\Diten.CrmService.Application.AssemblyInfo.cs" dosyası siliniyor.
         "C:\Users\user\Desktop\ERP-vNext\services\Diten.CrmService\src\Diten.CrmService.Application\obj\Debug\net8.0\Diten.CrmService.Application.csproj.CoreCompileInputs.cache" dosyası siliniyor.
         "C:\Users\user\Desktop\ERP-vNext\services\Diten.CrmService\src\Diten.CrmService.Application\obj\Debug\net8.0\Diten.CrmService.Application.sourcelink.json" dosyası siliniyor.
         "C:\Users\user\Desktop\ERP-vNext\services\Diten.CrmService\src\Diten.CrmService.Application\obj\Debug\net8.0\Diten.Cr.930FE49B.Up2Date" dosyası siliniyor.
         "C:\Users\user\Desktop\ERP-vNext\services\Diten.CrmService\src\Diten.CrmService.Application\obj\Debug\net8.0\Diten.CrmService.Application.dll" dosyası siliniyor.
         "C:\Users\user\Desktop\ERP-vNext\services\Diten.CrmService\src\Diten.CrmService.Application\obj\Debug\net8.0\refint\Diten.CrmService.Application.dll" dosyası siliniyor.
         "C:\Users\user\Desktop\ERP-vNext\services\Diten.CrmService\src\Diten.CrmService.Application\obj\Debug\net8.0\Diten.CrmService.Application.pdb" dosyası siliniyor.
         "C:\Users\user\Desktop\ERP-vNext\services\Diten.CrmService\src\Diten.CrmService.Application\obj\Debug\net8.0\ref\Diten.CrmService.Application.dll" dosyası siliniyor.
     1>"C:\Users\user\Desktop\ERP-vNext\services\Diten.CrmService\src\Diten.CrmService.Api\Diten.CrmService.Api.csproj" projesi (1) 4 düğümünde "C:\Users\user\Desktop\ERP-vNext\services\Diten.CrmService\src\Diten.CrmService.Persistence\Diten.CrmService.Persistence.csproj" (3:2) oluşturuyor (Clean hedef).
     3>_CheckForNETCoreSdkIsPreview:
       C:\Program Files\dotnet\sdk\10.0.100-rc.2.25502.107\Sdks\Microsoft.NET.Sdk\targets\Microsoft.NET.RuntimeIdentifierInference.targets(351,5): message NETSDK1057: Bir .NET önizleme sürümü kullanıyorsunuz. Bkz. https://aka.ms/dotnet-support-policy [C:\Users\user\Desktop\ERP-vNext\services\Diten.CrmService\src\Diten.CrmService.Persistence\Diten.CrmService.Persistence.csproj]
     5>CoreClean:
         "C:\Users\user\Desktop\ERP-vNext\services\Diten.CrmService\src\Diten.CrmService.Infrastructure\bin\Debug\net8.0\Diten.CrmService.Infrastructure.deps.json" dosyası siliniyor.
         "C:\Users\user\Desktop\ERP-vNext\services\Diten.CrmService\src\Diten.CrmService.Infrastructure\bin\Debug\net8.0\Diten.CrmService.Infrastructure.dll" dosyası siliniyor.
         "C:\Users\user\Desktop\ERP-vNext\services\Diten.CrmService\src\Diten.CrmService.Infrastructure\bin\Debug\net8.0\Diten.CrmService.Infrastructure.pdb" dosyası siliniyor.
         "C:\Users\user\Desktop\ERP-vNext\services\Diten.CrmService\src\Diten.CrmService.Infrastructure\bin\Debug\net8.0\Diten.CrmService.Application.dll" dosyası siliniyor.
         "C:\Users\user\Desktop\ERP-vNext\services\Diten.CrmService\src\Diten.CrmService.Infrastructure\bin\Debug\net8.0\Diten.CrmService.Domain.dll" dosyası siliniyor.
         "C:\Users\user\Desktop\ERP-vNext\services\Diten.CrmService\src\Diten.CrmService.Infrastructure\bin\Debug\net8.0\Diten.CrmService.Application.pdb" dosyası siliniyor.
         "C:\Users\user\Desktop\ERP-vNext\services\Diten.CrmService\src\Diten.CrmService.Infrastructure\bin\Debug\net8.0\Diten.CrmService.Domain.pdb" dosyası siliniyor.
         "C:\Users\user\Desktop\ERP-vNext\services\Diten.CrmService\src\Diten.CrmService.Infrastructure\obj\Debug\net8.0\Diten.CrmService.Infrastructure.csproj.AssemblyReference.cache" dosyası siliniyor.
         "C:\Users\user\Desktop\ERP-vNext\services\Diten.CrmService\src\Diten.CrmService.Infrastructure\obj\Debug\net8.0\Diten.CrmService.Infrastructure.GeneratedMSBuildEditorConfig.editorconfig" dosyası siliniyor.
         "C:\Users\user\Desktop\ERP-vNext\services\Diten.CrmService\src\Diten.CrmService.Infrastructure\obj\Debug\net8.0\Diten.CrmService.Infrastructure.AssemblyInfoInputs.cache" dosyası siliniyor.
         "C:\Users\user\Desktop\ERP-vNext\services\Diten.CrmService\src\Diten.CrmService.Infrastructure\obj\Debug\net8.0\Diten.CrmService.Infrastructure.AssemblyInfo.cs" dosyası siliniyor.
         "C:\Users\user\Desktop\ERP-vNext\services\Diten.CrmService\src\Diten.CrmService.Infrastructure\obj\Debug\net8.0\Diten.CrmService.Infrastructure.csproj.CoreCompileInputs.cache" dosyası siliniyor.
         "C:\Users\user\Desktop\ERP-vNext\services\Diten.CrmService\src\Diten.CrmService.Infrastructure\obj\Debug\net8.0\Diten.CrmService.Infrastructure.sourcelink.json" dosyası siliniyor.
         "C:\Users\user\Desktop\ERP-vNext\services\Diten.CrmService\src\Diten.CrmService.Infrastructure\obj\Debug\net8.0\Diten.Cr.F032B0CC.Up2Date" dosyası siliniyor.
         "C:\Users\user\Desktop\ERP-vNext\services\Diten.CrmService\src\Diten.CrmService.Infrastructure\obj\Debug\net8.0\Diten.CrmService.Infrastructure.dll" dosyası siliniyor.
         "C:\Users\user\Desktop\ERP-vNext\services\Diten.CrmService\src\Diten.CrmService.Infrastructure\obj\Debug\net8.0\refint\Diten.CrmService.Infrastructure.dll" dosyası siliniyor.
         "C:\Users\user\Desktop\ERP-vNext\services\Diten.CrmService\src\Diten.CrmService.Infrastructure\obj\Debug\net8.0\Diten.CrmService.Infrastructure.pdb" dosyası siliniyor.
         "C:\Users\user\Desktop\ERP-vNext\services\Diten.CrmService\src\Diten.CrmService.Infrastructure\obj\Debug\net8.0\ref\Diten.CrmService.Infrastructure.dll" dosyası siliniyor.
     4>CoreClean:
         "C:\Users\user\Desktop\ERP-vNext\services\Diten.CrmService\src\Diten.CrmService.Domain\bin\Debug\net8.0\Diten.CrmService.Domain.deps.json" dosyası siliniyor.
         "C:\Users\user\Desktop\ERP-vNext\services\Diten.CrmService\src\Diten.CrmService.Domain\bin\Debug\net8.0\Diten.CrmService.Domain.dll" dosyası siliniyor.
         "C:\Users\user\Desktop\ERP-vNext\services\Diten.CrmService\src\Diten.CrmService.Domain\bin\Debug\net8.0\Diten.CrmService.Domain.pdb" dosyası siliniyor.
         "C:\Users\user\Desktop\ERP-vNext\services\Diten.CrmService\src\Diten.CrmService.Domain\obj\Debug\net8.0\Diten.CrmService.Domain.GeneratedMSBuildEditorConfig.editorconfig" dosyası siliniyor.
         "C:\Users\user\Desktop\ERP-vNext\services\Diten.CrmService\src\Diten.CrmService.Domain\obj\Debug\net8.0\Diten.CrmService.Domain.AssemblyInfoInputs.cache" dosyası siliniyor.
         "C:\Users\user\Desktop\ERP-vNext\services\Diten.CrmService\src\Diten.CrmService.Domain\obj\Debug\net8.0\Diten.CrmService.Domain.AssemblyInfo.cs" dosyası siliniyor.
         "C:\Users\user\Desktop\ERP-vNext\services\Diten.CrmService\src\Diten.CrmService.Domain\obj\Debug\net8.0\Diten.CrmService.Domain.csproj.CoreCompileInputs.cache" dosyası siliniyor.
         "C:\Users\user\Desktop\ERP-vNext\services\Diten.CrmService\src\Diten.CrmService.Domain\obj\Debug\net8.0\Diten.CrmService.Domain.sourcelink.json" dosyası siliniyor.
         "C:\Users\user\Desktop\ERP-vNext\services\Diten.CrmService\src\Diten.CrmService.Domain\obj\Debug\net8.0\Diten.CrmService.Domain.dll" dosyası siliniyor.
         "C:\Users\user\Desktop\ERP-vNext\services\Diten.CrmService\src\Diten.CrmService.Domain\obj\Debug\net8.0\refint\Diten.CrmService.Domain.dll" dosyası siliniyor.
         "C:\Users\user\Desktop\ERP-vNext\services\Diten.CrmService\src\Diten.CrmService.Domain\obj\Debug\net8.0\Diten.CrmService.Domain.pdb" dosyası siliniyor.
         "C:\Users\user\Desktop\ERP-vNext\services\Diten.CrmService\src\Diten.CrmService.Domain\obj\Debug\net8.0\ref\Diten.CrmService.Domain.dll" dosyası siliniyor.
     3>CoreClean:
         "C:\Users\user\Desktop\ERP-vNext\services\Diten.CrmService\src\Diten.CrmService.Persistence\bin\Debug\net8.0\Diten.CrmService.Persistence.deps.json" dosyası siliniyor.
         "C:\Users\user\Desktop\ERP-vNext\services\Diten.CrmService\src\Diten.CrmService.Persistence\bin\Debug\net8.0\Diten.CrmService.Persistence.dll" dosyası siliniyor.
         "C:\Users\user\Desktop\ERP-vNext\services\Diten.CrmService\src\Diten.CrmService.Persistence\bin\Debug\net8.0\Diten.CrmService.Persistence.pdb" dosyası siliniyor.
         "C:\Users\user\Desktop\ERP-vNext\services\Diten.CrmService\src\Diten.CrmService.Persistence\bin\Debug\net8.0\Diten.CrmService.Application.dll" dosyası siliniyor.
         "C:\Users\user\Desktop\ERP-vNext\services\Diten.CrmService\src\Diten.CrmService.Persistence\bin\Debug\net8.0\Diten.CrmService.Domain.dll" dosyası siliniyor.
         "C:\Users\user\Desktop\ERP-vNext\services\Diten.CrmService\src\Diten.CrmService.Persistence\bin\Debug\net8.0\Diten.CrmService.Application.pdb" dosyası siliniyor.
         "C:\Users\user\Desktop\ERP-vNext\services\Diten.CrmService\src\Diten.CrmService.Persistence\bin\Debug\net8.0\Diten.CrmService.Domain.pdb" dosyası siliniyor.
         "C:\Users\user\Desktop\ERP-vNext\services\Diten.CrmService\src\Diten.CrmService.Persistence\obj\Debug\net8.0\Diten.CrmService.Persistence.csproj.AssemblyReference.cache" dosyası siliniyor.
         "C:\Users\user\Desktop\ERP-vNext\services\Diten.CrmService\src\Diten.CrmService.Persistence\obj\Debug\net8.0\Diten.CrmService.Persistence.GeneratedMSBuildEditorConfig.editorconfig" dosyası siliniyor.
         "C:\Users\user\Desktop\ERP-vNext\services\Diten.CrmService\src\Diten.CrmService.Persistence\obj\Debug\net8.0\Diten.CrmService.Persistence.AssemblyInfoInputs.cache" dosyası siliniyor.
         "C:\Users\user\Desktop\ERP-vNext\services\Diten.CrmService\src\Diten.CrmService.Persistence\obj\Debug\net8.0\Diten.CrmService.Persistence.AssemblyInfo.cs" dosyası siliniyor.
         "C:\Users\user\Desktop\ERP-vNext\services\Diten.CrmService\src\Diten.CrmService.Persistence\obj\Debug\net8.0\Diten.CrmService.Persistence.csproj.CoreCompileInputs.cache" dosyası siliniyor.
         "C:\Users\user\Desktop\ERP-vNext\services\Diten.CrmService\src\Diten.CrmService.Persistence\obj\Debug\net8.0\Diten.CrmService.Persistence.sourcelink.json" dosyası siliniyor.
         "C:\Users\user\Desktop\ERP-vNext\services\Diten.CrmService\src\Diten.CrmService.Persistence\obj\Debug\net8.0\Diten.Cr.99781AD2.Up2Date" dosyası siliniyor.
         "C:\Users\user\Desktop\ERP-vNext\services\Diten.CrmService\src\Diten.CrmService.Persistence\obj\Debug\net8.0\Diten.CrmService.Persistence.dll" dosyası siliniyor.
         "C:\Users\user\Desktop\ERP-vNext\services\Diten.CrmService\src\Diten.CrmService.Persistence\obj\Debug\net8.0\refint\Diten.CrmService.Persistence.dll" dosyası siliniyor.
         "C:\Users\user\Desktop\ERP-vNext\services\Diten.CrmService\src\Diten.CrmService.Persistence\obj\Debug\net8.0\Diten.CrmService.Persistence.pdb" dosyası siliniyor.
         "C:\Users\user\Desktop\ERP-vNext\services\Diten.CrmService\src\Diten.CrmService.Persistence\obj\Debug\net8.0\ref\Diten.CrmService.Persistence.dll" dosyası siliniyor.
     4>"C:\Users\user\Desktop\ERP-vNext\services\Diten.CrmService\src\Diten.CrmService.Domain\Diten.CrmService.Domain.csproj" Projesini Oluşturma İşlemi Tamamlandı (Clean hedef).
     2>"C:\Users\user\Desktop\ERP-vNext\services\Diten.CrmService\src\Diten.CrmService.Application\Diten.CrmService.Application.csproj" Projesini Oluşturma İşlemi Tamamlandı (Clean hedef).
     5>"C:\Users\user\Desktop\ERP-vNext\services\Diten.CrmService\src\Diten.CrmService.Infrastructure\Diten.CrmService.Infrastructure.csproj" Projesini Oluşturma İşlemi Tamamlandı (Clean hedef).
     3>"C:\Users\user\Desktop\ERP-vNext\services\Diten.CrmService\src\Diten.CrmService.Persistence\Diten.CrmService.Persistence.csproj" Projesini Oluşturma İşlemi Tamamlandı (Clean hedef).
     1>"C:\Users\user\Desktop\ERP-vNext\services\Diten.CrmService\src\Diten.CrmService.Api\Diten.CrmService.Api.csproj" Projesini Oluşturma İşlemi Tamamlandı (Clean hedef).

Oluşturma başarılı oldu.
    0 Uyarı
    0 Hata

Geçen Süre 00:00:03.05
Cleaning DevEnablement...
Oluşturma başlatıldı: 25.07.2026 21:22:52.
     1>1 düğümünde "C:\Users\user\Desktop\ERP-vNext\services\Diten.DevEnablementService\src\Diten.DevEnablementService.Api\Diten.DevEnablementService.Api.csproj" projesi (Clean hedef).
     1>_CheckForNETCoreSdkIsPreview:
       C:\Program Files\dotnet\sdk\10.0.100-rc.2.25502.107\Sdks\Microsoft.NET.Sdk\targets\Microsoft.NET.RuntimeIdentifierInference.targets(351,5): message NETSDK1057: Bir .NET önizleme sürümü kullanıyorsunuz. Bkz. https://aka.ms/dotnet-support-policy [C:\Users\user\Desktop\ERP-vNext\services\Diten.DevEnablementService\src\Diten.DevEnablementService.Api\Diten.DevEnablementService.Api.csproj]
       CoreClean:
         "C:\Users\user\Desktop\ERP-vNext\services\Diten.DevEnablementService\src\Diten.DevEnablementService.Api\bin\Debug\net8.0\appsettings.Development.json" dosyası siliniyor.
         "C:\Users\user\Desktop\ERP-vNext\services\Diten.DevEnablementService\src\Diten.DevEnablementService.Api\bin\Debug\net8.0\appsettings.json" dosyası siliniyor.
         "C:\Users\user\Desktop\ERP-vNext\services\Diten.DevEnablementService\src\Diten.DevEnablementService.Api\bin\Debug\net8.0\Diten.DevEnablementService.Api.staticwebassets.endpoints.json" dosyası siliniyor.
         "C:\Users\user\Desktop\ERP-vNext\services\Diten.DevEnablementService\src\Diten.DevEnablementService.Api\bin\Debug\net8.0\Diten.DevEnablementService.Api.exe" dosyası siliniyor.
         "C:\Users\user\Desktop\ERP-vNext\services\Diten.DevEnablementService\src\Diten.DevEnablementService.Api\bin\Debug\net8.0\Diten.DevEnablementService.Api.deps.json" dosyası siliniyor.
         "C:\Users\user\Desktop\ERP-vNext\services\Diten.DevEnablementService\src\Diten.DevEnablementService.Api\bin\Debug\net8.0\Diten.DevEnablementService.Api.runtimeconfig.json" dosyası siliniyor.
         "C:\Users\user\Desktop\ERP-vNext\services\Diten.DevEnablementService\src\Diten.DevEnablementService.Api\bin\Debug\net8.0\Diten.DevEnablementService.Api.dll" dosyası siliniyor.
         "C:\Users\user\Desktop\ERP-vNext\services\Diten.DevEnablementService\src\Diten.DevEnablementService.Api\bin\Debug\net8.0\Diten.DevEnablementService.Api.pdb" dosyası siliniyor.
         "C:\Users\user\Desktop\ERP-vNext\services\Diten.DevEnablementService\src\Diten.DevEnablementService.Api\bin\Debug\net8.0\AWSSDK.Core.dll" dosyası siliniyor.
         "C:\Users\user\Desktop\ERP-vNext\services\Diten.DevEnablementService\src\Diten.DevEnablementService.Api\bin\Debug\net8.0\AWSSDK.SecurityToken.dll" dosyası siliniyor.
         "C:\Users\user\Desktop\ERP-vNext\services\Diten.DevEnablementService\src\Diten.DevEnablementService.Api\bin\Debug\net8.0\DnsClient.dll" dosyası siliniyor.
         "C:\Users\user\Desktop\ERP-vNext\services\Diten.DevEnablementService\src\Diten.DevEnablementService.Api\bin\Debug\net8.0\FluentValidation.dll" dosyası siliniyor.
         "C:\Users\user\Desktop\ERP-vNext\services\Diten.DevEnablementService\src\Diten.DevEnablementService.Api\bin\Debug\net8.0\FluentValidation.DependencyInjectionExtensions.dll" dosyası siliniyor.
         "C:\Users\user\Desktop\ERP-vNext\services\Diten.DevEnablementService\src\Diten.DevEnablementService.Api\bin\Debug\net8.0\MediatR.dll" dosyası siliniyor.
         "C:\Users\user\Desktop\ERP-vNext\services\Diten.DevEnablementService\src\Diten.DevEnablementService.Api\bin\Debug\net8.0\MediatR.Contracts.dll" dosyası siliniyor.
         "C:\Users\user\Desktop\ERP-vNext\services\Diten.DevEnablementService\src\Diten.DevEnablementService.Api\bin\Debug\net8.0\Microsoft.AspNetCore.Authentication.JwtBearer.dll" dosyası siliniyor.
         "C:\Users\user\Desktop\ERP-vNext\services\Diten.DevEnablementService\src\Diten.DevEnablementService.Api\bin\Debug\net8.0\Microsoft.Extensions.DependencyInjection.Abstractions.dll" dosyası siliniyor.
         "C:\Users\user\Desktop\ERP-vNext\services\Diten.DevEnablementService\src\Diten.DevEnablementService.Api\bin\Debug\net8.0\Microsoft.Extensions.Logging.Abstractions.dll" dosyası siliniyor.
         "C:\Users\user\Desktop\ERP-vNext\services\Diten.DevEnablementService\src\Diten.DevEnablementService.Api\bin\Debug\net8.0\Microsoft.IdentityModel.Abstractions.dll" dosyası siliniyor.
         "C:\Users\user\Desktop\ERP-vNext\services\Diten.DevEnablementService\src\Diten.DevEnablementService.Api\bin\Debug\net8.0\Microsoft.IdentityModel.JsonWebTokens.dll" dosyası siliniyor.
         "C:\Users\user\Desktop\ERP-vNext\services\Diten.DevEnablementService\src\Diten.DevEnablementService.Api\bin\Debug\net8.0\Microsoft.IdentityModel.Logging.dll" dosyası siliniyor.
         "C:\Users\user\Desktop\ERP-vNext\services\Diten.DevEnablementService\src\Diten.DevEnablementService.Api\bin\Debug\net8.0\Microsoft.IdentityModel.Protocols.dll" dosyası siliniyor.
         "C:\Users\user\Desktop\ERP-vNext\services\Diten.DevEnablementService\src\Diten.DevEnablementService.Api\bin\Debug\net8.0\Microsoft.IdentityModel.Protocols.OpenIdConnect.dll" dosyası siliniyor.
         "C:\Users\user\Desktop\ERP-vNext\services\Diten.DevEnablementService\src\Diten.DevEnablementService.Api\bin\Debug\net8.0\Microsoft.IdentityModel.Tokens.dll" dosyası siliniyor.
         "C:\Users\user\Desktop\ERP-vNext\services\Diten.DevEnablementService\src\Diten.DevEnablementService.Api\bin\Debug\net8.0\Microsoft.OpenApi.dll" dosyası siliniyor.
         "C:\Users\user\Desktop\ERP-vNext\services\Diten.DevEnablementService\src\Diten.DevEnablementService.Api\bin\Debug\net8.0\MongoDB.Bson.dll" dosyası siliniyor.
         "C:\Users\user\Desktop\ERP-vNext\services\Diten.DevEnablementService\src\Diten.DevEnablementService.Api\bin\Debug\net8.0\MongoDB.Driver.dll" dosyası siliniyor.
         "C:\Users\user\Desktop\ERP-vNext\services\Diten.DevEnablementService\src\Diten.DevEnablementService.Api\bin\Debug\net8.0\MongoDB.Driver.Core.dll" dosyası siliniyor.
         "C:\Users\user\Desktop\ERP-vNext\services\Diten.DevEnablementService\src\Diten.DevEnablementService.Api\bin\Debug\net8.0\MongoDB.Libmongocrypt.dll" dosyası siliniyor.
         "C:\Users\user\Desktop\ERP-vNext\services\Diten.DevEnablementService\src\Diten.DevEnablementService.Api\bin\Debug\net8.0\SharpCompress.dll" dosyası siliniyor.
         "C:\Users\user\Desktop\ERP-vNext\services\Diten.DevEnablementService\src\Diten.DevEnablementService.Api\bin\Debug\net8.0\Snappier.dll" dosyası siliniyor.
         "C:\Users\user\Desktop\ERP-vNext\services\Diten.DevEnablementService\src\Diten.DevEnablementService.Api\bin\Debug\net8.0\Swashbuckle.AspNetCore.Swagger.dll" dosyası siliniyor.
         "C:\Users\user\Desktop\ERP-vNext\services\Diten.DevEnablementService\src\Diten.DevEnablementService.Api\bin\Debug\net8.0\Swashbuckle.AspNetCore.SwaggerGen.dll" dosyası siliniyor.
         "C:\Users\user\Desktop\ERP-vNext\services\Diten.DevEnablementService\src\Diten.DevEnablementService.Api\bin\Debug\net8.0\Swashbuckle.AspNetCore.SwaggerUI.dll" dosyası siliniyor.
         "C:\Users\user\Desktop\ERP-vNext\services\Diten.DevEnablementService\src\Diten.DevEnablementService.Api\bin\Debug\net8.0\System.IdentityModel.Tokens.Jwt.dll" dosyası siliniyor.
         "C:\Users\user\Desktop\ERP-vNext\services\Diten.DevEnablementService\src\Diten.DevEnablementService.Api\bin\Debug\net8.0\ZstdSharp.dll" dosyası siliniyor.
         "C:\Users\user\Desktop\ERP-vNext\services\Diten.DevEnablementService\src\Diten.DevEnablementService.Api\bin\Debug\net8.0\runtimes\linux\native\libmongocrypt.so" dosyası siliniyor.
         "C:\Users\user\Desktop\ERP-vNext\services\Diten.DevEnablementService\src\Diten.DevEnablementService.Api\bin\Debug\net8.0\runtimes\osx\native\libmongocrypt.dylib" dosyası siliniyor.
         "C:\Users\user\Desktop\ERP-vNext\services\Diten.DevEnablementService\src\Diten.DevEnablementService.Api\bin\Debug\net8.0\runtimes\win\native\mongocrypt.dll" dosyası siliniyor.
         "C:\Users\user\Desktop\ERP-vNext\services\Diten.DevEnablementService\src\Diten.DevEnablementService.Api\bin\Debug\net8.0\Diten.BuildingBlocks.ModuleRegistration.Abstractions.dll" dosyası siliniyor.
         "C:\Users\user\Desktop\ERP-vNext\services\Diten.DevEnablementService\src\Diten.DevEnablementService.Api\bin\Debug\net8.0\Diten.BuildingBlocks.Security.Secrets.dll" dosyası siliniyor.
         "C:\Users\user\Desktop\ERP-vNext\services\Diten.DevEnablementService\src\Diten.DevEnablementService.Api\bin\Debug\net8.0\Diten.DevEnablementService.Application.dll" dosyası siliniyor.
         "C:\Users\user\Desktop\ERP-vNext\services\Diten.DevEnablementService\src\Diten.DevEnablementService.Api\bin\Debug\net8.0\Diten.DevEnablementService.Domain.dll" dosyası siliniyor.
         "C:\Users\user\Desktop\ERP-vNext\services\Diten.DevEnablementService\src\Diten.DevEnablementService.Api\bin\Debug\net8.0\Diten.DevEnablementService.Infrastructure.dll" dosyası siliniyor.
         "C:\Users\user\Desktop\ERP-vNext\services\Diten.DevEnablementService\src\Diten.DevEnablementService.Api\bin\Debug\net8.0\Diten.DevEnablementService.Persistence.dll" dosyası siliniyor.
         "C:\Users\user\Desktop\ERP-vNext\services\Diten.DevEnablementService\src\Diten.DevEnablementService.Api\bin\Debug\net8.0\Diten.DevEnablementService.Application.pdb" dosyası siliniyor.
         "C:\Users\user\Desktop\ERP-vNext\services\Diten.DevEnablementService\src\Diten.DevEnablementService.Api\bin\Debug\net8.0\Diten.DevEnablementService.Infrastructure.pdb" dosyası siliniyor.
         "C:\Users\user\Desktop\ERP-vNext\services\Diten.DevEnablementService\src\Diten.DevEnablementService.Api\bin\Debug\net8.0\Diten.DevEnablementService.Persistence.pdb" dosyası siliniyor.
         "C:\Users\user\Desktop\ERP-vNext\services\Diten.DevEnablementService\src\Diten.DevEnablementService.Api\bin\Debug\net8.0\Diten.BuildingBlocks.Security.Secrets.pdb" dosyası siliniyor.
         "C:\Users\user\Desktop\ERP-vNext\services\Diten.DevEnablementService\src\Diten.DevEnablementService.Api\bin\Debug\net8.0\Diten.BuildingBlocks.ModuleRegistration.Abstractions.pdb" dosyası siliniyor.
         "C:\Users\user\Desktop\ERP-vNext\services\Diten.DevEnablementService\src\Diten.DevEnablementService.Api\bin\Debug\net8.0\Diten.DevEnablementService.Domain.pdb" dosyası siliniyor.
         "C:\Users\user\Desktop\ERP-vNext\services\Diten.DevEnablementService\src\Diten.DevEnablementService.Api\obj\Debug\net8.0\Diten.DevEnablementService.Api.csproj.AssemblyReference.cache" dosyası siliniyor.
         "C:\Users\user\Desktop\ERP-vNext\services\Diten.DevEnablementService\src\Diten.DevEnablementService.Api\obj\Debug\net8.0\rpswa.dswa.cache.json" dosyası siliniyor.
         "C:\Users\user\Desktop\ERP-vNext\services\Diten.DevEnablementService\src\Diten.DevEnablementService.Api\obj\Debug\net8.0\Diten.DevEnablementService.Api.GeneratedMSBuildEditorConfig.editorconfig" dosyası siliniyor.
         "C:\Users\user\Desktop\ERP-vNext\services\Diten.DevEnablementService\src\Diten.DevEnablementService.Api\obj\Debug\net8.0\Diten.DevEnablementService.Api.AssemblyInfoInputs.cache" dosyası siliniyor.
         "C:\Users\user\Desktop\ERP-vNext\services\Diten.DevEnablementService\src\Diten.DevEnablementService.Api\obj\Debug\net8.0\Diten.DevEnablementService.Api.AssemblyInfo.cs" dosyası siliniyor.
         "C:\Users\user\Desktop\ERP-vNext\services\Diten.DevEnablementService\src\Diten.DevEnablementService.Api\obj\Debug\net8.0\Diten.DevEnablementService.Api.csproj.CoreCompileInputs.cache" dosyası siliniyor.
         "C:\Users\user\Desktop\ERP-vNext\services\Diten.DevEnablementService\src\Diten.DevEnablementService.Api\obj\Debug\net8.0\Diten.DevEnablementService.Api.MvcApplicationPartsAssemblyInfo.cs" dosyası siliniyor.
         "C:\Users\user\Desktop\ERP-vNext\services\Diten.DevEnablementService\src\Diten.DevEnablementService.Api\obj\Debug\net8.0\Diten.DevEnablementService.Api.MvcApplicationPartsAssemblyInfo.cache" dosyası siliniyor.
         "C:\Users\user\Desktop\ERP-vNext\services\Diten.DevEnablementService\src\Diten.DevEnablementService.Api\obj\Debug\net8.0\Diten.DevEnablementService.Api.sourcelink.json" dosyası siliniyor.
         "C:\Users\user\Desktop\ERP-vNext\services\Diten.DevEnablementService\src\Diten.DevEnablementService.Api\obj\Debug\net8.0\rjsmrazor.dswa.cache.json" dosyası siliniyor.
         "C:\Users\user\Desktop\ERP-vNext\services\Diten.DevEnablementService\src\Diten.DevEnablementService.Api\obj\Debug\net8.0\rjsmcshtml.dswa.cache.json" dosyası siliniyor.
         "C:\Users\user\Desktop\ERP-vNext\services\Diten.DevEnablementService\src\Diten.DevEnablementService.Api\obj\Debug\net8.0\staticwebassets.build.json" dosyası siliniyor.
         "C:\Users\user\Desktop\ERP-vNext\services\Diten.DevEnablementService\src\Diten.DevEnablementService.Api\obj\Debug\net8.0\staticwebassets.build.json.cache" dosyası siliniyor.
         "C:\Users\user\Desktop\ERP-vNext\services\Diten.DevEnablementService\src\Diten.DevEnablementService.Api\obj\Debug\net8.0\staticwebassets.build.endpoints.json" dosyası siliniyor.
         "C:\Users\user\Desktop\ERP-vNext\services\Diten.DevEnablementService\src\Diten.DevEnablementService.Api\obj\Debug\net8.0\swae.build.ex.cache" dosyası siliniyor.
         "C:\Users\user\Desktop\ERP-vNext\services\Diten.DevEnablementService\src\Diten.DevEnablementService.Api\obj\Debug\net8.0\Diten.De.9015032A.Up2Date" dosyası siliniyor.
         "C:\Users\user\Desktop\ERP-vNext\services\Diten.DevEnablementService\src\Diten.DevEnablementService.Api\obj\Debug\net8.0\Diten.DevEnablementService.Api.dll" dosyası siliniyor.
         "C:\Users\user\Desktop\ERP-vNext\services\Diten.DevEnablementService\src\Diten.DevEnablementService.Api\obj\Debug\net8.0\refint\Diten.DevEnablementService.Api.dll" dosyası siliniyor.
         "C:\Users\user\Desktop\ERP-vNext\services\Diten.DevEnablementService\src\Diten.DevEnablementService.Api\obj\Debug\net8.0\Diten.DevEnablementService.Api.pdb" dosyası siliniyor.
         "C:\Users\user\Desktop\ERP-vNext\services\Diten.DevEnablementService\src\Diten.DevEnablementService.Api\obj\Debug\net8.0\Diten.DevEnablementService.Api.genruntimeconfig.cache" dosyası siliniyor.
         "C:\Users\user\Desktop\ERP-vNext\services\Diten.DevEnablementService\src\Diten.DevEnablementService.Api\obj\Debug\net8.0\ref\Diten.DevEnablementService.Api.dll" dosyası siliniyor.
     1>"C:\Users\user\Desktop\ERP-vNext\services\Diten.DevEnablementService\src\Diten.DevEnablementService.Api\Diten.DevEnablementService.Api.csproj" projesi (1) 3 düğümünde "C:\Users\user\Desktop\ERP-vNext\services\Diten.Building.Blocks\Diten.BuildingBlocks.Security.Secrets\Diten.BuildingBlocks.Security.Secrets.csproj" (3:2) oluşturuyor (Clean hedef).
     3>_CheckForNETCoreSdkIsPreview:
       C:\Program Files\dotnet\sdk\10.0.100-rc.2.25502.107\Sdks\Microsoft.NET.Sdk\targets\Microsoft.NET.RuntimeIdentifierInference.targets(351,5): message NETSDK1057: Bir .NET önizleme sürümü kullanıyorsunuz. Bkz. https://aka.ms/dotnet-support-policy [C:\Users\user\Desktop\ERP-vNext\services\Diten.Building.Blocks\Diten.BuildingBlocks.Security.Secrets\Diten.BuildingBlocks.Security.Secrets.csproj]
     1>"C:\Users\user\Desktop\ERP-vNext\services\Diten.DevEnablementService\src\Diten.DevEnablementService.Api\Diten.DevEnablementService.Api.csproj" projesi (1) 6 düğümünde "C:\Users\user\Desktop\ERP-vNext\services\Diten.DevEnablementService\src\Diten.DevEnablementService.Domain\Diten.DevEnablementService.Domain.csproj" (5:2) oluşturuyor (Clean hedef).
     5>_CheckForNETCoreSdkIsPreview:
       C:\Program Files\dotnet\sdk\10.0.100-rc.2.25502.107\Sdks\Microsoft.NET.Sdk\targets\Microsoft.NET.RuntimeIdentifierInference.targets(351,5): message NETSDK1057: Bir .NET önizleme sürümü kullanıyorsunuz. Bkz. https://aka.ms/dotnet-support-policy [C:\Users\user\Desktop\ERP-vNext\services\Diten.DevEnablementService\src\Diten.DevEnablementService.Domain\Diten.DevEnablementService.Domain.csproj]
     1>"C:\Users\user\Desktop\ERP-vNext\services\Diten.DevEnablementService\src\Diten.DevEnablementService.Api\Diten.DevEnablementService.Api.csproj" projesi (1) 2 düğümünde "C:\Users\user\Desktop\ERP-vNext\services\Diten.DevEnablementService\src\Diten.DevEnablementService.Infrastructure\Diten.DevEnablementService.Infrastructure.csproj" (4:2) oluşturuyor (Clean hedef).
     4>_CheckForNETCoreSdkIsPreview:
       C:\Program Files\dotnet\sdk\10.0.100-rc.2.25502.107\Sdks\Microsoft.NET.Sdk\targets\Microsoft.NET.RuntimeIdentifierInference.targets(351,5): message NETSDK1057: Bir .NET önizleme sürümü kullanıyorsunuz. Bkz. https://aka.ms/dotnet-support-policy [C:\Users\user\Desktop\ERP-vNext\services\Diten.DevEnablementService\src\Diten.DevEnablementService.Infrastructure\Diten.DevEnablementService.Infrastructure.csproj]
     1>"C:\Users\user\Desktop\ERP-vNext\services\Diten.DevEnablementService\src\Diten.DevEnablementService.Api\Diten.DevEnablementService.Api.csproj" projesi (1) 1 düğümünde "C:\Users\user\Desktop\ERP-vNext\services\Diten.DevEnablementService\src\Diten.DevEnablementService.Application\Diten.DevEnablementService.Application.csproj" (2:2) oluşturuyor (Clean hedef).
     2>CoreClean:
         "C:\Users\user\Desktop\ERP-vNext\services\Diten.DevEnablementService\src\Diten.DevEnablementService.Application\bin\Debug\net8.0\Diten.DevEnablementService.Application.deps.json" dosyası siliniyor.
         "C:\Users\user\Desktop\ERP-vNext\services\Diten.DevEnablementService\src\Diten.DevEnablementService.Application\bin\Debug\net8.0\Diten.DevEnablementService.Application.dll" dosyası siliniyor.
     5>CoreClean:
         "C:\Users\user\Desktop\ERP-vNext\services\Diten.DevEnablementService\src\Diten.DevEnablementService.Domain\bin\Debug\net8.0\Diten.DevEnablementService.Domain.deps.json" dosyası siliniyor.
     2>CoreClean:
         "C:\Users\user\Desktop\ERP-vNext\services\Diten.DevEnablementService\src\Diten.DevEnablementService.Application\bin\Debug\net8.0\Diten.DevEnablementService.Application.pdb" dosyası siliniyor.
     5>CoreClean:
         "C:\Users\user\Desktop\ERP-vNext\services\Diten.DevEnablementService\src\Diten.DevEnablementService.Domain\bin\Debug\net8.0\Diten.DevEnablementService.Domain.dll" dosyası siliniyor.
         "C:\Users\user\Desktop\ERP-vNext\services\Diten.DevEnablementService\src\Diten.DevEnablementService.Domain\bin\Debug\net8.0\Diten.DevEnablementService.Domain.pdb" dosyası siliniyor.
         "C:\Users\user\Desktop\ERP-vNext\services\Diten.DevEnablementService\src\Diten.DevEnablementService.Domain\obj\Debug\net8.0\Diten.DevEnablementService.Domain.csproj.AssemblyReference.cache" dosyası siliniyor.
         "C:\Users\user\Desktop\ERP-vNext\services\Diten.DevEnablementService\src\Diten.DevEnablementService.Domain\obj\Debug\net8.0\Diten.DevEnablementService.Domain.GeneratedMSBuildEditorConfig.editorconfig" dosyası siliniyor.
         "C:\Users\user\Desktop\ERP-vNext\services\Diten.DevEnablementService\src\Diten.DevEnablementService.Domain\obj\Debug\net8.0\Diten.DevEnablementService.Domain.AssemblyInfoInputs.cache" dosyası siliniyor.
         "C:\Users\user\Desktop\ERP-vNext\services\Diten.DevEnablementService\src\Diten.DevEnablementService.Domain\obj\Debug\net8.0\Diten.DevEnablementService.Domain.AssemblyInfo.cs" dosyası siliniyor.
     2>CoreClean:
         "C:\Users\user\Desktop\ERP-vNext\services\Diten.DevEnablementService\src\Diten.DevEnablementService.Application\bin\Debug\net8.0\Diten.DevEnablementService.Domain.dll" dosyası siliniyor.
     5>CoreClean:
         "C:\Users\user\Desktop\ERP-vNext\services\Diten.DevEnablementService\src\Diten.DevEnablementService.Domain\obj\Debug\net8.0\Diten.DevEnablementService.Domain.csproj.CoreCompileInputs.cache" dosyası siliniyor.
     2>CoreClean:
         "C:\Users\user\Desktop\ERP-vNext\services\Diten.DevEnablementService\src\Diten.DevEnablementService.Application\bin\Debug\net8.0\Diten.DevEnablementService.Domain.pdb" dosyası siliniyor.
     5>CoreClean:
         "C:\Users\user\Desktop\ERP-vNext\services\Diten.DevEnablementService\src\Diten.DevEnablementService.Domain\obj\Debug\net8.0\Diten.DevEnablementService.Domain.sourcelink.json" dosyası siliniyor.
     2>CoreClean:
         "C:\Users\user\Desktop\ERP-vNext\services\Diten.DevEnablementService\src\Diten.DevEnablementService.Application\obj\Debug\net8.0\Diten.DevEnablementService.Application.csproj.AssemblyReference.cache" dosyası siliniyor.
     5>CoreClean:
         "C:\Users\user\Desktop\ERP-vNext\services\Diten.DevEnablementService\src\Diten.DevEnablementService.Domain\obj\Debug\net8.0\Diten.DevEnablementService.Domain.dll" dosyası siliniyor.
     2>CoreClean:
         "C:\Users\user\Desktop\ERP-vNext\services\Diten.DevEnablementService\src\Diten.DevEnablementService.Application\obj\Debug\net8.0\Diten.DevEnablementService.Application.GeneratedMSBuildEditorConfig.editorconfig" dosyası siliniyor.
         "C:\Users\user\Desktop\ERP-vNext\services\Diten.DevEnablementService\src\Diten.DevEnablementService.Application\obj\Debug\net8.0\Diten.DevEnablementService.Application.AssemblyInfoInputs.cache" dosyası siliniyor.
     5>CoreClean:
         "C:\Users\user\Desktop\ERP-vNext\services\Diten.DevEnablementService\src\Diten.DevEnablementService.Domain\obj\Debug\net8.0\refint\Diten.DevEnablementService.Domain.dll" dosyası siliniyor.
     2>CoreClean:
         "C:\Users\user\Desktop\ERP-vNext\services\Diten.DevEnablementService\src\Diten.DevEnablementService.Application\obj\Debug\net8.0\Diten.DevEnablementService.Application.AssemblyInfo.cs" dosyası siliniyor.
     5>CoreClean:
         "C:\Users\user\Desktop\ERP-vNext\services\Diten.DevEnablementService\src\Diten.DevEnablementService.Domain\obj\Debug\net8.0\Diten.DevEnablementService.Domain.pdb" dosyası siliniyor.
     2>CoreClean:
         "C:\Users\user\Desktop\ERP-vNext\services\Diten.DevEnablementService\src\Diten.DevEnablementService.Application\obj\Debug\net8.0\Diten.DevEnablementService.Application.csproj.CoreCompileInputs.cache" dosyası siliniyor.
         "C:\Users\user\Desktop\ERP-vNext\services\Diten.DevEnablementService\src\Diten.DevEnablementService.Application\obj\Debug\net8.0\Diten.DevEnablementService.Application.sourcelink.json" dosyası siliniyor.
     5>CoreClean:
         "C:\Users\user\Desktop\ERP-vNext\services\Diten.DevEnablementService\src\Diten.DevEnablementService.Domain\obj\Debug\net8.0\ref\Diten.DevEnablementService.Domain.dll" dosyası siliniyor.
     2>CoreClean:
         "C:\Users\user\Desktop\ERP-vNext\services\Diten.DevEnablementService\src\Diten.DevEnablementService.Application\obj\Debug\net8.0\Diten.De.A10ED696.Up2Date" dosyası siliniyor.
         "C:\Users\user\Desktop\ERP-vNext\services\Diten.DevEnablementService\src\Diten.DevEnablementService.Application\obj\Debug\net8.0\Diten.DevEnablementService.Application.dll" dosyası siliniyor.
         "C:\Users\user\Desktop\ERP-vNext\services\Diten.DevEnablementService\src\Diten.DevEnablementService.Application\obj\Debug\net8.0\refint\Diten.DevEnablementService.Application.dll" dosyası siliniyor.
         "C:\Users\user\Desktop\ERP-vNext\services\Diten.DevEnablementService\src\Diten.DevEnablementService.Application\obj\Debug\net8.0\Diten.DevEnablementService.Application.pdb" dosyası siliniyor.
         "C:\Users\user\Desktop\ERP-vNext\services\Diten.DevEnablementService\src\Diten.DevEnablementService.Application\obj\Debug\net8.0\ref\Diten.DevEnablementService.Application.dll" dosyası siliniyor.
     1>"C:\Users\user\Desktop\ERP-vNext\services\Diten.DevEnablementService\src\Diten.DevEnablementService.Api\Diten.DevEnablementService.Api.csproj" projesi (1) 5 düğümünde "C:\Users\user\Desktop\ERP-vNext\services\Diten.Building.Blocks\src\Diten.BuildingBlocks.ModuleRegistration.Abstractions\Diten.BuildingBlocks.ModuleRegistration.Abstractions.csproj" (6:2) oluşturuyor (Clean hedef).
     6>_CheckForNETCoreSdkIsPreview:
       C:\Program Files\dotnet\sdk\10.0.100-rc.2.25502.107\Sdks\Microsoft.NET.Sdk\targets\Microsoft.NET.RuntimeIdentifierInference.targets(351,5): message NETSDK1057: Bir .NET önizleme sürümü kullanıyorsunuz. Bkz. https://aka.ms/dotnet-support-policy [C:\Users\user\Desktop\ERP-vNext\services\Diten.Building.Blocks\src\Diten.BuildingBlocks.ModuleRegistration.Abstractions\Diten.BuildingBlocks.ModuleRegistration.Abstractions.csproj]
     4>CoreClean:
         "C:\Users\user\Desktop\ERP-vNext\services\Diten.DevEnablementService\src\Diten.DevEnablementService.Infrastructure\bin\Debug\net8.0\Diten.DevEnablementService.Infrastructure.deps.json" dosyası siliniyor.
         "C:\Users\user\Desktop\ERP-vNext\services\Diten.DevEnablementService\src\Diten.DevEnablementService.Infrastructure\bin\Debug\net8.0\Diten.DevEnablementService.Infrastructure.dll" dosyası siliniyor.
         "C:\Users\user\Desktop\ERP-vNext\services\Diten.DevEnablementService\src\Diten.DevEnablementService.Infrastructure\bin\Debug\net8.0\Diten.DevEnablementService.Infrastructure.pdb" dosyası siliniyor.
         "C:\Users\user\Desktop\ERP-vNext\services\Diten.DevEnablementService\src\Diten.DevEnablementService.Infrastructure\bin\Debug\net8.0\Diten.DevEnablementService.Application.dll" dosyası siliniyor.
         "C:\Users\user\Desktop\ERP-vNext\services\Diten.DevEnablementService\src\Diten.DevEnablementService.Infrastructure\bin\Debug\net8.0\Diten.DevEnablementService.Domain.dll" dosyası siliniyor.
         "C:\Users\user\Desktop\ERP-vNext\services\Diten.DevEnablementService\src\Diten.DevEnablementService.Infrastructure\bin\Debug\net8.0\Diten.DevEnablementService.Application.pdb" dosyası siliniyor.
         "C:\Users\user\Desktop\ERP-vNext\services\Diten.DevEnablementService\src\Diten.DevEnablementService.Infrastructure\bin\Debug\net8.0\Diten.DevEnablementService.Domain.pdb" dosyası siliniyor.
         "C:\Users\user\Desktop\ERP-vNext\services\Diten.DevEnablementService\src\Diten.DevEnablementService.Infrastructure\obj\Debug\net8.0\Diten.DevEnablementService.Infrastructure.csproj.AssemblyReference.cache" dosyası siliniyor.
         "C:\Users\user\Desktop\ERP-vNext\services\Diten.DevEnablementService\src\Diten.DevEnablementService.Infrastructure\obj\Debug\net8.0\Diten.DevEnablementService.Infrastructure.GeneratedMSBuildEditorConfig.editorconfig" dosyası siliniyor.
         "C:\Users\user\Desktop\ERP-vNext\services\Diten.DevEnablementService\src\Diten.DevEnablementService.Infrastructure\obj\Debug\net8.0\Diten.DevEnablementService.Infrastructure.AssemblyInfoInputs.cache" dosyası siliniyor.
         "C:\Users\user\Desktop\ERP-vNext\services\Diten.DevEnablementService\src\Diten.DevEnablementService.Infrastructure\obj\Debug\net8.0\Diten.DevEnablementService.Infrastructure.AssemblyInfo.cs" dosyası siliniyor.
         "C:\Users\user\Desktop\ERP-vNext\services\Diten.DevEnablementService\src\Diten.DevEnablementService.Infrastructure\obj\Debug\net8.0\Diten.DevEnablementService.Infrastructure.csproj.CoreCompileInputs.cache" dosyası siliniyor.
         "C:\Users\user\Desktop\ERP-vNext\services\Diten.DevEnablementService\src\Diten.DevEnablementService.Infrastructure\obj\Debug\net8.0\Diten.DevEnablementService.Infrastructure.sourcelink.json" dosyası siliniyor.
         "C:\Users\user\Desktop\ERP-vNext\services\Diten.DevEnablementService\src\Diten.DevEnablementService.Infrastructure\obj\Debug\net8.0\Diten.De.BA7AB7B4.Up2Date" dosyası siliniyor.
         "C:\Users\user\Desktop\ERP-vNext\services\Diten.DevEnablementService\src\Diten.DevEnablementService.Infrastructure\obj\Debug\net8.0\Diten.DevEnablementService.Infrastructure.dll" dosyası siliniyor.
         "C:\Users\user\Desktop\ERP-vNext\services\Diten.DevEnablementService\src\Diten.DevEnablementService.Infrastructure\obj\Debug\net8.0\refint\Diten.DevEnablementService.Infrastructure.dll" dosyası siliniyor.
         "C:\Users\user\Desktop\ERP-vNext\services\Diten.DevEnablementService\src\Diten.DevEnablementService.Infrastructure\obj\Debug\net8.0\Diten.DevEnablementService.Infrastructure.pdb" dosyası siliniyor.
         "C:\Users\user\Desktop\ERP-vNext\services\Diten.DevEnablementService\src\Diten.DevEnablementService.Infrastructure\obj\Debug\net8.0\ref\Diten.DevEnablementService.Infrastructure.dll" dosyası siliniyor.
     6>CoreClean:
         "C:\Users\user\Desktop\ERP-vNext\services\Diten.Building.Blocks\src\Diten.BuildingBlocks.ModuleRegistration.Abstractions\bin\Debug\net8.0\Diten.BuildingBlocks.ModuleRegistration.Abstractions.deps.json" dosyası siliniyor.
     3>"C:\Users\user\Desktop\ERP-vNext\services\Diten.Building.Blocks\Diten.BuildingBlocks.Security.Secrets\Diten.BuildingBlocks.Security.Secrets.csproj" Projesini Oluşturma İşlemi Tamamlandı (Clean hedef).
     6>CoreClean:
         "C:\Users\user\Desktop\ERP-vNext\services\Diten.Building.Blocks\src\Diten.BuildingBlocks.ModuleRegistration.Abstractions\bin\Debug\net8.0\Diten.BuildingBlocks.ModuleRegistration.Abstractions.dll" dosyası siliniyor.
         "C:\Users\user\Desktop\ERP-vNext\services\Diten.Building.Blocks\src\Diten.BuildingBlocks.ModuleRegistration.Abstractions\bin\Debug\net8.0\Diten.BuildingBlocks.ModuleRegistration.Abstractions.pdb" dosyası siliniyor.
     5>"C:\Users\user\Desktop\ERP-vNext\services\Diten.DevEnablementService\src\Diten.DevEnablementService.Domain\Diten.DevEnablementService.Domain.csproj" Projesini Oluşturma İşlemi Tamamlandı (Clean hedef).
     6>CoreClean:
         "C:\Users\user\Desktop\ERP-vNext\services\Diten.Building.Blocks\src\Diten.BuildingBlocks.ModuleRegistration.Abstractions\obj\Debug\net8.0\Diten.BuildingBlocks.ModuleRegistration.Abstractions.GeneratedMSBuildEditorConfig.editorconfig" dosyası siliniyor.
         "C:\Users\user\Desktop\ERP-vNext\services\Diten.Building.Blocks\src\Diten.BuildingBlocks.ModuleRegistration.Abstractions\obj\Debug\net8.0\Diten.BuildingBlocks.ModuleRegistration.Abstractions.AssemblyInfoInputs.cache" dosyası siliniyor.
         "C:\Users\user\Desktop\ERP-vNext\services\Diten.Building.Blocks\src\Diten.BuildingBlocks.ModuleRegistration.Abstractions\obj\Debug\net8.0\Diten.BuildingBlocks.ModuleRegistration.Abstractions.AssemblyInfo.cs" dosyası siliniyor.
     2>"C:\Users\user\Desktop\ERP-vNext\services\Diten.DevEnablementService\src\Diten.DevEnablementService.Application\Diten.DevEnablementService.Application.csproj" Projesini Oluşturma İşlemi Tamamlandı (Clean hedef).
     6>CoreClean:
         "C:\Users\user\Desktop\ERP-vNext\services\Diten.Building.Blocks\src\Diten.BuildingBlocks.ModuleRegistration.Abstractions\obj\Debug\net8.0\Diten.BuildingBlocks.ModuleRegistration.Abstractions.csproj.CoreCompileInputs.cache" dosyası siliniyor.
         "C:\Users\user\Desktop\ERP-vNext\services\Diten.Building.Blocks\src\Diten.BuildingBlocks.ModuleRegistration.Abstractions\obj\Debug\net8.0\Diten.BuildingBlocks.ModuleRegistration.Abstractions.sourcelink.json" dosyası siliniyor.
     1>"C:\Users\user\Desktop\ERP-vNext\services\Diten.DevEnablementService\src\Diten.DevEnablementService.Api\Diten.DevEnablementService.Api.csproj" projesi (1) 4 düğümünde "C:\Users\user\Desktop\ERP-vNext\services\Diten.DevEnablementService\src\Diten.DevEnablementService.Persistence\Diten.DevEnablementService.Persistence.csproj" (7:2) oluşturuyor (Clean hedef).
     7>_CheckForNETCoreSdkIsPreview:
       C:\Program Files\dotnet\sdk\10.0.100-rc.2.25502.107\Sdks\Microsoft.NET.Sdk\targets\Microsoft.NET.RuntimeIdentifierInference.targets(351,5): message NETSDK1057: Bir .NET önizleme sürümü kullanıyorsunuz. Bkz. https://aka.ms/dotnet-support-policy [C:\Users\user\Desktop\ERP-vNext\services\Diten.DevEnablementService\src\Diten.DevEnablementService.Persistence\Diten.DevEnablementService.Persistence.csproj]
     6>CoreClean:
         "C:\Users\user\Desktop\ERP-vNext\services\Diten.Building.Blocks\src\Diten.BuildingBlocks.ModuleRegistration.Abstractions\obj\Debug\net8.0\Diten.BuildingBlocks.ModuleRegistration.Abstractions.dll" dosyası siliniyor.
         "C:\Users\user\Desktop\ERP-vNext\services\Diten.Building.Blocks\src\Diten.BuildingBlocks.ModuleRegistration.Abstractions\obj\Debug\net8.0\refint\Diten.BuildingBlocks.ModuleRegistration.Abstractions.dll" dosyası siliniyor.
         "C:\Users\user\Desktop\ERP-vNext\services\Diten.Building.Blocks\src\Diten.BuildingBlocks.ModuleRegistration.Abstractions\obj\Debug\net8.0\Diten.BuildingBlocks.ModuleRegistration.Abstractions.pdb" dosyası siliniyor.
         "C:\Users\user\Desktop\ERP-vNext\services\Diten.Building.Blocks\src\Diten.BuildingBlocks.ModuleRegistration.Abstractions\obj\Debug\net8.0\ref\Diten.BuildingBlocks.ModuleRegistration.Abstractions.dll" dosyası siliniyor.
     4>"C:\Users\user\Desktop\ERP-vNext\services\Diten.DevEnablementService\src\Diten.DevEnablementService.Infrastructure\Diten.DevEnablementService.Infrastructure.csproj" Projesini Oluşturma İşlemi Tamamlandı (Clean hedef).
     6>"C:\Users\user\Desktop\ERP-vNext\services\Diten.Building.Blocks\src\Diten.BuildingBlocks.ModuleRegistration.Abstractions\Diten.BuildingBlocks.ModuleRegistration.Abstractions.csproj" Projesini Oluşturma İşlemi Tamamlandı (Clean hedef).
     7>CoreClean:
         "C:\Users\user\Desktop\ERP-vNext\services\Diten.DevEnablementService\src\Diten.DevEnablementService.Persistence\bin\Debug\net8.0\Diten.DevEnablementService.Persistence.deps.json" dosyası siliniyor.
         "C:\Users\user\Desktop\ERP-vNext\services\Diten.DevEnablementService\src\Diten.DevEnablementService.Persistence\bin\Debug\net8.0\Diten.DevEnablementService.Persistence.dll" dosyası siliniyor.
         "C:\Users\user\Desktop\ERP-vNext\services\Diten.DevEnablementService\src\Diten.DevEnablementService.Persistence\bin\Debug\net8.0\Diten.DevEnablementService.Persistence.pdb" dosyası siliniyor.
         "C:\Users\user\Desktop\ERP-vNext\services\Diten.DevEnablementService\src\Diten.DevEnablementService.Persistence\bin\Debug\net8.0\Diten.BuildingBlocks.Security.Secrets.dll" dosyası siliniyor.
         "C:\Users\user\Desktop\ERP-vNext\services\Diten.DevEnablementService\src\Diten.DevEnablementService.Persistence\bin\Debug\net8.0\Diten.DevEnablementService.Application.dll" dosyası siliniyor.
         "C:\Users\user\Desktop\ERP-vNext\services\Diten.DevEnablementService\src\Diten.DevEnablementService.Persistence\bin\Debug\net8.0\Diten.DevEnablementService.Domain.dll" dosyası siliniyor.
         "C:\Users\user\Desktop\ERP-vNext\services\Diten.DevEnablementService\src\Diten.DevEnablementService.Persistence\bin\Debug\net8.0\Diten.DevEnablementService.Application.pdb" dosyası siliniyor.
         "C:\Users\user\Desktop\ERP-vNext\services\Diten.DevEnablementService\src\Diten.DevEnablementService.Persistence\bin\Debug\net8.0\Diten.BuildingBlocks.Security.Secrets.pdb" dosyası siliniyor.
         "C:\Users\user\Desktop\ERP-vNext\services\Diten.DevEnablementService\src\Diten.DevEnablementService.Persistence\bin\Debug\net8.0\Diten.DevEnablementService.Domain.pdb" dosyası siliniyor.
         "C:\Users\user\Desktop\ERP-vNext\services\Diten.DevEnablementService\src\Diten.DevEnablementService.Persistence\obj\Debug\net8.0\Diten.DevEnablementService.Persistence.csproj.AssemblyReference.cache" dosyası siliniyor.
         "C:\Users\user\Desktop\ERP-vNext\services\Diten.DevEnablementService\src\Diten.DevEnablementService.Persistence\obj\Debug\net8.0\Diten.DevEnablementService.Persistence.GeneratedMSBuildEditorConfig.editorconfig" dosyası siliniyor.
         "C:\Users\user\Desktop\ERP-vNext\services\Diten.DevEnablementService\src\Diten.DevEnablementService.Persistence\obj\Debug\net8.0\Diten.DevEnablementService.Persistence.AssemblyInfoInputs.cache" dosyası siliniyor.
         "C:\Users\user\Desktop\ERP-vNext\services\Diten.DevEnablementService\src\Diten.DevEnablementService.Persistence\obj\Debug\net8.0\Diten.DevEnablementService.Persistence.AssemblyInfo.cs" dosyası siliniyor.
         "C:\Users\user\Desktop\ERP-vNext\services\Diten.DevEnablementService\src\Diten.DevEnablementService.Persistence\obj\Debug\net8.0\Diten.DevEnablementService.Persistence.csproj.CoreCompileInputs.cache" dosyası siliniyor.
         "C:\Users\user\Desktop\ERP-vNext\services\Diten.DevEnablementService\src\Diten.DevEnablementService.Persistence\obj\Debug\net8.0\Diten.DevEnablementService.Persistence.sourcelink.json" dosyası siliniyor.
         "C:\Users\user\Desktop\ERP-vNext\services\Diten.DevEnablementService\src\Diten.DevEnablementService.Persistence\obj\Debug\net8.0\Diten.De.E2690E04.Up2Date" dosyası siliniyor.
         "C:\Users\user\Desktop\ERP-vNext\services\Diten.DevEnablementService\src\Diten.DevEnablementService.Persistence\obj\Debug\net8.0\Diten.DevEnablementService.Persistence.dll" dosyası siliniyor.
         "C:\Users\user\Desktop\ERP-vNext\services\Diten.DevEnablementService\src\Diten.DevEnablementService.Persistence\obj\Debug\net8.0\refint\Diten.DevEnablementService.Persistence.dll" dosyası siliniyor.
         "C:\Users\user\Desktop\ERP-vNext\services\Diten.DevEnablementService\src\Diten.DevEnablementService.Persistence\obj\Debug\net8.0\Diten.DevEnablementService.Persistence.pdb" dosyası siliniyor.
         "C:\Users\user\Desktop\ERP-vNext\services\Diten.DevEnablementService\src\Diten.DevEnablementService.Persistence\obj\Debug\net8.0\ref\Diten.DevEnablementService.Persistence.dll" dosyası siliniyor.
     7>"C:\Users\user\Desktop\ERP-vNext\services\Diten.DevEnablementService\src\Diten.DevEnablementService.Persistence\Diten.DevEnablementService.Persistence.csproj" Projesini Oluşturma İşlemi Tamamlandı (Clean hedef).
     1>"C:\Users\user\Desktop\ERP-vNext\services\Diten.DevEnablementService\src\Diten.DevEnablementService.Api\Diten.DevEnablementService.Api.csproj" Projesini Oluşturma İşlemi Tamamlandı (Clean hedef).

Oluşturma başarılı oldu.
    0 Uyarı
    0 Hata

Geçen Süre 00:00:04.15
Cleaning Hcm...
Oluşturma başlatıldı: 25.07.2026 21:22:58.
     1>1 düğümünde "C:\Users\user\Desktop\ERP-vNext\services\Diten.HcmService\src\Diten.HcmService.Api\Diten.HcmService.Api.csproj" projesi (Clean hedef).
     1>_CheckForNETCoreSdkIsPreview:
       C:\Program Files\dotnet\sdk\10.0.100-rc.2.25502.107\Sdks\Microsoft.NET.Sdk\targets\Microsoft.NET.RuntimeIdentifierInference.targets(351,5): message NETSDK1057: Bir .NET önizleme sürümü kullanıyorsunuz. Bkz. https://aka.ms/dotnet-support-policy [C:\Users\user\Desktop\ERP-vNext\services\Diten.HcmService\src\Diten.HcmService.Api\Diten.HcmService.Api.csproj]
       CoreClean:
         "C:\Users\user\Desktop\ERP-vNext\services\Diten.HcmService\src\Diten.HcmService.Api\bin\Debug\net8.0\appsettings.Development.json" dosyası siliniyor.
         "C:\Users\user\Desktop\ERP-vNext\services\Diten.HcmService\src\Diten.HcmService.Api\bin\Debug\net8.0\appsettings.json" dosyası siliniyor.
         "C:\Users\user\Desktop\ERP-vNext\services\Diten.HcmService\src\Diten.HcmService.Api\bin\Debug\net8.0\Diten.HcmService.Api.staticwebassets.endpoints.json" dosyası siliniyor.
         "C:\Users\user\Desktop\ERP-vNext\services\Diten.HcmService\src\Diten.HcmService.Api\bin\Debug\net8.0\Diten.HcmService.Api.exe" dosyası siliniyor.
         "C:\Users\user\Desktop\ERP-vNext\services\Diten.HcmService\src\Diten.HcmService.Api\bin\Debug\net8.0\Diten.HcmService.Api.deps.json" dosyası siliniyor.
         "C:\Users\user\Desktop\ERP-vNext\services\Diten.HcmService\src\Diten.HcmService.Api\bin\Debug\net8.0\Diten.HcmService.Api.runtimeconfig.json" dosyası siliniyor.
         "C:\Users\user\Desktop\ERP-vNext\services\Diten.HcmService\src\Diten.HcmService.Api\bin\Debug\net8.0\Diten.HcmService.Api.dll" dosyası siliniyor.
         "C:\Users\user\Desktop\ERP-vNext\services\Diten.HcmService\src\Diten.HcmService.Api\bin\Debug\net8.0\Diten.HcmService.Api.pdb" dosyası siliniyor.
         "C:\Users\user\Desktop\ERP-vNext\services\Diten.HcmService\src\Diten.HcmService.Api\bin\Debug\net8.0\AWSSDK.Core.dll" dosyası siliniyor.
         "C:\Users\user\Desktop\ERP-vNext\services\Diten.HcmService\src\Diten.HcmService.Api\bin\Debug\net8.0\AWSSDK.SecurityToken.dll" dosyası siliniyor.
         "C:\Users\user\Desktop\ERP-vNext\services\Diten.HcmService\src\Diten.HcmService.Api\bin\Debug\net8.0\DnsClient.dll" dosyası siliniyor.
         "C:\Users\user\Desktop\ERP-vNext\services\Diten.HcmService\src\Diten.HcmService.Api\bin\Debug\net8.0\FluentValidation.dll" dosyası siliniyor.
         "C:\Users\user\Desktop\ERP-vNext\services\Diten.HcmService\src\Diten.HcmService.Api\bin\Debug\net8.0\FluentValidation.DependencyInjectionExtensions.dll" dosyası siliniyor.
         "C:\Users\user\Desktop\ERP-vNext\services\Diten.HcmService\src\Diten.HcmService.Api\bin\Debug\net8.0\MediatR.dll" dosyası siliniyor.
         "C:\Users\user\Desktop\ERP-vNext\services\Diten.HcmService\src\Diten.HcmService.Api\bin\Debug\net8.0\MediatR.Contracts.dll" dosyası siliniyor.
         "C:\Users\user\Desktop\ERP-vNext\services\Diten.HcmService\src\Diten.HcmService.Api\bin\Debug\net8.0\Microsoft.AspNetCore.Authentication.JwtBearer.dll" dosyası siliniyor.
         "C:\Users\user\Desktop\ERP-vNext\services\Diten.HcmService\src\Diten.HcmService.Api\bin\Debug\net8.0\Microsoft.Extensions.DependencyInjection.Abstractions.dll" dosyası siliniyor.
         "C:\Users\user\Desktop\ERP-vNext\services\Diten.HcmService\src\Diten.HcmService.Api\bin\Debug\net8.0\Microsoft.Extensions.Logging.Abstractions.dll" dosyası siliniyor.
         "C:\Users\user\Desktop\ERP-vNext\services\Diten.HcmService\src\Diten.HcmService.Api\bin\Debug\net8.0\Microsoft.IdentityModel.Abstractions.dll" dosyası siliniyor.
         "C:\Users\user\Desktop\ERP-vNext\services\Diten.HcmService\src\Diten.HcmService.Api\bin\Debug\net8.0\Microsoft.IdentityModel.JsonWebTokens.dll" dosyası siliniyor.
         "C:\Users\user\Desktop\ERP-vNext\services\Diten.HcmService\src\Diten.HcmService.Api\bin\Debug\net8.0\Microsoft.IdentityModel.Logging.dll" dosyası siliniyor.
         "C:\Users\user\Desktop\ERP-vNext\services\Diten.HcmService\src\Diten.HcmService.Api\bin\Debug\net8.0\Microsoft.IdentityModel.Protocols.dll" dosyası siliniyor.
         "C:\Users\user\Desktop\ERP-vNext\services\Diten.HcmService\src\Diten.HcmService.Api\bin\Debug\net8.0\Microsoft.IdentityModel.Protocols.OpenIdConnect.dll" dosyası siliniyor.
         "C:\Users\user\Desktop\ERP-vNext\services\Diten.HcmService\src\Diten.HcmService.Api\bin\Debug\net8.0\Microsoft.IdentityModel.Tokens.dll" dosyası siliniyor.
         "C:\Users\user\Desktop\ERP-vNext\services\Diten.HcmService\src\Diten.HcmService.Api\bin\Debug\net8.0\Microsoft.OpenApi.dll" dosyası siliniyor.
         "C:\Users\user\Desktop\ERP-vNext\services\Diten.HcmService\src\Diten.HcmService.Api\bin\Debug\net8.0\MongoDB.Bson.dll" dosyası siliniyor.
         "C:\Users\user\Desktop\ERP-vNext\services\Diten.HcmService\src\Diten.HcmService.Api\bin\Debug\net8.0\MongoDB.Driver.dll" dosyası siliniyor.
         "C:\Users\user\Desktop\ERP-vNext\services\Diten.HcmService\src\Diten.HcmService.Api\bin\Debug\net8.0\MongoDB.Driver.Core.dll" dosyası siliniyor.
         "C:\Users\user\Desktop\ERP-vNext\services\Diten.HcmService\src\Diten.HcmService.Api\bin\Debug\net8.0\MongoDB.Libmongocrypt.dll" dosyası siliniyor.
         "C:\Users\user\Desktop\ERP-vNext\services\Diten.HcmService\src\Diten.HcmService.Api\bin\Debug\net8.0\SharpCompress.dll" dosyası siliniyor.
         "C:\Users\user\Desktop\ERP-vNext\services\Diten.HcmService\src\Diten.HcmService.Api\bin\Debug\net8.0\Snappier.dll" dosyası siliniyor.
         "C:\Users\user\Desktop\ERP-vNext\services\Diten.HcmService\src\Diten.HcmService.Api\bin\Debug\net8.0\Swashbuckle.AspNetCore.Swagger.dll" dosyası siliniyor.
         "C:\Users\user\Desktop\ERP-vNext\services\Diten.HcmService\src\Diten.HcmService.Api\bin\Debug\net8.0\Swashbuckle.AspNetCore.SwaggerGen.dll" dosyası siliniyor.
         "C:\Users\user\Desktop\ERP-vNext\services\Diten.HcmService\src\Diten.HcmService.Api\bin\Debug\net8.0\Swashbuckle.AspNetCore.SwaggerUI.dll" dosyası siliniyor.
         "C:\Users\user\Desktop\ERP-vNext\services\Diten.HcmService\src\Diten.HcmService.Api\bin\Debug\net8.0\System.IdentityModel.Tokens.Jwt.dll" dosyası siliniyor.
         "C:\Users\user\Desktop\ERP-vNext\services\Diten.HcmService\src\Diten.HcmService.Api\bin\Debug\net8.0\ZstdSharp.dll" dosyası siliniyor.
         "C:\Users\user\Desktop\ERP-vNext\services\Diten.HcmService\src\Diten.HcmService.Api\bin\Debug\net8.0\runtimes\linux\native\libmongocrypt.so" dosyası siliniyor.
         "C:\Users\user\Desktop\ERP-vNext\services\Diten.HcmService\src\Diten.HcmService.Api\bin\Debug\net8.0\runtimes\osx\native\libmongocrypt.dylib" dosyası siliniyor.
         "C:\Users\user\Desktop\ERP-vNext\services\Diten.HcmService\src\Diten.HcmService.Api\bin\Debug\net8.0\runtimes\win\native\mongocrypt.dll" dosyası siliniyor.
         "C:\Users\user\Desktop\ERP-vNext\services\Diten.HcmService\src\Diten.HcmService.Api\bin\Debug\net8.0\Diten.HcmService.Application.dll" dosyası siliniyor.
         "C:\Users\user\Desktop\ERP-vNext\services\Diten.HcmService\src\Diten.HcmService.Api\bin\Debug\net8.0\Diten.HcmService.Domain.dll" dosyası siliniyor.
         "C:\Users\user\Desktop\ERP-vNext\services\Diten.HcmService\src\Diten.HcmService.Api\bin\Debug\net8.0\Diten.HcmService.Infrastructure.dll" dosyası siliniyor.
         "C:\Users\user\Desktop\ERP-vNext\services\Diten.HcmService\src\Diten.HcmService.Api\bin\Debug\net8.0\Diten.HcmService.Persistence.dll" dosyası siliniyor.
         "C:\Users\user\Desktop\ERP-vNext\services\Diten.HcmService\src\Diten.HcmService.Api\bin\Debug\net8.0\Diten.HcmService.Application.pdb" dosyası siliniyor.
         "C:\Users\user\Desktop\ERP-vNext\services\Diten.HcmService\src\Diten.HcmService.Api\bin\Debug\net8.0\Diten.HcmService.Infrastructure.pdb" dosyası siliniyor.
         "C:\Users\user\Desktop\ERP-vNext\services\Diten.HcmService\src\Diten.HcmService.Api\bin\Debug\net8.0\Diten.HcmService.Persistence.pdb" dosyası siliniyor.
         "C:\Users\user\Desktop\ERP-vNext\services\Diten.HcmService\src\Diten.HcmService.Api\bin\Debug\net8.0\Diten.HcmService.Domain.pdb" dosyası siliniyor.
         "C:\Users\user\Desktop\ERP-vNext\services\Diten.HcmService\src\Diten.HcmService.Api\obj\Debug\net8.0\Diten.HcmService.Api.csproj.AssemblyReference.cache" dosyası siliniyor.
         "C:\Users\user\Desktop\ERP-vNext\services\Diten.HcmService\src\Diten.HcmService.Api\obj\Debug\net8.0\rpswa.dswa.cache.json" dosyası siliniyor.
         "C:\Users\user\Desktop\ERP-vNext\services\Diten.HcmService\src\Diten.HcmService.Api\obj\Debug\net8.0\Diten.HcmService.Api.GeneratedMSBuildEditorConfig.editorconfig" dosyası siliniyor.
         "C:\Users\user\Desktop\ERP-vNext\services\Diten.HcmService\src\Diten.HcmService.Api\obj\Debug\net8.0\Diten.HcmService.Api.AssemblyInfoInputs.cache" dosyası siliniyor.
         "C:\Users\user\Desktop\ERP-vNext\services\Diten.HcmService\src\Diten.HcmService.Api\obj\Debug\net8.0\Diten.HcmService.Api.AssemblyInfo.cs" dosyası siliniyor.
         "C:\Users\user\Desktop\ERP-vNext\services\Diten.HcmService\src\Diten.HcmService.Api\obj\Debug\net8.0\Diten.HcmService.Api.csproj.CoreCompileInputs.cache" dosyası siliniyor.
         "C:\Users\user\Desktop\ERP-vNext\services\Diten.HcmService\src\Diten.HcmService.Api\obj\Debug\net8.0\Diten.HcmService.Api.MvcApplicationPartsAssemblyInfo.cs" dosyası siliniyor.
         "C:\Users\user\Desktop\ERP-vNext\services\Diten.HcmService\src\Diten.HcmService.Api\obj\Debug\net8.0\Diten.HcmService.Api.MvcApplicationPartsAssemblyInfo.cache" dosyası siliniyor.
         "C:\Users\user\Desktop\ERP-vNext\services\Diten.HcmService\src\Diten.HcmService.Api\obj\Debug\net8.0\Diten.HcmService.Api.sourcelink.json" dosyası siliniyor.
         "C:\Users\user\Desktop\ERP-vNext\services\Diten.HcmService\src\Diten.HcmService.Api\obj\Debug\net8.0\rjsmrazor.dswa.cache.json" dosyası siliniyor.
         "C:\Users\user\Desktop\ERP-vNext\services\Diten.HcmService\src\Diten.HcmService.Api\obj\Debug\net8.0\rjsmcshtml.dswa.cache.json" dosyası siliniyor.
         "C:\Users\user\Desktop\ERP-vNext\services\Diten.HcmService\src\Diten.HcmService.Api\obj\Debug\net8.0\staticwebassets.build.json" dosyası siliniyor.
         "C:\Users\user\Desktop\ERP-vNext\services\Diten.HcmService\src\Diten.HcmService.Api\obj\Debug\net8.0\staticwebassets.build.json.cache" dosyası siliniyor.
         "C:\Users\user\Desktop\ERP-vNext\services\Diten.HcmService\src\Diten.HcmService.Api\obj\Debug\net8.0\staticwebassets.build.endpoints.json" dosyası siliniyor.
         "C:\Users\user\Desktop\ERP-vNext\services\Diten.HcmService\src\Diten.HcmService.Api\obj\Debug\net8.0\swae.build.ex.cache" dosyası siliniyor.
         "C:\Users\user\Desktop\ERP-vNext\services\Diten.HcmService\src\Diten.HcmService.Api\obj\Debug\net8.0\Diten.Hc.2BC31144.Up2Date" dosyası siliniyor.
         "C:\Users\user\Desktop\ERP-vNext\services\Diten.HcmService\src\Diten.HcmService.Api\obj\Debug\net8.0\Diten.HcmService.Api.dll" dosyası siliniyor.
         "C:\Users\user\Desktop\ERP-vNext\services\Diten.HcmService\src\Diten.HcmService.Api\obj\Debug\net8.0\refint\Diten.HcmService.Api.dll" dosyası siliniyor.
         "C:\Users\user\Desktop\ERP-vNext\services\Diten.HcmService\src\Diten.HcmService.Api\obj\Debug\net8.0\Diten.HcmService.Api.pdb" dosyası siliniyor.
         "C:\Users\user\Desktop\ERP-vNext\services\Diten.HcmService\src\Diten.HcmService.Api\obj\Debug\net8.0\Diten.HcmService.Api.genruntimeconfig.cache" dosyası siliniyor.
         "C:\Users\user\Desktop\ERP-vNext\services\Diten.HcmService\src\Diten.HcmService.Api\obj\Debug\net8.0\ref\Diten.HcmService.Api.dll" dosyası siliniyor.
     1>"C:\Users\user\Desktop\ERP-vNext\services\Diten.HcmService\src\Diten.HcmService.Api\Diten.HcmService.Api.csproj" projesi (1) 4 düğümünde "C:\Users\user\Desktop\ERP-vNext\services\Diten.HcmService\src\Diten.HcmService.Infrastructure\Diten.HcmService.Infrastructure.csproj" (3:2) oluşturuyor (Clean hedef).
     3>_CheckForNETCoreSdkIsPreview:
       C:\Program Files\dotnet\sdk\10.0.100-rc.2.25502.107\Sdks\Microsoft.NET.Sdk\targets\Microsoft.NET.RuntimeIdentifierInference.targets(351,5): message NETSDK1057: Bir .NET önizleme sürümü kullanıyorsunuz. Bkz. https://aka.ms/dotnet-support-policy [C:\Users\user\Desktop\ERP-vNext\services\Diten.HcmService\src\Diten.HcmService.Infrastructure\Diten.HcmService.Infrastructure.csproj]
     1>"C:\Users\user\Desktop\ERP-vNext\services\Diten.HcmService\src\Diten.HcmService.Api\Diten.HcmService.Api.csproj" projesi (1) 1 düğümünde "C:\Users\user\Desktop\ERP-vNext\services\Diten.HcmService\src\Diten.HcmService.Application\Diten.HcmService.Application.csproj" (2:2) oluşturuyor (Clean hedef).
     2>CoreClean:
         "C:\Users\user\Desktop\ERP-vNext\services\Diten.HcmService\src\Diten.HcmService.Application\bin\Debug\net8.0\Diten.HcmService.Application.deps.json" dosyası siliniyor.
         "C:\Users\user\Desktop\ERP-vNext\services\Diten.HcmService\src\Diten.HcmService.Application\bin\Debug\net8.0\Diten.HcmService.Application.dll" dosyası siliniyor.
         "C:\Users\user\Desktop\ERP-vNext\services\Diten.HcmService\src\Diten.HcmService.Application\bin\Debug\net8.0\Diten.HcmService.Application.pdb" dosyası siliniyor.
         "C:\Users\user\Desktop\ERP-vNext\services\Diten.HcmService\src\Diten.HcmService.Application\bin\Debug\net8.0\Diten.HcmService.Domain.dll" dosyası siliniyor.
         "C:\Users\user\Desktop\ERP-vNext\services\Diten.HcmService\src\Diten.HcmService.Application\bin\Debug\net8.0\Diten.HcmService.Domain.pdb" dosyası siliniyor.
         "C:\Users\user\Desktop\ERP-vNext\services\Diten.HcmService\src\Diten.HcmService.Application\obj\Debug\net8.0\Diten.HcmService.Application.csproj.AssemblyReference.cache" dosyası siliniyor.
         "C:\Users\user\Desktop\ERP-vNext\services\Diten.HcmService\src\Diten.HcmService.Application\obj\Debug\net8.0\Diten.HcmService.Application.GeneratedMSBuildEditorConfig.editorconfig" dosyası siliniyor.
         "C:\Users\user\Desktop\ERP-vNext\services\Diten.HcmService\src\Diten.HcmService.Application\obj\Debug\net8.0\Diten.HcmService.Application.AssemblyInfoInputs.cache" dosyası siliniyor.
         "C:\Users\user\Desktop\ERP-vNext\services\Diten.HcmService\src\Diten.HcmService.Application\obj\Debug\net8.0\Diten.HcmService.Application.AssemblyInfo.cs" dosyası siliniyor.
     1>"C:\Users\user\Desktop\ERP-vNext\services\Diten.HcmService\src\Diten.HcmService.Api\Diten.HcmService.Api.csproj" projesi (1) 2 düğümünde "C:\Users\user\Desktop\ERP-vNext\services\Diten.HcmService\src\Diten.HcmService.Persistence\Diten.HcmService.Persistence.csproj" (4:2) oluşturuyor (Clean hedef).
     4>_CheckForNETCoreSdkIsPreview:
       C:\Program Files\dotnet\sdk\10.0.100-rc.2.25502.107\Sdks\Microsoft.NET.Sdk\targets\Microsoft.NET.RuntimeIdentifierInference.targets(351,5): message NETSDK1057: Bir .NET önizleme sürümü kullanıyorsunuz. Bkz. https://aka.ms/dotnet-support-policy [C:\Users\user\Desktop\ERP-vNext\services\Diten.HcmService\src\Diten.HcmService.Persistence\Diten.HcmService.Persistence.csproj]
     2>CoreClean:
         "C:\Users\user\Desktop\ERP-vNext\services\Diten.HcmService\src\Diten.HcmService.Application\obj\Debug\net8.0\Diten.HcmService.Application.csproj.CoreCompileInputs.cache" dosyası siliniyor.
     3>CoreClean:
         "C:\Users\user\Desktop\ERP-vNext\services\Diten.HcmService\src\Diten.HcmService.Infrastructure\bin\Debug\net8.0\Diten.HcmService.Infrastructure.deps.json" dosyası siliniyor.
         "C:\Users\user\Desktop\ERP-vNext\services\Diten.HcmService\src\Diten.HcmService.Infrastructure\bin\Debug\net8.0\Diten.HcmService.Infrastructure.dll" dosyası siliniyor.
         "C:\Users\user\Desktop\ERP-vNext\services\Diten.HcmService\src\Diten.HcmService.Infrastructure\bin\Debug\net8.0\Diten.HcmService.Infrastructure.pdb" dosyası siliniyor.
         "C:\Users\user\Desktop\ERP-vNext\services\Diten.HcmService\src\Diten.HcmService.Infrastructure\bin\Debug\net8.0\Diten.HcmService.Application.dll" dosyası siliniyor.
         "C:\Users\user\Desktop\ERP-vNext\services\Diten.HcmService\src\Diten.HcmService.Infrastructure\bin\Debug\net8.0\Diten.HcmService.Domain.dll" dosyası siliniyor.
         "C:\Users\user\Desktop\ERP-vNext\services\Diten.HcmService\src\Diten.HcmService.Infrastructure\bin\Debug\net8.0\Diten.HcmService.Application.pdb" dosyası siliniyor.
     2>CoreClean:
         "C:\Users\user\Desktop\ERP-vNext\services\Diten.HcmService\src\Diten.HcmService.Application\obj\Debug\net8.0\Diten.HcmService.Application.sourcelink.json" dosyası siliniyor.
     1>"C:\Users\user\Desktop\ERP-vNext\services\Diten.HcmService\src\Diten.HcmService.Api\Diten.HcmService.Api.csproj" projesi (1) 3 düğümünde "C:\Users\user\Desktop\ERP-vNext\services\Diten.HcmService\src\Diten.HcmService.Domain\Diten.HcmService.Domain.csproj" (5:2) oluşturuyor (Clean hedef).
     5>_CheckForNETCoreSdkIsPreview:
       C:\Program Files\dotnet\sdk\10.0.100-rc.2.25502.107\Sdks\Microsoft.NET.Sdk\targets\Microsoft.NET.RuntimeIdentifierInference.targets(351,5): message NETSDK1057: Bir .NET önizleme sürümü kullanıyorsunuz. Bkz. https://aka.ms/dotnet-support-policy [C:\Users\user\Desktop\ERP-vNext\services\Diten.HcmService\src\Diten.HcmService.Domain\Diten.HcmService.Domain.csproj]
     2>CoreClean:
         "C:\Users\user\Desktop\ERP-vNext\services\Diten.HcmService\src\Diten.HcmService.Application\obj\Debug\net8.0\Diten.Hc.9A5C2D3A.Up2Date" dosyası siliniyor.
     3>CoreClean:
         "C:\Users\user\Desktop\ERP-vNext\services\Diten.HcmService\src\Diten.HcmService.Infrastructure\bin\Debug\net8.0\Diten.HcmService.Domain.pdb" dosyası siliniyor.
     2>CoreClean:
         "C:\Users\user\Desktop\ERP-vNext\services\Diten.HcmService\src\Diten.HcmService.Application\obj\Debug\net8.0\Diten.HcmService.Application.dll" dosyası siliniyor.
         "C:\Users\user\Desktop\ERP-vNext\services\Diten.HcmService\src\Diten.HcmService.Application\obj\Debug\net8.0\refint\Diten.HcmService.Application.dll" dosyası siliniyor.
         "C:\Users\user\Desktop\ERP-vNext\services\Diten.HcmService\src\Diten.HcmService.Application\obj\Debug\net8.0\Diten.HcmService.Application.pdb" dosyası siliniyor.
     3>CoreClean:
         "C:\Users\user\Desktop\ERP-vNext\services\Diten.HcmService\src\Diten.HcmService.Infrastructure\obj\Debug\net8.0\Diten.HcmService.Infrastructure.csproj.AssemblyReference.cache" dosyası siliniyor.
         "C:\Users\user\Desktop\ERP-vNext\services\Diten.HcmService\src\Diten.HcmService.Infrastructure\obj\Debug\net8.0\Diten.HcmService.Infrastructure.GeneratedMSBuildEditorConfig.editorconfig" dosyası siliniyor.
         "C:\Users\user\Desktop\ERP-vNext\services\Diten.HcmService\src\Diten.HcmService.Infrastructure\obj\Debug\net8.0\Diten.HcmService.Infrastructure.AssemblyInfoInputs.cache" dosyası siliniyor.
         "C:\Users\user\Desktop\ERP-vNext\services\Diten.HcmService\src\Diten.HcmService.Infrastructure\obj\Debug\net8.0\Diten.HcmService.Infrastructure.AssemblyInfo.cs" dosyası siliniyor.
     2>CoreClean:
         "C:\Users\user\Desktop\ERP-vNext\services\Diten.HcmService\src\Diten.HcmService.Application\obj\Debug\net8.0\ref\Diten.HcmService.Application.dll" dosyası siliniyor.
     4>CoreClean:
         "C:\Users\user\Desktop\ERP-vNext\services\Diten.HcmService\src\Diten.HcmService.Persistence\bin\Debug\net8.0\Diten.HcmService.Persistence.deps.json" dosyası siliniyor.
         "C:\Users\user\Desktop\ERP-vNext\services\Diten.HcmService\src\Diten.HcmService.Persistence\bin\Debug\net8.0\Diten.HcmService.Persistence.dll" dosyası siliniyor.
         "C:\Users\user\Desktop\ERP-vNext\services\Diten.HcmService\src\Diten.HcmService.Persistence\bin\Debug\net8.0\Diten.HcmService.Persistence.pdb" dosyası siliniyor.
         "C:\Users\user\Desktop\ERP-vNext\services\Diten.HcmService\src\Diten.HcmService.Persistence\bin\Debug\net8.0\Diten.HcmService.Application.dll" dosyası siliniyor.
         "C:\Users\user\Desktop\ERP-vNext\services\Diten.HcmService\src\Diten.HcmService.Persistence\bin\Debug\net8.0\Diten.HcmService.Domain.dll" dosyası siliniyor.
     3>CoreClean:
         "C:\Users\user\Desktop\ERP-vNext\services\Diten.HcmService\src\Diten.HcmService.Infrastructure\obj\Debug\net8.0\Diten.HcmService.Infrastructure.csproj.CoreCompileInputs.cache" dosyası siliniyor.
     4>CoreClean:
         "C:\Users\user\Desktop\ERP-vNext\services\Diten.HcmService\src\Diten.HcmService.Persistence\bin\Debug\net8.0\Diten.HcmService.Application.pdb" dosyası siliniyor.
     3>CoreClean:
         "C:\Users\user\Desktop\ERP-vNext\services\Diten.HcmService\src\Diten.HcmService.Infrastructure\obj\Debug\net8.0\Diten.HcmService.Infrastructure.sourcelink.json" dosyası siliniyor.
     4>CoreClean:
         "C:\Users\user\Desktop\ERP-vNext\services\Diten.HcmService\src\Diten.HcmService.Persistence\bin\Debug\net8.0\Diten.HcmService.Domain.pdb" dosyası siliniyor.
     3>CoreClean:
         "C:\Users\user\Desktop\ERP-vNext\services\Diten.HcmService\src\Diten.HcmService.Infrastructure\obj\Debug\net8.0\Diten.Hc.A7C9B238.Up2Date" dosyası siliniyor.
     4>CoreClean:
         "C:\Users\user\Desktop\ERP-vNext\services\Diten.HcmService\src\Diten.HcmService.Persistence\obj\Debug\net8.0\Diten.HcmService.Persistence.csproj.AssemblyReference.cache" dosyası siliniyor.
         "C:\Users\user\Desktop\ERP-vNext\services\Diten.HcmService\src\Diten.HcmService.Persistence\obj\Debug\net8.0\Diten.HcmService.Persistence.GeneratedMSBuildEditorConfig.editorconfig" dosyası siliniyor.
     3>CoreClean:
         "C:\Users\user\Desktop\ERP-vNext\services\Diten.HcmService\src\Diten.HcmService.Infrastructure\obj\Debug\net8.0\Diten.HcmService.Infrastructure.dll" dosyası siliniyor.
     4>CoreClean:
         "C:\Users\user\Desktop\ERP-vNext\services\Diten.HcmService\src\Diten.HcmService.Persistence\obj\Debug\net8.0\Diten.HcmService.Persistence.AssemblyInfoInputs.cache" dosyası siliniyor.
     3>CoreClean:
         "C:\Users\user\Desktop\ERP-vNext\services\Diten.HcmService\src\Diten.HcmService.Infrastructure\obj\Debug\net8.0\refint\Diten.HcmService.Infrastructure.dll" dosyası siliniyor.
         "C:\Users\user\Desktop\ERP-vNext\services\Diten.HcmService\src\Diten.HcmService.Infrastructure\obj\Debug\net8.0\Diten.HcmService.Infrastructure.pdb" dosyası siliniyor.
     4>CoreClean:
         "C:\Users\user\Desktop\ERP-vNext\services\Diten.HcmService\src\Diten.HcmService.Persistence\obj\Debug\net8.0\Diten.HcmService.Persistence.AssemblyInfo.cs" dosyası siliniyor.
     3>CoreClean:
         "C:\Users\user\Desktop\ERP-vNext\services\Diten.HcmService\src\Diten.HcmService.Infrastructure\obj\Debug\net8.0\ref\Diten.HcmService.Infrastructure.dll" dosyası siliniyor.
     4>CoreClean:
         "C:\Users\user\Desktop\ERP-vNext\services\Diten.HcmService\src\Diten.HcmService.Persistence\obj\Debug\net8.0\Diten.HcmService.Persistence.csproj.CoreCompileInputs.cache" dosyası siliniyor.
         "C:\Users\user\Desktop\ERP-vNext\services\Diten.HcmService\src\Diten.HcmService.Persistence\obj\Debug\net8.0\Diten.HcmService.Persistence.sourcelink.json" dosyası siliniyor.
         "C:\Users\user\Desktop\ERP-vNext\services\Diten.HcmService\src\Diten.HcmService.Persistence\obj\Debug\net8.0\Diten.Hc.A8134BB9.Up2Date" dosyası siliniyor.
         "C:\Users\user\Desktop\ERP-vNext\services\Diten.HcmService\src\Diten.HcmService.Persistence\obj\Debug\net8.0\Diten.HcmService.Persistence.dll" dosyası siliniyor.
         "C:\Users\user\Desktop\ERP-vNext\services\Diten.HcmService\src\Diten.HcmService.Persistence\obj\Debug\net8.0\refint\Diten.HcmService.Persistence.dll" dosyası siliniyor.
         "C:\Users\user\Desktop\ERP-vNext\services\Diten.HcmService\src\Diten.HcmService.Persistence\obj\Debug\net8.0\Diten.HcmService.Persistence.pdb" dosyası siliniyor.
         "C:\Users\user\Desktop\ERP-vNext\services\Diten.HcmService\src\Diten.HcmService.Persistence\obj\Debug\net8.0\ref\Diten.HcmService.Persistence.dll" dosyası siliniyor.
     5>CoreClean:
         "C:\Users\user\Desktop\ERP-vNext\services\Diten.HcmService\src\Diten.HcmService.Domain\bin\Debug\net8.0\Diten.HcmService.Domain.deps.json" dosyası siliniyor.
         "C:\Users\user\Desktop\ERP-vNext\services\Diten.HcmService\src\Diten.HcmService.Domain\bin\Debug\net8.0\Diten.HcmService.Domain.dll" dosyası siliniyor.
         "C:\Users\user\Desktop\ERP-vNext\services\Diten.HcmService\src\Diten.HcmService.Domain\bin\Debug\net8.0\Diten.HcmService.Domain.pdb" dosyası siliniyor.
         "C:\Users\user\Desktop\ERP-vNext\services\Diten.HcmService\src\Diten.HcmService.Domain\obj\Debug\net8.0\Diten.HcmService.Domain.GeneratedMSBuildEditorConfig.editorconfig" dosyası siliniyor.
         "C:\Users\user\Desktop\ERP-vNext\services\Diten.HcmService\src\Diten.HcmService.Domain\obj\Debug\net8.0\Diten.HcmService.Domain.AssemblyInfoInputs.cache" dosyası siliniyor.
         "C:\Users\user\Desktop\ERP-vNext\services\Diten.HcmService\src\Diten.HcmService.Domain\obj\Debug\net8.0\Diten.HcmService.Domain.AssemblyInfo.cs" dosyası siliniyor.
         "C:\Users\user\Desktop\ERP-vNext\services\Diten.HcmService\src\Diten.HcmService.Domain\obj\Debug\net8.0\Diten.HcmService.Domain.csproj.CoreCompileInputs.cache" dosyası siliniyor.
         "C:\Users\user\Desktop\ERP-vNext\services\Diten.HcmService\src\Diten.HcmService.Domain\obj\Debug\net8.0\Diten.HcmService.Domain.sourcelink.json" dosyası siliniyor.
         "C:\Users\user\Desktop\ERP-vNext\services\Diten.HcmService\src\Diten.HcmService.Domain\obj\Debug\net8.0\Diten.HcmService.Domain.dll" dosyası siliniyor.
         "C:\Users\user\Desktop\ERP-vNext\services\Diten.HcmService\src\Diten.HcmService.Domain\obj\Debug\net8.0\refint\Diten.HcmService.Domain.dll" dosyası siliniyor.
         "C:\Users\user\Desktop\ERP-vNext\services\Diten.HcmService\src\Diten.HcmService.Domain\obj\Debug\net8.0\Diten.HcmService.Domain.pdb" dosyası siliniyor.
         "C:\Users\user\Desktop\ERP-vNext\services\Diten.HcmService\src\Diten.HcmService.Domain\obj\Debug\net8.0\ref\Diten.HcmService.Domain.dll" dosyası siliniyor.
     5>"C:\Users\user\Desktop\ERP-vNext\services\Diten.HcmService\src\Diten.HcmService.Domain\Diten.HcmService.Domain.csproj" Projesini Oluşturma İşlemi Tamamlandı (Clean hedef).
     2>"C:\Users\user\Desktop\ERP-vNext\services\Diten.HcmService\src\Diten.HcmService.Application\Diten.HcmService.Application.csproj" Projesini Oluşturma İşlemi Tamamlandı (Clean hedef).
     3>"C:\Users\user\Desktop\ERP-vNext\services\Diten.HcmService\src\Diten.HcmService.Infrastructure\Diten.HcmService.Infrastructure.csproj" Projesini Oluşturma İşlemi Tamamlandı (Clean hedef).
     4>"C:\Users\user\Desktop\ERP-vNext\services\Diten.HcmService\src\Diten.HcmService.Persistence\Diten.HcmService.Persistence.csproj" Projesini Oluşturma İşlemi Tamamlandı (Clean hedef).
     1>"C:\Users\user\Desktop\ERP-vNext\services\Diten.HcmService\src\Diten.HcmService.Api\Diten.HcmService.Api.csproj" Projesini Oluşturma İşlemi Tamamlandı (Clean hedef).

Oluşturma başarılı oldu.
    0 Uyarı
    0 Hata

Geçen Süre 00:00:02.77
Cleaning Mdm...
Oluşturma başlatıldı: 25.07.2026 21:23:01.
     1>1 düğümünde "C:\Users\user\Desktop\ERP-vNext\services\Diten.MdmService\src\Diten.MdmService.Api\Diten.MdmService.Api.csproj" projesi (Clean hedef).
     1>_CheckForNETCoreSdkIsPreview:
       C:\Program Files\dotnet\sdk\10.0.100-rc.2.25502.107\Sdks\Microsoft.NET.Sdk\targets\Microsoft.NET.RuntimeIdentifierInference.targets(351,5): message NETSDK1057: Bir .NET önizleme sürümü kullanıyorsunuz. Bkz. https://aka.ms/dotnet-support-policy [C:\Users\user\Desktop\ERP-vNext\services\Diten.MdmService\src\Diten.MdmService.Api\Diten.MdmService.Api.csproj]
       CoreClean:
         "C:\Users\user\Desktop\ERP-vNext\services\Diten.MdmService\src\Diten.MdmService.Api\bin\Debug\net8.0\appsettings.Development.json" dosyası siliniyor.
         "C:\Users\user\Desktop\ERP-vNext\services\Diten.MdmService\src\Diten.MdmService.Api\bin\Debug\net8.0\appsettings.json" dosyası siliniyor.
         "C:\Users\user\Desktop\ERP-vNext\services\Diten.MdmService\src\Diten.MdmService.Api\bin\Debug\net8.0\Diten.MdmService.Api.staticwebassets.endpoints.json" dosyası siliniyor.
         "C:\Users\user\Desktop\ERP-vNext\services\Diten.MdmService\src\Diten.MdmService.Api\bin\Debug\net8.0\Diten.MdmService.Api.exe" dosyası siliniyor.
         "C:\Users\user\Desktop\ERP-vNext\services\Diten.MdmService\src\Diten.MdmService.Api\bin\Debug\net8.0\Diten.MdmService.Api.deps.json" dosyası siliniyor.
         "C:\Users\user\Desktop\ERP-vNext\services\Diten.MdmService\src\Diten.MdmService.Api\bin\Debug\net8.0\Diten.MdmService.Api.runtimeconfig.json" dosyası siliniyor.
         "C:\Users\user\Desktop\ERP-vNext\services\Diten.MdmService\src\Diten.MdmService.Api\bin\Debug\net8.0\Diten.MdmService.Api.dll" dosyası siliniyor.
         "C:\Users\user\Desktop\ERP-vNext\services\Diten.MdmService\src\Diten.MdmService.Api\bin\Debug\net8.0\Diten.MdmService.Api.pdb" dosyası siliniyor.
         "C:\Users\user\Desktop\ERP-vNext\services\Diten.MdmService\src\Diten.MdmService.Api\bin\Debug\net8.0\AWSSDK.Core.dll" dosyası siliniyor.
         "C:\Users\user\Desktop\ERP-vNext\services\Diten.MdmService\src\Diten.MdmService.Api\bin\Debug\net8.0\AWSSDK.SecurityToken.dll" dosyası siliniyor.
         "C:\Users\user\Desktop\ERP-vNext\services\Diten.MdmService\src\Diten.MdmService.Api\bin\Debug\net8.0\DnsClient.dll" dosyası siliniyor.
         "C:\Users\user\Desktop\ERP-vNext\services\Diten.MdmService\src\Diten.MdmService.Api\bin\Debug\net8.0\FluentValidation.dll" dosyası siliniyor.
         "C:\Users\user\Desktop\ERP-vNext\services\Diten.MdmService\src\Diten.MdmService.Api\bin\Debug\net8.0\FluentValidation.DependencyInjectionExtensions.dll" dosyası siliniyor.
         "C:\Users\user\Desktop\ERP-vNext\services\Diten.MdmService\src\Diten.MdmService.Api\bin\Debug\net8.0\MediatR.dll" dosyası siliniyor.
         "C:\Users\user\Desktop\ERP-vNext\services\Diten.MdmService\src\Diten.MdmService.Api\bin\Debug\net8.0\MediatR.Contracts.dll" dosyası siliniyor.
         "C:\Users\user\Desktop\ERP-vNext\services\Diten.MdmService\src\Diten.MdmService.Api\bin\Debug\net8.0\Microsoft.AspNetCore.Authentication.JwtBearer.dll" dosyası siliniyor.
         "C:\Users\user\Desktop\ERP-vNext\services\Diten.MdmService\src\Diten.MdmService.Api\bin\Debug\net8.0\Microsoft.Extensions.DependencyInjection.Abstractions.dll" dosyası siliniyor.
         "C:\Users\user\Desktop\ERP-vNext\services\Diten.MdmService\src\Diten.MdmService.Api\bin\Debug\net8.0\Microsoft.Extensions.Logging.Abstractions.dll" dosyası siliniyor.
         "C:\Users\user\Desktop\ERP-vNext\services\Diten.MdmService\src\Diten.MdmService.Api\bin\Debug\net8.0\Microsoft.IdentityModel.Abstractions.dll" dosyası siliniyor.
         "C:\Users\user\Desktop\ERP-vNext\services\Diten.MdmService\src\Diten.MdmService.Api\bin\Debug\net8.0\Microsoft.IdentityModel.JsonWebTokens.dll" dosyası siliniyor.
         "C:\Users\user\Desktop\ERP-vNext\services\Diten.MdmService\src\Diten.MdmService.Api\bin\Debug\net8.0\Microsoft.IdentityModel.Logging.dll" dosyası siliniyor.
         "C:\Users\user\Desktop\ERP-vNext\services\Diten.MdmService\src\Diten.MdmService.Api\bin\Debug\net8.0\Microsoft.IdentityModel.Protocols.dll" dosyası siliniyor.
         "C:\Users\user\Desktop\ERP-vNext\services\Diten.MdmService\src\Diten.MdmService.Api\bin\Debug\net8.0\Microsoft.IdentityModel.Protocols.OpenIdConnect.dll" dosyası siliniyor.
         "C:\Users\user\Desktop\ERP-vNext\services\Diten.MdmService\src\Diten.MdmService.Api\bin\Debug\net8.0\Microsoft.IdentityModel.Tokens.dll" dosyası siliniyor.
         "C:\Users\user\Desktop\ERP-vNext\services\Diten.MdmService\src\Diten.MdmService.Api\bin\Debug\net8.0\Microsoft.OpenApi.dll" dosyası siliniyor.
         "C:\Users\user\Desktop\ERP-vNext\services\Diten.MdmService\src\Diten.MdmService.Api\bin\Debug\net8.0\MongoDB.Bson.dll" dosyası siliniyor.
         "C:\Users\user\Desktop\ERP-vNext\services\Diten.MdmService\src\Diten.MdmService.Api\bin\Debug\net8.0\MongoDB.Driver.dll" dosyası siliniyor.
         "C:\Users\user\Desktop\ERP-vNext\services\Diten.MdmService\src\Diten.MdmService.Api\bin\Debug\net8.0\MongoDB.Driver.Core.dll" dosyası siliniyor.
         "C:\Users\user\Desktop\ERP-vNext\services\Diten.MdmService\src\Diten.MdmService.Api\bin\Debug\net8.0\MongoDB.Libmongocrypt.dll" dosyası siliniyor.
         "C:\Users\user\Desktop\ERP-vNext\services\Diten.MdmService\src\Diten.MdmService.Api\bin\Debug\net8.0\SharpCompress.dll" dosyası siliniyor.
         "C:\Users\user\Desktop\ERP-vNext\services\Diten.MdmService\src\Diten.MdmService.Api\bin\Debug\net8.0\Snappier.dll" dosyası siliniyor.
         "C:\Users\user\Desktop\ERP-vNext\services\Diten.MdmService\src\Diten.MdmService.Api\bin\Debug\net8.0\Swashbuckle.AspNetCore.Swagger.dll" dosyası siliniyor.
         "C:\Users\user\Desktop\ERP-vNext\services\Diten.MdmService\src\Diten.MdmService.Api\bin\Debug\net8.0\Swashbuckle.AspNetCore.SwaggerGen.dll" dosyası siliniyor.
         "C:\Users\user\Desktop\ERP-vNext\services\Diten.MdmService\src\Diten.MdmService.Api\bin\Debug\net8.0\Swashbuckle.AspNetCore.SwaggerUI.dll" dosyası siliniyor.
         "C:\Users\user\Desktop\ERP-vNext\services\Diten.MdmService\src\Diten.MdmService.Api\bin\Debug\net8.0\System.IdentityModel.Tokens.Jwt.dll" dosyası siliniyor.
         "C:\Users\user\Desktop\ERP-vNext\services\Diten.MdmService\src\Diten.MdmService.Api\bin\Debug\net8.0\ZstdSharp.dll" dosyası siliniyor.
         "C:\Users\user\Desktop\ERP-vNext\services\Diten.MdmService\src\Diten.MdmService.Api\bin\Debug\net8.0\runtimes\linux\native\libmongocrypt.so" dosyası siliniyor.
         "C:\Users\user\Desktop\ERP-vNext\services\Diten.MdmService\src\Diten.MdmService.Api\bin\Debug\net8.0\runtimes\osx\native\libmongocrypt.dylib" dosyası siliniyor.
         "C:\Users\user\Desktop\ERP-vNext\services\Diten.MdmService\src\Diten.MdmService.Api\bin\Debug\net8.0\runtimes\win\native\mongocrypt.dll" dosyası siliniyor.
         "C:\Users\user\Desktop\ERP-vNext\services\Diten.MdmService\src\Diten.MdmService.Api\bin\Debug\net8.0\Diten.BuildingBlocks.ModuleRegistration.Abstractions.dll" dosyası siliniyor.
         "C:\Users\user\Desktop\ERP-vNext\services\Diten.MdmService\src\Diten.MdmService.Api\bin\Debug\net8.0\Diten.MdmService.Application.dll" dosyası siliniyor.
         "C:\Users\user\Desktop\ERP-vNext\services\Diten.MdmService\src\Diten.MdmService.Api\bin\Debug\net8.0\Diten.MdmService.Domain.dll" dosyası siliniyor.
         "C:\Users\user\Desktop\ERP-vNext\services\Diten.MdmService\src\Diten.MdmService.Api\bin\Debug\net8.0\Diten.MdmService.Infrastructure.dll" dosyası siliniyor.
         "C:\Users\user\Desktop\ERP-vNext\services\Diten.MdmService\src\Diten.MdmService.Api\bin\Debug\net8.0\Diten.MdmService.Persistence.dll" dosyası siliniyor.
         "C:\Users\user\Desktop\ERP-vNext\services\Diten.MdmService\src\Diten.MdmService.Api\bin\Debug\net8.0\Diten.MdmService.Application.pdb" dosyası siliniyor.
         "C:\Users\user\Desktop\ERP-vNext\services\Diten.MdmService\src\Diten.MdmService.Api\bin\Debug\net8.0\Diten.MdmService.Infrastructure.pdb" dosyası siliniyor.
         "C:\Users\user\Desktop\ERP-vNext\services\Diten.MdmService\src\Diten.MdmService.Api\bin\Debug\net8.0\Diten.MdmService.Persistence.pdb" dosyası siliniyor.
         "C:\Users\user\Desktop\ERP-vNext\services\Diten.MdmService\src\Diten.MdmService.Api\bin\Debug\net8.0\Diten.BuildingBlocks.ModuleRegistration.Abstractions.pdb" dosyası siliniyor.
         "C:\Users\user\Desktop\ERP-vNext\services\Diten.MdmService\src\Diten.MdmService.Api\bin\Debug\net8.0\Diten.MdmService.Domain.pdb" dosyası siliniyor.
         "C:\Users\user\Desktop\ERP-vNext\services\Diten.MdmService\src\Diten.MdmService.Api\obj\Debug\net8.0\Diten.MdmService.Api.csproj.AssemblyReference.cache" dosyası siliniyor.
         "C:\Users\user\Desktop\ERP-vNext\services\Diten.MdmService\src\Diten.MdmService.Api\obj\Debug\net8.0\rpswa.dswa.cache.json" dosyası siliniyor.
         "C:\Users\user\Desktop\ERP-vNext\services\Diten.MdmService\src\Diten.MdmService.Api\obj\Debug\net8.0\Diten.MdmService.Api.GeneratedMSBuildEditorConfig.editorconfig" dosyası siliniyor.
         "C:\Users\user\Desktop\ERP-vNext\services\Diten.MdmService\src\Diten.MdmService.Api\obj\Debug\net8.0\Diten.MdmService.Api.AssemblyInfoInputs.cache" dosyası siliniyor.
         "C:\Users\user\Desktop\ERP-vNext\services\Diten.MdmService\src\Diten.MdmService.Api\obj\Debug\net8.0\Diten.MdmService.Api.AssemblyInfo.cs" dosyası siliniyor.
         "C:\Users\user\Desktop\ERP-vNext\services\Diten.MdmService\src\Diten.MdmService.Api\obj\Debug\net8.0\Diten.MdmService.Api.csproj.CoreCompileInputs.cache" dosyası siliniyor.
         "C:\Users\user\Desktop\ERP-vNext\services\Diten.MdmService\src\Diten.MdmService.Api\obj\Debug\net8.0\Diten.MdmService.Api.MvcApplicationPartsAssemblyInfo.cs" dosyası siliniyor.
         "C:\Users\user\Desktop\ERP-vNext\services\Diten.MdmService\src\Diten.MdmService.Api\obj\Debug\net8.0\Diten.MdmService.Api.MvcApplicationPartsAssemblyInfo.cache" dosyası siliniyor.
         "C:\Users\user\Desktop\ERP-vNext\services\Diten.MdmService\src\Diten.MdmService.Api\obj\Debug\net8.0\Diten.MdmService.Api.sourcelink.json" dosyası siliniyor.
         "C:\Users\user\Desktop\ERP-vNext\services\Diten.MdmService\src\Diten.MdmService.Api\obj\Debug\net8.0\rjsmrazor.dswa.cache.json" dosyası siliniyor.
         "C:\Users\user\Desktop\ERP-vNext\services\Diten.MdmService\src\Diten.MdmService.Api\obj\Debug\net8.0\rjsmcshtml.dswa.cache.json" dosyası siliniyor.
         "C:\Users\user\Desktop\ERP-vNext\services\Diten.MdmService\src\Diten.MdmService.Api\obj\Debug\net8.0\staticwebassets.build.json" dosyası siliniyor.
         "C:\Users\user\Desktop\ERP-vNext\services\Diten.MdmService\src\Diten.MdmService.Api\obj\Debug\net8.0\staticwebassets.build.json.cache" dosyası siliniyor.
         "C:\Users\user\Desktop\ERP-vNext\services\Diten.MdmService\src\Diten.MdmService.Api\obj\Debug\net8.0\staticwebassets.build.endpoints.json" dosyası siliniyor.
         "C:\Users\user\Desktop\ERP-vNext\services\Diten.MdmService\src\Diten.MdmService.Api\obj\Debug\net8.0\swae.build.ex.cache" dosyası siliniyor.
         "C:\Users\user\Desktop\ERP-vNext\services\Diten.MdmService\src\Diten.MdmService.Api\obj\Debug\net8.0\Diten.Md.80A2B409.Up2Date" dosyası siliniyor.
         "C:\Users\user\Desktop\ERP-vNext\services\Diten.MdmService\src\Diten.MdmService.Api\obj\Debug\net8.0\Diten.MdmService.Api.dll" dosyası siliniyor.
         "C:\Users\user\Desktop\ERP-vNext\services\Diten.MdmService\src\Diten.MdmService.Api\obj\Debug\net8.0\refint\Diten.MdmService.Api.dll" dosyası siliniyor.
         "C:\Users\user\Desktop\ERP-vNext\services\Diten.MdmService\src\Diten.MdmService.Api\obj\Debug\net8.0\Diten.MdmService.Api.pdb" dosyası siliniyor.
         "C:\Users\user\Desktop\ERP-vNext\services\Diten.MdmService\src\Diten.MdmService.Api\obj\Debug\net8.0\Diten.MdmService.Api.genruntimeconfig.cache" dosyası siliniyor.
         "C:\Users\user\Desktop\ERP-vNext\services\Diten.MdmService\src\Diten.MdmService.Api\obj\Debug\net8.0\ref\Diten.MdmService.Api.dll" dosyası siliniyor.
     1>"C:\Users\user\Desktop\ERP-vNext\services\Diten.MdmService\src\Diten.MdmService.Api\Diten.MdmService.Api.csproj" projesi (1) 4 düğümünde "C:\Users\user\Desktop\ERP-vNext\services\Diten.MdmService\src\Diten.MdmService.Persistence\Diten.MdmService.Persistence.csproj" (4:2) oluşturuyor (Clean hedef).
     4>_CheckForNETCoreSdkIsPreview:
       C:\Program Files\dotnet\sdk\10.0.100-rc.2.25502.107\Sdks\Microsoft.NET.Sdk\targets\Microsoft.NET.RuntimeIdentifierInference.targets(351,5): message NETSDK1057: Bir .NET önizleme sürümü kullanıyorsunuz. Bkz. https://aka.ms/dotnet-support-policy [C:\Users\user\Desktop\ERP-vNext\services\Diten.MdmService\src\Diten.MdmService.Persistence\Diten.MdmService.Persistence.csproj]
     1>"C:\Users\user\Desktop\ERP-vNext\services\Diten.MdmService\src\Diten.MdmService.Api\Diten.MdmService.Api.csproj" projesi (1) 2 düğümünde "C:\Users\user\Desktop\ERP-vNext\services\Diten.Building.Blocks\src\Diten.BuildingBlocks.ModuleRegistration.Abstractions\Diten.BuildingBlocks.ModuleRegistration.Abstractions.csproj" (3:2) oluşturuyor (Clean hedef).
     3>_CheckForNETCoreSdkIsPreview:
       C:\Program Files\dotnet\sdk\10.0.100-rc.2.25502.107\Sdks\Microsoft.NET.Sdk\targets\Microsoft.NET.RuntimeIdentifierInference.targets(351,5): message NETSDK1057: Bir .NET önizleme sürümü kullanıyorsunuz. Bkz. https://aka.ms/dotnet-support-policy [C:\Users\user\Desktop\ERP-vNext\services\Diten.Building.Blocks\src\Diten.BuildingBlocks.ModuleRegistration.Abstractions\Diten.BuildingBlocks.ModuleRegistration.Abstractions.csproj]
     4>CoreClean:
         "C:\Users\user\Desktop\ERP-vNext\services\Diten.MdmService\src\Diten.MdmService.Persistence\bin\Debug\net8.0\Diten.MdmService.Persistence.deps.json" dosyası siliniyor.
         "C:\Users\user\Desktop\ERP-vNext\services\Diten.MdmService\src\Diten.MdmService.Persistence\bin\Debug\net8.0\Diten.MdmService.Persistence.dll" dosyası siliniyor.
         "C:\Users\user\Desktop\ERP-vNext\services\Diten.MdmService\src\Diten.MdmService.Persistence\bin\Debug\net8.0\Diten.MdmService.Persistence.pdb" dosyası siliniyor.
     1>"C:\Users\user\Desktop\ERP-vNext\services\Diten.MdmService\src\Diten.MdmService.Api\Diten.MdmService.Api.csproj" projesi (1) 5 düğümünde "C:\Users\user\Desktop\ERP-vNext\services\Diten.MdmService\src\Diten.MdmService.Infrastructure\Diten.MdmService.Infrastructure.csproj" (6:2) oluşturuyor (Clean hedef).
     6>_CheckForNETCoreSdkIsPreview:
       C:\Program Files\dotnet\sdk\10.0.100-rc.2.25502.107\Sdks\Microsoft.NET.Sdk\targets\Microsoft.NET.RuntimeIdentifierInference.targets(351,5): message NETSDK1057: Bir .NET önizleme sürümü kullanıyorsunuz. Bkz. https://aka.ms/dotnet-support-policy [C:\Users\user\Desktop\ERP-vNext\services\Diten.MdmService\src\Diten.MdmService.Infrastructure\Diten.MdmService.Infrastructure.csproj]
     1>"C:\Users\user\Desktop\ERP-vNext\services\Diten.MdmService\src\Diten.MdmService.Api\Diten.MdmService.Api.csproj" projesi (1) 3 düğümünde "C:\Users\user\Desktop\ERP-vNext\services\Diten.MdmService\src\Diten.MdmService.Domain\Diten.MdmService.Domain.csproj" (5:2) oluşturuyor (Clean hedef).
     5>_CheckForNETCoreSdkIsPreview:
       C:\Program Files\dotnet\sdk\10.0.100-rc.2.25502.107\Sdks\Microsoft.NET.Sdk\targets\Microsoft.NET.RuntimeIdentifierInference.targets(351,5): message NETSDK1057: Bir .NET önizleme sürümü kullanıyorsunuz. Bkz. https://aka.ms/dotnet-support-policy [C:\Users\user\Desktop\ERP-vNext\services\Diten.MdmService\src\Diten.MdmService.Domain\Diten.MdmService.Domain.csproj]
     4>CoreClean:
         "C:\Users\user\Desktop\ERP-vNext\services\Diten.MdmService\src\Diten.MdmService.Persistence\bin\Debug\net8.0\Diten.MdmService.Application.dll" dosyası siliniyor.
         "C:\Users\user\Desktop\ERP-vNext\services\Diten.MdmService\src\Diten.MdmService.Persistence\bin\Debug\net8.0\Diten.MdmService.Domain.dll" dosyası siliniyor.
     1>"C:\Users\user\Desktop\ERP-vNext\services\Diten.MdmService\src\Diten.MdmService.Api\Diten.MdmService.Api.csproj" projesi (1) 1 düğümünde "C:\Users\user\Desktop\ERP-vNext\services\Diten.MdmService\src\Diten.MdmService.Application\Diten.MdmService.Application.csproj" (2:2) oluşturuyor (Clean hedef).
     2>CoreClean:
         "C:\Users\user\Desktop\ERP-vNext\services\Diten.MdmService\src\Diten.MdmService.Application\bin\Debug\net8.0\Diten.MdmService.Application.deps.json" dosyası siliniyor.
         "C:\Users\user\Desktop\ERP-vNext\services\Diten.MdmService\src\Diten.MdmService.Application\bin\Debug\net8.0\Diten.MdmService.Application.dll" dosyası siliniyor.
     4>CoreClean:
         "C:\Users\user\Desktop\ERP-vNext\services\Diten.MdmService\src\Diten.MdmService.Persistence\bin\Debug\net8.0\Diten.MdmService.Application.pdb" dosyası siliniyor.
         "C:\Users\user\Desktop\ERP-vNext\services\Diten.MdmService\src\Diten.MdmService.Persistence\bin\Debug\net8.0\Diten.MdmService.Domain.pdb" dosyası siliniyor.
     2>CoreClean:
         "C:\Users\user\Desktop\ERP-vNext\services\Diten.MdmService\src\Diten.MdmService.Application\bin\Debug\net8.0\Diten.MdmService.Application.pdb" dosyası siliniyor.
     3>"C:\Users\user\Desktop\ERP-vNext\services\Diten.Building.Blocks\src\Diten.BuildingBlocks.ModuleRegistration.Abstractions\Diten.BuildingBlocks.ModuleRegistration.Abstractions.csproj" Projesini Oluşturma İşlemi Tamamlandı (Clean hedef).
     5>CoreClean:
         "C:\Users\user\Desktop\ERP-vNext\services\Diten.MdmService\src\Diten.MdmService.Domain\bin\Debug\net8.0\Diten.MdmService.Domain.deps.json" dosyası siliniyor.
         "C:\Users\user\Desktop\ERP-vNext\services\Diten.MdmService\src\Diten.MdmService.Domain\bin\Debug\net8.0\Diten.MdmService.Domain.dll" dosyası siliniyor.
         "C:\Users\user\Desktop\ERP-vNext\services\Diten.MdmService\src\Diten.MdmService.Domain\bin\Debug\net8.0\Diten.MdmService.Domain.pdb" dosyası siliniyor.
         "C:\Users\user\Desktop\ERP-vNext\services\Diten.MdmService\src\Diten.MdmService.Domain\obj\Debug\net8.0\Diten.MdmService.Domain.GeneratedMSBuildEditorConfig.editorconfig" dosyası siliniyor.
         "C:\Users\user\Desktop\ERP-vNext\services\Diten.MdmService\src\Diten.MdmService.Domain\obj\Debug\net8.0\Diten.MdmService.Domain.AssemblyInfoInputs.cache" dosyası siliniyor.
         "C:\Users\user\Desktop\ERP-vNext\services\Diten.MdmService\src\Diten.MdmService.Domain\obj\Debug\net8.0\Diten.MdmService.Domain.AssemblyInfo.cs" dosyası siliniyor.
         "C:\Users\user\Desktop\ERP-vNext\services\Diten.MdmService\src\Diten.MdmService.Domain\obj\Debug\net8.0\Diten.MdmService.Domain.csproj.CoreCompileInputs.cache" dosyası siliniyor.
         "C:\Users\user\Desktop\ERP-vNext\services\Diten.MdmService\src\Diten.MdmService.Domain\obj\Debug\net8.0\Diten.MdmService.Domain.sourcelink.json" dosyası siliniyor.
         "C:\Users\user\Desktop\ERP-vNext\services\Diten.MdmService\src\Diten.MdmService.Domain\obj\Debug\net8.0\Diten.MdmService.Domain.dll" dosyası siliniyor.
         "C:\Users\user\Desktop\ERP-vNext\services\Diten.MdmService\src\Diten.MdmService.Domain\obj\Debug\net8.0\refint\Diten.MdmService.Domain.dll" dosyası siliniyor.
         "C:\Users\user\Desktop\ERP-vNext\services\Diten.MdmService\src\Diten.MdmService.Domain\obj\Debug\net8.0\Diten.MdmService.Domain.pdb" dosyası siliniyor.
     2>CoreClean:
         "C:\Users\user\Desktop\ERP-vNext\services\Diten.MdmService\src\Diten.MdmService.Application\bin\Debug\net8.0\Diten.MdmService.Domain.dll" dosyası siliniyor.
     4>CoreClean:
         "C:\Users\user\Desktop\ERP-vNext\services\Diten.MdmService\src\Diten.MdmService.Persistence\obj\Debug\net8.0\Diten.MdmService.Persistence.csproj.AssemblyReference.cache" dosyası siliniyor.
     5>CoreClean:
         "C:\Users\user\Desktop\ERP-vNext\services\Diten.MdmService\src\Diten.MdmService.Domain\obj\Debug\net8.0\ref\Diten.MdmService.Domain.dll" dosyası siliniyor.
     2>CoreClean:
         "C:\Users\user\Desktop\ERP-vNext\services\Diten.MdmService\src\Diten.MdmService.Application\bin\Debug\net8.0\Diten.MdmService.Domain.pdb" dosyası siliniyor.
     4>CoreClean:
         "C:\Users\user\Desktop\ERP-vNext\services\Diten.MdmService\src\Diten.MdmService.Persistence\obj\Debug\net8.0\Diten.MdmService.Persistence.GeneratedMSBuildEditorConfig.editorconfig" dosyası siliniyor.
     2>CoreClean:
         "C:\Users\user\Desktop\ERP-vNext\services\Diten.MdmService\src\Diten.MdmService.Application\obj\Debug\net8.0\Diten.MdmService.Application.csproj.AssemblyReference.cache" dosyası siliniyor.
         "C:\Users\user\Desktop\ERP-vNext\services\Diten.MdmService\src\Diten.MdmService.Application\obj\Debug\net8.0\Diten.MdmService.Application.GeneratedMSBuildEditorConfig.editorconfig" dosyası siliniyor.
     4>CoreClean:
         "C:\Users\user\Desktop\ERP-vNext\services\Diten.MdmService\src\Diten.MdmService.Persistence\obj\Debug\net8.0\Diten.MdmService.Persistence.AssemblyInfoInputs.cache" dosyası siliniyor.
         "C:\Users\user\Desktop\ERP-vNext\services\Diten.MdmService\src\Diten.MdmService.Persistence\obj\Debug\net8.0\Diten.MdmService.Persistence.AssemblyInfo.cs" dosyası siliniyor.
     2>CoreClean:
         "C:\Users\user\Desktop\ERP-vNext\services\Diten.MdmService\src\Diten.MdmService.Application\obj\Debug\net8.0\Diten.MdmService.Application.AssemblyInfoInputs.cache" dosyası siliniyor.
         "C:\Users\user\Desktop\ERP-vNext\services\Diten.MdmService\src\Diten.MdmService.Application\obj\Debug\net8.0\Diten.MdmService.Application.AssemblyInfo.cs" dosyası siliniyor.
     4>CoreClean:
         "C:\Users\user\Desktop\ERP-vNext\services\Diten.MdmService\src\Diten.MdmService.Persistence\obj\Debug\net8.0\Diten.MdmService.Persistence.csproj.CoreCompileInputs.cache" dosyası siliniyor.
     2>CoreClean:
         "C:\Users\user\Desktop\ERP-vNext\services\Diten.MdmService\src\Diten.MdmService.Application\obj\Debug\net8.0\Diten.MdmService.Application.csproj.CoreCompileInputs.cache" dosyası siliniyor.
     4>CoreClean:
         "C:\Users\user\Desktop\ERP-vNext\services\Diten.MdmService\src\Diten.MdmService.Persistence\obj\Debug\net8.0\Diten.MdmService.Persistence.sourcelink.json" dosyası siliniyor.
     2>CoreClean:
         "C:\Users\user\Desktop\ERP-vNext\services\Diten.MdmService\src\Diten.MdmService.Application\obj\Debug\net8.0\Diten.MdmService.Application.sourcelink.json" dosyası siliniyor.
     4>CoreClean:
         "C:\Users\user\Desktop\ERP-vNext\services\Diten.MdmService\src\Diten.MdmService.Persistence\obj\Debug\net8.0\Diten.Md.FE13351A.Up2Date" dosyası siliniyor.
     2>CoreClean:
         "C:\Users\user\Desktop\ERP-vNext\services\Diten.MdmService\src\Diten.MdmService.Application\obj\Debug\net8.0\Diten.Md.27DCD7FC.Up2Date" dosyası siliniyor.
     4>CoreClean:
         "C:\Users\user\Desktop\ERP-vNext\services\Diten.MdmService\src\Diten.MdmService.Persistence\obj\Debug\net8.0\Diten.MdmService.Persistence.dll" dosyası siliniyor.
         "C:\Users\user\Desktop\ERP-vNext\services\Diten.MdmService\src\Diten.MdmService.Persistence\obj\Debug\net8.0\refint\Diten.MdmService.Persistence.dll" dosyası siliniyor.
     2>CoreClean:
         "C:\Users\user\Desktop\ERP-vNext\services\Diten.MdmService\src\Diten.MdmService.Application\obj\Debug\net8.0\Diten.MdmService.Application.dll" dosyası siliniyor.
     4>CoreClean:
         "C:\Users\user\Desktop\ERP-vNext\services\Diten.MdmService\src\Diten.MdmService.Persistence\obj\Debug\net8.0\Diten.MdmService.Persistence.pdb" dosyası siliniyor.
         "C:\Users\user\Desktop\ERP-vNext\services\Diten.MdmService\src\Diten.MdmService.Persistence\obj\Debug\net8.0\ref\Diten.MdmService.Persistence.dll" dosyası siliniyor.
     2>CoreClean:
         "C:\Users\user\Desktop\ERP-vNext\services\Diten.MdmService\src\Diten.MdmService.Application\obj\Debug\net8.0\refint\Diten.MdmService.Application.dll" dosyası siliniyor.
         "C:\Users\user\Desktop\ERP-vNext\services\Diten.MdmService\src\Diten.MdmService.Application\obj\Debug\net8.0\Diten.MdmService.Application.pdb" dosyası siliniyor.
         "C:\Users\user\Desktop\ERP-vNext\services\Diten.MdmService\src\Diten.MdmService.Application\obj\Debug\net8.0\ref\Diten.MdmService.Application.dll" dosyası siliniyor.
     5>"C:\Users\user\Desktop\ERP-vNext\services\Diten.MdmService\src\Diten.MdmService.Domain\Diten.MdmService.Domain.csproj" Projesini Oluşturma İşlemi Tamamlandı (Clean hedef).
     6>CoreClean:
         "C:\Users\user\Desktop\ERP-vNext\services\Diten.MdmService\src\Diten.MdmService.Infrastructure\bin\Debug\net8.0\Diten.MdmService.Infrastructure.deps.json" dosyası siliniyor.
         "C:\Users\user\Desktop\ERP-vNext\services\Diten.MdmService\src\Diten.MdmService.Infrastructure\bin\Debug\net8.0\Diten.MdmService.Infrastructure.dll" dosyası siliniyor.
         "C:\Users\user\Desktop\ERP-vNext\services\Diten.MdmService\src\Diten.MdmService.Infrastructure\bin\Debug\net8.0\Diten.MdmService.Infrastructure.pdb" dosyası siliniyor.
         "C:\Users\user\Desktop\ERP-vNext\services\Diten.MdmService\src\Diten.MdmService.Infrastructure\bin\Debug\net8.0\Diten.MdmService.Application.dll" dosyası siliniyor.
         "C:\Users\user\Desktop\ERP-vNext\services\Diten.MdmService\src\Diten.MdmService.Infrastructure\bin\Debug\net8.0\Diten.MdmService.Domain.dll" dosyası siliniyor.
         "C:\Users\user\Desktop\ERP-vNext\services\Diten.MdmService\src\Diten.MdmService.Infrastructure\bin\Debug\net8.0\Diten.MdmService.Application.pdb" dosyası siliniyor.
         "C:\Users\user\Desktop\ERP-vNext\services\Diten.MdmService\src\Diten.MdmService.Infrastructure\bin\Debug\net8.0\Diten.MdmService.Domain.pdb" dosyası siliniyor.
         "C:\Users\user\Desktop\ERP-vNext\services\Diten.MdmService\src\Diten.MdmService.Infrastructure\obj\Debug\net8.0\Diten.MdmService.Infrastructure.csproj.AssemblyReference.cache" dosyası siliniyor.
         "C:\Users\user\Desktop\ERP-vNext\services\Diten.MdmService\src\Diten.MdmService.Infrastructure\obj\Debug\net8.0\Diten.MdmService.Infrastructure.GeneratedMSBuildEditorConfig.editorconfig" dosyası siliniyor.
         "C:\Users\user\Desktop\ERP-vNext\services\Diten.MdmService\src\Diten.MdmService.Infrastructure\obj\Debug\net8.0\Diten.MdmService.Infrastructure.AssemblyInfoInputs.cache" dosyası siliniyor.
         "C:\Users\user\Desktop\ERP-vNext\services\Diten.MdmService\src\Diten.MdmService.Infrastructure\obj\Debug\net8.0\Diten.MdmService.Infrastructure.AssemblyInfo.cs" dosyası siliniyor.
         "C:\Users\user\Desktop\ERP-vNext\services\Diten.MdmService\src\Diten.MdmService.Infrastructure\obj\Debug\net8.0\Diten.MdmService.Infrastructure.csproj.CoreCompileInputs.cache" dosyası siliniyor.
         "C:\Users\user\Desktop\ERP-vNext\services\Diten.MdmService\src\Diten.MdmService.Infrastructure\obj\Debug\net8.0\Diten.MdmService.Infrastructure.sourcelink.json" dosyası siliniyor.
         "C:\Users\user\Desktop\ERP-vNext\services\Diten.MdmService\src\Diten.MdmService.Infrastructure\obj\Debug\net8.0\Diten.Md.E771BDB0.Up2Date" dosyası siliniyor.
         "C:\Users\user\Desktop\ERP-vNext\services\Diten.MdmService\src\Diten.MdmService.Infrastructure\obj\Debug\net8.0\Diten.MdmService.Infrastructure.dll" dosyası siliniyor.
         "C:\Users\user\Desktop\ERP-vNext\services\Diten.MdmService\src\Diten.MdmService.Infrastructure\obj\Debug\net8.0\refint\Diten.MdmService.Infrastructure.dll" dosyası siliniyor.
         "C:\Users\user\Desktop\ERP-vNext\services\Diten.MdmService\src\Diten.MdmService.Infrastructure\obj\Debug\net8.0\Diten.MdmService.Infrastructure.pdb" dosyası siliniyor.
         "C:\Users\user\Desktop\ERP-vNext\services\Diten.MdmService\src\Diten.MdmService.Infrastructure\obj\Debug\net8.0\ref\Diten.MdmService.Infrastructure.dll" dosyası siliniyor.
     2>"C:\Users\user\Desktop\ERP-vNext\services\Diten.MdmService\src\Diten.MdmService.Application\Diten.MdmService.Application.csproj" Projesini Oluşturma İşlemi Tamamlandı (Clean hedef).
     4>"C:\Users\user\Desktop\ERP-vNext\services\Diten.MdmService\src\Diten.MdmService.Persistence\Diten.MdmService.Persistence.csproj" Projesini Oluşturma İşlemi Tamamlandı (Clean hedef).
     6>"C:\Users\user\Desktop\ERP-vNext\services\Diten.MdmService\src\Diten.MdmService.Infrastructure\Diten.MdmService.Infrastructure.csproj" Projesini Oluşturma İşlemi Tamamlandı (Clean hedef).
     1>"C:\Users\user\Desktop\ERP-vNext\services\Diten.MdmService\src\Diten.MdmService.Api\Diten.MdmService.Api.csproj" Projesini Oluşturma İşlemi Tamamlandı (Clean hedef).

Oluşturma başarılı oldu.
    0 Uyarı
    0 Hata

Geçen Süre 00:00:01.79
Cleaning Platform...
Oluşturma başlatıldı: 25.07.2026 21:23:04.
     1>1 düğümünde "C:\Users\user\Desktop\ERP-vNext\services\Diten.Platform\src\Diten.Platform.API\Diten.Platform.API.csproj" projesi (Clean hedef).
     1>_CheckForNETCoreSdkIsPreview:
       C:\Program Files\dotnet\sdk\10.0.100-rc.2.25502.107\Sdks\Microsoft.NET.Sdk\targets\Microsoft.NET.RuntimeIdentifierInference.targets(351,5): message NETSDK1057: Bir .NET önizleme sürümü kullanıyorsunuz. Bkz. https://aka.ms/dotnet-support-policy [C:\Users\user\Desktop\ERP-vNext\services\Diten.Platform\src\Diten.Platform.API\Diten.Platform.API.csproj]
       CoreClean:
         "C:\Users\user\Desktop\ERP-vNext\services\Diten.Platform\src\Diten.Platform.API\bin\Debug\net8.0\appsettings.Development.json" dosyası siliniyor.
         "C:\Users\user\Desktop\ERP-vNext\services\Diten.Platform\src\Diten.Platform.API\bin\Debug\net8.0\appsettings.json" dosyası siliniyor.
         "C:\Users\user\Desktop\ERP-vNext\services\Diten.Platform\src\Diten.Platform.API\bin\Debug\net8.0\Seed\business-reference-data\document-management-qms.json" dosyası siliniyor.
         "C:\Users\user\Desktop\ERP-vNext\services\Diten.Platform\src\Diten.Platform.API\bin\Debug\net8.0\Diten.Platform.API.staticwebassets.endpoints.json" dosyası siliniyor.
         "C:\Users\user\Desktop\ERP-vNext\services\Diten.Platform\src\Diten.Platform.API\bin\Debug\net8.0\Diten.Platform.API.deps.json" dosyası siliniyor.
         "C:\Users\user\Desktop\ERP-vNext\services\Diten.Platform\src\Diten.Platform.API\bin\Debug\net8.0\Diten.Platform.API.runtimeconfig.json" dosyası siliniyor.
         "C:\Users\user\Desktop\ERP-vNext\services\Diten.Platform\src\Diten.Platform.API\bin\Debug\net8.0\Diten.Platform.API.dll" dosyası siliniyor.
         "C:\Users\user\Desktop\ERP-vNext\services\Diten.Platform\src\Diten.Platform.API\bin\Debug\net8.0\Diten.Platform.API.pdb" dosyası siliniyor.
         "C:\Users\user\Desktop\ERP-vNext\services\Diten.Platform\src\Diten.Platform.API\bin\Debug\net8.0\AutoMapper.dll" dosyası siliniyor.
         "C:\Users\user\Desktop\ERP-vNext\services\Diten.Platform\src\Diten.Platform.API\bin\Debug\net8.0\AWSSDK.Core.dll" dosyası siliniyor.
         "C:\Users\user\Desktop\ERP-vNext\services\Diten.Platform\src\Diten.Platform.API\bin\Debug\net8.0\AWSSDK.SecurityToken.dll" dosyası siliniyor.
         "C:\Users\user\Desktop\ERP-vNext\services\Diten.Platform\src\Diten.Platform.API\bin\Debug\net8.0\BouncyCastle.Cryptography.dll" dosyası siliniyor.
         "C:\Users\user\Desktop\ERP-vNext\services\Diten.Platform\src\Diten.Platform.API\bin\Debug\net8.0\DnsClient.dll" dosyası siliniyor.
         "C:\Users\user\Desktop\ERP-vNext\services\Diten.Platform\src\Diten.Platform.API\bin\Debug\net8.0\FluentValidation.dll" dosyası siliniyor.
         "C:\Users\user\Desktop\ERP-vNext\services\Diten.Platform\src\Diten.Platform.API\bin\Debug\net8.0\FluentValidation.DependencyInjectionExtensions.dll" dosyası siliniyor.
         "C:\Users\user\Desktop\ERP-vNext\services\Diten.Platform\src\Diten.Platform.API\bin\Debug\net8.0\Hangfire.AspNetCore.dll" dosyası siliniyor.
         "C:\Users\user\Desktop\ERP-vNext\services\Diten.Platform\src\Diten.Platform.API\bin\Debug\net8.0\Hangfire.Core.dll" dosyası siliniyor.
         "C:\Users\user\Desktop\ERP-vNext\services\Diten.Platform\src\Diten.Platform.API\bin\Debug\net8.0\Hangfire.Mongo.dll" dosyası siliniyor.
         "C:\Users\user\Desktop\ERP-vNext\services\Diten.Platform\src\Diten.Platform.API\bin\Debug\net8.0\Hangfire.NetCore.dll" dosyası siliniyor.
         "C:\Users\user\Desktop\ERP-vNext\services\Diten.Platform\src\Diten.Platform.API\bin\Debug\net8.0\MailKit.dll" dosyası siliniyor.
         "C:\Users\user\Desktop\ERP-vNext\services\Diten.Platform\src\Diten.Platform.API\bin\Debug\net8.0\MassTransit.dll" dosyası siliniyor.
         "C:\Users\user\Desktop\ERP-vNext\services\Diten.Platform\src\Diten.Platform.API\bin\Debug\net8.0\MassTransit.Abstractions.dll" dosyası siliniyor.
         "C:\Users\user\Desktop\ERP-vNext\services\Diten.Platform\src\Diten.Platform.API\bin\Debug\net8.0\MassTransit.RabbitMqTransport.dll" dosyası siliniyor.
         "C:\Users\user\Desktop\ERP-vNext\services\Diten.Platform\src\Diten.Platform.API\bin\Debug\net8.0\MediatR.dll" dosyası siliniyor.
         "C:\Users\user\Desktop\ERP-vNext\services\Diten.Platform\src\Diten.Platform.API\bin\Debug\net8.0\MediatR.Contracts.dll" dosyası siliniyor.
         "C:\Users\user\Desktop\ERP-vNext\services\Diten.Platform\src\Diten.Platform.API\bin\Debug\net8.0\Microsoft.AspNetCore.Authentication.JwtBearer.dll" dosyası siliniyor.
         "C:\Users\user\Desktop\ERP-vNext\services\Diten.Platform\src\Diten.Platform.API\bin\Debug\net8.0\Microsoft.Extensions.Configuration.Binder.dll" dosyası siliniyor.
         "C:\Users\user\Desktop\ERP-vNext\services\Diten.Platform\src\Diten.Platform.API\bin\Debug\net8.0\Microsoft.Extensions.DependencyInjection.Abstractions.dll" dosyası siliniyor.
         "C:\Users\user\Desktop\ERP-vNext\services\Diten.Platform\src\Diten.Platform.API\bin\Debug\net8.0\Microsoft.Extensions.DependencyModel.dll" dosyası siliniyor.
         "C:\Users\user\Desktop\ERP-vNext\services\Diten.Platform\src\Diten.Platform.API\bin\Debug\net8.0\Microsoft.Extensions.Logging.Abstractions.dll" dosyası siliniyor.
         "C:\Users\user\Desktop\ERP-vNext\services\Diten.Platform\src\Diten.Platform.API\bin\Debug\net8.0\Microsoft.IdentityModel.Abstractions.dll" dosyası siliniyor.
         "C:\Users\user\Desktop\ERP-vNext\services\Diten.Platform\src\Diten.Platform.API\bin\Debug\net8.0\Microsoft.IdentityModel.JsonWebTokens.dll" dosyası siliniyor.
         "C:\Users\user\Desktop\ERP-vNext\services\Diten.Platform\src\Diten.Platform.API\bin\Debug\net8.0\Microsoft.IdentityModel.Logging.dll" dosyası siliniyor.
         "C:\Users\user\Desktop\ERP-vNext\services\Diten.Platform\src\Diten.Platform.API\bin\Debug\net8.0\Microsoft.IdentityModel.Protocols.dll" dosyası siliniyor.
         "C:\Users\user\Desktop\ERP-vNext\services\Diten.Platform\src\Diten.Platform.API\bin\Debug\net8.0\Microsoft.IdentityModel.Protocols.OpenIdConnect.dll" dosyası siliniyor.
         "C:\Users\user\Desktop\ERP-vNext\services\Diten.Platform\src\Diten.Platform.API\bin\Debug\net8.0\Microsoft.IdentityModel.Tokens.dll" dosyası siliniyor.
         "C:\Users\user\Desktop\ERP-vNext\services\Diten.Platform\src\Diten.Platform.API\bin\Debug\net8.0\Microsoft.OpenApi.dll" dosyası siliniyor.
         "C:\Users\user\Desktop\ERP-vNext\services\Diten.Platform\src\Diten.Platform.API\bin\Debug\net8.0\MimeKit.dll" dosyası siliniyor.
         "C:\Users\user\Desktop\ERP-vNext\services\Diten.Platform\src\Diten.Platform.API\bin\Debug\net8.0\MongoDB.Bson.dll" dosyası siliniyor.
         "C:\Users\user\Desktop\ERP-vNext\services\Diten.Platform\src\Diten.Platform.API\bin\Debug\net8.0\MongoDB.Driver.dll" dosyası siliniyor.
         "C:\Users\user\Desktop\ERP-vNext\services\Diten.Platform\src\Diten.Platform.API\bin\Debug\net8.0\MongoDB.Driver.Core.dll" dosyası siliniyor.
         "C:\Users\user\Desktop\ERP-vNext\services\Diten.Platform\src\Diten.Platform.API\bin\Debug\net8.0\MongoDB.Libmongocrypt.dll" dosyası siliniyor.
         "C:\Users\user\Desktop\ERP-vNext\services\Diten.Platform\src\Diten.Platform.API\bin\Debug\net8.0\Newtonsoft.Json.dll" dosyası siliniyor.
         "C:\Users\user\Desktop\ERP-vNext\services\Diten.Platform\src\Diten.Platform.API\bin\Debug\net8.0\OpenTelemetry.dll" dosyası siliniyor.
         "C:\Users\user\Desktop\ERP-vNext\services\Diten.Platform\src\Diten.Platform.API\bin\Debug\net8.0\OpenTelemetry.Api.dll" dosyası siliniyor.
         "C:\Users\user\Desktop\ERP-vNext\services\Diten.Platform\src\Diten.Platform.API\bin\Debug\net8.0\OpenTelemetry.Api.ProviderBuilderExtensions.dll" dosyası siliniyor.
         "C:\Users\user\Desktop\ERP-vNext\services\Diten.Platform\src\Diten.Platform.API\bin\Debug\net8.0\OpenTelemetry.Exporter.OpenTelemetryProtocol.dll" dosyası siliniyor.
         "C:\Users\user\Desktop\ERP-vNext\services\Diten.Platform\src\Diten.Platform.API\bin\Debug\net8.0\OpenTelemetry.Extensions.Hosting.dll" dosyası siliniyor.
         "C:\Users\user\Desktop\ERP-vNext\services\Diten.Platform\src\Diten.Platform.API\bin\Debug\net8.0\OpenTelemetry.Instrumentation.AspNetCore.dll" dosyası siliniyor.
         "C:\Users\user\Desktop\ERP-vNext\services\Diten.Platform\src\Diten.Platform.API\bin\Debug\net8.0\OpenTelemetry.Instrumentation.Http.dll" dosyası siliniyor.
         "C:\Users\user\Desktop\ERP-vNext\services\Diten.Platform\src\Diten.Platform.API\bin\Debug\net8.0\Prometheus.NetStandard.dll" dosyası siliniyor.
         "C:\Users\user\Desktop\ERP-vNext\services\Diten.Platform\src\Diten.Platform.API\bin\Debug\net8.0\Prometheus.AspNetCore.dll" dosyası siliniyor.
         "C:\Users\user\Desktop\ERP-vNext\services\Diten.Platform\src\Diten.Platform.API\bin\Debug\net8.0\RabbitMQ.Client.dll" dosyası siliniyor.
         "C:\Users\user\Desktop\ERP-vNext\services\Diten.Platform\src\Diten.Platform.API\bin\Debug\net8.0\Serilog.dll" dosyası siliniyor.
         "C:\Users\user\Desktop\ERP-vNext\services\Diten.Platform\src\Diten.Platform.API\bin\Debug\net8.0\Serilog.AspNetCore.dll" dosyası siliniyor.
         "C:\Users\user\Desktop\ERP-vNext\services\Diten.Platform\src\Diten.Platform.API\bin\Debug\net8.0\Serilog.Enrichers.Environment.dll" dosyası siliniyor.
         "C:\Users\user\Desktop\ERP-vNext\services\Diten.Platform\src\Diten.Platform.API\bin\Debug\net8.0\Serilog.Extensions.Hosting.dll" dosyası siliniyor.
         "C:\Users\user\Desktop\ERP-vNext\services\Diten.Platform\src\Diten.Platform.API\bin\Debug\net8.0\Serilog.Extensions.Logging.dll" dosyası siliniyor.
         "C:\Users\user\Desktop\ERP-vNext\services\Diten.Platform\src\Diten.Platform.API\bin\Debug\net8.0\Serilog.Formatting.Compact.dll" dosyası siliniyor.
         "C:\Users\user\Desktop\ERP-vNext\services\Diten.Platform\src\Diten.Platform.API\bin\Debug\net8.0\Serilog.Settings.Configuration.dll" dosyası siliniyor.
         "C:\Users\user\Desktop\ERP-vNext\services\Diten.Platform\src\Diten.Platform.API\bin\Debug\net8.0\Serilog.Sinks.Console.dll" dosyası siliniyor.
         "C:\Users\user\Desktop\ERP-vNext\services\Diten.Platform\src\Diten.Platform.API\bin\Debug\net8.0\Serilog.Sinks.Debug.dll" dosyası siliniyor.
         "C:\Users\user\Desktop\ERP-vNext\services\Diten.Platform\src\Diten.Platform.API\bin\Debug\net8.0\Serilog.Sinks.File.dll" dosyası siliniyor.
         "C:\Users\user\Desktop\ERP-vNext\services\Diten.Platform\src\Diten.Platform.API\bin\Debug\net8.0\Serilog.Sinks.Seq.dll" dosyası siliniyor.
         "C:\Users\user\Desktop\ERP-vNext\services\Diten.Platform\src\Diten.Platform.API\bin\Debug\net8.0\SharpCompress.dll" dosyası siliniyor.
         "C:\Users\user\Desktop\ERP-vNext\services\Diten.Platform\src\Diten.Platform.API\bin\Debug\net8.0\Snappier.dll" dosyası siliniyor.
         "C:\Users\user\Desktop\ERP-vNext\services\Diten.Platform\src\Diten.Platform.API\bin\Debug\net8.0\Swashbuckle.AspNetCore.Swagger.dll" dosyası siliniyor.
         "C:\Users\user\Desktop\ERP-vNext\services\Diten.Platform\src\Diten.Platform.API\bin\Debug\net8.0\Swashbuckle.AspNetCore.SwaggerGen.dll" dosyası siliniyor.
         "C:\Users\user\Desktop\ERP-vNext\services\Diten.Platform\src\Diten.Platform.API\bin\Debug\net8.0\Swashbuckle.AspNetCore.SwaggerUI.dll" dosyası siliniyor.
         "C:\Users\user\Desktop\ERP-vNext\services\Diten.Platform\src\Diten.Platform.API\bin\Debug\net8.0\System.Diagnostics.DiagnosticSource.dll" dosyası siliniyor.
         "C:\Users\user\Desktop\ERP-vNext\services\Diten.Platform\src\Diten.Platform.API\bin\Debug\net8.0\System.IdentityModel.Tokens.Jwt.dll" dosyası siliniyor.
         "C:\Users\user\Desktop\ERP-vNext\services\Diten.Platform\src\Diten.Platform.API\bin\Debug\net8.0\System.Security.Cryptography.Pkcs.dll" dosyası siliniyor.
         "C:\Users\user\Desktop\ERP-vNext\services\Diten.Platform\src\Diten.Platform.API\bin\Debug\net8.0\ZstdSharp.dll" dosyası siliniyor.
         "C:\Users\user\Desktop\ERP-vNext\services\Diten.Platform\src\Diten.Platform.API\bin\Debug\net8.0\ca\Hangfire.Core.resources.dll" dosyası siliniyor.
         "C:\Users\user\Desktop\ERP-vNext\services\Diten.Platform\src\Diten.Platform.API\bin\Debug\net8.0\de\Hangfire.Core.resources.dll" dosyası siliniyor.
         "C:\Users\user\Desktop\ERP-vNext\services\Diten.Platform\src\Diten.Platform.API\bin\Debug\net8.0\es\Hangfire.Core.resources.dll" dosyası siliniyor.
         "C:\Users\user\Desktop\ERP-vNext\services\Diten.Platform\src\Diten.Platform.API\bin\Debug\net8.0\fa\Hangfire.Core.resources.dll" dosyası siliniyor.
         "C:\Users\user\Desktop\ERP-vNext\services\Diten.Platform\src\Diten.Platform.API\bin\Debug\net8.0\fr\Hangfire.Core.resources.dll" dosyası siliniyor.
         "C:\Users\user\Desktop\ERP-vNext\services\Diten.Platform\src\Diten.Platform.API\bin\Debug\net8.0\nb\Hangfire.Core.resources.dll" dosyası siliniyor.
         "C:\Users\user\Desktop\ERP-vNext\services\Diten.Platform\src\Diten.Platform.API\bin\Debug\net8.0\nl\Hangfire.Core.resources.dll" dosyası siliniyor.
         "C:\Users\user\Desktop\ERP-vNext\services\Diten.Platform\src\Diten.Platform.API\bin\Debug\net8.0\pt-BR\Hangfire.Core.resources.dll" dosyası siliniyor.
         "C:\Users\user\Desktop\ERP-vNext\services\Diten.Platform\src\Diten.Platform.API\bin\Debug\net8.0\pt-PT\Hangfire.Core.resources.dll" dosyası siliniyor.
         "C:\Users\user\Desktop\ERP-vNext\services\Diten.Platform\src\Diten.Platform.API\bin\Debug\net8.0\pt\Hangfire.Core.resources.dll" dosyası siliniyor.
         "C:\Users\user\Desktop\ERP-vNext\services\Diten.Platform\src\Diten.Platform.API\bin\Debug\net8.0\sv\Hangfire.Core.resources.dll" dosyası siliniyor.
         "C:\Users\user\Desktop\ERP-vNext\services\Diten.Platform\src\Diten.Platform.API\bin\Debug\net8.0\tr-TR\Hangfire.Core.resources.dll" dosyası siliniyor.
         "C:\Users\user\Desktop\ERP-vNext\services\Diten.Platform\src\Diten.Platform.API\bin\Debug\net8.0\zh-TW\Hangfire.Core.resources.dll" dosyası siliniyor.
         "C:\Users\user\Desktop\ERP-vNext\services\Diten.Platform\src\Diten.Platform.API\bin\Debug\net8.0\zh\Hangfire.Core.resources.dll" dosyası siliniyor.
         "C:\Users\user\Desktop\ERP-vNext\services\Diten.Platform\src\Diten.Platform.API\bin\Debug\net8.0\runtimes\linux\native\libmongocrypt.so" dosyası siliniyor.
         "C:\Users\user\Desktop\ERP-vNext\services\Diten.Platform\src\Diten.Platform.API\bin\Debug\net8.0\runtimes\osx\native\libmongocrypt.dylib" dosyası siliniyor.
         "C:\Users\user\Desktop\ERP-vNext\services\Diten.Platform\src\Diten.Platform.API\bin\Debug\net8.0\runtimes\win\native\mongocrypt.dll" dosyası siliniyor.
         "C:\Users\user\Desktop\ERP-vNext\services\Diten.Platform\src\Diten.Platform.API\bin\Debug\net8.0\runtimes\win\lib\net8.0\System.Security.Cryptography.Pkcs.dll" dosyası siliniyor.
         "C:\Users\user\Desktop\ERP-vNext\services\Diten.Platform\src\Diten.Platform.API\bin\Debug\net8.0\Diten.BuildingBlocks.BackgroundJobs.dll" dosyası siliniyor.
         "C:\Users\user\Desktop\ERP-vNext\services\Diten.Platform\src\Diten.Platform.API\bin\Debug\net8.0\Diten.BuildingBlocks.Eventing.dll" dosyası siliniyor.
         "C:\Users\user\Desktop\ERP-vNext\services\Diten.Platform\src\Diten.Platform.API\bin\Debug\net8.0\Diten.BuildingBlocks.InterfaceRegistry.Abstractions.dll" dosyası siliniyor.
         "C:\Users\user\Desktop\ERP-vNext\services\Diten.Platform\src\Diten.Platform.API\bin\Debug\net8.0\Diten.BuildingBlocks.ModuleRegistration.Abstractions.dll" dosyası siliniyor.
         "C:\Users\user\Desktop\ERP-vNext\services\Diten.Platform\src\Diten.Platform.API\bin\Debug\net8.0\Diten.BuildingBlocks.Security.Secrets.dll" dosyası siliniyor.
         "C:\Users\user\Desktop\ERP-vNext\services\Diten.Platform\src\Diten.Platform.API\bin\Debug\net8.0\Diten.Platform.Application.dll" dosyası siliniyor.
         "C:\Users\user\Desktop\ERP-vNext\services\Diten.Platform\src\Diten.Platform.API\bin\Debug\net8.0\Diten.Platform.Common.dll" dosyası siliniyor.
         "C:\Users\user\Desktop\ERP-vNext\services\Diten.Platform\src\Diten.Platform.API\bin\Debug\net8.0\Diten.Platform.Contracts.dll" dosyası siliniyor.
         "C:\Users\user\Desktop\ERP-vNext\services\Diten.Platform\src\Diten.Platform.API\bin\Debug\net8.0\Diten.Platform.Domain.dll" dosyası siliniyor.
         "C:\Users\user\Desktop\ERP-vNext\services\Diten.Platform\src\Diten.Platform.API\bin\Debug\net8.0\Diten.Platform.Infrastructure.dll" dosyası siliniyor.
         "C:\Users\user\Desktop\ERP-vNext\services\Diten.Platform\src\Diten.Platform.API\bin\Debug\net8.0\Diten.Platform.Application.pdb" dosyası siliniyor.
         "C:\Users\user\Desktop\ERP-vNext\services\Diten.Platform\src\Diten.Platform.API\bin\Debug\net8.0\Diten.Platform.Infrastructure.pdb" dosyası siliniyor.
         "C:\Users\user\Desktop\ERP-vNext\services\Diten.Platform\src\Diten.Platform.API\bin\Debug\net8.0\Diten.Platform.Common.pdb" dosyası siliniyor.
         "C:\Users\user\Desktop\ERP-vNext\services\Diten.Platform\src\Diten.Platform.API\bin\Debug\net8.0\Diten.BuildingBlocks.InterfaceRegistry.Abstractions.pdb" dosyası siliniyor.
         "C:\Users\user\Desktop\ERP-vNext\services\Diten.Platform\src\Diten.Platform.API\bin\Debug\net8.0\Diten.BuildingBlocks.ModuleRegistration.Abstractions.pdb" dosyası siliniyor.
         "C:\Users\user\Desktop\ERP-vNext\services\Diten.Platform\src\Diten.Platform.API\bin\Debug\net8.0\Diten.BuildingBlocks.BackgroundJobs.pdb" dosyası siliniyor.
         "C:\Users\user\Desktop\ERP-vNext\services\Diten.Platform\src\Diten.Platform.API\bin\Debug\net8.0\Diten.BuildingBlocks.Eventing.pdb" dosyası siliniyor.
         "C:\Users\user\Desktop\ERP-vNext\services\Diten.Platform\src\Diten.Platform.API\bin\Debug\net8.0\Diten.BuildingBlocks.Security.Secrets.pdb" dosyası siliniyor.
         "C:\Users\user\Desktop\ERP-vNext\services\Diten.Platform\src\Diten.Platform.API\bin\Debug\net8.0\Diten.Platform.Contracts.pdb" dosyası siliniyor.
         "C:\Users\user\Desktop\ERP-vNext\services\Diten.Platform\src\Diten.Platform.API\bin\Debug\net8.0\Diten.Platform.Domain.pdb" dosyası siliniyor.
         "C:\Users\user\Desktop\ERP-vNext\services\Diten.Platform\src\Diten.Platform.API\obj\Debug\net8.0\Diten.Platform.API.csproj.AssemblyReference.cache" dosyası siliniyor.
         "C:\Users\user\Desktop\ERP-vNext\services\Diten.Platform\src\Diten.Platform.API\obj\Debug\net8.0\rpswa.dswa.cache.json" dosyası siliniyor.
         "C:\Users\user\Desktop\ERP-vNext\services\Diten.Platform\src\Diten.Platform.API\obj\Debug\net8.0\Diten.Platform.API.GeneratedMSBuildEditorConfig.editorconfig" dosyası siliniyor.
         "C:\Users\user\Desktop\ERP-vNext\services\Diten.Platform\src\Diten.Platform.API\obj\Debug\net8.0\Diten.Platform.API.AssemblyInfoInputs.cache" dosyası siliniyor.
         "C:\Users\user\Desktop\ERP-vNext\services\Diten.Platform\src\Diten.Platform.API\obj\Debug\net8.0\Diten.Platform.API.AssemblyInfo.cs" dosyası siliniyor.
         "C:\Users\user\Desktop\ERP-vNext\services\Diten.Platform\src\Diten.Platform.API\obj\Debug\net8.0\Diten.Platform.API.csproj.CoreCompileInputs.cache" dosyası siliniyor.
         "C:\Users\user\Desktop\ERP-vNext\services\Diten.Platform\src\Diten.Platform.API\obj\Debug\net8.0\Diten.Platform.API.MvcApplicationPartsAssemblyInfo.cs" dosyası siliniyor.
         "C:\Users\user\Desktop\ERP-vNext\services\Diten.Platform\src\Diten.Platform.API\obj\Debug\net8.0\Diten.Platform.API.MvcApplicationPartsAssemblyInfo.cache" dosyası siliniyor.
         "C:\Users\user\Desktop\ERP-vNext\services\Diten.Platform\src\Diten.Platform.API\obj\Debug\net8.0\Diten.Platform.API.sourcelink.json" dosyası siliniyor.
         "C:\Users\user\Desktop\ERP-vNext\services\Diten.Platform\src\Diten.Platform.API\obj\Debug\net8.0\rjsmrazor.dswa.cache.json" dosyası siliniyor.
         "C:\Users\user\Desktop\ERP-vNext\services\Diten.Platform\src\Diten.Platform.API\obj\Debug\net8.0\rjsmcshtml.dswa.cache.json" dosyası siliniyor.
         "C:\Users\user\Desktop\ERP-vNext\services\Diten.Platform\src\Diten.Platform.API\obj\Debug\net8.0\staticwebassets.build.json" dosyası siliniyor.
         "C:\Users\user\Desktop\ERP-vNext\services\Diten.Platform\src\Diten.Platform.API\obj\Debug\net8.0\staticwebassets.build.json.cache" dosyası siliniyor.
         "C:\Users\user\Desktop\ERP-vNext\services\Diten.Platform\src\Diten.Platform.API\obj\Debug\net8.0\staticwebassets.build.endpoints.json" dosyası siliniyor.
         "C:\Users\user\Desktop\ERP-vNext\services\Diten.Platform\src\Diten.Platform.API\obj\Debug\net8.0\swae.build.ex.cache" dosyası siliniyor.
         "C:\Users\user\Desktop\ERP-vNext\services\Diten.Platform\src\Diten.Platform.API\obj\Debug\net8.0\Diten.Pl.980C13A2.Up2Date" dosyası siliniyor.
         "C:\Users\user\Desktop\ERP-vNext\services\Diten.Platform\src\Diten.Platform.API\obj\Debug\net8.0\Diten.Platform.API.dll" dosyası siliniyor.
         "C:\Users\user\Desktop\ERP-vNext\services\Diten.Platform\src\Diten.Platform.API\obj\Debug\net8.0\refint\Diten.Platform.API.dll" dosyası siliniyor.
         "C:\Users\user\Desktop\ERP-vNext\services\Diten.Platform\src\Diten.Platform.API\obj\Debug\net8.0\Diten.Platform.API.pdb" dosyası siliniyor.
         "C:\Users\user\Desktop\ERP-vNext\services\Diten.Platform\src\Diten.Platform.API\obj\Debug\net8.0\Diten.Platform.API.genruntimeconfig.cache" dosyası siliniyor.
         "C:\Users\user\Desktop\ERP-vNext\services\Diten.Platform\src\Diten.Platform.API\obj\Debug\net8.0\ref\Diten.Platform.API.dll" dosyası siliniyor.
     1>"C:\Users\user\Desktop\ERP-vNext\services\Diten.Platform\src\Diten.Platform.API\Diten.Platform.API.csproj" projesi (1) 6 düğümünde "C:\Users\user\Desktop\ERP-vNext\services\Diten.Building.Blocks\src\Diten.BuildingBlocks.Eventing\Diten.BuildingBlocks.Eventing.csproj" (7:2) oluşturuyor (Clean hedef).
     7>_CheckForNETCoreSdkIsPreview:
       C:\Program Files\dotnet\sdk\10.0.100-rc.2.25502.107\Sdks\Microsoft.NET.Sdk\targets\Microsoft.NET.RuntimeIdentifierInference.targets(351,5): message NETSDK1057: Bir .NET önizleme sürümü kullanıyorsunuz. Bkz. https://aka.ms/dotnet-support-policy [C:\Users\user\Desktop\ERP-vNext\services\Diten.Building.Blocks\src\Diten.BuildingBlocks.Eventing\Diten.BuildingBlocks.Eventing.csproj]
     1>"C:\Users\user\Desktop\ERP-vNext\services\Diten.Platform\src\Diten.Platform.API\Diten.Platform.API.csproj" projesi (1) 8 düğümünde "C:\Users\user\Desktop\ERP-vNext\services\Diten.Building.Blocks\src\Diten.BuildingBlocks.BackgroundJobs\Diten.BuildingBlocks.BackgroundJobs.csproj" (8:2) oluşturuyor (Clean hedef).
     8>_CheckForNETCoreSdkIsPreview:
       C:\Program Files\dotnet\sdk\10.0.100-rc.2.25502.107\Sdks\Microsoft.NET.Sdk\targets\Microsoft.NET.RuntimeIdentifierInference.targets(351,5): message NETSDK1057: Bir .NET önizleme sürümü kullanıyorsunuz. Bkz. https://aka.ms/dotnet-support-policy [C:\Users\user\Desktop\ERP-vNext\services\Diten.Building.Blocks\src\Diten.BuildingBlocks.BackgroundJobs\Diten.BuildingBlocks.BackgroundJobs.csproj]
     1>"C:\Users\user\Desktop\ERP-vNext\services\Diten.Platform\src\Diten.Platform.API\Diten.Platform.API.csproj" projesi (1) 4 düğümünde "C:\Users\user\Desktop\ERP-vNext\services\Diten.Building.Blocks\src\Diten.BuildingBlocks.InterfaceRegistry.Abstractions\Diten.BuildingBlocks.InterfaceRegistry.Abstractions.csproj" (3:2) oluşturuyor (Clean hedef).
     3>_CheckForNETCoreSdkIsPreview:
       C:\Program Files\dotnet\sdk\10.0.100-rc.2.25502.107\Sdks\Microsoft.NET.Sdk\targets\Microsoft.NET.RuntimeIdentifierInference.targets(351,5): message NETSDK1057: Bir .NET önizleme sürümü kullanıyorsunuz. Bkz. https://aka.ms/dotnet-support-policy [C:\Users\user\Desktop\ERP-vNext\services\Diten.Building.Blocks\src\Diten.BuildingBlocks.InterfaceRegistry.Abstractions\Diten.BuildingBlocks.InterfaceRegistry.Abstractions.csproj]
     1>"C:\Users\user\Desktop\ERP-vNext\services\Diten.Platform\src\Diten.Platform.API\Diten.Platform.API.csproj" projesi (1) 1 düğümünde "C:\Users\user\Desktop\ERP-vNext\services\Diten.Platform\src\Diten.Platform.Application\Diten.Platform.Application.csproj" (4:2) oluşturuyor (Clean hedef).
     4>CoreClean:
         "C:\Users\user\Desktop\ERP-vNext\services\Diten.Platform\src\Diten.Platform.Application\bin\Debug\net8.0\Diten.Platform.Application.deps.json" dosyası siliniyor.
         "C:\Users\user\Desktop\ERP-vNext\services\Diten.Platform\src\Diten.Platform.Application\bin\Debug\net8.0\Diten.Platform.Application.dll" dosyası siliniyor.
         "C:\Users\user\Desktop\ERP-vNext\services\Diten.Platform\src\Diten.Platform.Application\bin\Debug\net8.0\Diten.Platform.Application.pdb" dosyası siliniyor.
     1>"C:\Users\user\Desktop\ERP-vNext\services\Diten.Platform\src\Diten.Platform.API\Diten.Platform.API.csproj" projesi (1) 2 düğümünde "C:\Users\user\Desktop\ERP-vNext\services\Diten.Platform\src\Diten.Platform.Infrastructure\Diten.Platform.Infrastructure.csproj" (6:2) oluşturuyor (Clean hedef).
     6>_CheckForNETCoreSdkIsPreview:
       C:\Program Files\dotnet\sdk\10.0.100-rc.2.25502.107\Sdks\Microsoft.NET.Sdk\targets\Microsoft.NET.RuntimeIdentifierInference.targets(351,5): message NETSDK1057: Bir .NET önizleme sürümü kullanıyorsunuz. Bkz. https://aka.ms/dotnet-support-policy [C:\Users\user\Desktop\ERP-vNext\services\Diten.Platform\src\Diten.Platform.Infrastructure\Diten.Platform.Infrastructure.csproj]
     4>CoreClean:
         "C:\Users\user\Desktop\ERP-vNext\services\Diten.Platform\src\Diten.Platform.Application\bin\Debug\net8.0\Diten.BuildingBlocks.BackgroundJobs.dll" dosyası siliniyor.
         "C:\Users\user\Desktop\ERP-vNext\services\Diten.Platform\src\Diten.Platform.Application\bin\Debug\net8.0\Diten.BuildingBlocks.Eventing.dll" dosyası siliniyor.
         "C:\Users\user\Desktop\ERP-vNext\services\Diten.Platform\src\Diten.Platform.Application\bin\Debug\net8.0\Diten.BuildingBlocks.InterfaceRegistry.Abstractions.dll" dosyası siliniyor.
     1>"C:\Users\user\Desktop\ERP-vNext\services\Diten.Platform\src\Diten.Platform.API\Diten.Platform.API.csproj" projesi (1) 9 düğümünde "C:\Users\user\Desktop\ERP-vNext\services\Diten.Platform.Contracts\Diten.Platform.Contracts.csproj" (10:2) oluşturuyor (Clean hedef).
    10>_CheckForNETCoreSdkIsPreview:
       C:\Program Files\dotnet\sdk\10.0.100-rc.2.25502.107\Sdks\Microsoft.NET.Sdk\targets\Microsoft.NET.RuntimeIdentifierInference.targets(351,5): message NETSDK1057: Bir .NET önizleme sürümü kullanıyorsunuz. Bkz. https://aka.ms/dotnet-support-policy [C:\Users\user\Desktop\ERP-vNext\services\Diten.Platform.Contracts\Diten.Platform.Contracts.csproj]
     4>CoreClean:
         "C:\Users\user\Desktop\ERP-vNext\services\Diten.Platform\src\Diten.Platform.Application\bin\Debug\net8.0\Diten.BuildingBlocks.ModuleRegistration.Abstractions.dll" dosyası siliniyor.
         "C:\Users\user\Desktop\ERP-vNext\services\Diten.Platform\src\Diten.Platform.Application\bin\Debug\net8.0\Diten.Platform.Common.dll" dosyası siliniyor.
         "C:\Users\user\Desktop\ERP-vNext\services\Diten.Platform\src\Diten.Platform.Application\bin\Debug\net8.0\Diten.Platform.Contracts.dll" dosyası siliniyor.
     1>"C:\Users\user\Desktop\ERP-vNext\services\Diten.Platform\src\Diten.Platform.API\Diten.Platform.API.csproj" projesi (1) 10 düğümünde "C:\Users\user\Desktop\ERP-vNext\services\Diten.Platform\src\Diten.Platform.Domain\Diten.Platform.Domain.csproj" (11:2) oluşturuyor (Clean hedef).
    11>_CheckForNETCoreSdkIsPreview:
       C:\Program Files\dotnet\sdk\10.0.100-rc.2.25502.107\Sdks\Microsoft.NET.Sdk\targets\Microsoft.NET.RuntimeIdentifierInference.targets(351,5): message NETSDK1057: Bir .NET önizleme sürümü kullanıyorsunuz. Bkz. https://aka.ms/dotnet-support-policy [C:\Users\user\Desktop\ERP-vNext\services\Diten.Platform\src\Diten.Platform.Domain\Diten.Platform.Domain.csproj]
     4>CoreClean:
         "C:\Users\user\Desktop\ERP-vNext\services\Diten.Platform\src\Diten.Platform.Application\bin\Debug\net8.0\Diten.Platform.Domain.dll" dosyası siliniyor.
     3>CoreClean:
         "C:\Users\user\Desktop\ERP-vNext\services\Diten.Building.Blocks\src\Diten.BuildingBlocks.InterfaceRegistry.Abstractions\bin\Debug\net8.0\Diten.BuildingBlocks.InterfaceRegistry.Abstractions.deps.json" dosyası siliniyor.
     4>CoreClean:
         "C:\Users\user\Desktop\ERP-vNext\services\Diten.Platform\src\Diten.Platform.Application\bin\Debug\net8.0\Diten.Platform.Domain.pdb" dosyası siliniyor.
         "C:\Users\user\Desktop\ERP-vNext\services\Diten.Platform\src\Diten.Platform.Application\bin\Debug\net8.0\Diten.BuildingBlocks.BackgroundJobs.pdb" dosyası siliniyor.
         "C:\Users\user\Desktop\ERP-vNext\services\Diten.Platform\src\Diten.Platform.Application\bin\Debug\net8.0\Diten.BuildingBlocks.Eventing.pdb" dosyası siliniyor.
         "C:\Users\user\Desktop\ERP-vNext\services\Diten.Platform\src\Diten.Platform.Application\bin\Debug\net8.0\Diten.Platform.Common.pdb" dosyası siliniyor.
         "C:\Users\user\Desktop\ERP-vNext\services\Diten.Platform\src\Diten.Platform.Application\bin\Debug\net8.0\Diten.Platform.Contracts.pdb" dosyası siliniyor.
         "C:\Users\user\Desktop\ERP-vNext\services\Diten.Platform\src\Diten.Platform.Application\bin\Debug\net8.0\Diten.BuildingBlocks.InterfaceRegistry.Abstractions.pdb" dosyası siliniyor.
         "C:\Users\user\Desktop\ERP-vNext\services\Diten.Platform\src\Diten.Platform.Application\bin\Debug\net8.0\Diten.BuildingBlocks.ModuleRegistration.Abstractions.pdb" dosyası siliniyor.
         "C:\Users\user\Desktop\ERP-vNext\services\Diten.Platform\src\Diten.Platform.Application\obj\Debug\net8.0\Diten.Platform.Application.csproj.AssemblyReference.cache" dosyası siliniyor.
         "C:\Users\user\Desktop\ERP-vNext\services\Diten.Platform\src\Diten.Platform.Application\obj\Debug\net8.0\Diten.Platform.Application.GeneratedMSBuildEditorConfig.editorconfig" dosyası siliniyor.
         "C:\Users\user\Desktop\ERP-vNext\services\Diten.Platform\src\Diten.Platform.Application\obj\Debug\net8.0\Diten.Platform.Application.AssemblyInfoInputs.cache" dosyası siliniyor.
         "C:\Users\user\Desktop\ERP-vNext\services\Diten.Platform\src\Diten.Platform.Application\obj\Debug\net8.0\Diten.Platform.Application.AssemblyInfo.cs" dosyası siliniyor.
         "C:\Users\user\Desktop\ERP-vNext\services\Diten.Platform\src\Diten.Platform.Application\obj\Debug\net8.0\Diten.Platform.Application.csproj.CoreCompileInputs.cache" dosyası siliniyor.
     3>CoreClean:
         "C:\Users\user\Desktop\ERP-vNext\services\Diten.Building.Blocks\src\Diten.BuildingBlocks.InterfaceRegistry.Abstractions\bin\Debug\net8.0\Diten.BuildingBlocks.InterfaceRegistry.Abstractions.dll" dosyası siliniyor.
     4>CoreClean:
         "C:\Users\user\Desktop\ERP-vNext\services\Diten.Platform\src\Diten.Platform.Application\obj\Debug\net8.0\Diten.Platform.Application.sourcelink.json" dosyası siliniyor.
     3>CoreClean:
         "C:\Users\user\Desktop\ERP-vNext\services\Diten.Building.Blocks\src\Diten.BuildingBlocks.InterfaceRegistry.Abstractions\bin\Debug\net8.0\Diten.BuildingBlocks.InterfaceRegistry.Abstractions.pdb" dosyası siliniyor.
     4>CoreClean:
         "C:\Users\user\Desktop\ERP-vNext\services\Diten.Platform\src\Diten.Platform.Application\obj\Debug\net8.0\Diten.Pl.74D2BE36.Up2Date" dosyası siliniyor.
     3>CoreClean:
         "C:\Users\user\Desktop\ERP-vNext\services\Diten.Building.Blocks\src\Diten.BuildingBlocks.InterfaceRegistry.Abstractions\obj\Debug\net8.0\Diten.BuildingBlocks.InterfaceRegistry.Abstractions.GeneratedMSBuildEditorConfig.editorconfig" dosyası siliniyor.
     4>CoreClean:
         "C:\Users\user\Desktop\ERP-vNext\services\Diten.Platform\src\Diten.Platform.Application\obj\Debug\net8.0\Diten.Platform.Application.dll" dosyası siliniyor.
     1>"C:\Users\user\Desktop\ERP-vNext\services\Diten.Platform\src\Diten.Platform.API\Diten.Platform.API.csproj" projesi (1) 3 düğümünde "C:\Users\user\Desktop\ERP-vNext\services\Diten.Building.Blocks\src\Diten.BuildingBlocks.ModuleRegistration.Abstractions\Diten.BuildingBlocks.ModuleRegistration.Abstractions.csproj" (2:2) oluşturuyor (Clean hedef).
     2>_CheckForNETCoreSdkIsPreview:
       C:\Program Files\dotnet\sdk\10.0.100-rc.2.25502.107\Sdks\Microsoft.NET.Sdk\targets\Microsoft.NET.RuntimeIdentifierInference.targets(351,5): message NETSDK1057: Bir .NET önizleme sürümü kullanıyorsunuz. Bkz. https://aka.ms/dotnet-support-policy [C:\Users\user\Desktop\ERP-vNext\services\Diten.Building.Blocks\src\Diten.BuildingBlocks.ModuleRegistration.Abstractions\Diten.BuildingBlocks.ModuleRegistration.Abstractions.csproj]
     4>CoreClean:
         "C:\Users\user\Desktop\ERP-vNext\services\Diten.Platform\src\Diten.Platform.Application\obj\Debug\net8.0\refint\Diten.Platform.Application.dll" dosyası siliniyor.
     3>CoreClean:
         "C:\Users\user\Desktop\ERP-vNext\services\Diten.Building.Blocks\src\Diten.BuildingBlocks.InterfaceRegistry.Abstractions\obj\Debug\net8.0\Diten.BuildingBlocks.InterfaceRegistry.Abstractions.AssemblyInfoInputs.cache" dosyası siliniyor.
     6>CoreClean:
         "C:\Users\user\Desktop\ERP-vNext\services\Diten.Platform\src\Diten.Platform.Infrastructure\bin\Debug\net8.0\Diten.Platform.Infrastructure.deps.json" dosyası siliniyor.
         "C:\Users\user\Desktop\ERP-vNext\services\Diten.Platform\src\Diten.Platform.Infrastructure\bin\Debug\net8.0\Diten.Platform.Infrastructure.dll" dosyası siliniyor.
         "C:\Users\user\Desktop\ERP-vNext\services\Diten.Platform\src\Diten.Platform.Infrastructure\bin\Debug\net8.0\Diten.Platform.Infrastructure.pdb" dosyası siliniyor.
         "C:\Users\user\Desktop\ERP-vNext\services\Diten.Platform\src\Diten.Platform.Infrastructure\bin\Debug\net8.0\Diten.BuildingBlocks.BackgroundJobs.dll" dosyası siliniyor.
     4>CoreClean:
         "C:\Users\user\Desktop\ERP-vNext\services\Diten.Platform\src\Diten.Platform.Application\obj\Debug\net8.0\Diten.Platform.Application.pdb" dosyası siliniyor.
     8>CoreClean:
         "C:\Users\user\Desktop\ERP-vNext\services\Diten.Building.Blocks\src\Diten.BuildingBlocks.BackgroundJobs\bin\Debug\net8.0\Diten.BuildingBlocks.BackgroundJobs.deps.json" dosyası siliniyor.
     6>CoreClean:
         "C:\Users\user\Desktop\ERP-vNext\services\Diten.Platform\src\Diten.Platform.Infrastructure\bin\Debug\net8.0\Diten.BuildingBlocks.Eventing.dll" dosyası siliniyor.
     4>CoreClean:
         "C:\Users\user\Desktop\ERP-vNext\services\Diten.Platform\src\Diten.Platform.Application\obj\Debug\net8.0\ref\Diten.Platform.Application.dll" dosyası siliniyor.
     8>CoreClean:
         "C:\Users\user\Desktop\ERP-vNext\services\Diten.Building.Blocks\src\Diten.BuildingBlocks.BackgroundJobs\bin\Debug\net8.0\Diten.BuildingBlocks.BackgroundJobs.dll" dosyası siliniyor.
         "C:\Users\user\Desktop\ERP-vNext\services\Diten.Building.Blocks\src\Diten.BuildingBlocks.BackgroundJobs\bin\Debug\net8.0\Diten.BuildingBlocks.BackgroundJobs.pdb" dosyası siliniyor.
     6>CoreClean:
         "C:\Users\user\Desktop\ERP-vNext\services\Diten.Platform\src\Diten.Platform.Infrastructure\bin\Debug\net8.0\Diten.BuildingBlocks.InterfaceRegistry.Abstractions.dll" dosyası siliniyor.
     8>CoreClean:
         "C:\Users\user\Desktop\ERP-vNext\services\Diten.Building.Blocks\src\Diten.BuildingBlocks.BackgroundJobs\obj\Debug\net8.0\Diten.BuildingBlocks.BackgroundJobs.GeneratedMSBuildEditorConfig.editorconfig" dosyası siliniyor.
         "C:\Users\user\Desktop\ERP-vNext\services\Diten.Building.Blocks\src\Diten.BuildingBlocks.BackgroundJobs\obj\Debug\net8.0\Diten.BuildingBlocks.BackgroundJobs.AssemblyInfoInputs.cache" dosyası siliniyor.
     3>CoreClean:
         "C:\Users\user\Desktop\ERP-vNext\services\Diten.Building.Blocks\src\Diten.BuildingBlocks.InterfaceRegistry.Abstractions\obj\Debug\net8.0\Diten.BuildingBlocks.InterfaceRegistry.Abstractions.AssemblyInfo.cs" dosyası siliniyor.
     8>CoreClean:
         "C:\Users\user\Desktop\ERP-vNext\services\Diten.Building.Blocks\src\Diten.BuildingBlocks.BackgroundJobs\obj\Debug\net8.0\Diten.BuildingBlocks.BackgroundJobs.AssemblyInfo.cs" dosyası siliniyor.
     3>CoreClean:
         "C:\Users\user\Desktop\ERP-vNext\services\Diten.Building.Blocks\src\Diten.BuildingBlocks.InterfaceRegistry.Abstractions\obj\Debug\net8.0\Diten.BuildingBlocks.InterfaceRegistry.Abstractions.csproj.CoreCompileInputs.cache" dosyası siliniyor.
     8>CoreClean:
         "C:\Users\user\Desktop\ERP-vNext\services\Diten.Building.Blocks\src\Diten.BuildingBlocks.BackgroundJobs\obj\Debug\net8.0\Diten.BuildingBlocks.BackgroundJobs.csproj.CoreCompileInputs.cache" dosyası siliniyor.
     6>CoreClean:
         "C:\Users\user\Desktop\ERP-vNext\services\Diten.Platform\src\Diten.Platform.Infrastructure\bin\Debug\net8.0\Diten.BuildingBlocks.ModuleRegistration.Abstractions.dll" dosyası siliniyor.
     8>CoreClean:
         "C:\Users\user\Desktop\ERP-vNext\services\Diten.Building.Blocks\src\Diten.BuildingBlocks.BackgroundJobs\obj\Debug\net8.0\Diten.BuildingBlocks.BackgroundJobs.sourcelink.json" dosyası siliniyor.
     3>CoreClean:
         "C:\Users\user\Desktop\ERP-vNext\services\Diten.Building.Blocks\src\Diten.BuildingBlocks.InterfaceRegistry.Abstractions\obj\Debug\net8.0\Diten.BuildingBlocks.InterfaceRegistry.Abstractions.sourcelink.json" dosyası siliniyor.
     8>CoreClean:
         "C:\Users\user\Desktop\ERP-vNext\services\Diten.Building.Blocks\src\Diten.BuildingBlocks.BackgroundJobs\obj\Debug\net8.0\Diten.BuildingBlocks.BackgroundJobs.dll" dosyası siliniyor.
     6>CoreClean:
         "C:\Users\user\Desktop\ERP-vNext\services\Diten.Platform\src\Diten.Platform.Infrastructure\bin\Debug\net8.0\Diten.BuildingBlocks.Security.Secrets.dll" dosyası siliniyor.
     3>CoreClean:
         "C:\Users\user\Desktop\ERP-vNext\services\Diten.Building.Blocks\src\Diten.BuildingBlocks.InterfaceRegistry.Abstractions\obj\Debug\net8.0\Diten.BuildingBlocks.InterfaceRegistry.Abstractions.dll" dosyası siliniyor.
     6>CoreClean:
         "C:\Users\user\Desktop\ERP-vNext\services\Diten.Platform\src\Diten.Platform.Infrastructure\bin\Debug\net8.0\Diten.Platform.Application.dll" dosyası siliniyor.
     3>CoreClean:
         "C:\Users\user\Desktop\ERP-vNext\services\Diten.Building.Blocks\src\Diten.BuildingBlocks.InterfaceRegistry.Abstractions\obj\Debug\net8.0\refint\Diten.BuildingBlocks.InterfaceRegistry.Abstractions.dll" dosyası siliniyor.
     6>CoreClean:
         "C:\Users\user\Desktop\ERP-vNext\services\Diten.Platform\src\Diten.Platform.Infrastructure\bin\Debug\net8.0\Diten.Platform.Common.dll" dosyası siliniyor.
     3>CoreClean:
         "C:\Users\user\Desktop\ERP-vNext\services\Diten.Building.Blocks\src\Diten.BuildingBlocks.InterfaceRegistry.Abstractions\obj\Debug\net8.0\Diten.BuildingBlocks.InterfaceRegistry.Abstractions.pdb" dosyası siliniyor.
     8>CoreClean:
         "C:\Users\user\Desktop\ERP-vNext\services\Diten.Building.Blocks\src\Diten.BuildingBlocks.BackgroundJobs\obj\Debug\net8.0\refint\Diten.BuildingBlocks.BackgroundJobs.dll" dosyası siliniyor.
     1>"C:\Users\user\Desktop\ERP-vNext\services\Diten.Platform\src\Diten.Platform.API\Diten.Platform.API.csproj" projesi (1) 5 düğümünde "C:\Users\user\Desktop\ERP-vNext\services\Diten.Platform.Common\src\Diten.Platform.Common\Diten.Platform.Common.csproj" (5:2) oluşturuyor (Clean hedef).
     5>_CheckForNETCoreSdkIsPreview:
       C:\Program Files\dotnet\sdk\10.0.100-rc.2.25502.107\Sdks\Microsoft.NET.Sdk\targets\Microsoft.NET.RuntimeIdentifierInference.targets(351,5): message NETSDK1057: Bir .NET önizleme sürümü kullanıyorsunuz. Bkz. https://aka.ms/dotnet-support-policy [C:\Users\user\Desktop\ERP-vNext\services\Diten.Platform.Common\src\Diten.Platform.Common\Diten.Platform.Common.csproj]
     3>CoreClean:
         "C:\Users\user\Desktop\ERP-vNext\services\Diten.Building.Blocks\src\Diten.BuildingBlocks.InterfaceRegistry.Abstractions\obj\Debug\net8.0\ref\Diten.BuildingBlocks.InterfaceRegistry.Abstractions.dll" dosyası siliniyor.
     8>CoreClean:
         "C:\Users\user\Desktop\ERP-vNext\services\Diten.Building.Blocks\src\Diten.BuildingBlocks.BackgroundJobs\obj\Debug\net8.0\Diten.BuildingBlocks.BackgroundJobs.pdb" dosyası siliniyor.
     6>CoreClean:
         "C:\Users\user\Desktop\ERP-vNext\services\Diten.Platform\src\Diten.Platform.Infrastructure\bin\Debug\net8.0\Diten.Platform.Contracts.dll" dosyası siliniyor.
     1>"C:\Users\user\Desktop\ERP-vNext\services\Diten.Platform\src\Diten.Platform.API\Diten.Platform.API.csproj" projesi (1) 7 düğümünde "C:\Users\user\Desktop\ERP-vNext\services\Diten.Building.Blocks\Diten.BuildingBlocks.Security.Secrets\Diten.BuildingBlocks.Security.Secrets.csproj" (9:2) oluşturuyor (Clean hedef).
     9>_CheckForNETCoreSdkIsPreview:
       C:\Program Files\dotnet\sdk\10.0.100-rc.2.25502.107\Sdks\Microsoft.NET.Sdk\targets\Microsoft.NET.RuntimeIdentifierInference.targets(351,5): message NETSDK1057: Bir .NET önizleme sürümü kullanıyorsunuz. Bkz. https://aka.ms/dotnet-support-policy [C:\Users\user\Desktop\ERP-vNext\services\Diten.Building.Blocks\Diten.BuildingBlocks.Security.Secrets\Diten.BuildingBlocks.Security.Secrets.csproj]
    11>CoreClean:
         "C:\Users\user\Desktop\ERP-vNext\services\Diten.Platform\src\Diten.Platform.Domain\bin\Debug\net8.0\Diten.Platform.Domain.deps.json" dosyası siliniyor.
     6>CoreClean:
         "C:\Users\user\Desktop\ERP-vNext\services\Diten.Platform\src\Diten.Platform.Infrastructure\bin\Debug\net8.0\Diten.Platform.Domain.dll" dosyası siliniyor.
    11>CoreClean:
         "C:\Users\user\Desktop\ERP-vNext\services\Diten.Platform\src\Diten.Platform.Domain\bin\Debug\net8.0\Diten.Platform.Domain.dll" dosyası siliniyor.
     6>CoreClean:
         "C:\Users\user\Desktop\ERP-vNext\services\Diten.Platform\src\Diten.Platform.Infrastructure\bin\Debug\net8.0\Diten.Platform.Application.pdb" dosyası siliniyor.
    11>CoreClean:
         "C:\Users\user\Desktop\ERP-vNext\services\Diten.Platform\src\Diten.Platform.Domain\bin\Debug\net8.0\Diten.Platform.Domain.pdb" dosyası siliniyor.
     8>CoreClean:
         "C:\Users\user\Desktop\ERP-vNext\services\Diten.Building.Blocks\src\Diten.BuildingBlocks.BackgroundJobs\obj\Debug\net8.0\ref\Diten.BuildingBlocks.BackgroundJobs.dll" dosyası siliniyor.
     6>CoreClean:
         "C:\Users\user\Desktop\ERP-vNext\services\Diten.Platform\src\Diten.Platform.Infrastructure\bin\Debug\net8.0\Diten.Platform.Domain.pdb" dosyası siliniyor.
    11>CoreClean:
         "C:\Users\user\Desktop\ERP-vNext\services\Diten.Platform\src\Diten.Platform.Domain\bin\Debug\net8.0\Diten.BuildingBlocks.InterfaceRegistry.Abstractions.dll" dosyası siliniyor.
     7>"C:\Users\user\Desktop\ERP-vNext\services\Diten.Building.Blocks\src\Diten.BuildingBlocks.Eventing\Diten.BuildingBlocks.Eventing.csproj" Projesini Oluşturma İşlemi Tamamlandı (Clean hedef).
    11>CoreClean:
         "C:\Users\user\Desktop\ERP-vNext\services\Diten.Platform\src\Diten.Platform.Domain\bin\Debug\net8.0\Diten.Platform.Common.dll" dosyası siliniyor.
     6>CoreClean:
         "C:\Users\user\Desktop\ERP-vNext\services\Diten.Platform\src\Diten.Platform.Infrastructure\bin\Debug\net8.0\Diten.BuildingBlocks.BackgroundJobs.pdb" dosyası siliniyor.
    11>CoreClean:
         "C:\Users\user\Desktop\ERP-vNext\services\Diten.Platform\src\Diten.Platform.Domain\bin\Debug\net8.0\Diten.Platform.Common.pdb" dosyası siliniyor.
     6>CoreClean:
         "C:\Users\user\Desktop\ERP-vNext\services\Diten.Platform\src\Diten.Platform.Infrastructure\bin\Debug\net8.0\Diten.BuildingBlocks.Eventing.pdb" dosyası siliniyor.
    11>CoreClean:
         "C:\Users\user\Desktop\ERP-vNext\services\Diten.Platform\src\Diten.Platform.Domain\bin\Debug\net8.0\Diten.BuildingBlocks.InterfaceRegistry.Abstractions.pdb" dosyası siliniyor.
     6>CoreClean:
         "C:\Users\user\Desktop\ERP-vNext\services\Diten.Platform\src\Diten.Platform.Infrastructure\bin\Debug\net8.0\Diten.Platform.Common.pdb" dosyası siliniyor.
    11>CoreClean:
         "C:\Users\user\Desktop\ERP-vNext\services\Diten.Platform\src\Diten.Platform.Domain\obj\Debug\net8.0\Diten.Platform.Domain.csproj.AssemblyReference.cache" dosyası siliniyor.
     6>CoreClean:
         "C:\Users\user\Desktop\ERP-vNext\services\Diten.Platform\src\Diten.Platform.Infrastructure\bin\Debug\net8.0\Diten.Platform.Contracts.pdb" dosyası siliniyor.
    11>CoreClean:
         "C:\Users\user\Desktop\ERP-vNext\services\Diten.Platform\src\Diten.Platform.Domain\obj\Debug\net8.0\Diten.Platform.Domain.GeneratedMSBuildEditorConfig.editorconfig" dosyası siliniyor.
         "C:\Users\user\Desktop\ERP-vNext\services\Diten.Platform\src\Diten.Platform.Domain\obj\Debug\net8.0\Diten.Platform.Domain.AssemblyInfoInputs.cache" dosyası siliniyor.
         "C:\Users\user\Desktop\ERP-vNext\services\Diten.Platform\src\Diten.Platform.Domain\obj\Debug\net8.0\Diten.Platform.Domain.AssemblyInfo.cs" dosyası siliniyor.
         "C:\Users\user\Desktop\ERP-vNext\services\Diten.Platform\src\Diten.Platform.Domain\obj\Debug\net8.0\Diten.Platform.Domain.csproj.CoreCompileInputs.cache" dosyası siliniyor.
         "C:\Users\user\Desktop\ERP-vNext\services\Diten.Platform\src\Diten.Platform.Domain\obj\Debug\net8.0\Diten.Platform.Domain.sourcelink.json" dosyası siliniyor.
     6>CoreClean:
         "C:\Users\user\Desktop\ERP-vNext\services\Diten.Platform\src\Diten.Platform.Infrastructure\bin\Debug\net8.0\Diten.BuildingBlocks.Security.Secrets.pdb" dosyası siliniyor.
    11>CoreClean:
         "C:\Users\user\Desktop\ERP-vNext\services\Diten.Platform\src\Diten.Platform.Domain\obj\Debug\net8.0\Diten.Pl.B8CE129B.Up2Date" dosyası siliniyor.
         "C:\Users\user\Desktop\ERP-vNext\services\Diten.Platform\src\Diten.Platform.Domain\obj\Debug\net8.0\Diten.Platform.Domain.dll" dosyası siliniyor.
         "C:\Users\user\Desktop\ERP-vNext\services\Diten.Platform\src\Diten.Platform.Domain\obj\Debug\net8.0\refint\Diten.Platform.Domain.dll" dosyası siliniyor.
         "C:\Users\user\Desktop\ERP-vNext\services\Diten.Platform\src\Diten.Platform.Domain\obj\Debug\net8.0\Diten.Platform.Domain.pdb" dosyası siliniyor.
         "C:\Users\user\Desktop\ERP-vNext\services\Diten.Platform\src\Diten.Platform.Domain\obj\Debug\net8.0\ref\Diten.Platform.Domain.dll" dosyası siliniyor.
     2>"C:\Users\user\Desktop\ERP-vNext\services\Diten.Building.Blocks\src\Diten.BuildingBlocks.ModuleRegistration.Abstractions\Diten.BuildingBlocks.ModuleRegistration.Abstractions.csproj" Projesini Oluşturma İşlemi Tamamlandı (Clean hedef).
     6>CoreClean:
         "C:\Users\user\Desktop\ERP-vNext\services\Diten.Platform\src\Diten.Platform.Infrastructure\bin\Debug\net8.0\Diten.BuildingBlocks.InterfaceRegistry.Abstractions.pdb" dosyası siliniyor.
         "C:\Users\user\Desktop\ERP-vNext\services\Diten.Platform\src\Diten.Platform.Infrastructure\bin\Debug\net8.0\Diten.BuildingBlocks.ModuleRegistration.Abstractions.pdb" dosyası siliniyor.
         "C:\Users\user\Desktop\ERP-vNext\services\Diten.Platform\src\Diten.Platform.Infrastructure\obj\Debug\net8.0\Diten.Platform.Infrastructure.csproj.AssemblyReference.cache" dosyası siliniyor.
         "C:\Users\user\Desktop\ERP-vNext\services\Diten.Platform\src\Diten.Platform.Infrastructure\obj\Debug\net8.0\Diten.Platform.Infrastructure.GeneratedMSBuildEditorConfig.editorconfig" dosyası siliniyor.
         "C:\Users\user\Desktop\ERP-vNext\services\Diten.Platform\src\Diten.Platform.Infrastructure\obj\Debug\net8.0\Diten.Platform.Infrastructure.AssemblyInfoInputs.cache" dosyası siliniyor.
     3>"C:\Users\user\Desktop\ERP-vNext\services\Diten.Building.Blocks\src\Diten.BuildingBlocks.InterfaceRegistry.Abstractions\Diten.BuildingBlocks.InterfaceRegistry.Abstractions.csproj" Projesini Oluşturma İşlemi Tamamlandı (Clean hedef).
     6>CoreClean:
         "C:\Users\user\Desktop\ERP-vNext\services\Diten.Platform\src\Diten.Platform.Infrastructure\obj\Debug\net8.0\Diten.Platform.Infrastructure.AssemblyInfo.cs" dosyası siliniyor.
     8>"C:\Users\user\Desktop\ERP-vNext\services\Diten.Building.Blocks\src\Diten.BuildingBlocks.BackgroundJobs\Diten.BuildingBlocks.BackgroundJobs.csproj" Projesini Oluşturma İşlemi Tamamlandı (Clean hedef).
     6>CoreClean:
         "C:\Users\user\Desktop\ERP-vNext\services\Diten.Platform\src\Diten.Platform.Infrastructure\obj\Debug\net8.0\Diten.Platform.Infrastructure.csproj.CoreCompileInputs.cache" dosyası siliniyor.
         "C:\Users\user\Desktop\ERP-vNext\services\Diten.Platform\src\Diten.Platform.Infrastructure\obj\Debug\net8.0\Diten.Platform.Infrastructure.sourcelink.json" dosyası siliniyor.
         "C:\Users\user\Desktop\ERP-vNext\services\Diten.Platform\src\Diten.Platform.Infrastructure\obj\Debug\net8.0\Diten.Pl.F3B1C6E5.Up2Date" dosyası siliniyor.
         "C:\Users\user\Desktop\ERP-vNext\services\Diten.Platform\src\Diten.Platform.Infrastructure\obj\Debug\net8.0\Diten.Platform.Infrastructure.dll" dosyası siliniyor.
    10>"C:\Users\user\Desktop\ERP-vNext\services\Diten.Platform.Contracts\Diten.Platform.Contracts.csproj" Projesini Oluşturma İşlemi Tamamlandı (Clean hedef).
     6>CoreClean:
         "C:\Users\user\Desktop\ERP-vNext\services\Diten.Platform\src\Diten.Platform.Infrastructure\obj\Debug\net8.0\refint\Diten.Platform.Infrastructure.dll" dosyası siliniyor.
         "C:\Users\user\Desktop\ERP-vNext\services\Diten.Platform\src\Diten.Platform.Infrastructure\obj\Debug\net8.0\Diten.Platform.Infrastructure.pdb" dosyası siliniyor.
         "C:\Users\user\Desktop\ERP-vNext\services\Diten.Platform\src\Diten.Platform.Infrastructure\obj\Debug\net8.0\ref\Diten.Platform.Infrastructure.dll" dosyası siliniyor.
     5>"C:\Users\user\Desktop\ERP-vNext\services\Diten.Platform.Common\src\Diten.Platform.Common\Diten.Platform.Common.csproj" Projesini Oluşturma İşlemi Tamamlandı (Clean hedef).
    11>"C:\Users\user\Desktop\ERP-vNext\services\Diten.Platform\src\Diten.Platform.Domain\Diten.Platform.Domain.csproj" Projesini Oluşturma İşlemi Tamamlandı (Clean hedef).
     9>"C:\Users\user\Desktop\ERP-vNext\services\Diten.Building.Blocks\Diten.BuildingBlocks.Security.Secrets\Diten.BuildingBlocks.Security.Secrets.csproj" Projesini Oluşturma İşlemi Tamamlandı (Clean hedef).
     4>"C:\Users\user\Desktop\ERP-vNext\services\Diten.Platform\src\Diten.Platform.Application\Diten.Platform.Application.csproj" Projesini Oluşturma İşlemi Tamamlandı (Clean hedef).
     6>"C:\Users\user\Desktop\ERP-vNext\services\Diten.Platform\src\Diten.Platform.Infrastructure\Diten.Platform.Infrastructure.csproj" Projesini Oluşturma İşlemi Tamamlandı (Clean hedef).
     1>"C:\Users\user\Desktop\ERP-vNext\services\Diten.Platform\src\Diten.Platform.API\Diten.Platform.API.csproj" Projesini Oluşturma İşlemi Tamamlandı (Clean hedef).

Oluşturma başarılı oldu.
    0 Uyarı
    0 Hata

Geçen Süre 00:00:04.22
Cleaning Gateway...
Oluşturma başlatıldı: 25.07.2026 21:23:09.
     1>1 düğümünde "C:\Users\user\Desktop\ERP-vNext\gateway\Diten.ApiGateway\Diten.ApiGateway.csproj" projesi (Clean hedef).
     1>_CheckForNETCoreSdkIsPreview:
       C:\Program Files\dotnet\sdk\10.0.100-rc.2.25502.107\Sdks\Microsoft.NET.Sdk\targets\Microsoft.NET.RuntimeIdentifierInference.targets(351,5): message NETSDK1057: Bir .NET önizleme sürümü kullanıyorsunuz. Bkz. https://aka.ms/dotnet-support-policy [C:\Users\user\Desktop\ERP-vNext\gateway\Diten.ApiGateway\Diten.ApiGateway.csproj]
       CoreClean:
         "C:\Users\user\Desktop\ERP-vNext\gateway\Diten.ApiGateway\bin\Debug\net8.0\appsettings.Development.json" dosyası siliniyor.
         "C:\Users\user\Desktop\ERP-vNext\gateway\Diten.ApiGateway\bin\Debug\net8.0\appsettings.json" dosyası siliniyor.
         "C:\Users\user\Desktop\ERP-vNext\gateway\Diten.ApiGateway\bin\Debug\net8.0\ocelot.json" dosyası siliniyor.
         "C:\Users\user\Desktop\ERP-vNext\gateway\Diten.ApiGateway\bin\Debug\net8.0\Diten.ApiGateway.staticwebassets.endpoints.json" dosyası siliniyor.
         "C:\Users\user\Desktop\ERP-vNext\gateway\Diten.ApiGateway\bin\Debug\net8.0\Diten.ApiGateway.exe" dosyası siliniyor.
         "C:\Users\user\Desktop\ERP-vNext\gateway\Diten.ApiGateway\bin\Debug\net8.0\Diten.ApiGateway.deps.json" dosyası siliniyor.
         "C:\Users\user\Desktop\ERP-vNext\gateway\Diten.ApiGateway\bin\Debug\net8.0\Diten.ApiGateway.runtimeconfig.json" dosyası siliniyor.
         "C:\Users\user\Desktop\ERP-vNext\gateway\Diten.ApiGateway\bin\Debug\net8.0\Diten.ApiGateway.dll" dosyası siliniyor.
         "C:\Users\user\Desktop\ERP-vNext\gateway\Diten.ApiGateway\bin\Debug\net8.0\Diten.ApiGateway.pdb" dosyası siliniyor.
         "C:\Users\user\Desktop\ERP-vNext\gateway\Diten.ApiGateway\bin\Debug\net8.0\AWSSDK.Core.dll" dosyası siliniyor.
         "C:\Users\user\Desktop\ERP-vNext\gateway\Diten.ApiGateway\bin\Debug\net8.0\AWSSDK.SecurityToken.dll" dosyası siliniyor.
         "C:\Users\user\Desktop\ERP-vNext\gateway\Diten.ApiGateway\bin\Debug\net8.0\DnsClient.dll" dosyası siliniyor.
         "C:\Users\user\Desktop\ERP-vNext\gateway\Diten.ApiGateway\bin\Debug\net8.0\FluentValidation.dll" dosyası siliniyor.
         "C:\Users\user\Desktop\ERP-vNext\gateway\Diten.ApiGateway\bin\Debug\net8.0\IPAddressRange.dll" dosyası siliniyor.
         "C:\Users\user\Desktop\ERP-vNext\gateway\Diten.ApiGateway\bin\Debug\net8.0\Microsoft.AspNetCore.Authentication.JwtBearer.dll" dosyası siliniyor.
         "C:\Users\user\Desktop\ERP-vNext\gateway\Diten.ApiGateway\bin\Debug\net8.0\Microsoft.AspNetCore.JsonPatch.dll" dosyası siliniyor.
         "C:\Users\user\Desktop\ERP-vNext\gateway\Diten.ApiGateway\bin\Debug\net8.0\Microsoft.AspNetCore.MiddlewareAnalysis.dll" dosyası siliniyor.
         "C:\Users\user\Desktop\ERP-vNext\gateway\Diten.ApiGateway\bin\Debug\net8.0\Microsoft.AspNetCore.Mvc.NewtonsoftJson.dll" dosyası siliniyor.
         "C:\Users\user\Desktop\ERP-vNext\gateway\Diten.ApiGateway\bin\Debug\net8.0\Microsoft.Extensions.Configuration.Binder.dll" dosyası siliniyor.
         "C:\Users\user\Desktop\ERP-vNext\gateway\Diten.ApiGateway\bin\Debug\net8.0\Microsoft.Extensions.DependencyInjection.Abstractions.dll" dosyası siliniyor.
         "C:\Users\user\Desktop\ERP-vNext\gateway\Diten.ApiGateway\bin\Debug\net8.0\Microsoft.Extensions.DependencyModel.dll" dosyası siliniyor.
         "C:\Users\user\Desktop\ERP-vNext\gateway\Diten.ApiGateway\bin\Debug\net8.0\Microsoft.Extensions.DiagnosticAdapter.dll" dosyası siliniyor.
         "C:\Users\user\Desktop\ERP-vNext\gateway\Diten.ApiGateway\bin\Debug\net8.0\Microsoft.IdentityModel.Abstractions.dll" dosyası siliniyor.
         "C:\Users\user\Desktop\ERP-vNext\gateway\Diten.ApiGateway\bin\Debug\net8.0\Microsoft.IdentityModel.JsonWebTokens.dll" dosyası siliniyor.
         "C:\Users\user\Desktop\ERP-vNext\gateway\Diten.ApiGateway\bin\Debug\net8.0\Microsoft.IdentityModel.Logging.dll" dosyası siliniyor.
         "C:\Users\user\Desktop\ERP-vNext\gateway\Diten.ApiGateway\bin\Debug\net8.0\Microsoft.IdentityModel.Protocols.dll" dosyası siliniyor.
         "C:\Users\user\Desktop\ERP-vNext\gateway\Diten.ApiGateway\bin\Debug\net8.0\Microsoft.IdentityModel.Protocols.OpenIdConnect.dll" dosyası siliniyor.
         "C:\Users\user\Desktop\ERP-vNext\gateway\Diten.ApiGateway\bin\Debug\net8.0\Microsoft.IdentityModel.Tokens.dll" dosyası siliniyor.
         "C:\Users\user\Desktop\ERP-vNext\gateway\Diten.ApiGateway\bin\Debug\net8.0\MongoDB.Bson.dll" dosyası siliniyor.
         "C:\Users\user\Desktop\ERP-vNext\gateway\Diten.ApiGateway\bin\Debug\net8.0\MongoDB.Driver.dll" dosyası siliniyor.
         "C:\Users\user\Desktop\ERP-vNext\gateway\Diten.ApiGateway\bin\Debug\net8.0\MongoDB.Driver.Core.dll" dosyası siliniyor.
         "C:\Users\user\Desktop\ERP-vNext\gateway\Diten.ApiGateway\bin\Debug\net8.0\MongoDB.Libmongocrypt.dll" dosyası siliniyor.
         "C:\Users\user\Desktop\ERP-vNext\gateway\Diten.ApiGateway\bin\Debug\net8.0\Newtonsoft.Json.dll" dosyası siliniyor.
         "C:\Users\user\Desktop\ERP-vNext\gateway\Diten.ApiGateway\bin\Debug\net8.0\Newtonsoft.Json.Bson.dll" dosyası siliniyor.
         "C:\Users\user\Desktop\ERP-vNext\gateway\Diten.ApiGateway\bin\Debug\net8.0\Ocelot.dll" dosyası siliniyor.
         "C:\Users\user\Desktop\ERP-vNext\gateway\Diten.ApiGateway\bin\Debug\net8.0\OpenTelemetry.dll" dosyası siliniyor.
         "C:\Users\user\Desktop\ERP-vNext\gateway\Diten.ApiGateway\bin\Debug\net8.0\OpenTelemetry.Api.dll" dosyası siliniyor.
         "C:\Users\user\Desktop\ERP-vNext\gateway\Diten.ApiGateway\bin\Debug\net8.0\OpenTelemetry.Api.ProviderBuilderExtensions.dll" dosyası siliniyor.
         "C:\Users\user\Desktop\ERP-vNext\gateway\Diten.ApiGateway\bin\Debug\net8.0\OpenTelemetry.Exporter.OpenTelemetryProtocol.dll" dosyası siliniyor.
         "C:\Users\user\Desktop\ERP-vNext\gateway\Diten.ApiGateway\bin\Debug\net8.0\OpenTelemetry.Extensions.Hosting.dll" dosyası siliniyor.
         "C:\Users\user\Desktop\ERP-vNext\gateway\Diten.ApiGateway\bin\Debug\net8.0\OpenTelemetry.Instrumentation.AspNetCore.dll" dosyası siliniyor.
         "C:\Users\user\Desktop\ERP-vNext\gateway\Diten.ApiGateway\bin\Debug\net8.0\OpenTelemetry.Instrumentation.Http.dll" dosyası siliniyor.
         "C:\Users\user\Desktop\ERP-vNext\gateway\Diten.ApiGateway\bin\Debug\net8.0\Prometheus.NetStandard.dll" dosyası siliniyor.
         "C:\Users\user\Desktop\ERP-vNext\gateway\Diten.ApiGateway\bin\Debug\net8.0\Prometheus.AspNetCore.dll" dosyası siliniyor.
         "C:\Users\user\Desktop\ERP-vNext\gateway\Diten.ApiGateway\bin\Debug\net8.0\Serilog.dll" dosyası siliniyor.
         "C:\Users\user\Desktop\ERP-vNext\gateway\Diten.ApiGateway\bin\Debug\net8.0\Serilog.AspNetCore.dll" dosyası siliniyor.
         "C:\Users\user\Desktop\ERP-vNext\gateway\Diten.ApiGateway\bin\Debug\net8.0\Serilog.Enrichers.Environment.dll" dosyası siliniyor.
         "C:\Users\user\Desktop\ERP-vNext\gateway\Diten.ApiGateway\bin\Debug\net8.0\Serilog.Extensions.Hosting.dll" dosyası siliniyor.
         "C:\Users\user\Desktop\ERP-vNext\gateway\Diten.ApiGateway\bin\Debug\net8.0\Serilog.Extensions.Logging.dll" dosyası siliniyor.
         "C:\Users\user\Desktop\ERP-vNext\gateway\Diten.ApiGateway\bin\Debug\net8.0\Serilog.Formatting.Compact.dll" dosyası siliniyor.
         "C:\Users\user\Desktop\ERP-vNext\gateway\Diten.ApiGateway\bin\Debug\net8.0\Serilog.Settings.Configuration.dll" dosyası siliniyor.
         "C:\Users\user\Desktop\ERP-vNext\gateway\Diten.ApiGateway\bin\Debug\net8.0\Serilog.Sinks.Console.dll" dosyası siliniyor.
         "C:\Users\user\Desktop\ERP-vNext\gateway\Diten.ApiGateway\bin\Debug\net8.0\Serilog.Sinks.Debug.dll" dosyası siliniyor.
         "C:\Users\user\Desktop\ERP-vNext\gateway\Diten.ApiGateway\bin\Debug\net8.0\Serilog.Sinks.File.dll" dosyası siliniyor.
         "C:\Users\user\Desktop\ERP-vNext\gateway\Diten.ApiGateway\bin\Debug\net8.0\Serilog.Sinks.Seq.dll" dosyası siliniyor.
         "C:\Users\user\Desktop\ERP-vNext\gateway\Diten.ApiGateway\bin\Debug\net8.0\SharpCompress.dll" dosyası siliniyor.
         "C:\Users\user\Desktop\ERP-vNext\gateway\Diten.ApiGateway\bin\Debug\net8.0\Snappier.dll" dosyası siliniyor.
         "C:\Users\user\Desktop\ERP-vNext\gateway\Diten.ApiGateway\bin\Debug\net8.0\System.Diagnostics.DiagnosticSource.dll" dosyası siliniyor.
         "C:\Users\user\Desktop\ERP-vNext\gateway\Diten.ApiGateway\bin\Debug\net8.0\System.IdentityModel.Tokens.Jwt.dll" dosyası siliniyor.
         "C:\Users\user\Desktop\ERP-vNext\gateway\Diten.ApiGateway\bin\Debug\net8.0\ZstdSharp.dll" dosyası siliniyor.
         "C:\Users\user\Desktop\ERP-vNext\gateway\Diten.ApiGateway\bin\Debug\net8.0\runtimes\linux\native\libmongocrypt.so" dosyası siliniyor.
         "C:\Users\user\Desktop\ERP-vNext\gateway\Diten.ApiGateway\bin\Debug\net8.0\runtimes\osx\native\libmongocrypt.dylib" dosyası siliniyor.
         "C:\Users\user\Desktop\ERP-vNext\gateway\Diten.ApiGateway\bin\Debug\net8.0\runtimes\win\native\mongocrypt.dll" dosyası siliniyor.
         "C:\Users\user\Desktop\ERP-vNext\gateway\Diten.ApiGateway\bin\Debug\net8.0\Diten.BuildingBlocks.Security.Secrets.dll" dosyası siliniyor.
         "C:\Users\user\Desktop\ERP-vNext\gateway\Diten.ApiGateway\bin\Debug\net8.0\Diten.Platform.Common.dll" dosyası siliniyor.
         "C:\Users\user\Desktop\ERP-vNext\gateway\Diten.ApiGateway\bin\Debug\net8.0\Diten.BuildingBlocks.Security.Secrets.pdb" dosyası siliniyor.
         "C:\Users\user\Desktop\ERP-vNext\gateway\Diten.ApiGateway\bin\Debug\net8.0\Diten.Platform.Common.pdb" dosyası siliniyor.
         "C:\Users\user\Desktop\ERP-vNext\gateway\Diten.ApiGateway\obj\Debug\net8.0\Diten.ApiGateway.csproj.AssemblyReference.cache" dosyası siliniyor.
         "C:\Users\user\Desktop\ERP-vNext\gateway\Diten.ApiGateway\obj\Debug\net8.0\rpswa.dswa.cache.json" dosyası siliniyor.
         "C:\Users\user\Desktop\ERP-vNext\gateway\Diten.ApiGateway\obj\Debug\net8.0\Diten.ApiGateway.GeneratedMSBuildEditorConfig.editorconfig" dosyası siliniyor.
         "C:\Users\user\Desktop\ERP-vNext\gateway\Diten.ApiGateway\obj\Debug\net8.0\Diten.ApiGateway.AssemblyInfoInputs.cache" dosyası siliniyor.
         "C:\Users\user\Desktop\ERP-vNext\gateway\Diten.ApiGateway\obj\Debug\net8.0\Diten.ApiGateway.AssemblyInfo.cs" dosyası siliniyor.
         "C:\Users\user\Desktop\ERP-vNext\gateway\Diten.ApiGateway\obj\Debug\net8.0\Diten.ApiGateway.csproj.CoreCompileInputs.cache" dosyası siliniyor.
         "C:\Users\user\Desktop\ERP-vNext\gateway\Diten.ApiGateway\obj\Debug\net8.0\Diten.ApiGateway.MvcApplicationPartsAssemblyInfo.cs" dosyası siliniyor.
         "C:\Users\user\Desktop\ERP-vNext\gateway\Diten.ApiGateway\obj\Debug\net8.0\Diten.ApiGateway.MvcApplicationPartsAssemblyInfo.cache" dosyası siliniyor.
         "C:\Users\user\Desktop\ERP-vNext\gateway\Diten.ApiGateway\obj\Debug\net8.0\Diten.ApiGateway.sourcelink.json" dosyası siliniyor.
         "C:\Users\user\Desktop\ERP-vNext\gateway\Diten.ApiGateway\obj\Debug\net8.0\rjsmrazor.dswa.cache.json" dosyası siliniyor.
         "C:\Users\user\Desktop\ERP-vNext\gateway\Diten.ApiGateway\obj\Debug\net8.0\rjsmcshtml.dswa.cache.json" dosyası siliniyor.
         "C:\Users\user\Desktop\ERP-vNext\gateway\Diten.ApiGateway\obj\Debug\net8.0\staticwebassets.build.json" dosyası siliniyor.
         "C:\Users\user\Desktop\ERP-vNext\gateway\Diten.ApiGateway\obj\Debug\net8.0\staticwebassets.build.json.cache" dosyası siliniyor.
         "C:\Users\user\Desktop\ERP-vNext\gateway\Diten.ApiGateway\obj\Debug\net8.0\staticwebassets.build.endpoints.json" dosyası siliniyor.
         "C:\Users\user\Desktop\ERP-vNext\gateway\Diten.ApiGateway\obj\Debug\net8.0\swae.build.ex.cache" dosyası siliniyor.
         "C:\Users\user\Desktop\ERP-vNext\gateway\Diten.ApiGateway\obj\Debug\net8.0\Diten.Ap.8BB52204.Up2Date" dosyası siliniyor.
         "C:\Users\user\Desktop\ERP-vNext\gateway\Diten.ApiGateway\obj\Debug\net8.0\Diten.ApiGateway.dll" dosyası siliniyor.
         "C:\Users\user\Desktop\ERP-vNext\gateway\Diten.ApiGateway\obj\Debug\net8.0\refint\Diten.ApiGateway.dll" dosyası siliniyor.
         "C:\Users\user\Desktop\ERP-vNext\gateway\Diten.ApiGateway\obj\Debug\net8.0\Diten.ApiGateway.pdb" dosyası siliniyor.
         "C:\Users\user\Desktop\ERP-vNext\gateway\Diten.ApiGateway\obj\Debug\net8.0\Diten.ApiGateway.genruntimeconfig.cache" dosyası siliniyor.
         "C:\Users\user\Desktop\ERP-vNext\gateway\Diten.ApiGateway\obj\Debug\net8.0\ref\Diten.ApiGateway.dll" dosyası siliniyor.
     1>"C:\Users\user\Desktop\ERP-vNext\gateway\Diten.ApiGateway\Diten.ApiGateway.csproj" projesi (1) 2 düğümünde "C:\Users\user\Desktop\ERP-vNext\services\Diten.Platform.Common\src\Diten.Platform.Common\Diten.Platform.Common.csproj" (3:2) oluşturuyor (Clean hedef).
     3>_CheckForNETCoreSdkIsPreview:
       C:\Program Files\dotnet\sdk\10.0.100-rc.2.25502.107\Sdks\Microsoft.NET.Sdk\targets\Microsoft.NET.RuntimeIdentifierInference.targets(351,5): message NETSDK1057: Bir .NET önizleme sürümü kullanıyorsunuz. Bkz. https://aka.ms/dotnet-support-policy [C:\Users\user\Desktop\ERP-vNext\services\Diten.Platform.Common\src\Diten.Platform.Common\Diten.Platform.Common.csproj]
     3>"C:\Users\user\Desktop\ERP-vNext\services\Diten.Platform.Common\src\Diten.Platform.Common\Diten.Platform.Common.csproj" Projesini Oluşturma İşlemi Tamamlandı (Clean hedef).
     1>"C:\Users\user\Desktop\ERP-vNext\gateway\Diten.ApiGateway\Diten.ApiGateway.csproj" Projesini Oluşturma İşlemi Tamamlandı (Clean hedef).

Oluşturma başarılı oldu.
    0 Uyarı
    0 Hata

Geçen Süre 00:00:01.52
Cleaning Web...
Oluşturma başlatıldı: 25.07.2026 21:23:10.
     1>1 düğümünde "C:\Users\user\Desktop\ERP-vNext\frontend\Diten.Web\Diten.Web.sln" projesi (Clean hedef).
     1>ValidateSolutionConfiguration:
         "Debug|Any CPU" çözüm yapılandırması oluşturuluyor.
     1>"C:\Users\user\Desktop\ERP-vNext\frontend\Diten.Web\Diten.Web.sln" projesi (1) 1 düğümünde "C:\Users\user\Desktop\ERP-vNext\frontend\Diten.Web\Diten.Web.csproj" (2) oluşturuyor (Clean hedef).
     2>_CheckForNETCoreSdkIsPreview:
       C:\Program Files\dotnet\sdk\10.0.100-rc.2.25502.107\Sdks\Microsoft.NET.Sdk\targets\Microsoft.NET.RuntimeIdentifierInference.targets(351,5): message NETSDK1057: Bir .NET önizleme sürümü kullanıyorsunuz. Bkz. https://aka.ms/dotnet-support-policy [C:\Users\user\Desktop\ERP-vNext\frontend\Diten.Web\Diten.Web.csproj]
       CoreClean:
         "C:\Users\user\Desktop\ERP-vNext\frontend\Diten.Web\bin\Debug\net8.0\appsettings.Development.json" dosyası siliniyor.
         "C:\Users\user\Desktop\ERP-vNext\frontend\Diten.Web\bin\Debug\net8.0\appsettings.json" dosyası siliniyor.
         "C:\Users\user\Desktop\ERP-vNext\frontend\Diten.Web\bin\Debug\net8.0\package-lock.json" dosyası siliniyor.
         "C:\Users\user\Desktop\ERP-vNext\frontend\Diten.Web\bin\Debug\net8.0\package.json" dosyası siliniyor.
         "C:\Users\user\Desktop\ERP-vNext\frontend\Diten.Web\bin\Debug\net8.0\workflowJ.json" dosyası siliniyor.
         "C:\Users\user\Desktop\ERP-vNext\frontend\Diten.Web\bin\Debug\net8.0\Diten.Web.staticwebassets.runtime.json" dosyası siliniyor.
         "C:\Users\user\Desktop\ERP-vNext\frontend\Diten.Web\bin\Debug\net8.0\Diten.Web.staticwebassets.endpoints.json" dosyası siliniyor.
         "C:\Users\user\Desktop\ERP-vNext\frontend\Diten.Web\bin\Debug\net8.0\Diten.Web.exe" dosyası siliniyor.
         "C:\Users\user\Desktop\ERP-vNext\frontend\Diten.Web\bin\Debug\net8.0\Diten.Web.deps.json" dosyası siliniyor.
         "C:\Users\user\Desktop\ERP-vNext\frontend\Diten.Web\bin\Debug\net8.0\Diten.Web.runtimeconfig.json" dosyası siliniyor.
         "C:\Users\user\Desktop\ERP-vNext\frontend\Diten.Web\bin\Debug\net8.0\Diten.Web.dll" dosyası siliniyor.
         "C:\Users\user\Desktop\ERP-vNext\frontend\Diten.Web\bin\Debug\net8.0\Diten.Web.pdb" dosyası siliniyor.
         "C:\Users\user\Desktop\ERP-vNext\frontend\Diten.Web\bin\Debug\net8.0\ar\Diten.Web.resources.dll" dosyası siliniyor.
         "C:\Users\user\Desktop\ERP-vNext\frontend\Diten.Web\bin\Debug\net8.0\en\Diten.Web.resources.dll" dosyası siliniyor.
         "C:\Users\user\Desktop\ERP-vNext\frontend\Diten.Web\bin\Debug\net8.0\es\Diten.Web.resources.dll" dosyası siliniyor.
         "C:\Users\user\Desktop\ERP-vNext\frontend\Diten.Web\bin\Debug\net8.0\fr\Diten.Web.resources.dll" dosyası siliniyor.
         "C:\Users\user\Desktop\ERP-vNext\frontend\Diten.Web\bin\Debug\net8.0\ru\Diten.Web.resources.dll" dosyası siliniyor.
         "C:\Users\user\Desktop\ERP-vNext\frontend\Diten.Web\bin\Debug\net8.0\tr\Diten.Web.resources.dll" dosyası siliniyor.
         "C:\Users\user\Desktop\ERP-vNext\frontend\Diten.Web\bin\Debug\net8.0\zh\Diten.Web.resources.dll" dosyası siliniyor.
         "C:\Users\user\Desktop\ERP-vNext\frontend\Diten.Web\bin\Debug\net8.0\Microsoft.Extensions.DependencyInjection.Abstractions.dll" dosyası siliniyor.
         "C:\Users\user\Desktop\ERP-vNext\frontend\Diten.Web\bin\Debug\net8.0\Microsoft.IdentityModel.Abstractions.dll" dosyası siliniyor.
         "C:\Users\user\Desktop\ERP-vNext\frontend\Diten.Web\bin\Debug\net8.0\Microsoft.IdentityModel.JsonWebTokens.dll" dosyası siliniyor.
         "C:\Users\user\Desktop\ERP-vNext\frontend\Diten.Web\bin\Debug\net8.0\Microsoft.IdentityModel.Logging.dll" dosyası siliniyor.
         "C:\Users\user\Desktop\ERP-vNext\frontend\Diten.Web\bin\Debug\net8.0\Microsoft.IdentityModel.Tokens.dll" dosyası siliniyor.
         "C:\Users\user\Desktop\ERP-vNext\frontend\Diten.Web\bin\Debug\net8.0\System.IdentityModel.Tokens.Jwt.dll" dosyası siliniyor.
         "C:\Users\user\Desktop\ERP-vNext\frontend\Diten.Web\bin\Debug\net8.0\Diten.BuildingBlocks.Security.Secrets.dll" dosyası siliniyor.
         "C:\Users\user\Desktop\ERP-vNext\frontend\Diten.Web\bin\Debug\net8.0\Diten.BuildingBlocks.Security.Secrets.pdb" dosyası siliniyor.
         "C:\Users\user\Desktop\ERP-vNext\frontend\Diten.Web\obj\Debug\net8.0\Diten.Web.csproj.AssemblyReference.cache" dosyası siliniyor.
         "C:\Users\user\Desktop\ERP-vNext\frontend\Diten.Web\obj\Debug\net8.0\rpswa.dswa.cache.json" dosyası siliniyor.
         "C:\Users\user\Desktop\ERP-vNext\frontend\Diten.Web\obj\Debug\net8.0\Diten.Web.Resources.SharedResource.ar.resources" dosyası siliniyor.
         "C:\Users\user\Desktop\ERP-vNext\frontend\Diten.Web\obj\Debug\net8.0\Diten.Web.Resources.SharedResource.en.resources" dosyası siliniyor.
         "C:\Users\user\Desktop\ERP-vNext\frontend\Diten.Web\obj\Debug\net8.0\Diten.Web.Resources.SharedResource.es.resources" dosyası siliniyor.
         "C:\Users\user\Desktop\ERP-vNext\frontend\Diten.Web\obj\Debug\net8.0\Diten.Web.Resources.SharedResource.fr.resources" dosyası siliniyor.
         "C:\Users\user\Desktop\ERP-vNext\frontend\Diten.Web\obj\Debug\net8.0\Diten.Web.Resources.SharedResource.ru.resources" dosyası siliniyor.
         "C:\Users\user\Desktop\ERP-vNext\frontend\Diten.Web\obj\Debug\net8.0\Diten.Web.Resources.SharedResource.tr.resources" dosyası siliniyor.
         "C:\Users\user\Desktop\ERP-vNext\frontend\Diten.Web\obj\Debug\net8.0\Diten.Web.Resources.SharedResource.zh.resources" dosyası siliniyor.
         "C:\Users\user\Desktop\ERP-vNext\frontend\Diten.Web\obj\Debug\net8.0\Diten.Web.Resources.Views.CRM.Accounts.AccountIndex.ar.resources" dosyası siliniyor.
         "C:\Users\user\Desktop\ERP-vNext\frontend\Diten.Web\obj\Debug\net8.0\Diten.Web.Resources.Views.CRM.Accounts.AccountIndex.en.resources" dosyası siliniyor.
         "C:\Users\user\Desktop\ERP-vNext\frontend\Diten.Web\obj\Debug\net8.0\Diten.Web.Resources.Views.CRM.Accounts.AccountIndex.es.resources" dosyası siliniyor.
         "C:\Users\user\Desktop\ERP-vNext\frontend\Diten.Web\obj\Debug\net8.0\Diten.Web.Resources.Views.CRM.Accounts.AccountIndex.fr.resources" dosyası siliniyor.
         "C:\Users\user\Desktop\ERP-vNext\frontend\Diten.Web\obj\Debug\net8.0\Diten.Web.Resources.Views.CRM.Accounts.AccountIndex.ru.resources" dosyası siliniyor.
         "C:\Users\user\Desktop\ERP-vNext\frontend\Diten.Web\obj\Debug\net8.0\Diten.Web.Resources.Views.CRM.Accounts.AccountIndex.tr.resources" dosyası siliniyor.
         "C:\Users\user\Desktop\ERP-vNext\frontend\Diten.Web\obj\Debug\net8.0\Diten.Web.Resources.Views.CRM.Accounts.AccountIndex.zh.resources" dosyası siliniyor.
         "C:\Users\user\Desktop\ERP-vNext\frontend\Diten.Web\obj\Debug\net8.0\Diten.Web.Resources.Views.CRM.Contacts.ContactIndex.ar.resources" dosyası siliniyor.
         "C:\Users\user\Desktop\ERP-vNext\frontend\Diten.Web\obj\Debug\net8.0\Diten.Web.Resources.Views.CRM.Contacts.ContactIndex.en.resources" dosyası siliniyor.
         "C:\Users\user\Desktop\ERP-vNext\frontend\Diten.Web\obj\Debug\net8.0\Diten.Web.Resources.Views.CRM.Contacts.ContactIndex.es.resources" dosyası siliniyor.
         "C:\Users\user\Desktop\ERP-vNext\frontend\Diten.Web\obj\Debug\net8.0\Diten.Web.Resources.Views.CRM.Contacts.ContactIndex.fr.resources" dosyası siliniyor.
         "C:\Users\user\Desktop\ERP-vNext\frontend\Diten.Web\obj\Debug\net8.0\Diten.Web.Resources.Views.CRM.Contacts.ContactIndex.ru.resources" dosyası siliniyor.
         "C:\Users\user\Desktop\ERP-vNext\frontend\Diten.Web\obj\Debug\net8.0\Diten.Web.Resources.Views.CRM.Contacts.ContactIndex.tr.resources" dosyası siliniyor.
         "C:\Users\user\Desktop\ERP-vNext\frontend\Diten.Web\obj\Debug\net8.0\Diten.Web.Resources.Views.CRM.Contacts.ContactIndex.zh.resources" dosyası siliniyor.
         "C:\Users\user\Desktop\ERP-vNext\frontend\Diten.Web\obj\Debug\net8.0\Diten.Web.Resources.Views.CRM.TerritoryManagement.TerritoryManagementResources.ar.resources" dosyası siliniyor.
         "C:\Users\user\Desktop\ERP-vNext\frontend\Diten.Web\obj\Debug\net8.0\Diten.Web.Resources.Views.CRM.TerritoryManagement.TerritoryManagementResources.en.resources" dosyası siliniyor.
         "C:\Users\user\Desktop\ERP-vNext\frontend\Diten.Web\obj\Debug\net8.0\Diten.Web.Resources.Views.CRM.TerritoryManagement.TerritoryManagementResources.es.resources" dosyası siliniyor.
         "C:\Users\user\Desktop\ERP-vNext\frontend\Diten.Web\obj\Debug\net8.0\Diten.Web.Resources.Views.CRM.TerritoryManagement.TerritoryManagementResources.fr.resources" dosyası siliniyor.
         "C:\Users\user\Desktop\ERP-vNext\frontend\Diten.Web\obj\Debug\net8.0\Diten.Web.Resources.Views.CRM.TerritoryManagement.TerritoryManagementResources.ru.resources" dosyası siliniyor.
         "C:\Users\user\Desktop\ERP-vNext\frontend\Diten.Web\obj\Debug\net8.0\Diten.Web.Resources.Views.CRM.TerritoryManagement.TerritoryManagementResources.tr.resources" dosyası siliniyor.
         "C:\Users\user\Desktop\ERP-vNext\frontend\Diten.Web\obj\Debug\net8.0\Diten.Web.Resources.Views.CRM.TerritoryManagement.TerritoryManagementResources.zh.resources" dosyası siliniyor.
         "C:\Users\user\Desktop\ERP-vNext\frontend\Diten.Web\obj\Debug\net8.0\Diten.Web.Resources.Views.DevEnablement.GoldenReferenceCompact.GoldenReferenceCompactIndex.ar.resources" dosyası siliniyor.
         "C:\Users\user\Desktop\ERP-vNext\frontend\Diten.Web\obj\Debug\net8.0\Diten.Web.Resources.Views.DevEnablement.GoldenReferenceCompact.GoldenReferenceCompactIndex.en.resources" dosyası siliniyor.
         "C:\Users\user\Desktop\ERP-vNext\frontend\Diten.Web\obj\Debug\net8.0\Diten.Web.Resources.Views.DevEnablement.GoldenReferenceCompact.GoldenReferenceCompactIndex.es.resources" dosyası siliniyor.
         "C:\Users\user\Desktop\ERP-vNext\frontend\Diten.Web\obj\Debug\net8.0\Diten.Web.Resources.Views.DevEnablement.GoldenReferenceCompact.GoldenReferenceCompactIndex.fr.resources" dosyası siliniyor.
         "C:\Users\user\Desktop\ERP-vNext\frontend\Diten.Web\obj\Debug\net8.0\Diten.Web.Resources.Views.DevEnablement.GoldenReferenceCompact.GoldenReferenceCompactIndex.ru.resources" dosyası siliniyor.
         "C:\Users\user\Desktop\ERP-vNext\frontend\Diten.Web\obj\Debug\net8.0\Diten.Web.Resources.Views.DevEnablement.GoldenReferenceCompact.GoldenReferenceCompactIndex.tr.resources" dosyası siliniyor.
         "C:\Users\user\Desktop\ERP-vNext\frontend\Diten.Web\obj\Debug\net8.0\Diten.Web.Resources.Views.DevEnablement.GoldenReferenceCompact.GoldenReferenceCompactIndex.zh.resources" dosyası siliniyor.
         "C:\Users\user\Desktop\ERP-vNext\frontend\Diten.Web\obj\Debug\net8.0\Diten.Web.Resources.Views.DevEnablement.GoldenReferenceSlim.GoldenReferenceSlimIndex.ar.resources" dosyası siliniyor.
         "C:\Users\user\Desktop\ERP-vNext\frontend\Diten.Web\obj\Debug\net8.0\Diten.Web.Resources.Views.DevEnablement.GoldenReferenceSlim.GoldenReferenceSlimIndex.en.resources" dosyası siliniyor.
         "C:\Users\user\Desktop\ERP-vNext\frontend\Diten.Web\obj\Debug\net8.0\Diten.Web.Resources.Views.DevEnablement.GoldenReferenceSlim.GoldenReferenceSlimIndex.es.resources" dosyası siliniyor.
         "C:\Users\user\Desktop\ERP-vNext\frontend\Diten.Web\obj\Debug\net8.0\Diten.Web.Resources.Views.DevEnablement.GoldenReferenceSlim.GoldenReferenceSlimIndex.fr.resources" dosyası siliniyor.
         "C:\Users\user\Desktop\ERP-vNext\frontend\Diten.Web\obj\Debug\net8.0\Diten.Web.Resources.Views.DevEnablement.GoldenReferenceSlim.GoldenReferenceSlimIndex.ru.resources" dosyası siliniyor.
         "C:\Users\user\Desktop\ERP-vNext\frontend\Diten.Web\obj\Debug\net8.0\Diten.Web.Resources.Views.DevEnablement.GoldenReferenceSlim.GoldenReferenceSlimIndex.tr.resources" dosyası siliniyor.
         "C:\Users\user\Desktop\ERP-vNext\frontend\Diten.Web\obj\Debug\net8.0\Diten.Web.Resources.Views.DevEnablement.GoldenReferenceSlim.GoldenReferenceSlimIndex.zh.resources" dosyası siliniyor.
         "C:\Users\user\Desktop\ERP-vNext\frontend\Diten.Web\obj\Debug\net8.0\Diten.Web.Resources.Views.DocumentManagement.AccessMatrix.AccessMatrixIndex.ar.resources" dosyası siliniyor.
         "C:\Users\user\Desktop\ERP-vNext\frontend\Diten.Web\obj\Debug\net8.0\Diten.Web.Resources.Views.DocumentManagement.AccessMatrix.AccessMatrixIndex.en.resources" dosyası siliniyor.
         "C:\Users\user\Desktop\ERP-vNext\frontend\Diten.Web\obj\Debug\net8.0\Diten.Web.Resources.Views.DocumentManagement.AccessMatrix.AccessMatrixIndex.es.resources" dosyası siliniyor.
         "C:\Users\user\Desktop\ERP-vNext\frontend\Diten.Web\obj\Debug\net8.0\Diten.Web.Resources.Views.DocumentManagement.AccessMatrix.AccessMatrixIndex.fr.resources" dosyası siliniyor.
         "C:\Users\user\Desktop\ERP-vNext\frontend\Diten.Web\obj\Debug\net8.0\Diten.Web.Resources.Views.DocumentManagement.AccessMatrix.AccessMatrixIndex.ru.resources" dosyası siliniyor.
         "C:\Users\user\Desktop\ERP-vNext\frontend\Diten.Web\obj\Debug\net8.0\Diten.Web.Resources.Views.DocumentManagement.AccessMatrix.AccessMatrixIndex.tr.resources" dosyası siliniyor.
         "C:\Users\user\Desktop\ERP-vNext\frontend\Diten.Web\obj\Debug\net8.0\Diten.Web.Resources.Views.DocumentManagement.AccessMatrix.AccessMatrixIndex.zh.resources" dosyası siliniyor.
         "C:\Users\user\Desktop\ERP-vNext\frontend\Diten.Web\obj\Debug\net8.0\Diten.Web.Resources.Views.DocumentManagement.ControlledDocuments.ControlledDocumentsIndex.ar.resources" dosyası siliniyor.
         "C:\Users\user\Desktop\ERP-vNext\frontend\Diten.Web\obj\Debug\net8.0\Diten.Web.Resources.Views.DocumentManagement.ControlledDocuments.ControlledDocumentsIndex.en.resources" dosyası siliniyor.
         "C:\Users\user\Desktop\ERP-vNext\frontend\Diten.Web\obj\Debug\net8.0\Diten.Web.Resources.Views.DocumentManagement.ControlledDocuments.ControlledDocumentsIndex.es.resources" dosyası siliniyor.
         "C:\Users\user\Desktop\ERP-vNext\frontend\Diten.Web\obj\Debug\net8.0\Diten.Web.Resources.Views.DocumentManagement.ControlledDocuments.ControlledDocumentsIndex.fr.resources" dosyası siliniyor.
         "C:\Users\user\Desktop\ERP-vNext\frontend\Diten.Web\obj\Debug\net8.0\Diten.Web.Resources.Views.DocumentManagement.ControlledDocuments.ControlledDocumentsIndex.ru.resources" dosyası siliniyor.
         "C:\Users\user\Desktop\ERP-vNext\frontend\Diten.Web\obj\Debug\net8.0\Diten.Web.Resources.Views.DocumentManagement.ControlledDocuments.ControlledDocumentsIndex.tr.resources" dosyası siliniyor.
         "C:\Users\user\Desktop\ERP-vNext\frontend\Diten.Web\obj\Debug\net8.0\Diten.Web.Resources.Views.DocumentManagement.ControlledDocuments.ControlledDocumentsIndex.zh.resources" dosyası siliniyor.
         "C:\Users\user\Desktop\ERP-vNext\frontend\Diten.Web\obj\Debug\net8.0\Diten.Web.Resources.Views.DocumentManagement.Instantiations.InstantiationsIndex.ar.resources" dosyası siliniyor.
         "C:\Users\user\Desktop\ERP-vNext\frontend\Diten.Web\obj\Debug\net8.0\Diten.Web.Resources.Views.DocumentManagement.Instantiations.InstantiationsIndex.en.resources" dosyası siliniyor.
         "C:\Users\user\Desktop\ERP-vNext\frontend\Diten.Web\obj\Debug\net8.0\Diten.Web.Resources.Views.DocumentManagement.Instantiations.InstantiationsIndex.es.resources" dosyası siliniyor.
         "C:\Users\user\Desktop\ERP-vNext\frontend\Diten.Web\obj\Debug\net8.0\Diten.Web.Resources.Views.DocumentManagement.Instantiations.InstantiationsIndex.fr.resources" dosyası siliniyor.
         "C:\Users\user\Desktop\ERP-vNext\frontend\Diten.Web\obj\Debug\net8.0\Diten.Web.Resources.Views.DocumentManagement.Instantiations.InstantiationsIndex.ru.resources" dosyası siliniyor.
         "C:\Users\user\Desktop\ERP-vNext\frontend\Diten.Web\obj\Debug\net8.0\Diten.Web.Resources.Views.DocumentManagement.Instantiations.InstantiationsIndex.tr.resources" dosyası siliniyor.
         "C:\Users\user\Desktop\ERP-vNext\frontend\Diten.Web\obj\Debug\net8.0\Diten.Web.Resources.Views.DocumentManagement.Instantiations.InstantiationsIndex.zh.resources" dosyası siliniyor.
         "C:\Users\user\Desktop\ERP-vNext\frontend\Diten.Web\obj\Debug\net8.0\Diten.Web.Resources.Views.DocumentManagement.MasterRegister.MasterRegisterIndex.ar.resources" dosyası siliniyor.
         "C:\Users\user\Desktop\ERP-vNext\frontend\Diten.Web\obj\Debug\net8.0\Diten.Web.Resources.Views.DocumentManagement.MasterRegister.MasterRegisterIndex.en.resources" dosyası siliniyor.
         "C:\Users\user\Desktop\ERP-vNext\frontend\Diten.Web\obj\Debug\net8.0\Diten.Web.Resources.Views.DocumentManagement.MasterRegister.MasterRegisterIndex.es.resources" dosyası siliniyor.
         "C:\Users\user\Desktop\ERP-vNext\frontend\Diten.Web\obj\Debug\net8.0\Diten.Web.Resources.Views.DocumentManagement.MasterRegister.MasterRegisterIndex.fr.resources" dosyası siliniyor.
         "C:\Users\user\Desktop\ERP-vNext\frontend\Diten.Web\obj\Debug\net8.0\Diten.Web.Resources.Views.DocumentManagement.MasterRegister.MasterRegisterIndex.ru.resources" dosyası siliniyor.
         "C:\Users\user\Desktop\ERP-vNext\frontend\Diten.Web\obj\Debug\net8.0\Diten.Web.Resources.Views.DocumentManagement.MasterRegister.MasterRegisterIndex.tr.resources" dosyası siliniyor.
         "C:\Users\user\Desktop\ERP-vNext\frontend\Diten.Web\obj\Debug\net8.0\Diten.Web.Resources.Views.DocumentManagement.MasterRegister.MasterRegisterIndex.zh.resources" dosyası siliniyor.
         "C:\Users\user\Desktop\ERP-vNext\frontend\Diten.Web\obj\Debug\net8.0\Diten.Web.Resources.Views.DocumentManagement.QmsBaselines.QmsBaselinesIndex.ar.resources" dosyası siliniyor.
         "C:\Users\user\Desktop\ERP-vNext\frontend\Diten.Web\obj\Debug\net8.0\Diten.Web.Resources.Views.DocumentManagement.QmsBaselines.QmsBaselinesIndex.en.resources" dosyası siliniyor.
         "C:\Users\user\Desktop\ERP-vNext\frontend\Diten.Web\obj\Debug\net8.0\Diten.Web.Resources.Views.DocumentManagement.QmsBaselines.QmsBaselinesIndex.es.resources" dosyası siliniyor.
         "C:\Users\user\Desktop\ERP-vNext\frontend\Diten.Web\obj\Debug\net8.0\Diten.Web.Resources.Views.DocumentManagement.QmsBaselines.QmsBaselinesIndex.fr.resources" dosyası siliniyor.
         "C:\Users\user\Desktop\ERP-vNext\frontend\Diten.Web\obj\Debug\net8.0\Diten.Web.Resources.Views.DocumentManagement.QmsBaselines.QmsBaselinesIndex.ru.resources" dosyası siliniyor.
         "C:\Users\user\Desktop\ERP-vNext\frontend\Diten.Web\obj\Debug\net8.0\Diten.Web.Resources.Views.DocumentManagement.QmsBaselines.QmsBaselinesIndex.tr.resources" dosyası siliniyor.
         "C:\Users\user\Desktop\ERP-vNext\frontend\Diten.Web\obj\Debug\net8.0\Diten.Web.Resources.Views.DocumentManagement.QmsBaselines.QmsBaselinesIndex.zh.resources" dosyası siliniyor.
         "C:\Users\user\Desktop\ERP-vNext\frontend\Diten.Web\obj\Debug\net8.0\Diten.Web.Resources.Views.DocumentManagement.Reconciliation.ReconciliationIndex.ar.resources" dosyası siliniyor.
         "C:\Users\user\Desktop\ERP-vNext\frontend\Diten.Web\obj\Debug\net8.0\Diten.Web.Resources.Views.DocumentManagement.Reconciliation.ReconciliationIndex.en.resources" dosyası siliniyor.
         "C:\Users\user\Desktop\ERP-vNext\frontend\Diten.Web\obj\Debug\net8.0\Diten.Web.Resources.Views.DocumentManagement.Reconciliation.ReconciliationIndex.es.resources" dosyası siliniyor.
         "C:\Users\user\Desktop\ERP-vNext\frontend\Diten.Web\obj\Debug\net8.0\Diten.Web.Resources.Views.DocumentManagement.Reconciliation.ReconciliationIndex.fr.resources" dosyası siliniyor.
         "C:\Users\user\Desktop\ERP-vNext\frontend\Diten.Web\obj\Debug\net8.0\Diten.Web.Resources.Views.DocumentManagement.Reconciliation.ReconciliationIndex.ru.resources" dosyası siliniyor.
         "C:\Users\user\Desktop\ERP-vNext\frontend\Diten.Web\obj\Debug\net8.0\Diten.Web.Resources.Views.DocumentManagement.Reconciliation.ReconciliationIndex.tr.resources" dosyası siliniyor.
         "C:\Users\user\Desktop\ERP-vNext\frontend\Diten.Web\obj\Debug\net8.0\Diten.Web.Resources.Views.DocumentManagement.Reconciliation.ReconciliationIndex.zh.resources" dosyası siliniyor.
         "C:\Users\user\Desktop\ERP-vNext\frontend\Diten.Web\obj\Debug\net8.0\Diten.Web.Resources.Views.DocumentManagement.RepositoryAssessments.RepositoryAssessmentsIndex.ar.resources" dosyası siliniyor.
         "C:\Users\user\Desktop\ERP-vNext\frontend\Diten.Web\obj\Debug\net8.0\Diten.Web.Resources.Views.DocumentManagement.RepositoryAssessments.RepositoryAssessmentsIndex.en.resources" dosyası siliniyor.
         "C:\Users\user\Desktop\ERP-vNext\frontend\Diten.Web\obj\Debug\net8.0\Diten.Web.Resources.Views.DocumentManagement.RepositoryAssessments.RepositoryAssessmentsIndex.es.resources" dosyası siliniyor.
         "C:\Users\user\Desktop\ERP-vNext\frontend\Diten.Web\obj\Debug\net8.0\Diten.Web.Resources.Views.DocumentManagement.RepositoryAssessments.RepositoryAssessmentsIndex.fr.resources" dosyası siliniyor.
         "C:\Users\user\Desktop\ERP-vNext\frontend\Diten.Web\obj\Debug\net8.0\Diten.Web.Resources.Views.DocumentManagement.RepositoryAssessments.RepositoryAssessmentsIndex.ru.resources" dosyası siliniyor.
         "C:\Users\user\Desktop\ERP-vNext\frontend\Diten.Web\obj\Debug\net8.0\Diten.Web.Resources.Views.DocumentManagement.RepositoryAssessments.RepositoryAssessmentsIndex.tr.resources" dosyası siliniyor.
         "C:\Users\user\Desktop\ERP-vNext\frontend\Diten.Web\obj\Debug\net8.0\Diten.Web.Resources.Views.DocumentManagement.RepositoryAssessments.RepositoryAssessmentsIndex.zh.resources" dosyası siliniyor.
         "C:\Users\user\Desktop\ERP-vNext\frontend\Diten.Web\obj\Debug\net8.0\Diten.Web.Resources.Views.DocumentManagement.TemplateMasters.TemplateMastersIndex.ar.resources" dosyası siliniyor.
         "C:\Users\user\Desktop\ERP-vNext\frontend\Diten.Web\obj\Debug\net8.0\Diten.Web.Resources.Views.DocumentManagement.TemplateMasters.TemplateMastersIndex.en.resources" dosyası siliniyor.
         "C:\Users\user\Desktop\ERP-vNext\frontend\Diten.Web\obj\Debug\net8.0\Diten.Web.Resources.Views.DocumentManagement.TemplateMasters.TemplateMastersIndex.es.resources" dosyası siliniyor.
         "C:\Users\user\Desktop\ERP-vNext\frontend\Diten.Web\obj\Debug\net8.0\Diten.Web.Resources.Views.DocumentManagement.TemplateMasters.TemplateMastersIndex.fr.resources" dosyası siliniyor.
         "C:\Users\user\Desktop\ERP-vNext\frontend\Diten.Web\obj\Debug\net8.0\Diten.Web.Resources.Views.DocumentManagement.TemplateMasters.TemplateMastersIndex.ru.resources" dosyası siliniyor.
         "C:\Users\user\Desktop\ERP-vNext\frontend\Diten.Web\obj\Debug\net8.0\Diten.Web.Resources.Views.DocumentManagement.TemplateMasters.TemplateMastersIndex.tr.resources" dosyası siliniyor.
         "C:\Users\user\Desktop\ERP-vNext\frontend\Diten.Web\obj\Debug\net8.0\Diten.Web.Resources.Views.DocumentManagement.TemplateMasters.TemplateMastersIndex.zh.resources" dosyası siliniyor.
         "C:\Users\user\Desktop\ERP-vNext\frontend\Diten.Web\obj\Debug\net8.0\Diten.Web.Resources.Views.DocumentManagement.TemplateVariants.TemplateVariantsIndex.ar.resources" dosyası siliniyor.
         "C:\Users\user\Desktop\ERP-vNext\frontend\Diten.Web\obj\Debug\net8.0\Diten.Web.Resources.Views.DocumentManagement.TemplateVariants.TemplateVariantsIndex.en.resources" dosyası siliniyor.
         "C:\Users\user\Desktop\ERP-vNext\frontend\Diten.Web\obj\Debug\net8.0\Diten.Web.Resources.Views.DocumentManagement.TemplateVariants.TemplateVariantsIndex.es.resources" dosyası siliniyor.
         "C:\Users\user\Desktop\ERP-vNext\frontend\Diten.Web\obj\Debug\net8.0\Diten.Web.Resources.Views.DocumentManagement.TemplateVariants.TemplateVariantsIndex.fr.resources" dosyası siliniyor.
         "C:\Users\user\Desktop\ERP-vNext\frontend\Diten.Web\obj\Debug\net8.0\Diten.Web.Resources.Views.DocumentManagement.TemplateVariants.TemplateVariantsIndex.ru.resources" dosyası siliniyor.
         "C:\Users\user\Desktop\ERP-vNext\frontend\Diten.Web\obj\Debug\net8.0\Diten.Web.Resources.Views.DocumentManagement.TemplateVariants.TemplateVariantsIndex.tr.resources" dosyası siliniyor.
         "C:\Users\user\Desktop\ERP-vNext\frontend\Diten.Web\obj\Debug\net8.0\Diten.Web.Resources.Views.DocumentManagement.TemplateVariants.TemplateVariantsIndex.zh.resources" dosyası siliniyor.
         "C:\Users\user\Desktop\ERP-vNext\frontend\Diten.Web\obj\Debug\net8.0\Diten.Web.Resources.Views.Governance.Permissions.PermissionsIndex.ar.resources" dosyası siliniyor.
         "C:\Users\user\Desktop\ERP-vNext\frontend\Diten.Web\obj\Debug\net8.0\Diten.Web.Resources.Views.Governance.Permissions.PermissionsIndex.en.resources" dosyası siliniyor.
         "C:\Users\user\Desktop\ERP-vNext\frontend\Diten.Web\obj\Debug\net8.0\Diten.Web.Resources.Views.Governance.Permissions.PermissionsIndex.es.resources" dosyası siliniyor.
         "C:\Users\user\Desktop\ERP-vNext\frontend\Diten.Web\obj\Debug\net8.0\Diten.Web.Resources.Views.Governance.Permissions.PermissionsIndex.fr.resources" dosyası siliniyor.
         "C:\Users\user\Desktop\ERP-vNext\frontend\Diten.Web\obj\Debug\net8.0\Diten.Web.Resources.Views.Governance.Permissions.PermissionsIndex.ru.resources" dosyası siliniyor.
         "C:\Users\user\Desktop\ERP-vNext\frontend\Diten.Web\obj\Debug\net8.0\Diten.Web.Resources.Views.Governance.Permissions.PermissionsIndex.tr.resources" dosyası siliniyor.
         "C:\Users\user\Desktop\ERP-vNext\frontend\Diten.Web\obj\Debug\net8.0\Diten.Web.Resources.Views.Governance.Permissions.PermissionsIndex.zh.resources" dosyası siliniyor.
         "C:\Users\user\Desktop\ERP-vNext\frontend\Diten.Web\obj\Debug\net8.0\Diten.Web.Resources.Views.Governance.RoleAssignments.RoleAssignmentsIndex.ar.resources" dosyası siliniyor.
         "C:\Users\user\Desktop\ERP-vNext\frontend\Diten.Web\obj\Debug\net8.0\Diten.Web.Resources.Views.Governance.RoleAssignments.RoleAssignmentsIndex.en.resources" dosyası siliniyor.
         "C:\Users\user\Desktop\ERP-vNext\frontend\Diten.Web\obj\Debug\net8.0\Diten.Web.Resources.Views.Governance.RoleAssignments.RoleAssignmentsIndex.es.resources" dosyası siliniyor.
         "C:\Users\user\Desktop\ERP-vNext\frontend\Diten.Web\obj\Debug\net8.0\Diten.Web.Resources.Views.Governance.RoleAssignments.RoleAssignmentsIndex.fr.resources" dosyası siliniyor.
         "C:\Users\user\Desktop\ERP-vNext\frontend\Diten.Web\obj\Debug\net8.0\Diten.Web.Resources.Views.Governance.RoleAssignments.RoleAssignmentsIndex.ru.resources" dosyası siliniyor.
         "C:\Users\user\Desktop\ERP-vNext\frontend\Diten.Web\obj\Debug\net8.0\Diten.Web.Resources.Views.Governance.RoleAssignments.RoleAssignmentsIndex.tr.resources" dosyası siliniyor.
         "C:\Users\user\Desktop\ERP-vNext\frontend\Diten.Web\obj\Debug\net8.0\Diten.Web.Resources.Views.Governance.RoleAssignments.RoleAssignmentsIndex.zh.resources" dosyası siliniyor.
         "C:\Users\user\Desktop\ERP-vNext\frontend\Diten.Web\obj\Debug\net8.0\Diten.Web.Resources.Views.Governance.Roles.RolesIndex.ar.resources" dosyası siliniyor.
         "C:\Users\user\Desktop\ERP-vNext\frontend\Diten.Web\obj\Debug\net8.0\Diten.Web.Resources.Views.Governance.Roles.RolesIndex.en.resources" dosyası siliniyor.
         "C:\Users\user\Desktop\ERP-vNext\frontend\Diten.Web\obj\Debug\net8.0\Diten.Web.Resources.Views.Governance.Roles.RolesIndex.es.resources" dosyası siliniyor.
         "C:\Users\user\Desktop\ERP-vNext\frontend\Diten.Web\obj\Debug\net8.0\Diten.Web.Resources.Views.Governance.Roles.RolesIndex.fr.resources" dosyası siliniyor.
         "C:\Users\user\Desktop\ERP-vNext\frontend\Diten.Web\obj\Debug\net8.0\Diten.Web.Resources.Views.Governance.Roles.RolesIndex.ru.resources" dosyası siliniyor.
         "C:\Users\user\Desktop\ERP-vNext\frontend\Diten.Web\obj\Debug\net8.0\Diten.Web.Resources.Views.Governance.Roles.RolesIndex.tr.resources" dosyası siliniyor.
         "C:\Users\user\Desktop\ERP-vNext\frontend\Diten.Web\obj\Debug\net8.0\Diten.Web.Resources.Views.Governance.Roles.RolesIndex.zh.resources" dosyası siliniyor.
         "C:\Users\user\Desktop\ERP-vNext\frontend\Diten.Web\obj\Debug\net8.0\Diten.Web.Resources.Views.Governance.TenantNavigationSettings.TenantNavigationSettingsIndex.ar.resources" dosyası siliniyor.
         "C:\Users\user\Desktop\ERP-vNext\frontend\Diten.Web\obj\Debug\net8.0\Diten.Web.Resources.Views.Governance.TenantNavigationSettings.TenantNavigationSettingsIndex.en.resources" dosyası siliniyor.
         "C:\Users\user\Desktop\ERP-vNext\frontend\Diten.Web\obj\Debug\net8.0\Diten.Web.Resources.Views.Governance.TenantNavigationSettings.TenantNavigationSettingsIndex.es.resources" dosyası siliniyor.
         "C:\Users\user\Desktop\ERP-vNext\frontend\Diten.Web\obj\Debug\net8.0\Diten.Web.Resources.Views.Governance.TenantNavigationSettings.TenantNavigationSettingsIndex.fr.resources" dosyası siliniyor.
         "C:\Users\user\Desktop\ERP-vNext\frontend\Diten.Web\obj\Debug\net8.0\Diten.Web.Resources.Views.Governance.TenantNavigationSettings.TenantNavigationSettingsIndex.ru.resources" dosyası siliniyor.
         "C:\Users\user\Desktop\ERP-vNext\frontend\Diten.Web\obj\Debug\net8.0\Diten.Web.Resources.Views.Governance.TenantNavigationSettings.TenantNavigationSettingsIndex.tr.resources" dosyası siliniyor.
         "C:\Users\user\Desktop\ERP-vNext\frontend\Diten.Web\obj\Debug\net8.0\Diten.Web.Resources.Views.Governance.TenantNavigationSettings.TenantNavigationSettingsIndex.zh.resources" dosyası siliniyor.
         "C:\Users\user\Desktop\ERP-vNext\frontend\Diten.Web\obj\Debug\net8.0\Diten.Web.Resources.Views.Governance.TenantSecuritySettings.TenantSecuritySettingsIndex.ar.resources" dosyası siliniyor.
         "C:\Users\user\Desktop\ERP-vNext\frontend\Diten.Web\obj\Debug\net8.0\Diten.Web.Resources.Views.Governance.TenantSecuritySettings.TenantSecuritySettingsIndex.en.resources" dosyası siliniyor.
         "C:\Users\user\Desktop\ERP-vNext\frontend\Diten.Web\obj\Debug\net8.0\Diten.Web.Resources.Views.Governance.TenantSecuritySettings.TenantSecuritySettingsIndex.es.resources" dosyası siliniyor.
         "C:\Users\user\Desktop\ERP-vNext\frontend\Diten.Web\obj\Debug\net8.0\Diten.Web.Resources.Views.Governance.TenantSecuritySettings.TenantSecuritySettingsIndex.fr.resources" dosyası siliniyor.
         "C:\Users\user\Desktop\ERP-vNext\frontend\Diten.Web\obj\Debug\net8.0\Diten.Web.Resources.Views.Governance.TenantSecuritySettings.TenantSecuritySettingsIndex.ru.resources" dosyası siliniyor.
         "C:\Users\user\Desktop\ERP-vNext\frontend\Diten.Web\obj\Debug\net8.0\Diten.Web.Resources.Views.Governance.TenantSecuritySettings.TenantSecuritySettingsIndex.tr.resources" dosyası siliniyor.
         "C:\Users\user\Desktop\ERP-vNext\frontend\Diten.Web\obj\Debug\net8.0\Diten.Web.Resources.Views.Governance.TenantSecuritySettings.TenantSecuritySettingsIndex.zh.resources" dosyası siliniyor.
         "C:\Users\user\Desktop\ERP-vNext\frontend\Diten.Web\obj\Debug\net8.0\Diten.Web.Resources.Views.Governance.UserRoleAssignments.UserRoleAssignmentsIndex.ar.resources" dosyası siliniyor.
         "C:\Users\user\Desktop\ERP-vNext\frontend\Diten.Web\obj\Debug\net8.0\Diten.Web.Resources.Views.Governance.UserRoleAssignments.UserRoleAssignmentsIndex.en.resources" dosyası siliniyor.
         "C:\Users\user\Desktop\ERP-vNext\frontend\Diten.Web\obj\Debug\net8.0\Diten.Web.Resources.Views.Governance.UserRoleAssignments.UserRoleAssignmentsIndex.es.resources" dosyası siliniyor.
         "C:\Users\user\Desktop\ERP-vNext\frontend\Diten.Web\obj\Debug\net8.0\Diten.Web.Resources.Views.Governance.UserRoleAssignments.UserRoleAssignmentsIndex.fr.resources" dosyası siliniyor.
         "C:\Users\user\Desktop\ERP-vNext\frontend\Diten.Web\obj\Debug\net8.0\Diten.Web.Resources.Views.Governance.UserRoleAssignments.UserRoleAssignmentsIndex.ru.resources" dosyası siliniyor.
         "C:\Users\user\Desktop\ERP-vNext\frontend\Diten.Web\obj\Debug\net8.0\Diten.Web.Resources.Views.Governance.UserRoleAssignments.UserRoleAssignmentsIndex.tr.resources" dosyası siliniyor.
         "C:\Users\user\Desktop\ERP-vNext\frontend\Diten.Web\obj\Debug\net8.0\Diten.Web.Resources.Views.Governance.UserRoleAssignments.UserRoleAssignmentsIndex.zh.resources" dosyası siliniyor.
         "C:\Users\user\Desktop\ERP-vNext\frontend\Diten.Web\obj\Debug\net8.0\Diten.Web.Resources.Views.Governance.Users.UsersIndex.ar.resources" dosyası siliniyor.
         "C:\Users\user\Desktop\ERP-vNext\frontend\Diten.Web\obj\Debug\net8.0\Diten.Web.Resources.Views.Governance.Users.UsersIndex.en.resources" dosyası siliniyor.
         "C:\Users\user\Desktop\ERP-vNext\frontend\Diten.Web\obj\Debug\net8.0\Diten.Web.Resources.Views.Governance.Users.UsersIndex.es.resources" dosyası siliniyor.
         "C:\Users\user\Desktop\ERP-vNext\frontend\Diten.Web\obj\Debug\net8.0\Diten.Web.Resources.Views.Governance.Users.UsersIndex.fr.resources" dosyası siliniyor.
         "C:\Users\user\Desktop\ERP-vNext\frontend\Diten.Web\obj\Debug\net8.0\Diten.Web.Resources.Views.Governance.Users.UsersIndex.ru.resources" dosyası siliniyor.
         "C:\Users\user\Desktop\ERP-vNext\frontend\Diten.Web\obj\Debug\net8.0\Diten.Web.Resources.Views.Governance.Users.UsersIndex.tr.resources" dosyası siliniyor.
         "C:\Users\user\Desktop\ERP-vNext\frontend\Diten.Web\obj\Debug\net8.0\Diten.Web.Resources.Views.Governance.Users.UsersIndex.zh.resources" dosyası siliniyor.
         "C:\Users\user\Desktop\ERP-vNext\frontend\Diten.Web\obj\Debug\net8.0\Diten.Web.Resources.Views.HCM.Employees.EmployeeDraftCreate.ar.resources" dosyası siliniyor.
         "C:\Users\user\Desktop\ERP-vNext\frontend\Diten.Web\obj\Debug\net8.0\Diten.Web.Resources.Views.HCM.Employees.EmployeeDraftCreate.en.resources" dosyası siliniyor.
         "C:\Users\user\Desktop\ERP-vNext\frontend\Diten.Web\obj\Debug\net8.0\Diten.Web.Resources.Views.HCM.Employees.EmployeeDraftCreate.es.resources" dosyası siliniyor.
         "C:\Users\user\Desktop\ERP-vNext\frontend\Diten.Web\obj\Debug\net8.0\Diten.Web.Resources.Views.HCM.Employees.EmployeeDraftCreate.fr.resources" dosyası siliniyor.
         "C:\Users\user\Desktop\ERP-vNext\frontend\Diten.Web\obj\Debug\net8.0\Diten.Web.Resources.Views.HCM.Employees.EmployeeDraftCreate.ru.resources" dosyası siliniyor.
         "C:\Users\user\Desktop\ERP-vNext\frontend\Diten.Web\obj\Debug\net8.0\Diten.Web.Resources.Views.HCM.Employees.EmployeeDraftCreate.tr.resources" dosyası siliniyor.
         "C:\Users\user\Desktop\ERP-vNext\frontend\Diten.Web\obj\Debug\net8.0\Diten.Web.Resources.Views.HCM.Employees.EmployeeDraftCreate.zh.resources" dosyası siliniyor.
         "C:\Users\user\Desktop\ERP-vNext\frontend\Diten.Web\obj\Debug\net8.0\Diten.Web.Resources.Views.HCM.Employees.EmployeeMasterDetail.ar.resources" dosyası siliniyor.
         "C:\Users\user\Desktop\ERP-vNext\frontend\Diten.Web\obj\Debug\net8.0\Diten.Web.Resources.Views.HCM.Employees.EmployeeMasterDetail.en.resources" dosyası siliniyor.
         "C:\Users\user\Desktop\ERP-vNext\frontend\Diten.Web\obj\Debug\net8.0\Diten.Web.Resources.Views.HCM.Employees.EmployeeMasterDetail.es.resources" dosyası siliniyor.
         "C:\Users\user\Desktop\ERP-vNext\frontend\Diten.Web\obj\Debug\net8.0\Diten.Web.Resources.Views.HCM.Employees.EmployeeMasterDetail.fr.resources" dosyası siliniyor.
         "C:\Users\user\Desktop\ERP-vNext\frontend\Diten.Web\obj\Debug\net8.0\Diten.Web.Resources.Views.HCM.Employees.EmployeeMasterDetail.ru.resources" dosyası siliniyor.
         "C:\Users\user\Desktop\ERP-vNext\frontend\Diten.Web\obj\Debug\net8.0\Diten.Web.Resources.Views.HCM.Employees.EmployeeMasterDetail.tr.resources" dosyası siliniyor.
         "C:\Users\user\Desktop\ERP-vNext\frontend\Diten.Web\obj\Debug\net8.0\Diten.Web.Resources.Views.HCM.Employees.EmployeeMasterDetail.zh.resources" dosyası siliniyor.
         "C:\Users\user\Desktop\ERP-vNext\frontend\Diten.Web\obj\Debug\net8.0\Diten.Web.Resources.Views.HCM.Employees.EmployeeMasterIndex.ar.resources" dosyası siliniyor.
         "C:\Users\user\Desktop\ERP-vNext\frontend\Diten.Web\obj\Debug\net8.0\Diten.Web.Resources.Views.HCM.Employees.EmployeeMasterIndex.en.resources" dosyası siliniyor.
         "C:\Users\user\Desktop\ERP-vNext\frontend\Diten.Web\obj\Debug\net8.0\Diten.Web.Resources.Views.HCM.Employees.EmployeeMasterIndex.es.resources" dosyası siliniyor.
         "C:\Users\user\Desktop\ERP-vNext\frontend\Diten.Web\obj\Debug\net8.0\Diten.Web.Resources.Views.HCM.Employees.EmployeeMasterIndex.fr.resources" dosyası siliniyor.
         "C:\Users\user\Desktop\ERP-vNext\frontend\Diten.Web\obj\Debug\net8.0\Diten.Web.Resources.Views.HCM.Employees.EmployeeMasterIndex.ru.resources" dosyası siliniyor.
         "C:\Users\user\Desktop\ERP-vNext\frontend\Diten.Web\obj\Debug\net8.0\Diten.Web.Resources.Views.HCM.Employees.EmployeeMasterIndex.tr.resources" dosyası siliniyor.
         "C:\Users\user\Desktop\ERP-vNext\frontend\Diten.Web\obj\Debug\net8.0\Diten.Web.Resources.Views.HCM.Employees.EmployeeMasterIndex.zh.resources" dosyası siliniyor.
         "C:\Users\user\Desktop\ERP-vNext\frontend\Diten.Web\obj\Debug\net8.0\Diten.Web.Resources.Views.MasterData.LegalEntities.LegalEntitiesIndex.en.resources" dosyası siliniyor.
         "C:\Users\user\Desktop\ERP-vNext\frontend\Diten.Web\obj\Debug\net8.0\Diten.Web.Resources.Views.MasterData.LegalEntities.LegalEntitiesIndex.tr.resources" dosyası siliniyor.
         "C:\Users\user\Desktop\ERP-vNext\frontend\Diten.Web\obj\Debug\net8.0\Diten.Web.Resources.Views.Organization.OrganizationUnits.OrganizationUnitsIndex.en.resources" dosyası siliniyor.
         "C:\Users\user\Desktop\ERP-vNext\frontend\Diten.Web\obj\Debug\net8.0\Diten.Web.Resources.Views.Organization.OrganizationUnits.OrganizationUnitsIndex.tr.resources" dosyası siliniyor.
         "C:\Users\user\Desktop\ERP-vNext\frontend\Diten.Web\obj\Debug\net8.0\Diten.Web.Resources.Views.Organization.PositionAssignments.PositionAssignmentsIndex.en.resources" dosyası siliniyor.
         "C:\Users\user\Desktop\ERP-vNext\frontend\Diten.Web\obj\Debug\net8.0\Diten.Web.Resources.Views.Organization.PositionAssignments.PositionAssignmentsIndex.tr.resources" dosyası siliniyor.
         "C:\Users\user\Desktop\ERP-vNext\frontend\Diten.Web\obj\Debug\net8.0\Diten.Web.Resources.Views.Organization.Positions.PositionsIndex.en.resources" dosyası siliniyor.
         "C:\Users\user\Desktop\ERP-vNext\frontend\Diten.Web\obj\Debug\net8.0\Diten.Web.Resources.Views.Organization.Positions.PositionsIndex.tr.resources" dosyası siliniyor.
         "C:\Users\user\Desktop\ERP-vNext\frontend\Diten.Web\obj\Debug\net8.0\Diten.Web.Resources.Views.Platform.Account.AccountIndex.en.resources" dosyası siliniyor.
         "C:\Users\user\Desktop\ERP-vNext\frontend\Diten.Web\obj\Debug\net8.0\Diten.Web.Resources.Views.Platform.Account.AccountIndex.tr.resources" dosyası siliniyor.
         "C:\Users\user\Desktop\ERP-vNext\frontend\Diten.Web\obj\Debug\net8.0\Diten.Web.Resources.Views.Platform.Administrators.AdministratorsIndex.en.resources" dosyası siliniyor.
         "C:\Users\user\Desktop\ERP-vNext\frontend\Diten.Web\obj\Debug\net8.0\Diten.Web.Resources.Views.Platform.Administrators.AdministratorsIndex.tr.resources" dosyası siliniyor.
         "C:\Users\user\Desktop\ERP-vNext\frontend\Diten.Web\obj\Debug\net8.0\Diten.Web.Resources.Views.Platform.AuditLog.AuditLogIndex.en.resources" dosyası siliniyor.
         "C:\Users\user\Desktop\ERP-vNext\frontend\Diten.Web\obj\Debug\net8.0\Diten.Web.Resources.Views.Platform.AuditLog.AuditLogIndex.tr.resources" dosyası siliniyor.
         "C:\Users\user\Desktop\ERP-vNext\frontend\Diten.Web\obj\Debug\net8.0\Diten.Web.Resources.Views.Platform.AuditRetention.AuditRetentionIndex.en.resources" dosyası siliniyor.
         "C:\Users\user\Desktop\ERP-vNext\frontend\Diten.Web\obj\Debug\net8.0\Diten.Web.Resources.Views.Platform.AuditRetention.AuditRetentionIndex.tr.resources" dosyası siliniyor.
         "C:\Users\user\Desktop\ERP-vNext\frontend\Diten.Web\obj\Debug\net8.0\Diten.Web.Resources.Views.Platform.DomainManagement.DomainManagementIndex.en.resources" dosyası siliniyor.
         "C:\Users\user\Desktop\ERP-vNext\frontend\Diten.Web\obj\Debug\net8.0\Diten.Web.Resources.Views.Platform.DomainManagement.DomainManagementIndex.tr.resources" dosyası siliniyor.
         "C:\Users\user\Desktop\ERP-vNext\frontend\Diten.Web\obj\Debug\net8.0\Diten.Web.Resources.Views.Platform.InterfaceRegistry.InterfaceRegistryDetails.en.resources" dosyası siliniyor.
         "C:\Users\user\Desktop\ERP-vNext\frontend\Diten.Web\obj\Debug\net8.0\Diten.Web.Resources.Views.Platform.InterfaceRegistry.InterfaceRegistryDetails.tr.resources" dosyası siliniyor.
         "C:\Users\user\Desktop\ERP-vNext\frontend\Diten.Web\obj\Debug\net8.0\Diten.Web.Resources.Views.Platform.InterfaceRegistry.InterfaceRegistryIndex.en.resources" dosyası siliniyor.
         "C:\Users\user\Desktop\ERP-vNext\frontend\Diten.Web\obj\Debug\net8.0\Diten.Web.Resources.Views.Platform.InterfaceRegistry.InterfaceRegistryIndex.tr.resources" dosyası siliniyor.
         "C:\Users\user\Desktop\ERP-vNext\frontend\Diten.Web\obj\Debug\net8.0\Diten.Web.Resources.Views.Platform.ModuleCatalog.ModuleCatalogIndex.en.resources" dosyası siliniyor.
         "C:\Users\user\Desktop\ERP-vNext\frontend\Diten.Web\obj\Debug\net8.0\Diten.Web.Resources.Views.Platform.ModuleCatalog.ModuleCatalogIndex.tr.resources" dosyası siliniyor.
         "C:\Users\user\Desktop\ERP-vNext\frontend\Diten.Web\obj\Debug\net8.0\Diten.Web.Resources.Views.Platform.NotificationDispatches.NotificationDispatchesIndex.en.resources" dosyası siliniyor.
         "C:\Users\user\Desktop\ERP-vNext\frontend\Diten.Web\obj\Debug\net8.0\Diten.Web.Resources.Views.Platform.NotificationDispatches.NotificationDispatchesIndex.tr.resources" dosyası siliniyor.
         "C:\Users\user\Desktop\ERP-vNext\frontend\Diten.Web\obj\Debug\net8.0\Diten.Web.Resources.Views.Platform.NotificationEvents.NotificationEventsIndex.en.resources" dosyası siliniyor.
         "C:\Users\user\Desktop\ERP-vNext\frontend\Diten.Web\obj\Debug\net8.0\Diten.Web.Resources.Views.Platform.NotificationEvents.NotificationEventsIndex.tr.resources" dosyası siliniyor.
         "C:\Users\user\Desktop\ERP-vNext\frontend\Diten.Web\obj\Debug\net8.0\Diten.Web.Resources.Views.Platform.NotificationSettings.NotificationSettingsIndex.en.resources" dosyası siliniyor.
         "C:\Users\user\Desktop\ERP-vNext\frontend\Diten.Web\obj\Debug\net8.0\Diten.Web.Resources.Views.Platform.NotificationSettings.NotificationSettingsIndex.tr.resources" dosyası siliniyor.
         "C:\Users\user\Desktop\ERP-vNext\frontend\Diten.Web\obj\Debug\net8.0\Diten.Web.Resources.Views.Platform.NotificationTemplates.NotificationTemplatesIndex.en.resources" dosyası siliniyor.
         "C:\Users\user\Desktop\ERP-vNext\frontend\Diten.Web\obj\Debug\net8.0\Diten.Web.Resources.Views.Platform.NotificationTemplates.NotificationTemplatesIndex.tr.resources" dosyası siliniyor.
         "C:\Users\user\Desktop\ERP-vNext\frontend\Diten.Web\obj\Debug\net8.0\Diten.Web.Resources.Views.Platform.ReferenceData.ReferenceDataIndex.ar.resources" dosyası siliniyor.
         "C:\Users\user\Desktop\ERP-vNext\frontend\Diten.Web\obj\Debug\net8.0\Diten.Web.Resources.Views.Platform.ReferenceData.ReferenceDataIndex.en.resources" dosyası siliniyor.
         "C:\Users\user\Desktop\ERP-vNext\frontend\Diten.Web\obj\Debug\net8.0\Diten.Web.Resources.Views.Platform.ReferenceData.ReferenceDataIndex.es.resources" dosyası siliniyor.
         "C:\Users\user\Desktop\ERP-vNext\frontend\Diten.Web\obj\Debug\net8.0\Diten.Web.Resources.Views.Platform.ReferenceData.ReferenceDataIndex.fr.resources" dosyası siliniyor.
         "C:\Users\user\Desktop\ERP-vNext\frontend\Diten.Web\obj\Debug\net8.0\Diten.Web.Resources.Views.Platform.ReferenceData.ReferenceDataIndex.ru.resources" dosyası siliniyor.
         "C:\Users\user\Desktop\ERP-vNext\frontend\Diten.Web\obj\Debug\net8.0\Diten.Web.Resources.Views.Platform.ReferenceData.ReferenceDataIndex.tr.resources" dosyası siliniyor.
         "C:\Users\user\Desktop\ERP-vNext\frontend\Diten.Web\obj\Debug\net8.0\Diten.Web.Resources.Views.Platform.ReferenceData.ReferenceDataIndex.zh.resources" dosyası siliniyor.
         "C:\Users\user\Desktop\ERP-vNext\frontend\Diten.Web\obj\Debug\net8.0\Diten.Web.Resources.Views.Platform.SelfAccess.SelfAccessIndex.ar.resources" dosyası siliniyor.
         "C:\Users\user\Desktop\ERP-vNext\frontend\Diten.Web\obj\Debug\net8.0\Diten.Web.Resources.Views.Platform.SelfAccess.SelfAccessIndex.en.resources" dosyası siliniyor.
         "C:\Users\user\Desktop\ERP-vNext\frontend\Diten.Web\obj\Debug\net8.0\Diten.Web.Resources.Views.Platform.SelfAccess.SelfAccessIndex.es.resources" dosyası siliniyor.
         "C:\Users\user\Desktop\ERP-vNext\frontend\Diten.Web\obj\Debug\net8.0\Diten.Web.Resources.Views.Platform.SelfAccess.SelfAccessIndex.fr.resources" dosyası siliniyor.
         "C:\Users\user\Desktop\ERP-vNext\frontend\Diten.Web\obj\Debug\net8.0\Diten.Web.Resources.Views.Platform.SelfAccess.SelfAccessIndex.ru.resources" dosyası siliniyor.
         "C:\Users\user\Desktop\ERP-vNext\frontend\Diten.Web\obj\Debug\net8.0\Diten.Web.Resources.Views.Platform.SelfAccess.SelfAccessIndex.tr.resources" dosyası siliniyor.
         "C:\Users\user\Desktop\ERP-vNext\frontend\Diten.Web\obj\Debug\net8.0\Diten.Web.Resources.Views.Platform.SelfAccess.SelfAccessIndex.zh.resources" dosyası siliniyor.
         "C:\Users\user\Desktop\ERP-vNext\frontend\Diten.Web\obj\Debug\net8.0\Diten.Web.Resources.Views.Platform.ServiceManagement.ServiceManagementIndex.en.resources" dosyası siliniyor.
         "C:\Users\user\Desktop\ERP-vNext\frontend\Diten.Web\obj\Debug\net8.0\Diten.Web.Resources.Views.Platform.ServiceManagement.ServiceManagementIndex.tr.resources" dosyası siliniyor.
         "C:\Users\user\Desktop\ERP-vNext\frontend\Diten.Web\obj\Debug\net8.0\Diten.Web.Resources.Views.Platform.SubscriptionFeatures.SubscriptionFeaturesIndex.en.resources" dosyası siliniyor.
         "C:\Users\user\Desktop\ERP-vNext\frontend\Diten.Web\obj\Debug\net8.0\Diten.Web.Resources.Views.Platform.SubscriptionFeatures.SubscriptionFeaturesIndex.tr.resources" dosyası siliniyor.
         "C:\Users\user\Desktop\ERP-vNext\frontend\Diten.Web\obj\Debug\net8.0\Diten.Web.Resources.Views.Platform.SubscriptionPlans.SubscriptionPlansIndex.en.resources" dosyası siliniyor.
         "C:\Users\user\Desktop\ERP-vNext\frontend\Diten.Web\obj\Debug\net8.0\Diten.Web.Resources.Views.Platform.SubscriptionPlans.SubscriptionPlansIndex.tr.resources" dosyası siliniyor.
         "C:\Users\user\Desktop\ERP-vNext\frontend\Diten.Web\obj\Debug\net8.0\Diten.Web.Resources.Views.Platform.Tenants.TenantsIndex.en.resources" dosyası siliniyor.
         "C:\Users\user\Desktop\ERP-vNext\frontend\Diten.Web\obj\Debug\net8.0\Diten.Web.Resources.Views.Platform.Tenants.TenantsIndex.tr.resources" dosyası siliniyor.
         "C:\Users\user\Desktop\ERP-vNext\frontend\Diten.Web\obj\Debug\net8.0\Diten.Web.Resources.Views.Platform.Workflow.WorkflowIndex.ar.resources" dosyası siliniyor.
         "C:\Users\user\Desktop\ERP-vNext\frontend\Diten.Web\obj\Debug\net8.0\Diten.Web.Resources.Views.Platform.Workflow.WorkflowIndex.en.resources" dosyası siliniyor.
         "C:\Users\user\Desktop\ERP-vNext\frontend\Diten.Web\obj\Debug\net8.0\Diten.Web.Resources.Views.Platform.Workflow.WorkflowIndex.es.resources" dosyası siliniyor.
         "C:\Users\user\Desktop\ERP-vNext\frontend\Diten.Web\obj\Debug\net8.0\Diten.Web.Resources.Views.Platform.Workflow.WorkflowIndex.fr.resources" dosyası siliniyor.
         "C:\Users\user\Desktop\ERP-vNext\frontend\Diten.Web\obj\Debug\net8.0\Diten.Web.Resources.Views.Platform.Workflow.WorkflowIndex.ru.resources" dosyası siliniyor.
         "C:\Users\user\Desktop\ERP-vNext\frontend\Diten.Web\obj\Debug\net8.0\Diten.Web.Resources.Views.Platform.Workflow.WorkflowIndex.tr.resources" dosyası siliniyor.
         "C:\Users\user\Desktop\ERP-vNext\frontend\Diten.Web\obj\Debug\net8.0\Diten.Web.Resources.Views.Platform.Workflow.WorkflowIndex.zh.resources" dosyası siliniyor.
         "C:\Users\user\Desktop\ERP-vNext\frontend\Diten.Web\obj\Debug\net8.0\Diten.Web.Resources.Views.WorkCenter.WorkCenterIndex.ar.resources" dosyası siliniyor.
         "C:\Users\user\Desktop\ERP-vNext\frontend\Diten.Web\obj\Debug\net8.0\Diten.Web.Resources.Views.WorkCenter.WorkCenterIndex.en.resources" dosyası siliniyor.
         "C:\Users\user\Desktop\ERP-vNext\frontend\Diten.Web\obj\Debug\net8.0\Diten.Web.Resources.Views.WorkCenter.WorkCenterIndex.es.resources" dosyası siliniyor.
         "C:\Users\user\Desktop\ERP-vNext\frontend\Diten.Web\obj\Debug\net8.0\Diten.Web.Resources.Views.WorkCenter.WorkCenterIndex.fr.resources" dosyası siliniyor.
         "C:\Users\user\Desktop\ERP-vNext\frontend\Diten.Web\obj\Debug\net8.0\Diten.Web.Resources.Views.WorkCenter.WorkCenterIndex.ru.resources" dosyası siliniyor.
         "C:\Users\user\Desktop\ERP-vNext\frontend\Diten.Web\obj\Debug\net8.0\Diten.Web.Resources.Views.WorkCenter.WorkCenterIndex.tr.resources" dosyası siliniyor.
         "C:\Users\user\Desktop\ERP-vNext\frontend\Diten.Web\obj\Debug\net8.0\Diten.Web.Resources.Views.WorkCenter.WorkCenterIndex.zh.resources" dosyası siliniyor.
         "C:\Users\user\Desktop\ERP-vNext\frontend\Diten.Web\obj\Debug\net8.0\Diten.Web.csproj.GenerateResource.cache" dosyası siliniyor.
         "C:\Users\user\Desktop\ERP-vNext\frontend\Diten.Web\obj\Debug\net8.0\Diten.Web.GeneratedMSBuildEditorConfig.editorconfig" dosyası siliniyor.
         "C:\Users\user\Desktop\ERP-vNext\frontend\Diten.Web\obj\Debug\net8.0\Diten.Web.AssemblyInfoInputs.cache" dosyası siliniyor.
         "C:\Users\user\Desktop\ERP-vNext\frontend\Diten.Web\obj\Debug\net8.0\Diten.Web.AssemblyInfo.cs" dosyası siliniyor.
         "C:\Users\user\Desktop\ERP-vNext\frontend\Diten.Web\obj\Debug\net8.0\Diten.Web.csproj.CoreCompileInputs.cache" dosyası siliniyor.
         "C:\Users\user\Desktop\ERP-vNext\frontend\Diten.Web\obj\Debug\net8.0\Diten.Web.MvcApplicationPartsAssemblyInfo.cache" dosyası siliniyor.
         "C:\Users\user\Desktop\ERP-vNext\frontend\Diten.Web\obj\Debug\net8.0\Diten.Web.RazorAssemblyInfo.cache" dosyası siliniyor.
         "C:\Users\user\Desktop\ERP-vNext\frontend\Diten.Web\obj\Debug\net8.0\Diten.Web.RazorAssemblyInfo.cs" dosyası siliniyor.
         "C:\Users\user\Desktop\ERP-vNext\frontend\Diten.Web\obj\Debug\net8.0\Diten.Web.sourcelink.json" dosyası siliniyor.
         "C:\Users\user\Desktop\ERP-vNext\frontend\Diten.Web\obj\Debug\net8.0\ar\Diten.Web.resources.cs" dosyası siliniyor.
         "C:\Users\user\Desktop\ERP-vNext\frontend\Diten.Web\obj\Debug\net8.0\ar\Diten.Web.resources.dll" dosyası siliniyor.
         "C:\Users\user\Desktop\ERP-vNext\frontend\Diten.Web\obj\Debug\net8.0\en\Diten.Web.resources.cs" dosyası siliniyor.
         "C:\Users\user\Desktop\ERP-vNext\frontend\Diten.Web\obj\Debug\net8.0\en\Diten.Web.resources.dll" dosyası siliniyor.
         "C:\Users\user\Desktop\ERP-vNext\frontend\Diten.Web\obj\Debug\net8.0\es\Diten.Web.resources.cs" dosyası siliniyor.
         "C:\Users\user\Desktop\ERP-vNext\frontend\Diten.Web\obj\Debug\net8.0\es\Diten.Web.resources.dll" dosyası siliniyor.
         "C:\Users\user\Desktop\ERP-vNext\frontend\Diten.Web\obj\Debug\net8.0\fr\Diten.Web.resources.cs" dosyası siliniyor.
         "C:\Users\user\Desktop\ERP-vNext\frontend\Diten.Web\obj\Debug\net8.0\fr\Diten.Web.resources.dll" dosyası siliniyor.
         "C:\Users\user\Desktop\ERP-vNext\frontend\Diten.Web\obj\Debug\net8.0\ru\Diten.Web.resources.cs" dosyası siliniyor.
         "C:\Users\user\Desktop\ERP-vNext\frontend\Diten.Web\obj\Debug\net8.0\ru\Diten.Web.resources.dll" dosyası siliniyor.
         "C:\Users\user\Desktop\ERP-vNext\frontend\Diten.Web\obj\Debug\net8.0\tr\Diten.Web.resources.cs" dosyası siliniyor.
         "C:\Users\user\Desktop\ERP-vNext\frontend\Diten.Web\obj\Debug\net8.0\tr\Diten.Web.resources.dll" dosyası siliniyor.
         "C:\Users\user\Desktop\ERP-vNext\frontend\Diten.Web\obj\Debug\net8.0\zh\Diten.Web.resources.cs" dosyası siliniyor.
         "C:\Users\user\Desktop\ERP-vNext\frontend\Diten.Web\obj\Debug\net8.0\zh\Diten.Web.resources.dll" dosyası siliniyor.
         "C:\Users\user\Desktop\ERP-vNext\frontend\Diten.Web\obj\Debug\net8.0\rjimswa.dswa.cache.json" dosyası siliniyor.
         "C:\Users\user\Desktop\ERP-vNext\frontend\Diten.Web\obj\Debug\net8.0\rjsmrazor.dswa.cache.json" dosyası siliniyor.
         "C:\Users\user\Desktop\ERP-vNext\frontend\Diten.Web\obj\Debug\net8.0\rjsmcshtml.dswa.cache.json" dosyası siliniyor.
         "C:\Users\user\Desktop\ERP-vNext\frontend\Diten.Web\obj\Debug\net8.0\scopedcss\Views\Shared\_Layout.cshtml.rz.scp.css" dosyası siliniyor.
         "C:\Users\user\Desktop\ERP-vNext\frontend\Diten.Web\obj\Debug\net8.0\scopedcss\bundle\Diten.Web.styles.css" dosyası siliniyor.
         "C:\Users\user\Desktop\ERP-vNext\frontend\Diten.Web\obj\Debug\net8.0\scopedcss\projectbundle\Diten.Web.bundle.scp.css" dosyası siliniyor.
         "C:\Users\user\Desktop\ERP-vNext\frontend\Diten.Web\obj\Debug\net8.0\staticwebassets.build.json" dosyası siliniyor.
         "C:\Users\user\Desktop\ERP-vNext\frontend\Diten.Web\obj\Debug\net8.0\staticwebassets.build.json.cache" dosyası siliniyor.
         "C:\Users\user\Desktop\ERP-vNext\frontend\Diten.Web\obj\Debug\net8.0\staticwebassets.development.json" dosyası siliniyor.
         "C:\Users\user\Desktop\ERP-vNext\frontend\Diten.Web\obj\Debug\net8.0\staticwebassets.build.endpoints.json" dosyası siliniyor.
         "C:\Users\user\Desktop\ERP-vNext\frontend\Diten.Web\obj\Debug\net8.0\swae.build.ex.cache" dosyası siliniyor.
         "C:\Users\user\Desktop\ERP-vNext\frontend\Diten.Web\obj\Debug\net8.0\Diten.Web.csproj.Up2Date" dosyası siliniyor.
         "C:\Users\user\Desktop\ERP-vNext\frontend\Diten.Web\obj\Debug\net8.0\Diten.Web.dll" dosyası siliniyor.
         "C:\Users\user\Desktop\ERP-vNext\frontend\Diten.Web\obj\Debug\net8.0\refint\Diten.Web.dll" dosyası siliniyor.
         "C:\Users\user\Desktop\ERP-vNext\frontend\Diten.Web\obj\Debug\net8.0\Diten.Web.pdb" dosyası siliniyor.
         "C:\Users\user\Desktop\ERP-vNext\frontend\Diten.Web\obj\Debug\net8.0\Diten.Web.genruntimeconfig.cache" dosyası siliniyor.
         "C:\Users\user\Desktop\ERP-vNext\frontend\Diten.Web\obj\Debug\net8.0\ref\Diten.Web.dll" dosyası siliniyor.
     2>"C:\Users\user\Desktop\ERP-vNext\frontend\Diten.Web\Diten.Web.csproj" Projesini Oluşturma İşlemi Tamamlandı (Clean hedef).
     1>"C:\Users\user\Desktop\ERP-vNext\frontend\Diten.Web\Diten.Web.sln" Projesini Oluşturma İşlemi Tamamlandı (Clean hedef).

Oluşturma başarılı oldu.
    0 Uyarı
    0 Hata

Geçen Süre 00:00:01.67
Starting Auth on port 5056 in background job...
Starting Crm on port 5061 in background job...
Starting DevEnablement on port 5058 in background job...
Starting Hcm on port 5060 in background job...
Starting Mdm on port 5059 in background job...
Starting Platform on port 5057 in background job...
Starting Gateway on port 5000 in background job...
Starting Web on port 5001 in background job...

✨ All services successfully started in the background!
🔗 Access: http://localhost:5001/platform/login
Streaming logs... Press Ctrl+C to terminate or use manage_task kill.

[Crm]           C:\Users\user\Desktop\ERP-vNext\services\Diten.CrmService\src\Diten.CrmService.Api\Properties\launchSettings.json içindeki başlatma ayarları kullanılıyor...
[Crm]           Derleniyor...
[Auth]          dotnet watch ❌ Exited with error code 1
[Auth]          dotnet watch ⏳ Waiting for a file to change before restarting ...
[Crm]           MSBUILD : error MSB4166: "3" alt düğümü beklenenden önce çıktı. Kapatılıyor. Tanılama bilgileri, "C:\Users\user\AppData\Local\Temp\MSBuildTemp\" konumunda bulunabilir ve MSBuild_*.failure.txt olarak adlandırılır. Bu konum, MSBUILDDEBUGPATH ortam değişkeni farklı bir dizine ayarlanarak değiştirilebilir.
[DevEnablement] C:\Users\user\Desktop\ERP-vNext\services\Diten.DevEnablementService\src\Diten.DevEnablementService.Api\Properties\launchSettings.json içindeki başlatma ayarları kullanılıyor...
[DevEnablement] Derleniyor...
[Hcm]           C:\Users\user\Desktop\ERP-vNext\services\Diten.HcmService\src\Diten.HcmService.Api\Properties\launchSettings.json içindeki başlatma ayarları kullanılıyor...
[Hcm]           Derleniyor...
[Platform]      C:\Users\user\Desktop\ERP-vNext\services\Diten.Platform\src\Diten.Platform.API\Properties\launchSettings.json içindeki başlatma ayarları kullanılıyor...
[Platform]      Derleniyor...
[Platform]      CSC : error CS0006: Meta veri dosyası 'C:\Users\user\Desktop\ERP-vNext\services\Diten.Platform.Common\src\Diten.Platform.Common\obj\Debug\net8.0\ref\Diten.Platform.Common.dll' bulunamadı [C:\Users\user\Desktop\ERP-vNext\services\Diten.Platform\src\Diten.Platform.Domain\Diten.Platform.Domain.csproj]
[Platform]      System.Management.Automation.RemoteException
[Platform]      Derleme başarısız oldu. Derleme hatalarını düzeltip yeniden çalıştırın.
[Platform]      dotnet watch ❌ Exited with error code 1
[Platform]      dotnet watch ⏳ Waiting for a file to change before restarting ...
[Gateway]       dotnet watch ❌ Exited with error code -1
[Gateway]       dotnet watch ⏳ Waiting for a file to change before restarting ...
[Web]           dotnet watch ❌ Exited with error code 1
[Web]           dotnet watch ⏳ Waiting for a file to change before restarting ...
