C:\Users\user\Desktop\ERP-vNext\gateway\Diten.ApiGateway\Properties\launchSettings.json içindeki başlatma ayarları kullanılıyor...
dbug: Ocelot.Errors.Middleware.ExceptionHandlerMiddleware[0]
      RequestId: 0HNLH3VCCAEVJ:00000001, PreviousRequestId: -
      Ocelot pipeline started
dbug: Ocelot.DownstreamRouteFinder.Middleware.DownstreamRouteFinderMiddleware[0]
      RequestId: 0HNLH3VCCAEVJ:00000001, PreviousRequestId: -
      Upstream URL path: /api/platform-auth/login
dbug: Ocelot.DownstreamRouteFinder.Middleware.DownstreamRouteFinderMiddleware[0]
      RequestId: 0HNLH3VCCAEVJ:00000001, PreviousRequestId: -
      Downstream templates: /api/platform-auth/{everything}
info: Ocelot.RateLimiting.RateLimitingMiddleware[0]
      RequestId: 0HNLH3VCCAEVJ:00000001, PreviousRequestId: -
      Rate limiting is disabled for route '/api/platform-auth/{everything}' via the EnableRateLimiting option.
info: Ocelot.Authentication.AuthenticationMiddleware[0]
      RequestId: 0HNLH3VCCAEVJ:00000001, PreviousRequestId: -
      No authentication is required for the path '/api/platform-auth/login' in the route /api/platform-auth/{everything}.
dbug: Ocelot.DownstreamUrlCreator.DownstreamUrlCreatorMiddleware[0]
      RequestId: 0HNLH3VCCAEVJ:00000001, PreviousRequestId: -
      Downstream URL: http://localhost:5056/api/platform-auth/login
info: Ocelot.Requester.Middleware.HttpRequesterMiddleware[0]
      RequestId: 0HNLH3VCCAEVJ:00000001, PreviousRequestId: -
      200 OK status code of request URI: http://localhost:5056/api/platform-auth/login
dbug: Ocelot.Requester.Middleware.HttpRequesterMiddleware[0]
      RequestId: 0HNLH3VCCAEVJ:00000001, PreviousRequestId: -
      Setting HTTP response message...
dbug: Ocelot.Responder.Middleware.ResponderMiddleware[0]
      RequestId: 0HNLH3VCCAEVJ:00000001, PreviousRequestId: -
      No pipeline errors: setting and returning completed response...
dbug: Ocelot.Errors.Middleware.ExceptionHandlerMiddleware[0]
      RequestId: 0HNLH3VCCAEVJ:00000001, PreviousRequestId: -
      Ocelot pipeline finished
warn: Diten.ApiGateway.Authentication.GatewayJwtAuthenticationHandler[0]
      Gateway JWT authentication failed.
      Microsoft.IdentityModel.Tokens.SecurityTokenNoExpirationException: IDX10225: Lifetime validation failed. The token is missing an Expiration Time. Tokentype: 'System.IdentityModel.Tokens.Jwt.JwtSecurityToken'.
         at Microsoft.IdentityModel.Tokens.ValidatorUtilities.ValidateLifetime(Nullable`1 notBefore, Nullable`1 expires, SecurityToken securityToken, TokenValidationParameters validationParameters)
         at Microsoft.IdentityModel.Tokens.Validators.ValidateLifetime(Nullable`1 notBefore, Nullable`1 expires, SecurityToken securityToken, TokenValidationParameters validationParameters)
         at System.IdentityModel.Tokens.Jwt.JwtSecurityTokenHandler.ValidateLifetime(Nullable`1 notBefore, Nullable`1 expires, JwtSecurityToken jwtToken, TokenValidationParameters validationParameters)
         at System.IdentityModel.Tokens.Jwt.JwtSecurityTokenHandler.ValidateTokenPayload(JwtSecurityToken jwtToken, TokenValidationParameters validationParameters, BaseConfiguration configuration)
         at System.IdentityModel.Tokens.Jwt.JwtSecurityTokenHandler.ValidateJWS(String token, TokenValidationParameters validationParameters, BaseConfiguration currentConfiguration, SecurityToken& signatureValidatedToken, ExceptionDispatchInfo& exceptionThrown)
      --- End of stack trace from previous location ---
         at System.IdentityModel.Tokens.Jwt.JwtSecurityTokenHandler.ValidateToken(String token, JwtSecurityToken outerToken, TokenValidationParameters validationParameters, SecurityToken& signatureValidatedToken)
         at System.IdentityModel.Tokens.Jwt.JwtSecurityTokenHandler.ValidateToken(String token, TokenValidationParameters validationParameters, SecurityToken& validatedToken)
         at Diten.ApiGateway.Authentication.GatewayJwtAuthenticationHandler.HandleAuthenticateAsync() in C:\Users\user\Desktop\ERP-vNext\gateway\Diten.ApiGateway\Authentication\GatewayJwtAuthenticationHandler.cs:line 48
info: Diten.ApiGateway.Authentication.GatewayJwtAuthenticationHandler[7]
      Bearer was not authenticated. Failure message: Invalid bearer token.
dbug: Ocelot.Errors.Middleware.ExceptionHandlerMiddleware[0]
      RequestId: 0HNLH3VCCAEVK:00000001, PreviousRequestId: -
      Ocelot pipeline started
dbug: Ocelot.DownstreamRouteFinder.Middleware.DownstreamRouteFinderMiddleware[0]
      RequestId: 0HNLH3VCCAEVK:00000001, PreviousRequestId: -
      Upstream URL path: /api/personalization/views
dbug: Ocelot.DownstreamRouteFinder.Middleware.DownstreamRouteFinderMiddleware[0]
      RequestId: 0HNLH3VCCAEVK:00000001, PreviousRequestId: -
      Downstream templates: /api/personalization/views
info: Ocelot.RateLimiting.RateLimitingMiddleware[0]
      RequestId: 0HNLH3VCCAEVK:00000001, PreviousRequestId: -
      Rate limiting is disabled for route '/api/personalization/views' via the EnableRateLimiting option.
info: Ocelot.Authentication.AuthenticationMiddleware[0]
      RequestId: 0HNLH3VCCAEVK:00000001, PreviousRequestId: -
      No authentication is required for the path '/api/personalization/views' in the route /api/personalization/views.
dbug: Ocelot.DownstreamUrlCreator.DownstreamUrlCreatorMiddleware[0]
      RequestId: 0HNLH3VCCAEVK:00000001, PreviousRequestId: -
      Downstream URL: http://localhost:5057/api/personalization/views?moduleKey=Platform&pageKey=Tenants
info: Ocelot.Requester.Middleware.HttpRequesterMiddleware[0]
      RequestId: 0HNLH3VCCAEVK:00000001, PreviousRequestId: -
      200 OK status code of request URI: http://localhost:5057/api/personalization/views?moduleKey=Platform&pageKey=Tenants
dbug: Ocelot.Requester.Middleware.HttpRequesterMiddleware[0]
      RequestId: 0HNLH3VCCAEVK:00000001, PreviousRequestId: -
      Setting HTTP response message...
dbug: Ocelot.Responder.Middleware.ResponderMiddleware[0]
      RequestId: 0HNLH3VCCAEVK:00000001, PreviousRequestId: -
      No pipeline errors: setting and returning completed response...
dbug: Ocelot.Errors.Middleware.ExceptionHandlerMiddleware[0]
      RequestId: 0HNLH3VCCAEVK:00000001, PreviousRequestId: -
      Ocelot pipeline finished
warn: Diten.ApiGateway.Authentication.GatewayJwtAuthenticationHandler[0]
      Gateway JWT authentication failed.
      Microsoft.IdentityModel.Tokens.SecurityTokenNoExpirationException: IDX10225: Lifetime validation failed. The token is missing an Expiration Time. Tokentype: 'System.IdentityModel.Tokens.Jwt.JwtSecurityToken'.
         at Microsoft.IdentityModel.Tokens.ValidatorUtilities.ValidateLifetime(Nullable`1 notBefore, Nullable`1 expires, SecurityToken securityToken, TokenValidationParameters validationParameters)
         at Microsoft.IdentityModel.Tokens.Validators.ValidateLifetime(Nullable`1 notBefore, Nullable`1 expires, SecurityToken securityToken, TokenValidationParameters validationParameters)
         at System.IdentityModel.Tokens.Jwt.JwtSecurityTokenHandler.ValidateLifetime(Nullable`1 notBefore, Nullable`1 expires, JwtSecurityToken jwtToken, TokenValidationParameters validationParameters)
         at System.IdentityModel.Tokens.Jwt.JwtSecurityTokenHandler.ValidateTokenPayload(JwtSecurityToken jwtToken, TokenValidationParameters validationParameters, BaseConfiguration configuration)
         at System.IdentityModel.Tokens.Jwt.JwtSecurityTokenHandler.ValidateJWS(String token, TokenValidationParameters validationParameters, BaseConfiguration currentConfiguration, SecurityToken& signatureValidatedToken, ExceptionDispatchInfo& exceptionThrown)
      --- End of stack trace from previous location ---
         at System.IdentityModel.Tokens.Jwt.JwtSecurityTokenHandler.ValidateToken(String token, JwtSecurityToken outerToken, TokenValidationParameters validationParameters, SecurityToken& signatureValidatedToken)
         at System.IdentityModel.Tokens.Jwt.JwtSecurityTokenHandler.ValidateToken(String token, TokenValidationParameters validationParameters, SecurityToken& validatedToken)
         at Diten.ApiGateway.Authentication.GatewayJwtAuthenticationHandler.HandleAuthenticateAsync() in C:\Users\user\Desktop\ERP-vNext\gateway\Diten.ApiGateway\Authentication\GatewayJwtAuthenticationHandler.cs:line 48
info: Diten.ApiGateway.Authentication.GatewayJwtAuthenticationHandler[7]
      Bearer was not authenticated. Failure message: Invalid bearer token.
dbug: Ocelot.Errors.Middleware.ExceptionHandlerMiddleware[0]
      RequestId: 0HNLH3VCCAEVM:00000001, PreviousRequestId: -
      Ocelot pipeline started
dbug: Ocelot.DownstreamRouteFinder.Middleware.DownstreamRouteFinderMiddleware[0]
      RequestId: 0HNLH3VCCAEVM:00000001, PreviousRequestId: -
      Upstream URL path: /api/personalization/views
dbug: Ocelot.DownstreamRouteFinder.Middleware.DownstreamRouteFinderMiddleware[0]
      RequestId: 0HNLH3VCCAEVM:00000001, PreviousRequestId: -
      Downstream templates: /api/personalization/views
info: Ocelot.RateLimiting.RateLimitingMiddleware[0]
      RequestId: 0HNLH3VCCAEVM:00000001, PreviousRequestId: -
      Rate limiting is disabled for route '/api/personalization/views' via the EnableRateLimiting option.
info: Ocelot.Authentication.AuthenticationMiddleware[0]
      RequestId: 0HNLH3VCCAEVM:00000001, PreviousRequestId: -
      No authentication is required for the path '/api/personalization/views' in the route /api/personalization/views.
dbug: Ocelot.DownstreamUrlCreator.DownstreamUrlCreatorMiddleware[0]
      RequestId: 0HNLH3VCCAEVM:00000001, PreviousRequestId: -
      Downstream URL: http://localhost:5057/api/personalization/views?moduleKey=Platform&pageKey=Tenants
warn: Ocelot.Requester.Middleware.HttpRequesterMiddleware[0]
      RequestId: 0HNLH3VCCAEVM:00000001, PreviousRequestId: -
      401 Unauthorized status code of request URI: http://localhost:5057/api/personalization/views?moduleKey=Platform&pageKey=Tenants
dbug: Ocelot.Requester.Middleware.HttpRequesterMiddleware[0]
      RequestId: 0HNLH3VCCAEVM:00000001, PreviousRequestId: -
      Setting HTTP response message...
dbug: Ocelot.Responder.Middleware.ResponderMiddleware[0]
      RequestId: 0HNLH3VCCAEVM:00000001, PreviousRequestId: -
      No pipeline errors: setting and returning completed response...
dbug: Ocelot.Errors.Middleware.ExceptionHandlerMiddleware[0]
      RequestId: 0HNLH3VCCAEVM:00000001, PreviousRequestId: -
      Ocelot pipeline finished
warn: Diten.ApiGateway.Authentication.GatewayJwtAuthenticationHandler[0]
      Gateway JWT authentication failed.
      Microsoft.IdentityModel.Tokens.SecurityTokenNoExpirationException: IDX10225: Lifetime validation failed. The token is missing an Expiration Time. Tokentype: 'System.IdentityModel.Tokens.Jwt.JwtSecurityToken'.
         at Microsoft.IdentityModel.Tokens.ValidatorUtilities.ValidateLifetime(Nullable`1 notBefore, Nullable`1 expires, SecurityToken securityToken, TokenValidationParameters validationParameters)
         at Microsoft.IdentityModel.Tokens.Validators.ValidateLifetime(Nullable`1 notBefore, Nullable`1 expires, SecurityToken securityToken, TokenValidationParameters validationParameters)
         at System.IdentityModel.Tokens.Jwt.JwtSecurityTokenHandler.ValidateLifetime(Nullable`1 notBefore, Nullable`1 expires, JwtSecurityToken jwtToken, TokenValidationParameters validationParameters)
         at System.IdentityModel.Tokens.Jwt.JwtSecurityTokenHandler.ValidateTokenPayload(JwtSecurityToken jwtToken, TokenValidationParameters validationParameters, BaseConfiguration configuration)
         at System.IdentityModel.Tokens.Jwt.JwtSecurityTokenHandler.ValidateJWS(String token, TokenValidationParameters validationParameters, BaseConfiguration currentConfiguration, SecurityToken& signatureValidatedToken, ExceptionDispatchInfo& exceptionThrown)
      --- End of stack trace from previous location ---
         at System.IdentityModel.Tokens.Jwt.JwtSecurityTokenHandler.ValidateToken(String token, JwtSecurityToken outerToken, TokenValidationParameters validationParameters, SecurityToken& signatureValidatedToken)
         at System.IdentityModel.Tokens.Jwt.JwtSecurityTokenHandler.ValidateToken(String token, TokenValidationParameters validationParameters, SecurityToken& validatedToken)
         at Diten.ApiGateway.Authentication.GatewayJwtAuthenticationHandler.HandleAuthenticateAsync() in C:\Users\user\Desktop\ERP-vNext\gateway\Diten.ApiGateway\Authentication\GatewayJwtAuthenticationHandler.cs:line 48
info: Diten.ApiGateway.Authentication.GatewayJwtAuthenticationHandler[7]
      Bearer was not authenticated. Failure message: Invalid bearer token.
dbug: Ocelot.Errors.Middleware.ExceptionHandlerMiddleware[0]
      RequestId: 0HNLH3VCCAEVK:00000002, PreviousRequestId: -
      Ocelot pipeline started
dbug: Ocelot.DownstreamRouteFinder.Middleware.DownstreamRouteFinderMiddleware[0]
      RequestId: 0HNLH3VCCAEVK:00000002, PreviousRequestId: -
      Upstream URL path: /api/personalization/views
dbug: Ocelot.DownstreamRouteFinder.Middleware.DownstreamRouteFinderMiddleware[0]
      RequestId: 0HNLH3VCCAEVK:00000002, PreviousRequestId: -
      Downstream templates: /api/personalization/views
info: Ocelot.RateLimiting.RateLimitingMiddleware[0]
      RequestId: 0HNLH3VCCAEVK:00000002, PreviousRequestId: -
      Rate limiting is disabled for route '/api/personalization/views' via the EnableRateLimiting option.
info: Ocelot.Authentication.AuthenticationMiddleware[0]
      RequestId: 0HNLH3VCCAEVK:00000002, PreviousRequestId: -
      No authentication is required for the path '/api/personalization/views' in the route /api/personalization/views.
dbug: Ocelot.DownstreamUrlCreator.DownstreamUrlCreatorMiddleware[0]
      RequestId: 0HNLH3VCCAEVK:00000002, PreviousRequestId: -
      Downstream URL: http://localhost:5057/api/personalization/views?moduleKey=Platform&pageKey=Tenants
info: Ocelot.Requester.Middleware.HttpRequesterMiddleware[0]
      RequestId: 0HNLH3VCCAEVK:00000002, PreviousRequestId: -
      200 OK status code of request URI: http://localhost:5057/api/personalization/views?moduleKey=Platform&pageKey=Tenants
dbug: Ocelot.Requester.Middleware.HttpRequesterMiddleware[0]
      RequestId: 0HNLH3VCCAEVK:00000002, PreviousRequestId: -
      Setting HTTP response message...
dbug: Ocelot.Responder.Middleware.ResponderMiddleware[0]
      RequestId: 0HNLH3VCCAEVK:00000002, PreviousRequestId: -
      No pipeline errors: setting and returning completed response...
dbug: Ocelot.Errors.Middleware.ExceptionHandlerMiddleware[0]
      RequestId: 0HNLH3VCCAEVK:00000002, PreviousRequestId: -
      Ocelot pipeline finished
warn: Diten.ApiGateway.Authentication.GatewayJwtAuthenticationHandler[0]
      Gateway JWT authentication failed.
      Microsoft.IdentityModel.Tokens.SecurityTokenNoExpirationException: IDX10225: Lifetime validation failed. The token is missing an Expiration Time. Tokentype: 'System.IdentityModel.Tokens.Jwt.JwtSecurityToken'.
         at Microsoft.IdentityModel.Tokens.ValidatorUtilities.ValidateLifetime(Nullable`1 notBefore, Nullable`1 expires, SecurityToken securityToken, TokenValidationParameters validationParameters)
         at Microsoft.IdentityModel.Tokens.Validators.ValidateLifetime(Nullable`1 notBefore, Nullable`1 expires, SecurityToken securityToken, TokenValidationParameters validationParameters)
         at System.IdentityModel.Tokens.Jwt.JwtSecurityTokenHandler.ValidateLifetime(Nullable`1 notBefore, Nullable`1 expires, JwtSecurityToken jwtToken, TokenValidationParameters validationParameters)
         at System.IdentityModel.Tokens.Jwt.JwtSecurityTokenHandler.ValidateTokenPayload(JwtSecurityToken jwtToken, TokenValidationParameters validationParameters, BaseConfiguration configuration)
         at System.IdentityModel.Tokens.Jwt.JwtSecurityTokenHandler.ValidateJWS(String token, TokenValidationParameters validationParameters, BaseConfiguration currentConfiguration, SecurityToken& signatureValidatedToken, ExceptionDispatchInfo& exceptionThrown)
      --- End of stack trace from previous location ---
         at System.IdentityModel.Tokens.Jwt.JwtSecurityTokenHandler.ValidateToken(String token, JwtSecurityToken outerToken, TokenValidationParameters validationParameters, SecurityToken& signatureValidatedToken)
         at System.IdentityModel.Tokens.Jwt.JwtSecurityTokenHandler.ValidateToken(String token, TokenValidationParameters validationParameters, SecurityToken& validatedToken)
         at Diten.ApiGateway.Authentication.GatewayJwtAuthenticationHandler.HandleAuthenticateAsync() in C:\Users\user\Desktop\ERP-vNext\gateway\Diten.ApiGateway\Authentication\GatewayJwtAuthenticationHandler.cs:line 48
info: Diten.ApiGateway.Authentication.GatewayJwtAuthenticationHandler[7]
      Bearer was not authenticated. Failure message: Invalid bearer token.
warn: Diten.ApiGateway.Authentication.GatewayJwtAuthenticationHandler[0]
      Gateway JWT authentication failed.
      Microsoft.IdentityModel.Tokens.SecurityTokenNoExpirationException: IDX10225: Lifetime validation failed. The token is missing an Expiration Time. Tokentype: 'System.IdentityModel.Tokens.Jwt.JwtSecurityToken'.
         at Microsoft.IdentityModel.Tokens.ValidatorUtilities.ValidateLifetime(Nullable`1 notBefore, Nullable`1 expires, SecurityToken securityToken, TokenValidationParameters validationParameters)
         at Microsoft.IdentityModel.Tokens.Validators.ValidateLifetime(Nullable`1 notBefore, Nullable`1 expires, SecurityToken securityToken, TokenValidationParameters validationParameters)
         at System.IdentityModel.Tokens.Jwt.JwtSecurityTokenHandler.ValidateLifetime(Nullable`1 notBefore, Nullable`1 expires, JwtSecurityToken jwtToken, TokenValidationParameters validationParameters)
         at System.IdentityModel.Tokens.Jwt.JwtSecurityTokenHandler.ValidateTokenPayload(JwtSecurityToken jwtToken, TokenValidationParameters validationParameters, BaseConfiguration configuration)
         at System.IdentityModel.Tokens.Jwt.JwtSecurityTokenHandler.ValidateJWS(String token, TokenValidationParameters validationParameters, BaseConfiguration currentConfiguration, SecurityToken& signatureValidatedToken, ExceptionDispatchInfo& exceptionThrown)
      --- End of stack trace from previous location ---
         at System.IdentityModel.Tokens.Jwt.JwtSecurityTokenHandler.ValidateToken(String token, JwtSecurityToken outerToken, TokenValidationParameters validationParameters, SecurityToken& signatureValidatedToken)
         at System.IdentityModel.Tokens.Jwt.JwtSecurityTokenHandler.ValidateToken(String token, TokenValidationParameters validationParameters, SecurityToken& validatedToken)
         at Diten.ApiGateway.Authentication.GatewayJwtAuthenticationHandler.HandleAuthenticateAsync() in C:\Users\user\Desktop\ERP-vNext\gateway\Diten.ApiGateway\Authentication\GatewayJwtAuthenticationHandler.cs:line 48
info: Diten.ApiGateway.Authentication.GatewayJwtAuthenticationHandler[7]
      Bearer was not authenticated. Failure message: Invalid bearer token.
dbug: Ocelot.Errors.Middleware.ExceptionHandlerMiddleware[0]
      RequestId: 0HNLH3VCCAEVJ:00000002, PreviousRequestId: -
      Ocelot pipeline started
dbug: Ocelot.DownstreamRouteFinder.Middleware.DownstreamRouteFinderMiddleware[0]
      RequestId: 0HNLH3VCCAEVJ:00000002, PreviousRequestId: -
      Upstream URL path: /api/auth/logout
dbug: Ocelot.DownstreamRouteFinder.Middleware.DownstreamRouteFinderMiddleware[0]
      RequestId: 0HNLH3VCCAEVJ:00000002, PreviousRequestId: -
      Downstream templates: /api/auth/{everything}
info: Ocelot.RateLimiting.RateLimitingMiddleware[0]
      RequestId: 0HNLH3VCCAEVJ:00000002, PreviousRequestId: -
      Rate limiting is disabled for route '/api/auth/{everything}' via the EnableRateLimiting option.
info: Ocelot.Authentication.AuthenticationMiddleware[0]
      RequestId: 0HNLH3VCCAEVJ:00000002, PreviousRequestId: -
      No authentication is required for the path '/api/auth/logout' in the route /api/auth/{everything}.
dbug: Ocelot.DownstreamUrlCreator.DownstreamUrlCreatorMiddleware[0]
      RequestId: 0HNLH3VCCAEVJ:00000002, PreviousRequestId: -
      Downstream URL: http://localhost:5056/api/auth/logout
warn: Ocelot.Requester.Middleware.HttpRequesterMiddleware[0]
      RequestId: 0HNLH3VCCAEVJ:00000002, PreviousRequestId: -
      401 Unauthorized status code of request URI: http://localhost:5056/api/auth/logout
dbug: Ocelot.Requester.Middleware.HttpRequesterMiddleware[0]
      RequestId: 0HNLH3VCCAEVJ:00000002, PreviousRequestId: -
      Setting HTTP response message...
dbug: Ocelot.Responder.Middleware.ResponderMiddleware[0]
      RequestId: 0HNLH3VCCAEVJ:00000002, PreviousRequestId: -
      No pipeline errors: setting and returning completed response...
dbug: Ocelot.Errors.Middleware.ExceptionHandlerMiddleware[0]
      RequestId: 0HNLH3VCCAEVJ:00000002, PreviousRequestId: -
      Ocelot pipeline finished
dbug: Ocelot.Errors.Middleware.ExceptionHandlerMiddleware[0]
      RequestId: 0HNLH3VCCAEVJ:00000003, PreviousRequestId: -
      Ocelot pipeline started
dbug: Ocelot.DownstreamRouteFinder.Middleware.DownstreamRouteFinderMiddleware[0]
      RequestId: 0HNLH3VCCAEVJ:00000003, PreviousRequestId: -
      Upstream URL path: /api/platform-auth/login
dbug: Ocelot.DownstreamRouteFinder.Middleware.DownstreamRouteFinderMiddleware[0]
      RequestId: 0HNLH3VCCAEVJ:00000003, PreviousRequestId: -
      Downstream templates: /api/platform-auth/{everything}
info: Ocelot.RateLimiting.RateLimitingMiddleware[0]
      RequestId: 0HNLH3VCCAEVJ:00000003, PreviousRequestId: -
      Rate limiting is disabled for route '/api/platform-auth/{everything}' via the EnableRateLimiting option.
info: Ocelot.Authentication.AuthenticationMiddleware[0]
      RequestId: 0HNLH3VCCAEVJ:00000003, PreviousRequestId: -
      No authentication is required for the path '/api/platform-auth/login' in the route /api/platform-auth/{everything}.
dbug: Ocelot.DownstreamUrlCreator.DownstreamUrlCreatorMiddleware[0]
      RequestId: 0HNLH3VCCAEVJ:00000003, PreviousRequestId: -
      Downstream URL: http://localhost:5056/api/platform-auth/login
info: Ocelot.Requester.Middleware.HttpRequesterMiddleware[0]
      RequestId: 0HNLH3VCCAEVJ:00000003, PreviousRequestId: -
      200 OK status code of request URI: http://localhost:5056/api/platform-auth/login
dbug: Ocelot.Requester.Middleware.HttpRequesterMiddleware[0]
      RequestId: 0HNLH3VCCAEVJ:00000003, PreviousRequestId: -
      Setting HTTP response message...
dbug: Ocelot.Responder.Middleware.ResponderMiddleware[0]
      RequestId: 0HNLH3VCCAEVJ:00000003, PreviousRequestId: -
      No pipeline errors: setting and returning completed response...
dbug: Ocelot.Errors.Middleware.ExceptionHandlerMiddleware[0]
      RequestId: 0HNLH3VCCAEVJ:00000003, PreviousRequestId: -
      Ocelot pipeline finished
warn: Diten.ApiGateway.Authentication.GatewayJwtAuthenticationHandler[0]
      Gateway JWT authentication failed.
      Microsoft.IdentityModel.Tokens.SecurityTokenNoExpirationException: IDX10225: Lifetime validation failed. The token is missing an Expiration Time. Tokentype: 'System.IdentityModel.Tokens.Jwt.JwtSecurityToken'.
         at Microsoft.IdentityModel.Tokens.ValidatorUtilities.ValidateLifetime(Nullable`1 notBefore, Nullable`1 expires, SecurityToken securityToken, TokenValidationParameters validationParameters)
         at Microsoft.IdentityModel.Tokens.Validators.ValidateLifetime(Nullable`1 notBefore, Nullable`1 expires, SecurityToken securityToken, TokenValidationParameters validationParameters)
         at System.IdentityModel.Tokens.Jwt.JwtSecurityTokenHandler.ValidateLifetime(Nullable`1 notBefore, Nullable`1 expires, JwtSecurityToken jwtToken, TokenValidationParameters validationParameters)
         at System.IdentityModel.Tokens.Jwt.JwtSecurityTokenHandler.ValidateTokenPayload(JwtSecurityToken jwtToken, TokenValidationParameters validationParameters, BaseConfiguration configuration)
         at System.IdentityModel.Tokens.Jwt.JwtSecurityTokenHandler.ValidateJWS(String token, TokenValidationParameters validationParameters, BaseConfiguration currentConfiguration, SecurityToken& signatureValidatedToken, ExceptionDispatchInfo& exceptionThrown)
      --- End of stack trace from previous location ---
         at System.IdentityModel.Tokens.Jwt.JwtSecurityTokenHandler.ValidateToken(String token, JwtSecurityToken outerToken, TokenValidationParameters validationParameters, SecurityToken& signatureValidatedToken)
         at System.IdentityModel.Tokens.Jwt.JwtSecurityTokenHandler.ValidateToken(String token, TokenValidationParameters validationParameters, SecurityToken& validatedToken)
         at Diten.ApiGateway.Authentication.GatewayJwtAuthenticationHandler.HandleAuthenticateAsync() in C:\Users\user\Desktop\ERP-vNext\gateway\Diten.ApiGateway\Authentication\GatewayJwtAuthenticationHandler.cs:line 48
info: Diten.ApiGateway.Authentication.GatewayJwtAuthenticationHandler[7]
      Bearer was not authenticated. Failure message: Invalid bearer token.
dbug: Ocelot.Errors.Middleware.ExceptionHandlerMiddleware[0]
      RequestId: 0HNLH3VCCAEVK:00000003, PreviousRequestId: -
      Ocelot pipeline started
dbug: Ocelot.DownstreamRouteFinder.Middleware.DownstreamRouteFinderMiddleware[0]
      RequestId: 0HNLH3VCCAEVK:00000003, PreviousRequestId: -
      Upstream URL path: /api/personalization/views
dbug: Ocelot.DownstreamRouteFinder.Middleware.DownstreamRouteFinderMiddleware[0]
      RequestId: 0HNLH3VCCAEVK:00000003, PreviousRequestId: -
      Downstream templates: /api/personalization/views
info: Ocelot.RateLimiting.RateLimitingMiddleware[0]
      RequestId: 0HNLH3VCCAEVK:00000003, PreviousRequestId: -
      Rate limiting is disabled for route '/api/personalization/views' via the EnableRateLimiting option.
info: Ocelot.Authentication.AuthenticationMiddleware[0]
      RequestId: 0HNLH3VCCAEVK:00000003, PreviousRequestId: -
      No authentication is required for the path '/api/personalization/views' in the route /api/personalization/views.
dbug: Ocelot.DownstreamUrlCreator.DownstreamUrlCreatorMiddleware[0]
      RequestId: 0HNLH3VCCAEVK:00000003, PreviousRequestId: -
      Downstream URL: http://localhost:5057/api/personalization/views?moduleKey=Platform&pageKey=Tenants
info: Ocelot.Requester.Middleware.HttpRequesterMiddleware[0]
      RequestId: 0HNLH3VCCAEVK:00000003, PreviousRequestId: -
      200 OK status code of request URI: http://localhost:5057/api/personalization/views?moduleKey=Platform&pageKey=Tenants
dbug: Ocelot.Requester.Middleware.HttpRequesterMiddleware[0]
      RequestId: 0HNLH3VCCAEVK:00000003, PreviousRequestId: -
      Setting HTTP response message...
dbug: Ocelot.Responder.Middleware.ResponderMiddleware[0]
      RequestId: 0HNLH3VCCAEVK:00000003, PreviousRequestId: -
      No pipeline errors: setting and returning completed response...
dbug: Ocelot.Errors.Middleware.ExceptionHandlerMiddleware[0]
      RequestId: 0HNLH3VCCAEVK:00000003, PreviousRequestId: -
      Ocelot pipeline finished
warn: Diten.ApiGateway.Authentication.GatewayJwtAuthenticationHandler[0]
      Gateway JWT authentication failed.
      Microsoft.IdentityModel.Tokens.SecurityTokenNoExpirationException: IDX10225: Lifetime validation failed. The token is missing an Expiration Time. Tokentype: 'System.IdentityModel.Tokens.Jwt.JwtSecurityToken'.
         at Microsoft.IdentityModel.Tokens.ValidatorUtilities.ValidateLifetime(Nullable`1 notBefore, Nullable`1 expires, SecurityToken securityToken, TokenValidationParameters validationParameters)
         at Microsoft.IdentityModel.Tokens.Validators.ValidateLifetime(Nullable`1 notBefore, Nullable`1 expires, SecurityToken securityToken, TokenValidationParameters validationParameters)
         at System.IdentityModel.Tokens.Jwt.JwtSecurityTokenHandler.ValidateLifetime(Nullable`1 notBefore, Nullable`1 expires, JwtSecurityToken jwtToken, TokenValidationParameters validationParameters)
         at System.IdentityModel.Tokens.Jwt.JwtSecurityTokenHandler.ValidateTokenPayload(JwtSecurityToken jwtToken, TokenValidationParameters validationParameters, BaseConfiguration configuration)
         at System.IdentityModel.Tokens.Jwt.JwtSecurityTokenHandler.ValidateJWS(String token, TokenValidationParameters validationParameters, BaseConfiguration currentConfiguration, SecurityToken& signatureValidatedToken, ExceptionDispatchInfo& exceptionThrown)
      --- End of stack trace from previous location ---
         at System.IdentityModel.Tokens.Jwt.JwtSecurityTokenHandler.ValidateToken(String token, JwtSecurityToken outerToken, TokenValidationParameters validationParameters, SecurityToken& signatureValidatedToken)
         at System.IdentityModel.Tokens.Jwt.JwtSecurityTokenHandler.ValidateToken(String token, TokenValidationParameters validationParameters, SecurityToken& validatedToken)
         at Diten.ApiGateway.Authentication.GatewayJwtAuthenticationHandler.HandleAuthenticateAsync() in C:\Users\user\Desktop\ERP-vNext\gateway\Diten.ApiGateway\Authentication\GatewayJwtAuthenticationHandler.cs:line 48
info: Diten.ApiGateway.Authentication.GatewayJwtAuthenticationHandler[7]
      Bearer was not authenticated. Failure message: Invalid bearer token.
warn: Diten.ApiGateway.Authentication.GatewayJwtAuthenticationHandler[0]
      Gateway JWT authentication failed.
      Microsoft.IdentityModel.Tokens.SecurityTokenNoExpirationException: IDX10225: Lifetime validation failed. The token is missing an Expiration Time. Tokentype: 'System.IdentityModel.Tokens.Jwt.JwtSecurityToken'.
         at Microsoft.IdentityModel.Tokens.ValidatorUtilities.ValidateLifetime(Nullable`1 notBefore, Nullable`1 expires, SecurityToken securityToken, TokenValidationParameters validationParameters)
         at Microsoft.IdentityModel.Tokens.Validators.ValidateLifetime(Nullable`1 notBefore, Nullable`1 expires, SecurityToken securityToken, TokenValidationParameters validationParameters)
         at System.IdentityModel.Tokens.Jwt.JwtSecurityTokenHandler.ValidateLifetime(Nullable`1 notBefore, Nullable`1 expires, JwtSecurityToken jwtToken, TokenValidationParameters validationParameters)
         at System.IdentityModel.Tokens.Jwt.JwtSecurityTokenHandler.ValidateTokenPayload(JwtSecurityToken jwtToken, TokenValidationParameters validationParameters, BaseConfiguration configuration)
         at System.IdentityModel.Tokens.Jwt.JwtSecurityTokenHandler.ValidateJWS(String token, TokenValidationParameters validationParameters, BaseConfiguration currentConfiguration, SecurityToken& signatureValidatedToken, ExceptionDispatchInfo& exceptionThrown)
      --- End of stack trace from previous location ---
         at System.IdentityModel.Tokens.Jwt.JwtSecurityTokenHandler.ValidateToken(String token, JwtSecurityToken outerToken, TokenValidationParameters validationParameters, SecurityToken& signatureValidatedToken)
         at System.IdentityModel.Tokens.Jwt.JwtSecurityTokenHandler.ValidateToken(String token, TokenValidationParameters validationParameters, SecurityToken& validatedToken)
         at Diten.ApiGateway.Authentication.GatewayJwtAuthenticationHandler.HandleAuthenticateAsync() in C:\Users\user\Desktop\ERP-vNext\gateway\Diten.ApiGateway\Authentication\GatewayJwtAuthenticationHandler.cs:line 48
info: Diten.ApiGateway.Authentication.GatewayJwtAuthenticationHandler[7]
      Bearer was not authenticated. Failure message: Invalid bearer token.
dbug: Ocelot.Errors.Middleware.ExceptionHandlerMiddleware[0]
      RequestId: 0HNLH3VCCAEVO:00000001, PreviousRequestId: -
      Ocelot pipeline started
dbug: Ocelot.DownstreamRouteFinder.Middleware.DownstreamRouteFinderMiddleware[0]
      RequestId: 0HNLH3VCCAEVO:00000001, PreviousRequestId: -
      Upstream URL path: /api/personalization/views
dbug: Ocelot.DownstreamRouteFinder.Middleware.DownstreamRouteFinderMiddleware[0]
      RequestId: 0HNLH3VCCAEVO:00000001, PreviousRequestId: -
      Downstream templates: /api/personalization/views
info: Ocelot.RateLimiting.RateLimitingMiddleware[0]
      RequestId: 0HNLH3VCCAEVO:00000001, PreviousRequestId: -
      Rate limiting is disabled for route '/api/personalization/views' via the EnableRateLimiting option.
info: Ocelot.Authentication.AuthenticationMiddleware[0]
      RequestId: 0HNLH3VCCAEVO:00000001, PreviousRequestId: -
      No authentication is required for the path '/api/personalization/views' in the route /api/personalization/views.
dbug: Ocelot.DownstreamUrlCreator.DownstreamUrlCreatorMiddleware[0]
      RequestId: 0HNLH3VCCAEVO:00000001, PreviousRequestId: -
      Downstream URL: http://localhost:5057/api/personalization/views?moduleKey=Platform&pageKey=Administrators
warn: Diten.ApiGateway.Authentication.GatewayJwtAuthenticationHandler[0]
      Gateway JWT authentication failed.
      Microsoft.IdentityModel.Tokens.SecurityTokenNoExpirationException: IDX10225: Lifetime validation failed. The token is missing an Expiration Time. Tokentype: 'System.IdentityModel.Tokens.Jwt.JwtSecurityToken'.
         at Microsoft.IdentityModel.Tokens.ValidatorUtilities.ValidateLifetime(Nullable`1 notBefore, Nullable`1 expires, SecurityToken securityToken, TokenValidationParameters validationParameters)
         at Microsoft.IdentityModel.Tokens.Validators.ValidateLifetime(Nullable`1 notBefore, Nullable`1 expires, SecurityToken securityToken, TokenValidationParameters validationParameters)
         at System.IdentityModel.Tokens.Jwt.JwtSecurityTokenHandler.ValidateLifetime(Nullable`1 notBefore, Nullable`1 expires, JwtSecurityToken jwtToken, TokenValidationParameters validationParameters)
         at System.IdentityModel.Tokens.Jwt.JwtSecurityTokenHandler.ValidateTokenPayload(JwtSecurityToken jwtToken, TokenValidationParameters validationParameters, BaseConfiguration configuration)
         at System.IdentityModel.Tokens.Jwt.JwtSecurityTokenHandler.ValidateJWS(String token, TokenValidationParameters validationParameters, BaseConfiguration currentConfiguration, SecurityToken& signatureValidatedToken, ExceptionDispatchInfo& exceptionThrown)
      --- End of stack trace from previous location ---
         at System.IdentityModel.Tokens.Jwt.JwtSecurityTokenHandler.ValidateToken(String token, JwtSecurityToken outerToken, TokenValidationParameters validationParameters, SecurityToken& signatureValidatedToken)
         at System.IdentityModel.Tokens.Jwt.JwtSecurityTokenHandler.ValidateToken(String token, TokenValidationParameters validationParameters, SecurityToken& validatedToken)
         at Diten.ApiGateway.Authentication.GatewayJwtAuthenticationHandler.HandleAuthenticateAsync() in C:\Users\user\Desktop\ERP-vNext\gateway\Diten.ApiGateway\Authentication\GatewayJwtAuthenticationHandler.cs:line 48
info: Diten.ApiGateway.Authentication.GatewayJwtAuthenticationHandler[7]
      Bearer was not authenticated. Failure message: Invalid bearer token.
info: Ocelot.Requester.Middleware.HttpRequesterMiddleware[0]
      RequestId: 0HNLH3VCCAEVO:00000001, PreviousRequestId: -
      200 OK status code of request URI: http://localhost:5057/api/personalization/views?moduleKey=Platform&pageKey=Administrators
dbug: Ocelot.Requester.Middleware.HttpRequesterMiddleware[0]
      RequestId: 0HNLH3VCCAEVO:00000001, PreviousRequestId: -
      Setting HTTP response message...
dbug: Ocelot.Responder.Middleware.ResponderMiddleware[0]
      RequestId: 0HNLH3VCCAEVO:00000001, PreviousRequestId: -
      No pipeline errors: setting and returning completed response...
dbug: Ocelot.Errors.Middleware.ExceptionHandlerMiddleware[0]
      RequestId: 0HNLH3VCCAEVO:00000001, PreviousRequestId: -
      Ocelot pipeline finished
warn: Diten.ApiGateway.Authentication.GatewayJwtAuthenticationHandler[0]
      Gateway JWT authentication failed.
      Microsoft.IdentityModel.Tokens.SecurityTokenNoExpirationException: IDX10225: Lifetime validation failed. The token is missing an Expiration Time. Tokentype: 'System.IdentityModel.Tokens.Jwt.JwtSecurityToken'.
         at Microsoft.IdentityModel.Tokens.ValidatorUtilities.ValidateLifetime(Nullable`1 notBefore, Nullable`1 expires, SecurityToken securityToken, TokenValidationParameters validationParameters)
         at Microsoft.IdentityModel.Tokens.Validators.ValidateLifetime(Nullable`1 notBefore, Nullable`1 expires, SecurityToken securityToken, TokenValidationParameters validationParameters)
         at System.IdentityModel.Tokens.Jwt.JwtSecurityTokenHandler.ValidateLifetime(Nullable`1 notBefore, Nullable`1 expires, JwtSecurityToken jwtToken, TokenValidationParameters validationParameters)
         at System.IdentityModel.Tokens.Jwt.JwtSecurityTokenHandler.ValidateTokenPayload(JwtSecurityToken jwtToken, TokenValidationParameters validationParameters, BaseConfiguration configuration)
         at System.IdentityModel.Tokens.Jwt.JwtSecurityTokenHandler.ValidateJWS(String token, TokenValidationParameters validationParameters, BaseConfiguration currentConfiguration, SecurityToken& signatureValidatedToken, ExceptionDispatchInfo& exceptionThrown)
      --- End of stack trace from previous location ---
         at System.IdentityModel.Tokens.Jwt.JwtSecurityTokenHandler.ValidateToken(String token, JwtSecurityToken outerToken, TokenValidationParameters validationParameters, SecurityToken& signatureValidatedToken)
         at System.IdentityModel.Tokens.Jwt.JwtSecurityTokenHandler.ValidateToken(String token, TokenValidationParameters validationParameters, SecurityToken& validatedToken)
         at Diten.ApiGateway.Authentication.GatewayJwtAuthenticationHandler.HandleAuthenticateAsync() in C:\Users\user\Desktop\ERP-vNext\gateway\Diten.ApiGateway\Authentication\GatewayJwtAuthenticationHandler.cs:line 48
info: Diten.ApiGateway.Authentication.GatewayJwtAuthenticationHandler[7]
      Bearer was not authenticated. Failure message: Invalid bearer token.
warn: Diten.ApiGateway.Authentication.GatewayJwtAuthenticationHandler[0]
      Gateway JWT authentication failed.
      Microsoft.IdentityModel.Tokens.SecurityTokenNoExpirationException: IDX10225: Lifetime validation failed. The token is missing an Expiration Time. Tokentype: 'System.IdentityModel.Tokens.Jwt.JwtSecurityToken'.
         at Microsoft.IdentityModel.Tokens.ValidatorUtilities.ValidateLifetime(Nullable`1 notBefore, Nullable`1 expires, SecurityToken securityToken, TokenValidationParameters validationParameters)
         at Microsoft.IdentityModel.Tokens.Validators.ValidateLifetime(Nullable`1 notBefore, Nullable`1 expires, SecurityToken securityToken, TokenValidationParameters validationParameters)
         at System.IdentityModel.Tokens.Jwt.JwtSecurityTokenHandler.ValidateLifetime(Nullable`1 notBefore, Nullable`1 expires, JwtSecurityToken jwtToken, TokenValidationParameters validationParameters)
         at System.IdentityModel.Tokens.Jwt.JwtSecurityTokenHandler.ValidateTokenPayload(JwtSecurityToken jwtToken, TokenValidationParameters validationParameters, BaseConfiguration configuration)
         at System.IdentityModel.Tokens.Jwt.JwtSecurityTokenHandler.ValidateJWS(String token, TokenValidationParameters validationParameters, BaseConfiguration currentConfiguration, SecurityToken& signatureValidatedToken, ExceptionDispatchInfo& exceptionThrown)
      --- End of stack trace from previous location ---
         at System.IdentityModel.Tokens.Jwt.JwtSecurityTokenHandler.ValidateToken(String token, JwtSecurityToken outerToken, TokenValidationParameters validationParameters, SecurityToken& signatureValidatedToken)
         at System.IdentityModel.Tokens.Jwt.JwtSecurityTokenHandler.ValidateToken(String token, TokenValidationParameters validationParameters, SecurityToken& validatedToken)
         at Diten.ApiGateway.Authentication.GatewayJwtAuthenticationHandler.HandleAuthenticateAsync() in C:\Users\user\Desktop\ERP-vNext\gateway\Diten.ApiGateway\Authentication\GatewayJwtAuthenticationHandler.cs:line 48
info: Diten.ApiGateway.Authentication.GatewayJwtAuthenticationHandler[7]
      Bearer was not authenticated. Failure message: Invalid bearer token.
warn: Diten.ApiGateway.Authentication.GatewayJwtAuthenticationHandler[0]
      Gateway JWT authentication failed.
      Microsoft.IdentityModel.Tokens.SecurityTokenNoExpirationException: IDX10225: Lifetime validation failed. The token is missing an Expiration Time. Tokentype: 'System.IdentityModel.Tokens.Jwt.JwtSecurityToken'.
         at Microsoft.IdentityModel.Tokens.ValidatorUtilities.ValidateLifetime(Nullable`1 notBefore, Nullable`1 expires, SecurityToken securityToken, TokenValidationParameters validationParameters)
         at Microsoft.IdentityModel.Tokens.Validators.ValidateLifetime(Nullable`1 notBefore, Nullable`1 expires, SecurityToken securityToken, TokenValidationParameters validationParameters)
         at System.IdentityModel.Tokens.Jwt.JwtSecurityTokenHandler.ValidateLifetime(Nullable`1 notBefore, Nullable`1 expires, JwtSecurityToken jwtToken, TokenValidationParameters validationParameters)
         at System.IdentityModel.Tokens.Jwt.JwtSecurityTokenHandler.ValidateTokenPayload(JwtSecurityToken jwtToken, TokenValidationParameters validationParameters, BaseConfiguration configuration)
         at System.IdentityModel.Tokens.Jwt.JwtSecurityTokenHandler.ValidateJWS(String token, TokenValidationParameters validationParameters, BaseConfiguration currentConfiguration, SecurityToken& signatureValidatedToken, ExceptionDispatchInfo& exceptionThrown)
      --- End of stack trace from previous location ---
         at System.IdentityModel.Tokens.Jwt.JwtSecurityTokenHandler.ValidateToken(String token, JwtSecurityToken outerToken, TokenValidationParameters validationParameters, SecurityToken& signatureValidatedToken)
         at System.IdentityModel.Tokens.Jwt.JwtSecurityTokenHandler.ValidateToken(String token, TokenValidationParameters validationParameters, SecurityToken& validatedToken)
         at Diten.ApiGateway.Authentication.GatewayJwtAuthenticationHandler.HandleAuthenticateAsync() in C:\Users\user\Desktop\ERP-vNext\gateway\Diten.ApiGateway\Authentication\GatewayJwtAuthenticationHandler.cs:line 48
info: Diten.ApiGateway.Authentication.GatewayJwtAuthenticationHandler[7]
      Bearer was not authenticated. Failure message: Invalid bearer token.
warn: Diten.ApiGateway.Authentication.GatewayJwtAuthenticationHandler[0]
      Gateway JWT authentication failed.
      Microsoft.IdentityModel.Tokens.SecurityTokenNoExpirationException: IDX10225: Lifetime validation failed. The token is missing an Expiration Time. Tokentype: 'System.IdentityModel.Tokens.Jwt.JwtSecurityToken'.
         at Microsoft.IdentityModel.Tokens.ValidatorUtilities.ValidateLifetime(Nullable`1 notBefore, Nullable`1 expires, SecurityToken securityToken, TokenValidationParameters validationParameters)
         at Microsoft.IdentityModel.Tokens.Validators.ValidateLifetime(Nullable`1 notBefore, Nullable`1 expires, SecurityToken securityToken, TokenValidationParameters validationParameters)
         at System.IdentityModel.Tokens.Jwt.JwtSecurityTokenHandler.ValidateLifetime(Nullable`1 notBefore, Nullable`1 expires, JwtSecurityToken jwtToken, TokenValidationParameters validationParameters)
         at System.IdentityModel.Tokens.Jwt.JwtSecurityTokenHandler.ValidateTokenPayload(JwtSecurityToken jwtToken, TokenValidationParameters validationParameters, BaseConfiguration configuration)
         at System.IdentityModel.Tokens.Jwt.JwtSecurityTokenHandler.ValidateJWS(String token, TokenValidationParameters validationParameters, BaseConfiguration currentConfiguration, SecurityToken& signatureValidatedToken, ExceptionDispatchInfo& exceptionThrown)
      --- End of stack trace from previous location ---
         at System.IdentityModel.Tokens.Jwt.JwtSecurityTokenHandler.ValidateToken(String token, JwtSecurityToken outerToken, TokenValidationParameters validationParameters, SecurityToken& signatureValidatedToken)
         at System.IdentityModel.Tokens.Jwt.JwtSecurityTokenHandler.ValidateToken(String token, TokenValidationParameters validationParameters, SecurityToken& validatedToken)
         at Diten.ApiGateway.Authentication.GatewayJwtAuthenticationHandler.HandleAuthenticateAsync() in C:\Users\user\Desktop\ERP-vNext\gateway\Diten.ApiGateway\Authentication\GatewayJwtAuthenticationHandler.cs:line 48
info: Diten.ApiGateway.Authentication.GatewayJwtAuthenticationHandler[7]
      Bearer was not authenticated. Failure message: Invalid bearer token.
warn: Diten.ApiGateway.Authentication.GatewayJwtAuthenticationHandler[0]
      Gateway JWT authentication failed.
      Microsoft.IdentityModel.Tokens.SecurityTokenNoExpirationException: IDX10225: Lifetime validation failed. The token is missing an Expiration Time. Tokentype: 'System.IdentityModel.Tokens.Jwt.JwtSecurityToken'.
         at Microsoft.IdentityModel.Tokens.ValidatorUtilities.ValidateLifetime(Nullable`1 notBefore, Nullable`1 expires, SecurityToken securityToken, TokenValidationParameters validationParameters)
         at Microsoft.IdentityModel.Tokens.Validators.ValidateLifetime(Nullable`1 notBefore, Nullable`1 expires, SecurityToken securityToken, TokenValidationParameters validationParameters)
         at System.IdentityModel.Tokens.Jwt.JwtSecurityTokenHandler.ValidateLifetime(Nullable`1 notBefore, Nullable`1 expires, JwtSecurityToken jwtToken, TokenValidationParameters validationParameters)
         at System.IdentityModel.Tokens.Jwt.JwtSecurityTokenHandler.ValidateTokenPayload(JwtSecurityToken jwtToken, TokenValidationParameters validationParameters, BaseConfiguration configuration)
         at System.IdentityModel.Tokens.Jwt.JwtSecurityTokenHandler.ValidateJWS(String token, TokenValidationParameters validationParameters, BaseConfiguration currentConfiguration, SecurityToken& signatureValidatedToken, ExceptionDispatchInfo& exceptionThrown)
      --- End of stack trace from previous location ---
         at System.IdentityModel.Tokens.Jwt.JwtSecurityTokenHandler.ValidateToken(String token, JwtSecurityToken outerToken, TokenValidationParameters validationParameters, SecurityToken& signatureValidatedToken)
         at System.IdentityModel.Tokens.Jwt.JwtSecurityTokenHandler.ValidateToken(String token, TokenValidationParameters validationParameters, SecurityToken& validatedToken)
         at Diten.ApiGateway.Authentication.GatewayJwtAuthenticationHandler.HandleAuthenticateAsync() in C:\Users\user\Desktop\ERP-vNext\gateway\Diten.ApiGateway\Authentication\GatewayJwtAuthenticationHandler.cs:line 48
info: Diten.ApiGateway.Authentication.GatewayJwtAuthenticationHandler[7]
      Bearer was not authenticated. Failure message: Invalid bearer token.
dbug: Ocelot.Errors.Middleware.ExceptionHandlerMiddleware[0]
      RequestId: 0HNLH3VCCAEVO:00000002, PreviousRequestId: -
      Ocelot pipeline started
dbug: Ocelot.DownstreamRouteFinder.Middleware.DownstreamRouteFinderMiddleware[0]
      RequestId: 0HNLH3VCCAEVO:00000002, PreviousRequestId: -
      Upstream URL path: /api/personalization/views
dbug: Ocelot.DownstreamRouteFinder.Middleware.DownstreamRouteFinderMiddleware[0]
      RequestId: 0HNLH3VCCAEVO:00000002, PreviousRequestId: -
      Downstream templates: /api/personalization/views
info: Ocelot.RateLimiting.RateLimitingMiddleware[0]
      RequestId: 0HNLH3VCCAEVO:00000002, PreviousRequestId: -
      Rate limiting is disabled for route '/api/personalization/views' via the EnableRateLimiting option.
info: Ocelot.Authentication.AuthenticationMiddleware[0]
      RequestId: 0HNLH3VCCAEVO:00000002, PreviousRequestId: -
      No authentication is required for the path '/api/personalization/views' in the route /api/personalization/views.
dbug: Ocelot.DownstreamUrlCreator.DownstreamUrlCreatorMiddleware[0]
      RequestId: 0HNLH3VCCAEVO:00000002, PreviousRequestId: -
      Downstream URL: http://localhost:5057/api/personalization/views?moduleKey=Platform&pageKey=Administrators
warn: Diten.ApiGateway.Authentication.GatewayJwtAuthenticationHandler[0]
      Gateway JWT authentication failed.
      Microsoft.IdentityModel.Tokens.SecurityTokenNoExpirationException: IDX10225: Lifetime validation failed. The token is missing an Expiration Time. Tokentype: 'System.IdentityModel.Tokens.Jwt.JwtSecurityToken'.
         at Microsoft.IdentityModel.Tokens.ValidatorUtilities.ValidateLifetime(Nullable`1 notBefore, Nullable`1 expires, SecurityToken securityToken, TokenValidationParameters validationParameters)
         at Microsoft.IdentityModel.Tokens.Validators.ValidateLifetime(Nullable`1 notBefore, Nullable`1 expires, SecurityToken securityToken, TokenValidationParameters validationParameters)
         at System.IdentityModel.Tokens.Jwt.JwtSecurityTokenHandler.ValidateLifetime(Nullable`1 notBefore, Nullable`1 expires, JwtSecurityToken jwtToken, TokenValidationParameters validationParameters)
         at System.IdentityModel.Tokens.Jwt.JwtSecurityTokenHandler.ValidateTokenPayload(JwtSecurityToken jwtToken, TokenValidationParameters validationParameters, BaseConfiguration configuration)
         at System.IdentityModel.Tokens.Jwt.JwtSecurityTokenHandler.ValidateJWS(String token, TokenValidationParameters validationParameters, BaseConfiguration currentConfiguration, SecurityToken& signatureValidatedToken, ExceptionDispatchInfo& exceptionThrown)
      --- End of stack trace from previous location ---
         at System.IdentityModel.Tokens.Jwt.JwtSecurityTokenHandler.ValidateToken(String token, JwtSecurityToken outerToken, TokenValidationParameters validationParameters, SecurityToken& signatureValidatedToken)
         at System.IdentityModel.Tokens.Jwt.JwtSecurityTokenHandler.ValidateToken(String token, TokenValidationParameters validationParameters, SecurityToken& validatedToken)
         at Diten.ApiGateway.Authentication.GatewayJwtAuthenticationHandler.HandleAuthenticateAsync() in C:\Users\user\Desktop\ERP-vNext\gateway\Diten.ApiGateway\Authentication\GatewayJwtAuthenticationHandler.cs:line 48
info: Diten.ApiGateway.Authentication.GatewayJwtAuthenticationHandler[7]
      Bearer was not authenticated. Failure message: Invalid bearer token.
info: Ocelot.Requester.Middleware.HttpRequesterMiddleware[0]
      RequestId: 0HNLH3VCCAEVO:00000002, PreviousRequestId: -
      200 OK status code of request URI: http://localhost:5057/api/personalization/views?moduleKey=Platform&pageKey=Administrators
dbug: Ocelot.Requester.Middleware.HttpRequesterMiddleware[0]
      RequestId: 0HNLH3VCCAEVO:00000002, PreviousRequestId: -
      Setting HTTP response message...
dbug: Ocelot.Responder.Middleware.ResponderMiddleware[0]
      RequestId: 0HNLH3VCCAEVO:00000002, PreviousRequestId: -
      No pipeline errors: setting and returning completed response...
dbug: Ocelot.Errors.Middleware.ExceptionHandlerMiddleware[0]
      RequestId: 0HNLH3VCCAEVO:00000002, PreviousRequestId: -
      Ocelot pipeline finished
warn: Diten.ApiGateway.Authentication.GatewayJwtAuthenticationHandler[0]
      Gateway JWT authentication failed.
      Microsoft.IdentityModel.Tokens.SecurityTokenNoExpirationException: IDX10225: Lifetime validation failed. The token is missing an Expiration Time. Tokentype: 'System.IdentityModel.Tokens.Jwt.JwtSecurityToken'.
         at Microsoft.IdentityModel.Tokens.ValidatorUtilities.ValidateLifetime(Nullable`1 notBefore, Nullable`1 expires, SecurityToken securityToken, TokenValidationParameters validationParameters)
         at Microsoft.IdentityModel.Tokens.Validators.ValidateLifetime(Nullable`1 notBefore, Nullable`1 expires, SecurityToken securityToken, TokenValidationParameters validationParameters)
         at System.IdentityModel.Tokens.Jwt.JwtSecurityTokenHandler.ValidateLifetime(Nullable`1 notBefore, Nullable`1 expires, JwtSecurityToken jwtToken, TokenValidationParameters validationParameters)
         at System.IdentityModel.Tokens.Jwt.JwtSecurityTokenHandler.ValidateTokenPayload(JwtSecurityToken jwtToken, TokenValidationParameters validationParameters, BaseConfiguration configuration)
         at System.IdentityModel.Tokens.Jwt.JwtSecurityTokenHandler.ValidateJWS(String token, TokenValidationParameters validationParameters, BaseConfiguration currentConfiguration, SecurityToken& signatureValidatedToken, ExceptionDispatchInfo& exceptionThrown)
      --- End of stack trace from previous location ---
         at System.IdentityModel.Tokens.Jwt.JwtSecurityTokenHandler.ValidateToken(String token, JwtSecurityToken outerToken, TokenValidationParameters validationParameters, SecurityToken& signatureValidatedToken)
         at System.IdentityModel.Tokens.Jwt.JwtSecurityTokenHandler.ValidateToken(String token, TokenValidationParameters validationParameters, SecurityToken& validatedToken)
         at Diten.ApiGateway.Authentication.GatewayJwtAuthenticationHandler.HandleAuthenticateAsync() in C:\Users\user\Desktop\ERP-vNext\gateway\Diten.ApiGateway\Authentication\GatewayJwtAuthenticationHandler.cs:line 48
info: Diten.ApiGateway.Authentication.GatewayJwtAuthenticationHandler[7]
      Bearer was not authenticated. Failure message: Invalid bearer token.
warn: Diten.ApiGateway.Authentication.GatewayJwtAuthenticationHandler[0]
      Gateway JWT authentication failed.
      Microsoft.IdentityModel.Tokens.SecurityTokenNoExpirationException: IDX10225: Lifetime validation failed. The token is missing an Expiration Time. Tokentype: 'System.IdentityModel.Tokens.Jwt.JwtSecurityToken'.
         at Microsoft.IdentityModel.Tokens.ValidatorUtilities.ValidateLifetime(Nullable`1 notBefore, Nullable`1 expires, SecurityToken securityToken, TokenValidationParameters validationParameters)
         at Microsoft.IdentityModel.Tokens.Validators.ValidateLifetime(Nullable`1 notBefore, Nullable`1 expires, SecurityToken securityToken, TokenValidationParameters validationParameters)
         at System.IdentityModel.Tokens.Jwt.JwtSecurityTokenHandler.ValidateLifetime(Nullable`1 notBefore, Nullable`1 expires, JwtSecurityToken jwtToken, TokenValidationParameters validationParameters)
         at System.IdentityModel.Tokens.Jwt.JwtSecurityTokenHandler.ValidateTokenPayload(JwtSecurityToken jwtToken, TokenValidationParameters validationParameters, BaseConfiguration configuration)
         at System.IdentityModel.Tokens.Jwt.JwtSecurityTokenHandler.ValidateJWS(String token, TokenValidationParameters validationParameters, BaseConfiguration currentConfiguration, SecurityToken& signatureValidatedToken, ExceptionDispatchInfo& exceptionThrown)
      --- End of stack trace from previous location ---
         at System.IdentityModel.Tokens.Jwt.JwtSecurityTokenHandler.ValidateToken(String token, JwtSecurityToken outerToken, TokenValidationParameters validationParameters, SecurityToken& signatureValidatedToken)
         at System.IdentityModel.Tokens.Jwt.JwtSecurityTokenHandler.ValidateToken(String token, TokenValidationParameters validationParameters, SecurityToken& validatedToken)
         at Diten.ApiGateway.Authentication.GatewayJwtAuthenticationHandler.HandleAuthenticateAsync() in C:\Users\user\Desktop\ERP-vNext\gateway\Diten.ApiGateway\Authentication\GatewayJwtAuthenticationHandler.cs:line 48
info: Diten.ApiGateway.Authentication.GatewayJwtAuthenticationHandler[7]
      Bearer was not authenticated. Failure message: Invalid bearer token.
warn: Diten.ApiGateway.Authentication.GatewayJwtAuthenticationHandler[0]
      Gateway JWT authentication failed.
      Microsoft.IdentityModel.Tokens.SecurityTokenNoExpirationException: IDX10225: Lifetime validation failed. The token is missing an Expiration Time. Tokentype: 'System.IdentityModel.Tokens.Jwt.JwtSecurityToken'.
         at Microsoft.IdentityModel.Tokens.ValidatorUtilities.ValidateLifetime(Nullable`1 notBefore, Nullable`1 expires, SecurityToken securityToken, TokenValidationParameters validationParameters)
         at Microsoft.IdentityModel.Tokens.Validators.ValidateLifetime(Nullable`1 notBefore, Nullable`1 expires, SecurityToken securityToken, TokenValidationParameters validationParameters)
         at System.IdentityModel.Tokens.Jwt.JwtSecurityTokenHandler.ValidateLifetime(Nullable`1 notBefore, Nullable`1 expires, JwtSecurityToken jwtToken, TokenValidationParameters validationParameters)
         at System.IdentityModel.Tokens.Jwt.JwtSecurityTokenHandler.ValidateTokenPayload(JwtSecurityToken jwtToken, TokenValidationParameters validationParameters, BaseConfiguration configuration)
         at System.IdentityModel.Tokens.Jwt.JwtSecurityTokenHandler.ValidateJWS(String token, TokenValidationParameters validationParameters, BaseConfiguration currentConfiguration, SecurityToken& signatureValidatedToken, ExceptionDispatchInfo& exceptionThrown)
      --- End of stack trace from previous location ---
         at System.IdentityModel.Tokens.Jwt.JwtSecurityTokenHandler.ValidateToken(String token, JwtSecurityToken outerToken, TokenValidationParameters validationParameters, SecurityToken& signatureValidatedToken)
         at System.IdentityModel.Tokens.Jwt.JwtSecurityTokenHandler.ValidateToken(String token, TokenValidationParameters validationParameters, SecurityToken& validatedToken)
         at Diten.ApiGateway.Authentication.GatewayJwtAuthenticationHandler.HandleAuthenticateAsync() in C:\Users\user\Desktop\ERP-vNext\gateway\Diten.ApiGateway\Authentication\GatewayJwtAuthenticationHandler.cs:line 48
info: Diten.ApiGateway.Authentication.GatewayJwtAuthenticationHandler[7]
      Bearer was not authenticated. Failure message: Invalid bearer token.
warn: Diten.ApiGateway.Authentication.GatewayJwtAuthenticationHandler[0]
      Gateway JWT authentication failed.
      Microsoft.IdentityModel.Tokens.SecurityTokenNoExpirationException: IDX10225: Lifetime validation failed. The token is missing an Expiration Time. Tokentype: 'System.IdentityModel.Tokens.Jwt.JwtSecurityToken'.
         at Microsoft.IdentityModel.Tokens.ValidatorUtilities.ValidateLifetime(Nullable`1 notBefore, Nullable`1 expires, SecurityToken securityToken, TokenValidationParameters validationParameters)
         at Microsoft.IdentityModel.Tokens.Validators.ValidateLifetime(Nullable`1 notBefore, Nullable`1 expires, SecurityToken securityToken, TokenValidationParameters validationParameters)
         at System.IdentityModel.Tokens.Jwt.JwtSecurityTokenHandler.ValidateLifetime(Nullable`1 notBefore, Nullable`1 expires, JwtSecurityToken jwtToken, TokenValidationParameters validationParameters)
         at System.IdentityModel.Tokens.Jwt.JwtSecurityTokenHandler.ValidateTokenPayload(JwtSecurityToken jwtToken, TokenValidationParameters validationParameters, BaseConfiguration configuration)
         at System.IdentityModel.Tokens.Jwt.JwtSecurityTokenHandler.ValidateJWS(String token, TokenValidationParameters validationParameters, BaseConfiguration currentConfiguration, SecurityToken& signatureValidatedToken, ExceptionDispatchInfo& exceptionThrown)
      --- End of stack trace from previous location ---
         at System.IdentityModel.Tokens.Jwt.JwtSecurityTokenHandler.ValidateToken(String token, JwtSecurityToken outerToken, TokenValidationParameters validationParameters, SecurityToken& signatureValidatedToken)
         at System.IdentityModel.Tokens.Jwt.JwtSecurityTokenHandler.ValidateToken(String token, TokenValidationParameters validationParameters, SecurityToken& validatedToken)
         at Diten.ApiGateway.Authentication.GatewayJwtAuthenticationHandler.HandleAuthenticateAsync() in C:\Users\user\Desktop\ERP-vNext\gateway\Diten.ApiGateway\Authentication\GatewayJwtAuthenticationHandler.cs:line 48
info: Diten.ApiGateway.Authentication.GatewayJwtAuthenticationHandler[7]
      Bearer was not authenticated. Failure message: Invalid bearer token.
warn: Diten.ApiGateway.Authentication.GatewayJwtAuthenticationHandler[0]
      Gateway JWT authentication failed.
      Microsoft.IdentityModel.Tokens.SecurityTokenNoExpirationException: IDX10225: Lifetime validation failed. The token is missing an Expiration Time. Tokentype: 'System.IdentityModel.Tokens.Jwt.JwtSecurityToken'.
         at Microsoft.IdentityModel.Tokens.ValidatorUtilities.ValidateLifetime(Nullable`1 notBefore, Nullable`1 expires, SecurityToken securityToken, TokenValidationParameters validationParameters)
         at Microsoft.IdentityModel.Tokens.Validators.ValidateLifetime(Nullable`1 notBefore, Nullable`1 expires, SecurityToken securityToken, TokenValidationParameters validationParameters)
         at System.IdentityModel.Tokens.Jwt.JwtSecurityTokenHandler.ValidateLifetime(Nullable`1 notBefore, Nullable`1 expires, JwtSecurityToken jwtToken, TokenValidationParameters validationParameters)
         at System.IdentityModel.Tokens.Jwt.JwtSecurityTokenHandler.ValidateTokenPayload(JwtSecurityToken jwtToken, TokenValidationParameters validationParameters, BaseConfiguration configuration)
         at System.IdentityModel.Tokens.Jwt.JwtSecurityTokenHandler.ValidateJWS(String token, TokenValidationParameters validationParameters, BaseConfiguration currentConfiguration, SecurityToken& signatureValidatedToken, ExceptionDispatchInfo& exceptionThrown)
      --- End of stack trace from previous location ---
         at System.IdentityModel.Tokens.Jwt.JwtSecurityTokenHandler.ValidateToken(String token, JwtSecurityToken outerToken, TokenValidationParameters validationParameters, SecurityToken& signatureValidatedToken)
         at System.IdentityModel.Tokens.Jwt.JwtSecurityTokenHandler.ValidateToken(String token, TokenValidationParameters validationParameters, SecurityToken& validatedToken)
         at Diten.ApiGateway.Authentication.GatewayJwtAuthenticationHandler.HandleAuthenticateAsync() in C:\Users\user\Desktop\ERP-vNext\gateway\Diten.ApiGateway\Authentication\GatewayJwtAuthenticationHandler.cs:line 48
info: Diten.ApiGateway.Authentication.GatewayJwtAuthenticationHandler[7]
      Bearer was not authenticated. Failure message: Invalid bearer token.
dbug: Ocelot.Errors.Middleware.ExceptionHandlerMiddleware[0]
      RequestId: 0HNLH3VCCAEVO:00000003, PreviousRequestId: -
      Ocelot pipeline started
dbug: Ocelot.DownstreamRouteFinder.Middleware.DownstreamRouteFinderMiddleware[0]
      RequestId: 0HNLH3VCCAEVO:00000003, PreviousRequestId: -
      Upstream URL path: /api/personalization/views
dbug: Ocelot.DownstreamRouteFinder.Middleware.DownstreamRouteFinderMiddleware[0]
      RequestId: 0HNLH3VCCAEVO:00000003, PreviousRequestId: -
      Downstream templates: /api/personalization/views
info: Ocelot.RateLimiting.RateLimitingMiddleware[0]
      RequestId: 0HNLH3VCCAEVO:00000003, PreviousRequestId: -
      Rate limiting is disabled for route '/api/personalization/views' via the EnableRateLimiting option.
info: Ocelot.Authentication.AuthenticationMiddleware[0]
      RequestId: 0HNLH3VCCAEVO:00000003, PreviousRequestId: -
      No authentication is required for the path '/api/personalization/views' in the route /api/personalization/views.
dbug: Ocelot.DownstreamUrlCreator.DownstreamUrlCreatorMiddleware[0]
      RequestId: 0HNLH3VCCAEVO:00000003, PreviousRequestId: -
      Downstream URL: http://localhost:5057/api/personalization/views?moduleKey=Platform&pageKey=Administrators
warn: Diten.ApiGateway.Authentication.GatewayJwtAuthenticationHandler[0]
      Gateway JWT authentication failed.
      Microsoft.IdentityModel.Tokens.SecurityTokenNoExpirationException: IDX10225: Lifetime validation failed. The token is missing an Expiration Time. Tokentype: 'System.IdentityModel.Tokens.Jwt.JwtSecurityToken'.
         at Microsoft.IdentityModel.Tokens.ValidatorUtilities.ValidateLifetime(Nullable`1 notBefore, Nullable`1 expires, SecurityToken securityToken, TokenValidationParameters validationParameters)
         at Microsoft.IdentityModel.Tokens.Validators.ValidateLifetime(Nullable`1 notBefore, Nullable`1 expires, SecurityToken securityToken, TokenValidationParameters validationParameters)
         at System.IdentityModel.Tokens.Jwt.JwtSecurityTokenHandler.ValidateLifetime(Nullable`1 notBefore, Nullable`1 expires, JwtSecurityToken jwtToken, TokenValidationParameters validationParameters)
         at System.IdentityModel.Tokens.Jwt.JwtSecurityTokenHandler.ValidateTokenPayload(JwtSecurityToken jwtToken, TokenValidationParameters validationParameters, BaseConfiguration configuration)
         at System.IdentityModel.Tokens.Jwt.JwtSecurityTokenHandler.ValidateJWS(String token, TokenValidationParameters validationParameters, BaseConfiguration currentConfiguration, SecurityToken& signatureValidatedToken, ExceptionDispatchInfo& exceptionThrown)
      --- End of stack trace from previous location ---
         at System.IdentityModel.Tokens.Jwt.JwtSecurityTokenHandler.ValidateToken(String token, JwtSecurityToken outerToken, TokenValidationParameters validationParameters, SecurityToken& signatureValidatedToken)
         at System.IdentityModel.Tokens.Jwt.JwtSecurityTokenHandler.ValidateToken(String token, TokenValidationParameters validationParameters, SecurityToken& validatedToken)
         at Diten.ApiGateway.Authentication.GatewayJwtAuthenticationHandler.HandleAuthenticateAsync() in C:\Users\user\Desktop\ERP-vNext\gateway\Diten.ApiGateway\Authentication\GatewayJwtAuthenticationHandler.cs:line 48
info: Diten.ApiGateway.Authentication.GatewayJwtAuthenticationHandler[7]
      Bearer was not authenticated. Failure message: Invalid bearer token.
info: Ocelot.Requester.Middleware.HttpRequesterMiddleware[0]
      RequestId: 0HNLH3VCCAEVO:00000003, PreviousRequestId: -
      200 OK status code of request URI: http://localhost:5057/api/personalization/views?moduleKey=Platform&pageKey=Administrators
dbug: Ocelot.Requester.Middleware.HttpRequesterMiddleware[0]
      RequestId: 0HNLH3VCCAEVO:00000003, PreviousRequestId: -
      Setting HTTP response message...
dbug: Ocelot.Responder.Middleware.ResponderMiddleware[0]
      RequestId: 0HNLH3VCCAEVO:00000003, PreviousRequestId: -
      No pipeline errors: setting and returning completed response...
dbug: Ocelot.Errors.Middleware.ExceptionHandlerMiddleware[0]
      RequestId: 0HNLH3VCCAEVO:00000003, PreviousRequestId: -
      Ocelot pipeline finished
warn: Diten.ApiGateway.Authentication.GatewayJwtAuthenticationHandler[0]
      Gateway JWT authentication failed.
      Microsoft.IdentityModel.Tokens.SecurityTokenNoExpirationException: IDX10225: Lifetime validation failed. The token is missing an Expiration Time. Tokentype: 'System.IdentityModel.Tokens.Jwt.JwtSecurityToken'.
         at Microsoft.IdentityModel.Tokens.ValidatorUtilities.ValidateLifetime(Nullable`1 notBefore, Nullable`1 expires, SecurityToken securityToken, TokenValidationParameters validationParameters)
         at Microsoft.IdentityModel.Tokens.Validators.ValidateLifetime(Nullable`1 notBefore, Nullable`1 expires, SecurityToken securityToken, TokenValidationParameters validationParameters)
         at System.IdentityModel.Tokens.Jwt.JwtSecurityTokenHandler.ValidateLifetime(Nullable`1 notBefore, Nullable`1 expires, JwtSecurityToken jwtToken, TokenValidationParameters validationParameters)
         at System.IdentityModel.Tokens.Jwt.JwtSecurityTokenHandler.ValidateTokenPayload(JwtSecurityToken jwtToken, TokenValidationParameters validationParameters, BaseConfiguration configuration)
         at System.IdentityModel.Tokens.Jwt.JwtSecurityTokenHandler.ValidateJWS(String token, TokenValidationParameters validationParameters, BaseConfiguration currentConfiguration, SecurityToken& signatureValidatedToken, ExceptionDispatchInfo& exceptionThrown)
      --- End of stack trace from previous location ---
         at System.IdentityModel.Tokens.Jwt.JwtSecurityTokenHandler.ValidateToken(String token, JwtSecurityToken outerToken, TokenValidationParameters validationParameters, SecurityToken& signatureValidatedToken)
         at System.IdentityModel.Tokens.Jwt.JwtSecurityTokenHandler.ValidateToken(String token, TokenValidationParameters validationParameters, SecurityToken& validatedToken)
         at Diten.ApiGateway.Authentication.GatewayJwtAuthenticationHandler.HandleAuthenticateAsync() in C:\Users\user\Desktop\ERP-vNext\gateway\Diten.ApiGateway\Authentication\GatewayJwtAuthenticationHandler.cs:line 48
info: Diten.ApiGateway.Authentication.GatewayJwtAuthenticationHandler[7]
      Bearer was not authenticated. Failure message: Invalid bearer token.
warn: Diten.ApiGateway.Authentication.GatewayJwtAuthenticationHandler[0]
      Gateway JWT authentication failed.
      Microsoft.IdentityModel.Tokens.SecurityTokenNoExpirationException: IDX10225: Lifetime validation failed. The token is missing an Expiration Time. Tokentype: 'System.IdentityModel.Tokens.Jwt.JwtSecurityToken'.
         at Microsoft.IdentityModel.Tokens.ValidatorUtilities.ValidateLifetime(Nullable`1 notBefore, Nullable`1 expires, SecurityToken securityToken, TokenValidationParameters validationParameters)
         at Microsoft.IdentityModel.Tokens.Validators.ValidateLifetime(Nullable`1 notBefore, Nullable`1 expires, SecurityToken securityToken, TokenValidationParameters validationParameters)
         at System.IdentityModel.Tokens.Jwt.JwtSecurityTokenHandler.ValidateLifetime(Nullable`1 notBefore, Nullable`1 expires, JwtSecurityToken jwtToken, TokenValidationParameters validationParameters)
         at System.IdentityModel.Tokens.Jwt.JwtSecurityTokenHandler.ValidateTokenPayload(JwtSecurityToken jwtToken, TokenValidationParameters validationParameters, BaseConfiguration configuration)
         at System.IdentityModel.Tokens.Jwt.JwtSecurityTokenHandler.ValidateJWS(String token, TokenValidationParameters validationParameters, BaseConfiguration currentConfiguration, SecurityToken& signatureValidatedToken, ExceptionDispatchInfo& exceptionThrown)
      --- End of stack trace from previous location ---
         at System.IdentityModel.Tokens.Jwt.JwtSecurityTokenHandler.ValidateToken(String token, JwtSecurityToken outerToken, TokenValidationParameters validationParameters, SecurityToken& signatureValidatedToken)
         at System.IdentityModel.Tokens.Jwt.JwtSecurityTokenHandler.ValidateToken(String token, TokenValidationParameters validationParameters, SecurityToken& validatedToken)
         at Diten.ApiGateway.Authentication.GatewayJwtAuthenticationHandler.HandleAuthenticateAsync() in C:\Users\user\Desktop\ERP-vNext\gateway\Diten.ApiGateway\Authentication\GatewayJwtAuthenticationHandler.cs:line 48
info: Diten.ApiGateway.Authentication.GatewayJwtAuthenticationHandler[7]
      Bearer was not authenticated. Failure message: Invalid bearer token.
warn: Diten.ApiGateway.Authentication.GatewayJwtAuthenticationHandler[0]
      Gateway JWT authentication failed.
      Microsoft.IdentityModel.Tokens.SecurityTokenNoExpirationException: IDX10225: Lifetime validation failed. The token is missing an Expiration Time. Tokentype: 'System.IdentityModel.Tokens.Jwt.JwtSecurityToken'.
         at Microsoft.IdentityModel.Tokens.ValidatorUtilities.ValidateLifetime(Nullable`1 notBefore, Nullable`1 expires, SecurityToken securityToken, TokenValidationParameters validationParameters)
         at Microsoft.IdentityModel.Tokens.Validators.ValidateLifetime(Nullable`1 notBefore, Nullable`1 expires, SecurityToken securityToken, TokenValidationParameters validationParameters)
         at System.IdentityModel.Tokens.Jwt.JwtSecurityTokenHandler.ValidateLifetime(Nullable`1 notBefore, Nullable`1 expires, JwtSecurityToken jwtToken, TokenValidationParameters validationParameters)
         at System.IdentityModel.Tokens.Jwt.JwtSecurityTokenHandler.ValidateTokenPayload(JwtSecurityToken jwtToken, TokenValidationParameters validationParameters, BaseConfiguration configuration)
         at System.IdentityModel.Tokens.Jwt.JwtSecurityTokenHandler.ValidateJWS(String token, TokenValidationParameters validationParameters, BaseConfiguration currentConfiguration, SecurityToken& signatureValidatedToken, ExceptionDispatchInfo& exceptionThrown)
      --- End of stack trace from previous location ---
         at System.IdentityModel.Tokens.Jwt.JwtSecurityTokenHandler.ValidateToken(String token, JwtSecurityToken outerToken, TokenValidationParameters validationParameters, SecurityToken& signatureValidatedToken)
         at System.IdentityModel.Tokens.Jwt.JwtSecurityTokenHandler.ValidateToken(String token, TokenValidationParameters validationParameters, SecurityToken& validatedToken)
         at Diten.ApiGateway.Authentication.GatewayJwtAuthenticationHandler.HandleAuthenticateAsync() in C:\Users\user\Desktop\ERP-vNext\gateway\Diten.ApiGateway\Authentication\GatewayJwtAuthenticationHandler.cs:line 48
info: Diten.ApiGateway.Authentication.GatewayJwtAuthenticationHandler[7]
      Bearer was not authenticated. Failure message: Invalid bearer token.
warn: Diten.ApiGateway.Authentication.GatewayJwtAuthenticationHandler[0]
      Gateway JWT authentication failed.
      Microsoft.IdentityModel.Tokens.SecurityTokenNoExpirationException: IDX10225: Lifetime validation failed. The token is missing an Expiration Time. Tokentype: 'System.IdentityModel.Tokens.Jwt.JwtSecurityToken'.
         at Microsoft.IdentityModel.Tokens.ValidatorUtilities.ValidateLifetime(Nullable`1 notBefore, Nullable`1 expires, SecurityToken securityToken, TokenValidationParameters validationParameters)
         at Microsoft.IdentityModel.Tokens.Validators.ValidateLifetime(Nullable`1 notBefore, Nullable`1 expires, SecurityToken securityToken, TokenValidationParameters validationParameters)
         at System.IdentityModel.Tokens.Jwt.JwtSecurityTokenHandler.ValidateLifetime(Nullable`1 notBefore, Nullable`1 expires, JwtSecurityToken jwtToken, TokenValidationParameters validationParameters)
         at System.IdentityModel.Tokens.Jwt.JwtSecurityTokenHandler.ValidateTokenPayload(JwtSecurityToken jwtToken, TokenValidationParameters validationParameters, BaseConfiguration configuration)
         at System.IdentityModel.Tokens.Jwt.JwtSecurityTokenHandler.ValidateJWS(String token, TokenValidationParameters validationParameters, BaseConfiguration currentConfiguration, SecurityToken& signatureValidatedToken, ExceptionDispatchInfo& exceptionThrown)
      --- End of stack trace from previous location ---
         at System.IdentityModel.Tokens.Jwt.JwtSecurityTokenHandler.ValidateToken(String token, JwtSecurityToken outerToken, TokenValidationParameters validationParameters, SecurityToken& signatureValidatedToken)
         at System.IdentityModel.Tokens.Jwt.JwtSecurityTokenHandler.ValidateToken(String token, TokenValidationParameters validationParameters, SecurityToken& validatedToken)
         at Diten.ApiGateway.Authentication.GatewayJwtAuthenticationHandler.HandleAuthenticateAsync() in C:\Users\user\Desktop\ERP-vNext\gateway\Diten.ApiGateway\Authentication\GatewayJwtAuthenticationHandler.cs:line 48
info: Diten.ApiGateway.Authentication.GatewayJwtAuthenticationHandler[7]
      Bearer was not authenticated. Failure message: Invalid bearer token.
warn: Diten.ApiGateway.Authentication.GatewayJwtAuthenticationHandler[0]
      Gateway JWT authentication failed.
      Microsoft.IdentityModel.Tokens.SecurityTokenNoExpirationException: IDX10225: Lifetime validation failed. The token is missing an Expiration Time. Tokentype: 'System.IdentityModel.Tokens.Jwt.JwtSecurityToken'.
         at Microsoft.IdentityModel.Tokens.ValidatorUtilities.ValidateLifetime(Nullable`1 notBefore, Nullable`1 expires, SecurityToken securityToken, TokenValidationParameters validationParameters)
         at Microsoft.IdentityModel.Tokens.Validators.ValidateLifetime(Nullable`1 notBefore, Nullable`1 expires, SecurityToken securityToken, TokenValidationParameters validationParameters)
         at System.IdentityModel.Tokens.Jwt.JwtSecurityTokenHandler.ValidateLifetime(Nullable`1 notBefore, Nullable`1 expires, JwtSecurityToken jwtToken, TokenValidationParameters validationParameters)
         at System.IdentityModel.Tokens.Jwt.JwtSecurityTokenHandler.ValidateTokenPayload(JwtSecurityToken jwtToken, TokenValidationParameters validationParameters, BaseConfiguration configuration)
         at System.IdentityModel.Tokens.Jwt.JwtSecurityTokenHandler.ValidateJWS(String token, TokenValidationParameters validationParameters, BaseConfiguration currentConfiguration, SecurityToken& signatureValidatedToken, ExceptionDispatchInfo& exceptionThrown)
      --- End of stack trace from previous location ---
         at System.IdentityModel.Tokens.Jwt.JwtSecurityTokenHandler.ValidateToken(String token, JwtSecurityToken outerToken, TokenValidationParameters validationParameters, SecurityToken& signatureValidatedToken)
         at System.IdentityModel.Tokens.Jwt.JwtSecurityTokenHandler.ValidateToken(String token, TokenValidationParameters validationParameters, SecurityToken& validatedToken)
         at Diten.ApiGateway.Authentication.GatewayJwtAuthenticationHandler.HandleAuthenticateAsync() in C:\Users\user\Desktop\ERP-vNext\gateway\Diten.ApiGateway\Authentication\GatewayJwtAuthenticationHandler.cs:line 48
info: Diten.ApiGateway.Authentication.GatewayJwtAuthenticationHandler[7]
      Bearer was not authenticated. Failure message: Invalid bearer token.
dbug: Ocelot.Errors.Middleware.ExceptionHandlerMiddleware[0]
      RequestId: 0HNLH3VCCAEVO:00000004, PreviousRequestId: -
      Ocelot pipeline started
dbug: Ocelot.DownstreamRouteFinder.Middleware.DownstreamRouteFinderMiddleware[0]
      RequestId: 0HNLH3VCCAEVO:00000004, PreviousRequestId: -
      Upstream URL path: /api/personalization/views
dbug: Ocelot.DownstreamRouteFinder.Middleware.DownstreamRouteFinderMiddleware[0]
      RequestId: 0HNLH3VCCAEVO:00000004, PreviousRequestId: -
      Downstream templates: /api/personalization/views
info: Ocelot.RateLimiting.RateLimitingMiddleware[0]
      RequestId: 0HNLH3VCCAEVO:00000004, PreviousRequestId: -
      Rate limiting is disabled for route '/api/personalization/views' via the EnableRateLimiting option.
info: Ocelot.Authentication.AuthenticationMiddleware[0]
      RequestId: 0HNLH3VCCAEVO:00000004, PreviousRequestId: -
      No authentication is required for the path '/api/personalization/views' in the route /api/personalization/views.
dbug: Ocelot.DownstreamUrlCreator.DownstreamUrlCreatorMiddleware[0]
      RequestId: 0HNLH3VCCAEVO:00000004, PreviousRequestId: -
      Downstream URL: http://localhost:5057/api/personalization/views?moduleKey=Platform&pageKey=Administrators
warn: Diten.ApiGateway.Authentication.GatewayJwtAuthenticationHandler[0]
      Gateway JWT authentication failed.
      Microsoft.IdentityModel.Tokens.SecurityTokenNoExpirationException: IDX10225: Lifetime validation failed. The token is missing an Expiration Time. Tokentype: 'System.IdentityModel.Tokens.Jwt.JwtSecurityToken'.
         at Microsoft.IdentityModel.Tokens.ValidatorUtilities.ValidateLifetime(Nullable`1 notBefore, Nullable`1 expires, SecurityToken securityToken, TokenValidationParameters validationParameters)
         at Microsoft.IdentityModel.Tokens.Validators.ValidateLifetime(Nullable`1 notBefore, Nullable`1 expires, SecurityToken securityToken, TokenValidationParameters validationParameters)
         at System.IdentityModel.Tokens.Jwt.JwtSecurityTokenHandler.ValidateLifetime(Nullable`1 notBefore, Nullable`1 expires, JwtSecurityToken jwtToken, TokenValidationParameters validationParameters)
         at System.IdentityModel.Tokens.Jwt.JwtSecurityTokenHandler.ValidateTokenPayload(JwtSecurityToken jwtToken, TokenValidationParameters validationParameters, BaseConfiguration configuration)
         at System.IdentityModel.Tokens.Jwt.JwtSecurityTokenHandler.ValidateJWS(String token, TokenValidationParameters validationParameters, BaseConfiguration currentConfiguration, SecurityToken& signatureValidatedToken, ExceptionDispatchInfo& exceptionThrown)
      --- End of stack trace from previous location ---
         at System.IdentityModel.Tokens.Jwt.JwtSecurityTokenHandler.ValidateToken(String token, JwtSecurityToken outerToken, TokenValidationParameters validationParameters, SecurityToken& signatureValidatedToken)
         at System.IdentityModel.Tokens.Jwt.JwtSecurityTokenHandler.ValidateToken(String token, TokenValidationParameters validationParameters, SecurityToken& validatedToken)
         at Diten.ApiGateway.Authentication.GatewayJwtAuthenticationHandler.HandleAuthenticateAsync() in C:\Users\user\Desktop\ERP-vNext\gateway\Diten.ApiGateway\Authentication\GatewayJwtAuthenticationHandler.cs:line 48
info: Diten.ApiGateway.Authentication.GatewayJwtAuthenticationHandler[7]
      Bearer was not authenticated. Failure message: Invalid bearer token.
info: Ocelot.Requester.Middleware.HttpRequesterMiddleware[0]
      RequestId: 0HNLH3VCCAEVO:00000004, PreviousRequestId: -
      200 OK status code of request URI: http://localhost:5057/api/personalization/views?moduleKey=Platform&pageKey=Administrators
dbug: Ocelot.Requester.Middleware.HttpRequesterMiddleware[0]
      RequestId: 0HNLH3VCCAEVO:00000004, PreviousRequestId: -
      Setting HTTP response message...
dbug: Ocelot.Responder.Middleware.ResponderMiddleware[0]
      RequestId: 0HNLH3VCCAEVO:00000004, PreviousRequestId: -
      No pipeline errors: setting and returning completed response...
dbug: Ocelot.Errors.Middleware.ExceptionHandlerMiddleware[0]
      RequestId: 0HNLH3VCCAEVO:00000004, PreviousRequestId: -
      Ocelot pipeline finished
warn: Diten.ApiGateway.Authentication.GatewayJwtAuthenticationHandler[0]
      Gateway JWT authentication failed.
      Microsoft.IdentityModel.Tokens.SecurityTokenNoExpirationException: IDX10225: Lifetime validation failed. The token is missing an Expiration Time. Tokentype: 'System.IdentityModel.Tokens.Jwt.JwtSecurityToken'.
         at Microsoft.IdentityModel.Tokens.ValidatorUtilities.ValidateLifetime(Nullable`1 notBefore, Nullable`1 expires, SecurityToken securityToken, TokenValidationParameters validationParameters)
         at Microsoft.IdentityModel.Tokens.Validators.ValidateLifetime(Nullable`1 notBefore, Nullable`1 expires, SecurityToken securityToken, TokenValidationParameters validationParameters)
         at System.IdentityModel.Tokens.Jwt.JwtSecurityTokenHandler.ValidateLifetime(Nullable`1 notBefore, Nullable`1 expires, JwtSecurityToken jwtToken, TokenValidationParameters validationParameters)
         at System.IdentityModel.Tokens.Jwt.JwtSecurityTokenHandler.ValidateTokenPayload(JwtSecurityToken jwtToken, TokenValidationParameters validationParameters, BaseConfiguration configuration)
         at System.IdentityModel.Tokens.Jwt.JwtSecurityTokenHandler.ValidateJWS(String token, TokenValidationParameters validationParameters, BaseConfiguration currentConfiguration, SecurityToken& signatureValidatedToken, ExceptionDispatchInfo& exceptionThrown)
      --- End of stack trace from previous location ---
         at System.IdentityModel.Tokens.Jwt.JwtSecurityTokenHandler.ValidateToken(String token, JwtSecurityToken outerToken, TokenValidationParameters validationParameters, SecurityToken& signatureValidatedToken)
         at System.IdentityModel.Tokens.Jwt.JwtSecurityTokenHandler.ValidateToken(String token, TokenValidationParameters validationParameters, SecurityToken& validatedToken)
         at Diten.ApiGateway.Authentication.GatewayJwtAuthenticationHandler.HandleAuthenticateAsync() in C:\Users\user\Desktop\ERP-vNext\gateway\Diten.ApiGateway\Authentication\GatewayJwtAuthenticationHandler.cs:line 48
info: Diten.ApiGateway.Authentication.GatewayJwtAuthenticationHandler[7]
      Bearer was not authenticated. Failure message: Invalid bearer token.
warn: Diten.ApiGateway.Authentication.GatewayJwtAuthenticationHandler[0]
      Gateway JWT authentication failed.
      Microsoft.IdentityModel.Tokens.SecurityTokenNoExpirationException: IDX10225: Lifetime validation failed. The token is missing an Expiration Time. Tokentype: 'System.IdentityModel.Tokens.Jwt.JwtSecurityToken'.
         at Microsoft.IdentityModel.Tokens.ValidatorUtilities.ValidateLifetime(Nullable`1 notBefore, Nullable`1 expires, SecurityToken securityToken, TokenValidationParameters validationParameters)
         at Microsoft.IdentityModel.Tokens.Validators.ValidateLifetime(Nullable`1 notBefore, Nullable`1 expires, SecurityToken securityToken, TokenValidationParameters validationParameters)
         at System.IdentityModel.Tokens.Jwt.JwtSecurityTokenHandler.ValidateLifetime(Nullable`1 notBefore, Nullable`1 expires, JwtSecurityToken jwtToken, TokenValidationParameters validationParameters)
         at System.IdentityModel.Tokens.Jwt.JwtSecurityTokenHandler.ValidateTokenPayload(JwtSecurityToken jwtToken, TokenValidationParameters validationParameters, BaseConfiguration configuration)
         at System.IdentityModel.Tokens.Jwt.JwtSecurityTokenHandler.ValidateJWS(String token, TokenValidationParameters validationParameters, BaseConfiguration currentConfiguration, SecurityToken& signatureValidatedToken, ExceptionDispatchInfo& exceptionThrown)
      --- End of stack trace from previous location ---
         at System.IdentityModel.Tokens.Jwt.JwtSecurityTokenHandler.ValidateToken(String token, JwtSecurityToken outerToken, TokenValidationParameters validationParameters, SecurityToken& signatureValidatedToken)
         at System.IdentityModel.Tokens.Jwt.JwtSecurityTokenHandler.ValidateToken(String token, TokenValidationParameters validationParameters, SecurityToken& validatedToken)
         at Diten.ApiGateway.Authentication.GatewayJwtAuthenticationHandler.HandleAuthenticateAsync() in C:\Users\user\Desktop\ERP-vNext\gateway\Diten.ApiGateway\Authentication\GatewayJwtAuthenticationHandler.cs:line 48
info: Diten.ApiGateway.Authentication.GatewayJwtAuthenticationHandler[7]
      Bearer was not authenticated. Failure message: Invalid bearer token.
warn: Diten.ApiGateway.Authentication.GatewayJwtAuthenticationHandler[0]
      Gateway JWT authentication failed.
      Microsoft.IdentityModel.Tokens.SecurityTokenNoExpirationException: IDX10225: Lifetime validation failed. The token is missing an Expiration Time. Tokentype: 'System.IdentityModel.Tokens.Jwt.JwtSecurityToken'.
         at Microsoft.IdentityModel.Tokens.ValidatorUtilities.ValidateLifetime(Nullable`1 notBefore, Nullable`1 expires, SecurityToken securityToken, TokenValidationParameters validationParameters)
         at Microsoft.IdentityModel.Tokens.Validators.ValidateLifetime(Nullable`1 notBefore, Nullable`1 expires, SecurityToken securityToken, TokenValidationParameters validationParameters)
         at System.IdentityModel.Tokens.Jwt.JwtSecurityTokenHandler.ValidateLifetime(Nullable`1 notBefore, Nullable`1 expires, JwtSecurityToken jwtToken, TokenValidationParameters validationParameters)
         at System.IdentityModel.Tokens.Jwt.JwtSecurityTokenHandler.ValidateTokenPayload(JwtSecurityToken jwtToken, TokenValidationParameters validationParameters, BaseConfiguration configuration)
         at System.IdentityModel.Tokens.Jwt.JwtSecurityTokenHandler.ValidateJWS(String token, TokenValidationParameters validationParameters, BaseConfiguration currentConfiguration, SecurityToken& signatureValidatedToken, ExceptionDispatchInfo& exceptionThrown)
      --- End of stack trace from previous location ---
         at System.IdentityModel.Tokens.Jwt.JwtSecurityTokenHandler.ValidateToken(String token, JwtSecurityToken outerToken, TokenValidationParameters validationParameters, SecurityToken& signatureValidatedToken)
         at System.IdentityModel.Tokens.Jwt.JwtSecurityTokenHandler.ValidateToken(String token, TokenValidationParameters validationParameters, SecurityToken& validatedToken)
         at Diten.ApiGateway.Authentication.GatewayJwtAuthenticationHandler.HandleAuthenticateAsync() in C:\Users\user\Desktop\ERP-vNext\gateway\Diten.ApiGateway\Authentication\GatewayJwtAuthenticationHandler.cs:line 48
info: Diten.ApiGateway.Authentication.GatewayJwtAuthenticationHandler[7]
      Bearer was not authenticated. Failure message: Invalid bearer token.
warn: Diten.ApiGateway.Authentication.GatewayJwtAuthenticationHandler[0]
      Gateway JWT authentication failed.
      Microsoft.IdentityModel.Tokens.SecurityTokenNoExpirationException: IDX10225: Lifetime validation failed. The token is missing an Expiration Time. Tokentype: 'System.IdentityModel.Tokens.Jwt.JwtSecurityToken'.
         at Microsoft.IdentityModel.Tokens.ValidatorUtilities.ValidateLifetime(Nullable`1 notBefore, Nullable`1 expires, SecurityToken securityToken, TokenValidationParameters validationParameters)
         at Microsoft.IdentityModel.Tokens.Validators.ValidateLifetime(Nullable`1 notBefore, Nullable`1 expires, SecurityToken securityToken, TokenValidationParameters validationParameters)
         at System.IdentityModel.Tokens.Jwt.JwtSecurityTokenHandler.ValidateLifetime(Nullable`1 notBefore, Nullable`1 expires, JwtSecurityToken jwtToken, TokenValidationParameters validationParameters)
         at System.IdentityModel.Tokens.Jwt.JwtSecurityTokenHandler.ValidateTokenPayload(JwtSecurityToken jwtToken, TokenValidationParameters validationParameters, BaseConfiguration configuration)
         at System.IdentityModel.Tokens.Jwt.JwtSecurityTokenHandler.ValidateJWS(String token, TokenValidationParameters validationParameters, BaseConfiguration currentConfiguration, SecurityToken& signatureValidatedToken, ExceptionDispatchInfo& exceptionThrown)
      --- End of stack trace from previous location ---
         at System.IdentityModel.Tokens.Jwt.JwtSecurityTokenHandler.ValidateToken(String token, JwtSecurityToken outerToken, TokenValidationParameters validationParameters, SecurityToken& signatureValidatedToken)
         at System.IdentityModel.Tokens.Jwt.JwtSecurityTokenHandler.ValidateToken(String token, TokenValidationParameters validationParameters, SecurityToken& validatedToken)
         at Diten.ApiGateway.Authentication.GatewayJwtAuthenticationHandler.HandleAuthenticateAsync() in C:\Users\user\Desktop\ERP-vNext\gateway\Diten.ApiGateway\Authentication\GatewayJwtAuthenticationHandler.cs:line 48
info: Diten.ApiGateway.Authentication.GatewayJwtAuthenticationHandler[7]
      Bearer was not authenticated. Failure message: Invalid bearer token.
warn: Diten.ApiGateway.Authentication.GatewayJwtAuthenticationHandler[0]
      Gateway JWT authentication failed.
      Microsoft.IdentityModel.Tokens.SecurityTokenNoExpirationException: IDX10225: Lifetime validation failed. The token is missing an Expiration Time. Tokentype: 'System.IdentityModel.Tokens.Jwt.JwtSecurityToken'.
         at Microsoft.IdentityModel.Tokens.ValidatorUtilities.ValidateLifetime(Nullable`1 notBefore, Nullable`1 expires, SecurityToken securityToken, TokenValidationParameters validationParameters)
         at Microsoft.IdentityModel.Tokens.Validators.ValidateLifetime(Nullable`1 notBefore, Nullable`1 expires, SecurityToken securityToken, TokenValidationParameters validationParameters)
         at System.IdentityModel.Tokens.Jwt.JwtSecurityTokenHandler.ValidateLifetime(Nullable`1 notBefore, Nullable`1 expires, JwtSecurityToken jwtToken, TokenValidationParameters validationParameters)
         at System.IdentityModel.Tokens.Jwt.JwtSecurityTokenHandler.ValidateTokenPayload(JwtSecurityToken jwtToken, TokenValidationParameters validationParameters, BaseConfiguration configuration)
         at System.IdentityModel.Tokens.Jwt.JwtSecurityTokenHandler.ValidateJWS(String token, TokenValidationParameters validationParameters, BaseConfiguration currentConfiguration, SecurityToken& signatureValidatedToken, ExceptionDispatchInfo& exceptionThrown)
      --- End of stack trace from previous location ---
         at System.IdentityModel.Tokens.Jwt.JwtSecurityTokenHandler.ValidateToken(String token, JwtSecurityToken outerToken, TokenValidationParameters validationParameters, SecurityToken& signatureValidatedToken)
         at System.IdentityModel.Tokens.Jwt.JwtSecurityTokenHandler.ValidateToken(String token, TokenValidationParameters validationParameters, SecurityToken& validatedToken)
         at Diten.ApiGateway.Authentication.GatewayJwtAuthenticationHandler.HandleAuthenticateAsync() in C:\Users\user\Desktop\ERP-vNext\gateway\Diten.ApiGateway\Authentication\GatewayJwtAuthenticationHandler.cs:line 48
info: Diten.ApiGateway.Authentication.GatewayJwtAuthenticationHandler[7]
      Bearer was not authenticated. Failure message: Invalid bearer token.
dbug: Ocelot.Errors.Middleware.ExceptionHandlerMiddleware[0]
      RequestId: 0HNLH3VCCAEVO:00000005, PreviousRequestId: -
      Ocelot pipeline started
dbug: Ocelot.DownstreamRouteFinder.Middleware.DownstreamRouteFinderMiddleware[0]
      RequestId: 0HNLH3VCCAEVO:00000005, PreviousRequestId: -
      Upstream URL path: /api/personalization/views
dbug: Ocelot.DownstreamRouteFinder.Middleware.DownstreamRouteFinderMiddleware[0]
      RequestId: 0HNLH3VCCAEVO:00000005, PreviousRequestId: -
      Downstream templates: /api/personalization/views
info: Ocelot.RateLimiting.RateLimitingMiddleware[0]
      RequestId: 0HNLH3VCCAEVO:00000005, PreviousRequestId: -
      Rate limiting is disabled for route '/api/personalization/views' via the EnableRateLimiting option.
info: Ocelot.Authentication.AuthenticationMiddleware[0]
      RequestId: 0HNLH3VCCAEVO:00000005, PreviousRequestId: -
      No authentication is required for the path '/api/personalization/views' in the route /api/personalization/views.
dbug: Ocelot.DownstreamUrlCreator.DownstreamUrlCreatorMiddleware[0]
      RequestId: 0HNLH3VCCAEVO:00000005, PreviousRequestId: -
      Downstream URL: http://localhost:5057/api/personalization/views?moduleKey=Platform&pageKey=Administrators
warn: Diten.ApiGateway.Authentication.GatewayJwtAuthenticationHandler[0]
      Gateway JWT authentication failed.
      Microsoft.IdentityModel.Tokens.SecurityTokenNoExpirationException: IDX10225: Lifetime validation failed. The token is missing an Expiration Time. Tokentype: 'System.IdentityModel.Tokens.Jwt.JwtSecurityToken'.
         at Microsoft.IdentityModel.Tokens.ValidatorUtilities.ValidateLifetime(Nullable`1 notBefore, Nullable`1 expires, SecurityToken securityToken, TokenValidationParameters validationParameters)
         at Microsoft.IdentityModel.Tokens.Validators.ValidateLifetime(Nullable`1 notBefore, Nullable`1 expires, SecurityToken securityToken, TokenValidationParameters validationParameters)
         at System.IdentityModel.Tokens.Jwt.JwtSecurityTokenHandler.ValidateLifetime(Nullable`1 notBefore, Nullable`1 expires, JwtSecurityToken jwtToken, TokenValidationParameters validationParameters)
         at System.IdentityModel.Tokens.Jwt.JwtSecurityTokenHandler.ValidateTokenPayload(JwtSecurityToken jwtToken, TokenValidationParameters validationParameters, BaseConfiguration configuration)
         at System.IdentityModel.Tokens.Jwt.JwtSecurityTokenHandler.ValidateJWS(String token, TokenValidationParameters validationParameters, BaseConfiguration currentConfiguration, SecurityToken& signatureValidatedToken, ExceptionDispatchInfo& exceptionThrown)
      --- End of stack trace from previous location ---
         at System.IdentityModel.Tokens.Jwt.JwtSecurityTokenHandler.ValidateToken(String token, JwtSecurityToken outerToken, TokenValidationParameters validationParameters, SecurityToken& signatureValidatedToken)
         at System.IdentityModel.Tokens.Jwt.JwtSecurityTokenHandler.ValidateToken(String token, TokenValidationParameters validationParameters, SecurityToken& validatedToken)
         at Diten.ApiGateway.Authentication.GatewayJwtAuthenticationHandler.HandleAuthenticateAsync() in C:\Users\user\Desktop\ERP-vNext\gateway\Diten.ApiGateway\Authentication\GatewayJwtAuthenticationHandler.cs:line 48
info: Diten.ApiGateway.Authentication.GatewayJwtAuthenticationHandler[7]
      Bearer was not authenticated. Failure message: Invalid bearer token.
info: Ocelot.Requester.Middleware.HttpRequesterMiddleware[0]
      RequestId: 0HNLH3VCCAEVO:00000005, PreviousRequestId: -
      200 OK status code of request URI: http://localhost:5057/api/personalization/views?moduleKey=Platform&pageKey=Administrators
dbug: Ocelot.Requester.Middleware.HttpRequesterMiddleware[0]
      RequestId: 0HNLH3VCCAEVO:00000005, PreviousRequestId: -
      Setting HTTP response message...
dbug: Ocelot.Responder.Middleware.ResponderMiddleware[0]
      RequestId: 0HNLH3VCCAEVO:00000005, PreviousRequestId: -
      No pipeline errors: setting and returning completed response...
dbug: Ocelot.Errors.Middleware.ExceptionHandlerMiddleware[0]
      RequestId: 0HNLH3VCCAEVO:00000005, PreviousRequestId: -
      Ocelot pipeline finished
warn: Diten.ApiGateway.Authentication.GatewayJwtAuthenticationHandler[0]
      Gateway JWT authentication failed.
      Microsoft.IdentityModel.Tokens.SecurityTokenNoExpirationException: IDX10225: Lifetime validation failed. The token is missing an Expiration Time. Tokentype: 'System.IdentityModel.Tokens.Jwt.JwtSecurityToken'.
         at Microsoft.IdentityModel.Tokens.ValidatorUtilities.ValidateLifetime(Nullable`1 notBefore, Nullable`1 expires, SecurityToken securityToken, TokenValidationParameters validationParameters)
         at Microsoft.IdentityModel.Tokens.Validators.ValidateLifetime(Nullable`1 notBefore, Nullable`1 expires, SecurityToken securityToken, TokenValidationParameters validationParameters)
         at System.IdentityModel.Tokens.Jwt.JwtSecurityTokenHandler.ValidateLifetime(Nullable`1 notBefore, Nullable`1 expires, JwtSecurityToken jwtToken, TokenValidationParameters validationParameters)
         at System.IdentityModel.Tokens.Jwt.JwtSecurityTokenHandler.ValidateTokenPayload(JwtSecurityToken jwtToken, TokenValidationParameters validationParameters, BaseConfiguration configuration)
         at System.IdentityModel.Tokens.Jwt.JwtSecurityTokenHandler.ValidateJWS(String token, TokenValidationParameters validationParameters, BaseConfiguration currentConfiguration, SecurityToken& signatureValidatedToken, ExceptionDispatchInfo& exceptionThrown)
      --- End of stack trace from previous location ---
         at System.IdentityModel.Tokens.Jwt.JwtSecurityTokenHandler.ValidateToken(String token, JwtSecurityToken outerToken, TokenValidationParameters validationParameters, SecurityToken& signatureValidatedToken)
         at System.IdentityModel.Tokens.Jwt.JwtSecurityTokenHandler.ValidateToken(String token, TokenValidationParameters validationParameters, SecurityToken& validatedToken)
         at Diten.ApiGateway.Authentication.GatewayJwtAuthenticationHandler.HandleAuthenticateAsync() in C:\Users\user\Desktop\ERP-vNext\gateway\Diten.ApiGateway\Authentication\GatewayJwtAuthenticationHandler.cs:line 48
info: Diten.ApiGateway.Authentication.GatewayJwtAuthenticationHandler[7]
      Bearer was not authenticated. Failure message: Invalid bearer token.
warn: Diten.ApiGateway.Authentication.GatewayJwtAuthenticationHandler[0]
      Gateway JWT authentication failed.
      Microsoft.IdentityModel.Tokens.SecurityTokenNoExpirationException: IDX10225: Lifetime validation failed. The token is missing an Expiration Time. Tokentype: 'System.IdentityModel.Tokens.Jwt.JwtSecurityToken'.
         at Microsoft.IdentityModel.Tokens.ValidatorUtilities.ValidateLifetime(Nullable`1 notBefore, Nullable`1 expires, SecurityToken securityToken, TokenValidationParameters validationParameters)
         at Microsoft.IdentityModel.Tokens.Validators.ValidateLifetime(Nullable`1 notBefore, Nullable`1 expires, SecurityToken securityToken, TokenValidationParameters validationParameters)
         at System.IdentityModel.Tokens.Jwt.JwtSecurityTokenHandler.ValidateLifetime(Nullable`1 notBefore, Nullable`1 expires, JwtSecurityToken jwtToken, TokenValidationParameters validationParameters)
         at System.IdentityModel.Tokens.Jwt.JwtSecurityTokenHandler.ValidateTokenPayload(JwtSecurityToken jwtToken, TokenValidationParameters validationParameters, BaseConfiguration configuration)
         at System.IdentityModel.Tokens.Jwt.JwtSecurityTokenHandler.ValidateJWS(String token, TokenValidationParameters validationParameters, BaseConfiguration currentConfiguration, SecurityToken& signatureValidatedToken, ExceptionDispatchInfo& exceptionThrown)
      --- End of stack trace from previous location ---
         at System.IdentityModel.Tokens.Jwt.JwtSecurityTokenHandler.ValidateToken(String token, JwtSecurityToken outerToken, TokenValidationParameters validationParameters, SecurityToken& signatureValidatedToken)
         at System.IdentityModel.Tokens.Jwt.JwtSecurityTokenHandler.ValidateToken(String token, TokenValidationParameters validationParameters, SecurityToken& validatedToken)
         at Diten.ApiGateway.Authentication.GatewayJwtAuthenticationHandler.HandleAuthenticateAsync() in C:\Users\user\Desktop\ERP-vNext\gateway\Diten.ApiGateway\Authentication\GatewayJwtAuthenticationHandler.cs:line 48
info: Diten.ApiGateway.Authentication.GatewayJwtAuthenticationHandler[7]
      Bearer was not authenticated. Failure message: Invalid bearer token.
warn: Diten.ApiGateway.Authentication.GatewayJwtAuthenticationHandler[0]
      Gateway JWT authentication failed.
      Microsoft.IdentityModel.Tokens.SecurityTokenNoExpirationException: IDX10225: Lifetime validation failed. The token is missing an Expiration Time. Tokentype: 'System.IdentityModel.Tokens.Jwt.JwtSecurityToken'.
         at Microsoft.IdentityModel.Tokens.ValidatorUtilities.ValidateLifetime(Nullable`1 notBefore, Nullable`1 expires, SecurityToken securityToken, TokenValidationParameters validationParameters)
         at Microsoft.IdentityModel.Tokens.Validators.ValidateLifetime(Nullable`1 notBefore, Nullable`1 expires, SecurityToken securityToken, TokenValidationParameters validationParameters)
         at System.IdentityModel.Tokens.Jwt.JwtSecurityTokenHandler.ValidateLifetime(Nullable`1 notBefore, Nullable`1 expires, JwtSecurityToken jwtToken, TokenValidationParameters validationParameters)
         at System.IdentityModel.Tokens.Jwt.JwtSecurityTokenHandler.ValidateTokenPayload(JwtSecurityToken jwtToken, TokenValidationParameters validationParameters, BaseConfiguration configuration)
         at System.IdentityModel.Tokens.Jwt.JwtSecurityTokenHandler.ValidateJWS(String token, TokenValidationParameters validationParameters, BaseConfiguration currentConfiguration, SecurityToken& signatureValidatedToken, ExceptionDispatchInfo& exceptionThrown)
      --- End of stack trace from previous location ---
         at System.IdentityModel.Tokens.Jwt.JwtSecurityTokenHandler.ValidateToken(String token, JwtSecurityToken outerToken, TokenValidationParameters validationParameters, SecurityToken& signatureValidatedToken)
         at System.IdentityModel.Tokens.Jwt.JwtSecurityTokenHandler.ValidateToken(String token, TokenValidationParameters validationParameters, SecurityToken& validatedToken)
         at Diten.ApiGateway.Authentication.GatewayJwtAuthenticationHandler.HandleAuthenticateAsync() in C:\Users\user\Desktop\ERP-vNext\gateway\Diten.ApiGateway\Authentication\GatewayJwtAuthenticationHandler.cs:line 48
info: Diten.ApiGateway.Authentication.GatewayJwtAuthenticationHandler[7]
      Bearer was not authenticated. Failure message: Invalid bearer token.
warn: Diten.ApiGateway.Authentication.GatewayJwtAuthenticationHandler[0]
      Gateway JWT authentication failed.
      Microsoft.IdentityModel.Tokens.SecurityTokenNoExpirationException: IDX10225: Lifetime validation failed. The token is missing an Expiration Time. Tokentype: 'System.IdentityModel.Tokens.Jwt.JwtSecurityToken'.
         at Microsoft.IdentityModel.Tokens.ValidatorUtilities.ValidateLifetime(Nullable`1 notBefore, Nullable`1 expires, SecurityToken securityToken, TokenValidationParameters validationParameters)
         at Microsoft.IdentityModel.Tokens.Validators.ValidateLifetime(Nullable`1 notBefore, Nullable`1 expires, SecurityToken securityToken, TokenValidationParameters validationParameters)
         at System.IdentityModel.Tokens.Jwt.JwtSecurityTokenHandler.ValidateLifetime(Nullable`1 notBefore, Nullable`1 expires, JwtSecurityToken jwtToken, TokenValidationParameters validationParameters)
         at System.IdentityModel.Tokens.Jwt.JwtSecurityTokenHandler.ValidateTokenPayload(JwtSecurityToken jwtToken, TokenValidationParameters validationParameters, BaseConfiguration configuration)
         at System.IdentityModel.Tokens.Jwt.JwtSecurityTokenHandler.ValidateJWS(String token, TokenValidationParameters validationParameters, BaseConfiguration currentConfiguration, SecurityToken& signatureValidatedToken, ExceptionDispatchInfo& exceptionThrown)
      --- End of stack trace from previous location ---
         at System.IdentityModel.Tokens.Jwt.JwtSecurityTokenHandler.ValidateToken(String token, JwtSecurityToken outerToken, TokenValidationParameters validationParameters, SecurityToken& signatureValidatedToken)
         at System.IdentityModel.Tokens.Jwt.JwtSecurityTokenHandler.ValidateToken(String token, TokenValidationParameters validationParameters, SecurityToken& validatedToken)
         at Diten.ApiGateway.Authentication.GatewayJwtAuthenticationHandler.HandleAuthenticateAsync() in C:\Users\user\Desktop\ERP-vNext\gateway\Diten.ApiGateway\Authentication\GatewayJwtAuthenticationHandler.cs:line 48
info: Diten.ApiGateway.Authentication.GatewayJwtAuthenticationHandler[7]
      Bearer was not authenticated. Failure message: Invalid bearer token.
warn: Diten.ApiGateway.Authentication.GatewayJwtAuthenticationHandler[0]
      Gateway JWT authentication failed.
      Microsoft.IdentityModel.Tokens.SecurityTokenNoExpirationException: IDX10225: Lifetime validation failed. The token is missing an Expiration Time. Tokentype: 'System.IdentityModel.Tokens.Jwt.JwtSecurityToken'.
         at Microsoft.IdentityModel.Tokens.ValidatorUtilities.ValidateLifetime(Nullable`1 notBefore, Nullable`1 expires, SecurityToken securityToken, TokenValidationParameters validationParameters)
         at Microsoft.IdentityModel.Tokens.Validators.ValidateLifetime(Nullable`1 notBefore, Nullable`1 expires, SecurityToken securityToken, TokenValidationParameters validationParameters)
         at System.IdentityModel.Tokens.Jwt.JwtSecurityTokenHandler.ValidateLifetime(Nullable`1 notBefore, Nullable`1 expires, JwtSecurityToken jwtToken, TokenValidationParameters validationParameters)
         at System.IdentityModel.Tokens.Jwt.JwtSecurityTokenHandler.ValidateTokenPayload(JwtSecurityToken jwtToken, TokenValidationParameters validationParameters, BaseConfiguration configuration)
         at System.IdentityModel.Tokens.Jwt.JwtSecurityTokenHandler.ValidateJWS(String token, TokenValidationParameters validationParameters, BaseConfiguration currentConfiguration, SecurityToken& signatureValidatedToken, ExceptionDispatchInfo& exceptionThrown)
      --- End of stack trace from previous location ---
         at System.IdentityModel.Tokens.Jwt.JwtSecurityTokenHandler.ValidateToken(String token, JwtSecurityToken outerToken, TokenValidationParameters validationParameters, SecurityToken& signatureValidatedToken)
         at System.IdentityModel.Tokens.Jwt.JwtSecurityTokenHandler.ValidateToken(String token, TokenValidationParameters validationParameters, SecurityToken& validatedToken)
         at Diten.ApiGateway.Authentication.GatewayJwtAuthenticationHandler.HandleAuthenticateAsync() in C:\Users\user\Desktop\ERP-vNext\gateway\Diten.ApiGateway\Authentication\GatewayJwtAuthenticationHandler.cs:line 48
info: Diten.ApiGateway.Authentication.GatewayJwtAuthenticationHandler[7]
      Bearer was not authenticated. Failure message: Invalid bearer token.
dbug: Ocelot.Errors.Middleware.ExceptionHandlerMiddleware[0]
      RequestId: 0HNLH3VCCAEVQ:00000001, PreviousRequestId: -
      Ocelot pipeline started
dbug: Ocelot.DownstreamRouteFinder.Middleware.DownstreamRouteFinderMiddleware[0]
      RequestId: 0HNLH3VCCAEVQ:00000001, PreviousRequestId: -
      Upstream URL path: /api/auth/logout
dbug: Ocelot.DownstreamRouteFinder.Middleware.DownstreamRouteFinderMiddleware[0]
      RequestId: 0HNLH3VCCAEVQ:00000001, PreviousRequestId: -
      Downstream templates: /api/auth/{everything}
info: Ocelot.RateLimiting.RateLimitingMiddleware[0]
      RequestId: 0HNLH3VCCAEVQ:00000001, PreviousRequestId: -
      Rate limiting is disabled for route '/api/auth/{everything}' via the EnableRateLimiting option.
info: Ocelot.Authentication.AuthenticationMiddleware[0]
      RequestId: 0HNLH3VCCAEVQ:00000001, PreviousRequestId: -
      No authentication is required for the path '/api/auth/logout' in the route /api/auth/{everything}.
dbug: Ocelot.DownstreamUrlCreator.DownstreamUrlCreatorMiddleware[0]
      RequestId: 0HNLH3VCCAEVQ:00000001, PreviousRequestId: -
      Downstream URL: http://localhost:5056/api/auth/logout
warn: Ocelot.Requester.Middleware.HttpRequesterMiddleware[0]
      RequestId: 0HNLH3VCCAEVQ:00000001, PreviousRequestId: -
      401 Unauthorized status code of request URI: http://localhost:5056/api/auth/logout
dbug: Ocelot.Requester.Middleware.HttpRequesterMiddleware[0]
      RequestId: 0HNLH3VCCAEVQ:00000001, PreviousRequestId: -
      Setting HTTP response message...
dbug: Ocelot.Responder.Middleware.ResponderMiddleware[0]
      RequestId: 0HNLH3VCCAEVQ:00000001, PreviousRequestId: -
      No pipeline errors: setting and returning completed response...
dbug: Ocelot.Errors.Middleware.ExceptionHandlerMiddleware[0]
      RequestId: 0HNLH3VCCAEVQ:00000001, PreviousRequestId: -
      Ocelot pipeline finished
dbug: Ocelot.Errors.Middleware.ExceptionHandlerMiddleware[0]
      RequestId: 0HNLH3VCCAEVQ:00000002, PreviousRequestId: -
      Ocelot pipeline started
dbug: Ocelot.DownstreamRouteFinder.Middleware.DownstreamRouteFinderMiddleware[0]
      RequestId: 0HNLH3VCCAEVQ:00000002, PreviousRequestId: -
      Upstream URL path: /api/platform-auth/login
dbug: Ocelot.DownstreamRouteFinder.Middleware.DownstreamRouteFinderMiddleware[0]
      RequestId: 0HNLH3VCCAEVQ:00000002, PreviousRequestId: -
      Downstream templates: /api/platform-auth/{everything}
info: Ocelot.RateLimiting.RateLimitingMiddleware[0]
      RequestId: 0HNLH3VCCAEVQ:00000002, PreviousRequestId: -
      Rate limiting is disabled for route '/api/platform-auth/{everything}' via the EnableRateLimiting option.
info: Ocelot.Authentication.AuthenticationMiddleware[0]
      RequestId: 0HNLH3VCCAEVQ:00000002, PreviousRequestId: -
      No authentication is required for the path '/api/platform-auth/login' in the route /api/platform-auth/{everything}.
dbug: Ocelot.DownstreamUrlCreator.DownstreamUrlCreatorMiddleware[0]
      RequestId: 0HNLH3VCCAEVQ:00000002, PreviousRequestId: -
      Downstream URL: http://localhost:5056/api/platform-auth/login
info: Ocelot.Requester.Middleware.HttpRequesterMiddleware[0]
      RequestId: 0HNLH3VCCAEVQ:00000002, PreviousRequestId: -
      200 OK status code of request URI: http://localhost:5056/api/platform-auth/login
dbug: Ocelot.Requester.Middleware.HttpRequesterMiddleware[0]
      RequestId: 0HNLH3VCCAEVQ:00000002, PreviousRequestId: -
      Setting HTTP response message...
dbug: Ocelot.Responder.Middleware.ResponderMiddleware[0]
      RequestId: 0HNLH3VCCAEVQ:00000002, PreviousRequestId: -
      No pipeline errors: setting and returning completed response...
dbug: Ocelot.Errors.Middleware.ExceptionHandlerMiddleware[0]
      RequestId: 0HNLH3VCCAEVQ:00000002, PreviousRequestId: -
      Ocelot pipeline finished
warn: Diten.ApiGateway.Authentication.GatewayJwtAuthenticationHandler[0]
      Gateway JWT authentication failed.
      Microsoft.IdentityModel.Tokens.SecurityTokenNoExpirationException: IDX10225: Lifetime validation failed. The token is missing an Expiration Time. Tokentype: 'System.IdentityModel.Tokens.Jwt.JwtSecurityToken'.
         at Microsoft.IdentityModel.Tokens.ValidatorUtilities.ValidateLifetime(Nullable`1 notBefore, Nullable`1 expires, SecurityToken securityToken, TokenValidationParameters validationParameters)
         at Microsoft.IdentityModel.Tokens.Validators.ValidateLifetime(Nullable`1 notBefore, Nullable`1 expires, SecurityToken securityToken, TokenValidationParameters validationParameters)
         at System.IdentityModel.Tokens.Jwt.JwtSecurityTokenHandler.ValidateLifetime(Nullable`1 notBefore, Nullable`1 expires, JwtSecurityToken jwtToken, TokenValidationParameters validationParameters)
         at System.IdentityModel.Tokens.Jwt.JwtSecurityTokenHandler.ValidateTokenPayload(JwtSecurityToken jwtToken, TokenValidationParameters validationParameters, BaseConfiguration configuration)
         at System.IdentityModel.Tokens.Jwt.JwtSecurityTokenHandler.ValidateJWS(String token, TokenValidationParameters validationParameters, BaseConfiguration currentConfiguration, SecurityToken& signatureValidatedToken, ExceptionDispatchInfo& exceptionThrown)
      --- End of stack trace from previous location ---
         at System.IdentityModel.Tokens.Jwt.JwtSecurityTokenHandler.ValidateToken(String token, JwtSecurityToken outerToken, TokenValidationParameters validationParameters, SecurityToken& signatureValidatedToken)
         at System.IdentityModel.Tokens.Jwt.JwtSecurityTokenHandler.ValidateToken(String token, TokenValidationParameters validationParameters, SecurityToken& validatedToken)
         at Diten.ApiGateway.Authentication.GatewayJwtAuthenticationHandler.HandleAuthenticateAsync() in C:\Users\user\Desktop\ERP-vNext\gateway\Diten.ApiGateway\Authentication\GatewayJwtAuthenticationHandler.cs:line 48
info: Diten.ApiGateway.Authentication.GatewayJwtAuthenticationHandler[7]
      Bearer was not authenticated. Failure message: Invalid bearer token.
dbug: Ocelot.Errors.Middleware.ExceptionHandlerMiddleware[0]
      RequestId: 0HNLH3VCCAEVO:00000006, PreviousRequestId: -
      Ocelot pipeline started
dbug: Ocelot.DownstreamRouteFinder.Middleware.DownstreamRouteFinderMiddleware[0]
      RequestId: 0HNLH3VCCAEVO:00000006, PreviousRequestId: -
      Upstream URL path: /api/personalization/views
dbug: Ocelot.DownstreamRouteFinder.Middleware.DownstreamRouteFinderMiddleware[0]
      RequestId: 0HNLH3VCCAEVO:00000006, PreviousRequestId: -
      Downstream templates: /api/personalization/views
info: Ocelot.RateLimiting.RateLimitingMiddleware[0]
      RequestId: 0HNLH3VCCAEVO:00000006, PreviousRequestId: -
      Rate limiting is disabled for route '/api/personalization/views' via the EnableRateLimiting option.
info: Ocelot.Authentication.AuthenticationMiddleware[0]
      RequestId: 0HNLH3VCCAEVO:00000006, PreviousRequestId: -
      No authentication is required for the path '/api/personalization/views' in the route /api/personalization/views.
dbug: Ocelot.DownstreamUrlCreator.DownstreamUrlCreatorMiddleware[0]
      RequestId: 0HNLH3VCCAEVO:00000006, PreviousRequestId: -
      Downstream URL: http://localhost:5057/api/personalization/views?moduleKey=Platform&pageKey=Tenants
info: Ocelot.Requester.Middleware.HttpRequesterMiddleware[0]
      RequestId: 0HNLH3VCCAEVO:00000006, PreviousRequestId: -
      200 OK status code of request URI: http://localhost:5057/api/personalization/views?moduleKey=Platform&pageKey=Tenants
dbug: Ocelot.Requester.Middleware.HttpRequesterMiddleware[0]
      RequestId: 0HNLH3VCCAEVO:00000006, PreviousRequestId: -
      Setting HTTP response message...
dbug: Ocelot.Responder.Middleware.ResponderMiddleware[0]
      RequestId: 0HNLH3VCCAEVO:00000006, PreviousRequestId: -
      No pipeline errors: setting and returning completed response...
dbug: Ocelot.Errors.Middleware.ExceptionHandlerMiddleware[0]
      RequestId: 0HNLH3VCCAEVO:00000006, PreviousRequestId: -
      Ocelot pipeline finished
warn: Diten.ApiGateway.Authentication.GatewayJwtAuthenticationHandler[0]
      Gateway JWT authentication failed.
      Microsoft.IdentityModel.Tokens.SecurityTokenNoExpirationException: IDX10225: Lifetime validation failed. The token is missing an Expiration Time. Tokentype: 'System.IdentityModel.Tokens.Jwt.JwtSecurityToken'.
         at Microsoft.IdentityModel.Tokens.ValidatorUtilities.ValidateLifetime(Nullable`1 notBefore, Nullable`1 expires, SecurityToken securityToken, TokenValidationParameters validationParameters)
         at Microsoft.IdentityModel.Tokens.Validators.ValidateLifetime(Nullable`1 notBefore, Nullable`1 expires, SecurityToken securityToken, TokenValidationParameters validationParameters)
         at System.IdentityModel.Tokens.Jwt.JwtSecurityTokenHandler.ValidateLifetime(Nullable`1 notBefore, Nullable`1 expires, JwtSecurityToken jwtToken, TokenValidationParameters validationParameters)
         at System.IdentityModel.Tokens.Jwt.JwtSecurityTokenHandler.ValidateTokenPayload(JwtSecurityToken jwtToken, TokenValidationParameters validationParameters, BaseConfiguration configuration)
         at System.IdentityModel.Tokens.Jwt.JwtSecurityTokenHandler.ValidateJWS(String token, TokenValidationParameters validationParameters, BaseConfiguration currentConfiguration, SecurityToken& signatureValidatedToken, ExceptionDispatchInfo& exceptionThrown)
      --- End of stack trace from previous location ---
         at System.IdentityModel.Tokens.Jwt.JwtSecurityTokenHandler.ValidateToken(String token, JwtSecurityToken outerToken, TokenValidationParameters validationParameters, SecurityToken& signatureValidatedToken)
         at System.IdentityModel.Tokens.Jwt.JwtSecurityTokenHandler.ValidateToken(String token, TokenValidationParameters validationParameters, SecurityToken& validatedToken)
         at Diten.ApiGateway.Authentication.GatewayJwtAuthenticationHandler.HandleAuthenticateAsync() in C:\Users\user\Desktop\ERP-vNext\gateway\Diten.ApiGateway\Authentication\GatewayJwtAuthenticationHandler.cs:line 48
info: Diten.ApiGateway.Authentication.GatewayJwtAuthenticationHandler[7]
      Bearer was not authenticated. Failure message: Invalid bearer token.
warn: Diten.ApiGateway.Authentication.GatewayJwtAuthenticationHandler[0]
      Gateway JWT authentication failed.
      Microsoft.IdentityModel.Tokens.SecurityTokenNoExpirationException: IDX10225: Lifetime validation failed. The token is missing an Expiration Time. Tokentype: 'System.IdentityModel.Tokens.Jwt.JwtSecurityToken'.
         at Microsoft.IdentityModel.Tokens.ValidatorUtilities.ValidateLifetime(Nullable`1 notBefore, Nullable`1 expires, SecurityToken securityToken, TokenValidationParameters validationParameters)
         at Microsoft.IdentityModel.Tokens.Validators.ValidateLifetime(Nullable`1 notBefore, Nullable`1 expires, SecurityToken securityToken, TokenValidationParameters validationParameters)
         at System.IdentityModel.Tokens.Jwt.JwtSecurityTokenHandler.ValidateLifetime(Nullable`1 notBefore, Nullable`1 expires, JwtSecurityToken jwtToken, TokenValidationParameters validationParameters)
         at System.IdentityModel.Tokens.Jwt.JwtSecurityTokenHandler.ValidateTokenPayload(JwtSecurityToken jwtToken, TokenValidationParameters validationParameters, BaseConfiguration configuration)
         at System.IdentityModel.Tokens.Jwt.JwtSecurityTokenHandler.ValidateJWS(String token, TokenValidationParameters validationParameters, BaseConfiguration currentConfiguration, SecurityToken& signatureValidatedToken, ExceptionDispatchInfo& exceptionThrown)
      --- End of stack trace from previous location ---
         at System.IdentityModel.Tokens.Jwt.JwtSecurityTokenHandler.ValidateToken(String token, JwtSecurityToken outerToken, TokenValidationParameters validationParameters, SecurityToken& signatureValidatedToken)
         at System.IdentityModel.Tokens.Jwt.JwtSecurityTokenHandler.ValidateToken(String token, TokenValidationParameters validationParameters, SecurityToken& validatedToken)
         at Diten.ApiGateway.Authentication.GatewayJwtAuthenticationHandler.HandleAuthenticateAsync() in C:\Users\user\Desktop\ERP-vNext\gateway\Diten.ApiGateway\Authentication\GatewayJwtAuthenticationHandler.cs:line 48
info: Diten.ApiGateway.Authentication.GatewayJwtAuthenticationHandler[7]
      Bearer was not authenticated. Failure message: Invalid bearer token.
dbug: Ocelot.Errors.Middleware.ExceptionHandlerMiddleware[0]
      RequestId: 0HNLH3VCCAEVO:00000007, PreviousRequestId: -
      Ocelot pipeline started
dbug: Ocelot.DownstreamRouteFinder.Middleware.DownstreamRouteFinderMiddleware[0]
      RequestId: 0HNLH3VCCAEVO:00000007, PreviousRequestId: -
      Upstream URL path: /api/personalization/views
dbug: Ocelot.DownstreamRouteFinder.Middleware.DownstreamRouteFinderMiddleware[0]
      RequestId: 0HNLH3VCCAEVO:00000007, PreviousRequestId: -
      Downstream templates: /api/personalization/views
info: Ocelot.RateLimiting.RateLimitingMiddleware[0]
      RequestId: 0HNLH3VCCAEVO:00000007, PreviousRequestId: -
      Rate limiting is disabled for route '/api/personalization/views' via the EnableRateLimiting option.
info: Ocelot.Authentication.AuthenticationMiddleware[0]
      RequestId: 0HNLH3VCCAEVO:00000007, PreviousRequestId: -
      No authentication is required for the path '/api/personalization/views' in the route /api/personalization/views.
dbug: Ocelot.DownstreamUrlCreator.DownstreamUrlCreatorMiddleware[0]
      RequestId: 0HNLH3VCCAEVO:00000007, PreviousRequestId: -
      Downstream URL: http://localhost:5057/api/personalization/views?moduleKey=Platform&pageKey=Administrators
warn: Diten.ApiGateway.Authentication.GatewayJwtAuthenticationHandler[0]
      Gateway JWT authentication failed.
      Microsoft.IdentityModel.Tokens.SecurityTokenNoExpirationException: IDX10225: Lifetime validation failed. The token is missing an Expiration Time. Tokentype: 'System.IdentityModel.Tokens.Jwt.JwtSecurityToken'.
         at Microsoft.IdentityModel.Tokens.ValidatorUtilities.ValidateLifetime(Nullable`1 notBefore, Nullable`1 expires, SecurityToken securityToken, TokenValidationParameters validationParameters)
         at Microsoft.IdentityModel.Tokens.Validators.ValidateLifetime(Nullable`1 notBefore, Nullable`1 expires, SecurityToken securityToken, TokenValidationParameters validationParameters)
         at System.IdentityModel.Tokens.Jwt.JwtSecurityTokenHandler.ValidateLifetime(Nullable`1 notBefore, Nullable`1 expires, JwtSecurityToken jwtToken, TokenValidationParameters validationParameters)
         at System.IdentityModel.Tokens.Jwt.JwtSecurityTokenHandler.ValidateTokenPayload(JwtSecurityToken jwtToken, TokenValidationParameters validationParameters, BaseConfiguration configuration)
         at System.IdentityModel.Tokens.Jwt.JwtSecurityTokenHandler.ValidateJWS(String token, TokenValidationParameters validationParameters, BaseConfiguration currentConfiguration, SecurityToken& signatureValidatedToken, ExceptionDispatchInfo& exceptionThrown)
      --- End of stack trace from previous location ---
         at System.IdentityModel.Tokens.Jwt.JwtSecurityTokenHandler.ValidateToken(String token, JwtSecurityToken outerToken, TokenValidationParameters validationParameters, SecurityToken& signatureValidatedToken)
         at System.IdentityModel.Tokens.Jwt.JwtSecurityTokenHandler.ValidateToken(String token, TokenValidationParameters validationParameters, SecurityToken& validatedToken)
         at Diten.ApiGateway.Authentication.GatewayJwtAuthenticationHandler.HandleAuthenticateAsync() in C:\Users\user\Desktop\ERP-vNext\gateway\Diten.ApiGateway\Authentication\GatewayJwtAuthenticationHandler.cs:line 48
info: Diten.ApiGateway.Authentication.GatewayJwtAuthenticationHandler[7]
      Bearer was not authenticated. Failure message: Invalid bearer token.
info: Ocelot.Requester.Middleware.HttpRequesterMiddleware[0]
      RequestId: 0HNLH3VCCAEVO:00000007, PreviousRequestId: -
      200 OK status code of request URI: http://localhost:5057/api/personalization/views?moduleKey=Platform&pageKey=Administrators
dbug: Ocelot.Requester.Middleware.HttpRequesterMiddleware[0]
      RequestId: 0HNLH3VCCAEVO:00000007, PreviousRequestId: -
      Setting HTTP response message...
dbug: Ocelot.Responder.Middleware.ResponderMiddleware[0]
      RequestId: 0HNLH3VCCAEVO:00000007, PreviousRequestId: -
      No pipeline errors: setting and returning completed response...
dbug: Ocelot.Errors.Middleware.ExceptionHandlerMiddleware[0]
      RequestId: 0HNLH3VCCAEVO:00000007, PreviousRequestId: -
      Ocelot pipeline finished
warn: Diten.ApiGateway.Authentication.GatewayJwtAuthenticationHandler[0]
      Gateway JWT authentication failed.
      Microsoft.IdentityModel.Tokens.SecurityTokenNoExpirationException: IDX10225: Lifetime validation failed. The token is missing an Expiration Time. Tokentype: 'System.IdentityModel.Tokens.Jwt.JwtSecurityToken'.
         at Microsoft.IdentityModel.Tokens.ValidatorUtilities.ValidateLifetime(Nullable`1 notBefore, Nullable`1 expires, SecurityToken securityToken, TokenValidationParameters validationParameters)
         at Microsoft.IdentityModel.Tokens.Validators.ValidateLifetime(Nullable`1 notBefore, Nullable`1 expires, SecurityToken securityToken, TokenValidationParameters validationParameters)
         at System.IdentityModel.Tokens.Jwt.JwtSecurityTokenHandler.ValidateLifetime(Nullable`1 notBefore, Nullable`1 expires, JwtSecurityToken jwtToken, TokenValidationParameters validationParameters)
         at System.IdentityModel.Tokens.Jwt.JwtSecurityTokenHandler.ValidateTokenPayload(JwtSecurityToken jwtToken, TokenValidationParameters validationParameters, BaseConfiguration configuration)
         at System.IdentityModel.Tokens.Jwt.JwtSecurityTokenHandler.ValidateJWS(String token, TokenValidationParameters validationParameters, BaseConfiguration currentConfiguration, SecurityToken& signatureValidatedToken, ExceptionDispatchInfo& exceptionThrown)
      --- End of stack trace from previous location ---
         at System.IdentityModel.Tokens.Jwt.JwtSecurityTokenHandler.ValidateToken(String token, JwtSecurityToken outerToken, TokenValidationParameters validationParameters, SecurityToken& signatureValidatedToken)
         at System.IdentityModel.Tokens.Jwt.JwtSecurityTokenHandler.ValidateToken(String token, TokenValidationParameters validationParameters, SecurityToken& validatedToken)
         at Diten.ApiGateway.Authentication.GatewayJwtAuthenticationHandler.HandleAuthenticateAsync() in C:\Users\user\Desktop\ERP-vNext\gateway\Diten.ApiGateway\Authentication\GatewayJwtAuthenticationHandler.cs:line 48
info: Diten.ApiGateway.Authentication.GatewayJwtAuthenticationHandler[7]
      Bearer was not authenticated. Failure message: Invalid bearer token.
warn: Diten.ApiGateway.Authentication.GatewayJwtAuthenticationHandler[0]
      Gateway JWT authentication failed.
      Microsoft.IdentityModel.Tokens.SecurityTokenNoExpirationException: IDX10225: Lifetime validation failed. The token is missing an Expiration Time. Tokentype: 'System.IdentityModel.Tokens.Jwt.JwtSecurityToken'.
         at Microsoft.IdentityModel.Tokens.ValidatorUtilities.ValidateLifetime(Nullable`1 notBefore, Nullable`1 expires, SecurityToken securityToken, TokenValidationParameters validationParameters)
         at Microsoft.IdentityModel.Tokens.Validators.ValidateLifetime(Nullable`1 notBefore, Nullable`1 expires, SecurityToken securityToken, TokenValidationParameters validationParameters)
         at System.IdentityModel.Tokens.Jwt.JwtSecurityTokenHandler.ValidateLifetime(Nullable`1 notBefore, Nullable`1 expires, JwtSecurityToken jwtToken, TokenValidationParameters validationParameters)
         at System.IdentityModel.Tokens.Jwt.JwtSecurityTokenHandler.ValidateTokenPayload(JwtSecurityToken jwtToken, TokenValidationParameters validationParameters, BaseConfiguration configuration)
         at System.IdentityModel.Tokens.Jwt.JwtSecurityTokenHandler.ValidateJWS(String token, TokenValidationParameters validationParameters, BaseConfiguration currentConfiguration, SecurityToken& signatureValidatedToken, ExceptionDispatchInfo& exceptionThrown)
      --- End of stack trace from previous location ---
         at System.IdentityModel.Tokens.Jwt.JwtSecurityTokenHandler.ValidateToken(String token, JwtSecurityToken outerToken, TokenValidationParameters validationParameters, SecurityToken& signatureValidatedToken)
         at System.IdentityModel.Tokens.Jwt.JwtSecurityTokenHandler.ValidateToken(String token, TokenValidationParameters validationParameters, SecurityToken& validatedToken)
         at Diten.ApiGateway.Authentication.GatewayJwtAuthenticationHandler.HandleAuthenticateAsync() in C:\Users\user\Desktop\ERP-vNext\gateway\Diten.ApiGateway\Authentication\GatewayJwtAuthenticationHandler.cs:line 48
info: Diten.ApiGateway.Authentication.GatewayJwtAuthenticationHandler[7]
      Bearer was not authenticated. Failure message: Invalid bearer token.
warn: Diten.ApiGateway.Authentication.GatewayJwtAuthenticationHandler[0]
      Gateway JWT authentication failed.
      Microsoft.IdentityModel.Tokens.SecurityTokenNoExpirationException: IDX10225: Lifetime validation failed. The token is missing an Expiration Time. Tokentype: 'System.IdentityModel.Tokens.Jwt.JwtSecurityToken'.
         at Microsoft.IdentityModel.Tokens.ValidatorUtilities.ValidateLifetime(Nullable`1 notBefore, Nullable`1 expires, SecurityToken securityToken, TokenValidationParameters validationParameters)
         at Microsoft.IdentityModel.Tokens.Validators.ValidateLifetime(Nullable`1 notBefore, Nullable`1 expires, SecurityToken securityToken, TokenValidationParameters validationParameters)
         at System.IdentityModel.Tokens.Jwt.JwtSecurityTokenHandler.ValidateLifetime(Nullable`1 notBefore, Nullable`1 expires, JwtSecurityToken jwtToken, TokenValidationParameters validationParameters)
         at System.IdentityModel.Tokens.Jwt.JwtSecurityTokenHandler.ValidateTokenPayload(JwtSecurityToken jwtToken, TokenValidationParameters validationParameters, BaseConfiguration configuration)
         at System.IdentityModel.Tokens.Jwt.JwtSecurityTokenHandler.ValidateJWS(String token, TokenValidationParameters validationParameters, BaseConfiguration currentConfiguration, SecurityToken& signatureValidatedToken, ExceptionDispatchInfo& exceptionThrown)
      --- End of stack trace from previous location ---
         at System.IdentityModel.Tokens.Jwt.JwtSecurityTokenHandler.ValidateToken(String token, JwtSecurityToken outerToken, TokenValidationParameters validationParameters, SecurityToken& signatureValidatedToken)
         at System.IdentityModel.Tokens.Jwt.JwtSecurityTokenHandler.ValidateToken(String token, TokenValidationParameters validationParameters, SecurityToken& validatedToken)
         at Diten.ApiGateway.Authentication.GatewayJwtAuthenticationHandler.HandleAuthenticateAsync() in C:\Users\user\Desktop\ERP-vNext\gateway\Diten.ApiGateway\Authentication\GatewayJwtAuthenticationHandler.cs:line 48
info: Diten.ApiGateway.Authentication.GatewayJwtAuthenticationHandler[7]
      Bearer was not authenticated. Failure message: Invalid bearer token.
warn: Diten.ApiGateway.Authentication.GatewayJwtAuthenticationHandler[0]
      Gateway JWT authentication failed.
      Microsoft.IdentityModel.Tokens.SecurityTokenNoExpirationException: IDX10225: Lifetime validation failed. The token is missing an Expiration Time. Tokentype: 'System.IdentityModel.Tokens.Jwt.JwtSecurityToken'.
         at Microsoft.IdentityModel.Tokens.ValidatorUtilities.ValidateLifetime(Nullable`1 notBefore, Nullable`1 expires, SecurityToken securityToken, TokenValidationParameters validationParameters)
         at Microsoft.IdentityModel.Tokens.Validators.ValidateLifetime(Nullable`1 notBefore, Nullable`1 expires, SecurityToken securityToken, TokenValidationParameters validationParameters)
         at System.IdentityModel.Tokens.Jwt.JwtSecurityTokenHandler.ValidateLifetime(Nullable`1 notBefore, Nullable`1 expires, JwtSecurityToken jwtToken, TokenValidationParameters validationParameters)
         at System.IdentityModel.Tokens.Jwt.JwtSecurityTokenHandler.ValidateTokenPayload(JwtSecurityToken jwtToken, TokenValidationParameters validationParameters, BaseConfiguration configuration)
         at System.IdentityModel.Tokens.Jwt.JwtSecurityTokenHandler.ValidateJWS(String token, TokenValidationParameters validationParameters, BaseConfiguration currentConfiguration, SecurityToken& signatureValidatedToken, ExceptionDispatchInfo& exceptionThrown)
      --- End of stack trace from previous location ---
         at System.IdentityModel.Tokens.Jwt.JwtSecurityTokenHandler.ValidateToken(String token, JwtSecurityToken outerToken, TokenValidationParameters validationParameters, SecurityToken& signatureValidatedToken)
         at System.IdentityModel.Tokens.Jwt.JwtSecurityTokenHandler.ValidateToken(String token, TokenValidationParameters validationParameters, SecurityToken& validatedToken)
         at Diten.ApiGateway.Authentication.GatewayJwtAuthenticationHandler.HandleAuthenticateAsync() in C:\Users\user\Desktop\ERP-vNext\gateway\Diten.ApiGateway\Authentication\GatewayJwtAuthenticationHandler.cs:line 48
info: Diten.ApiGateway.Authentication.GatewayJwtAuthenticationHandler[7]
      Bearer was not authenticated. Failure message: Invalid bearer token.
warn: Diten.ApiGateway.Authentication.GatewayJwtAuthenticationHandler[0]
      Gateway JWT authentication failed.
      Microsoft.IdentityModel.Tokens.SecurityTokenNoExpirationException: IDX10225: Lifetime validation failed. The token is missing an Expiration Time. Tokentype: 'System.IdentityModel.Tokens.Jwt.JwtSecurityToken'.
         at Microsoft.IdentityModel.Tokens.ValidatorUtilities.ValidateLifetime(Nullable`1 notBefore, Nullable`1 expires, SecurityToken securityToken, TokenValidationParameters validationParameters)
         at Microsoft.IdentityModel.Tokens.Validators.ValidateLifetime(Nullable`1 notBefore, Nullable`1 expires, SecurityToken securityToken, TokenValidationParameters validationParameters)
         at System.IdentityModel.Tokens.Jwt.JwtSecurityTokenHandler.ValidateLifetime(Nullable`1 notBefore, Nullable`1 expires, JwtSecurityToken jwtToken, TokenValidationParameters validationParameters)
         at System.IdentityModel.Tokens.Jwt.JwtSecurityTokenHandler.ValidateTokenPayload(JwtSecurityToken jwtToken, TokenValidationParameters validationParameters, BaseConfiguration configuration)
         at System.IdentityModel.Tokens.Jwt.JwtSecurityTokenHandler.ValidateJWS(String token, TokenValidationParameters validationParameters, BaseConfiguration currentConfiguration, SecurityToken& signatureValidatedToken, ExceptionDispatchInfo& exceptionThrown)
      --- End of stack trace from previous location ---
         at System.IdentityModel.Tokens.Jwt.JwtSecurityTokenHandler.ValidateToken(String token, JwtSecurityToken outerToken, TokenValidationParameters validationParameters, SecurityToken& signatureValidatedToken)
         at System.IdentityModel.Tokens.Jwt.JwtSecurityTokenHandler.ValidateToken(String token, TokenValidationParameters validationParameters, SecurityToken& validatedToken)
         at Diten.ApiGateway.Authentication.GatewayJwtAuthenticationHandler.HandleAuthenticateAsync() in C:\Users\user\Desktop\ERP-vNext\gateway\Diten.ApiGateway\Authentication\GatewayJwtAuthenticationHandler.cs:line 48
info: Diten.ApiGateway.Authentication.GatewayJwtAuthenticationHandler[7]
      Bearer was not authenticated. Failure message: Invalid bearer token.
dbug: Ocelot.Errors.Middleware.ExceptionHandlerMiddleware[0]
      RequestId: 0HNLH3VCCAEVO:00000008, PreviousRequestId: -
      Ocelot pipeline started
dbug: Ocelot.DownstreamRouteFinder.Middleware.DownstreamRouteFinderMiddleware[0]
      RequestId: 0HNLH3VCCAEVO:00000008, PreviousRequestId: -
      Upstream URL path: /api/personalization/views
dbug: Ocelot.DownstreamRouteFinder.Middleware.DownstreamRouteFinderMiddleware[0]
      RequestId: 0HNLH3VCCAEVO:00000008, PreviousRequestId: -
      Downstream templates: /api/personalization/views
info: Ocelot.RateLimiting.RateLimitingMiddleware[0]
      RequestId: 0HNLH3VCCAEVO:00000008, PreviousRequestId: -
      Rate limiting is disabled for route '/api/personalization/views' via the EnableRateLimiting option.
info: Ocelot.Authentication.AuthenticationMiddleware[0]
      RequestId: 0HNLH3VCCAEVO:00000008, PreviousRequestId: -
      No authentication is required for the path '/api/personalization/views' in the route /api/personalization/views.
dbug: Ocelot.DownstreamUrlCreator.DownstreamUrlCreatorMiddleware[0]
      RequestId: 0HNLH3VCCAEVO:00000008, PreviousRequestId: -
      Downstream URL: http://localhost:5057/api/personalization/views?moduleKey=Platform&pageKey=Administrators
warn: Diten.ApiGateway.Authentication.GatewayJwtAuthenticationHandler[0]
      Gateway JWT authentication failed.
      Microsoft.IdentityModel.Tokens.SecurityTokenNoExpirationException: IDX10225: Lifetime validation failed. The token is missing an Expiration Time. Tokentype: 'System.IdentityModel.Tokens.Jwt.JwtSecurityToken'.
         at Microsoft.IdentityModel.Tokens.ValidatorUtilities.ValidateLifetime(Nullable`1 notBefore, Nullable`1 expires, SecurityToken securityToken, TokenValidationParameters validationParameters)
         at Microsoft.IdentityModel.Tokens.Validators.ValidateLifetime(Nullable`1 notBefore, Nullable`1 expires, SecurityToken securityToken, TokenValidationParameters validationParameters)
         at System.IdentityModel.Tokens.Jwt.JwtSecurityTokenHandler.ValidateLifetime(Nullable`1 notBefore, Nullable`1 expires, JwtSecurityToken jwtToken, TokenValidationParameters validationParameters)
         at System.IdentityModel.Tokens.Jwt.JwtSecurityTokenHandler.ValidateTokenPayload(JwtSecurityToken jwtToken, TokenValidationParameters validationParameters, BaseConfiguration configuration)
         at System.IdentityModel.Tokens.Jwt.JwtSecurityTokenHandler.ValidateJWS(String token, TokenValidationParameters validationParameters, BaseConfiguration currentConfiguration, SecurityToken& signatureValidatedToken, ExceptionDispatchInfo& exceptionThrown)
      --- End of stack trace from previous location ---
         at System.IdentityModel.Tokens.Jwt.JwtSecurityTokenHandler.ValidateToken(String token, JwtSecurityToken outerToken, TokenValidationParameters validationParameters, SecurityToken& signatureValidatedToken)
         at System.IdentityModel.Tokens.Jwt.JwtSecurityTokenHandler.ValidateToken(String token, TokenValidationParameters validationParameters, SecurityToken& validatedToken)
         at Diten.ApiGateway.Authentication.GatewayJwtAuthenticationHandler.HandleAuthenticateAsync() in C:\Users\user\Desktop\ERP-vNext\gateway\Diten.ApiGateway\Authentication\GatewayJwtAuthenticationHandler.cs:line 48
info: Diten.ApiGateway.Authentication.GatewayJwtAuthenticationHandler[7]
      Bearer was not authenticated. Failure message: Invalid bearer token.
info: Ocelot.Requester.Middleware.HttpRequesterMiddleware[0]
      RequestId: 0HNLH3VCCAEVO:00000008, PreviousRequestId: -
      200 OK status code of request URI: http://localhost:5057/api/personalization/views?moduleKey=Platform&pageKey=Administrators
dbug: Ocelot.Requester.Middleware.HttpRequesterMiddleware[0]
      RequestId: 0HNLH3VCCAEVO:00000008, PreviousRequestId: -
      Setting HTTP response message...
dbug: Ocelot.Responder.Middleware.ResponderMiddleware[0]
      RequestId: 0HNLH3VCCAEVO:00000008, PreviousRequestId: -
      No pipeline errors: setting and returning completed response...
dbug: Ocelot.Errors.Middleware.ExceptionHandlerMiddleware[0]
      RequestId: 0HNLH3VCCAEVO:00000008, PreviousRequestId: -
      Ocelot pipeline finished
warn: Diten.ApiGateway.Authentication.GatewayJwtAuthenticationHandler[0]
      Gateway JWT authentication failed.
      Microsoft.IdentityModel.Tokens.SecurityTokenNoExpirationException: IDX10225: Lifetime validation failed. The token is missing an Expiration Time. Tokentype: 'System.IdentityModel.Tokens.Jwt.JwtSecurityToken'.
         at Microsoft.IdentityModel.Tokens.ValidatorUtilities.ValidateLifetime(Nullable`1 notBefore, Nullable`1 expires, SecurityToken securityToken, TokenValidationParameters validationParameters)
         at Microsoft.IdentityModel.Tokens.Validators.ValidateLifetime(Nullable`1 notBefore, Nullable`1 expires, SecurityToken securityToken, TokenValidationParameters validationParameters)
         at System.IdentityModel.Tokens.Jwt.JwtSecurityTokenHandler.ValidateLifetime(Nullable`1 notBefore, Nullable`1 expires, JwtSecurityToken jwtToken, TokenValidationParameters validationParameters)
         at System.IdentityModel.Tokens.Jwt.JwtSecurityTokenHandler.ValidateTokenPayload(JwtSecurityToken jwtToken, TokenValidationParameters validationParameters, BaseConfiguration configuration)
         at System.IdentityModel.Tokens.Jwt.JwtSecurityTokenHandler.ValidateJWS(String token, TokenValidationParameters validationParameters, BaseConfiguration currentConfiguration, SecurityToken& signatureValidatedToken, ExceptionDispatchInfo& exceptionThrown)
      --- End of stack trace from previous location ---
         at System.IdentityModel.Tokens.Jwt.JwtSecurityTokenHandler.ValidateToken(String token, JwtSecurityToken outerToken, TokenValidationParameters validationParameters, SecurityToken& signatureValidatedToken)
         at System.IdentityModel.Tokens.Jwt.JwtSecurityTokenHandler.ValidateToken(String token, TokenValidationParameters validationParameters, SecurityToken& validatedToken)
         at Diten.ApiGateway.Authentication.GatewayJwtAuthenticationHandler.HandleAuthenticateAsync() in C:\Users\user\Desktop\ERP-vNext\gateway\Diten.ApiGateway\Authentication\GatewayJwtAuthenticationHandler.cs:line 48
info: Diten.ApiGateway.Authentication.GatewayJwtAuthenticationHandler[7]
      Bearer was not authenticated. Failure message: Invalid bearer token.
warn: Diten.ApiGateway.Authentication.GatewayJwtAuthenticationHandler[0]
      Gateway JWT authentication failed.
      Microsoft.IdentityModel.Tokens.SecurityTokenNoExpirationException: IDX10225: Lifetime validation failed. The token is missing an Expiration Time. Tokentype: 'System.IdentityModel.Tokens.Jwt.JwtSecurityToken'.
         at Microsoft.IdentityModel.Tokens.ValidatorUtilities.ValidateLifetime(Nullable`1 notBefore, Nullable`1 expires, SecurityToken securityToken, TokenValidationParameters validationParameters)
         at Microsoft.IdentityModel.Tokens.Validators.ValidateLifetime(Nullable`1 notBefore, Nullable`1 expires, SecurityToken securityToken, TokenValidationParameters validationParameters)
         at System.IdentityModel.Tokens.Jwt.JwtSecurityTokenHandler.ValidateLifetime(Nullable`1 notBefore, Nullable`1 expires, JwtSecurityToken jwtToken, TokenValidationParameters validationParameters)
         at System.IdentityModel.Tokens.Jwt.JwtSecurityTokenHandler.ValidateTokenPayload(JwtSecurityToken jwtToken, TokenValidationParameters validationParameters, BaseConfiguration configuration)
         at System.IdentityModel.Tokens.Jwt.JwtSecurityTokenHandler.ValidateJWS(String token, TokenValidationParameters validationParameters, BaseConfiguration currentConfiguration, SecurityToken& signatureValidatedToken, ExceptionDispatchInfo& exceptionThrown)
      --- End of stack trace from previous location ---
         at System.IdentityModel.Tokens.Jwt.JwtSecurityTokenHandler.ValidateToken(String token, JwtSecurityToken outerToken, TokenValidationParameters validationParameters, SecurityToken& signatureValidatedToken)
         at System.IdentityModel.Tokens.Jwt.JwtSecurityTokenHandler.ValidateToken(String token, TokenValidationParameters validationParameters, SecurityToken& validatedToken)
         at Diten.ApiGateway.Authentication.GatewayJwtAuthenticationHandler.HandleAuthenticateAsync() in C:\Users\user\Desktop\ERP-vNext\gateway\Diten.ApiGateway\Authentication\GatewayJwtAuthenticationHandler.cs:line 48
info: Diten.ApiGateway.Authentication.GatewayJwtAuthenticationHandler[7]
      Bearer was not authenticated. Failure message: Invalid bearer token.
warn: Diten.ApiGateway.Authentication.GatewayJwtAuthenticationHandler[0]
      Gateway JWT authentication failed.
      Microsoft.IdentityModel.Tokens.SecurityTokenNoExpirationException: IDX10225: Lifetime validation failed. The token is missing an Expiration Time. Tokentype: 'System.IdentityModel.Tokens.Jwt.JwtSecurityToken'.
         at Microsoft.IdentityModel.Tokens.ValidatorUtilities.ValidateLifetime(Nullable`1 notBefore, Nullable`1 expires, SecurityToken securityToken, TokenValidationParameters validationParameters)
         at Microsoft.IdentityModel.Tokens.Validators.ValidateLifetime(Nullable`1 notBefore, Nullable`1 expires, SecurityToken securityToken, TokenValidationParameters validationParameters)
         at System.IdentityModel.Tokens.Jwt.JwtSecurityTokenHandler.ValidateLifetime(Nullable`1 notBefore, Nullable`1 expires, JwtSecurityToken jwtToken, TokenValidationParameters validationParameters)
         at System.IdentityModel.Tokens.Jwt.JwtSecurityTokenHandler.ValidateTokenPayload(JwtSecurityToken jwtToken, TokenValidationParameters validationParameters, BaseConfiguration configuration)
         at System.IdentityModel.Tokens.Jwt.JwtSecurityTokenHandler.ValidateJWS(String token, TokenValidationParameters validationParameters, BaseConfiguration currentConfiguration, SecurityToken& signatureValidatedToken, ExceptionDispatchInfo& exceptionThrown)
      --- End of stack trace from previous location ---
         at System.IdentityModel.Tokens.Jwt.JwtSecurityTokenHandler.ValidateToken(String token, JwtSecurityToken outerToken, TokenValidationParameters validationParameters, SecurityToken& signatureValidatedToken)
         at System.IdentityModel.Tokens.Jwt.JwtSecurityTokenHandler.ValidateToken(String token, TokenValidationParameters validationParameters, SecurityToken& validatedToken)
         at Diten.ApiGateway.Authentication.GatewayJwtAuthenticationHandler.HandleAuthenticateAsync() in C:\Users\user\Desktop\ERP-vNext\gateway\Diten.ApiGateway\Authentication\GatewayJwtAuthenticationHandler.cs:line 48
info: Diten.ApiGateway.Authentication.GatewayJwtAuthenticationHandler[7]
      Bearer was not authenticated. Failure message: Invalid bearer token.
warn: Diten.ApiGateway.Authentication.GatewayJwtAuthenticationHandler[0]
      Gateway JWT authentication failed.
      Microsoft.IdentityModel.Tokens.SecurityTokenNoExpirationException: IDX10225: Lifetime validation failed. The token is missing an Expiration Time. Tokentype: 'System.IdentityModel.Tokens.Jwt.JwtSecurityToken'.
         at Microsoft.IdentityModel.Tokens.ValidatorUtilities.ValidateLifetime(Nullable`1 notBefore, Nullable`1 expires, SecurityToken securityToken, TokenValidationParameters validationParameters)
         at Microsoft.IdentityModel.Tokens.Validators.ValidateLifetime(Nullable`1 notBefore, Nullable`1 expires, SecurityToken securityToken, TokenValidationParameters validationParameters)
         at System.IdentityModel.Tokens.Jwt.JwtSecurityTokenHandler.ValidateLifetime(Nullable`1 notBefore, Nullable`1 expires, JwtSecurityToken jwtToken, TokenValidationParameters validationParameters)
         at System.IdentityModel.Tokens.Jwt.JwtSecurityTokenHandler.ValidateTokenPayload(JwtSecurityToken jwtToken, TokenValidationParameters validationParameters, BaseConfiguration configuration)
         at System.IdentityModel.Tokens.Jwt.JwtSecurityTokenHandler.ValidateJWS(String token, TokenValidationParameters validationParameters, BaseConfiguration currentConfiguration, SecurityToken& signatureValidatedToken, ExceptionDispatchInfo& exceptionThrown)
      --- End of stack trace from previous location ---
         at System.IdentityModel.Tokens.Jwt.JwtSecurityTokenHandler.ValidateToken(String token, JwtSecurityToken outerToken, TokenValidationParameters validationParameters, SecurityToken& signatureValidatedToken)
         at System.IdentityModel.Tokens.Jwt.JwtSecurityTokenHandler.ValidateToken(String token, TokenValidationParameters validationParameters, SecurityToken& validatedToken)
         at Diten.ApiGateway.Authentication.GatewayJwtAuthenticationHandler.HandleAuthenticateAsync() in C:\Users\user\Desktop\ERP-vNext\gateway\Diten.ApiGateway\Authentication\GatewayJwtAuthenticationHandler.cs:line 48
info: Diten.ApiGateway.Authentication.GatewayJwtAuthenticationHandler[7]
      Bearer was not authenticated. Failure message: Invalid bearer token.
warn: Diten.ApiGateway.Authentication.GatewayJwtAuthenticationHandler[0]
      Gateway JWT authentication failed.
      Microsoft.IdentityModel.Tokens.SecurityTokenNoExpirationException: IDX10225: Lifetime validation failed. The token is missing an Expiration Time. Tokentype: 'System.IdentityModel.Tokens.Jwt.JwtSecurityToken'.
         at Microsoft.IdentityModel.Tokens.ValidatorUtilities.ValidateLifetime(Nullable`1 notBefore, Nullable`1 expires, SecurityToken securityToken, TokenValidationParameters validationParameters)
         at Microsoft.IdentityModel.Tokens.Validators.ValidateLifetime(Nullable`1 notBefore, Nullable`1 expires, SecurityToken securityToken, TokenValidationParameters validationParameters)
         at System.IdentityModel.Tokens.Jwt.JwtSecurityTokenHandler.ValidateLifetime(Nullable`1 notBefore, Nullable`1 expires, JwtSecurityToken jwtToken, TokenValidationParameters validationParameters)
         at System.IdentityModel.Tokens.Jwt.JwtSecurityTokenHandler.ValidateTokenPayload(JwtSecurityToken jwtToken, TokenValidationParameters validationParameters, BaseConfiguration configuration)
         at System.IdentityModel.Tokens.Jwt.JwtSecurityTokenHandler.ValidateJWS(String token, TokenValidationParameters validationParameters, BaseConfiguration currentConfiguration, SecurityToken& signatureValidatedToken, ExceptionDispatchInfo& exceptionThrown)
      --- End of stack trace from previous location ---
         at System.IdentityModel.Tokens.Jwt.JwtSecurityTokenHandler.ValidateToken(String token, JwtSecurityToken outerToken, TokenValidationParameters validationParameters, SecurityToken& signatureValidatedToken)
         at System.IdentityModel.Tokens.Jwt.JwtSecurityTokenHandler.ValidateToken(String token, TokenValidationParameters validationParameters, SecurityToken& validatedToken)
         at Diten.ApiGateway.Authentication.GatewayJwtAuthenticationHandler.HandleAuthenticateAsync() in C:\Users\user\Desktop\ERP-vNext\gateway\Diten.ApiGateway\Authentication\GatewayJwtAuthenticationHandler.cs:line 48
info: Diten.ApiGateway.Authentication.GatewayJwtAuthenticationHandler[7]
      Bearer was not authenticated. Failure message: Invalid bearer token.
dbug: Ocelot.Errors.Middleware.ExceptionHandlerMiddleware[0]
      RequestId: 0HNLH3VCCAEVS:00000001, PreviousRequestId: -
      Ocelot pipeline started
dbug: Ocelot.DownstreamRouteFinder.Middleware.DownstreamRouteFinderMiddleware[0]
      RequestId: 0HNLH3VCCAEVS:00000001, PreviousRequestId: -
      Upstream URL path: /api/auth/logout
dbug: Ocelot.DownstreamRouteFinder.Middleware.DownstreamRouteFinderMiddleware[0]
      RequestId: 0HNLH3VCCAEVS:00000001, PreviousRequestId: -
      Downstream templates: /api/auth/{everything}
info: Ocelot.RateLimiting.RateLimitingMiddleware[0]
      RequestId: 0HNLH3VCCAEVS:00000001, PreviousRequestId: -
      Rate limiting is disabled for route '/api/auth/{everything}' via the EnableRateLimiting option.
info: Ocelot.Authentication.AuthenticationMiddleware[0]
      RequestId: 0HNLH3VCCAEVS:00000001, PreviousRequestId: -
      No authentication is required for the path '/api/auth/logout' in the route /api/auth/{everything}.
dbug: Ocelot.DownstreamUrlCreator.DownstreamUrlCreatorMiddleware[0]
      RequestId: 0HNLH3VCCAEVS:00000001, PreviousRequestId: -
      Downstream URL: http://localhost:5056/api/auth/logout
warn: Ocelot.Requester.Middleware.HttpRequesterMiddleware[0]
      RequestId: 0HNLH3VCCAEVS:00000001, PreviousRequestId: -
      401 Unauthorized status code of request URI: http://localhost:5056/api/auth/logout
dbug: Ocelot.Requester.Middleware.HttpRequesterMiddleware[0]
      RequestId: 0HNLH3VCCAEVS:00000001, PreviousRequestId: -
      Setting HTTP response message...
dbug: Ocelot.Responder.Middleware.ResponderMiddleware[0]
      RequestId: 0HNLH3VCCAEVS:00000001, PreviousRequestId: -
      No pipeline errors: setting and returning completed response...
dbug: Ocelot.Errors.Middleware.ExceptionHandlerMiddleware[0]
      RequestId: 0HNLH3VCCAEVS:00000001, PreviousRequestId: -
      Ocelot pipeline finished
dbug: Ocelot.Errors.Middleware.ExceptionHandlerMiddleware[0]
      RequestId: 0HNLH3VCCAEVS:00000002, PreviousRequestId: -
      Ocelot pipeline started
dbug: Ocelot.DownstreamRouteFinder.Middleware.DownstreamRouteFinderMiddleware[0]
      RequestId: 0HNLH3VCCAEVS:00000002, PreviousRequestId: -
      Upstream URL path: /api/platform-auth/login
dbug: Ocelot.DownstreamRouteFinder.Middleware.DownstreamRouteFinderMiddleware[0]
      RequestId: 0HNLH3VCCAEVS:00000002, PreviousRequestId: -
      Downstream templates: /api/platform-auth/{everything}
info: Ocelot.RateLimiting.RateLimitingMiddleware[0]
      RequestId: 0HNLH3VCCAEVS:00000002, PreviousRequestId: -
      Rate limiting is disabled for route '/api/platform-auth/{everything}' via the EnableRateLimiting option.
info: Ocelot.Authentication.AuthenticationMiddleware[0]
      RequestId: 0HNLH3VCCAEVS:00000002, PreviousRequestId: -
      No authentication is required for the path '/api/platform-auth/login' in the route /api/platform-auth/{everything}.
dbug: Ocelot.DownstreamUrlCreator.DownstreamUrlCreatorMiddleware[0]
      RequestId: 0HNLH3VCCAEVS:00000002, PreviousRequestId: -
      Downstream URL: http://localhost:5056/api/platform-auth/login
info: Ocelot.Requester.Middleware.HttpRequesterMiddleware[0]
      RequestId: 0HNLH3VCCAEVS:00000002, PreviousRequestId: -
      200 OK status code of request URI: http://localhost:5056/api/platform-auth/login
dbug: Ocelot.Requester.Middleware.HttpRequesterMiddleware[0]
      RequestId: 0HNLH3VCCAEVS:00000002, PreviousRequestId: -
      Setting HTTP response message...
dbug: Ocelot.Responder.Middleware.ResponderMiddleware[0]
      RequestId: 0HNLH3VCCAEVS:00000002, PreviousRequestId: -
      No pipeline errors: setting and returning completed response...
dbug: Ocelot.Errors.Middleware.ExceptionHandlerMiddleware[0]
      RequestId: 0HNLH3VCCAEVS:00000002, PreviousRequestId: -
      Ocelot pipeline finished
warn: Diten.ApiGateway.Authentication.GatewayJwtAuthenticationHandler[0]
      Gateway JWT authentication failed.
      Microsoft.IdentityModel.Tokens.SecurityTokenNoExpirationException: IDX10225: Lifetime validation failed. The token is missing an Expiration Time. Tokentype: 'System.IdentityModel.Tokens.Jwt.JwtSecurityToken'.
         at Microsoft.IdentityModel.Tokens.ValidatorUtilities.ValidateLifetime(Nullable`1 notBefore, Nullable`1 expires, SecurityToken securityToken, TokenValidationParameters validationParameters)
         at Microsoft.IdentityModel.Tokens.Validators.ValidateLifetime(Nullable`1 notBefore, Nullable`1 expires, SecurityToken securityToken, TokenValidationParameters validationParameters)
         at System.IdentityModel.Tokens.Jwt.JwtSecurityTokenHandler.ValidateLifetime(Nullable`1 notBefore, Nullable`1 expires, JwtSecurityToken jwtToken, TokenValidationParameters validationParameters)
         at System.IdentityModel.Tokens.Jwt.JwtSecurityTokenHandler.ValidateTokenPayload(JwtSecurityToken jwtToken, TokenValidationParameters validationParameters, BaseConfiguration configuration)
         at System.IdentityModel.Tokens.Jwt.JwtSecurityTokenHandler.ValidateJWS(String token, TokenValidationParameters validationParameters, BaseConfiguration currentConfiguration, SecurityToken& signatureValidatedToken, ExceptionDispatchInfo& exceptionThrown)
      --- End of stack trace from previous location ---
         at System.IdentityModel.Tokens.Jwt.JwtSecurityTokenHandler.ValidateToken(String token, JwtSecurityToken outerToken, TokenValidationParameters validationParameters, SecurityToken& signatureValidatedToken)
         at System.IdentityModel.Tokens.Jwt.JwtSecurityTokenHandler.ValidateToken(String token, TokenValidationParameters validationParameters, SecurityToken& validatedToken)
         at Diten.ApiGateway.Authentication.GatewayJwtAuthenticationHandler.HandleAuthenticateAsync() in C:\Users\user\Desktop\ERP-vNext\gateway\Diten.ApiGateway\Authentication\GatewayJwtAuthenticationHandler.cs:line 48
info: Diten.ApiGateway.Authentication.GatewayJwtAuthenticationHandler[7]
      Bearer was not authenticated. Failure message: Invalid bearer token.
dbug: Ocelot.Errors.Middleware.ExceptionHandlerMiddleware[0]
      RequestId: 0HNLH3VCCAEVO:00000009, PreviousRequestId: -
      Ocelot pipeline started
dbug: Ocelot.DownstreamRouteFinder.Middleware.DownstreamRouteFinderMiddleware[0]
      RequestId: 0HNLH3VCCAEVO:00000009, PreviousRequestId: -
      Upstream URL path: /api/personalization/views
dbug: Ocelot.DownstreamRouteFinder.Middleware.DownstreamRouteFinderMiddleware[0]
      RequestId: 0HNLH3VCCAEVO:00000009, PreviousRequestId: -
      Downstream templates: /api/personalization/views
info: Ocelot.RateLimiting.RateLimitingMiddleware[0]
      RequestId: 0HNLH3VCCAEVO:00000009, PreviousRequestId: -
      Rate limiting is disabled for route '/api/personalization/views' via the EnableRateLimiting option.
info: Ocelot.Authentication.AuthenticationMiddleware[0]
      RequestId: 0HNLH3VCCAEVO:00000009, PreviousRequestId: -
      No authentication is required for the path '/api/personalization/views' in the route /api/personalization/views.
dbug: Ocelot.DownstreamUrlCreator.DownstreamUrlCreatorMiddleware[0]
      RequestId: 0HNLH3VCCAEVO:00000009, PreviousRequestId: -
      Downstream URL: http://localhost:5057/api/personalization/views?moduleKey=Platform&pageKey=Tenants
info: Ocelot.Requester.Middleware.HttpRequesterMiddleware[0]
      RequestId: 0HNLH3VCCAEVO:00000009, PreviousRequestId: -
      200 OK status code of request URI: http://localhost:5057/api/personalization/views?moduleKey=Platform&pageKey=Tenants
dbug: Ocelot.Requester.Middleware.HttpRequesterMiddleware[0]
      RequestId: 0HNLH3VCCAEVO:00000009, PreviousRequestId: -
      Setting HTTP response message...
dbug: Ocelot.Responder.Middleware.ResponderMiddleware[0]
      RequestId: 0HNLH3VCCAEVO:00000009, PreviousRequestId: -
      No pipeline errors: setting and returning completed response...
dbug: Ocelot.Errors.Middleware.ExceptionHandlerMiddleware[0]
      RequestId: 0HNLH3VCCAEVO:00000009, PreviousRequestId: -
      Ocelot pipeline finished
warn: Diten.ApiGateway.Authentication.GatewayJwtAuthenticationHandler[0]
      Gateway JWT authentication failed.
      Microsoft.IdentityModel.Tokens.SecurityTokenNoExpirationException: IDX10225: Lifetime validation failed. The token is missing an Expiration Time. Tokentype: 'System.IdentityModel.Tokens.Jwt.JwtSecurityToken'.
         at Microsoft.IdentityModel.Tokens.ValidatorUtilities.ValidateLifetime(Nullable`1 notBefore, Nullable`1 expires, SecurityToken securityToken, TokenValidationParameters validationParameters)
         at Microsoft.IdentityModel.Tokens.Validators.ValidateLifetime(Nullable`1 notBefore, Nullable`1 expires, SecurityToken securityToken, TokenValidationParameters validationParameters)
         at System.IdentityModel.Tokens.Jwt.JwtSecurityTokenHandler.ValidateLifetime(Nullable`1 notBefore, Nullable`1 expires, JwtSecurityToken jwtToken, TokenValidationParameters validationParameters)
         at System.IdentityModel.Tokens.Jwt.JwtSecurityTokenHandler.ValidateTokenPayload(JwtSecurityToken jwtToken, TokenValidationParameters validationParameters, BaseConfiguration configuration)
         at System.IdentityModel.Tokens.Jwt.JwtSecurityTokenHandler.ValidateJWS(String token, TokenValidationParameters validationParameters, BaseConfiguration currentConfiguration, SecurityToken& signatureValidatedToken, ExceptionDispatchInfo& exceptionThrown)
      --- End of stack trace from previous location ---
         at System.IdentityModel.Tokens.Jwt.JwtSecurityTokenHandler.ValidateToken(String token, JwtSecurityToken outerToken, TokenValidationParameters validationParameters, SecurityToken& signatureValidatedToken)
         at System.IdentityModel.Tokens.Jwt.JwtSecurityTokenHandler.ValidateToken(String token, TokenValidationParameters validationParameters, SecurityToken& validatedToken)
         at Diten.ApiGateway.Authentication.GatewayJwtAuthenticationHandler.HandleAuthenticateAsync() in C:\Users\user\Desktop\ERP-vNext\gateway\Diten.ApiGateway\Authentication\GatewayJwtAuthenticationHandler.cs:line 48
info: Diten.ApiGateway.Authentication.GatewayJwtAuthenticationHandler[7]
      Bearer was not authenticated. Failure message: Invalid bearer token.
warn: Diten.ApiGateway.Authentication.GatewayJwtAuthenticationHandler[0]
      Gateway JWT authentication failed.
      Microsoft.IdentityModel.Tokens.SecurityTokenNoExpirationException: IDX10225: Lifetime validation failed. The token is missing an Expiration Time. Tokentype: 'System.IdentityModel.Tokens.Jwt.JwtSecurityToken'.
         at Microsoft.IdentityModel.Tokens.ValidatorUtilities.ValidateLifetime(Nullable`1 notBefore, Nullable`1 expires, SecurityToken securityToken, TokenValidationParameters validationParameters)
         at Microsoft.IdentityModel.Tokens.Validators.ValidateLifetime(Nullable`1 notBefore, Nullable`1 expires, SecurityToken securityToken, TokenValidationParameters validationParameters)
         at System.IdentityModel.Tokens.Jwt.JwtSecurityTokenHandler.ValidateLifetime(Nullable`1 notBefore, Nullable`1 expires, JwtSecurityToken jwtToken, TokenValidationParameters validationParameters)
         at System.IdentityModel.Tokens.Jwt.JwtSecurityTokenHandler.ValidateTokenPayload(JwtSecurityToken jwtToken, TokenValidationParameters validationParameters, BaseConfiguration configuration)
         at System.IdentityModel.Tokens.Jwt.JwtSecurityTokenHandler.ValidateJWS(String token, TokenValidationParameters validationParameters, BaseConfiguration currentConfiguration, SecurityToken& signatureValidatedToken, ExceptionDispatchInfo& exceptionThrown)
      --- End of stack trace from previous location ---
         at System.IdentityModel.Tokens.Jwt.JwtSecurityTokenHandler.ValidateToken(String token, JwtSecurityToken outerToken, TokenValidationParameters validationParameters, SecurityToken& signatureValidatedToken)
         at System.IdentityModel.Tokens.Jwt.JwtSecurityTokenHandler.ValidateToken(String token, TokenValidationParameters validationParameters, SecurityToken& validatedToken)
         at Diten.ApiGateway.Authentication.GatewayJwtAuthenticationHandler.HandleAuthenticateAsync() in C:\Users\user\Desktop\ERP-vNext\gateway\Diten.ApiGateway\Authentication\GatewayJwtAuthenticationHandler.cs:line 48
info: Diten.ApiGateway.Authentication.GatewayJwtAuthenticationHandler[7]
      Bearer was not authenticated. Failure message: Invalid bearer token.
dbug: Ocelot.Errors.Middleware.ExceptionHandlerMiddleware[0]
      RequestId: 0HNLH3VCCAEVT:00000001, PreviousRequestId: -
      Ocelot pipeline started
dbug: Ocelot.DownstreamRouteFinder.Middleware.DownstreamRouteFinderMiddleware[0]
      RequestId: 0HNLH3VCCAEVT:00000001, PreviousRequestId: -
      Upstream URL path: /api/personalization/views
dbug: Ocelot.DownstreamRouteFinder.Middleware.DownstreamRouteFinderMiddleware[0]
      RequestId: 0HNLH3VCCAEVT:00000001, PreviousRequestId: -
      Downstream templates: /api/personalization/views
info: Ocelot.RateLimiting.RateLimitingMiddleware[0]
      RequestId: 0HNLH3VCCAEVT:00000001, PreviousRequestId: -
      Rate limiting is disabled for route '/api/personalization/views' via the EnableRateLimiting option.
info: Ocelot.Authentication.AuthenticationMiddleware[0]
      RequestId: 0HNLH3VCCAEVT:00000001, PreviousRequestId: -
      No authentication is required for the path '/api/personalization/views' in the route /api/personalization/views.
dbug: Ocelot.DownstreamUrlCreator.DownstreamUrlCreatorMiddleware[0]
      RequestId: 0HNLH3VCCAEVT:00000001, PreviousRequestId: -
      Downstream URL: http://localhost:5057/api/personalization/views?moduleKey=Platform&pageKey=Tenants
info: Ocelot.Requester.Middleware.HttpRequesterMiddleware[0]
      RequestId: 0HNLH3VCCAEVT:00000001, PreviousRequestId: -
      200 OK status code of request URI: http://localhost:5057/api/personalization/views?moduleKey=Platform&pageKey=Tenants
dbug: Ocelot.Requester.Middleware.HttpRequesterMiddleware[0]
      RequestId: 0HNLH3VCCAEVT:00000001, PreviousRequestId: -
      Setting HTTP response message...
dbug: Ocelot.Responder.Middleware.ResponderMiddleware[0]
      RequestId: 0HNLH3VCCAEVT:00000001, PreviousRequestId: -
      No pipeline errors: setting and returning completed response...
dbug: Ocelot.Errors.Middleware.ExceptionHandlerMiddleware[0]
      RequestId: 0HNLH3VCCAEVT:00000001, PreviousRequestId: -
      Ocelot pipeline finished
warn: Diten.ApiGateway.Authentication.GatewayJwtAuthenticationHandler[0]
      Gateway JWT authentication failed.
      Microsoft.IdentityModel.Tokens.SecurityTokenNoExpirationException: IDX10225: Lifetime validation failed. The token is missing an Expiration Time. Tokentype: 'System.IdentityModel.Tokens.Jwt.JwtSecurityToken'.
         at Microsoft.IdentityModel.Tokens.ValidatorUtilities.ValidateLifetime(Nullable`1 notBefore, Nullable`1 expires, SecurityToken securityToken, TokenValidationParameters validationParameters)
         at Microsoft.IdentityModel.Tokens.Validators.ValidateLifetime(Nullable`1 notBefore, Nullable`1 expires, SecurityToken securityToken, TokenValidationParameters validationParameters)
         at System.IdentityModel.Tokens.Jwt.JwtSecurityTokenHandler.ValidateLifetime(Nullable`1 notBefore, Nullable`1 expires, JwtSecurityToken jwtToken, TokenValidationParameters validationParameters)
         at System.IdentityModel.Tokens.Jwt.JwtSecurityTokenHandler.ValidateTokenPayload(JwtSecurityToken jwtToken, TokenValidationParameters validationParameters, BaseConfiguration configuration)
         at System.IdentityModel.Tokens.Jwt.JwtSecurityTokenHandler.ValidateJWS(String token, TokenValidationParameters validationParameters, BaseConfiguration currentConfiguration, SecurityToken& signatureValidatedToken, ExceptionDispatchInfo& exceptionThrown)
      --- End of stack trace from previous location ---
         at System.IdentityModel.Tokens.Jwt.JwtSecurityTokenHandler.ValidateToken(String token, JwtSecurityToken outerToken, TokenValidationParameters validationParameters, SecurityToken& signatureValidatedToken)
         at System.IdentityModel.Tokens.Jwt.JwtSecurityTokenHandler.ValidateToken(String token, TokenValidationParameters validationParameters, SecurityToken& validatedToken)
         at Diten.ApiGateway.Authentication.GatewayJwtAuthenticationHandler.HandleAuthenticateAsync() in C:\Users\user\Desktop\ERP-vNext\gateway\Diten.ApiGateway\Authentication\GatewayJwtAuthenticationHandler.cs:line 48
info: Diten.ApiGateway.Authentication.GatewayJwtAuthenticationHandler[7]
      Bearer was not authenticated. Failure message: Invalid bearer token.
warn: Diten.ApiGateway.Authentication.GatewayJwtAuthenticationHandler[0]
      Gateway JWT authentication failed.
      Microsoft.IdentityModel.Tokens.SecurityTokenNoExpirationException: IDX10225: Lifetime validation failed. The token is missing an Expiration Time. Tokentype: 'System.IdentityModel.Tokens.Jwt.JwtSecurityToken'.
         at Microsoft.IdentityModel.Tokens.ValidatorUtilities.ValidateLifetime(Nullable`1 notBefore, Nullable`1 expires, SecurityToken securityToken, TokenValidationParameters validationParameters)
         at Microsoft.IdentityModel.Tokens.Validators.ValidateLifetime(Nullable`1 notBefore, Nullable`1 expires, SecurityToken securityToken, TokenValidationParameters validationParameters)
         at System.IdentityModel.Tokens.Jwt.JwtSecurityTokenHandler.ValidateLifetime(Nullable`1 notBefore, Nullable`1 expires, JwtSecurityToken jwtToken, TokenValidationParameters validationParameters)
         at System.IdentityModel.Tokens.Jwt.JwtSecurityTokenHandler.ValidateTokenPayload(JwtSecurityToken jwtToken, TokenValidationParameters validationParameters, BaseConfiguration configuration)
         at System.IdentityModel.Tokens.Jwt.JwtSecurityTokenHandler.ValidateJWS(String token, TokenValidationParameters validationParameters, BaseConfiguration currentConfiguration, SecurityToken& signatureValidatedToken, ExceptionDispatchInfo& exceptionThrown)
      --- End of stack trace from previous location ---
         at System.IdentityModel.Tokens.Jwt.JwtSecurityTokenHandler.ValidateToken(String token, JwtSecurityToken outerToken, TokenValidationParameters validationParameters, SecurityToken& signatureValidatedToken)
         at System.IdentityModel.Tokens.Jwt.JwtSecurityTokenHandler.ValidateToken(String token, TokenValidationParameters validationParameters, SecurityToken& validatedToken)
         at Diten.ApiGateway.Authentication.GatewayJwtAuthenticationHandler.HandleAuthenticateAsync() in C:\Users\user\Desktop\ERP-vNext\gateway\Diten.ApiGateway\Authentication\GatewayJwtAuthenticationHandler.cs:line 48
info: Diten.ApiGateway.Authentication.GatewayJwtAuthenticationHandler[7]
      Bearer was not authenticated. Failure message: Invalid bearer token.
dbug: Ocelot.Errors.Middleware.ExceptionHandlerMiddleware[0]
      RequestId: 0HNLH3VCCAEVT:00000002, PreviousRequestId: -
      Ocelot pipeline started
dbug: Ocelot.DownstreamRouteFinder.Middleware.DownstreamRouteFinderMiddleware[0]
      RequestId: 0HNLH3VCCAEVT:00000002, PreviousRequestId: -
      Upstream URL path: /api/personalization/views
dbug: Ocelot.DownstreamRouteFinder.Middleware.DownstreamRouteFinderMiddleware[0]
      RequestId: 0HNLH3VCCAEVT:00000002, PreviousRequestId: -
      Downstream templates: /api/personalization/views
info: Ocelot.RateLimiting.RateLimitingMiddleware[0]
      RequestId: 0HNLH3VCCAEVT:00000002, PreviousRequestId: -
      Rate limiting is disabled for route '/api/personalization/views' via the EnableRateLimiting option.
info: Ocelot.Authentication.AuthenticationMiddleware[0]
      RequestId: 0HNLH3VCCAEVT:00000002, PreviousRequestId: -
      No authentication is required for the path '/api/personalization/views' in the route /api/personalization/views.
dbug: Ocelot.DownstreamUrlCreator.DownstreamUrlCreatorMiddleware[0]
      RequestId: 0HNLH3VCCAEVT:00000002, PreviousRequestId: -
      Downstream URL: http://localhost:5057/api/personalization/views?moduleKey=Platform&pageKey=ModuleCatalog
warn: Diten.ApiGateway.Authentication.GatewayJwtAuthenticationHandler[0]
      Gateway JWT authentication failed.
      Microsoft.IdentityModel.Tokens.SecurityTokenNoExpirationException: IDX10225: Lifetime validation failed. The token is missing an Expiration Time. Tokentype: 'System.IdentityModel.Tokens.Jwt.JwtSecurityToken'.
         at Microsoft.IdentityModel.Tokens.ValidatorUtilities.ValidateLifetime(Nullable`1 notBefore, Nullable`1 expires, SecurityToken securityToken, TokenValidationParameters validationParameters)
         at Microsoft.IdentityModel.Tokens.Validators.ValidateLifetime(Nullable`1 notBefore, Nullable`1 expires, SecurityToken securityToken, TokenValidationParameters validationParameters)
         at System.IdentityModel.Tokens.Jwt.JwtSecurityTokenHandler.ValidateLifetime(Nullable`1 notBefore, Nullable`1 expires, JwtSecurityToken jwtToken, TokenValidationParameters validationParameters)
         at System.IdentityModel.Tokens.Jwt.JwtSecurityTokenHandler.ValidateTokenPayload(JwtSecurityToken jwtToken, TokenValidationParameters validationParameters, BaseConfiguration configuration)
         at System.IdentityModel.Tokens.Jwt.JwtSecurityTokenHandler.ValidateJWS(String token, TokenValidationParameters validationParameters, BaseConfiguration currentConfiguration, SecurityToken& signatureValidatedToken, ExceptionDispatchInfo& exceptionThrown)
      --- End of stack trace from previous location ---
         at System.IdentityModel.Tokens.Jwt.JwtSecurityTokenHandler.ValidateToken(String token, JwtSecurityToken outerToken, TokenValidationParameters validationParameters, SecurityToken& signatureValidatedToken)
         at System.IdentityModel.Tokens.Jwt.JwtSecurityTokenHandler.ValidateToken(String token, TokenValidationParameters validationParameters, SecurityToken& validatedToken)
         at Diten.ApiGateway.Authentication.GatewayJwtAuthenticationHandler.HandleAuthenticateAsync() in C:\Users\user\Desktop\ERP-vNext\gateway\Diten.ApiGateway\Authentication\GatewayJwtAuthenticationHandler.cs:line 48
info: Diten.ApiGateway.Authentication.GatewayJwtAuthenticationHandler[7]
      Bearer was not authenticated. Failure message: Invalid bearer token.
info: Ocelot.Requester.Middleware.HttpRequesterMiddleware[0]
      RequestId: 0HNLH3VCCAEVT:00000002, PreviousRequestId: -
      200 OK status code of request URI: http://localhost:5057/api/personalization/views?moduleKey=Platform&pageKey=ModuleCatalog
dbug: Ocelot.Requester.Middleware.HttpRequesterMiddleware[0]
      RequestId: 0HNLH3VCCAEVT:00000002, PreviousRequestId: -
      Setting HTTP response message...
dbug: Ocelot.Responder.Middleware.ResponderMiddleware[0]
      RequestId: 0HNLH3VCCAEVT:00000002, PreviousRequestId: -
      No pipeline errors: setting and returning completed response...
dbug: Ocelot.Errors.Middleware.ExceptionHandlerMiddleware[0]
      RequestId: 0HNLH3VCCAEVT:00000002, PreviousRequestId: -
      Ocelot pipeline finished
warn: Diten.ApiGateway.Authentication.GatewayJwtAuthenticationHandler[0]
      Gateway JWT authentication failed.
      Microsoft.IdentityModel.Tokens.SecurityTokenNoExpirationException: IDX10225: Lifetime validation failed. The token is missing an Expiration Time. Tokentype: 'System.IdentityModel.Tokens.Jwt.JwtSecurityToken'.
         at Microsoft.IdentityModel.Tokens.ValidatorUtilities.ValidateLifetime(Nullable`1 notBefore, Nullable`1 expires, SecurityToken securityToken, TokenValidationParameters validationParameters)
         at Microsoft.IdentityModel.Tokens.Validators.ValidateLifetime(Nullable`1 notBefore, Nullable`1 expires, SecurityToken securityToken, TokenValidationParameters validationParameters)
         at System.IdentityModel.Tokens.Jwt.JwtSecurityTokenHandler.ValidateLifetime(Nullable`1 notBefore, Nullable`1 expires, JwtSecurityToken jwtToken, TokenValidationParameters validationParameters)
         at System.IdentityModel.Tokens.Jwt.JwtSecurityTokenHandler.ValidateTokenPayload(JwtSecurityToken jwtToken, TokenValidationParameters validationParameters, BaseConfiguration configuration)
         at System.IdentityModel.Tokens.Jwt.JwtSecurityTokenHandler.ValidateJWS(String token, TokenValidationParameters validationParameters, BaseConfiguration currentConfiguration, SecurityToken& signatureValidatedToken, ExceptionDispatchInfo& exceptionThrown)
      --- End of stack trace from previous location ---
         at System.IdentityModel.Tokens.Jwt.JwtSecurityTokenHandler.ValidateToken(String token, JwtSecurityToken outerToken, TokenValidationParameters validationParameters, SecurityToken& signatureValidatedToken)
         at System.IdentityModel.Tokens.Jwt.JwtSecurityTokenHandler.ValidateToken(String token, TokenValidationParameters validationParameters, SecurityToken& validatedToken)
         at Diten.ApiGateway.Authentication.GatewayJwtAuthenticationHandler.HandleAuthenticateAsync() in C:\Users\user\Desktop\ERP-vNext\gateway\Diten.ApiGateway\Authentication\GatewayJwtAuthenticationHandler.cs:line 48
info: Diten.ApiGateway.Authentication.GatewayJwtAuthenticationHandler[7]
      Bearer was not authenticated. Failure message: Invalid bearer token.
warn: Diten.ApiGateway.Authentication.GatewayJwtAuthenticationHandler[0]
      Gateway JWT authentication failed.
      Microsoft.IdentityModel.Tokens.SecurityTokenNoExpirationException: IDX10225: Lifetime validation failed. The token is missing an Expiration Time. Tokentype: 'System.IdentityModel.Tokens.Jwt.JwtSecurityToken'.
         at Microsoft.IdentityModel.Tokens.ValidatorUtilities.ValidateLifetime(Nullable`1 notBefore, Nullable`1 expires, SecurityToken securityToken, TokenValidationParameters validationParameters)
         at Microsoft.IdentityModel.Tokens.Validators.ValidateLifetime(Nullable`1 notBefore, Nullable`1 expires, SecurityToken securityToken, TokenValidationParameters validationParameters)
         at System.IdentityModel.Tokens.Jwt.JwtSecurityTokenHandler.ValidateLifetime(Nullable`1 notBefore, Nullable`1 expires, JwtSecurityToken jwtToken, TokenValidationParameters validationParameters)
         at System.IdentityModel.Tokens.Jwt.JwtSecurityTokenHandler.ValidateTokenPayload(JwtSecurityToken jwtToken, TokenValidationParameters validationParameters, BaseConfiguration configuration)
         at System.IdentityModel.Tokens.Jwt.JwtSecurityTokenHandler.ValidateJWS(String token, TokenValidationParameters validationParameters, BaseConfiguration currentConfiguration, SecurityToken& signatureValidatedToken, ExceptionDispatchInfo& exceptionThrown)
      --- End of stack trace from previous location ---
         at System.IdentityModel.Tokens.Jwt.JwtSecurityTokenHandler.ValidateToken(String token, JwtSecurityToken outerToken, TokenValidationParameters validationParameters, SecurityToken& signatureValidatedToken)
         at System.IdentityModel.Tokens.Jwt.JwtSecurityTokenHandler.ValidateToken(String token, TokenValidationParameters validationParameters, SecurityToken& validatedToken)
         at Diten.ApiGateway.Authentication.GatewayJwtAuthenticationHandler.HandleAuthenticateAsync() in C:\Users\user\Desktop\ERP-vNext\gateway\Diten.ApiGateway\Authentication\GatewayJwtAuthenticationHandler.cs:line 48
info: Diten.ApiGateway.Authentication.GatewayJwtAuthenticationHandler[7]
      Bearer was not authenticated. Failure message: Invalid bearer token.
warn: Diten.ApiGateway.Authentication.GatewayJwtAuthenticationHandler[0]
      Gateway JWT authentication failed.
      Microsoft.IdentityModel.Tokens.SecurityTokenNoExpirationException: IDX10225: Lifetime validation failed. The token is missing an Expiration Time. Tokentype: 'System.IdentityModel.Tokens.Jwt.JwtSecurityToken'.
         at Microsoft.IdentityModel.Tokens.ValidatorUtilities.ValidateLifetime(Nullable`1 notBefore, Nullable`1 expires, SecurityToken securityToken, TokenValidationParameters validationParameters)
         at Microsoft.IdentityModel.Tokens.Validators.ValidateLifetime(Nullable`1 notBefore, Nullable`1 expires, SecurityToken securityToken, TokenValidationParameters validationParameters)
         at System.IdentityModel.Tokens.Jwt.JwtSecurityTokenHandler.ValidateLifetime(Nullable`1 notBefore, Nullable`1 expires, JwtSecurityToken jwtToken, TokenValidationParameters validationParameters)
         at System.IdentityModel.Tokens.Jwt.JwtSecurityTokenHandler.ValidateTokenPayload(JwtSecurityToken jwtToken, TokenValidationParameters validationParameters, BaseConfiguration configuration)
         at System.IdentityModel.Tokens.Jwt.JwtSecurityTokenHandler.ValidateJWS(String token, TokenValidationParameters validationParameters, BaseConfiguration currentConfiguration, SecurityToken& signatureValidatedToken, ExceptionDispatchInfo& exceptionThrown)
      --- End of stack trace from previous location ---
         at System.IdentityModel.Tokens.Jwt.JwtSecurityTokenHandler.ValidateToken(String token, JwtSecurityToken outerToken, TokenValidationParameters validationParameters, SecurityToken& signatureValidatedToken)
         at System.IdentityModel.Tokens.Jwt.JwtSecurityTokenHandler.ValidateToken(String token, TokenValidationParameters validationParameters, SecurityToken& validatedToken)
         at Diten.ApiGateway.Authentication.GatewayJwtAuthenticationHandler.HandleAuthenticateAsync() in C:\Users\user\Desktop\ERP-vNext\gateway\Diten.ApiGateway\Authentication\GatewayJwtAuthenticationHandler.cs:line 48
info: Diten.ApiGateway.Authentication.GatewayJwtAuthenticationHandler[7]
      Bearer was not authenticated. Failure message: Invalid bearer token.
warn: Diten.ApiGateway.Authentication.GatewayJwtAuthenticationHandler[0]
      Gateway JWT authentication failed.
      Microsoft.IdentityModel.Tokens.SecurityTokenNoExpirationException: IDX10225: Lifetime validation failed. The token is missing an Expiration Time. Tokentype: 'System.IdentityModel.Tokens.Jwt.JwtSecurityToken'.
         at Microsoft.IdentityModel.Tokens.ValidatorUtilities.ValidateLifetime(Nullable`1 notBefore, Nullable`1 expires, SecurityToken securityToken, TokenValidationParameters validationParameters)
         at System.IdentityModel.Tokens.Jwt.JwtSecurityTokenHandler.ValidateTokenPayload(JwtSecurityToken jwtToken, TokenValidationParameters validationParameters, BaseConfiguration configuration)
         at System.IdentityModel.Tokens.Jwt.JwtSecurityTokenHandler.ValidateJWS(String token, TokenValidationParameters validationParameters, BaseConfiguration currentConfiguration, SecurityToken& signatureValidatedToken, ExceptionDispatchInfo& exceptionThrown)
      --- End of stack trace from previous location ---
         at System.IdentityModel.Tokens.Jwt.JwtSecurityTokenHandler.ValidateToken(String token, JwtSecurityToken outerToken, TokenValidationParameters validationParameters, SecurityToken& signatureValidatedToken)
         at System.IdentityModel.Tokens.Jwt.JwtSecurityTokenHandler.ValidateToken(String token, TokenValidationParameters validationParameters, SecurityToken& validatedToken)
         at Diten.ApiGateway.Authentication.GatewayJwtAuthenticationHandler.HandleAuthenticateAsync() in C:\Users\user\Desktop\ERP-vNext\gateway\Diten.ApiGateway\Authentication\GatewayJwtAuthenticationHandler.cs:line 48
info: Diten.ApiGateway.Authentication.GatewayJwtAuthenticationHandler[7]
      Bearer was not authenticated. Failure message: Invalid bearer token.
warn: Diten.ApiGateway.Authentication.GatewayJwtAuthenticationHandler[0]
      Gateway JWT authentication failed.
      Microsoft.IdentityModel.Tokens.SecurityTokenNoExpirationException: IDX10225: Lifetime validation failed. The token is missing an Expiration Time. Tokentype: 'System.IdentityModel.Tokens.Jwt.JwtSecurityToken'.
         at Microsoft.IdentityModel.Tokens.ValidatorUtilities.ValidateLifetime(Nullable`1 notBefore, Nullable`1 expires, SecurityToken securityToken, TokenValidationParameters validationParameters)
         at System.IdentityModel.Tokens.Jwt.JwtSecurityTokenHandler.ValidateTokenPayload(JwtSecurityToken jwtToken, TokenValidationParameters validationParameters, BaseConfiguration configuration)
         at System.IdentityModel.Tokens.Jwt.JwtSecurityTokenHandler.ValidateJWS(String token, TokenValidationParameters validationParameters, BaseConfiguration currentConfiguration, SecurityToken& signatureValidatedToken, ExceptionDispatchInfo& exceptionThrown)
      --- End of stack trace from previous location ---
         at System.IdentityModel.Tokens.Jwt.JwtSecurityTokenHandler.ValidateToken(String token, JwtSecurityToken outerToken, TokenValidationParameters validationParameters, SecurityToken& signatureValidatedToken)
         at System.IdentityModel.Tokens.Jwt.JwtSecurityTokenHandler.ValidateToken(String token, TokenValidationParameters validationParameters, SecurityToken& validatedToken)
         at Diten.ApiGateway.Authentication.GatewayJwtAuthenticationHandler.HandleAuthenticateAsync() in C:\Users\user\Desktop\ERP-vNext\gateway\Diten.ApiGateway\Authentication\GatewayJwtAuthenticationHandler.cs:line 48
info: Diten.ApiGateway.Authentication.GatewayJwtAuthenticationHandler[7]
      Bearer was not authenticated. Failure message: Invalid bearer token.
warn: Diten.ApiGateway.Authentication.GatewayJwtAuthenticationHandler[0]
      Gateway JWT authentication failed.
      Microsoft.IdentityModel.Tokens.SecurityTokenNoExpirationException: IDX10225: Lifetime validation failed. The token is missing an Expiration Time. Tokentype: 'System.IdentityModel.Tokens.Jwt.JwtSecurityToken'.
         at Microsoft.IdentityModel.Tokens.ValidatorUtilities.ValidateLifetime(Nullable`1 notBefore, Nullable`1 expires, SecurityToken securityToken, TokenValidationParameters validationParameters)
         at System.IdentityModel.Tokens.Jwt.JwtSecurityTokenHandler.ValidateTokenPayload(JwtSecurityToken jwtToken, TokenValidationParameters validationParameters, BaseConfiguration configuration)
         at System.IdentityModel.Tokens.Jwt.JwtSecurityTokenHandler.ValidateJWS(String token, TokenValidationParameters validationParameters, BaseConfiguration currentConfiguration, SecurityToken& signatureValidatedToken, ExceptionDispatchInfo& exceptionThrown)
      --- End of stack trace from previous location ---
         at System.IdentityModel.Tokens.Jwt.JwtSecurityTokenHandler.ValidateToken(String token, JwtSecurityToken outerToken, TokenValidationParameters validationParameters, SecurityToken& signatureValidatedToken)
         at System.IdentityModel.Tokens.Jwt.JwtSecurityTokenHandler.ValidateToken(String token, TokenValidationParameters validationParameters, SecurityToken& validatedToken)
         at Diten.ApiGateway.Authentication.GatewayJwtAuthenticationHandler.HandleAuthenticateAsync() in C:\Users\user\Desktop\ERP-vNext\gateway\Diten.ApiGateway\Authentication\GatewayJwtAuthenticationHandler.cs:line 48
info: Diten.ApiGateway.Authentication.GatewayJwtAuthenticationHandler[7]
      Bearer was not authenticated. Failure message: Invalid bearer token.
dbug: Ocelot.Errors.Middleware.ExceptionHandlerMiddleware[0]
      RequestId: 0HNLH3VCCAEVT:00000003, PreviousRequestId: -
      Ocelot pipeline started
dbug: Ocelot.DownstreamRouteFinder.Middleware.DownstreamRouteFinderMiddleware[0]
      RequestId: 0HNLH3VCCAEVT:00000003, PreviousRequestId: -
      Upstream URL path: /api/personalization/views
dbug: Ocelot.DownstreamRouteFinder.Middleware.DownstreamRouteFinderMiddleware[0]
      RequestId: 0HNLH3VCCAEVT:00000003, PreviousRequestId: -
      Downstream templates: /api/personalization/views
info: Ocelot.RateLimiting.RateLimitingMiddleware[0]
      RequestId: 0HNLH3VCCAEVT:00000003, PreviousRequestId: -
      Rate limiting is disabled for route '/api/personalization/views' via the EnableRateLimiting option.
info: Ocelot.Authentication.AuthenticationMiddleware[0]
      RequestId: 0HNLH3VCCAEVT:00000003, PreviousRequestId: -
      No authentication is required for the path '/api/personalization/views' in the route /api/personalization/views.
dbug: Ocelot.DownstreamUrlCreator.DownstreamUrlCreatorMiddleware[0]
      RequestId: 0HNLH3VCCAEVT:00000003, PreviousRequestId: -
      Downstream URL: http://localhost:5057/api/personalization/views?moduleKey=Platform&pageKey=Administrators
warn: Diten.ApiGateway.Authentication.GatewayJwtAuthenticationHandler[0]
      Gateway JWT authentication failed.
      Microsoft.IdentityModel.Tokens.SecurityTokenNoExpirationException: IDX10225: Lifetime validation failed. The token is missing an Expiration Time. Tokentype: 'System.IdentityModel.Tokens.Jwt.JwtSecurityToken'.
         at Microsoft.IdentityModel.Tokens.ValidatorUtilities.ValidateLifetime(Nullable`1 notBefore, Nullable`1 expires, SecurityToken securityToken, TokenValidationParameters validationParameters)
         at System.IdentityModel.Tokens.Jwt.JwtSecurityTokenHandler.ValidateTokenPayload(JwtSecurityToken jwtToken, TokenValidationParameters validationParameters, BaseConfiguration configuration)
         at System.IdentityModel.Tokens.Jwt.JwtSecurityTokenHandler.ValidateJWS(String token, TokenValidationParameters validationParameters, BaseConfiguration currentConfiguration, SecurityToken& signatureValidatedToken, ExceptionDispatchInfo& exceptionThrown)
      --- End of stack trace from previous location ---
         at System.IdentityModel.Tokens.Jwt.JwtSecurityTokenHandler.ValidateToken(String token, JwtSecurityToken outerToken, TokenValidationParameters validationParameters, SecurityToken& signatureValidatedToken)
         at System.IdentityModel.Tokens.Jwt.JwtSecurityTokenHandler.ValidateToken(String token, TokenValidationParameters validationParameters, SecurityToken& validatedToken)
         at Diten.ApiGateway.Authentication.GatewayJwtAuthenticationHandler.HandleAuthenticateAsync() in C:\Users\user\Desktop\ERP-vNext\gateway\Diten.ApiGateway\Authentication\GatewayJwtAuthenticationHandler.cs:line 48
info: Diten.ApiGateway.Authentication.GatewayJwtAuthenticationHandler[7]
      Bearer was not authenticated. Failure message: Invalid bearer token.
info: Ocelot.Requester.Middleware.HttpRequesterMiddleware[0]
      RequestId: 0HNLH3VCCAEVT:00000003, PreviousRequestId: -
      200 OK status code of request URI: http://localhost:5057/api/personalization/views?moduleKey=Platform&pageKey=Administrators
dbug: Ocelot.Requester.Middleware.HttpRequesterMiddleware[0]
      RequestId: 0HNLH3VCCAEVT:00000003, PreviousRequestId: -
      Setting HTTP response message...
dbug: Ocelot.Responder.Middleware.ResponderMiddleware[0]
      RequestId: 0HNLH3VCCAEVT:00000003, PreviousRequestId: -
      No pipeline errors: setting and returning completed response...
dbug: Ocelot.Errors.Middleware.ExceptionHandlerMiddleware[0]
      RequestId: 0HNLH3VCCAEVT:00000003, PreviousRequestId: -
      Ocelot pipeline finished
warn: Diten.ApiGateway.Authentication.GatewayJwtAuthenticationHandler[0]
      Gateway JWT authentication failed.
      Microsoft.IdentityModel.Tokens.SecurityTokenNoExpirationException: IDX10225: Lifetime validation failed. The token is missing an Expiration Time. Tokentype: 'System.IdentityModel.Tokens.Jwt.JwtSecurityToken'.
         at Microsoft.IdentityModel.Tokens.ValidatorUtilities.ValidateLifetime(Nullable`1 notBefore, Nullable`1 expires, SecurityToken securityToken, TokenValidationParameters validationParameters)
         at System.IdentityModel.Tokens.Jwt.JwtSecurityTokenHandler.ValidateTokenPayload(JwtSecurityToken jwtToken, TokenValidationParameters validationParameters, BaseConfiguration configuration)
         at System.IdentityModel.Tokens.Jwt.JwtSecurityTokenHandler.ValidateJWS(String token, TokenValidationParameters validationParameters, BaseConfiguration currentConfiguration, SecurityToken& signatureValidatedToken, ExceptionDispatchInfo& exceptionThrown)
      --- End of stack trace from previous location ---
         at System.IdentityModel.Tokens.Jwt.JwtSecurityTokenHandler.ValidateToken(String token, JwtSecurityToken outerToken, TokenValidationParameters validationParameters, SecurityToken& signatureValidatedToken)
         at System.IdentityModel.Tokens.Jwt.JwtSecurityTokenHandler.ValidateToken(String token, TokenValidationParameters validationParameters, SecurityToken& validatedToken)
         at Diten.ApiGateway.Authentication.GatewayJwtAuthenticationHandler.HandleAuthenticateAsync() in C:\Users\user\Desktop\ERP-vNext\gateway\Diten.ApiGateway\Authentication\GatewayJwtAuthenticationHandler.cs:line 48
info: Diten.ApiGateway.Authentication.GatewayJwtAuthenticationHandler[7]
      Bearer was not authenticated. Failure message: Invalid bearer token.
warn: Diten.ApiGateway.Authentication.GatewayJwtAuthenticationHandler[0]
      Gateway JWT authentication failed.
      Microsoft.IdentityModel.Tokens.SecurityTokenNoExpirationException: IDX10225: Lifetime validation failed. The token is missing an Expiration Time. Tokentype: 'System.IdentityModel.Tokens.Jwt.JwtSecurityToken'.
         at Microsoft.IdentityModel.Tokens.ValidatorUtilities.ValidateLifetime(Nullable`1 notBefore, Nullable`1 expires, SecurityToken securityToken, TokenValidationParameters validationParameters)
         at System.IdentityModel.Tokens.Jwt.JwtSecurityTokenHandler.ValidateTokenPayload(JwtSecurityToken jwtToken, TokenValidationParameters validationParameters, BaseConfiguration configuration)
         at System.IdentityModel.Tokens.Jwt.JwtSecurityTokenHandler.ValidateJWS(String token, TokenValidationParameters validationParameters, BaseConfiguration currentConfiguration, SecurityToken& signatureValidatedToken, ExceptionDispatchInfo& exceptionThrown)
      --- End of stack trace from previous location ---
         at System.IdentityModel.Tokens.Jwt.JwtSecurityTokenHandler.ValidateToken(String token, JwtSecurityToken outerToken, TokenValidationParameters validationParameters, SecurityToken& signatureValidatedToken)
         at System.IdentityModel.Tokens.Jwt.JwtSecurityTokenHandler.ValidateToken(String token, TokenValidationParameters validationParameters, SecurityToken& validatedToken)
         at Diten.ApiGateway.Authentication.GatewayJwtAuthenticationHandler.HandleAuthenticateAsync() in C:\Users\user\Desktop\ERP-vNext\gateway\Diten.ApiGateway\Authentication\GatewayJwtAuthenticationHandler.cs:line 48
info: Diten.ApiGateway.Authentication.GatewayJwtAuthenticationHandler[7]
      Bearer was not authenticated. Failure message: Invalid bearer token.
warn: Diten.ApiGateway.Authentication.GatewayJwtAuthenticationHandler[0]
      Gateway JWT authentication failed.
      Microsoft.IdentityModel.Tokens.SecurityTokenNoExpirationException: IDX10225: Lifetime validation failed. The token is missing an Expiration Time. Tokentype: 'System.IdentityModel.Tokens.Jwt.JwtSecurityToken'.
         at Microsoft.IdentityModel.Tokens.ValidatorUtilities.ValidateLifetime(Nullable`1 notBefore, Nullable`1 expires, SecurityToken securityToken, TokenValidationParameters validationParameters)
         at System.IdentityModel.Tokens.Jwt.JwtSecurityTokenHandler.ValidateTokenPayload(JwtSecurityToken jwtToken, TokenValidationParameters validationParameters, BaseConfiguration configuration)
         at System.IdentityModel.Tokens.Jwt.JwtSecurityTokenHandler.ValidateJWS(String token, TokenValidationParameters validationParameters, BaseConfiguration currentConfiguration, SecurityToken& signatureValidatedToken, ExceptionDispatchInfo& exceptionThrown)
      --- End of stack trace from previous location ---
         at System.IdentityModel.Tokens.Jwt.JwtSecurityTokenHandler.ValidateToken(String token, JwtSecurityToken outerToken, TokenValidationParameters validationParameters, SecurityToken& signatureValidatedToken)
         at System.IdentityModel.Tokens.Jwt.JwtSecurityTokenHandler.ValidateToken(String token, TokenValidationParameters validationParameters, SecurityToken& validatedToken)
         at Diten.ApiGateway.Authentication.GatewayJwtAuthenticationHandler.HandleAuthenticateAsync() in C:\Users\user\Desktop\ERP-vNext\gateway\Diten.ApiGateway\Authentication\GatewayJwtAuthenticationHandler.cs:line 48
info: Diten.ApiGateway.Authentication.GatewayJwtAuthenticationHandler[7]
      Bearer was not authenticated. Failure message: Invalid bearer token.
warn: Diten.ApiGateway.Authentication.GatewayJwtAuthenticationHandler[0]
      Gateway JWT authentication failed.
      Microsoft.IdentityModel.Tokens.SecurityTokenNoExpirationException: IDX10225: Lifetime validation failed. The token is missing an Expiration Time. Tokentype: 'System.IdentityModel.Tokens.Jwt.JwtSecurityToken'.
         at Microsoft.IdentityModel.Tokens.ValidatorUtilities.ValidateLifetime(Nullable`1 notBefore, Nullable`1 expires, SecurityToken securityToken, TokenValidationParameters validationParameters)
         at System.IdentityModel.Tokens.Jwt.JwtSecurityTokenHandler.ValidateTokenPayload(JwtSecurityToken jwtToken, TokenValidationParameters validationParameters, BaseConfiguration configuration)
         at System.IdentityModel.Tokens.Jwt.JwtSecurityTokenHandler.ValidateJWS(String token, TokenValidationParameters validationParameters, BaseConfiguration currentConfiguration, SecurityToken& signatureValidatedToken, ExceptionDispatchInfo& exceptionThrown)
      --- End of stack trace from previous location ---
         at System.IdentityModel.Tokens.Jwt.JwtSecurityTokenHandler.ValidateToken(String token, JwtSecurityToken outerToken, TokenValidationParameters validationParameters, SecurityToken& signatureValidatedToken)
         at System.IdentityModel.Tokens.Jwt.JwtSecurityTokenHandler.ValidateToken(String token, TokenValidationParameters validationParameters, SecurityToken& validatedToken)
         at Diten.ApiGateway.Authentication.GatewayJwtAuthenticationHandler.HandleAuthenticateAsync() in C:\Users\user\Desktop\ERP-vNext\gateway\Diten.ApiGateway\Authentication\GatewayJwtAuthenticationHandler.cs:line 48
info: Diten.ApiGateway.Authentication.GatewayJwtAuthenticationHandler[7]
      Bearer was not authenticated. Failure message: Invalid bearer token.
warn: Diten.ApiGateway.Authentication.GatewayJwtAuthenticationHandler[0]
      Gateway JWT authentication failed.
      Microsoft.IdentityModel.Tokens.SecurityTokenNoExpirationException: IDX10225: Lifetime validation failed. The token is missing an Expiration Time. Tokentype: 'System.IdentityModel.Tokens.Jwt.JwtSecurityToken'.
         at Microsoft.IdentityModel.Tokens.ValidatorUtilities.ValidateLifetime(Nullable`1 notBefore, Nullable`1 expires, SecurityToken securityToken, TokenValidationParameters validationParameters)
         at System.IdentityModel.Tokens.Jwt.JwtSecurityTokenHandler.ValidateTokenPayload(JwtSecurityToken jwtToken, TokenValidationParameters validationParameters, BaseConfiguration configuration)
         at System.IdentityModel.Tokens.Jwt.JwtSecurityTokenHandler.ValidateJWS(String token, TokenValidationParameters validationParameters, BaseConfiguration currentConfiguration, SecurityToken& signatureValidatedToken, ExceptionDispatchInfo& exceptionThrown)
      --- End of stack trace from previous location ---
         at System.IdentityModel.Tokens.Jwt.JwtSecurityTokenHandler.ValidateToken(String token, JwtSecurityToken outerToken, TokenValidationParameters validationParameters, SecurityToken& signatureValidatedToken)
         at System.IdentityModel.Tokens.Jwt.JwtSecurityTokenHandler.ValidateToken(String token, TokenValidationParameters validationParameters, SecurityToken& validatedToken)
         at Diten.ApiGateway.Authentication.GatewayJwtAuthenticationHandler.HandleAuthenticateAsync() in C:\Users\user\Desktop\ERP-vNext\gateway\Diten.ApiGateway\Authentication\GatewayJwtAuthenticationHandler.cs:line 48
info: Diten.ApiGateway.Authentication.GatewayJwtAuthenticationHandler[7]
      Bearer was not authenticated. Failure message: Invalid bearer token.
warn: Diten.ApiGateway.Authentication.GatewayJwtAuthenticationHandler[0]
      Gateway JWT authentication failed.
      Microsoft.IdentityModel.Tokens.SecurityTokenNoExpirationException: IDX10225: Lifetime validation failed. The token is missing an Expiration Time. Tokentype: 'System.IdentityModel.Tokens.Jwt.JwtSecurityToken'.
         at Microsoft.IdentityModel.Tokens.ValidatorUtilities.ValidateLifetime(Nullable`1 notBefore, Nullable`1 expires, SecurityToken securityToken, TokenValidationParameters validationParameters)
         at System.IdentityModel.Tokens.Jwt.JwtSecurityTokenHandler.ValidateTokenPayload(JwtSecurityToken jwtToken, TokenValidationParameters validationParameters, BaseConfiguration configuration)
         at System.IdentityModel.Tokens.Jwt.JwtSecurityTokenHandler.ValidateJWS(String token, TokenValidationParameters validationParameters, BaseConfiguration currentConfiguration, SecurityToken& signatureValidatedToken, ExceptionDispatchInfo& exceptionThrown)
      --- End of stack trace from previous location ---
         at System.IdentityModel.Tokens.Jwt.JwtSecurityTokenHandler.ValidateToken(String token, JwtSecurityToken outerToken, TokenValidationParameters validationParameters, SecurityToken& signatureValidatedToken)
         at System.IdentityModel.Tokens.Jwt.JwtSecurityTokenHandler.ValidateToken(String token, TokenValidationParameters validationParameters, SecurityToken& validatedToken)
         at Diten.ApiGateway.Authentication.GatewayJwtAuthenticationHandler.HandleAuthenticateAsync() in C:\Users\user\Desktop\ERP-vNext\gateway\Diten.ApiGateway\Authentication\GatewayJwtAuthenticationHandler.cs:line 48
info: Diten.ApiGateway.Authentication.GatewayJwtAuthenticationHandler[7]
      Bearer was not authenticated. Failure message: Invalid bearer token.
warn: Diten.ApiGateway.Authentication.GatewayJwtAuthenticationHandler[0]
      Gateway JWT authentication failed.
      Microsoft.IdentityModel.Tokens.SecurityTokenNoExpirationException: IDX10225: Lifetime validation failed. The token is missing an Expiration Time. Tokentype: 'System.IdentityModel.Tokens.Jwt.JwtSecurityToken'.
         at Microsoft.IdentityModel.Tokens.ValidatorUtilities.ValidateLifetime(Nullable`1 notBefore, Nullable`1 expires, SecurityToken securityToken, TokenValidationParameters validationParameters)
         at System.IdentityModel.Tokens.Jwt.JwtSecurityTokenHandler.ValidateTokenPayload(JwtSecurityToken jwtToken, TokenValidationParameters validationParameters, BaseConfiguration configuration)
         at System.IdentityModel.Tokens.Jwt.JwtSecurityTokenHandler.ValidateJWS(String token, TokenValidationParameters validationParameters, BaseConfiguration currentConfiguration, SecurityToken& signatureValidatedToken, ExceptionDispatchInfo& exceptionThrown)
      --- End of stack trace from previous location ---
         at System.IdentityModel.Tokens.Jwt.JwtSecurityTokenHandler.ValidateToken(String token, JwtSecurityToken outerToken, TokenValidationParameters validationParameters, SecurityToken& signatureValidatedToken)
         at System.IdentityModel.Tokens.Jwt.JwtSecurityTokenHandler.ValidateToken(String token, TokenValidationParameters validationParameters, SecurityToken& validatedToken)
         at Diten.ApiGateway.Authentication.GatewayJwtAuthenticationHandler.HandleAuthenticateAsync() in C:\Users\user\Desktop\ERP-vNext\gateway\Diten.ApiGateway\Authentication\GatewayJwtAuthenticationHandler.cs:line 48
info: Diten.ApiGateway.Authentication.GatewayJwtAuthenticationHandler[7]
      Bearer was not authenticated. Failure message: Invalid bearer token.
warn: Diten.ApiGateway.Authentication.GatewayJwtAuthenticationHandler[0]
      Gateway JWT authentication failed.
      Microsoft.IdentityModel.Tokens.SecurityTokenNoExpirationException: IDX10225: Lifetime validation failed. The token is missing an Expiration Time. Tokentype: 'System.IdentityModel.Tokens.Jwt.JwtSecurityToken'.
         at Microsoft.IdentityModel.Tokens.ValidatorUtilities.ValidateLifetime(Nullable`1 notBefore, Nullable`1 expires, SecurityToken securityToken, TokenValidationParameters validationParameters)
         at System.IdentityModel.Tokens.Jwt.JwtSecurityTokenHandler.ValidateTokenPayload(JwtSecurityToken jwtToken, TokenValidationParameters validationParameters, BaseConfiguration configuration)
         at System.IdentityModel.Tokens.Jwt.JwtSecurityTokenHandler.ValidateJWS(String token, TokenValidationParameters validationParameters, BaseConfiguration currentConfiguration, SecurityToken& signatureValidatedToken, ExceptionDispatchInfo& exceptionThrown)
      --- End of stack trace from previous location ---
         at System.IdentityModel.Tokens.Jwt.JwtSecurityTokenHandler.ValidateToken(String token, JwtSecurityToken outerToken, TokenValidationParameters validationParameters, SecurityToken& signatureValidatedToken)
         at System.IdentityModel.Tokens.Jwt.JwtSecurityTokenHandler.ValidateToken(String token, TokenValidationParameters validationParameters, SecurityToken& validatedToken)
         at Diten.ApiGateway.Authentication.GatewayJwtAuthenticationHandler.HandleAuthenticateAsync() in C:\Users\user\Desktop\ERP-vNext\gateway\Diten.ApiGateway\Authentication\GatewayJwtAuthenticationHandler.cs:line 48
warn: Diten.ApiGateway.Authentication.GatewayJwtAuthenticationHandler[0]
      Gateway JWT authentication failed.
      Microsoft.IdentityModel.Tokens.SecurityTokenNoExpirationException: IDX10225: Lifetime validation failed. The token is missing an Expiration Time. Tokentype: 'System.IdentityModel.Tokens.Jwt.JwtSecurityToken'.
         at Microsoft.IdentityModel.Tokens.ValidatorUtilities.ValidateLifetime(Nullable`1 notBefore, Nullable`1 expires, SecurityToken securityToken, TokenValidationParameters validationParameters)
         at System.IdentityModel.Tokens.Jwt.JwtSecurityTokenHandler.ValidateTokenPayload(JwtSecurityToken jwtToken, TokenValidationParameters validationParameters, BaseConfiguration configuration)
         at System.IdentityModel.Tokens.Jwt.JwtSecurityTokenHandler.ValidateJWS(String token, TokenValidationParameters validationParameters, BaseConfiguration currentConfiguration, SecurityToken& signatureValidatedToken, ExceptionDispatchInfo& exceptionThrown)
      --- End of stack trace from previous location ---
         at System.IdentityModel.Tokens.Jwt.JwtSecurityTokenHandler.ValidateToken(String token, JwtSecurityToken outerToken, TokenValidationParameters validationParameters, SecurityToken& signatureValidatedToken)
         at System.IdentityModel.Tokens.Jwt.JwtSecurityTokenHandler.ValidateToken(String token, TokenValidationParameters validationParameters, SecurityToken& validatedToken)
         at Diten.ApiGateway.Authentication.GatewayJwtAuthenticationHandler.HandleAuthenticateAsync() in C:\Users\user\Desktop\ERP-vNext\gateway\Diten.ApiGateway\Authentication\GatewayJwtAuthenticationHandler.cs:line 48
info: Diten.ApiGateway.Authentication.GatewayJwtAuthenticationHandler[7]
      Bearer was not authenticated. Failure message: Invalid bearer token.
info: Diten.ApiGateway.Authentication.GatewayJwtAuthenticationHandler[7]
      Bearer was not authenticated. Failure message: Invalid bearer token.
warn: Diten.ApiGateway.Authentication.GatewayJwtAuthenticationHandler[0]
      Gateway JWT authentication failed.
      Microsoft.IdentityModel.Tokens.SecurityTokenNoExpirationException: IDX10225: Lifetime validation failed. The token is missing an Expiration Time. Tokentype: 'System.IdentityModel.Tokens.Jwt.JwtSecurityToken'.
         at Microsoft.IdentityModel.Tokens.ValidatorUtilities.ValidateLifetime(Nullable`1 notBefore, Nullable`1 expires, SecurityToken securityToken, TokenValidationParameters validationParameters)
         at System.IdentityModel.Tokens.Jwt.JwtSecurityTokenHandler.ValidateTokenPayload(JwtSecurityToken jwtToken, TokenValidationParameters validationParameters, BaseConfiguration configuration)
         at System.IdentityModel.Tokens.Jwt.JwtSecurityTokenHandler.ValidateJWS(String token, TokenValidationParameters validationParameters, BaseConfiguration currentConfiguration, SecurityToken& signatureValidatedToken, ExceptionDispatchInfo& exceptionThrown)
      --- End of stack trace from previous location ---
         at System.IdentityModel.Tokens.Jwt.JwtSecurityTokenHandler.ValidateToken(String token, JwtSecurityToken outerToken, TokenValidationParameters validationParameters, SecurityToken& signatureValidatedToken)
         at System.IdentityModel.Tokens.Jwt.JwtSecurityTokenHandler.ValidateToken(String token, TokenValidationParameters validationParameters, SecurityToken& validatedToken)
         at Diten.ApiGateway.Authentication.GatewayJwtAuthenticationHandler.HandleAuthenticateAsync() in C:\Users\user\Desktop\ERP-vNext\gateway\Diten.ApiGateway\Authentication\GatewayJwtAuthenticationHandler.cs:line 48
info: Diten.ApiGateway.Authentication.GatewayJwtAuthenticationHandler[7]
      Bearer was not authenticated. Failure message: Invalid bearer token.
dbug: Ocelot.Errors.Middleware.ExceptionHandlerMiddleware[0]
      RequestId: 0HNLH3VCCAEVT:00000004, PreviousRequestId: -
      Ocelot pipeline started
dbug: Ocelot.DownstreamRouteFinder.Middleware.DownstreamRouteFinderMiddleware[0]
      RequestId: 0HNLH3VCCAEVT:00000004, PreviousRequestId: -
      Upstream URL path: /api/personalization/views
dbug: Ocelot.DownstreamRouteFinder.Middleware.DownstreamRouteFinderMiddleware[0]
      RequestId: 0HNLH3VCCAEVT:00000004, PreviousRequestId: -
      Downstream templates: /api/personalization/views
info: Ocelot.RateLimiting.RateLimitingMiddleware[0]
      RequestId: 0HNLH3VCCAEVT:00000004, PreviousRequestId: -
      Rate limiting is disabled for route '/api/personalization/views' via the EnableRateLimiting option.
info: Ocelot.Authentication.AuthenticationMiddleware[0]
      RequestId: 0HNLH3VCCAEVT:00000004, PreviousRequestId: -
      No authentication is required for the path '/api/personalization/views' in the route /api/personalization/views.
dbug: Ocelot.DownstreamUrlCreator.DownstreamUrlCreatorMiddleware[0]
      RequestId: 0HNLH3VCCAEVT:00000004, PreviousRequestId: -
      Downstream URL: http://localhost:5057/api/personalization/views?moduleKey=Platform&pageKey=Tenants
info: Ocelot.Requester.Middleware.HttpRequesterMiddleware[0]
      RequestId: 0HNLH3VCCAEVT:00000004, PreviousRequestId: -
      200 OK status code of request URI: http://localhost:5057/api/personalization/views?moduleKey=Platform&pageKey=Tenants
dbug: Ocelot.Requester.Middleware.HttpRequesterMiddleware[0]
      RequestId: 0HNLH3VCCAEVT:00000004, PreviousRequestId: -
      Setting HTTP response message...
dbug: Ocelot.Responder.Middleware.ResponderMiddleware[0]
      RequestId: 0HNLH3VCCAEVT:00000004, PreviousRequestId: -
      No pipeline errors: setting and returning completed response...
dbug: Ocelot.Errors.Middleware.ExceptionHandlerMiddleware[0]
      RequestId: 0HNLH3VCCAEVT:00000004, PreviousRequestId: -
      Ocelot pipeline finished
warn: Diten.ApiGateway.Authentication.GatewayJwtAuthenticationHandler[0]
      Gateway JWT authentication failed.
      Microsoft.IdentityModel.Tokens.SecurityTokenNoExpirationException: IDX10225: Lifetime validation failed. The token is missing an Expiration Time. Tokentype: 'System.IdentityModel.Tokens.Jwt.JwtSecurityToken'.
         at Microsoft.IdentityModel.Tokens.ValidatorUtilities.ValidateLifetime(Nullable`1 notBefore, Nullable`1 expires, SecurityToken securityToken, TokenValidationParameters validationParameters)
         at System.IdentityModel.Tokens.Jwt.JwtSecurityTokenHandler.ValidateTokenPayload(JwtSecurityToken jwtToken, TokenValidationParameters validationParameters, BaseConfiguration configuration)
         at System.IdentityModel.Tokens.Jwt.JwtSecurityTokenHandler.ValidateJWS(String token, TokenValidationParameters validationParameters, BaseConfiguration currentConfiguration, SecurityToken& signatureValidatedToken, ExceptionDispatchInfo& exceptionThrown)
      --- End of stack trace from previous location ---
         at System.IdentityModel.Tokens.Jwt.JwtSecurityTokenHandler.ValidateToken(String token, JwtSecurityToken outerToken, TokenValidationParameters validationParameters, SecurityToken& signatureValidatedToken)
         at System.IdentityModel.Tokens.Jwt.JwtSecurityTokenHandler.ValidateToken(String token, TokenValidationParameters validationParameters, SecurityToken& validatedToken)
         at Diten.ApiGateway.Authentication.GatewayJwtAuthenticationHandler.HandleAuthenticateAsync() in C:\Users\user\Desktop\ERP-vNext\gateway\Diten.ApiGateway\Authentication\GatewayJwtAuthenticationHandler.cs:line 48
info: Diten.ApiGateway.Authentication.GatewayJwtAuthenticationHandler[7]
      Bearer was not authenticated. Failure message: Invalid bearer token.
dbug: Ocelot.Errors.Middleware.ExceptionHandlerMiddleware[0]
      RequestId: 0HNLH3VCCAF00:00000001, PreviousRequestId: -
      Ocelot pipeline started
dbug: Ocelot.DownstreamRouteFinder.Middleware.DownstreamRouteFinderMiddleware[0]
      RequestId: 0HNLH3VCCAF00:00000001, PreviousRequestId: -
      Upstream URL path: /api/platform-auth/login
dbug: Ocelot.DownstreamRouteFinder.Middleware.DownstreamRouteFinderMiddleware[0]
      RequestId: 0HNLH3VCCAF00:00000001, PreviousRequestId: -
      Downstream templates: /api/platform-auth/{everything}
info: Ocelot.RateLimiting.RateLimitingMiddleware[0]
      RequestId: 0HNLH3VCCAF00:00000001, PreviousRequestId: -
      Rate limiting is disabled for route '/api/platform-auth/{everything}' via the EnableRateLimiting option.
info: Ocelot.Authentication.AuthenticationMiddleware[0]
      RequestId: 0HNLH3VCCAF00:00000001, PreviousRequestId: -
      No authentication is required for the path '/api/platform-auth/login' in the route /api/platform-auth/{everything}.
dbug: Ocelot.DownstreamUrlCreator.DownstreamUrlCreatorMiddleware[0]
      RequestId: 0HNLH3VCCAF00:00000001, PreviousRequestId: -
      Downstream URL: http://localhost:5056/api/platform-auth/login
info: Ocelot.Requester.Middleware.HttpRequesterMiddleware[0]
      RequestId: 0HNLH3VCCAF00:00000001, PreviousRequestId: -
      200 OK status code of request URI: http://localhost:5056/api/platform-auth/login
dbug: Ocelot.Requester.Middleware.HttpRequesterMiddleware[0]
      RequestId: 0HNLH3VCCAF00:00000001, PreviousRequestId: -
      Setting HTTP response message...
dbug: Ocelot.Responder.Middleware.ResponderMiddleware[0]
      RequestId: 0HNLH3VCCAF00:00000001, PreviousRequestId: -
      No pipeline errors: setting and returning completed response...
dbug: Ocelot.Errors.Middleware.ExceptionHandlerMiddleware[0]
      RequestId: 0HNLH3VCCAF00:00000001, PreviousRequestId: -
      Ocelot pipeline finished
warn: Diten.ApiGateway.Authentication.GatewayJwtAuthenticationHandler[0]
      Gateway JWT authentication failed.
      Microsoft.IdentityModel.Tokens.SecurityTokenNoExpirationException: IDX10225: Lifetime validation failed. The token is missing an Expiration Time. Tokentype: 'System.IdentityModel.Tokens.Jwt.JwtSecurityToken'.
         at Microsoft.IdentityModel.Tokens.ValidatorUtilities.ValidateLifetime(Nullable`1 notBefore, Nullable`1 expires, SecurityToken securityToken, TokenValidationParameters validationParameters)
         at System.IdentityModel.Tokens.Jwt.JwtSecurityTokenHandler.ValidateTokenPayload(JwtSecurityToken jwtToken, TokenValidationParameters validationParameters, BaseConfiguration configuration)
         at System.IdentityModel.Tokens.Jwt.JwtSecurityTokenHandler.ValidateJWS(String token, TokenValidationParameters validationParameters, BaseConfiguration currentConfiguration, SecurityToken& signatureValidatedToken, ExceptionDispatchInfo& exceptionThrown)
      --- End of stack trace from previous location ---
         at System.IdentityModel.Tokens.Jwt.JwtSecurityTokenHandler.ValidateToken(String token, JwtSecurityToken outerToken, TokenValidationParameters validationParameters, SecurityToken& signatureValidatedToken)
         at System.IdentityModel.Tokens.Jwt.JwtSecurityTokenHandler.ValidateToken(String token, TokenValidationParameters validationParameters, SecurityToken& validatedToken)
         at Diten.ApiGateway.Authentication.GatewayJwtAuthenticationHandler.HandleAuthenticateAsync() in C:\Users\user\Desktop\ERP-vNext\gateway\Diten.ApiGateway\Authentication\GatewayJwtAuthenticationHandler.cs:line 48
info: Diten.ApiGateway.Authentication.GatewayJwtAuthenticationHandler[7]
      Bearer was not authenticated. Failure message: Invalid bearer token.
dbug: Ocelot.Errors.Middleware.ExceptionHandlerMiddleware[0]
      RequestId: 0HNLH3VCCAF01:00000001, PreviousRequestId: -
      Ocelot pipeline started
dbug: Ocelot.DownstreamRouteFinder.Middleware.DownstreamRouteFinderMiddleware[0]
      RequestId: 0HNLH3VCCAF01:00000001, PreviousRequestId: -
      Upstream URL path: /api/personalization/views
dbug: Ocelot.DownstreamRouteFinder.Middleware.DownstreamRouteFinderMiddleware[0]
      RequestId: 0HNLH3VCCAF01:00000001, PreviousRequestId: -
      Downstream templates: /api/personalization/views
info: Ocelot.RateLimiting.RateLimitingMiddleware[0]
      RequestId: 0HNLH3VCCAF01:00000001, PreviousRequestId: -
      Rate limiting is disabled for route '/api/personalization/views' via the EnableRateLimiting option.
info: Ocelot.Authentication.AuthenticationMiddleware[0]
      RequestId: 0HNLH3VCCAF01:00000001, PreviousRequestId: -
      No authentication is required for the path '/api/personalization/views' in the route /api/personalization/views.
dbug: Ocelot.DownstreamUrlCreator.DownstreamUrlCreatorMiddleware[0]
      RequestId: 0HNLH3VCCAF01:00000001, PreviousRequestId: -
      Downstream URL: http://localhost:5057/api/personalization/views?moduleKey=Platform&pageKey=Tenants
info: Ocelot.Requester.Middleware.HttpRequesterMiddleware[0]
      RequestId: 0HNLH3VCCAF01:00000001, PreviousRequestId: -
      200 OK status code of request URI: http://localhost:5057/api/personalization/views?moduleKey=Platform&pageKey=Tenants
dbug: Ocelot.Requester.Middleware.HttpRequesterMiddleware[0]
      RequestId: 0HNLH3VCCAF01:00000001, PreviousRequestId: -
      Setting HTTP response message...
dbug: Ocelot.Responder.Middleware.ResponderMiddleware[0]
      RequestId: 0HNLH3VCCAF01:00000001, PreviousRequestId: -
      No pipeline errors: setting and returning completed response...
dbug: Ocelot.Errors.Middleware.ExceptionHandlerMiddleware[0]
      RequestId: 0HNLH3VCCAF01:00000001, PreviousRequestId: -
      Ocelot pipeline finished
warn: Diten.ApiGateway.Authentication.GatewayJwtAuthenticationHandler[0]
      Gateway JWT authentication failed.
      Microsoft.IdentityModel.Tokens.SecurityTokenNoExpirationException: IDX10225: Lifetime validation failed. The token is missing an Expiration Time. Tokentype: 'System.IdentityModel.Tokens.Jwt.JwtSecurityToken'.
         at Microsoft.IdentityModel.Tokens.ValidatorUtilities.ValidateLifetime(Nullable`1 notBefore, Nullable`1 expires, SecurityToken securityToken, TokenValidationParameters validationParameters)
         at System.IdentityModel.Tokens.Jwt.JwtSecurityTokenHandler.ValidateTokenPayload(JwtSecurityToken jwtToken, TokenValidationParameters validationParameters, BaseConfiguration configuration)
         at System.IdentityModel.Tokens.Jwt.JwtSecurityTokenHandler.ValidateJWS(String token, TokenValidationParameters validationParameters, BaseConfiguration currentConfiguration, SecurityToken& signatureValidatedToken, ExceptionDispatchInfo& exceptionThrown)
      --- End of stack trace from previous location ---
         at System.IdentityModel.Tokens.Jwt.JwtSecurityTokenHandler.ValidateToken(String token, JwtSecurityToken outerToken, TokenValidationParameters validationParameters, SecurityToken& signatureValidatedToken)
         at System.IdentityModel.Tokens.Jwt.JwtSecurityTokenHandler.ValidateToken(String token, TokenValidationParameters validationParameters, SecurityToken& validatedToken)
         at Diten.ApiGateway.Authentication.GatewayJwtAuthenticationHandler.HandleAuthenticateAsync() in C:\Users\user\Desktop\ERP-vNext\gateway\Diten.ApiGateway\Authentication\GatewayJwtAuthenticationHandler.cs:line 48
info: Diten.ApiGateway.Authentication.GatewayJwtAuthenticationHandler[7]
      Bearer was not authenticated. Failure message: Invalid bearer token.
warn: Diten.ApiGateway.Authentication.GatewayJwtAuthenticationHandler[0]
      Gateway JWT authentication failed.
      Microsoft.IdentityModel.Tokens.SecurityTokenNoExpirationException: IDX10225: Lifetime validation failed. The token is missing an Expiration Time. Tokentype: 'System.IdentityModel.Tokens.Jwt.JwtSecurityToken'.
         at Microsoft.IdentityModel.Tokens.ValidatorUtilities.ValidateLifetime(Nullable`1 notBefore, Nullable`1 expires, SecurityToken securityToken, TokenValidationParameters validationParameters)
         at System.IdentityModel.Tokens.Jwt.JwtSecurityTokenHandler.ValidateTokenPayload(JwtSecurityToken jwtToken, TokenValidationParameters validationParameters, BaseConfiguration configuration)
         at System.IdentityModel.Tokens.Jwt.JwtSecurityTokenHandler.ValidateJWS(String token, TokenValidationParameters validationParameters, BaseConfiguration currentConfiguration, SecurityToken& signatureValidatedToken, ExceptionDispatchInfo& exceptionThrown)
      --- End of stack trace from previous location ---
         at System.IdentityModel.Tokens.Jwt.JwtSecurityTokenHandler.ValidateToken(String token, JwtSecurityToken outerToken, TokenValidationParameters validationParameters, SecurityToken& signatureValidatedToken)
         at System.IdentityModel.Tokens.Jwt.JwtSecurityTokenHandler.ValidateToken(String token, TokenValidationParameters validationParameters, SecurityToken& validatedToken)
         at Diten.ApiGateway.Authentication.GatewayJwtAuthenticationHandler.HandleAuthenticateAsync() in C:\Users\user\Desktop\ERP-vNext\gateway\Diten.ApiGateway\Authentication\GatewayJwtAuthenticationHandler.cs:line 48
info: Diten.ApiGateway.Authentication.GatewayJwtAuthenticationHandler[7]
      Bearer was not authenticated. Failure message: Invalid bearer token.
dbug: Ocelot.Errors.Middleware.ExceptionHandlerMiddleware[0]
      RequestId: 0HNLH3VCCAF01:00000002, PreviousRequestId: -
      Ocelot pipeline started
dbug: Ocelot.DownstreamRouteFinder.Middleware.DownstreamRouteFinderMiddleware[0]
      RequestId: 0HNLH3VCCAF01:00000002, PreviousRequestId: -
      Upstream URL path: /api/personalization/views
dbug: Ocelot.DownstreamRouteFinder.Middleware.DownstreamRouteFinderMiddleware[0]
      RequestId: 0HNLH3VCCAF01:00000002, PreviousRequestId: -
      Downstream templates: /api/personalization/views
info: Ocelot.RateLimiting.RateLimitingMiddleware[0]
      RequestId: 0HNLH3VCCAF01:00000002, PreviousRequestId: -
      Rate limiting is disabled for route '/api/personalization/views' via the EnableRateLimiting option.
info: Ocelot.Authentication.AuthenticationMiddleware[0]
      RequestId: 0HNLH3VCCAF01:00000002, PreviousRequestId: -
      No authentication is required for the path '/api/personalization/views' in the route /api/personalization/views.
dbug: Ocelot.DownstreamUrlCreator.DownstreamUrlCreatorMiddleware[0]
      RequestId: 0HNLH3VCCAF01:00000002, PreviousRequestId: -
      Downstream URL: http://localhost:5057/api/personalization/views?moduleKey=Platform&pageKey=Administrators
warn: Diten.ApiGateway.Authentication.GatewayJwtAuthenticationHandler[0]
      Gateway JWT authentication failed.
      Microsoft.IdentityModel.Tokens.SecurityTokenNoExpirationException: IDX10225: Lifetime validation failed. The token is missing an Expiration Time. Tokentype: 'System.IdentityModel.Tokens.Jwt.JwtSecurityToken'.
         at Microsoft.IdentityModel.Tokens.ValidatorUtilities.ValidateLifetime(Nullable`1 notBefore, Nullable`1 expires, SecurityToken securityToken, TokenValidationParameters validationParameters)
         at System.IdentityModel.Tokens.Jwt.JwtSecurityTokenHandler.ValidateTokenPayload(JwtSecurityToken jwtToken, TokenValidationParameters validationParameters, BaseConfiguration configuration)
         at System.IdentityModel.Tokens.Jwt.JwtSecurityTokenHandler.ValidateJWS(String token, TokenValidationParameters validationParameters, BaseConfiguration currentConfiguration, SecurityToken& signatureValidatedToken, ExceptionDispatchInfo& exceptionThrown)
      --- End of stack trace from previous location ---
         at System.IdentityModel.Tokens.Jwt.JwtSecurityTokenHandler.ValidateToken(String token, JwtSecurityToken outerToken, TokenValidationParameters validationParameters, SecurityToken& signatureValidatedToken)
         at System.IdentityModel.Tokens.Jwt.JwtSecurityTokenHandler.ValidateToken(String token, TokenValidationParameters validationParameters, SecurityToken& validatedToken)
         at Diten.ApiGateway.Authentication.GatewayJwtAuthenticationHandler.HandleAuthenticateAsync() in C:\Users\user\Desktop\ERP-vNext\gateway\Diten.ApiGateway\Authentication\GatewayJwtAuthenticationHandler.cs:line 48
info: Diten.ApiGateway.Authentication.GatewayJwtAuthenticationHandler[7]
      Bearer was not authenticated. Failure message: Invalid bearer token.
info: Ocelot.Requester.Middleware.HttpRequesterMiddleware[0]
      RequestId: 0HNLH3VCCAF01:00000002, PreviousRequestId: -
      200 OK status code of request URI: http://localhost:5057/api/personalization/views?moduleKey=Platform&pageKey=Administrators
dbug: Ocelot.Requester.Middleware.HttpRequesterMiddleware[0]
      RequestId: 0HNLH3VCCAF01:00000002, PreviousRequestId: -
      Setting HTTP response message...
dbug: Ocelot.Responder.Middleware.ResponderMiddleware[0]
      RequestId: 0HNLH3VCCAF01:00000002, PreviousRequestId: -
      No pipeline errors: setting and returning completed response...
dbug: Ocelot.Errors.Middleware.ExceptionHandlerMiddleware[0]
      RequestId: 0HNLH3VCCAF01:00000002, PreviousRequestId: -
      Ocelot pipeline finished
warn: Diten.ApiGateway.Authentication.GatewayJwtAuthenticationHandler[0]
      Gateway JWT authentication failed.
      Microsoft.IdentityModel.Tokens.SecurityTokenNoExpirationException: IDX10225: Lifetime validation failed. The token is missing an Expiration Time. Tokentype: 'System.IdentityModel.Tokens.Jwt.JwtSecurityToken'.
         at Microsoft.IdentityModel.Tokens.ValidatorUtilities.ValidateLifetime(Nullable`1 notBefore, Nullable`1 expires, SecurityToken securityToken, TokenValidationParameters validationParameters)
         at System.IdentityModel.Tokens.Jwt.JwtSecurityTokenHandler.ValidateTokenPayload(JwtSecurityToken jwtToken, TokenValidationParameters validationParameters, BaseConfiguration configuration)
         at System.IdentityModel.Tokens.Jwt.JwtSecurityTokenHandler.ValidateJWS(String token, TokenValidationParameters validationParameters, BaseConfiguration currentConfiguration, SecurityToken& signatureValidatedToken, ExceptionDispatchInfo& exceptionThrown)
      --- End of stack trace from previous location ---
         at System.IdentityModel.Tokens.Jwt.JwtSecurityTokenHandler.ValidateToken(String token, JwtSecurityToken outerToken, TokenValidationParameters validationParameters, SecurityToken& signatureValidatedToken)
         at System.IdentityModel.Tokens.Jwt.JwtSecurityTokenHandler.ValidateToken(String token, TokenValidationParameters validationParameters, SecurityToken& validatedToken)
         at Diten.ApiGateway.Authentication.GatewayJwtAuthenticationHandler.HandleAuthenticateAsync() in C:\Users\user\Desktop\ERP-vNext\gateway\Diten.ApiGateway\Authentication\GatewayJwtAuthenticationHandler.cs:line 48
info: Diten.ApiGateway.Authentication.GatewayJwtAuthenticationHandler[7]
      Bearer was not authenticated. Failure message: Invalid bearer token.
warn: Diten.ApiGateway.Authentication.GatewayJwtAuthenticationHandler[0]
      Gateway JWT authentication failed.
      Microsoft.IdentityModel.Tokens.SecurityTokenNoExpirationException: IDX10225: Lifetime validation failed. The token is missing an Expiration Time. Tokentype: 'System.IdentityModel.Tokens.Jwt.JwtSecurityToken'.
         at Microsoft.IdentityModel.Tokens.ValidatorUtilities.ValidateLifetime(Nullable`1 notBefore, Nullable`1 expires, SecurityToken securityToken, TokenValidationParameters validationParameters)
         at System.IdentityModel.Tokens.Jwt.JwtSecurityTokenHandler.ValidateTokenPayload(JwtSecurityToken jwtToken, TokenValidationParameters validationParameters, BaseConfiguration configuration)
         at System.IdentityModel.Tokens.Jwt.JwtSecurityTokenHandler.ValidateJWS(String token, TokenValidationParameters validationParameters, BaseConfiguration currentConfiguration, SecurityToken& signatureValidatedToken, ExceptionDispatchInfo& exceptionThrown)
      --- End of stack trace from previous location ---
         at System.IdentityModel.Tokens.Jwt.JwtSecurityTokenHandler.ValidateToken(String token, JwtSecurityToken outerToken, TokenValidationParameters validationParameters, SecurityToken& signatureValidatedToken)
         at System.IdentityModel.Tokens.Jwt.JwtSecurityTokenHandler.ValidateToken(String token, TokenValidationParameters validationParameters, SecurityToken& validatedToken)
         at Diten.ApiGateway.Authentication.GatewayJwtAuthenticationHandler.HandleAuthenticateAsync() in C:\Users\user\Desktop\ERP-vNext\gateway\Diten.ApiGateway\Authentication\GatewayJwtAuthenticationHandler.cs:line 48
info: Diten.ApiGateway.Authentication.GatewayJwtAuthenticationHandler[7]
      Bearer was not authenticated. Failure message: Invalid bearer token.
warn: Diten.ApiGateway.Authentication.GatewayJwtAuthenticationHandler[0]
      Gateway JWT authentication failed.
      Microsoft.IdentityModel.Tokens.SecurityTokenNoExpirationException: IDX10225: Lifetime validation failed. The token is missing an Expiration Time. Tokentype: 'System.IdentityModel.Tokens.Jwt.JwtSecurityToken'.
         at Microsoft.IdentityModel.Tokens.ValidatorUtilities.ValidateLifetime(Nullable`1 notBefore, Nullable`1 expires, SecurityToken securityToken, TokenValidationParameters validationParameters)
         at System.IdentityModel.Tokens.Jwt.JwtSecurityTokenHandler.ValidateTokenPayload(JwtSecurityToken jwtToken, TokenValidationParameters validationParameters, BaseConfiguration configuration)
         at System.IdentityModel.Tokens.Jwt.JwtSecurityTokenHandler.ValidateJWS(String token, TokenValidationParameters validationParameters, BaseConfiguration currentConfiguration, SecurityToken& signatureValidatedToken, ExceptionDispatchInfo& exceptionThrown)
      --- End of stack trace from previous location ---
         at System.IdentityModel.Tokens.Jwt.JwtSecurityTokenHandler.ValidateToken(String token, JwtSecurityToken outerToken, TokenValidationParameters validationParameters, SecurityToken& signatureValidatedToken)
         at System.IdentityModel.Tokens.Jwt.JwtSecurityTokenHandler.ValidateToken(String token, TokenValidationParameters validationParameters, SecurityToken& validatedToken)
         at Diten.ApiGateway.Authentication.GatewayJwtAuthenticationHandler.HandleAuthenticateAsync() in C:\Users\user\Desktop\ERP-vNext\gateway\Diten.ApiGateway\Authentication\GatewayJwtAuthenticationHandler.cs:line 48
info: Diten.ApiGateway.Authentication.GatewayJwtAuthenticationHandler[7]
      Bearer was not authenticated. Failure message: Invalid bearer token.
warn: Diten.ApiGateway.Authentication.GatewayJwtAuthenticationHandler[0]
      Gateway JWT authentication failed.
      Microsoft.IdentityModel.Tokens.SecurityTokenNoExpirationException: IDX10225: Lifetime validation failed. The token is missing an Expiration Time. Tokentype: 'System.IdentityModel.Tokens.Jwt.JwtSecurityToken'.
         at Microsoft.IdentityModel.Tokens.ValidatorUtilities.ValidateLifetime(Nullable`1 notBefore, Nullable`1 expires, SecurityToken securityToken, TokenValidationParameters validationParameters)
         at System.IdentityModel.Tokens.Jwt.JwtSecurityTokenHandler.ValidateTokenPayload(JwtSecurityToken jwtToken, TokenValidationParameters validationParameters, BaseConfiguration configuration)
         at System.IdentityModel.Tokens.Jwt.JwtSecurityTokenHandler.ValidateJWS(String token, TokenValidationParameters validationParameters, BaseConfiguration currentConfiguration, SecurityToken& signatureValidatedToken, ExceptionDispatchInfo& exceptionThrown)
      --- End of stack trace from previous location ---
         at System.IdentityModel.Tokens.Jwt.JwtSecurityTokenHandler.ValidateToken(String token, JwtSecurityToken outerToken, TokenValidationParameters validationParameters, SecurityToken& signatureValidatedToken)
         at System.IdentityModel.Tokens.Jwt.JwtSecurityTokenHandler.ValidateToken(String token, TokenValidationParameters validationParameters, SecurityToken& validatedToken)
         at Diten.ApiGateway.Authentication.GatewayJwtAuthenticationHandler.HandleAuthenticateAsync() in C:\Users\user\Desktop\ERP-vNext\gateway\Diten.ApiGateway\Authentication\GatewayJwtAuthenticationHandler.cs:line 48
info: Diten.ApiGateway.Authentication.GatewayJwtAuthenticationHandler[7]
      Bearer was not authenticated. Failure message: Invalid bearer token.
warn: Diten.ApiGateway.Authentication.GatewayJwtAuthenticationHandler[0]
      Gateway JWT authentication failed.
      Microsoft.IdentityModel.Tokens.SecurityTokenNoExpirationException: IDX10225: Lifetime validation failed. The token is missing an Expiration Time. Tokentype: 'System.IdentityModel.Tokens.Jwt.JwtSecurityToken'.
         at Microsoft.IdentityModel.Tokens.ValidatorUtilities.ValidateLifetime(Nullable`1 notBefore, Nullable`1 expires, SecurityToken securityToken, TokenValidationParameters validationParameters)
         at System.IdentityModel.Tokens.Jwt.JwtSecurityTokenHandler.ValidateTokenPayload(JwtSecurityToken jwtToken, TokenValidationParameters validationParameters, BaseConfiguration configuration)
         at System.IdentityModel.Tokens.Jwt.JwtSecurityTokenHandler.ValidateJWS(String token, TokenValidationParameters validationParameters, BaseConfiguration currentConfiguration, SecurityToken& signatureValidatedToken, ExceptionDispatchInfo& exceptionThrown)
      --- End of stack trace from previous location ---
         at System.IdentityModel.Tokens.Jwt.JwtSecurityTokenHandler.ValidateToken(String token, JwtSecurityToken outerToken, TokenValidationParameters validationParameters, SecurityToken& signatureValidatedToken)
         at System.IdentityModel.Tokens.Jwt.JwtSecurityTokenHandler.ValidateToken(String token, TokenValidationParameters validationParameters, SecurityToken& validatedToken)
         at Diten.ApiGateway.Authentication.GatewayJwtAuthenticationHandler.HandleAuthenticateAsync() in C:\Users\user\Desktop\ERP-vNext\gateway\Diten.ApiGateway\Authentication\GatewayJwtAuthenticationHandler.cs:line 48
info: Diten.ApiGateway.Authentication.GatewayJwtAuthenticationHandler[7]
      Bearer was not authenticated. Failure message: Invalid bearer token.
warn: Diten.ApiGateway.Authentication.GatewayJwtAuthenticationHandler[0]
      Gateway JWT authentication failed.
      Microsoft.IdentityModel.Tokens.SecurityTokenNoExpirationException: IDX10225: Lifetime validation failed. The token is missing an Expiration Time. Tokentype: 'System.IdentityModel.Tokens.Jwt.JwtSecurityToken'.
         at Microsoft.IdentityModel.Tokens.ValidatorUtilities.ValidateLifetime(Nullable`1 notBefore, Nullable`1 expires, SecurityToken securityToken, TokenValidationParameters validationParameters)
         at System.IdentityModel.Tokens.Jwt.JwtSecurityTokenHandler.ValidateTokenPayload(JwtSecurityToken jwtToken, TokenValidationParameters validationParameters, BaseConfiguration configuration)
         at System.IdentityModel.Tokens.Jwt.JwtSecurityTokenHandler.ValidateJWS(String token, TokenValidationParameters validationParameters, BaseConfiguration currentConfiguration, SecurityToken& signatureValidatedToken, ExceptionDispatchInfo& exceptionThrown)
      --- End of stack trace from previous location ---
         at System.IdentityModel.Tokens.Jwt.JwtSecurityTokenHandler.ValidateToken(String token, JwtSecurityToken outerToken, TokenValidationParameters validationParameters, SecurityToken& signatureValidatedToken)
         at System.IdentityModel.Tokens.Jwt.JwtSecurityTokenHandler.ValidateToken(String token, TokenValidationParameters validationParameters, SecurityToken& validatedToken)
         at Diten.ApiGateway.Authentication.GatewayJwtAuthenticationHandler.HandleAuthenticateAsync() in C:\Users\user\Desktop\ERP-vNext\gateway\Diten.ApiGateway\Authentication\GatewayJwtAuthenticationHandler.cs:line 48
info: Diten.ApiGateway.Authentication.GatewayJwtAuthenticationHandler[7]
      Bearer was not authenticated. Failure message: Invalid bearer token.
dbug: Ocelot.Errors.Middleware.ExceptionHandlerMiddleware[0]
      RequestId: 0HNLH3VCCAF03:00000001, PreviousRequestId: -
      Ocelot pipeline started
dbug: Ocelot.DownstreamRouteFinder.Middleware.DownstreamRouteFinderMiddleware[0]
      RequestId: 0HNLH3VCCAF03:00000001, PreviousRequestId: -
      Upstream URL path: /api/platform-auth/login
dbug: Ocelot.DownstreamRouteFinder.Middleware.DownstreamRouteFinderMiddleware[0]
      RequestId: 0HNLH3VCCAF03:00000001, PreviousRequestId: -
      Downstream templates: /api/platform-auth/{everything}
info: Ocelot.RateLimiting.RateLimitingMiddleware[0]
      RequestId: 0HNLH3VCCAF03:00000001, PreviousRequestId: -
      Rate limiting is disabled for route '/api/platform-auth/{everything}' via the EnableRateLimiting option.
info: Ocelot.Authentication.AuthenticationMiddleware[0]
      RequestId: 0HNLH3VCCAF03:00000001, PreviousRequestId: -
      No authentication is required for the path '/api/platform-auth/login' in the route /api/platform-auth/{everything}.
dbug: Ocelot.DownstreamUrlCreator.DownstreamUrlCreatorMiddleware[0]
      RequestId: 0HNLH3VCCAF03:00000001, PreviousRequestId: -
      Downstream URL: http://localhost:5056/api/platform-auth/login
info: Ocelot.Requester.Middleware.HttpRequesterMiddleware[0]
      RequestId: 0HNLH3VCCAF03:00000001, PreviousRequestId: -
      200 OK status code of request URI: http://localhost:5056/api/platform-auth/login
dbug: Ocelot.Requester.Middleware.HttpRequesterMiddleware[0]
      RequestId: 0HNLH3VCCAF03:00000001, PreviousRequestId: -
      Setting HTTP response message...
dbug: Ocelot.Responder.Middleware.ResponderMiddleware[0]
      RequestId: 0HNLH3VCCAF03:00000001, PreviousRequestId: -
      No pipeline errors: setting and returning completed response...
dbug: Ocelot.Errors.Middleware.ExceptionHandlerMiddleware[0]
      RequestId: 0HNLH3VCCAF03:00000001, PreviousRequestId: -
      Ocelot pipeline finished
warn: Diten.ApiGateway.Authentication.GatewayJwtAuthenticationHandler[0]
      Gateway JWT authentication failed.
      Microsoft.IdentityModel.Tokens.SecurityTokenNoExpirationException: IDX10225: Lifetime validation failed. The token is missing an Expiration Time. Tokentype: 'System.IdentityModel.Tokens.Jwt.JwtSecurityToken'.
         at Microsoft.IdentityModel.Tokens.ValidatorUtilities.ValidateLifetime(Nullable`1 notBefore, Nullable`1 expires, SecurityToken securityToken, TokenValidationParameters validationParameters)
         at System.IdentityModel.Tokens.Jwt.JwtSecurityTokenHandler.ValidateTokenPayload(JwtSecurityToken jwtToken, TokenValidationParameters validationParameters, BaseConfiguration configuration)
         at System.IdentityModel.Tokens.Jwt.JwtSecurityTokenHandler.ValidateJWS(String token, TokenValidationParameters validationParameters, BaseConfiguration currentConfiguration, SecurityToken& signatureValidatedToken, ExceptionDispatchInfo& exceptionThrown)
      --- End of stack trace from previous location ---
         at System.IdentityModel.Tokens.Jwt.JwtSecurityTokenHandler.ValidateToken(String token, JwtSecurityToken outerToken, TokenValidationParameters validationParameters, SecurityToken& signatureValidatedToken)
         at System.IdentityModel.Tokens.Jwt.JwtSecurityTokenHandler.ValidateToken(String token, TokenValidationParameters validationParameters, SecurityToken& validatedToken)
         at Diten.ApiGateway.Authentication.GatewayJwtAuthenticationHandler.HandleAuthenticateAsync() in C:\Users\user\Desktop\ERP-vNext\gateway\Diten.ApiGateway\Authentication\GatewayJwtAuthenticationHandler.cs:line 48
info: Diten.ApiGateway.Authentication.GatewayJwtAuthenticationHandler[7]
      Bearer was not authenticated. Failure message: Invalid bearer token.
dbug: Ocelot.Errors.Middleware.ExceptionHandlerMiddleware[0]
      RequestId: 0HNLH3VCCAF04:00000001, PreviousRequestId: -
      Ocelot pipeline started
dbug: Ocelot.DownstreamRouteFinder.Middleware.DownstreamRouteFinderMiddleware[0]
      RequestId: 0HNLH3VCCAF04:00000001, PreviousRequestId: -
      Upstream URL path: /api/personalization/views
dbug: Ocelot.DownstreamRouteFinder.Middleware.DownstreamRouteFinderMiddleware[0]
      RequestId: 0HNLH3VCCAF04:00000001, PreviousRequestId: -
      Downstream templates: /api/personalization/views
info: Ocelot.RateLimiting.RateLimitingMiddleware[0]
      RequestId: 0HNLH3VCCAF04:00000001, PreviousRequestId: -
      Rate limiting is disabled for route '/api/personalization/views' via the EnableRateLimiting option.
info: Ocelot.Authentication.AuthenticationMiddleware[0]
      RequestId: 0HNLH3VCCAF04:00000001, PreviousRequestId: -
      No authentication is required for the path '/api/personalization/views' in the route /api/personalization/views.
dbug: Ocelot.DownstreamUrlCreator.DownstreamUrlCreatorMiddleware[0]
      RequestId: 0HNLH3VCCAF04:00000001, PreviousRequestId: -
      Downstream URL: http://localhost:5057/api/personalization/views?moduleKey=Platform&pageKey=Tenants
info: Ocelot.Requester.Middleware.HttpRequesterMiddleware[0]
      RequestId: 0HNLH3VCCAF04:00000001, PreviousRequestId: -
      200 OK status code of request URI: http://localhost:5057/api/personalization/views?moduleKey=Platform&pageKey=Tenants
dbug: Ocelot.Requester.Middleware.HttpRequesterMiddleware[0]
      RequestId: 0HNLH3VCCAF04:00000001, PreviousRequestId: -
      Setting HTTP response message...
dbug: Ocelot.Responder.Middleware.ResponderMiddleware[0]
      RequestId: 0HNLH3VCCAF04:00000001, PreviousRequestId: -
      No pipeline errors: setting and returning completed response...
dbug: Ocelot.Errors.Middleware.ExceptionHandlerMiddleware[0]
      RequestId: 0HNLH3VCCAF04:00000001, PreviousRequestId: -
      Ocelot pipeline finished
warn: Diten.ApiGateway.Authentication.GatewayJwtAuthenticationHandler[0]
      Gateway JWT authentication failed.
      Microsoft.IdentityModel.Tokens.SecurityTokenNoExpirationException: IDX10225: Lifetime validation failed. The token is missing an Expiration Time. Tokentype: 'System.IdentityModel.Tokens.Jwt.JwtSecurityToken'.
         at Microsoft.IdentityModel.Tokens.ValidatorUtilities.ValidateLifetime(Nullable`1 notBefore, Nullable`1 expires, SecurityToken securityToken, TokenValidationParameters validationParameters)
         at System.IdentityModel.Tokens.Jwt.JwtSecurityTokenHandler.ValidateTokenPayload(JwtSecurityToken jwtToken, TokenValidationParameters validationParameters, BaseConfiguration configuration)
         at System.IdentityModel.Tokens.Jwt.JwtSecurityTokenHandler.ValidateJWS(String token, TokenValidationParameters validationParameters, BaseConfiguration currentConfiguration, SecurityToken& signatureValidatedToken, ExceptionDispatchInfo& exceptionThrown)
      --- End of stack trace from previous location ---
         at System.IdentityModel.Tokens.Jwt.JwtSecurityTokenHandler.ValidateToken(String token, JwtSecurityToken outerToken, TokenValidationParameters validationParameters, SecurityToken& signatureValidatedToken)
         at System.IdentityModel.Tokens.Jwt.JwtSecurityTokenHandler.ValidateToken(String token, TokenValidationParameters validationParameters, SecurityToken& validatedToken)
         at Diten.ApiGateway.Authentication.GatewayJwtAuthenticationHandler.HandleAuthenticateAsync() in C:\Users\user\Desktop\ERP-vNext\gateway\Diten.ApiGateway\Authentication\GatewayJwtAuthenticationHandler.cs:line 48
info: Diten.ApiGateway.Authentication.GatewayJwtAuthenticationHandler[7]
      Bearer was not authenticated. Failure message: Invalid bearer token.
warn: Diten.ApiGateway.Authentication.GatewayJwtAuthenticationHandler[0]
      Gateway JWT authentication failed.
      Microsoft.IdentityModel.Tokens.SecurityTokenNoExpirationException: IDX10225: Lifetime validation failed. The token is missing an Expiration Time. Tokentype: 'System.IdentityModel.Tokens.Jwt.JwtSecurityToken'.
         at Microsoft.IdentityModel.Tokens.ValidatorUtilities.ValidateLifetime(Nullable`1 notBefore, Nullable`1 expires, SecurityToken securityToken, TokenValidationParameters validationParameters)
         at System.IdentityModel.Tokens.Jwt.JwtSecurityTokenHandler.ValidateTokenPayload(JwtSecurityToken jwtToken, TokenValidationParameters validationParameters, BaseConfiguration configuration)
         at System.IdentityModel.Tokens.Jwt.JwtSecurityTokenHandler.ValidateJWS(String token, TokenValidationParameters validationParameters, BaseConfiguration currentConfiguration, SecurityToken& signatureValidatedToken, ExceptionDispatchInfo& exceptionThrown)
      --- End of stack trace from previous location ---
         at System.IdentityModel.Tokens.Jwt.JwtSecurityTokenHandler.ValidateToken(String token, JwtSecurityToken outerToken, TokenValidationParameters validationParameters, SecurityToken& signatureValidatedToken)
         at System.IdentityModel.Tokens.Jwt.JwtSecurityTokenHandler.ValidateToken(String token, TokenValidationParameters validationParameters, SecurityToken& validatedToken)
         at Diten.ApiGateway.Authentication.GatewayJwtAuthenticationHandler.HandleAuthenticateAsync() in C:\Users\user\Desktop\ERP-vNext\gateway\Diten.ApiGateway\Authentication\GatewayJwtAuthenticationHandler.cs:line 48
info: Diten.ApiGateway.Authentication.GatewayJwtAuthenticationHandler[7]
      Bearer was not authenticated. Failure message: Invalid bearer token.
dbug: Ocelot.Errors.Middleware.ExceptionHandlerMiddleware[0]
      RequestId: 0HNLH3VCCAF04:00000002, PreviousRequestId: -
      Ocelot pipeline started
dbug: Ocelot.DownstreamRouteFinder.Middleware.DownstreamRouteFinderMiddleware[0]
      RequestId: 0HNLH3VCCAF04:00000002, PreviousRequestId: -
      Upstream URL path: /api/personalization/views
dbug: Ocelot.DownstreamRouteFinder.Middleware.DownstreamRouteFinderMiddleware[0]
      RequestId: 0HNLH3VCCAF04:00000002, PreviousRequestId: -
      Downstream templates: /api/personalization/views
info: Ocelot.RateLimiting.RateLimitingMiddleware[0]
      RequestId: 0HNLH3VCCAF04:00000002, PreviousRequestId: -
      Rate limiting is disabled for route '/api/personalization/views' via the EnableRateLimiting option.
info: Ocelot.Authentication.AuthenticationMiddleware[0]
      RequestId: 0HNLH3VCCAF04:00000002, PreviousRequestId: -
      No authentication is required for the path '/api/personalization/views' in the route /api/personalization/views.
dbug: Ocelot.DownstreamUrlCreator.DownstreamUrlCreatorMiddleware[0]
      RequestId: 0HNLH3VCCAF04:00000002, PreviousRequestId: -
      Downstream URL: http://localhost:5057/api/personalization/views?moduleKey=Platform&pageKey=Administrators
warn: Diten.ApiGateway.Authentication.GatewayJwtAuthenticationHandler[0]
      Gateway JWT authentication failed.
      Microsoft.IdentityModel.Tokens.SecurityTokenNoExpirationException: IDX10225: Lifetime validation failed. The token is missing an Expiration Time. Tokentype: 'System.IdentityModel.Tokens.Jwt.JwtSecurityToken'.
         at Microsoft.IdentityModel.Tokens.ValidatorUtilities.ValidateLifetime(Nullable`1 notBefore, Nullable`1 expires, SecurityToken securityToken, TokenValidationParameters validationParameters)
         at System.IdentityModel.Tokens.Jwt.JwtSecurityTokenHandler.ValidateTokenPayload(JwtSecurityToken jwtToken, TokenValidationParameters validationParameters, BaseConfiguration configuration)
         at System.IdentityModel.Tokens.Jwt.JwtSecurityTokenHandler.ValidateJWS(String token, TokenValidationParameters validationParameters, BaseConfiguration currentConfiguration, SecurityToken& signatureValidatedToken, ExceptionDispatchInfo& exceptionThrown)
      --- End of stack trace from previous location ---
         at System.IdentityModel.Tokens.Jwt.JwtSecurityTokenHandler.ValidateToken(String token, JwtSecurityToken outerToken, TokenValidationParameters validationParameters, SecurityToken& signatureValidatedToken)
         at System.IdentityModel.Tokens.Jwt.JwtSecurityTokenHandler.ValidateToken(String token, TokenValidationParameters validationParameters, SecurityToken& validatedToken)
         at Diten.ApiGateway.Authentication.GatewayJwtAuthenticationHandler.HandleAuthenticateAsync() in C:\Users\user\Desktop\ERP-vNext\gateway\Diten.ApiGateway\Authentication\GatewayJwtAuthenticationHandler.cs:line 48
info: Diten.ApiGateway.Authentication.GatewayJwtAuthenticationHandler[7]
      Bearer was not authenticated. Failure message: Invalid bearer token.
info: Ocelot.Requester.Middleware.HttpRequesterMiddleware[0]
      RequestId: 0HNLH3VCCAF04:00000002, PreviousRequestId: -
      200 OK status code of request URI: http://localhost:5057/api/personalization/views?moduleKey=Platform&pageKey=Administrators
dbug: Ocelot.Requester.Middleware.HttpRequesterMiddleware[0]
      RequestId: 0HNLH3VCCAF04:00000002, PreviousRequestId: -
      Setting HTTP response message...
dbug: Ocelot.Responder.Middleware.ResponderMiddleware[0]
      RequestId: 0HNLH3VCCAF04:00000002, PreviousRequestId: -
      No pipeline errors: setting and returning completed response...
dbug: Ocelot.Errors.Middleware.ExceptionHandlerMiddleware[0]
      RequestId: 0HNLH3VCCAF04:00000002, PreviousRequestId: -
      Ocelot pipeline finished
warn: Diten.ApiGateway.Authentication.GatewayJwtAuthenticationHandler[0]
      Gateway JWT authentication failed.
      Microsoft.IdentityModel.Tokens.SecurityTokenNoExpirationException: IDX10225: Lifetime validation failed. The token is missing an Expiration Time. Tokentype: 'System.IdentityModel.Tokens.Jwt.JwtSecurityToken'.
         at Microsoft.IdentityModel.Tokens.ValidatorUtilities.ValidateLifetime(Nullable`1 notBefore, Nullable`1 expires, SecurityToken securityToken, TokenValidationParameters validationParameters)
         at System.IdentityModel.Tokens.Jwt.JwtSecurityTokenHandler.ValidateTokenPayload(JwtSecurityToken jwtToken, TokenValidationParameters validationParameters, BaseConfiguration configuration)
         at System.IdentityModel.Tokens.Jwt.JwtSecurityTokenHandler.ValidateJWS(String token, TokenValidationParameters validationParameters, BaseConfiguration currentConfiguration, SecurityToken& signatureValidatedToken, ExceptionDispatchInfo& exceptionThrown)
      --- End of stack trace from previous location ---
         at System.IdentityModel.Tokens.Jwt.JwtSecurityTokenHandler.ValidateToken(String token, JwtSecurityToken outerToken, TokenValidationParameters validationParameters, SecurityToken& signatureValidatedToken)
         at System.IdentityModel.Tokens.Jwt.JwtSecurityTokenHandler.ValidateToken(String token, TokenValidationParameters validationParameters, SecurityToken& validatedToken)
         at Diten.ApiGateway.Authentication.GatewayJwtAuthenticationHandler.HandleAuthenticateAsync() in C:\Users\user\Desktop\ERP-vNext\gateway\Diten.ApiGateway\Authentication\GatewayJwtAuthenticationHandler.cs:line 48
info: Diten.ApiGateway.Authentication.GatewayJwtAuthenticationHandler[7]
      Bearer was not authenticated. Failure message: Invalid bearer token.
warn: Diten.ApiGateway.Authentication.GatewayJwtAuthenticationHandler[0]
      Gateway JWT authentication failed.
      Microsoft.IdentityModel.Tokens.SecurityTokenNoExpirationException: IDX10225: Lifetime validation failed. The token is missing an Expiration Time. Tokentype: 'System.IdentityModel.Tokens.Jwt.JwtSecurityToken'.
         at Microsoft.IdentityModel.Tokens.ValidatorUtilities.ValidateLifetime(Nullable`1 notBefore, Nullable`1 expires, SecurityToken securityToken, TokenValidationParameters validationParameters)
         at System.IdentityModel.Tokens.Jwt.JwtSecurityTokenHandler.ValidateTokenPayload(JwtSecurityToken jwtToken, TokenValidationParameters validationParameters, BaseConfiguration configuration)
         at System.IdentityModel.Tokens.Jwt.JwtSecurityTokenHandler.ValidateJWS(String token, TokenValidationParameters validationParameters, BaseConfiguration currentConfiguration, SecurityToken& signatureValidatedToken, ExceptionDispatchInfo& exceptionThrown)
      --- End of stack trace from previous location ---
         at System.IdentityModel.Tokens.Jwt.JwtSecurityTokenHandler.ValidateToken(String token, JwtSecurityToken outerToken, TokenValidationParameters validationParameters, SecurityToken& signatureValidatedToken)
         at System.IdentityModel.Tokens.Jwt.JwtSecurityTokenHandler.ValidateToken(String token, TokenValidationParameters validationParameters, SecurityToken& validatedToken)
         at Diten.ApiGateway.Authentication.GatewayJwtAuthenticationHandler.HandleAuthenticateAsync() in C:\Users\user\Desktop\ERP-vNext\gateway\Diten.ApiGateway\Authentication\GatewayJwtAuthenticationHandler.cs:line 48
info: Diten.ApiGateway.Authentication.GatewayJwtAuthenticationHandler[7]
      Bearer was not authenticated. Failure message: Invalid bearer token.
warn: Diten.ApiGateway.Authentication.GatewayJwtAuthenticationHandler[0]
      Gateway JWT authentication failed.
      Microsoft.IdentityModel.Tokens.SecurityTokenNoExpirationException: IDX10225: Lifetime validation failed. The token is missing an Expiration Time. Tokentype: 'System.IdentityModel.Tokens.Jwt.JwtSecurityToken'.
         at Microsoft.IdentityModel.Tokens.ValidatorUtilities.ValidateLifetime(Nullable`1 notBefore, Nullable`1 expires, SecurityToken securityToken, TokenValidationParameters validationParameters)
         at System.IdentityModel.Tokens.Jwt.JwtSecurityTokenHandler.ValidateTokenPayload(JwtSecurityToken jwtToken, TokenValidationParameters validationParameters, BaseConfiguration configuration)
         at System.IdentityModel.Tokens.Jwt.JwtSecurityTokenHandler.ValidateJWS(String token, TokenValidationParameters validationParameters, BaseConfiguration currentConfiguration, SecurityToken& signatureValidatedToken, ExceptionDispatchInfo& exceptionThrown)
      --- End of stack trace from previous location ---
         at System.IdentityModel.Tokens.Jwt.JwtSecurityTokenHandler.ValidateToken(String token, JwtSecurityToken outerToken, TokenValidationParameters validationParameters, SecurityToken& signatureValidatedToken)
         at System.IdentityModel.Tokens.Jwt.JwtSecurityTokenHandler.ValidateToken(String token, TokenValidationParameters validationParameters, SecurityToken& validatedToken)
         at Diten.ApiGateway.Authentication.GatewayJwtAuthenticationHandler.HandleAuthenticateAsync() in C:\Users\user\Desktop\ERP-vNext\gateway\Diten.ApiGateway\Authentication\GatewayJwtAuthenticationHandler.cs:line 48
info: Diten.ApiGateway.Authentication.GatewayJwtAuthenticationHandler[7]
      Bearer was not authenticated. Failure message: Invalid bearer token.
warn: Diten.ApiGateway.Authentication.GatewayJwtAuthenticationHandler[0]
      Gateway JWT authentication failed.
      Microsoft.IdentityModel.Tokens.SecurityTokenNoExpirationException: IDX10225: Lifetime validation failed. The token is missing an Expiration Time. Tokentype: 'System.IdentityModel.Tokens.Jwt.JwtSecurityToken'.
         at Microsoft.IdentityModel.Tokens.ValidatorUtilities.ValidateLifetime(Nullable`1 notBefore, Nullable`1 expires, SecurityToken securityToken, TokenValidationParameters validationParameters)
         at System.IdentityModel.Tokens.Jwt.JwtSecurityTokenHandler.ValidateTokenPayload(JwtSecurityToken jwtToken, TokenValidationParameters validationParameters, BaseConfiguration configuration)
         at System.IdentityModel.Tokens.Jwt.JwtSecurityTokenHandler.ValidateJWS(String token, TokenValidationParameters validationParameters, BaseConfiguration currentConfiguration, SecurityToken& signatureValidatedToken, ExceptionDispatchInfo& exceptionThrown)
      --- End of stack trace from previous location ---
         at System.IdentityModel.Tokens.Jwt.JwtSecurityTokenHandler.ValidateToken(String token, JwtSecurityToken outerToken, TokenValidationParameters validationParameters, SecurityToken& signatureValidatedToken)
         at System.IdentityModel.Tokens.Jwt.JwtSecurityTokenHandler.ValidateToken(String token, TokenValidationParameters validationParameters, SecurityToken& validatedToken)
         at Diten.ApiGateway.Authentication.GatewayJwtAuthenticationHandler.HandleAuthenticateAsync() in C:\Users\user\Desktop\ERP-vNext\gateway\Diten.ApiGateway\Authentication\GatewayJwtAuthenticationHandler.cs:line 48
info: Diten.ApiGateway.Authentication.GatewayJwtAuthenticationHandler[7]
      Bearer was not authenticated. Failure message: Invalid bearer token.
dbug: Ocelot.Errors.Middleware.ExceptionHandlerMiddleware[0]
      RequestId: 0HNLH3VCCAF06:00000001, PreviousRequestId: -
      Ocelot pipeline started
dbug: Ocelot.DownstreamRouteFinder.Middleware.DownstreamRouteFinderMiddleware[0]
      RequestId: 0HNLH3VCCAF06:00000001, PreviousRequestId: -
      Upstream URL path: /api/platform-auth/login
dbug: Ocelot.DownstreamRouteFinder.Middleware.DownstreamRouteFinderMiddleware[0]
      RequestId: 0HNLH3VCCAF06:00000001, PreviousRequestId: -
      Downstream templates: /api/platform-auth/{everything}
info: Ocelot.RateLimiting.RateLimitingMiddleware[0]
      RequestId: 0HNLH3VCCAF06:00000001, PreviousRequestId: -
      Rate limiting is disabled for route '/api/platform-auth/{everything}' via the EnableRateLimiting option.
info: Ocelot.Authentication.AuthenticationMiddleware[0]
      RequestId: 0HNLH3VCCAF06:00000001, PreviousRequestId: -
      No authentication is required for the path '/api/platform-auth/login' in the route /api/platform-auth/{everything}.
dbug: Ocelot.DownstreamUrlCreator.DownstreamUrlCreatorMiddleware[0]
      RequestId: 0HNLH3VCCAF06:00000001, PreviousRequestId: -
      Downstream URL: http://localhost:5056/api/platform-auth/login
info: Ocelot.Requester.Middleware.HttpRequesterMiddleware[0]
      RequestId: 0HNLH3VCCAF06:00000001, PreviousRequestId: -
      200 OK status code of request URI: http://localhost:5056/api/platform-auth/login
dbug: Ocelot.Requester.Middleware.HttpRequesterMiddleware[0]
      RequestId: 0HNLH3VCCAF06:00000001, PreviousRequestId: -
      Setting HTTP response message...
dbug: Ocelot.Responder.Middleware.ResponderMiddleware[0]
      RequestId: 0HNLH3VCCAF06:00000001, PreviousRequestId: -
      No pipeline errors: setting and returning completed response...
dbug: Ocelot.Errors.Middleware.ExceptionHandlerMiddleware[0]
      RequestId: 0HNLH3VCCAF06:00000001, PreviousRequestId: -
      Ocelot pipeline finished
warn: Diten.ApiGateway.Authentication.GatewayJwtAuthenticationHandler[0]
      Gateway JWT authentication failed.
      Microsoft.IdentityModel.Tokens.SecurityTokenNoExpirationException: IDX10225: Lifetime validation failed. The token is missing an Expiration Time. Tokentype: 'System.IdentityModel.Tokens.Jwt.JwtSecurityToken'.
         at Microsoft.IdentityModel.Tokens.ValidatorUtilities.ValidateLifetime(Nullable`1 notBefore, Nullable`1 expires, SecurityToken securityToken, TokenValidationParameters validationParameters)
         at System.IdentityModel.Tokens.Jwt.JwtSecurityTokenHandler.ValidateTokenPayload(JwtSecurityToken jwtToken, TokenValidationParameters validationParameters, BaseConfiguration configuration)
         at System.IdentityModel.Tokens.Jwt.JwtSecurityTokenHandler.ValidateJWS(String token, TokenValidationParameters validationParameters, BaseConfiguration currentConfiguration, SecurityToken& signatureValidatedToken, ExceptionDispatchInfo& exceptionThrown)
      --- End of stack trace from previous location ---
         at System.IdentityModel.Tokens.Jwt.JwtSecurityTokenHandler.ValidateToken(String token, JwtSecurityToken outerToken, TokenValidationParameters validationParameters, SecurityToken& signatureValidatedToken)
         at System.IdentityModel.Tokens.Jwt.JwtSecurityTokenHandler.ValidateToken(String token, TokenValidationParameters validationParameters, SecurityToken& validatedToken)
         at Diten.ApiGateway.Authentication.GatewayJwtAuthenticationHandler.HandleAuthenticateAsync() in C:\Users\user\Desktop\ERP-vNext\gateway\Diten.ApiGateway\Authentication\GatewayJwtAuthenticationHandler.cs:line 48
info: Diten.ApiGateway.Authentication.GatewayJwtAuthenticationHandler[7]
      Bearer was not authenticated. Failure message: Invalid bearer token.
dbug: Ocelot.Errors.Middleware.ExceptionHandlerMiddleware[0]
      RequestId: 0HNLH3VCCAF07:00000001, PreviousRequestId: -
      Ocelot pipeline started
dbug: Ocelot.DownstreamRouteFinder.Middleware.DownstreamRouteFinderMiddleware[0]
      RequestId: 0HNLH3VCCAF07:00000001, PreviousRequestId: -
      Upstream URL path: /api/personalization/views
dbug: Ocelot.DownstreamRouteFinder.Middleware.DownstreamRouteFinderMiddleware[0]
      RequestId: 0HNLH3VCCAF07:00000001, PreviousRequestId: -
      Downstream templates: /api/personalization/views
info: Ocelot.RateLimiting.RateLimitingMiddleware[0]
      RequestId: 0HNLH3VCCAF07:00000001, PreviousRequestId: -
      Rate limiting is disabled for route '/api/personalization/views' via the EnableRateLimiting option.
info: Ocelot.Authentication.AuthenticationMiddleware[0]
      RequestId: 0HNLH3VCCAF07:00000001, PreviousRequestId: -
      No authentication is required for the path '/api/personalization/views' in the route /api/personalization/views.
dbug: Ocelot.DownstreamUrlCreator.DownstreamUrlCreatorMiddleware[0]
      RequestId: 0HNLH3VCCAF07:00000001, PreviousRequestId: -
      Downstream URL: http://localhost:5057/api/personalization/views?moduleKey=Platform&pageKey=Tenants
info: Ocelot.Requester.Middleware.HttpRequesterMiddleware[0]
      RequestId: 0HNLH3VCCAF07:00000001, PreviousRequestId: -
      200 OK status code of request URI: http://localhost:5057/api/personalization/views?moduleKey=Platform&pageKey=Tenants
dbug: Ocelot.Requester.Middleware.HttpRequesterMiddleware[0]
      RequestId: 0HNLH3VCCAF07:00000001, PreviousRequestId: -
      Setting HTTP response message...
dbug: Ocelot.Responder.Middleware.ResponderMiddleware[0]
      RequestId: 0HNLH3VCCAF07:00000001, PreviousRequestId: -
      No pipeline errors: setting and returning completed response...
dbug: Ocelot.Errors.Middleware.ExceptionHandlerMiddleware[0]
      RequestId: 0HNLH3VCCAF07:00000001, PreviousRequestId: -
      Ocelot pipeline finished
warn: Diten.ApiGateway.Authentication.GatewayJwtAuthenticationHandler[0]
      Gateway JWT authentication failed.
      Microsoft.IdentityModel.Tokens.SecurityTokenNoExpirationException: IDX10225: Lifetime validation failed. The token is missing an Expiration Time. Tokentype: 'System.IdentityModel.Tokens.Jwt.JwtSecurityToken'.
         at Microsoft.IdentityModel.Tokens.ValidatorUtilities.ValidateLifetime(Nullable`1 notBefore, Nullable`1 expires, SecurityToken securityToken, TokenValidationParameters validationParameters)
         at System.IdentityModel.Tokens.Jwt.JwtSecurityTokenHandler.ValidateTokenPayload(JwtSecurityToken jwtToken, TokenValidationParameters validationParameters, BaseConfiguration configuration)
         at System.IdentityModel.Tokens.Jwt.JwtSecurityTokenHandler.ValidateJWS(String token, TokenValidationParameters validationParameters, BaseConfiguration currentConfiguration, SecurityToken& signatureValidatedToken, ExceptionDispatchInfo& exceptionThrown)
      --- End of stack trace from previous location ---
         at System.IdentityModel.Tokens.Jwt.JwtSecurityTokenHandler.ValidateToken(String token, JwtSecurityToken outerToken, TokenValidationParameters validationParameters, SecurityToken& signatureValidatedToken)
         at System.IdentityModel.Tokens.Jwt.JwtSecurityTokenHandler.ValidateToken(String token, TokenValidationParameters validationParameters, SecurityToken& validatedToken)
         at Diten.ApiGateway.Authentication.GatewayJwtAuthenticationHandler.HandleAuthenticateAsync() in C:\Users\user\Desktop\ERP-vNext\gateway\Diten.ApiGateway\Authentication\GatewayJwtAuthenticationHandler.cs:line 48
info: Diten.ApiGateway.Authentication.GatewayJwtAuthenticationHandler[7]
      Bearer was not authenticated. Failure message: Invalid bearer token.
warn: Diten.ApiGateway.Authentication.GatewayJwtAuthenticationHandler[0]
      Gateway JWT authentication failed.
      Microsoft.IdentityModel.Tokens.SecurityTokenNoExpirationException: IDX10225: Lifetime validation failed. The token is missing an Expiration Time. Tokentype: 'System.IdentityModel.Tokens.Jwt.JwtSecurityToken'.
         at Microsoft.IdentityModel.Tokens.ValidatorUtilities.ValidateLifetime(Nullable`1 notBefore, Nullable`1 expires, SecurityToken securityToken, TokenValidationParameters validationParameters)
         at System.IdentityModel.Tokens.Jwt.JwtSecurityTokenHandler.ValidateTokenPayload(JwtSecurityToken jwtToken, TokenValidationParameters validationParameters, BaseConfiguration configuration)
         at System.IdentityModel.Tokens.Jwt.JwtSecurityTokenHandler.ValidateJWS(String token, TokenValidationParameters validationParameters, BaseConfiguration currentConfiguration, SecurityToken& signatureValidatedToken, ExceptionDispatchInfo& exceptionThrown)
      --- End of stack trace from previous location ---
         at System.IdentityModel.Tokens.Jwt.JwtSecurityTokenHandler.ValidateToken(String token, JwtSecurityToken outerToken, TokenValidationParameters validationParameters, SecurityToken& signatureValidatedToken)
         at System.IdentityModel.Tokens.Jwt.JwtSecurityTokenHandler.ValidateToken(String token, TokenValidationParameters validationParameters, SecurityToken& validatedToken)
         at Diten.ApiGateway.Authentication.GatewayJwtAuthenticationHandler.HandleAuthenticateAsync() in C:\Users\user\Desktop\ERP-vNext\gateway\Diten.ApiGateway\Authentication\GatewayJwtAuthenticationHandler.cs:line 48
info: Diten.ApiGateway.Authentication.GatewayJwtAuthenticationHandler[7]
      Bearer was not authenticated. Failure message: Invalid bearer token.
dbug: Ocelot.Errors.Middleware.ExceptionHandlerMiddleware[0]
      RequestId: 0HNLH3VCCAF07:00000002, PreviousRequestId: -
      Ocelot pipeline started
dbug: Ocelot.DownstreamRouteFinder.Middleware.DownstreamRouteFinderMiddleware[0]
      RequestId: 0HNLH3VCCAF07:00000002, PreviousRequestId: -
      Upstream URL path: /api/personalization/views
dbug: Ocelot.DownstreamRouteFinder.Middleware.DownstreamRouteFinderMiddleware[0]
      RequestId: 0HNLH3VCCAF07:00000002, PreviousRequestId: -
      Downstream templates: /api/personalization/views
info: Ocelot.RateLimiting.RateLimitingMiddleware[0]
      RequestId: 0HNLH3VCCAF07:00000002, PreviousRequestId: -
      Rate limiting is disabled for route '/api/personalization/views' via the EnableRateLimiting option.
info: Ocelot.Authentication.AuthenticationMiddleware[0]
      RequestId: 0HNLH3VCCAF07:00000002, PreviousRequestId: -
      No authentication is required for the path '/api/personalization/views' in the route /api/personalization/views.
dbug: Ocelot.DownstreamUrlCreator.DownstreamUrlCreatorMiddleware[0]
      RequestId: 0HNLH3VCCAF07:00000002, PreviousRequestId: -
      Downstream URL: http://localhost:5057/api/personalization/views?moduleKey=Platform&pageKey=Administrators
warn: Diten.ApiGateway.Authentication.GatewayJwtAuthenticationHandler[0]
      Gateway JWT authentication failed.
      Microsoft.IdentityModel.Tokens.SecurityTokenNoExpirationException: IDX10225: Lifetime validation failed. The token is missing an Expiration Time. Tokentype: 'System.IdentityModel.Tokens.Jwt.JwtSecurityToken'.
         at Microsoft.IdentityModel.Tokens.ValidatorUtilities.ValidateLifetime(Nullable`1 notBefore, Nullable`1 expires, SecurityToken securityToken, TokenValidationParameters validationParameters)
         at System.IdentityModel.Tokens.Jwt.JwtSecurityTokenHandler.ValidateTokenPayload(JwtSecurityToken jwtToken, TokenValidationParameters validationParameters, BaseConfiguration configuration)
         at System.IdentityModel.Tokens.Jwt.JwtSecurityTokenHandler.ValidateJWS(String token, TokenValidationParameters validationParameters, BaseConfiguration currentConfiguration, SecurityToken& signatureValidatedToken, ExceptionDispatchInfo& exceptionThrown)
      --- End of stack trace from previous location ---
         at System.IdentityModel.Tokens.Jwt.JwtSecurityTokenHandler.ValidateToken(String token, JwtSecurityToken outerToken, TokenValidationParameters validationParameters, SecurityToken& signatureValidatedToken)
         at System.IdentityModel.Tokens.Jwt.JwtSecurityTokenHandler.ValidateToken(String token, TokenValidationParameters validationParameters, SecurityToken& validatedToken)
         at Diten.ApiGateway.Authentication.GatewayJwtAuthenticationHandler.HandleAuthenticateAsync() in C:\Users\user\Desktop\ERP-vNext\gateway\Diten.ApiGateway\Authentication\GatewayJwtAuthenticationHandler.cs:line 48
info: Diten.ApiGateway.Authentication.GatewayJwtAuthenticationHandler[7]
      Bearer was not authenticated. Failure message: Invalid bearer token.
info: Ocelot.Requester.Middleware.HttpRequesterMiddleware[0]
      RequestId: 0HNLH3VCCAF07:00000002, PreviousRequestId: -
      200 OK status code of request URI: http://localhost:5057/api/personalization/views?moduleKey=Platform&pageKey=Administrators
dbug: Ocelot.Requester.Middleware.HttpRequesterMiddleware[0]
      RequestId: 0HNLH3VCCAF07:00000002, PreviousRequestId: -
      Setting HTTP response message...
dbug: Ocelot.Responder.Middleware.ResponderMiddleware[0]
      RequestId: 0HNLH3VCCAF07:00000002, PreviousRequestId: -
      No pipeline errors: setting and returning completed response...
dbug: Ocelot.Errors.Middleware.ExceptionHandlerMiddleware[0]
      RequestId: 0HNLH3VCCAF07:00000002, PreviousRequestId: -
      Ocelot pipeline finished
warn: Diten.ApiGateway.Authentication.GatewayJwtAuthenticationHandler[0]
      Gateway JWT authentication failed.
      Microsoft.IdentityModel.Tokens.SecurityTokenNoExpirationException: IDX10225: Lifetime validation failed. The token is missing an Expiration Time. Tokentype: 'System.IdentityModel.Tokens.Jwt.JwtSecurityToken'.
         at Microsoft.IdentityModel.Tokens.ValidatorUtilities.ValidateLifetime(Nullable`1 notBefore, Nullable`1 expires, SecurityToken securityToken, TokenValidationParameters validationParameters)
         at System.IdentityModel.Tokens.Jwt.JwtSecurityTokenHandler.ValidateTokenPayload(JwtSecurityToken jwtToken, TokenValidationParameters validationParameters, BaseConfiguration configuration)
         at System.IdentityModel.Tokens.Jwt.JwtSecurityTokenHandler.ValidateJWS(String token, TokenValidationParameters validationParameters, BaseConfiguration currentConfiguration, SecurityToken& signatureValidatedToken, ExceptionDispatchInfo& exceptionThrown)
      --- End of stack trace from previous location ---
         at System.IdentityModel.Tokens.Jwt.JwtSecurityTokenHandler.ValidateToken(String token, JwtSecurityToken outerToken, TokenValidationParameters validationParameters, SecurityToken& signatureValidatedToken)
         at System.IdentityModel.Tokens.Jwt.JwtSecurityTokenHandler.ValidateToken(String token, TokenValidationParameters validationParameters, SecurityToken& validatedToken)
         at Diten.ApiGateway.Authentication.GatewayJwtAuthenticationHandler.HandleAuthenticateAsync() in C:\Users\user\Desktop\ERP-vNext\gateway\Diten.ApiGateway\Authentication\GatewayJwtAuthenticationHandler.cs:line 48
info: Diten.ApiGateway.Authentication.GatewayJwtAuthenticationHandler[7]
      Bearer was not authenticated. Failure message: Invalid bearer token.
warn: Diten.ApiGateway.Authentication.GatewayJwtAuthenticationHandler[0]
      Gateway JWT authentication failed.
      Microsoft.IdentityModel.Tokens.SecurityTokenNoExpirationException: IDX10225: Lifetime validation failed. The token is missing an Expiration Time. Tokentype: 'System.IdentityModel.Tokens.Jwt.JwtSecurityToken'.
         at Microsoft.IdentityModel.Tokens.ValidatorUtilities.ValidateLifetime(Nullable`1 notBefore, Nullable`1 expires, SecurityToken securityToken, TokenValidationParameters validationParameters)
         at System.IdentityModel.Tokens.Jwt.JwtSecurityTokenHandler.ValidateTokenPayload(JwtSecurityToken jwtToken, TokenValidationParameters validationParameters, BaseConfiguration configuration)
         at System.IdentityModel.Tokens.Jwt.JwtSecurityTokenHandler.ValidateJWS(String token, TokenValidationParameters validationParameters, BaseConfiguration currentConfiguration, SecurityToken& signatureValidatedToken, ExceptionDispatchInfo& exceptionThrown)
      --- End of stack trace from previous location ---
         at System.IdentityModel.Tokens.Jwt.JwtSecurityTokenHandler.ValidateToken(String token, JwtSecurityToken outerToken, TokenValidationParameters validationParameters, SecurityToken& signatureValidatedToken)
         at System.IdentityModel.Tokens.Jwt.JwtSecurityTokenHandler.ValidateToken(String token, TokenValidationParameters validationParameters, SecurityToken& validatedToken)
         at Diten.ApiGateway.Authentication.GatewayJwtAuthenticationHandler.HandleAuthenticateAsync() in C:\Users\user\Desktop\ERP-vNext\gateway\Diten.ApiGateway\Authentication\GatewayJwtAuthenticationHandler.cs:line 48
info: Diten.ApiGateway.Authentication.GatewayJwtAuthenticationHandler[7]
      Bearer was not authenticated. Failure message: Invalid bearer token.
warn: Diten.ApiGateway.Authentication.GatewayJwtAuthenticationHandler[0]
      Gateway JWT authentication failed.
      Microsoft.IdentityModel.Tokens.SecurityTokenNoExpirationException: IDX10225: Lifetime validation failed. The token is missing an Expiration Time. Tokentype: 'System.IdentityModel.Tokens.Jwt.JwtSecurityToken'.
         at Microsoft.IdentityModel.Tokens.ValidatorUtilities.ValidateLifetime(Nullable`1 notBefore, Nullable`1 expires, SecurityToken securityToken, TokenValidationParameters validationParameters)
         at System.IdentityModel.Tokens.Jwt.JwtSecurityTokenHandler.ValidateTokenPayload(JwtSecurityToken jwtToken, TokenValidationParameters validationParameters, BaseConfiguration configuration)
         at System.IdentityModel.Tokens.Jwt.JwtSecurityTokenHandler.ValidateJWS(String token, TokenValidationParameters validationParameters, BaseConfiguration currentConfiguration, SecurityToken& signatureValidatedToken, ExceptionDispatchInfo& exceptionThrown)
      --- End of stack trace from previous location ---
         at System.IdentityModel.Tokens.Jwt.JwtSecurityTokenHandler.ValidateToken(String token, JwtSecurityToken outerToken, TokenValidationParameters validationParameters, SecurityToken& signatureValidatedToken)
         at System.IdentityModel.Tokens.Jwt.JwtSecurityTokenHandler.ValidateToken(String token, TokenValidationParameters validationParameters, SecurityToken& validatedToken)
         at Diten.ApiGateway.Authentication.GatewayJwtAuthenticationHandler.HandleAuthenticateAsync() in C:\Users\user\Desktop\ERP-vNext\gateway\Diten.ApiGateway\Authentication\GatewayJwtAuthenticationHandler.cs:line 48
info: Diten.ApiGateway.Authentication.GatewayJwtAuthenticationHandler[7]
      Bearer was not authenticated. Failure message: Invalid bearer token.
warn: Diten.ApiGateway.Authentication.GatewayJwtAuthenticationHandler[0]
      Gateway JWT authentication failed.
      Microsoft.IdentityModel.Tokens.SecurityTokenNoExpirationException: IDX10225: Lifetime validation failed. The token is missing an Expiration Time. Tokentype: 'System.IdentityModel.Tokens.Jwt.JwtSecurityToken'.
         at Microsoft.IdentityModel.Tokens.ValidatorUtilities.ValidateLifetime(Nullable`1 notBefore, Nullable`1 expires, SecurityToken securityToken, TokenValidationParameters validationParameters)
         at System.IdentityModel.Tokens.Jwt.JwtSecurityTokenHandler.ValidateTokenPayload(JwtSecurityToken jwtToken, TokenValidationParameters validationParameters, BaseConfiguration configuration)
         at System.IdentityModel.Tokens.Jwt.JwtSecurityTokenHandler.ValidateJWS(String token, TokenValidationParameters validationParameters, BaseConfiguration currentConfiguration, SecurityToken& signatureValidatedToken, ExceptionDispatchInfo& exceptionThrown)
      --- End of stack trace from previous location ---
         at System.IdentityModel.Tokens.Jwt.JwtSecurityTokenHandler.ValidateToken(String token, JwtSecurityToken outerToken, TokenValidationParameters validationParameters, SecurityToken& signatureValidatedToken)
         at System.IdentityModel.Tokens.Jwt.JwtSecurityTokenHandler.ValidateToken(String token, TokenValidationParameters validationParameters, SecurityToken& validatedToken)
         at Diten.ApiGateway.Authentication.GatewayJwtAuthenticationHandler.HandleAuthenticateAsync() in C:\Users\user\Desktop\ERP-vNext\gateway\Diten.ApiGateway\Authentication\GatewayJwtAuthenticationHandler.cs:line 48
info: Diten.ApiGateway.Authentication.GatewayJwtAuthenticationHandler[7]
      Bearer was not authenticated. Failure message: Invalid bearer token.
warn: Diten.ApiGateway.Authentication.GatewayJwtAuthenticationHandler[0]
      Gateway JWT authentication failed.
      Microsoft.IdentityModel.Tokens.SecurityTokenNoExpirationException: IDX10225: Lifetime validation failed. The token is missing an Expiration Time. Tokentype: 'System.IdentityModel.Tokens.Jwt.JwtSecurityToken'.
         at Microsoft.IdentityModel.Tokens.ValidatorUtilities.ValidateLifetime(Nullable`1 notBefore, Nullable`1 expires, SecurityToken securityToken, TokenValidationParameters validationParameters)
         at System.IdentityModel.Tokens.Jwt.JwtSecurityTokenHandler.ValidateTokenPayload(JwtSecurityToken jwtToken, TokenValidationParameters validationParameters, BaseConfiguration configuration)
         at System.IdentityModel.Tokens.Jwt.JwtSecurityTokenHandler.ValidateJWS(String token, TokenValidationParameters validationParameters, BaseConfiguration currentConfiguration, SecurityToken& signatureValidatedToken, ExceptionDispatchInfo& exceptionThrown)
      --- End of stack trace from previous location ---
         at System.IdentityModel.Tokens.Jwt.JwtSecurityTokenHandler.ValidateToken(String token, JwtSecurityToken outerToken, TokenValidationParameters validationParameters, SecurityToken& signatureValidatedToken)
         at System.IdentityModel.Tokens.Jwt.JwtSecurityTokenHandler.ValidateToken(String token, TokenValidationParameters validationParameters, SecurityToken& validatedToken)
         at Diten.ApiGateway.Authentication.GatewayJwtAuthenticationHandler.HandleAuthenticateAsync() in C:\Users\user\Desktop\ERP-vNext\gateway\Diten.ApiGateway\Authentication\GatewayJwtAuthenticationHandler.cs:line 48
info: Diten.ApiGateway.Authentication.GatewayJwtAuthenticationHandler[7]
      Bearer was not authenticated. Failure message: Invalid bearer token.
dbug: Ocelot.Errors.Middleware.ExceptionHandlerMiddleware[0]
      RequestId: 0HNLH3VCCAF0A:00000001, PreviousRequestId: -
      Ocelot pipeline started
dbug: Ocelot.DownstreamRouteFinder.Middleware.DownstreamRouteFinderMiddleware[0]
      RequestId: 0HNLH3VCCAF0A:00000001, PreviousRequestId: -
      Upstream URL path: /api/personalization/views
dbug: Ocelot.DownstreamRouteFinder.Middleware.DownstreamRouteFinderMiddleware[0]
      RequestId: 0HNLH3VCCAF0A:00000001, PreviousRequestId: -
      Downstream templates: /api/personalization/views
info: Ocelot.RateLimiting.RateLimitingMiddleware[0]
      RequestId: 0HNLH3VCCAF0A:00000001, PreviousRequestId: -
      Rate limiting is disabled for route '/api/personalization/views' via the EnableRateLimiting option.
info: Ocelot.Authentication.AuthenticationMiddleware[0]
      RequestId: 0HNLH3VCCAF0A:00000001, PreviousRequestId: -
      No authentication is required for the path '/api/personalization/views' in the route /api/personalization/views.
dbug: Ocelot.DownstreamUrlCreator.DownstreamUrlCreatorMiddleware[0]
      RequestId: 0HNLH3VCCAF0A:00000001, PreviousRequestId: -
      Downstream URL: http://localhost:5057/api/personalization/views?moduleKey=Platform&pageKey=Tenants
warn: Diten.ApiGateway.Authentication.GatewayJwtAuthenticationHandler[0]
      Gateway JWT authentication failed.
      Microsoft.IdentityModel.Tokens.SecurityTokenNoExpirationException: IDX10225: Lifetime validation failed. The token is missing an Expiration Time. Tokentype: 'System.IdentityModel.Tokens.Jwt.JwtSecurityToken'.
         at Microsoft.IdentityModel.Tokens.ValidatorUtilities.ValidateLifetime(Nullable`1 notBefore, Nullable`1 expires, SecurityToken securityToken, TokenValidationParameters validationParameters)
         at System.IdentityModel.Tokens.Jwt.JwtSecurityTokenHandler.ValidateTokenPayload(JwtSecurityToken jwtToken, TokenValidationParameters validationParameters, BaseConfiguration configuration)
         at System.IdentityModel.Tokens.Jwt.JwtSecurityTokenHandler.ValidateJWS(String token, TokenValidationParameters validationParameters, BaseConfiguration currentConfiguration, SecurityToken& signatureValidatedToken, ExceptionDispatchInfo& exceptionThrown)
      --- End of stack trace from previous location ---
         at System.IdentityModel.Tokens.Jwt.JwtSecurityTokenHandler.ValidateToken(String token, JwtSecurityToken outerToken, TokenValidationParameters validationParameters, SecurityToken& signatureValidatedToken)
         at System.IdentityModel.Tokens.Jwt.JwtSecurityTokenHandler.ValidateToken(String token, TokenValidationParameters validationParameters, SecurityToken& validatedToken)
         at Diten.ApiGateway.Authentication.GatewayJwtAuthenticationHandler.HandleAuthenticateAsync() in C:\Users\user\Desktop\ERP-vNext\gateway\Diten.ApiGateway\Authentication\GatewayJwtAuthenticationHandler.cs:line 48
info: Diten.ApiGateway.Authentication.GatewayJwtAuthenticationHandler[7]
      Bearer was not authenticated. Failure message: Invalid bearer token.
dbug: Ocelot.Errors.Middleware.ExceptionHandlerMiddleware[0]
      RequestId: 0HNLH3VCCAF0B:00000001, PreviousRequestId: -
      Ocelot pipeline started
dbug: Ocelot.DownstreamRouteFinder.Middleware.DownstreamRouteFinderMiddleware[0]
      RequestId: 0HNLH3VCCAF0B:00000001, PreviousRequestId: -
      Upstream URL path: /api/personalization/views
info: Ocelot.Requester.Middleware.HttpRequesterMiddleware[0]
      RequestId: 0HNLH3VCCAF0A:00000001, PreviousRequestId: -
      200 OK status code of request URI: http://localhost:5057/api/personalization/views?moduleKey=Platform&pageKey=Tenants
dbug: Ocelot.Requester.Middleware.HttpRequesterMiddleware[0]
      RequestId: 0HNLH3VCCAF0A:00000001, PreviousRequestId: -
      Setting HTTP response message...
dbug: Ocelot.Responder.Middleware.ResponderMiddleware[0]
      RequestId: 0HNLH3VCCAF0A:00000001, PreviousRequestId: -
      No pipeline errors: setting and returning completed response...
dbug: Ocelot.Errors.Middleware.ExceptionHandlerMiddleware[0]
      RequestId: 0HNLH3VCCAF0A:00000001, PreviousRequestId: -
      Ocelot pipeline finished
dbug: Ocelot.DownstreamRouteFinder.Middleware.DownstreamRouteFinderMiddleware[0]
      RequestId: 0HNLH3VCCAF0B:00000001, PreviousRequestId: -
      Downstream templates: /api/personalization/views
info: Ocelot.RateLimiting.RateLimitingMiddleware[0]
      RequestId: 0HNLH3VCCAF0B:00000001, PreviousRequestId: -
      Rate limiting is disabled for route '/api/personalization/views' via the EnableRateLimiting option.
info: Ocelot.Authentication.AuthenticationMiddleware[0]
      RequestId: 0HNLH3VCCAF0B:00000001, PreviousRequestId: -
      No authentication is required for the path '/api/personalization/views' in the route /api/personalization/views.
dbug: Ocelot.DownstreamUrlCreator.DownstreamUrlCreatorMiddleware[0]
      RequestId: 0HNLH3VCCAF0B:00000001, PreviousRequestId: -
      Downstream URL: http://localhost:5057/api/personalization/views?moduleKey=Platform&pageKey=Administrators
info: Ocelot.Requester.Middleware.HttpRequesterMiddleware[0]
      RequestId: 0HNLH3VCCAF0B:00000001, PreviousRequestId: -
      200 OK status code of request URI: http://localhost:5057/api/personalization/views?moduleKey=Platform&pageKey=Administrators
dbug: Ocelot.Requester.Middleware.HttpRequesterMiddleware[0]
      RequestId: 0HNLH3VCCAF0B:00000001, PreviousRequestId: -
      Setting HTTP response message...
dbug: Ocelot.Responder.Middleware.ResponderMiddleware[0]
      RequestId: 0HNLH3VCCAF0B:00000001, PreviousRequestId: -
      No pipeline errors: setting and returning completed response...
dbug: Ocelot.Errors.Middleware.ExceptionHandlerMiddleware[0]
      RequestId: 0HNLH3VCCAF0B:00000001, PreviousRequestId: -
      Ocelot pipeline finished
warn: Diten.ApiGateway.Authentication.GatewayJwtAuthenticationHandler[0]
      Gateway JWT authentication failed.
      Microsoft.IdentityModel.Tokens.SecurityTokenNoExpirationException: IDX10225: Lifetime validation failed. The token is missing an Expiration Time. Tokentype: 'System.IdentityModel.Tokens.Jwt.JwtSecurityToken'.
         at Microsoft.IdentityModel.Tokens.ValidatorUtilities.ValidateLifetime(Nullable`1 notBefore, Nullable`1 expires, SecurityToken securityToken, TokenValidationParameters validationParameters)
         at System.IdentityModel.Tokens.Jwt.JwtSecurityTokenHandler.ValidateTokenPayload(JwtSecurityToken jwtToken, TokenValidationParameters validationParameters, BaseConfiguration configuration)
         at System.IdentityModel.Tokens.Jwt.JwtSecurityTokenHandler.ValidateJWS(String token, TokenValidationParameters validationParameters, BaseConfiguration currentConfiguration, SecurityToken& signatureValidatedToken, ExceptionDispatchInfo& exceptionThrown)
      --- End of stack trace from previous location ---
         at System.IdentityModel.Tokens.Jwt.JwtSecurityTokenHandler.ValidateToken(String token, JwtSecurityToken outerToken, TokenValidationParameters validationParameters, SecurityToken& signatureValidatedToken)
         at System.IdentityModel.Tokens.Jwt.JwtSecurityTokenHandler.ValidateToken(String token, TokenValidationParameters validationParameters, SecurityToken& validatedToken)
         at Diten.ApiGateway.Authentication.GatewayJwtAuthenticationHandler.HandleAuthenticateAsync() in C:\Users\user\Desktop\ERP-vNext\gateway\Diten.ApiGateway\Authentication\GatewayJwtAuthenticationHandler.cs:line 48
info: Diten.ApiGateway.Authentication.GatewayJwtAuthenticationHandler[7]
      Bearer was not authenticated. Failure message: Invalid bearer token.
warn: Diten.ApiGateway.Authentication.GatewayJwtAuthenticationHandler[0]
      Gateway JWT authentication failed.
      Microsoft.IdentityModel.Tokens.SecurityTokenNoExpirationException: IDX10225: Lifetime validation failed. The token is missing an Expiration Time. Tokentype: 'System.IdentityModel.Tokens.Jwt.JwtSecurityToken'.
         at Microsoft.IdentityModel.Tokens.ValidatorUtilities.ValidateLifetime(Nullable`1 notBefore, Nullable`1 expires, SecurityToken securityToken, TokenValidationParameters validationParameters)
         at System.IdentityModel.Tokens.Jwt.JwtSecurityTokenHandler.ValidateTokenPayload(JwtSecurityToken jwtToken, TokenValidationParameters validationParameters, BaseConfiguration configuration)
         at System.IdentityModel.Tokens.Jwt.JwtSecurityTokenHandler.ValidateJWS(String token, TokenValidationParameters validationParameters, BaseConfiguration currentConfiguration, SecurityToken& signatureValidatedToken, ExceptionDispatchInfo& exceptionThrown)
      --- End of stack trace from previous location ---
         at System.IdentityModel.Tokens.Jwt.JwtSecurityTokenHandler.ValidateToken(String token, JwtSecurityToken outerToken, TokenValidationParameters validationParameters, SecurityToken& signatureValidatedToken)
         at System.IdentityModel.Tokens.Jwt.JwtSecurityTokenHandler.ValidateToken(String token, TokenValidationParameters validationParameters, SecurityToken& validatedToken)
         at Diten.ApiGateway.Authentication.GatewayJwtAuthenticationHandler.HandleAuthenticateAsync() in C:\Users\user\Desktop\ERP-vNext\gateway\Diten.ApiGateway\Authentication\GatewayJwtAuthenticationHandler.cs:line 48
info: Diten.ApiGateway.Authentication.GatewayJwtAuthenticationHandler[7]
      Bearer was not authenticated. Failure message: Invalid bearer token.
warn: Diten.ApiGateway.Authentication.GatewayJwtAuthenticationHandler[0]
      Gateway JWT authentication failed.
      Microsoft.IdentityModel.Tokens.SecurityTokenNoExpirationException: IDX10225: Lifetime validation failed. The token is missing an Expiration Time. Tokentype: 'System.IdentityModel.Tokens.Jwt.JwtSecurityToken'.
         at Microsoft.IdentityModel.Tokens.ValidatorUtilities.ValidateLifetime(Nullable`1 notBefore, Nullable`1 expires, SecurityToken securityToken, TokenValidationParameters validationParameters)
         at System.IdentityModel.Tokens.Jwt.JwtSecurityTokenHandler.ValidateTokenPayload(JwtSecurityToken jwtToken, TokenValidationParameters validationParameters, BaseConfiguration configuration)
         at System.IdentityModel.Tokens.Jwt.JwtSecurityTokenHandler.ValidateJWS(String token, TokenValidationParameters validationParameters, BaseConfiguration currentConfiguration, SecurityToken& signatureValidatedToken, ExceptionDispatchInfo& exceptionThrown)
      --- End of stack trace from previous location ---
         at System.IdentityModel.Tokens.Jwt.JwtSecurityTokenHandler.ValidateToken(String token, JwtSecurityToken outerToken, TokenValidationParameters validationParameters, SecurityToken& signatureValidatedToken)
         at System.IdentityModel.Tokens.Jwt.JwtSecurityTokenHandler.ValidateToken(String token, TokenValidationParameters validationParameters, SecurityToken& validatedToken)
         at Diten.ApiGateway.Authentication.GatewayJwtAuthenticationHandler.HandleAuthenticateAsync() in C:\Users\user\Desktop\ERP-vNext\gateway\Diten.ApiGateway\Authentication\GatewayJwtAuthenticationHandler.cs:line 48
info: Diten.ApiGateway.Authentication.GatewayJwtAuthenticationHandler[7]
      Bearer was not authenticated. Failure message: Invalid bearer token.
warn: Diten.ApiGateway.Authentication.GatewayJwtAuthenticationHandler[0]
      Gateway JWT authentication failed.
      Microsoft.IdentityModel.Tokens.SecurityTokenNoExpirationException: IDX10225: Lifetime validation failed. The token is missing an Expiration Time. Tokentype: 'System.IdentityModel.Tokens.Jwt.JwtSecurityToken'.
         at Microsoft.IdentityModel.Tokens.ValidatorUtilities.ValidateLifetime(Nullable`1 notBefore, Nullable`1 expires, SecurityToken securityToken, TokenValidationParameters validationParameters)
         at System.IdentityModel.Tokens.Jwt.JwtSecurityTokenHandler.ValidateTokenPayload(JwtSecurityToken jwtToken, TokenValidationParameters validationParameters, BaseConfiguration configuration)
         at System.IdentityModel.Tokens.Jwt.JwtSecurityTokenHandler.ValidateJWS(String token, TokenValidationParameters validationParameters, BaseConfiguration currentConfiguration, SecurityToken& signatureValidatedToken, ExceptionDispatchInfo& exceptionThrown)
      --- End of stack trace from previous location ---
         at System.IdentityModel.Tokens.Jwt.JwtSecurityTokenHandler.ValidateToken(String token, JwtSecurityToken outerToken, TokenValidationParameters validationParameters, SecurityToken& signatureValidatedToken)
         at System.IdentityModel.Tokens.Jwt.JwtSecurityTokenHandler.ValidateToken(String token, TokenValidationParameters validationParameters, SecurityToken& validatedToken)
         at Diten.ApiGateway.Authentication.GatewayJwtAuthenticationHandler.HandleAuthenticateAsync() in C:\Users\user\Desktop\ERP-vNext\gateway\Diten.ApiGateway\Authentication\GatewayJwtAuthenticationHandler.cs:line 48
info: Diten.ApiGateway.Authentication.GatewayJwtAuthenticationHandler[7]
      Bearer was not authenticated. Failure message: Invalid bearer token.
warn: Diten.ApiGateway.Authentication.GatewayJwtAuthenticationHandler[0]
      Gateway JWT authentication failed.
      Microsoft.IdentityModel.Tokens.SecurityTokenNoExpirationException: IDX10225: Lifetime validation failed. The token is missing an Expiration Time. Tokentype: 'System.IdentityModel.Tokens.Jwt.JwtSecurityToken'.
         at Microsoft.IdentityModel.Tokens.ValidatorUtilities.ValidateLifetime(Nullable`1 notBefore, Nullable`1 expires, SecurityToken securityToken, TokenValidationParameters validationParameters)
         at System.IdentityModel.Tokens.Jwt.JwtSecurityTokenHandler.ValidateTokenPayload(JwtSecurityToken jwtToken, TokenValidationParameters validationParameters, BaseConfiguration configuration)
         at System.IdentityModel.Tokens.Jwt.JwtSecurityTokenHandler.ValidateJWS(String token, TokenValidationParameters validationParameters, BaseConfiguration currentConfiguration, SecurityToken& signatureValidatedToken, ExceptionDispatchInfo& exceptionThrown)
      --- End of stack trace from previous location ---
         at System.IdentityModel.Tokens.Jwt.JwtSecurityTokenHandler.ValidateToken(String token, JwtSecurityToken outerToken, TokenValidationParameters validationParameters, SecurityToken& signatureValidatedToken)
         at System.IdentityModel.Tokens.Jwt.JwtSecurityTokenHandler.ValidateToken(String token, TokenValidationParameters validationParameters, SecurityToken& validatedToken)
         at Diten.ApiGateway.Authentication.GatewayJwtAuthenticationHandler.HandleAuthenticateAsync() in C:\Users\user\Desktop\ERP-vNext\gateway\Diten.ApiGateway\Authentication\GatewayJwtAuthenticationHandler.cs:line 48
info: Diten.ApiGateway.Authentication.GatewayJwtAuthenticationHandler[7]
      Bearer was not authenticated. Failure message: Invalid bearer token.
warn: Diten.ApiGateway.Authentication.GatewayJwtAuthenticationHandler[0]
      Gateway JWT authentication failed.
      Microsoft.IdentityModel.Tokens.SecurityTokenNoExpirationException: IDX10225: Lifetime validation failed. The token is missing an Expiration Time. Tokentype: 'System.IdentityModel.Tokens.Jwt.JwtSecurityToken'.
         at Microsoft.IdentityModel.Tokens.ValidatorUtilities.ValidateLifetime(Nullable`1 notBefore, Nullable`1 expires, SecurityToken securityToken, TokenValidationParameters validationParameters)
         at System.IdentityModel.Tokens.Jwt.JwtSecurityTokenHandler.ValidateTokenPayload(JwtSecurityToken jwtToken, TokenValidationParameters validationParameters, BaseConfiguration configuration)
         at System.IdentityModel.Tokens.Jwt.JwtSecurityTokenHandler.ValidateJWS(String token, TokenValidationParameters validationParameters, BaseConfiguration currentConfiguration, SecurityToken& signatureValidatedToken, ExceptionDispatchInfo& exceptionThrown)
      --- End of stack trace from previous location ---
         at System.IdentityModel.Tokens.Jwt.JwtSecurityTokenHandler.ValidateToken(String token, JwtSecurityToken outerToken, TokenValidationParameters validationParameters, SecurityToken& signatureValidatedToken)
         at System.IdentityModel.Tokens.Jwt.JwtSecurityTokenHandler.ValidateToken(String token, TokenValidationParameters validationParameters, SecurityToken& validatedToken)
         at Diten.ApiGateway.Authentication.GatewayJwtAuthenticationHandler.HandleAuthenticateAsync() in C:\Users\user\Desktop\ERP-vNext\gateway\Diten.ApiGateway\Authentication\GatewayJwtAuthenticationHandler.cs:line 48
info: Diten.ApiGateway.Authentication.GatewayJwtAuthenticationHandler[7]
      Bearer was not authenticated. Failure message: Invalid bearer token.
warn: Diten.ApiGateway.Authentication.GatewayJwtAuthenticationHandler[0]
      Gateway JWT authentication failed.
      Microsoft.IdentityModel.Tokens.SecurityTokenNoExpirationException: IDX10225: Lifetime validation failed. The token is missing an Expiration Time. Tokentype: 'System.IdentityModel.Tokens.Jwt.JwtSecurityToken'.
         at Microsoft.IdentityModel.Tokens.ValidatorUtilities.ValidateLifetime(Nullable`1 notBefore, Nullable`1 expires, SecurityToken securityToken, TokenValidationParameters validationParameters)
         at System.IdentityModel.Tokens.Jwt.JwtSecurityTokenHandler.ValidateTokenPayload(JwtSecurityToken jwtToken, TokenValidationParameters validationParameters, BaseConfiguration configuration)
         at System.IdentityModel.Tokens.Jwt.JwtSecurityTokenHandler.ValidateJWS(String token, TokenValidationParameters validationParameters, BaseConfiguration currentConfiguration, SecurityToken& signatureValidatedToken, ExceptionDispatchInfo& exceptionThrown)
      --- End of stack trace from previous location ---
         at System.IdentityModel.Tokens.Jwt.JwtSecurityTokenHandler.ValidateToken(String token, JwtSecurityToken outerToken, TokenValidationParameters validationParameters, SecurityToken& signatureValidatedToken)
         at System.IdentityModel.Tokens.Jwt.JwtSecurityTokenHandler.ValidateToken(String token, TokenValidationParameters validationParameters, SecurityToken& validatedToken)
         at Diten.ApiGateway.Authentication.GatewayJwtAuthenticationHandler.HandleAuthenticateAsync() in C:\Users\user\Desktop\ERP-vNext\gateway\Diten.ApiGateway\Authentication\GatewayJwtAuthenticationHandler.cs:line 48
info: Diten.ApiGateway.Authentication.GatewayJwtAuthenticationHandler[7]
      Bearer was not authenticated. Failure message: Invalid bearer token.
dbug: Ocelot.Errors.Middleware.ExceptionHandlerMiddleware[0]
      RequestId: 0HNLH3VCCAF0B:00000002, PreviousRequestId: -
      Ocelot pipeline started
dbug: Ocelot.DownstreamRouteFinder.Middleware.DownstreamRouteFinderMiddleware[0]
      RequestId: 0HNLH3VCCAF0B:00000002, PreviousRequestId: -
      Upstream URL path: /api/personalization/views
dbug: Ocelot.DownstreamRouteFinder.Middleware.DownstreamRouteFinderMiddleware[0]
      RequestId: 0HNLH3VCCAF0B:00000002, PreviousRequestId: -
      Downstream templates: /api/personalization/views
info: Ocelot.RateLimiting.RateLimitingMiddleware[0]
      RequestId: 0HNLH3VCCAF0B:00000002, PreviousRequestId: -
      Rate limiting is disabled for route '/api/personalization/views' via the EnableRateLimiting option.
info: Ocelot.Authentication.AuthenticationMiddleware[0]
      RequestId: 0HNLH3VCCAF0B:00000002, PreviousRequestId: -
      No authentication is required for the path '/api/personalization/views' in the route /api/personalization/views.
dbug: Ocelot.DownstreamUrlCreator.DownstreamUrlCreatorMiddleware[0]
      RequestId: 0HNLH3VCCAF0B:00000002, PreviousRequestId: -
      Downstream URL: http://localhost:5057/api/personalization/views?moduleKey=Platform&pageKey=Administrators
warn: Diten.ApiGateway.Authentication.GatewayJwtAuthenticationHandler[0]
      Gateway JWT authentication failed.
      Microsoft.IdentityModel.Tokens.SecurityTokenNoExpirationException: IDX10225: Lifetime validation failed. The token is missing an Expiration Time. Tokentype: 'System.IdentityModel.Tokens.Jwt.JwtSecurityToken'.
         at Microsoft.IdentityModel.Tokens.ValidatorUtilities.ValidateLifetime(Nullable`1 notBefore, Nullable`1 expires, SecurityToken securityToken, TokenValidationParameters validationParameters)
         at System.IdentityModel.Tokens.Jwt.JwtSecurityTokenHandler.ValidateTokenPayload(JwtSecurityToken jwtToken, TokenValidationParameters validationParameters, BaseConfiguration configuration)
         at System.IdentityModel.Tokens.Jwt.JwtSecurityTokenHandler.ValidateJWS(String token, TokenValidationParameters validationParameters, BaseConfiguration currentConfiguration, SecurityToken& signatureValidatedToken, ExceptionDispatchInfo& exceptionThrown)
      --- End of stack trace from previous location ---
         at System.IdentityModel.Tokens.Jwt.JwtSecurityTokenHandler.ValidateToken(String token, JwtSecurityToken outerToken, TokenValidationParameters validationParameters, SecurityToken& signatureValidatedToken)
         at System.IdentityModel.Tokens.Jwt.JwtSecurityTokenHandler.ValidateToken(String token, TokenValidationParameters validationParameters, SecurityToken& validatedToken)
         at Diten.ApiGateway.Authentication.GatewayJwtAuthenticationHandler.HandleAuthenticateAsync() in C:\Users\user\Desktop\ERP-vNext\gateway\Diten.ApiGateway\Authentication\GatewayJwtAuthenticationHandler.cs:line 48
info: Diten.ApiGateway.Authentication.GatewayJwtAuthenticationHandler[7]
      Bearer was not authenticated. Failure message: Invalid bearer token.
info: Ocelot.Requester.Middleware.HttpRequesterMiddleware[0]
      RequestId: 0HNLH3VCCAF0B:00000002, PreviousRequestId: -
      200 OK status code of request URI: http://localhost:5057/api/personalization/views?moduleKey=Platform&pageKey=Administrators
dbug: Ocelot.Requester.Middleware.HttpRequesterMiddleware[0]
      RequestId: 0HNLH3VCCAF0B:00000002, PreviousRequestId: -
      Setting HTTP response message...
dbug: Ocelot.Responder.Middleware.ResponderMiddleware[0]
      RequestId: 0HNLH3VCCAF0B:00000002, PreviousRequestId: -
      No pipeline errors: setting and returning completed response...
dbug: Ocelot.Errors.Middleware.ExceptionHandlerMiddleware[0]
      RequestId: 0HNLH3VCCAF0B:00000002, PreviousRequestId: -
      Ocelot pipeline finished
warn: Diten.ApiGateway.Authentication.GatewayJwtAuthenticationHandler[0]
      Gateway JWT authentication failed.
      Microsoft.IdentityModel.Tokens.SecurityTokenNoExpirationException: IDX10225: Lifetime validation failed. The token is missing an Expiration Time. Tokentype: 'System.IdentityModel.Tokens.Jwt.JwtSecurityToken'.
         at Microsoft.IdentityModel.Tokens.ValidatorUtilities.ValidateLifetime(Nullable`1 notBefore, Nullable`1 expires, SecurityToken securityToken, TokenValidationParameters validationParameters)
         at System.IdentityModel.Tokens.Jwt.JwtSecurityTokenHandler.ValidateTokenPayload(JwtSecurityToken jwtToken, TokenValidationParameters validationParameters, BaseConfiguration configuration)
         at System.IdentityModel.Tokens.Jwt.JwtSecurityTokenHandler.ValidateJWS(String token, TokenValidationParameters validationParameters, BaseConfiguration currentConfiguration, SecurityToken& signatureValidatedToken, ExceptionDispatchInfo& exceptionThrown)
      --- End of stack trace from previous location ---
         at System.IdentityModel.Tokens.Jwt.JwtSecurityTokenHandler.ValidateToken(String token, JwtSecurityToken outerToken, TokenValidationParameters validationParameters, SecurityToken& signatureValidatedToken)
         at System.IdentityModel.Tokens.Jwt.JwtSecurityTokenHandler.ValidateToken(String token, TokenValidationParameters validationParameters, SecurityToken& validatedToken)
         at Diten.ApiGateway.Authentication.GatewayJwtAuthenticationHandler.HandleAuthenticateAsync() in C:\Users\user\Desktop\ERP-vNext\gateway\Diten.ApiGateway\Authentication\GatewayJwtAuthenticationHandler.cs:line 48
info: Diten.ApiGateway.Authentication.GatewayJwtAuthenticationHandler[7]
      Bearer was not authenticated. Failure message: Invalid bearer token.
warn: Diten.ApiGateway.Authentication.GatewayJwtAuthenticationHandler[0]
      Gateway JWT authentication failed.
      Microsoft.IdentityModel.Tokens.SecurityTokenNoExpirationException: IDX10225: Lifetime validation failed. The token is missing an Expiration Time. Tokentype: 'System.IdentityModel.Tokens.Jwt.JwtSecurityToken'.
         at Microsoft.IdentityModel.Tokens.ValidatorUtilities.ValidateLifetime(Nullable`1 notBefore, Nullable`1 expires, SecurityToken securityToken, TokenValidationParameters validationParameters)
         at System.IdentityModel.Tokens.Jwt.JwtSecurityTokenHandler.ValidateTokenPayload(JwtSecurityToken jwtToken, TokenValidationParameters validationParameters, BaseConfiguration configuration)
         at System.IdentityModel.Tokens.Jwt.JwtSecurityTokenHandler.ValidateJWS(String token, TokenValidationParameters validationParameters, BaseConfiguration currentConfiguration, SecurityToken& signatureValidatedToken, ExceptionDispatchInfo& exceptionThrown)
      --- End of stack trace from previous location ---
         at System.IdentityModel.Tokens.Jwt.JwtSecurityTokenHandler.ValidateToken(String token, JwtSecurityToken outerToken, TokenValidationParameters validationParameters, SecurityToken& signatureValidatedToken)
         at System.IdentityModel.Tokens.Jwt.JwtSecurityTokenHandler.ValidateToken(String token, TokenValidationParameters validationParameters, SecurityToken& validatedToken)
         at Diten.ApiGateway.Authentication.GatewayJwtAuthenticationHandler.HandleAuthenticateAsync() in C:\Users\user\Desktop\ERP-vNext\gateway\Diten.ApiGateway\Authentication\GatewayJwtAuthenticationHandler.cs:line 48
info: Diten.ApiGateway.Authentication.GatewayJwtAuthenticationHandler[7]
      Bearer was not authenticated. Failure message: Invalid bearer token.
warn: Diten.ApiGateway.Authentication.GatewayJwtAuthenticationHandler[0]
      Gateway JWT authentication failed.
      Microsoft.IdentityModel.Tokens.SecurityTokenNoExpirationException: IDX10225: Lifetime validation failed. The token is missing an Expiration Time. Tokentype: 'System.IdentityModel.Tokens.Jwt.JwtSecurityToken'.
         at Microsoft.IdentityModel.Tokens.ValidatorUtilities.ValidateLifetime(Nullable`1 notBefore, Nullable`1 expires, SecurityToken securityToken, TokenValidationParameters validationParameters)
         at System.IdentityModel.Tokens.Jwt.JwtSecurityTokenHandler.ValidateTokenPayload(JwtSecurityToken jwtToken, TokenValidationParameters validationParameters, BaseConfiguration configuration)
         at System.IdentityModel.Tokens.Jwt.JwtSecurityTokenHandler.ValidateJWS(String token, TokenValidationParameters validationParameters, BaseConfiguration currentConfiguration, SecurityToken& signatureValidatedToken, ExceptionDispatchInfo& exceptionThrown)
      --- End of stack trace from previous location ---
         at System.IdentityModel.Tokens.Jwt.JwtSecurityTokenHandler.ValidateToken(String token, JwtSecurityToken outerToken, TokenValidationParameters validationParameters, SecurityToken& signatureValidatedToken)
         at System.IdentityModel.Tokens.Jwt.JwtSecurityTokenHandler.ValidateToken(String token, TokenValidationParameters validationParameters, SecurityToken& validatedToken)
         at Diten.ApiGateway.Authentication.GatewayJwtAuthenticationHandler.HandleAuthenticateAsync() in C:\Users\user\Desktop\ERP-vNext\gateway\Diten.ApiGateway\Authentication\GatewayJwtAuthenticationHandler.cs:line 48
info: Diten.ApiGateway.Authentication.GatewayJwtAuthenticationHandler[7]
      Bearer was not authenticated. Failure message: Invalid bearer token.
warn: Diten.ApiGateway.Authentication.GatewayJwtAuthenticationHandler[0]
      Gateway JWT authentication failed.
      Microsoft.IdentityModel.Tokens.SecurityTokenNoExpirationException: IDX10225: Lifetime validation failed. The token is missing an Expiration Time. Tokentype: 'System.IdentityModel.Tokens.Jwt.JwtSecurityToken'.
         at Microsoft.IdentityModel.Tokens.ValidatorUtilities.ValidateLifetime(Nullable`1 notBefore, Nullable`1 expires, SecurityToken securityToken, TokenValidationParameters validationParameters)
         at System.IdentityModel.Tokens.Jwt.JwtSecurityTokenHandler.ValidateTokenPayload(JwtSecurityToken jwtToken, TokenValidationParameters validationParameters, BaseConfiguration configuration)
         at System.IdentityModel.Tokens.Jwt.JwtSecurityTokenHandler.ValidateJWS(String token, TokenValidationParameters validationParameters, BaseConfiguration currentConfiguration, SecurityToken& signatureValidatedToken, ExceptionDispatchInfo& exceptionThrown)
      --- End of stack trace from previous location ---
         at System.IdentityModel.Tokens.Jwt.JwtSecurityTokenHandler.ValidateToken(String token, JwtSecurityToken outerToken, TokenValidationParameters validationParameters, SecurityToken& signatureValidatedToken)
         at System.IdentityModel.Tokens.Jwt.JwtSecurityTokenHandler.ValidateToken(String token, TokenValidationParameters validationParameters, SecurityToken& validatedToken)
         at Diten.ApiGateway.Authentication.GatewayJwtAuthenticationHandler.HandleAuthenticateAsync() in C:\Users\user\Desktop\ERP-vNext\gateway\Diten.ApiGateway\Authentication\GatewayJwtAuthenticationHandler.cs:line 48
info: Diten.ApiGateway.Authentication.GatewayJwtAuthenticationHandler[7]
      Bearer was not authenticated. Failure message: Invalid bearer token.
warn: Diten.ApiGateway.Authentication.GatewayJwtAuthenticationHandler[0]
      Gateway JWT authentication failed.
      Microsoft.IdentityModel.Tokens.SecurityTokenNoExpirationException: IDX10225: Lifetime validation failed. The token is missing an Expiration Time. Tokentype: 'System.IdentityModel.Tokens.Jwt.JwtSecurityToken'.
         at Microsoft.IdentityModel.Tokens.ValidatorUtilities.ValidateLifetime(Nullable`1 notBefore, Nullable`1 expires, SecurityToken securityToken, TokenValidationParameters validationParameters)
         at System.IdentityModel.Tokens.Jwt.JwtSecurityTokenHandler.ValidateTokenPayload(JwtSecurityToken jwtToken, TokenValidationParameters validationParameters, BaseConfiguration configuration)
         at System.IdentityModel.Tokens.Jwt.JwtSecurityTokenHandler.ValidateJWS(String token, TokenValidationParameters validationParameters, BaseConfiguration currentConfiguration, SecurityToken& signatureValidatedToken, ExceptionDispatchInfo& exceptionThrown)
      --- End of stack trace from previous location ---
         at System.IdentityModel.Tokens.Jwt.JwtSecurityTokenHandler.ValidateToken(String token, JwtSecurityToken outerToken, TokenValidationParameters validationParameters, SecurityToken& signatureValidatedToken)
         at System.IdentityModel.Tokens.Jwt.JwtSecurityTokenHandler.ValidateToken(String token, TokenValidationParameters validationParameters, SecurityToken& validatedToken)
         at Diten.ApiGateway.Authentication.GatewayJwtAuthenticationHandler.HandleAuthenticateAsync() in C:\Users\user\Desktop\ERP-vNext\gateway\Diten.ApiGateway\Authentication\GatewayJwtAuthenticationHandler.cs:line 48
info: Diten.ApiGateway.Authentication.GatewayJwtAuthenticationHandler[7]
      Bearer was not authenticated. Failure message: Invalid bearer token.
dbug: Ocelot.Errors.Middleware.ExceptionHandlerMiddleware[0]
      RequestId: 0HNLH3VCCAF0B:00000003, PreviousRequestId: -
      Ocelot pipeline started
dbug: Ocelot.DownstreamRouteFinder.Middleware.DownstreamRouteFinderMiddleware[0]
      RequestId: 0HNLH3VCCAF0B:00000003, PreviousRequestId: -
      Upstream URL path: /api/personalization/views
dbug: Ocelot.DownstreamRouteFinder.Middleware.DownstreamRouteFinderMiddleware[0]
      RequestId: 0HNLH3VCCAF0B:00000003, PreviousRequestId: -
      Downstream templates: /api/personalization/views
info: Ocelot.RateLimiting.RateLimitingMiddleware[0]
      RequestId: 0HNLH3VCCAF0B:00000003, PreviousRequestId: -
      Rate limiting is disabled for route '/api/personalization/views' via the EnableRateLimiting option.
info: Ocelot.Authentication.AuthenticationMiddleware[0]
      RequestId: 0HNLH3VCCAF0B:00000003, PreviousRequestId: -
      No authentication is required for the path '/api/personalization/views' in the route /api/personalization/views.
dbug: Ocelot.DownstreamUrlCreator.DownstreamUrlCreatorMiddleware[0]
      RequestId: 0HNLH3VCCAF0B:00000003, PreviousRequestId: -
      Downstream URL: http://localhost:5057/api/personalization/views?moduleKey=Platform&pageKey=Administrators
info: Ocelot.Requester.Middleware.HttpRequesterMiddleware[0]
      RequestId: 0HNLH3VCCAF0B:00000003, PreviousRequestId: -
      200 OK status code of request URI: http://localhost:5057/api/personalization/views?moduleKey=Platform&pageKey=Administrators
dbug: Ocelot.Requester.Middleware.HttpRequesterMiddleware[0]
      RequestId: 0HNLH3VCCAF0B:00000003, PreviousRequestId: -
      Setting HTTP response message...
dbug: Ocelot.Responder.Middleware.ResponderMiddleware[0]
      RequestId: 0HNLH3VCCAF0B:00000003, PreviousRequestId: -
      No pipeline errors: setting and returning completed response...
warn: Diten.ApiGateway.Authentication.GatewayJwtAuthenticationHandler[0]
      Gateway JWT authentication failed.
      Microsoft.IdentityModel.Tokens.SecurityTokenNoExpirationException: IDX10225: Lifetime validation failed. The token is missing an Expiration Time. Tokentype: 'System.IdentityModel.Tokens.Jwt.JwtSecurityToken'.
         at Microsoft.IdentityModel.Tokens.ValidatorUtilities.ValidateLifetime(Nullable`1 notBefore, Nullable`1 expires, SecurityToken securityToken, TokenValidationParameters validationParameters)
         at System.IdentityModel.Tokens.Jwt.JwtSecurityTokenHandler.ValidateTokenPayload(JwtSecurityToken jwtToken, TokenValidationParameters validationParameters, BaseConfiguration configuration)
         at System.IdentityModel.Tokens.Jwt.JwtSecurityTokenHandler.ValidateJWS(String token, TokenValidationParameters validationParameters, BaseConfiguration currentConfiguration, SecurityToken& signatureValidatedToken, ExceptionDispatchInfo& exceptionThrown)
      --- End of stack trace from previous location ---
         at System.IdentityModel.Tokens.Jwt.JwtSecurityTokenHandler.ValidateToken(String token, JwtSecurityToken outerToken, TokenValidationParameters validationParameters, SecurityToken& signatureValidatedToken)
         at System.IdentityModel.Tokens.Jwt.JwtSecurityTokenHandler.ValidateToken(String token, TokenValidationParameters validationParameters, SecurityToken& validatedToken)
         at Diten.ApiGateway.Authentication.GatewayJwtAuthenticationHandler.HandleAuthenticateAsync() in C:\Users\user\Desktop\ERP-vNext\gateway\Diten.ApiGateway\Authentication\GatewayJwtAuthenticationHandler.cs:line 48
info: Diten.ApiGateway.Authentication.GatewayJwtAuthenticationHandler[7]
      Bearer was not authenticated. Failure message: Invalid bearer token.
dbug: Ocelot.Errors.Middleware.ExceptionHandlerMiddleware[0]
      RequestId: 0HNLH3VCCAF0B:00000003, PreviousRequestId: -
      Ocelot pipeline finished
warn: Diten.ApiGateway.Authentication.GatewayJwtAuthenticationHandler[0]
      Gateway JWT authentication failed.
      Microsoft.IdentityModel.Tokens.SecurityTokenNoExpirationException: IDX10225: Lifetime validation failed. The token is missing an Expiration Time. Tokentype: 'System.IdentityModel.Tokens.Jwt.JwtSecurityToken'.
         at Microsoft.IdentityModel.Tokens.ValidatorUtilities.ValidateLifetime(Nullable`1 notBefore, Nullable`1 expires, SecurityToken securityToken, TokenValidationParameters validationParameters)
         at System.IdentityModel.Tokens.Jwt.JwtSecurityTokenHandler.ValidateTokenPayload(JwtSecurityToken jwtToken, TokenValidationParameters validationParameters, BaseConfiguration configuration)
         at System.IdentityModel.Tokens.Jwt.JwtSecurityTokenHandler.ValidateJWS(String token, TokenValidationParameters validationParameters, BaseConfiguration currentConfiguration, SecurityToken& signatureValidatedToken, ExceptionDispatchInfo& exceptionThrown)
      --- End of stack trace from previous location ---
         at System.IdentityModel.Tokens.Jwt.JwtSecurityTokenHandler.ValidateToken(String token, JwtSecurityToken outerToken, TokenValidationParameters validationParameters, SecurityToken& signatureValidatedToken)
         at System.IdentityModel.Tokens.Jwt.JwtSecurityTokenHandler.ValidateToken(String token, TokenValidationParameters validationParameters, SecurityToken& validatedToken)
         at Diten.ApiGateway.Authentication.GatewayJwtAuthenticationHandler.HandleAuthenticateAsync() in C:\Users\user\Desktop\ERP-vNext\gateway\Diten.ApiGateway\Authentication\GatewayJwtAuthenticationHandler.cs:line 48
info: Diten.ApiGateway.Authentication.GatewayJwtAuthenticationHandler[7]
      Bearer was not authenticated. Failure message: Invalid bearer token.
warn: Diten.ApiGateway.Authentication.GatewayJwtAuthenticationHandler[0]
      Gateway JWT authentication failed.
      Microsoft.IdentityModel.Tokens.SecurityTokenNoExpirationException: IDX10225: Lifetime validation failed. The token is missing an Expiration Time. Tokentype: 'System.IdentityModel.Tokens.Jwt.JwtSecurityToken'.
         at Microsoft.IdentityModel.Tokens.ValidatorUtilities.ValidateLifetime(Nullable`1 notBefore, Nullable`1 expires, SecurityToken securityToken, TokenValidationParameters validationParameters)
         at System.IdentityModel.Tokens.Jwt.JwtSecurityTokenHandler.ValidateTokenPayload(JwtSecurityToken jwtToken, TokenValidationParameters validationParameters, BaseConfiguration configuration)
         at System.IdentityModel.Tokens.Jwt.JwtSecurityTokenHandler.ValidateJWS(String token, TokenValidationParameters validationParameters, BaseConfiguration currentConfiguration, SecurityToken& signatureValidatedToken, ExceptionDispatchInfo& exceptionThrown)
      --- End of stack trace from previous location ---
         at System.IdentityModel.Tokens.Jwt.JwtSecurityTokenHandler.ValidateToken(String token, JwtSecurityToken outerToken, TokenValidationParameters validationParameters, SecurityToken& signatureValidatedToken)
         at System.IdentityModel.Tokens.Jwt.JwtSecurityTokenHandler.ValidateToken(String token, TokenValidationParameters validationParameters, SecurityToken& validatedToken)
         at Diten.ApiGateway.Authentication.GatewayJwtAuthenticationHandler.HandleAuthenticateAsync() in C:\Users\user\Desktop\ERP-vNext\gateway\Diten.ApiGateway\Authentication\GatewayJwtAuthenticationHandler.cs:line 48
info: Diten.ApiGateway.Authentication.GatewayJwtAuthenticationHandler[7]
      Bearer was not authenticated. Failure message: Invalid bearer token.
warn: Diten.ApiGateway.Authentication.GatewayJwtAuthenticationHandler[0]
      Gateway JWT authentication failed.
      Microsoft.IdentityModel.Tokens.SecurityTokenNoExpirationException: IDX10225: Lifetime validation failed. The token is missing an Expiration Time. Tokentype: 'System.IdentityModel.Tokens.Jwt.JwtSecurityToken'.
         at Microsoft.IdentityModel.Tokens.ValidatorUtilities.ValidateLifetime(Nullable`1 notBefore, Nullable`1 expires, SecurityToken securityToken, TokenValidationParameters validationParameters)
         at System.IdentityModel.Tokens.Jwt.JwtSecurityTokenHandler.ValidateTokenPayload(JwtSecurityToken jwtToken, TokenValidationParameters validationParameters, BaseConfiguration configuration)
         at System.IdentityModel.Tokens.Jwt.JwtSecurityTokenHandler.ValidateJWS(String token, TokenValidationParameters validationParameters, BaseConfiguration currentConfiguration, SecurityToken& signatureValidatedToken, ExceptionDispatchInfo& exceptionThrown)
      --- End of stack trace from previous location ---
         at System.IdentityModel.Tokens.Jwt.JwtSecurityTokenHandler.ValidateToken(String token, JwtSecurityToken outerToken, TokenValidationParameters validationParameters, SecurityToken& signatureValidatedToken)
         at System.IdentityModel.Tokens.Jwt.JwtSecurityTokenHandler.ValidateToken(String token, TokenValidationParameters validationParameters, SecurityToken& validatedToken)
         at Diten.ApiGateway.Authentication.GatewayJwtAuthenticationHandler.HandleAuthenticateAsync() in C:\Users\user\Desktop\ERP-vNext\gateway\Diten.ApiGateway\Authentication\GatewayJwtAuthenticationHandler.cs:line 48
info: Diten.ApiGateway.Authentication.GatewayJwtAuthenticationHandler[7]
      Bearer was not authenticated. Failure message: Invalid bearer token.
warn: Diten.ApiGateway.Authentication.GatewayJwtAuthenticationHandler[0]
      Gateway JWT authentication failed.
      Microsoft.IdentityModel.Tokens.SecurityTokenNoExpirationException: IDX10225: Lifetime validation failed. The token is missing an Expiration Time. Tokentype: 'System.IdentityModel.Tokens.Jwt.JwtSecurityToken'.
         at Microsoft.IdentityModel.Tokens.ValidatorUtilities.ValidateLifetime(Nullable`1 notBefore, Nullable`1 expires, SecurityToken securityToken, TokenValidationParameters validationParameters)
         at System.IdentityModel.Tokens.Jwt.JwtSecurityTokenHandler.ValidateTokenPayload(JwtSecurityToken jwtToken, TokenValidationParameters validationParameters, BaseConfiguration configuration)
         at System.IdentityModel.Tokens.Jwt.JwtSecurityTokenHandler.ValidateJWS(String token, TokenValidationParameters validationParameters, BaseConfiguration currentConfiguration, SecurityToken& signatureValidatedToken, ExceptionDispatchInfo& exceptionThrown)
      --- End of stack trace from previous location ---
         at System.IdentityModel.Tokens.Jwt.JwtSecurityTokenHandler.ValidateToken(String token, JwtSecurityToken outerToken, TokenValidationParameters validationParameters, SecurityToken& signatureValidatedToken)
         at System.IdentityModel.Tokens.Jwt.JwtSecurityTokenHandler.ValidateToken(String token, TokenValidationParameters validationParameters, SecurityToken& validatedToken)
         at Diten.ApiGateway.Authentication.GatewayJwtAuthenticationHandler.HandleAuthenticateAsync() in C:\Users\user\Desktop\ERP-vNext\gateway\Diten.ApiGateway\Authentication\GatewayJwtAuthenticationHandler.cs:line 48
info: Diten.ApiGateway.Authentication.GatewayJwtAuthenticationHandler[7]
      Bearer was not authenticated. Failure message: Invalid bearer token.
warn: Diten.ApiGateway.Authentication.GatewayJwtAuthenticationHandler[0]
      Gateway JWT authentication failed.
      Microsoft.IdentityModel.Tokens.SecurityTokenNoExpirationException: IDX10225: Lifetime validation failed. The token is missing an Expiration Time. Tokentype: 'System.IdentityModel.Tokens.Jwt.JwtSecurityToken'.
         at Microsoft.IdentityModel.Tokens.ValidatorUtilities.ValidateLifetime(Nullable`1 notBefore, Nullable`1 expires, SecurityToken securityToken, TokenValidationParameters validationParameters)
         at System.IdentityModel.Tokens.Jwt.JwtSecurityTokenHandler.ValidateTokenPayload(JwtSecurityToken jwtToken, TokenValidationParameters validationParameters, BaseConfiguration configuration)
         at System.IdentityModel.Tokens.Jwt.JwtSecurityTokenHandler.ValidateJWS(String token, TokenValidationParameters validationParameters, BaseConfiguration currentConfiguration, SecurityToken& signatureValidatedToken, ExceptionDispatchInfo& exceptionThrown)
      --- End of stack trace from previous location ---
         at System.IdentityModel.Tokens.Jwt.JwtSecurityTokenHandler.ValidateToken(String token, JwtSecurityToken outerToken, TokenValidationParameters validationParameters, SecurityToken& signatureValidatedToken)
         at System.IdentityModel.Tokens.Jwt.JwtSecurityTokenHandler.ValidateToken(String token, TokenValidationParameters validationParameters, SecurityToken& validatedToken)
         at Diten.ApiGateway.Authentication.GatewayJwtAuthenticationHandler.HandleAuthenticateAsync() in C:\Users\user\Desktop\ERP-vNext\gateway\Diten.ApiGateway\Authentication\GatewayJwtAuthenticationHandler.cs:line 48
info: Diten.ApiGateway.Authentication.GatewayJwtAuthenticationHandler[7]
      Bearer was not authenticated. Failure message: Invalid bearer token.
dbug: Ocelot.Errors.Middleware.ExceptionHandlerMiddleware[0]
      RequestId: 0HNLH3VCCAF0B:00000004, PreviousRequestId: -
      Ocelot pipeline started
dbug: Ocelot.DownstreamRouteFinder.Middleware.DownstreamRouteFinderMiddleware[0]
      RequestId: 0HNLH3VCCAF0B:00000004, PreviousRequestId: -
      Upstream URL path: /api/personalization/views
dbug: Ocelot.DownstreamRouteFinder.Middleware.DownstreamRouteFinderMiddleware[0]
      RequestId: 0HNLH3VCCAF0B:00000004, PreviousRequestId: -
      Downstream templates: /api/personalization/views
info: Ocelot.RateLimiting.RateLimitingMiddleware[0]
      RequestId: 0HNLH3VCCAF0B:00000004, PreviousRequestId: -
      Rate limiting is disabled for route '/api/personalization/views' via the EnableRateLimiting option.
info: Ocelot.Authentication.AuthenticationMiddleware[0]
      RequestId: 0HNLH3VCCAF0B:00000004, PreviousRequestId: -
      No authentication is required for the path '/api/personalization/views' in the route /api/personalization/views.
dbug: Ocelot.DownstreamUrlCreator.DownstreamUrlCreatorMiddleware[0]
      RequestId: 0HNLH3VCCAF0B:00000004, PreviousRequestId: -
      Downstream URL: http://localhost:5057/api/personalization/views?moduleKey=Platform&pageKey=Tenants
info: Ocelot.Requester.Middleware.HttpRequesterMiddleware[0]
      RequestId: 0HNLH3VCCAF0B:00000004, PreviousRequestId: -
      200 OK status code of request URI: http://localhost:5057/api/personalization/views?moduleKey=Platform&pageKey=Tenants
dbug: Ocelot.Requester.Middleware.HttpRequesterMiddleware[0]
      RequestId: 0HNLH3VCCAF0B:00000004, PreviousRequestId: -
      Setting HTTP response message...
dbug: Ocelot.Responder.Middleware.ResponderMiddleware[0]
      RequestId: 0HNLH3VCCAF0B:00000004, PreviousRequestId: -
      No pipeline errors: setting and returning completed response...
dbug: Ocelot.Errors.Middleware.ExceptionHandlerMiddleware[0]
      RequestId: 0HNLH3VCCAF0B:00000004, PreviousRequestId: -
      Ocelot pipeline finished
warn: Diten.ApiGateway.Authentication.GatewayJwtAuthenticationHandler[0]
      Gateway JWT authentication failed.
      Microsoft.IdentityModel.Tokens.SecurityTokenNoExpirationException: IDX10225: Lifetime validation failed. The token is missing an Expiration Time. Tokentype: 'System.IdentityModel.Tokens.Jwt.JwtSecurityToken'.
         at Microsoft.IdentityModel.Tokens.ValidatorUtilities.ValidateLifetime(Nullable`1 notBefore, Nullable`1 expires, SecurityToken securityToken, TokenValidationParameters validationParameters)
         at System.IdentityModel.Tokens.Jwt.JwtSecurityTokenHandler.ValidateTokenPayload(JwtSecurityToken jwtToken, TokenValidationParameters validationParameters, BaseConfiguration configuration)
         at System.IdentityModel.Tokens.Jwt.JwtSecurityTokenHandler.ValidateJWS(String token, TokenValidationParameters validationParameters, BaseConfiguration currentConfiguration, SecurityToken& signatureValidatedToken, ExceptionDispatchInfo& exceptionThrown)
      --- End of stack trace from previous location ---
         at System.IdentityModel.Tokens.Jwt.JwtSecurityTokenHandler.ValidateToken(String token, JwtSecurityToken outerToken, TokenValidationParameters validationParameters, SecurityToken& signatureValidatedToken)
         at System.IdentityModel.Tokens.Jwt.JwtSecurityTokenHandler.ValidateToken(String token, TokenValidationParameters validationParameters, SecurityToken& validatedToken)
         at Diten.ApiGateway.Authentication.GatewayJwtAuthenticationHandler.HandleAuthenticateAsync() in C:\Users\user\Desktop\ERP-vNext\gateway\Diten.ApiGateway\Authentication\GatewayJwtAuthenticationHandler.cs:line 48
info: Diten.ApiGateway.Authentication.GatewayJwtAuthenticationHandler[7]
      Bearer was not authenticated. Failure message: Invalid bearer token.
dbug: Ocelot.Errors.Middleware.ExceptionHandlerMiddleware[0]
      RequestId: 0HNLH3VCCAF0D:00000001, PreviousRequestId: -
      Ocelot pipeline started
dbug: Ocelot.DownstreamRouteFinder.Middleware.DownstreamRouteFinderMiddleware[0]
      RequestId: 0HNLH3VCCAF0D:00000001, PreviousRequestId: -
      Upstream URL path: /api/platform-auth/login
dbug: Ocelot.DownstreamRouteFinder.Middleware.DownstreamRouteFinderMiddleware[0]
      RequestId: 0HNLH3VCCAF0D:00000001, PreviousRequestId: -
      Downstream templates: /api/platform-auth/{everything}
info: Ocelot.RateLimiting.RateLimitingMiddleware[0]
      RequestId: 0HNLH3VCCAF0D:00000001, PreviousRequestId: -
      Rate limiting is disabled for route '/api/platform-auth/{everything}' via the EnableRateLimiting option.
info: Ocelot.Authentication.AuthenticationMiddleware[0]
      RequestId: 0HNLH3VCCAF0D:00000001, PreviousRequestId: -
      No authentication is required for the path '/api/platform-auth/login' in the route /api/platform-auth/{everything}.
dbug: Ocelot.DownstreamUrlCreator.DownstreamUrlCreatorMiddleware[0]
      RequestId: 0HNLH3VCCAF0D:00000001, PreviousRequestId: -
      Downstream URL: http://localhost:5056/api/platform-auth/login
info: Ocelot.Requester.Middleware.HttpRequesterMiddleware[0]
      RequestId: 0HNLH3VCCAF0D:00000001, PreviousRequestId: -
      200 OK status code of request URI: http://localhost:5056/api/platform-auth/login
dbug: Ocelot.Requester.Middleware.HttpRequesterMiddleware[0]
      RequestId: 0HNLH3VCCAF0D:00000001, PreviousRequestId: -
      Setting HTTP response message...
dbug: Ocelot.Responder.Middleware.ResponderMiddleware[0]
      RequestId: 0HNLH3VCCAF0D:00000001, PreviousRequestId: -
      No pipeline errors: setting and returning completed response...
dbug: Ocelot.Errors.Middleware.ExceptionHandlerMiddleware[0]
      RequestId: 0HNLH3VCCAF0D:00000001, PreviousRequestId: -
      Ocelot pipeline finished
warn: Diten.ApiGateway.Authentication.GatewayJwtAuthenticationHandler[0]
      Gateway JWT authentication failed.
      Microsoft.IdentityModel.Tokens.SecurityTokenNoExpirationException: IDX10225: Lifetime validation failed. The token is missing an Expiration Time. Tokentype: 'System.IdentityModel.Tokens.Jwt.JwtSecurityToken'.
         at Microsoft.IdentityModel.Tokens.ValidatorUtilities.ValidateLifetime(Nullable`1 notBefore, Nullable`1 expires, SecurityToken securityToken, TokenValidationParameters validationParameters)
         at System.IdentityModel.Tokens.Jwt.JwtSecurityTokenHandler.ValidateTokenPayload(JwtSecurityToken jwtToken, TokenValidationParameters validationParameters, BaseConfiguration configuration)
         at System.IdentityModel.Tokens.Jwt.JwtSecurityTokenHandler.ValidateJWS(String token, TokenValidationParameters validationParameters, BaseConfiguration currentConfiguration, SecurityToken& signatureValidatedToken, ExceptionDispatchInfo& exceptionThrown)
      --- End of stack trace from previous location ---
         at System.IdentityModel.Tokens.Jwt.JwtSecurityTokenHandler.ValidateToken(String token, JwtSecurityToken outerToken, TokenValidationParameters validationParameters, SecurityToken& signatureValidatedToken)
         at System.IdentityModel.Tokens.Jwt.JwtSecurityTokenHandler.ValidateToken(String token, TokenValidationParameters validationParameters, SecurityToken& validatedToken)
         at Diten.ApiGateway.Authentication.GatewayJwtAuthenticationHandler.HandleAuthenticateAsync() in C:\Users\user\Desktop\ERP-vNext\gateway\Diten.ApiGateway\Authentication\GatewayJwtAuthenticationHandler.cs:line 48
info: Diten.ApiGateway.Authentication.GatewayJwtAuthenticationHandler[7]
      Bearer was not authenticated. Failure message: Invalid bearer token.
dbug: Ocelot.Errors.Middleware.ExceptionHandlerMiddleware[0]
      RequestId: 0HNLH3VCCAF0B:00000005, PreviousRequestId: -
      Ocelot pipeline started
dbug: Ocelot.DownstreamRouteFinder.Middleware.DownstreamRouteFinderMiddleware[0]
      RequestId: 0HNLH3VCCAF0B:00000005, PreviousRequestId: -
      Upstream URL path: /api/personalization/views
dbug: Ocelot.DownstreamRouteFinder.Middleware.DownstreamRouteFinderMiddleware[0]
      RequestId: 0HNLH3VCCAF0B:00000005, PreviousRequestId: -
      Downstream templates: /api/personalization/views
info: Ocelot.RateLimiting.RateLimitingMiddleware[0]
      RequestId: 0HNLH3VCCAF0B:00000005, PreviousRequestId: -
      Rate limiting is disabled for route '/api/personalization/views' via the EnableRateLimiting option.
info: Ocelot.Authentication.AuthenticationMiddleware[0]
      RequestId: 0HNLH3VCCAF0B:00000005, PreviousRequestId: -
      No authentication is required for the path '/api/personalization/views' in the route /api/personalization/views.
dbug: Ocelot.DownstreamUrlCreator.DownstreamUrlCreatorMiddleware[0]
      RequestId: 0HNLH3VCCAF0B:00000005, PreviousRequestId: -
      Downstream URL: http://localhost:5057/api/personalization/views?moduleKey=Platform&pageKey=Tenants
info: Ocelot.Requester.Middleware.HttpRequesterMiddleware[0]
      RequestId: 0HNLH3VCCAF0B:00000005, PreviousRequestId: -
      200 OK status code of request URI: http://localhost:5057/api/personalization/views?moduleKey=Platform&pageKey=Tenants
dbug: Ocelot.Requester.Middleware.HttpRequesterMiddleware[0]
      RequestId: 0HNLH3VCCAF0B:00000005, PreviousRequestId: -
      Setting HTTP response message...
dbug: Ocelot.Responder.Middleware.ResponderMiddleware[0]
      RequestId: 0HNLH3VCCAF0B:00000005, PreviousRequestId: -
      No pipeline errors: setting and returning completed response...
dbug: Ocelot.Errors.Middleware.ExceptionHandlerMiddleware[0]
      RequestId: 0HNLH3VCCAF0B:00000005, PreviousRequestId: -
      Ocelot pipeline finished
warn: Diten.ApiGateway.Authentication.GatewayJwtAuthenticationHandler[0]
      Gateway JWT authentication failed.
      Microsoft.IdentityModel.Tokens.SecurityTokenNoExpirationException: IDX10225: Lifetime validation failed. The token is missing an Expiration Time. Tokentype: 'System.IdentityModel.Tokens.Jwt.JwtSecurityToken'.
         at Microsoft.IdentityModel.Tokens.ValidatorUtilities.ValidateLifetime(Nullable`1 notBefore, Nullable`1 expires, SecurityToken securityToken, TokenValidationParameters validationParameters)
         at System.IdentityModel.Tokens.Jwt.JwtSecurityTokenHandler.ValidateTokenPayload(JwtSecurityToken jwtToken, TokenValidationParameters validationParameters, BaseConfiguration configuration)
         at System.IdentityModel.Tokens.Jwt.JwtSecurityTokenHandler.ValidateJWS(String token, TokenValidationParameters validationParameters, BaseConfiguration currentConfiguration, SecurityToken& signatureValidatedToken, ExceptionDispatchInfo& exceptionThrown)
      --- End of stack trace from previous location ---
         at System.IdentityModel.Tokens.Jwt.JwtSecurityTokenHandler.ValidateToken(String token, JwtSecurityToken outerToken, TokenValidationParameters validationParameters, SecurityToken& signatureValidatedToken)
         at System.IdentityModel.Tokens.Jwt.JwtSecurityTokenHandler.ValidateToken(String token, TokenValidationParameters validationParameters, SecurityToken& validatedToken)
         at Diten.ApiGateway.Authentication.GatewayJwtAuthenticationHandler.HandleAuthenticateAsync() in C:\Users\user\Desktop\ERP-vNext\gateway\Diten.ApiGateway\Authentication\GatewayJwtAuthenticationHandler.cs:line 48
info: Diten.ApiGateway.Authentication.GatewayJwtAuthenticationHandler[7]
      Bearer was not authenticated. Failure message: Invalid bearer token.
dbug: Ocelot.Errors.Middleware.ExceptionHandlerMiddleware[0]
      RequestId: 0HNLH3VCCAF0E:00000001, PreviousRequestId: -
      Ocelot pipeline started
dbug: Ocelot.DownstreamRouteFinder.Middleware.DownstreamRouteFinderMiddleware[0]
      RequestId: 0HNLH3VCCAF0E:00000001, PreviousRequestId: -
      Upstream URL path: /api/platform-auth/login
dbug: Ocelot.DownstreamRouteFinder.Middleware.DownstreamRouteFinderMiddleware[0]
      RequestId: 0HNLH3VCCAF0E:00000001, PreviousRequestId: -
      Downstream templates: /api/platform-auth/{everything}
info: Ocelot.RateLimiting.RateLimitingMiddleware[0]
      RequestId: 0HNLH3VCCAF0E:00000001, PreviousRequestId: -
      Rate limiting is disabled for route '/api/platform-auth/{everything}' via the EnableRateLimiting option.
info: Ocelot.Authentication.AuthenticationMiddleware[0]
      RequestId: 0HNLH3VCCAF0E:00000001, PreviousRequestId: -
      No authentication is required for the path '/api/platform-auth/login' in the route /api/platform-auth/{everything}.
dbug: Ocelot.DownstreamUrlCreator.DownstreamUrlCreatorMiddleware[0]
      RequestId: 0HNLH3VCCAF0E:00000001, PreviousRequestId: -
      Downstream URL: http://localhost:5056/api/platform-auth/login
info: Ocelot.Requester.Middleware.HttpRequesterMiddleware[0]
      RequestId: 0HNLH3VCCAF0E:00000001, PreviousRequestId: -
      200 OK status code of request URI: http://localhost:5056/api/platform-auth/login
dbug: Ocelot.Requester.Middleware.HttpRequesterMiddleware[0]
      RequestId: 0HNLH3VCCAF0E:00000001, PreviousRequestId: -
      Setting HTTP response message...
dbug: Ocelot.Responder.Middleware.ResponderMiddleware[0]
      RequestId: 0HNLH3VCCAF0E:00000001, PreviousRequestId: -
      No pipeline errors: setting and returning completed response...
dbug: Ocelot.Errors.Middleware.ExceptionHandlerMiddleware[0]
      RequestId: 0HNLH3VCCAF0E:00000001, PreviousRequestId: -
      Ocelot pipeline finished
warn: Diten.ApiGateway.Authentication.GatewayJwtAuthenticationHandler[0]
      Gateway JWT authentication failed.
      Microsoft.IdentityModel.Tokens.SecurityTokenNoExpirationException: IDX10225: Lifetime validation failed. The token is missing an Expiration Time. Tokentype: 'System.IdentityModel.Tokens.Jwt.JwtSecurityToken'.
         at Microsoft.IdentityModel.Tokens.ValidatorUtilities.ValidateLifetime(Nullable`1 notBefore, Nullable`1 expires, SecurityToken securityToken, TokenValidationParameters validationParameters)
         at System.IdentityModel.Tokens.Jwt.JwtSecurityTokenHandler.ValidateTokenPayload(JwtSecurityToken jwtToken, TokenValidationParameters validationParameters, BaseConfiguration configuration)
         at System.IdentityModel.Tokens.Jwt.JwtSecurityTokenHandler.ValidateJWS(String token, TokenValidationParameters validationParameters, BaseConfiguration currentConfiguration, SecurityToken& signatureValidatedToken, ExceptionDispatchInfo& exceptionThrown)
      --- End of stack trace from previous location ---
         at System.IdentityModel.Tokens.Jwt.JwtSecurityTokenHandler.ValidateToken(String token, JwtSecurityToken outerToken, TokenValidationParameters validationParameters, SecurityToken& signatureValidatedToken)
         at System.IdentityModel.Tokens.Jwt.JwtSecurityTokenHandler.ValidateToken(String token, TokenValidationParameters validationParameters, SecurityToken& validatedToken)
         at Diten.ApiGateway.Authentication.GatewayJwtAuthenticationHandler.HandleAuthenticateAsync() in C:\Users\user\Desktop\ERP-vNext\gateway\Diten.ApiGateway\Authentication\GatewayJwtAuthenticationHandler.cs:line 48
info: Diten.ApiGateway.Authentication.GatewayJwtAuthenticationHandler[7]
      Bearer was not authenticated. Failure message: Invalid bearer token.
dbug: Ocelot.Errors.Middleware.ExceptionHandlerMiddleware[0]
      RequestId: 0HNLH3VCCAF0F:00000001, PreviousRequestId: -
      Ocelot pipeline started
dbug: Ocelot.DownstreamRouteFinder.Middleware.DownstreamRouteFinderMiddleware[0]
      RequestId: 0HNLH3VCCAF0F:00000001, PreviousRequestId: -
      Upstream URL path: /api/personalization/views
dbug: Ocelot.DownstreamRouteFinder.Middleware.DownstreamRouteFinderMiddleware[0]
      RequestId: 0HNLH3VCCAF0F:00000001, PreviousRequestId: -
      Downstream templates: /api/personalization/views
info: Ocelot.RateLimiting.RateLimitingMiddleware[0]
      RequestId: 0HNLH3VCCAF0F:00000001, PreviousRequestId: -
      Rate limiting is disabled for route '/api/personalization/views' via the EnableRateLimiting option.
info: Ocelot.Authentication.AuthenticationMiddleware[0]
      RequestId: 0HNLH3VCCAF0F:00000001, PreviousRequestId: -
      No authentication is required for the path '/api/personalization/views' in the route /api/personalization/views.
dbug: Ocelot.DownstreamUrlCreator.DownstreamUrlCreatorMiddleware[0]
      RequestId: 0HNLH3VCCAF0F:00000001, PreviousRequestId: -
      Downstream URL: http://localhost:5057/api/personalization/views?moduleKey=Platform&pageKey=Tenants
info: Ocelot.Requester.Middleware.HttpRequesterMiddleware[0]
      RequestId: 0HNLH3VCCAF0F:00000001, PreviousRequestId: -
      200 OK status code of request URI: http://localhost:5057/api/personalization/views?moduleKey=Platform&pageKey=Tenants
dbug: Ocelot.Requester.Middleware.HttpRequesterMiddleware[0]
      RequestId: 0HNLH3VCCAF0F:00000001, PreviousRequestId: -
      Setting HTTP response message...
dbug: Ocelot.Responder.Middleware.ResponderMiddleware[0]
      RequestId: 0HNLH3VCCAF0F:00000001, PreviousRequestId: -
      No pipeline errors: setting and returning completed response...
dbug: Ocelot.Errors.Middleware.ExceptionHandlerMiddleware[0]
      RequestId: 0HNLH3VCCAF0F:00000001, PreviousRequestId: -
      Ocelot pipeline finished
warn: Diten.ApiGateway.Authentication.GatewayJwtAuthenticationHandler[0]
      Gateway JWT authentication failed.
      Microsoft.IdentityModel.Tokens.SecurityTokenNoExpirationException: IDX10225: Lifetime validation failed. The token is missing an Expiration Time. Tokentype: 'System.IdentityModel.Tokens.Jwt.JwtSecurityToken'.
         at Microsoft.IdentityModel.Tokens.ValidatorUtilities.ValidateLifetime(Nullable`1 notBefore, Nullable`1 expires, SecurityToken securityToken, TokenValidationParameters validationParameters)
         at System.IdentityModel.Tokens.Jwt.JwtSecurityTokenHandler.ValidateTokenPayload(JwtSecurityToken jwtToken, TokenValidationParameters validationParameters, BaseConfiguration configuration)
         at System.IdentityModel.Tokens.Jwt.JwtSecurityTokenHandler.ValidateJWS(String token, TokenValidationParameters validationParameters, BaseConfiguration currentConfiguration, SecurityToken& signatureValidatedToken, ExceptionDispatchInfo& exceptionThrown)
      --- End of stack trace from previous location ---
         at System.IdentityModel.Tokens.Jwt.JwtSecurityTokenHandler.ValidateToken(String token, JwtSecurityToken outerToken, TokenValidationParameters validationParameters, SecurityToken& signatureValidatedToken)
         at System.IdentityModel.Tokens.Jwt.JwtSecurityTokenHandler.ValidateToken(String token, TokenValidationParameters validationParameters, SecurityToken& validatedToken)
         at Diten.ApiGateway.Authentication.GatewayJwtAuthenticationHandler.HandleAuthenticateAsync() in C:\Users\user\Desktop\ERP-vNext\gateway\Diten.ApiGateway\Authentication\GatewayJwtAuthenticationHandler.cs:line 48
info: Diten.ApiGateway.Authentication.GatewayJwtAuthenticationHandler[7]
      Bearer was not authenticated. Failure message: Invalid bearer token.
warn: Diten.ApiGateway.Authentication.GatewayJwtAuthenticationHandler[0]
      Gateway JWT authentication failed.
      Microsoft.IdentityModel.Tokens.SecurityTokenNoExpirationException: IDX10225: Lifetime validation failed. The token is missing an Expiration Time. Tokentype: 'System.IdentityModel.Tokens.Jwt.JwtSecurityToken'.
         at Microsoft.IdentityModel.Tokens.ValidatorUtilities.ValidateLifetime(Nullable`1 notBefore, Nullable`1 expires, SecurityToken securityToken, TokenValidationParameters validationParameters)
         at System.IdentityModel.Tokens.Jwt.JwtSecurityTokenHandler.ValidateTokenPayload(JwtSecurityToken jwtToken, TokenValidationParameters validationParameters, BaseConfiguration configuration)
         at System.IdentityModel.Tokens.Jwt.JwtSecurityTokenHandler.ValidateJWS(String token, TokenValidationParameters validationParameters, BaseConfiguration currentConfiguration, SecurityToken& signatureValidatedToken, ExceptionDispatchInfo& exceptionThrown)
      --- End of stack trace from previous location ---
         at System.IdentityModel.Tokens.Jwt.JwtSecurityTokenHandler.ValidateToken(String token, JwtSecurityToken outerToken, TokenValidationParameters validationParameters, SecurityToken& signatureValidatedToken)
         at System.IdentityModel.Tokens.Jwt.JwtSecurityTokenHandler.ValidateToken(String token, TokenValidationParameters validationParameters, SecurityToken& validatedToken)
         at Diten.ApiGateway.Authentication.GatewayJwtAuthenticationHandler.HandleAuthenticateAsync() in C:\Users\user\Desktop\ERP-vNext\gateway\Diten.ApiGateway\Authentication\GatewayJwtAuthenticationHandler.cs:line 48
info: Diten.ApiGateway.Authentication.GatewayJwtAuthenticationHandler[7]
      Bearer was not authenticated. Failure message: Invalid bearer token.
dbug: Ocelot.Errors.Middleware.ExceptionHandlerMiddleware[0]
      RequestId: 0HNLH3VCCAF0F:00000002, PreviousRequestId: -
      Ocelot pipeline started
dbug: Ocelot.DownstreamRouteFinder.Middleware.DownstreamRouteFinderMiddleware[0]
      RequestId: 0HNLH3VCCAF0F:00000002, PreviousRequestId: -
      Upstream URL path: /api/personalization/views
dbug: Ocelot.DownstreamRouteFinder.Middleware.DownstreamRouteFinderMiddleware[0]
      RequestId: 0HNLH3VCCAF0F:00000002, PreviousRequestId: -
      Downstream templates: /api/personalization/views
info: Ocelot.RateLimiting.RateLimitingMiddleware[0]
      RequestId: 0HNLH3VCCAF0F:00000002, PreviousRequestId: -
      Rate limiting is disabled for route '/api/personalization/views' via the EnableRateLimiting option.
info: Ocelot.Authentication.AuthenticationMiddleware[0]
      RequestId: 0HNLH3VCCAF0F:00000002, PreviousRequestId: -
      No authentication is required for the path '/api/personalization/views' in the route /api/personalization/views.
dbug: Ocelot.DownstreamUrlCreator.DownstreamUrlCreatorMiddleware[0]
      RequestId: 0HNLH3VCCAF0F:00000002, PreviousRequestId: -
      Downstream URL: http://localhost:5057/api/personalization/views?moduleKey=Platform&pageKey=Administrators
warn: Diten.ApiGateway.Authentication.GatewayJwtAuthenticationHandler[0]
      Gateway JWT authentication failed.
      Microsoft.IdentityModel.Tokens.SecurityTokenNoExpirationException: IDX10225: Lifetime validation failed. The token is missing an Expiration Time. Tokentype: 'System.IdentityModel.Tokens.Jwt.JwtSecurityToken'.
         at Microsoft.IdentityModel.Tokens.ValidatorUtilities.ValidateLifetime(Nullable`1 notBefore, Nullable`1 expires, SecurityToken securityToken, TokenValidationParameters validationParameters)
         at System.IdentityModel.Tokens.Jwt.JwtSecurityTokenHandler.ValidateTokenPayload(JwtSecurityToken jwtToken, TokenValidationParameters validationParameters, BaseConfiguration configuration)
         at System.IdentityModel.Tokens.Jwt.JwtSecurityTokenHandler.ValidateJWS(String token, TokenValidationParameters validationParameters, BaseConfiguration currentConfiguration, SecurityToken& signatureValidatedToken, ExceptionDispatchInfo& exceptionThrown)
      --- End of stack trace from previous location ---
         at System.IdentityModel.Tokens.Jwt.JwtSecurityTokenHandler.ValidateToken(String token, JwtSecurityToken outerToken, TokenValidationParameters validationParameters, SecurityToken& signatureValidatedToken)
         at System.IdentityModel.Tokens.Jwt.JwtSecurityTokenHandler.ValidateToken(String token, TokenValidationParameters validationParameters, SecurityToken& validatedToken)
         at Diten.ApiGateway.Authentication.GatewayJwtAuthenticationHandler.HandleAuthenticateAsync() in C:\Users\user\Desktop\ERP-vNext\gateway\Diten.ApiGateway\Authentication\GatewayJwtAuthenticationHandler.cs:line 48
info: Diten.ApiGateway.Authentication.GatewayJwtAuthenticationHandler[7]
      Bearer was not authenticated. Failure message: Invalid bearer token.
info: Ocelot.Requester.Middleware.HttpRequesterMiddleware[0]
      RequestId: 0HNLH3VCCAF0F:00000002, PreviousRequestId: -
      200 OK status code of request URI: http://localhost:5057/api/personalization/views?moduleKey=Platform&pageKey=Administrators
dbug: Ocelot.Requester.Middleware.HttpRequesterMiddleware[0]
      RequestId: 0HNLH3VCCAF0F:00000002, PreviousRequestId: -
      Setting HTTP response message...
dbug: Ocelot.Responder.Middleware.ResponderMiddleware[0]
      RequestId: 0HNLH3VCCAF0F:00000002, PreviousRequestId: -
      No pipeline errors: setting and returning completed response...
dbug: Ocelot.Errors.Middleware.ExceptionHandlerMiddleware[0]
      RequestId: 0HNLH3VCCAF0F:00000002, PreviousRequestId: -
      Ocelot pipeline finished
warn: Diten.ApiGateway.Authentication.GatewayJwtAuthenticationHandler[0]
      Gateway JWT authentication failed.
      Microsoft.IdentityModel.Tokens.SecurityTokenNoExpirationException: IDX10225: Lifetime validation failed. The token is missing an Expiration Time. Tokentype: 'System.IdentityModel.Tokens.Jwt.JwtSecurityToken'.
         at Microsoft.IdentityModel.Tokens.ValidatorUtilities.ValidateLifetime(Nullable`1 notBefore, Nullable`1 expires, SecurityToken securityToken, TokenValidationParameters validationParameters)
         at System.IdentityModel.Tokens.Jwt.JwtSecurityTokenHandler.ValidateTokenPayload(JwtSecurityToken jwtToken, TokenValidationParameters validationParameters, BaseConfiguration configuration)
         at System.IdentityModel.Tokens.Jwt.JwtSecurityTokenHandler.ValidateJWS(String token, TokenValidationParameters validationParameters, BaseConfiguration currentConfiguration, SecurityToken& signatureValidatedToken, ExceptionDispatchInfo& exceptionThrown)
      --- End of stack trace from previous location ---
         at System.IdentityModel.Tokens.Jwt.JwtSecurityTokenHandler.ValidateToken(String token, JwtSecurityToken outerToken, TokenValidationParameters validationParameters, SecurityToken& signatureValidatedToken)
         at System.IdentityModel.Tokens.Jwt.JwtSecurityTokenHandler.ValidateToken(String token, TokenValidationParameters validationParameters, SecurityToken& validatedToken)
         at Diten.ApiGateway.Authentication.GatewayJwtAuthenticationHandler.HandleAuthenticateAsync() in C:\Users\user\Desktop\ERP-vNext\gateway\Diten.ApiGateway\Authentication\GatewayJwtAuthenticationHandler.cs:line 48
info: Diten.ApiGateway.Authentication.GatewayJwtAuthenticationHandler[7]
      Bearer was not authenticated. Failure message: Invalid bearer token.
warn: Diten.ApiGateway.Authentication.GatewayJwtAuthenticationHandler[0]
      Gateway JWT authentication failed.
      Microsoft.IdentityModel.Tokens.SecurityTokenNoExpirationException: IDX10225: Lifetime validation failed. The token is missing an Expiration Time. Tokentype: 'System.IdentityModel.Tokens.Jwt.JwtSecurityToken'.
         at Microsoft.IdentityModel.Tokens.ValidatorUtilities.ValidateLifetime(Nullable`1 notBefore, Nullable`1 expires, SecurityToken securityToken, TokenValidationParameters validationParameters)
         at System.IdentityModel.Tokens.Jwt.JwtSecurityTokenHandler.ValidateTokenPayload(JwtSecurityToken jwtToken, TokenValidationParameters validationParameters, BaseConfiguration configuration)
         at System.IdentityModel.Tokens.Jwt.JwtSecurityTokenHandler.ValidateJWS(String token, TokenValidationParameters validationParameters, BaseConfiguration currentConfiguration, SecurityToken& signatureValidatedToken, ExceptionDispatchInfo& exceptionThrown)
      --- End of stack trace from previous location ---
         at System.IdentityModel.Tokens.Jwt.JwtSecurityTokenHandler.ValidateToken(String token, JwtSecurityToken outerToken, TokenValidationParameters validationParameters, SecurityToken& signatureValidatedToken)
         at System.IdentityModel.Tokens.Jwt.JwtSecurityTokenHandler.ValidateToken(String token, TokenValidationParameters validationParameters, SecurityToken& validatedToken)
         at Diten.ApiGateway.Authentication.GatewayJwtAuthenticationHandler.HandleAuthenticateAsync() in C:\Users\user\Desktop\ERP-vNext\gateway\Diten.ApiGateway\Authentication\GatewayJwtAuthenticationHandler.cs:line 48
info: Diten.ApiGateway.Authentication.GatewayJwtAuthenticationHandler[7]
      Bearer was not authenticated. Failure message: Invalid bearer token.
warn: Diten.ApiGateway.Authentication.GatewayJwtAuthenticationHandler[0]
      Gateway JWT authentication failed.
      Microsoft.IdentityModel.Tokens.SecurityTokenNoExpirationException: IDX10225: Lifetime validation failed. The token is missing an Expiration Time. Tokentype: 'System.IdentityModel.Tokens.Jwt.JwtSecurityToken'.
         at Microsoft.IdentityModel.Tokens.ValidatorUtilities.ValidateLifetime(Nullable`1 notBefore, Nullable`1 expires, SecurityToken securityToken, TokenValidationParameters validationParameters)
         at System.IdentityModel.Tokens.Jwt.JwtSecurityTokenHandler.ValidateTokenPayload(JwtSecurityToken jwtToken, TokenValidationParameters validationParameters, BaseConfiguration configuration)
         at System.IdentityModel.Tokens.Jwt.JwtSecurityTokenHandler.ValidateJWS(String token, TokenValidationParameters validationParameters, BaseConfiguration currentConfiguration, SecurityToken& signatureValidatedToken, ExceptionDispatchInfo& exceptionThrown)
      --- End of stack trace from previous location ---
         at System.IdentityModel.Tokens.Jwt.JwtSecurityTokenHandler.ValidateToken(String token, JwtSecurityToken outerToken, TokenValidationParameters validationParameters, SecurityToken& signatureValidatedToken)
         at System.IdentityModel.Tokens.Jwt.JwtSecurityTokenHandler.ValidateToken(String token, TokenValidationParameters validationParameters, SecurityToken& validatedToken)
         at Diten.ApiGateway.Authentication.GatewayJwtAuthenticationHandler.HandleAuthenticateAsync() in C:\Users\user\Desktop\ERP-vNext\gateway\Diten.ApiGateway\Authentication\GatewayJwtAuthenticationHandler.cs:line 48
info: Diten.ApiGateway.Authentication.GatewayJwtAuthenticationHandler[7]
      Bearer was not authenticated. Failure message: Invalid bearer token.
warn: Diten.ApiGateway.Authentication.GatewayJwtAuthenticationHandler[0]
      Gateway JWT authentication failed.
      Microsoft.IdentityModel.Tokens.SecurityTokenNoExpirationException: IDX10225: Lifetime validation failed. The token is missing an Expiration Time. Tokentype: 'System.IdentityModel.Tokens.Jwt.JwtSecurityToken'.
         at Microsoft.IdentityModel.Tokens.ValidatorUtilities.ValidateLifetime(Nullable`1 notBefore, Nullable`1 expires, SecurityToken securityToken, TokenValidationParameters validationParameters)
         at System.IdentityModel.Tokens.Jwt.JwtSecurityTokenHandler.ValidateTokenPayload(JwtSecurityToken jwtToken, TokenValidationParameters validationParameters, BaseConfiguration configuration)
         at System.IdentityModel.Tokens.Jwt.JwtSecurityTokenHandler.ValidateJWS(String token, TokenValidationParameters validationParameters, BaseConfiguration currentConfiguration, SecurityToken& signatureValidatedToken, ExceptionDispatchInfo& exceptionThrown)
      --- End of stack trace from previous location ---
         at System.IdentityModel.Tokens.Jwt.JwtSecurityTokenHandler.ValidateToken(String token, JwtSecurityToken outerToken, TokenValidationParameters validationParameters, SecurityToken& signatureValidatedToken)
         at System.IdentityModel.Tokens.Jwt.JwtSecurityTokenHandler.ValidateToken(String token, TokenValidationParameters validationParameters, SecurityToken& validatedToken)
         at Diten.ApiGateway.Authentication.GatewayJwtAuthenticationHandler.HandleAuthenticateAsync() in C:\Users\user\Desktop\ERP-vNext\gateway\Diten.ApiGateway\Authentication\GatewayJwtAuthenticationHandler.cs:line 48
info: Diten.ApiGateway.Authentication.GatewayJwtAuthenticationHandler[7]
      Bearer was not authenticated. Failure message: Invalid bearer token.
warn: Diten.ApiGateway.Authentication.GatewayJwtAuthenticationHandler[0]
      Gateway JWT authentication failed.
      Microsoft.IdentityModel.Tokens.SecurityTokenNoExpirationException: IDX10225: Lifetime validation failed. The token is missing an Expiration Time. Tokentype: 'System.IdentityModel.Tokens.Jwt.JwtSecurityToken'.
         at Microsoft.IdentityModel.Tokens.ValidatorUtilities.ValidateLifetime(Nullable`1 notBefore, Nullable`1 expires, SecurityToken securityToken, TokenValidationParameters validationParameters)
         at System.IdentityModel.Tokens.Jwt.JwtSecurityTokenHandler.ValidateTokenPayload(JwtSecurityToken jwtToken, TokenValidationParameters validationParameters, BaseConfiguration configuration)
         at System.IdentityModel.Tokens.Jwt.JwtSecurityTokenHandler.ValidateJWS(String token, TokenValidationParameters validationParameters, BaseConfiguration currentConfiguration, SecurityToken& signatureValidatedToken, ExceptionDispatchInfo& exceptionThrown)
      --- End of stack trace from previous location ---
         at System.IdentityModel.Tokens.Jwt.JwtSecurityTokenHandler.ValidateToken(String token, JwtSecurityToken outerToken, TokenValidationParameters validationParameters, SecurityToken& signatureValidatedToken)
         at System.IdentityModel.Tokens.Jwt.JwtSecurityTokenHandler.ValidateToken(String token, TokenValidationParameters validationParameters, SecurityToken& validatedToken)
         at Diten.ApiGateway.Authentication.GatewayJwtAuthenticationHandler.HandleAuthenticateAsync() in C:\Users\user\Desktop\ERP-vNext\gateway\Diten.ApiGateway\Authentication\GatewayJwtAuthenticationHandler.cs:line 48
info: Diten.ApiGateway.Authentication.GatewayJwtAuthenticationHandler[7]
      Bearer was not authenticated. Failure message: Invalid bearer token.
dbug: Ocelot.Errors.Middleware.ExceptionHandlerMiddleware[0]
      RequestId: 0HNLH3VCCAF0F:00000003, PreviousRequestId: -
      Ocelot pipeline started
dbug: Ocelot.DownstreamRouteFinder.Middleware.DownstreamRouteFinderMiddleware[0]
      RequestId: 0HNLH3VCCAF0F:00000003, PreviousRequestId: -
      Upstream URL path: /api/personalization/views
dbug: Ocelot.DownstreamRouteFinder.Middleware.DownstreamRouteFinderMiddleware[0]
      RequestId: 0HNLH3VCCAF0F:00000003, PreviousRequestId: -
      Downstream templates: /api/personalization/views
info: Ocelot.RateLimiting.RateLimitingMiddleware[0]
      RequestId: 0HNLH3VCCAF0F:00000003, PreviousRequestId: -
      Rate limiting is disabled for route '/api/personalization/views' via the EnableRateLimiting option.
info: Ocelot.Authentication.AuthenticationMiddleware[0]
      RequestId: 0HNLH3VCCAF0F:00000003, PreviousRequestId: -
      No authentication is required for the path '/api/personalization/views' in the route /api/personalization/views.
dbug: Ocelot.DownstreamUrlCreator.DownstreamUrlCreatorMiddleware[0]
      RequestId: 0HNLH3VCCAF0F:00000003, PreviousRequestId: -
      Downstream URL: http://localhost:5057/api/personalization/views?moduleKey=Platform&pageKey=Tenants
info: Ocelot.Requester.Middleware.HttpRequesterMiddleware[0]
      RequestId: 0HNLH3VCCAF0F:00000003, PreviousRequestId: -
      200 OK status code of request URI: http://localhost:5057/api/personalization/views?moduleKey=Platform&pageKey=Tenants
dbug: Ocelot.Requester.Middleware.HttpRequesterMiddleware[0]
      RequestId: 0HNLH3VCCAF0F:00000003, PreviousRequestId: -
      Setting HTTP response message...
dbug: Ocelot.Responder.Middleware.ResponderMiddleware[0]
      RequestId: 0HNLH3VCCAF0F:00000003, PreviousRequestId: -
      No pipeline errors: setting and returning completed response...
dbug: Ocelot.Errors.Middleware.ExceptionHandlerMiddleware[0]
      RequestId: 0HNLH3VCCAF0F:00000003, PreviousRequestId: -
      Ocelot pipeline finished
warn: Diten.ApiGateway.Authentication.GatewayJwtAuthenticationHandler[0]
      Gateway JWT authentication failed.
      Microsoft.IdentityModel.Tokens.SecurityTokenNoExpirationException: IDX10225: Lifetime validation failed. The token is missing an Expiration Time. Tokentype: 'System.IdentityModel.Tokens.Jwt.JwtSecurityToken'.
         at Microsoft.IdentityModel.Tokens.ValidatorUtilities.ValidateLifetime(Nullable`1 notBefore, Nullable`1 expires, SecurityToken securityToken, TokenValidationParameters validationParameters)
         at System.IdentityModel.Tokens.Jwt.JwtSecurityTokenHandler.ValidateTokenPayload(JwtSecurityToken jwtToken, TokenValidationParameters validationParameters, BaseConfiguration configuration)
         at System.IdentityModel.Tokens.Jwt.JwtSecurityTokenHandler.ValidateJWS(String token, TokenValidationParameters validationParameters, BaseConfiguration currentConfiguration, SecurityToken& signatureValidatedToken, ExceptionDispatchInfo& exceptionThrown)
      --- End of stack trace from previous location ---
         at System.IdentityModel.Tokens.Jwt.JwtSecurityTokenHandler.ValidateToken(String token, JwtSecurityToken outerToken, TokenValidationParameters validationParameters, SecurityToken& signatureValidatedToken)
         at System.IdentityModel.Tokens.Jwt.JwtSecurityTokenHandler.ValidateToken(String token, TokenValidationParameters validationParameters, SecurityToken& validatedToken)
         at Diten.ApiGateway.Authentication.GatewayJwtAuthenticationHandler.HandleAuthenticateAsync() in C:\Users\user\Desktop\ERP-vNext\gateway\Diten.ApiGateway\Authentication\GatewayJwtAuthenticationHandler.cs:line 48
info: Diten.ApiGateway.Authentication.GatewayJwtAuthenticationHandler[7]
      Bearer was not authenticated. Failure message: Invalid bearer token.
warn: Diten.ApiGateway.Authentication.GatewayJwtAuthenticationHandler[0]
      Gateway JWT authentication failed. TokenLength=1097
      Microsoft.IdentityModel.Tokens.SecurityTokenNoExpirationException: IDX10225: Lifetime validation failed. The token is missing an Expiration Time. Tokentype: 'System.IdentityModel.Tokens.Jwt.JwtSecurityToken'.
         at Microsoft.IdentityModel.Tokens.ValidatorUtilities.ValidateLifetime(Nullable`1 notBefore, Nullable`1 expires, SecurityToken securityToken, TokenValidationParameters validationParameters)
         at System.IdentityModel.Tokens.Jwt.JwtSecurityTokenHandler.ValidateTokenPayload(JwtSecurityToken jwtToken, TokenValidationParameters validationParameters, BaseConfiguration configuration)
         at System.IdentityModel.Tokens.Jwt.JwtSecurityTokenHandler.ValidateJWS(String token, TokenValidationParameters validationParameters, BaseConfiguration currentConfiguration, SecurityToken& signatureValidatedToken, ExceptionDispatchInfo& exceptionThrown)
      --- End of stack trace from previous location ---
         at System.IdentityModel.Tokens.Jwt.JwtSecurityTokenHandler.ValidateToken(String token, JwtSecurityToken outerToken, TokenValidationParameters validationParameters, SecurityToken& signatureValidatedToken)
         at System.IdentityModel.Tokens.Jwt.JwtSecurityTokenHandler.ValidateToken(String token, TokenValidationParameters validationParameters, SecurityToken& validatedToken)
         at Diten.ApiGateway.Authentication.GatewayJwtAuthenticationHandler.HandleAuthenticateAsync()
info: Diten.ApiGateway.Authentication.GatewayJwtAuthenticationHandler[7]
      Bearer was not authenticated. Failure message: Invalid bearer token.
info: Diten.ApiGateway.Authentication.GatewayJwtAuthenticationHandler[7]
      Bearer was not authenticated. Failure message: Invalid bearer token.
warn: Diten.ApiGateway.Middleware.TenantResolutionMiddleware[0]
      actor_type resolved from raw token fallback (context.User did not contain the claim). Path=/api/personalization/views ActorType=platform_admin
dbug: Ocelot.Errors.Middleware.ExceptionHandlerMiddleware[0]
      RequestId: 0HNLH3VCCAF0H:00000001, PreviousRequestId: -
      Ocelot pipeline started
dbug: Ocelot.DownstreamRouteFinder.Middleware.DownstreamRouteFinderMiddleware[0]
      RequestId: 0HNLH3VCCAF0H:00000001, PreviousRequestId: -
      Upstream URL path: /api/personalization/views
dbug: Ocelot.DownstreamRouteFinder.Middleware.DownstreamRouteFinderMiddleware[0]
      RequestId: 0HNLH3VCCAF0H:00000001, PreviousRequestId: -
      Downstream templates: /api/personalization/views
info: Ocelot.RateLimiting.RateLimitingMiddleware[0]
      RequestId: 0HNLH3VCCAF0H:00000001, PreviousRequestId: -
      Rate limiting is disabled for route '/api/personalization/views' via the EnableRateLimiting option.
info: Ocelot.Authentication.AuthenticationMiddleware[0]
      RequestId: 0HNLH3VCCAF0H:00000001, PreviousRequestId: -
      No authentication is required for the path '/api/personalization/views' in the route /api/personalization/views.
dbug: Ocelot.DownstreamUrlCreator.DownstreamUrlCreatorMiddleware[0]
      RequestId: 0HNLH3VCCAF0H:00000001, PreviousRequestId: -
      Downstream URL: http://localhost:5057/api/personalization/views?moduleKey=Platform&pageKey=Tenants
info: Ocelot.Requester.Middleware.HttpRequesterMiddleware[0]
      RequestId: 0HNLH3VCCAF0H:00000001, PreviousRequestId: -
      200 OK status code of request URI: http://localhost:5057/api/personalization/views?moduleKey=Platform&pageKey=Tenants
dbug: Ocelot.Requester.Middleware.HttpRequesterMiddleware[0]
      RequestId: 0HNLH3VCCAF0H:00000001, PreviousRequestId: -
      Setting HTTP response message...
dbug: Ocelot.Responder.Middleware.ResponderMiddleware[0]
      RequestId: 0HNLH3VCCAF0H:00000001, PreviousRequestId: -
      No pipeline errors: setting and returning completed response...
dbug: Ocelot.Errors.Middleware.ExceptionHandlerMiddleware[0]
      RequestId: 0HNLH3VCCAF0H:00000001, PreviousRequestId: -
      Ocelot pipeline finished
warn: Diten.ApiGateway.Authentication.GatewayJwtAuthenticationHandler[0]
      Gateway JWT authentication failed. TokenLength=1097
      Microsoft.IdentityModel.Tokens.SecurityTokenNoExpirationException: IDX10225: Lifetime validation failed. The token is missing an Expiration Time. Tokentype: 'System.IdentityModel.Tokens.Jwt.JwtSecurityToken'.
         at Microsoft.IdentityModel.Tokens.ValidatorUtilities.ValidateLifetime(Nullable`1 notBefore, Nullable`1 expires, SecurityToken securityToken, TokenValidationParameters validationParameters)
         at System.IdentityModel.Tokens.Jwt.JwtSecurityTokenHandler.ValidateTokenPayload(JwtSecurityToken jwtToken, TokenValidationParameters validationParameters, BaseConfiguration configuration)
         at System.IdentityModel.Tokens.Jwt.JwtSecurityTokenHandler.ValidateJWS(String token, TokenValidationParameters validationParameters, BaseConfiguration currentConfiguration, SecurityToken& signatureValidatedToken, ExceptionDispatchInfo& exceptionThrown)
      --- End of stack trace from previous location ---
         at System.IdentityModel.Tokens.Jwt.JwtSecurityTokenHandler.ValidateToken(String token, JwtSecurityToken outerToken, TokenValidationParameters validationParameters, SecurityToken& signatureValidatedToken)
         at System.IdentityModel.Tokens.Jwt.JwtSecurityTokenHandler.ValidateToken(String token, TokenValidationParameters validationParameters, SecurityToken& validatedToken)
         at Diten.ApiGateway.Authentication.GatewayJwtAuthenticationHandler.HandleAuthenticateAsync()
info: Diten.ApiGateway.Authentication.GatewayJwtAuthenticationHandler[7]
      Bearer was not authenticated. Failure message: Invalid bearer token.
info: Diten.ApiGateway.Authentication.GatewayJwtAuthenticationHandler[7]
      Bearer was not authenticated. Failure message: Invalid bearer token.
warn: Diten.ApiGateway.Middleware.TenantResolutionMiddleware[0]
      actor_type resolved from raw token fallback (context.User did not contain the claim). Path=/api/admin/tenants ActorType=platform_admin
dbug: Ocelot.Errors.Middleware.ExceptionHandlerMiddleware[0]
      RequestId: 0HNLH3VCCAF0I:00000001, PreviousRequestId: -
      Ocelot pipeline started
dbug: Ocelot.DownstreamRouteFinder.Middleware.DownstreamRouteFinderMiddleware[0]
      RequestId: 0HNLH3VCCAF0I:00000001, PreviousRequestId: -
      Upstream URL path: /api/admin/tenants
dbug: Ocelot.DownstreamRouteFinder.Middleware.DownstreamRouteFinderMiddleware[0]
      RequestId: 0HNLH3VCCAF0I:00000001, PreviousRequestId: -
      Downstream templates: /api/admin/tenants
info: Ocelot.RateLimiting.RateLimitingMiddleware[0]
      RequestId: 0HNLH3VCCAF0I:00000001, PreviousRequestId: -
      Rate limiting is disabled for route '/api/admin/tenants' via the EnableRateLimiting option.
info: Ocelot.Authentication.AuthenticationMiddleware[0]
      RequestId: 0HNLH3VCCAF0I:00000001, PreviousRequestId: -
      The path '/api/admin/tenants' is an authenticated route! AuthenticationMiddleware checking if client is authenticated...
info: Diten.ApiGateway.Authentication.GatewayJwtAuthenticationHandler[7]
      Bearer was not authenticated. Failure message: Invalid bearer token.
warn: Ocelot.Authentication.AuthenticationMiddleware[0]
      RequestId: 0HNLH3VCCAF0I:00000001, PreviousRequestId: -
      Client has NOT been authenticated for path '/api/admin/tenants' and pipeline error set. UnauthenticatedError: Request for authenticated route '/api/admin/tenants' was unauthenticated!;
warn: Ocelot.Responder.Middleware.ResponderMiddleware[0]
      RequestId: 0HNLH3VCCAF0I:00000001, PreviousRequestId: -
      ResponderMiddleware found 1 error ->
      UnauthenticatedError: Request for authenticated route '/api/admin/tenants' was unauthenticated!
      Setting error response for request: GET /api/admin/tenants
dbug: Ocelot.Errors.Middleware.ExceptionHandlerMiddleware[0]
      RequestId: 0HNLH3VCCAF0I:00000001, PreviousRequestId: -
      Ocelot pipeline finished
