Explicit Path,Level,Permission Profile,Entity,Technical Group,Scope Action,Atomic Profile,Owner Role
GMG_Enterprise_Repository/_README.txt,1,PS-ROOT-READ,GROUP,GMG-REPO-ROOT-READ-GRP,"BREAK INHERITANCE — apply explicitly. Control FILE, not a folder. Read for all authorised repository users; write restricted to Records Management.",YES,Records Management
GMG_Enterprise_Repository,0,PS-ROOT-GOVERNANCE,GROUP,GMG-REPO-ROOT-GOVERNANCE-GRP,BREAK INHERITANCE — apply explicitly,YES,Records Management / IT
GMG_Enterprise_Repository/00_Group_Repository_Control,1,PS-REPO-CONTROL,GROUP,GMG-REPO-REPO-CONTROL-GRP,BREAK INHERITANCE — apply explicitly,YES,Records Management / IT / QA Documentation
GMG_Enterprise_Repository/00_Group_Repository_Control/01_Repository_Governance,2,PS-REPO-CONTROL,GROUP,GMG-REPO-REPO-CONTROL-GRP,inherit from parent,YES,Records Management / IT / QA Documentation
GMG_Enterprise_Repository/00_Group_Repository_Control/02_Architecture_and_File_Plan,2,PS-REPO-CONTROL,GROUP,GMG-REPO-REPO-CONTROL-GRP,inherit from parent,YES,Records Management / IT / QA Documentation
GMG_Enterprise_Repository/00_Group_Repository_Control/03_Naming_and_Code_Registers,2,PS-REPO-CONTROL,GROUP,GMG-REPO-REPO-CONTROL-GRP,inherit from parent,YES,Records Management / IT / QA Documentation
GMG_Enterprise_Repository/00_Group_Repository_Control/04_Metadata_Classification_and_Retention,2,PS-REPO-CONTROL,GROUP,GMG-REPO-REPO-CONTROL-GRP,inherit from parent,YES,Records Management / IT / QA Documentation
GMG_Enterprise_Repository/00_Group_Repository_Control/05_Permission_Profiles_and_Access_Reviews,2,PS-REPO-CONTROL,GROUP,GMG-REPO-REPO-CONTROL-GRP,inherit from parent,YES,Records Management / IT / QA Documentation
GMG_Enterprise_Repository/00_Group_Repository_Control/06_Change_Control_Validation_and_UAT,2,PS-REPO-CONTROL,GROUP,GMG-REPO-REPO-CONTROL-GRP,inherit from parent,YES,Records Management / IT / QA Documentation
GMG_Enterprise_Repository/00_Group_Repository_Control/07_Migration_Cutover_and_Rollback_Controls,2,PS-REPO-CONTROL,GROUP,GMG-REPO-REPO-CONTROL-GRP,inherit from parent,YES,Records Management / IT / QA Documentation
GMG_Enterprise_Repository/00_Group_Repository_Control/08_Audit_Periodic_Review_and_KPIs,2,PS-REPO-CONTROL,GROUP,GMG-REPO-REPO-CONTROL-GRP,inherit from parent,YES,Records Management / IT / QA Documentation
GMG_Enterprise_Repository/00_Group_Repository_Control/09_README_and_Control_Templates,2,PS-REPO-CONTROL,GROUP,GMG-REPO-REPO-CONTROL-GRP,inherit from parent,YES,Records Management / IT / QA Documentation
GMG_Enterprise_Repository/01_Enterprise_Governance_and_Strategy,1,PS-MGMT-RESTRICTED,GROUP,GMG-REPO-MGMT-RESTRICTED-GRP,BREAK INHERITANCE — apply explicitly,YES,CEO / Corporate Secretary / Entity Management
GMG_Enterprise_Repository/01_Enterprise_Governance_and_Strategy/00_Group_Shared,2,PS-MGMT-RESTRICTED,00_Group_Shared,GMG-REPO-MGMT-RESTRICTED-GRP,inherit from parent,YES,CEO / Corporate Secretary
GMG_Enterprise_Repository/01_Enterprise_Governance_and_Strategy/00_Group_Shared/01_Corporate_Governance_Framework,3,PS-MGMT-RESTRICTED,00_Group_Shared,GMG-REPO-MGMT-RESTRICTED-GRP,inherit from parent,YES,CEO / Corporate Secretary / Entity Management
GMG_Enterprise_Repository/01_Enterprise_Governance_and_Strategy/00_Group_Shared/02_Strategy_and_Business_Plans,3,PS-MGMT-RESTRICTED,00_Group_Shared,GMG-REPO-MGMT-RESTRICTED-GRP,inherit from parent,YES,CEO / Corporate Secretary / Entity Management
GMG_Enterprise_Repository/01_Enterprise_Governance_and_Strategy/00_Group_Shared/03_Organisation_and_Operating_Model,3,PS-MGMT-RESTRICTED,00_Group_Shared,GMG-REPO-MGMT-RESTRICTED-GRP,inherit from parent,YES,CEO / Corporate Secretary / Entity Management
GMG_Enterprise_Repository/01_Enterprise_Governance_and_Strategy/00_Group_Shared/04_Committees_and_Management_Decisions,3,PS-MGMT-RESTRICTED,00_Group_Shared,GMG-REPO-MGMT-RESTRICTED-GRP,inherit from parent,YES,CEO / Corporate Secretary / Entity Management
GMG_Enterprise_Repository/01_Enterprise_Governance_and_Strategy/00_Group_Shared/05_Enterprise_Risk_and_Internal_Control,3,PS-MGMT-RESTRICTED,00_Group_Shared,GMG-REPO-MGMT-RESTRICTED-GRP,inherit from parent,YES,CEO / Corporate Secretary — TBC
GMG_Enterprise_Repository/01_Enterprise_Governance_and_Strategy/00_Group_Shared/06_Delegations_Authorities_and_Policies,3,PS-MGMT-RESTRICTED,00_Group_Shared,GMG-REPO-MGMT-RESTRICTED-GRP,inherit from parent,YES,CEO / Corporate Secretary / Entity Management
GMG_Enterprise_Repository/01_Enterprise_Governance_and_Strategy/00_Group_Shared/07_KPIs_and_Management_Performance,3,PS-MGMT-RESTRICTED,00_Group_Shared,GMG-REPO-MGMT-RESTRICTED-GRP,inherit from parent,YES,CEO / Corporate Secretary / Entity Management
GMG_Enterprise_Repository/01_Enterprise_Governance_and_Strategy/00_Group_Shared/08_Legal_Entity_Governance,3,PS-MGMT-RESTRICTED,00_Group_Shared,GMG-REPO-MGMT-RESTRICTED-GRP,inherit from parent,YES,CEO / Corporate Secretary / Entity Management
GMG_Enterprise_Repository/01_Enterprise_Governance_and_Strategy/00_Group_Shared/09_Approved_Transformation_Roadmaps,3,PS-MGMT-RESTRICTED,00_Group_Shared,GMG-REPO-MGMT-RESTRICTED-GRP,inherit from parent,YES,CEO / Corporate Secretary / Entity Management
GMG_Enterprise_Repository/01_Enterprise_Governance_and_Strategy/00_Group_Shared/10_Closed_Governance_Records,3,PS-MGMT-RESTRICTED,00_Group_Shared,GMG-REPO-MGMT-RESTRICTED-GRP,inherit from parent,YES,CEO / Corporate Secretary — TBC
GMG_Enterprise_Repository/01_Enterprise_Governance_and_Strategy/00_Group_Shared/50_Executive_Committee,3,PS-MGMT-RESTRICTED,00_Group_Shared,GMG-REPO-MGMT-RESTRICTED-GRP,inherit from parent,YES,CEO / Corporate Secretary — TBC
GMG_Enterprise_Repository/01_Enterprise_Governance_and_Strategy/00_Group_Shared/51_Management_Review_and_Quality_Council,3,PS-MGMT-RESTRICTED,00_Group_Shared,GMG-REPO-MGMT-RESTRICTED-GRP,inherit from parent,YES,CEO / Corporate Secretary — TBC
GMG_Enterprise_Repository/01_Enterprise_Governance_and_Strategy/00_Group_Shared/52_Strategy_and_Portfolio_Governance,3,PS-MGMT-RESTRICTED,00_Group_Shared,GMG-REPO-MGMT-RESTRICTED-GRP,inherit from parent,YES,CEO / Corporate Secretary — TBC
GMG_Enterprise_Repository/01_Enterprise_Governance_and_Strategy/00_Group_Shared/53_Corporate_Policies_and_Delegations,3,PS-MGMT-RESTRICTED,00_Group_Shared,GMG-REPO-MGMT-RESTRICTED-GRP,inherit from parent,YES,CEO / Corporate Secretary — TBC
GMG_Enterprise_Repository/01_Enterprise_Governance_and_Strategy/00_Group_Shared/54_Committee_Charters_and_Minutes,3,PS-MGMT-RESTRICTED,00_Group_Shared,GMG-REPO-MGMT-RESTRICTED-GRP,inherit from parent,YES,CEO / Corporate Secretary — TBC
GMG_Enterprise_Repository/01_Enterprise_Governance_and_Strategy/00_Group_Shared/55_Material_Decisions_and_Approvals,3,PS-MGMT-RESTRICTED,00_Group_Shared,GMG-REPO-MGMT-RESTRICTED-GRP,inherit from parent,YES,CEO / Corporate Secretary — TBC
GMG_Enterprise_Repository/01_Enterprise_Governance_and_Strategy/00_Group_Shared/56_Corporate_Registers_and_Statutory_Records,3,PS-MGMT-RESTRICTED,00_Group_Shared,GMG-REPO-MGMT-RESTRICTED-GRP,inherit from parent,YES,CEO / Corporate Secretary — TBC
GMG_Enterprise_Repository/01_Enterprise_Governance_and_Strategy/10_GMG_AG_CH,2,PS-MGMT-RESTRICTED,10_GMG_AG_CH,GMG-REPO-MGMT-RESTRICTED-CH,inherit from parent,YES,CEO / Corporate Secretary / Entity Management
GMG_Enterprise_Repository/01_Enterprise_Governance_and_Strategy/10_GMG_AG_CH/01_Corporate_Governance_Framework,3,PS-MGMT-RESTRICTED,10_GMG_AG_CH,GMG-REPO-MGMT-RESTRICTED-CH,inherit from parent,YES,CEO / Corporate Secretary / Entity Management
GMG_Enterprise_Repository/01_Enterprise_Governance_and_Strategy/10_GMG_AG_CH/02_Strategy_and_Business_Plans,3,PS-MGMT-RESTRICTED,10_GMG_AG_CH,GMG-REPO-MGMT-RESTRICTED-CH,inherit from parent,YES,CEO / Corporate Secretary / Entity Management
GMG_Enterprise_Repository/01_Enterprise_Governance_and_Strategy/10_GMG_AG_CH/03_Organisation_and_Operating_Model,3,PS-MGMT-RESTRICTED,10_GMG_AG_CH,GMG-REPO-MGMT-RESTRICTED-CH,inherit from parent,YES,CEO / Corporate Secretary / Entity Management
GMG_Enterprise_Repository/01_Enterprise_Governance_and_Strategy/10_GMG_AG_CH/04_Committees_and_Management_Decisions,3,PS-MGMT-RESTRICTED,10_GMG_AG_CH,GMG-REPO-MGMT-RESTRICTED-CH,inherit from parent,YES,CEO / Corporate Secretary / Entity Management
GMG_Enterprise_Repository/01_Enterprise_Governance_and_Strategy/10_GMG_AG_CH/05_Enterprise_Risk_and_Internal_Control,3,PS-MGMT-RESTRICTED,10_GMG_AG_CH,GMG-REPO-MGMT-RESTRICTED-CH,inherit from parent,YES,CEO / Corporate Secretary / Entity Management
GMG_Enterprise_Repository/01_Enterprise_Governance_and_Strategy/10_GMG_AG_CH/06_Delegations_Authorities_and_Policies,3,PS-MGMT-RESTRICTED,10_GMG_AG_CH,GMG-REPO-MGMT-RESTRICTED-CH,inherit from parent,YES,CEO / Corporate Secretary / Entity Management
GMG_Enterprise_Repository/01_Enterprise_Governance_and_Strategy/10_GMG_AG_CH/07_KPIs_and_Management_Performance,3,PS-MGMT-RESTRICTED,10_GMG_AG_CH,GMG-REPO-MGMT-RESTRICTED-CH,inherit from parent,YES,CEO / Corporate Secretary / Entity Management
GMG_Enterprise_Repository/01_Enterprise_Governance_and_Strategy/10_GMG_AG_CH/08_Legal_Entity_Governance,3,PS-MGMT-RESTRICTED,10_GMG_AG_CH,GMG-REPO-MGMT-RESTRICTED-CH,inherit from parent,YES,CEO / Corporate Secretary / Entity Management
GMG_Enterprise_Repository/01_Enterprise_Governance_and_Strategy/10_GMG_AG_CH/09_Approved_Transformation_Roadmaps,3,PS-MGMT-RESTRICTED,10_GMG_AG_CH,GMG-REPO-MGMT-RESTRICTED-CH,inherit from parent,YES,CEO / Corporate Secretary / Entity Management
GMG_Enterprise_Repository/01_Enterprise_Governance_and_Strategy/10_GMG_AG_CH/10_Closed_Governance_Records,3,PS-MGMT-RESTRICTED,10_GMG_AG_CH,GMG-REPO-MGMT-RESTRICTED-CH,inherit from parent,YES,CEO / Corporate Secretary / Entity Management
GMG_Enterprise_Repository/01_Enterprise_Governance_and_Strategy/30_GM_Poland_PL,2,PS-MGMT-RESTRICTED,30_GM_Poland_PL,GMG-REPO-MGMT-RESTRICTED-PL,inherit from parent,YES,CEO / Corporate Secretary / Entity Management
GMG_Enterprise_Repository/01_Enterprise_Governance_and_Strategy/30_GM_Poland_PL/01_Corporate_Governance_Framework,3,PS-MGMT-RESTRICTED,30_GM_Poland_PL,GMG-REPO-MGMT-RESTRICTED-PL,inherit from parent,YES,CEO / Corporate Secretary / Entity Management
GMG_Enterprise_Repository/01_Enterprise_Governance_and_Strategy/30_GM_Poland_PL/02_Strategy_and_Business_Plans,3,PS-MGMT-RESTRICTED,30_GM_Poland_PL,GMG-REPO-MGMT-RESTRICTED-PL,inherit from parent,YES,CEO / Corporate Secretary / Entity Management
GMG_Enterprise_Repository/01_Enterprise_Governance_and_Strategy/30_GM_Poland_PL/03_Organisation_and_Operating_Model,3,PS-MGMT-RESTRICTED,30_GM_Poland_PL,GMG-REPO-MGMT-RESTRICTED-PL,inherit from parent,YES,CEO / Corporate Secretary / Entity Management
GMG_Enterprise_Repository/01_Enterprise_Governance_and_Strategy/30_GM_Poland_PL/04_Committees_and_Management_Decisions,3,PS-MGMT-RESTRICTED,30_GM_Poland_PL,GMG-REPO-MGMT-RESTRICTED-PL,inherit from parent,YES,CEO / Corporate Secretary / Entity Management
GMG_Enterprise_Repository/01_Enterprise_Governance_and_Strategy/30_GM_Poland_PL/05_Enterprise_Risk_and_Internal_Control,3,PS-MGMT-RESTRICTED,30_GM_Poland_PL,GMG-REPO-MGMT-RESTRICTED-PL,inherit from parent,YES,CEO / Corporate Secretary / Entity Management
GMG_Enterprise_Repository/01_Enterprise_Governance_and_Strategy/30_GM_Poland_PL/06_Delegations_Authorities_and_Policies,3,PS-MGMT-RESTRICTED,30_GM_Poland_PL,GMG-REPO-MGMT-RESTRICTED-PL,inherit from parent,YES,CEO / Corporate Secretary / Entity Management
GMG_Enterprise_Repository/01_Enterprise_Governance_and_Strategy/30_GM_Poland_PL/07_KPIs_and_Management_Performance,3,PS-MGMT-RESTRICTED,30_GM_Poland_PL,GMG-REPO-MGMT-RESTRICTED-PL,inherit from parent,YES,CEO / Corporate Secretary / Entity Management
GMG_Enterprise_Repository/01_Enterprise_Governance_and_Strategy/30_GM_Poland_PL/08_Legal_Entity_Governance,3,PS-MGMT-RESTRICTED,30_GM_Poland_PL,GMG-REPO-MGMT-RESTRICTED-PL,inherit from parent,YES,CEO / Corporate Secretary / Entity Management
GMG_Enterprise_Repository/01_Enterprise_Governance_and_Strategy/30_GM_Poland_PL/09_Approved_Transformation_Roadmaps,3,PS-MGMT-RESTRICTED,30_GM_Poland_PL,GMG-REPO-MGMT-RESTRICTED-PL,inherit from parent,YES,CEO / Corporate Secretary / Entity Management
GMG_Enterprise_Repository/01_Enterprise_Governance_and_Strategy/30_GM_Poland_PL/10_Closed_Governance_Records,3,PS-MGMT-RESTRICTED,30_GM_Poland_PL,GMG-REPO-MGMT-RESTRICTED-PL,inherit from parent,YES,CEO / Corporate Secretary / Entity Management
GMG_Enterprise_Repository/01_Enterprise_Governance_and_Strategy/40_Miquel_y_Garriga_SL_ES,2,PS-MGMT-RESTRICTED,40_Miquel_y_Garriga_SL_ES,GMG-REPO-MGMT-RESTRICTED-MYG,inherit from parent,YES,CEO / Corporate Secretary / Entity Management
GMG_Enterprise_Repository/01_Enterprise_Governance_and_Strategy/40_Miquel_y_Garriga_SL_ES/01_Corporate_Governance_Framework,3,PS-MGMT-RESTRICTED,40_Miquel_y_Garriga_SL_ES,GMG-REPO-MGMT-RESTRICTED-MYG,inherit from parent,YES,CEO / Corporate Secretary / Entity Management
GMG_Enterprise_Repository/01_Enterprise_Governance_and_Strategy/40_Miquel_y_Garriga_SL_ES/02_Strategy_and_Business_Plans,3,PS-MGMT-RESTRICTED,40_Miquel_y_Garriga_SL_ES,GMG-REPO-MGMT-RESTRICTED-MYG,inherit from parent,YES,CEO / Corporate Secretary / Entity Management
GMG_Enterprise_Repository/01_Enterprise_Governance_and_Strategy/40_Miquel_y_Garriga_SL_ES/03_Organisation_and_Operating_Model,3,PS-MGMT-RESTRICTED,40_Miquel_y_Garriga_SL_ES,GMG-REPO-MGMT-RESTRICTED-MYG,inherit from parent,YES,CEO / Corporate Secretary / Entity Management
GMG_Enterprise_Repository/01_Enterprise_Governance_and_Strategy/40_Miquel_y_Garriga_SL_ES/04_Committees_and_Management_Decisions,3,PS-MGMT-RESTRICTED,40_Miquel_y_Garriga_SL_ES,GMG-REPO-MGMT-RESTRICTED-MYG,inherit from parent,YES,CEO / Corporate Secretary / Entity Management
GMG_Enterprise_Repository/01_Enterprise_Governance_and_Strategy/40_Miquel_y_Garriga_SL_ES/05_Enterprise_Risk_and_Internal_Control,3,PS-MGMT-RESTRICTED,40_Miquel_y_Garriga_SL_ES,GMG-REPO-MGMT-RESTRICTED-MYG,inherit from parent,YES,CEO / Corporate Secretary / Entity Management
GMG_Enterprise_Repository/01_Enterprise_Governance_and_Strategy/40_Miquel_y_Garriga_SL_ES/06_Delegations_Authorities_and_Policies,3,PS-MGMT-RESTRICTED,40_Miquel_y_Garriga_SL_ES,GMG-REPO-MGMT-RESTRICTED-MYG,inherit from parent,YES,CEO / Corporate Secretary / Entity Management
GMG_Enterprise_Repository/01_Enterprise_Governance_and_Strategy/40_Miquel_y_Garriga_SL_ES/07_KPIs_and_Management_Performance,3,PS-MGMT-RESTRICTED,40_Miquel_y_Garriga_SL_ES,GMG-REPO-MGMT-RESTRICTED-MYG,inherit from parent,YES,CEO / Corporate Secretary / Entity Management
GMG_Enterprise_Repository/01_Enterprise_Governance_and_Strategy/40_Miquel_y_Garriga_SL_ES/08_Legal_Entity_Governance,3,PS-MGMT-RESTRICTED,40_Miquel_y_Garriga_SL_ES,GMG-REPO-MGMT-RESTRICTED-MYG,inherit from parent,YES,CEO / Corporate Secretary / Entity Management
GMG_Enterprise_Repository/01_Enterprise_Governance_and_Strategy/40_Miquel_y_Garriga_SL_ES/09_Approved_Transformation_Roadmaps,3,PS-MGMT-RESTRICTED,40_Miquel_y_Garriga_SL_ES,GMG-REPO-MGMT-RESTRICTED-MYG,inherit from parent,YES,CEO / Corporate Secretary / Entity Management
GMG_Enterprise_Repository/01_Enterprise_Governance_and_Strategy/40_Miquel_y_Garriga_SL_ES/10_Closed_Governance_Records,3,PS-MGMT-RESTRICTED,40_Miquel_y_Garriga_SL_ES,GMG-REPO-MGMT-RESTRICTED-MYG,inherit from parent,YES,CEO / Corporate Secretary / Entity Management
GMG_Enterprise_Repository/01_Enterprise_Governance_and_Strategy/50_GMG_Ilaclari_LTD_TR,2,PS-MGMT-RESTRICTED,50_GMG_Ilaclari_LTD_TR,GMG-REPO-MGMT-RESTRICTED-TR,inherit from parent,YES,CEO / Corporate Secretary / Entity Management
GMG_Enterprise_Repository/01_Enterprise_Governance_and_Strategy/50_GMG_Ilaclari_LTD_TR/01_Corporate_Governance_Framework,3,PS-MGMT-RESTRICTED,50_GMG_Ilaclari_LTD_TR,GMG-REPO-MGMT-RESTRICTED-TR,inherit from parent,YES,CEO / Corporate Secretary / Entity Management
GMG_Enterprise_Repository/01_Enterprise_Governance_and_Strategy/50_GMG_Ilaclari_LTD_TR/02_Strategy_and_Business_Plans,3,PS-MGMT-RESTRICTED,50_GMG_Ilaclari_LTD_TR,GMG-REPO-MGMT-RESTRICTED-TR,inherit from parent,YES,CEO / Corporate Secretary / Entity Management
GMG_Enterprise_Repository/01_Enterprise_Governance_and_Strategy/50_GMG_Ilaclari_LTD_TR/03_Organisation_and_Operating_Model,3,PS-MGMT-RESTRICTED,50_GMG_Ilaclari_LTD_TR,GMG-REPO-MGMT-RESTRICTED-TR,inherit from parent,YES,CEO / Corporate Secretary / Entity Management
GMG_Enterprise_Repository/01_Enterprise_Governance_and_Strategy/50_GMG_Ilaclari_LTD_TR/04_Committees_and_Management_Decisions,3,PS-MGMT-RESTRICTED,50_GMG_Ilaclari_LTD_TR,GMG-REPO-MGMT-RESTRICTED-TR,inherit from parent,YES,CEO / Corporate Secretary / Entity Management
GMG_Enterprise_Repository/01_Enterprise_Governance_and_Strategy/50_GMG_Ilaclari_LTD_TR/05_Enterprise_Risk_and_Internal_Control,3,PS-MGMT-RESTRICTED,50_GMG_Ilaclari_LTD_TR,GMG-REPO-MGMT-RESTRICTED-TR,inherit from parent,YES,CEO / Corporate Secretary / Entity Management
GMG_Enterprise_Repository/01_Enterprise_Governance_and_Strategy/50_GMG_Ilaclari_LTD_TR/06_Delegations_Authorities_and_Policies,3,PS-MGMT-RESTRICTED,50_GMG_Ilaclari_LTD_TR,GMG-REPO-MGMT-RESTRICTED-TR,inherit from parent,YES,CEO / Corporate Secretary / Entity Management
GMG_Enterprise_Repository/01_Enterprise_Governance_and_Strategy/50_GMG_Ilaclari_LTD_TR/07_KPIs_and_Management_Performance,3,PS-MGMT-RESTRICTED,50_GMG_Ilaclari_LTD_TR,GMG-REPO-MGMT-RESTRICTED-TR,inherit from parent,YES,CEO / Corporate Secretary / Entity Management
GMG_Enterprise_Repository/01_Enterprise_Governance_and_Strategy/50_GMG_Ilaclari_LTD_TR/08_Legal_Entity_Governance,3,PS-MGMT-RESTRICTED,50_GMG_Ilaclari_LTD_TR,GMG-REPO-MGMT-RESTRICTED-TR,inherit from parent,YES,CEO / Corporate Secretary / Entity Management
GMG_Enterprise_Repository/01_Enterprise_Governance_and_Strategy/50_GMG_Ilaclari_LTD_TR/09_Approved_Transformation_Roadmaps,3,PS-MGMT-RESTRICTED,50_GMG_Ilaclari_LTD_TR,GMG-REPO-MGMT-RESTRICTED-TR,inherit from parent,YES,CEO / Corporate Secretary / Entity Management
GMG_Enterprise_Repository/01_Enterprise_Governance_and_Strategy/50_GMG_Ilaclari_LTD_TR/10_Closed_Governance_Records,3,PS-MGMT-RESTRICTED,50_GMG_Ilaclari_LTD_TR,GMG-REPO-MGMT-RESTRICTED-TR,inherit from parent,YES,CEO / Corporate Secretary / Entity Management
GMG_Enterprise_Repository/01_Enterprise_Governance_and_Strategy/80_Cross_Entity,2,PS-MGMT-RESTRICTED,80_Cross_Entity,GMG-REPO-MGMT-RESTRICTED-XE,inherit from parent,YES,CEO / Corporate Secretary / Entity Management
GMG_Enterprise_Repository/01_Enterprise_Governance_and_Strategy/80_Cross_Entity/01_Corporate_Governance_Framework,3,PS-MGMT-RESTRICTED,80_Cross_Entity,GMG-REPO-MGMT-RESTRICTED-XE,inherit from parent,YES,CEO / Corporate Secretary / Entity Management
GMG_Enterprise_Repository/01_Enterprise_Governance_and_Strategy/80_Cross_Entity/02_Strategy_and_Business_Plans,3,PS-MGMT-RESTRICTED,80_Cross_Entity,GMG-REPO-MGMT-RESTRICTED-XE,inherit from parent,YES,CEO / Corporate Secretary / Entity Management
GMG_Enterprise_Repository/01_Enterprise_Governance_and_Strategy/80_Cross_Entity/03_Organisation_and_Operating_Model,3,PS-MGMT-RESTRICTED,80_Cross_Entity,GMG-REPO-MGMT-RESTRICTED-XE,inherit from parent,YES,CEO / Corporate Secretary / Entity Management
GMG_Enterprise_Repository/01_Enterprise_Governance_and_Strategy/80_Cross_Entity/04_Committees_and_Management_Decisions,3,PS-MGMT-RESTRICTED,80_Cross_Entity,GMG-REPO-MGMT-RESTRICTED-XE,inherit from parent,YES,CEO / Corporate Secretary / Entity Management
GMG_Enterprise_Repository/01_Enterprise_Governance_and_Strategy/80_Cross_Entity/05_Enterprise_Risk_and_Internal_Control,3,PS-MGMT-RESTRICTED,80_Cross_Entity,GMG-REPO-MGMT-RESTRICTED-XE,inherit from parent,YES,CEO / Corporate Secretary / Entity Management
GMG_Enterprise_Repository/01_Enterprise_Governance_and_Strategy/80_Cross_Entity/06_Delegations_Authorities_and_Policies,3,PS-MGMT-RESTRICTED,80_Cross_Entity,GMG-REPO-MGMT-RESTRICTED-XE,inherit from parent,YES,CEO / Corporate Secretary / Entity Management
GMG_Enterprise_Repository/01_Enterprise_Governance_and_Strategy/80_Cross_Entity/07_KPIs_and_Management_Performance,3,PS-MGMT-RESTRICTED,80_Cross_Entity,GMG-REPO-MGMT-RESTRICTED-XE,inherit from parent,YES,CEO / Corporate Secretary / Entity Management
GMG_Enterprise_Repository/01_Enterprise_Governance_and_Strategy/80_Cross_Entity/08_Legal_Entity_Governance,3,PS-MGMT-RESTRICTED,80_Cross_Entity,GMG-REPO-MGMT-RESTRICTED-XE,inherit from parent,YES,CEO / Corporate Secretary / Entity Management
GMG_Enterprise_Repository/01_Enterprise_Governance_and_Strategy/80_Cross_Entity/09_Approved_Transformation_Roadmaps,3,PS-MGMT-RESTRICTED,80_Cross_Entity,GMG-REPO-MGMT-RESTRICTED-XE,inherit from parent,YES,CEO / Corporate Secretary / Entity Management
GMG_Enterprise_Repository/01_Enterprise_Governance_and_Strategy/80_Cross_Entity/10_Closed_Governance_Records,3,PS-MGMT-RESTRICTED,80_Cross_Entity,GMG-REPO-MGMT-RESTRICTED-XE,inherit from parent,YES,CEO / Corporate Secretary / Entity Management
GMG_Enterprise_Repository/01_Enterprise_Governance_and_Strategy/90_External_or_Joint_Ventures,2,PS-MGMT-RESTRICTED,90_External_or_Joint_Ventures,GMG-REPO-MGMT-RESTRICTED-EXT,inherit from parent,YES,CEO / Corporate Secretary / Entity Management
GMG_Enterprise_Repository/01_Enterprise_Governance_and_Strategy/90_External_or_Joint_Ventures/01_Corporate_Governance_Framework,3,PS-MGMT-RESTRICTED,90_External_or_Joint_Ventures,GMG-REPO-MGMT-RESTRICTED-EXT,inherit from parent,YES,CEO / Corporate Secretary / Entity Management
GMG_Enterprise_Repository/01_Enterprise_Governance_and_Strategy/90_External_or_Joint_Ventures/02_Strategy_and_Business_Plans,3,PS-MGMT-RESTRICTED,90_External_or_Joint_Ventures,GMG-REPO-MGMT-RESTRICTED-EXT,inherit from parent,YES,CEO / Corporate Secretary / Entity Management
GMG_Enterprise_Repository/01_Enterprise_Governance_and_Strategy/90_External_or_Joint_Ventures/03_Organisation_and_Operating_Model,3,PS-MGMT-RESTRICTED,90_External_or_Joint_Ventures,GMG-REPO-MGMT-RESTRICTED-EXT,inherit from parent,YES,CEO / Corporate Secretary / Entity Management
GMG_Enterprise_Repository/01_Enterprise_Governance_and_Strategy/90_External_or_Joint_Ventures/04_Committees_and_Management_Decisions,3,PS-MGMT-RESTRICTED,90_External_or_Joint_Ventures,GMG-REPO-MGMT-RESTRICTED-EXT,inherit from parent,YES,CEO / Corporate Secretary / Entity Management
GMG_Enterprise_Repository/01_Enterprise_Governance_and_Strategy/90_External_or_Joint_Ventures/05_Enterprise_Risk_and_Internal_Control,3,PS-MGMT-RESTRICTED,90_External_or_Joint_Ventures,GMG-REPO-MGMT-RESTRICTED-EXT,inherit from parent,YES,CEO / Corporate Secretary / Entity Management
GMG_Enterprise_Repository/01_Enterprise_Governance_and_Strategy/90_External_or_Joint_Ventures/06_Delegations_Authorities_and_Policies,3,PS-MGMT-RESTRICTED,90_External_or_Joint_Ventures,GMG-REPO-MGMT-RESTRICTED-EXT,inherit from parent,YES,CEO / Corporate Secretary / Entity Management
GMG_Enterprise_Repository/01_Enterprise_Governance_and_Strategy/90_External_or_Joint_Ventures/07_KPIs_and_Management_Performance,3,PS-MGMT-RESTRICTED,90_External_or_Joint_Ventures,GMG-REPO-MGMT-RESTRICTED-EXT,inherit from parent,YES,CEO / Corporate Secretary / Entity Management
GMG_Enterprise_Repository/01_Enterprise_Governance_and_Strategy/90_External_or_Joint_Ventures/08_Legal_Entity_Governance,3,PS-MGMT-RESTRICTED,90_External_or_Joint_Ventures,GMG-REPO-MGMT-RESTRICTED-EXT,inherit from parent,YES,CEO / Corporate Secretary / Entity Management
GMG_Enterprise_Repository/01_Enterprise_Governance_and_Strategy/90_External_or_Joint_Ventures/09_Approved_Transformation_Roadmaps,3,PS-MGMT-RESTRICTED,90_External_or_Joint_Ventures,GMG-REPO-MGMT-RESTRICTED-EXT,inherit from parent,YES,CEO / Corporate Secretary / Entity Management
GMG_Enterprise_Repository/01_Enterprise_Governance_and_Strategy/90_External_or_Joint_Ventures/10_Closed_Governance_Records,3,PS-MGMT-RESTRICTED,90_External_or_Joint_Ventures,GMG-REPO-MGMT-RESTRICTED-EXT,inherit from parent,YES,CEO / Corporate Secretary / Entity Management
GMG_Enterprise_Repository/02_GQMS_Controlled_Repository,1,PS-GQMS-DOCUMENTS + PS-GQMS-RECORDS,GROUP,UNRESOLVED,BREAK INHERITANCE — apply explicitly,NO — CANNOT BIND,GQD / QA Documentation / Company QA
GMG_Enterprise_Repository/02_GQMS_Controlled_Repository/00_Group_Shared,2,PS-GQMS-DOCUMENTS + PS-GQMS-RECORDS,00_Group_Shared,UNRESOLVED,inherit from parent,NO — CANNOT BIND,GQD / QA Documentation
GMG_Enterprise_Repository/02_GQMS_Controlled_Repository/00_Group_Shared/00_Governance,3,PS-GQMS-DOCUMENTS + PS-GQMS-RECORDS,00_Group_Shared,UNRESOLVED,inherit from parent,NO — CANNOT BIND,GQD / domain authority
GMG_Enterprise_Repository/02_GQMS_Controlled_Repository/00_Group_Shared/00_Governance/01_Controlled_Documents,4,PS-GQMS-DOCUMENTS,00_Group_Shared,GMG-REPO-GQMS-DOCUMENTS-GRP,BREAK INHERITANCE — apply explicitly,YES,QA Documentation
GMG_Enterprise_Repository/02_GQMS_Controlled_Repository/00_Group_Shared/00_Governance/01_Controlled_Documents/AGR,5,PS-GQMS-DOCUMENTS,00_Group_Shared,GMG-REPO-GQMS-DOCUMENTS-GRP,inherit from parent,YES,QA Documentation
GMG_Enterprise_Repository/02_GQMS_Controlled_Repository/00_Group_Shared/00_Governance/01_Controlled_Documents/AGR/Approved_Pending_Effective,6,PS-GQMS-DOCUMENTS,00_Group_Shared,GMG-REPO-GQMS-DOCUMENTS-GRP,inherit from parent,YES,QA Documentation
GMG_Enterprise_Repository/02_GQMS_Controlled_Repository/00_Group_Shared/00_Governance/01_Controlled_Documents/AGR/Draft,6,PS-GQMS-DOCUMENTS,00_Group_Shared,GMG-REPO-GQMS-DOCUMENTS-GRP,inherit from parent,YES,QA Documentation
GMG_Enterprise_Repository/02_GQMS_Controlled_Repository/00_Group_Shared/00_Governance/01_Controlled_Documents/AGR/Effective,6,PS-GQMS-DOCUMENTS,00_Group_Shared,GMG-REPO-GQMS-DOCUMENTS-GRP,inherit from parent,YES,QA Documentation
GMG_Enterprise_Repository/02_GQMS_Controlled_Repository/00_Group_Shared/00_Governance/01_Controlled_Documents/AGR/In_Review,6,PS-GQMS-DOCUMENTS,00_Group_Shared,GMG-REPO-GQMS-DOCUMENTS-GRP,inherit from parent,YES,QA Documentation
GMG_Enterprise_Repository/02_GQMS_Controlled_Repository/00_Group_Shared/00_Governance/01_Controlled_Documents/AGR/Retired,6,PS-GQMS-DOCUMENTS,00_Group_Shared,GMG-REPO-GQMS-DOCUMENTS-GRP,inherit from parent,YES,QA Documentation
GMG_Enterprise_Repository/02_GQMS_Controlled_Repository/00_Group_Shared/00_Governance/01_Controlled_Documents/AGR/Superseded,6,PS-GQMS-DOCUMENTS,00_Group_Shared,GMG-REPO-GQMS-DOCUMENTS-GRP,inherit from parent,YES,QA Documentation
GMG_Enterprise_Repository/02_GQMS_Controlled_Repository/00_Group_Shared/00_Governance/01_Controlled_Documents/CHK,5,PS-GQMS-DOCUMENTS,00_Group_Shared,GMG-REPO-GQMS-DOCUMENTS-GRP,inherit from parent,YES,QA Documentation
GMG_Enterprise_Repository/02_GQMS_Controlled_Repository/00_Group_Shared/00_Governance/01_Controlled_Documents/CHK/Approved_Pending_Effective,6,PS-GQMS-DOCUMENTS,00_Group_Shared,GMG-REPO-GQMS-DOCUMENTS-GRP,inherit from parent,YES,QA Documentation
GMG_Enterprise_Repository/02_GQMS_Controlled_Repository/00_Group_Shared/00_Governance/01_Controlled_Documents/CHK/Draft,6,PS-GQMS-DOCUMENTS,00_Group_Shared,GMG-REPO-GQMS-DOCUMENTS-GRP,inherit from parent,YES,QA Documentation
GMG_Enterprise_Repository/02_GQMS_Controlled_Repository/00_Group_Shared/00_Governance/01_Controlled_Documents/CHK/Effective,6,PS-GQMS-DOCUMENTS,00_Group_Shared,GMG-REPO-GQMS-DOCUMENTS-GRP,inherit from parent,YES,QA Documentation
GMG_Enterprise_Repository/02_GQMS_Controlled_Repository/00_Group_Shared/00_Governance/01_Controlled_Documents/CHK/In_Review,6,PS-GQMS-DOCUMENTS,00_Group_Shared,GMG-REPO-GQMS-DOCUMENTS-GRP,inherit from parent,YES,QA Documentation
GMG_Enterprise_Repository/02_GQMS_Controlled_Repository/00_Group_Shared/00_Governance/01_Controlled_Documents/CHK/Retired,6,PS-GQMS-DOCUMENTS,00_Group_Shared,GMG-REPO-GQMS-DOCUMENTS-GRP,inherit from parent,YES,QA Documentation
GMG_Enterprise_Repository/02_GQMS_Controlled_Repository/00_Group_Shared/00_Governance/01_Controlled_Documents/CHK/Superseded,6,PS-GQMS-DOCUMENTS,00_Group_Shared,GMG-REPO-GQMS-DOCUMENTS-GRP,inherit from parent,YES,QA Documentation
GMG_Enterprise_Repository/02_GQMS_Controlled_Repository/00_Group_Shared/00_Governance/01_Controlled_Documents/FRM,5,PS-GQMS-DOCUMENTS,00_Group_Shared,GMG-REPO-GQMS-DOCUMENTS-GRP,inherit from parent,YES,QA Documentation
GMG_Enterprise_Repository/02_GQMS_Controlled_Repository/00_Group_Shared/00_Governance/01_Controlled_Documents/FRM/Approved_Pending_Effective,6,PS-GQMS-DOCUMENTS,00_Group_Shared,GMG-REPO-GQMS-DOCUMENTS-GRP,inherit from parent,YES,QA Documentation
GMG_Enterprise_Repository/02_GQMS_Controlled_Repository/00_Group_Shared/00_Governance/01_Controlled_Documents/FRM/Draft,6,PS-GQMS-DOCUMENTS,00_Group_Shared,GMG-REPO-GQMS-DOCUMENTS-GRP,inherit from parent,YES,QA Documentation
GMG_Enterprise_Repository/02_GQMS_Controlled_Repository/00_Group_Shared/00_Governance/01_Controlled_Documents/FRM/Effective,6,PS-GQMS-DOCUMENTS,00_Group_Shared,GMG-REPO-GQMS-DOCUMENTS-GRP,inherit from parent,YES,QA Documentation
GMG_Enterprise_Repository/02_GQMS_Controlled_Repository/00_Group_Shared/00_Governance/01_Controlled_Documents/FRM/In_Review,6,PS-GQMS-DOCUMENTS,00_Group_Shared,GMG-REPO-GQMS-DOCUMENTS-GRP,inherit from parent,YES,QA Documentation
GMG_Enterprise_Repository/02_GQMS_Controlled_Repository/00_Group_Shared/00_Governance/01_Controlled_Documents/FRM/Retired,6,PS-GQMS-DOCUMENTS,00_Group_Shared,GMG-REPO-GQMS-DOCUMENTS-GRP,inherit from parent,YES,QA Documentation
GMG_Enterprise_Repository/02_GQMS_Controlled_Repository/00_Group_Shared/00_Governance/01_Controlled_Documents/FRM/Superseded,6,PS-GQMS-DOCUMENTS,00_Group_Shared,GMG-REPO-GQMS-DOCUMENTS-GRP,inherit from parent,YES,QA Documentation
GMG_Enterprise_Repository/02_GQMS_Controlled_Repository/00_Group_Shared/00_Governance/01_Controlled_Documents/LOG,5,PS-GQMS-DOCUMENTS,00_Group_Shared,GMG-REPO-GQMS-DOCUMENTS-GRP,inherit from parent,YES,QA Documentation
GMG_Enterprise_Repository/02_GQMS_Controlled_Repository/00_Group_Shared/00_Governance/01_Controlled_Documents/LOG/Approved_Pending_Effective,6,PS-GQMS-DOCUMENTS,00_Group_Shared,GMG-REPO-GQMS-DOCUMENTS-GRP,inherit from parent,YES,QA Documentation
GMG_Enterprise_Repository/02_GQMS_Controlled_Repository/00_Group_Shared/00_Governance/01_Controlled_Documents/LOG/Draft,6,PS-GQMS-DOCUMENTS,00_Group_Shared,GMG-REPO-GQMS-DOCUMENTS-GRP,inherit from parent,YES,QA Documentation
GMG_Enterprise_Repository/02_GQMS_Controlled_Repository/00_Group_Shared/00_Governance/01_Controlled_Documents/LOG/Effective,6,PS-GQMS-DOCUMENTS,00_Group_Shared,GMG-REPO-GQMS-DOCUMENTS-GRP,inherit from parent,YES,QA Documentation
GMG_Enterprise_Repository/02_GQMS_Controlled_Repository/00_Group_Shared/00_Governance/01_Controlled_Documents/LOG/In_Review,6,PS-GQMS-DOCUMENTS,00_Group_Shared,GMG-REPO-GQMS-DOCUMENTS-GRP,inherit from parent,YES,QA Documentation
GMG_Enterprise_Repository/02_GQMS_Controlled_Repository/00_Group_Shared/00_Governance/01_Controlled_Documents/LOG/Retired,6,PS-GQMS-DOCUMENTS,00_Group_Shared,GMG-REPO-GQMS-DOCUMENTS-GRP,inherit from parent,YES,QA Documentation
GMG_Enterprise_Repository/02_GQMS_Controlled_Repository/00_Group_Shared/00_Governance/01_Controlled_Documents/LOG/Superseded,6,PS-GQMS-DOCUMENTS,00_Group_Shared,GMG-REPO-GQMS-DOCUMENTS-GRP,inherit from parent,YES,QA Documentation
GMG_Enterprise_Repository/02_GQMS_Controlled_Repository/00_Group_Shared/00_Governance/01_Controlled_Documents/MAN,5,PS-GQMS-DOCUMENTS,00_Group_Shared,GMG-REPO-GQMS-DOCUMENTS-GRP,inherit from parent,YES,QA Documentation
GMG_Enterprise_Repository/02_GQMS_Controlled_Repository/00_Group_Shared/00_Governance/01_Controlled_Documents/MAN/Approved_Pending_Effective,6,PS-GQMS-DOCUMENTS,00_Group_Shared,GMG-REPO-GQMS-DOCUMENTS-GRP,inherit from parent,YES,QA Documentation
GMG_Enterprise_Repository/02_GQMS_Controlled_Repository/00_Group_Shared/00_Governance/01_Controlled_Documents/MAN/Draft,6,PS-GQMS-DOCUMENTS,00_Group_Shared,GMG-REPO-GQMS-DOCUMENTS-GRP,inherit from parent,YES,QA Documentation
GMG_Enterprise_Repository/02_GQMS_Controlled_Repository/00_Group_Shared/00_Governance/01_Controlled_Documents/MAN/Effective,6,PS-GQMS-DOCUMENTS,00_Group_Shared,GMG-REPO-GQMS-DOCUMENTS-GRP,inherit from parent,YES,QA Documentation
GMG_Enterprise_Repository/02_GQMS_Controlled_Repository/00_Group_Shared/00_Governance/01_Controlled_Documents/MAN/In_Review,6,PS-GQMS-DOCUMENTS,00_Group_Shared,GMG-REPO-GQMS-DOCUMENTS-GRP,inherit from parent,YES,QA Documentation
GMG_Enterprise_Repository/02_GQMS_Controlled_Repository/00_Group_Shared/00_Governance/01_Controlled_Documents/MAN/Retired,6,PS-GQMS-DOCUMENTS,00_Group_Shared,GMG-REPO-GQMS-DOCUMENTS-GRP,inherit from parent,YES,QA Documentation
GMG_Enterprise_Repository/02_GQMS_Controlled_Repository/00_Group_Shared/00_Governance/01_Controlled_Documents/MAN/Superseded,6,PS-GQMS-DOCUMENTS,00_Group_Shared,GMG-REPO-GQMS-DOCUMENTS-GRP,inherit from parent,YES,QA Documentation
GMG_Enterprise_Repository/02_GQMS_Controlled_Repository/00_Group_Shared/00_Governance/01_Controlled_Documents/MTX,5,PS-GQMS-DOCUMENTS,00_Group_Shared,GMG-REPO-GQMS-DOCUMENTS-GRP,inherit from parent,YES,QA Documentation
GMG_Enterprise_Repository/02_GQMS_Controlled_Repository/00_Group_Shared/00_Governance/01_Controlled_Documents/MTX/Approved_Pending_Effective,6,PS-GQMS-DOCUMENTS,00_Group_Shared,GMG-REPO-GQMS-DOCUMENTS-GRP,inherit from parent,YES,QA Documentation
GMG_Enterprise_Repository/02_GQMS_Controlled_Repository/00_Group_Shared/00_Governance/01_Controlled_Documents/MTX/Draft,6,PS-GQMS-DOCUMENTS,00_Group_Shared,GMG-REPO-GQMS-DOCUMENTS-GRP,inherit from parent,YES,QA Documentation
GMG_Enterprise_Repository/02_GQMS_Controlled_Repository/00_Group_Shared/00_Governance/01_Controlled_Documents/MTX/Effective,6,PS-GQMS-DOCUMENTS,00_Group_Shared,GMG-REPO-GQMS-DOCUMENTS-GRP,inherit from parent,YES,QA Documentation
GMG_Enterprise_Repository/02_GQMS_Controlled_Repository/00_Group_Shared/00_Governance/01_Controlled_Documents/MTX/In_Review,6,PS-GQMS-DOCUMENTS,00_Group_Shared,GMG-REPO-GQMS-DOCUMENTS-GRP,inherit from parent,YES,QA Documentation
GMG_Enterprise_Repository/02_GQMS_Controlled_Repository/00_Group_Shared/00_Governance/01_Controlled_Documents/MTX/Retired,6,PS-GQMS-DOCUMENTS,00_Group_Shared,GMG-REPO-GQMS-DOCUMENTS-GRP,inherit from parent,YES,QA Documentation
GMG_Enterprise_Repository/02_GQMS_Controlled_Repository/00_Group_Shared/00_Governance/01_Controlled_Documents/MTX/Superseded,6,PS-GQMS-DOCUMENTS,00_Group_Shared,GMG-REPO-GQMS-DOCUMENTS-GRP,inherit from parent,YES,QA Documentation
GMG_Enterprise_Repository/02_GQMS_Controlled_Repository/00_Group_Shared/00_Governance/01_Controlled_Documents/PLN,5,PS-GQMS-DOCUMENTS,00_Group_Shared,GMG-REPO-GQMS-DOCUMENTS-GRP,inherit from parent,YES,QA Documentation
GMG_Enterprise_Repository/02_GQMS_Controlled_Repository/00_Group_Shared/00_Governance/01_Controlled_Documents/PLN/Approved_Pending_Effective,6,PS-GQMS-DOCUMENTS,00_Group_Shared,GMG-REPO-GQMS-DOCUMENTS-GRP,inherit from parent,YES,QA Documentation
GMG_Enterprise_Repository/02_GQMS_Controlled_Repository/00_Group_Shared/00_Governance/01_Controlled_Documents/PLN/Draft,6,PS-GQMS-DOCUMENTS,00_Group_Shared,GMG-REPO-GQMS-DOCUMENTS-GRP,inherit from parent,YES,QA Documentation
GMG_Enterprise_Repository/02_GQMS_Controlled_Repository/00_Group_Shared/00_Governance/01_Controlled_Documents/PLN/Effective,6,PS-GQMS-DOCUMENTS,00_Group_Shared,GMG-REPO-GQMS-DOCUMENTS-GRP,inherit from parent,YES,QA Documentation
GMG_Enterprise_Repository/02_GQMS_Controlled_Repository/00_Group_Shared/00_Governance/01_Controlled_Documents/PLN/In_Review,6,PS-GQMS-DOCUMENTS,00_Group_Shared,GMG-REPO-GQMS-DOCUMENTS-GRP,inherit from parent,YES,QA Documentation
GMG_Enterprise_Repository/02_GQMS_Controlled_Repository/00_Group_Shared/00_Governance/01_Controlled_Documents/PLN/Retired,6,PS-GQMS-DOCUMENTS,00_Group_Shared,GMG-REPO-GQMS-DOCUMENTS-GRP,inherit from parent,YES,QA Documentation
GMG_Enterprise_Repository/02_GQMS_Controlled_Repository/00_Group_Shared/00_Governance/01_Controlled_Documents/PLN/Superseded,6,PS-GQMS-DOCUMENTS,00_Group_Shared,GMG-REPO-GQMS-DOCUMENTS-GRP,inherit from parent,YES,QA Documentation
GMG_Enterprise_Repository/02_GQMS_Controlled_Repository/00_Group_Shared/00_Governance/01_Controlled_Documents/POL,5,PS-GQMS-DOCUMENTS,00_Group_Shared,GMG-REPO-GQMS-DOCUMENTS-GRP,inherit from parent,YES,QA Documentation
GMG_Enterprise_Repository/02_GQMS_Controlled_Repository/00_Group_Shared/00_Governance/01_Controlled_Documents/POL/Approved_Pending_Effective,6,PS-GQMS-DOCUMENTS,00_Group_Shared,GMG-REPO-GQMS-DOCUMENTS-GRP,inherit from parent,YES,QA Documentation
GMG_Enterprise_Repository/02_GQMS_Controlled_Repository/00_Group_Shared/00_Governance/01_Controlled_Documents/POL/Draft,6,PS-GQMS-DOCUMENTS,00_Group_Shared,GMG-REPO-GQMS-DOCUMENTS-GRP,inherit from parent,YES,QA Documentation
GMG_Enterprise_Repository/02_GQMS_Controlled_Repository/00_Group_Shared/00_Governance/01_Controlled_Documents/POL/Effective,6,PS-GQMS-DOCUMENTS,00_Group_Shared,GMG-REPO-GQMS-DOCUMENTS-GRP,inherit from parent,YES,QA Documentation
GMG_Enterprise_Repository/02_GQMS_Controlled_Repository/00_Group_Shared/00_Governance/01_Controlled_Documents/POL/In_Review,6,PS-GQMS-DOCUMENTS,00_Group_Shared,GMG-REPO-GQMS-DOCUMENTS-GRP,inherit from parent,YES,QA Documentation
GMG_Enterprise_Repository/02_GQMS_Controlled_Repository/00_Group_Shared/00_Governance/01_Controlled_Documents/POL/Retired,6,PS-GQMS-DOCUMENTS,00_Group_Shared,GMG-REPO-GQMS-DOCUMENTS-GRP,inherit from parent,YES,QA Documentation
GMG_Enterprise_Repository/02_GQMS_Controlled_Repository/00_Group_Shared/00_Governance/01_Controlled_Documents/POL/Superseded,6,PS-GQMS-DOCUMENTS,00_Group_Shared,GMG-REPO-GQMS-DOCUMENTS-GRP,inherit from parent,YES,QA Documentation
GMG_Enterprise_Repository/02_GQMS_Controlled_Repository/00_Group_Shared/00_Governance/01_Controlled_Documents/SOP,5,PS-GQMS-DOCUMENTS,00_Group_Shared,GMG-REPO-GQMS-DOCUMENTS-GRP,inherit from parent,YES,QA Documentation
GMG_Enterprise_Repository/02_GQMS_Controlled_Repository/00_Group_Shared/00_Governance/01_Controlled_Documents/SOP/Approved_Pending_Effective,6,PS-GQMS-DOCUMENTS,00_Group_Shared,GMG-REPO-GQMS-DOCUMENTS-GRP,inherit from parent,YES,QA Documentation
GMG_Enterprise_Repository/02_GQMS_Controlled_Repository/00_Group_Shared/00_Governance/01_Controlled_Documents/SOP/Draft,6,PS-GQMS-DOCUMENTS,00_Group_Shared,GMG-REPO-GQMS-DOCUMENTS-GRP,inherit from parent,YES,QA Documentation
GMG_Enterprise_Repository/02_GQMS_Controlled_Repository/00_Group_Shared/00_Governance/01_Controlled_Documents/SOP/Effective,6,PS-GQMS-DOCUMENTS,00_Group_Shared,GMG-REPO-GQMS-DOCUMENTS-GRP,inherit from parent,YES,QA Documentation
GMG_Enterprise_Repository/02_GQMS_Controlled_Repository/00_Group_Shared/00_Governance/01_Controlled_Documents/SOP/In_Review,6,PS-GQMS-DOCUMENTS,00_Group_Shared,GMG-REPO-GQMS-DOCUMENTS-GRP,inherit from parent,YES,QA Documentation
GMG_Enterprise_Repository/02_GQMS_Controlled_Repository/00_Group_Shared/00_Governance/01_Controlled_Documents/SOP/Retired,6,PS-GQMS-DOCUMENTS,00_Group_Shared,GMG-REPO-GQMS-DOCUMENTS-GRP,inherit from parent,YES,QA Documentation
GMG_Enterprise_Repository/02_GQMS_Controlled_Repository/00_Group_Shared/00_Governance/01_Controlled_Documents/SOP/Superseded,6,PS-GQMS-DOCUMENTS,00_Group_Shared,GMG-REPO-GQMS-DOCUMENTS-GRP,inherit from parent,YES,QA Documentation
GMG_Enterprise_Repository/02_GQMS_Controlled_Repository/00_Group_Shared/00_Governance/01_Controlled_Documents/TPL,5,PS-GQMS-DOCUMENTS,00_Group_Shared,GMG-REPO-GQMS-DOCUMENTS-GRP,inherit from parent,YES,QA Documentation
GMG_Enterprise_Repository/02_GQMS_Controlled_Repository/00_Group_Shared/00_Governance/01_Controlled_Documents/TPL/Approved_Pending_Effective,6,PS-GQMS-DOCUMENTS,00_Group_Shared,GMG-REPO-GQMS-DOCUMENTS-GRP,inherit from parent,YES,QA Documentation
GMG_Enterprise_Repository/02_GQMS_Controlled_Repository/00_Group_Shared/00_Governance/01_Controlled_Documents/TPL/Draft,6,PS-GQMS-DOCUMENTS,00_Group_Shared,GMG-REPO-GQMS-DOCUMENTS-GRP,inherit from parent,YES,QA Documentation
GMG_Enterprise_Repository/02_GQMS_Controlled_Repository/00_Group_Shared/00_Governance/01_Controlled_Documents/TPL/Effective,6,PS-GQMS-DOCUMENTS,00_Group_Shared,GMG-REPO-GQMS-DOCUMENTS-GRP,inherit from parent,YES,QA Documentation
GMG_Enterprise_Repository/02_GQMS_Controlled_Repository/00_Group_Shared/00_Governance/01_Controlled_Documents/TPL/In_Review,6,PS-GQMS-DOCUMENTS,00_Group_Shared,GMG-REPO-GQMS-DOCUMENTS-GRP,inherit from parent,YES,QA Documentation
GMG_Enterprise_Repository/02_GQMS_Controlled_Repository/00_Group_Shared/00_Governance/01_Controlled_Documents/TPL/Retired,6,PS-GQMS-DOCUMENTS,00_Group_Shared,GMG-REPO-GQMS-DOCUMENTS-GRP,inherit from parent,YES,QA Documentation
GMG_Enterprise_Repository/02_GQMS_Controlled_Repository/00_Group_Shared/00_Governance/01_Controlled_Documents/TPL/Superseded,6,PS-GQMS-DOCUMENTS,00_Group_Shared,GMG-REPO-GQMS-DOCUMENTS-GRP,inherit from parent,YES,QA Documentation
GMG_Enterprise_Repository/02_GQMS_Controlled_Repository/00_Group_Shared/00_Governance/01_Controlled_Documents/WIN,5,PS-GQMS-DOCUMENTS,00_Group_Shared,GMG-REPO-GQMS-DOCUMENTS-GRP,inherit from parent,YES,QA Documentation
GMG_Enterprise_Repository/02_GQMS_Controlled_Repository/00_Group_Shared/00_Governance/01_Controlled_Documents/WIN/Approved_Pending_Effective,6,PS-GQMS-DOCUMENTS,00_Group_Shared,GMG-REPO-GQMS-DOCUMENTS-GRP,inherit from parent,YES,QA Documentation
GMG_Enterprise_Repository/02_GQMS_Controlled_Repository/00_Group_Shared/00_Governance/01_Controlled_Documents/WIN/Draft,6,PS-GQMS-DOCUMENTS,00_Group_Shared,GMG-REPO-GQMS-DOCUMENTS-GRP,inherit from parent,YES,QA Documentation
GMG_Enterprise_Repository/02_GQMS_Controlled_Repository/00_Group_Shared/00_Governance/01_Controlled_Documents/WIN/Effective,6,PS-GQMS-DOCUMENTS,00_Group_Shared,GMG-REPO-GQMS-DOCUMENTS-GRP,inherit from parent,YES,QA Documentation
GMG_Enterprise_Repository/02_GQMS_Controlled_Repository/00_Group_Shared/00_Governance/01_Controlled_Documents/WIN/In_Review,6,PS-GQMS-DOCUMENTS,00_Group_Shared,GMG-REPO-GQMS-DOCUMENTS-GRP,inherit from parent,YES,QA Documentation
GMG_Enterprise_Repository/02_GQMS_Controlled_Repository/00_Group_Shared/00_Governance/01_Controlled_Documents/WIN/Retired,6,PS-GQMS-DOCUMENTS,00_Group_Shared,GMG-REPO-GQMS-DOCUMENTS-GRP,inherit from parent,YES,QA Documentation
GMG_Enterprise_Repository/02_GQMS_Controlled_Repository/00_Group_Shared/00_Governance/01_Controlled_Documents/WIN/Superseded,6,PS-GQMS-DOCUMENTS,00_Group_Shared,GMG-REPO-GQMS-DOCUMENTS-GRP,inherit from parent,YES,QA Documentation
GMG_Enterprise_Repository/02_GQMS_Controlled_Repository/00_Group_Shared/00_Governance/02_Quality_Records,4,PS-GQMS-RECORDS,00_Group_Shared,GMG-REPO-GQMS-RECORDS-GRP,BREAK INHERITANCE — apply explicitly,YES,Company QA / Process Owner
GMG_Enterprise_Repository/02_GQMS_Controlled_Repository/00_Group_Shared/00_Governance/02_Quality_Records/01_Audits_and_Assessments,5,PS-GQMS-RECORDS,00_Group_Shared,GMG-REPO-GQMS-RECORDS-GRP,inherit from parent,YES,GQD / QA Documentation
GMG_Enterprise_Repository/02_GQMS_Controlled_Repository/00_Group_Shared/00_Governance/02_Quality_Records/02_Implementation_and_Validation,5,PS-GQMS-RECORDS,00_Group_Shared,GMG-REPO-GQMS-RECORDS-GRP,inherit from parent,YES,GQD / QA Documentation
GMG_Enterprise_Repository/02_GQMS_Controlled_Repository/00_Group_Shared/00_Governance/02_Quality_Records/03_Training_Evidence,5,PS-GQMS-RECORDS,00_Group_Shared,GMG-REPO-GQMS-RECORDS-GRP,inherit from parent,YES,GQD / QA Documentation
GMG_Enterprise_Repository/02_GQMS_Controlled_Repository/00_Group_Shared/00_Governance/02_Quality_Records/04_Approval_and_Decision_Records,5,PS-GQMS-RECORDS,00_Group_Shared,GMG-REPO-GQMS-RECORDS-GRP,inherit from parent,YES,GQD / QA Documentation
GMG_Enterprise_Repository/02_GQMS_Controlled_Repository/00_Group_Shared/00_Governance/02_Quality_Records/05_Risk_and_Compliance_Records,5,PS-GQMS-RECORDS,00_Group_Shared,GMG-REPO-GQMS-RECORDS-GRP,inherit from parent,YES,GQD / QA Documentation
GMG_Enterprise_Repository/02_GQMS_Controlled_Repository/00_Group_Shared/00_Governance/02_Quality_Records/06_Repository_Control_Records,5,PS-GQMS-RECORDS,00_Group_Shared,GMG-REPO-GQMS-RECORDS-GRP,inherit from parent,YES,GQD / QA Documentation
GMG_Enterprise_Repository/02_GQMS_Controlled_Repository/00_Group_Shared/00_Governance/02_Quality_Records/07_Exception_and_Deviation_Records,5,PS-GQMS-RECORDS,00_Group_Shared,GMG-REPO-GQMS-RECORDS-GRP,inherit from parent,YES,GQD / QA Documentation
GMG_Enterprise_Repository/02_GQMS_Controlled_Repository/00_Group_Shared/01_QMS,3,PS-GQMS-DOCUMENTS + PS-GQMS-RECORDS,00_Group_Shared,UNRESOLVED,inherit from parent,NO — CANNOT BIND,GQD / domain authority
GMG_Enterprise_Repository/02_GQMS_Controlled_Repository/00_Group_Shared/01_QMS/01_Controlled_Documents,4,PS-GQMS-DOCUMENTS,00_Group_Shared,GMG-REPO-GQMS-DOCUMENTS-GRP,BREAK INHERITANCE — apply explicitly,YES,QA Documentation
GMG_Enterprise_Repository/02_GQMS_Controlled_Repository/00_Group_Shared/01_QMS/01_Controlled_Documents/AGR,5,PS-GQMS-DOCUMENTS,00_Group_Shared,GMG-REPO-GQMS-DOCUMENTS-GRP,inherit from parent,YES,QA Documentation
GMG_Enterprise_Repository/02_GQMS_Controlled_Repository/00_Group_Shared/01_QMS/01_Controlled_Documents/AGR/Approved_Pending_Effective,6,PS-GQMS-DOCUMENTS,00_Group_Shared,GMG-REPO-GQMS-DOCUMENTS-GRP,inherit from parent,YES,QA Documentation
GMG_Enterprise_Repository/02_GQMS_Controlled_Repository/00_Group_Shared/01_QMS/01_Controlled_Documents/AGR/Draft,6,PS-GQMS-DOCUMENTS,00_Group_Shared,GMG-REPO-GQMS-DOCUMENTS-GRP,inherit from parent,YES,QA Documentation
GMG_Enterprise_Repository/02_GQMS_Controlled_Repository/00_Group_Shared/01_QMS/01_Controlled_Documents/AGR/Effective,6,PS-GQMS-DOCUMENTS,00_Group_Shared,GMG-REPO-GQMS-DOCUMENTS-GRP,inherit from parent,YES,QA Documentation
GMG_Enterprise_Repository/02_GQMS_Controlled_Repository/00_Group_Shared/01_QMS/01_Controlled_Documents/AGR/In_Review,6,PS-GQMS-DOCUMENTS,00_Group_Shared,GMG-REPO-GQMS-DOCUMENTS-GRP,inherit from parent,YES,QA Documentation
GMG_Enterprise_Repository/02_GQMS_Controlled_Repository/00_Group_Shared/01_QMS/01_Controlled_Documents/AGR/Retired,6,PS-GQMS-DOCUMENTS,00_Group_Shared,GMG-REPO-GQMS-DOCUMENTS-GRP,inherit from parent,YES,QA Documentation
GMG_Enterprise_Repository/02_GQMS_Controlled_Repository/00_Group_Shared/01_QMS/01_Controlled_Documents/AGR/Superseded,6,PS-GQMS-DOCUMENTS,00_Group_Shared,GMG-REPO-GQMS-DOCUMENTS-GRP,inherit from parent,YES,QA Documentation
GMG_Enterprise_Repository/02_GQMS_Controlled_Repository/00_Group_Shared/01_QMS/01_Controlled_Documents/CHK,5,PS-GQMS-DOCUMENTS,00_Group_Shared,GMG-REPO-GQMS-DOCUMENTS-GRP,inherit from parent,YES,QA Documentation
GMG_Enterprise_Repository/02_GQMS_Controlled_Repository/00_Group_Shared/01_QMS/01_Controlled_Documents/CHK/Approved_Pending_Effective,6,PS-GQMS-DOCUMENTS,00_Group_Shared,GMG-REPO-GQMS-DOCUMENTS-GRP,inherit from parent,YES,QA Documentation
GMG_Enterprise_Repository/02_GQMS_Controlled_Repository/00_Group_Shared/01_QMS/01_Controlled_Documents/CHK/Draft,6,PS-GQMS-DOCUMENTS,00_Group_Shared,GMG-REPO-GQMS-DOCUMENTS-GRP,inherit from parent,YES,QA Documentation
GMG_Enterprise_Repository/02_GQMS_Controlled_Repository/00_Group_Shared/01_QMS/01_Controlled_Documents/CHK/Effective,6,PS-GQMS-DOCUMENTS,00_Group_Shared,GMG-REPO-GQMS-DOCUMENTS-GRP,inherit from parent,YES,QA Documentation
GMG_Enterprise_Repository/02_GQMS_Controlled_Repository/00_Group_Shared/01_QMS/01_Controlled_Documents/CHK/In_Review,6,PS-GQMS-DOCUMENTS,00_Group_Shared,GMG-REPO-GQMS-DOCUMENTS-GRP,inherit from parent,YES,QA Documentation
GMG_Enterprise_Repository/02_GQMS_Controlled_Repository/00_Group_Shared/01_QMS/01_Controlled_Documents/CHK/Retired,6,PS-GQMS-DOCUMENTS,00_Group_Shared,GMG-REPO-GQMS-DOCUMENTS-GRP,inherit from parent,YES,QA Documentation
GMG_Enterprise_Repository/02_GQMS_Controlled_Repository/00_Group_Shared/01_QMS/01_Controlled_Documents/CHK/Superseded,6,PS-GQMS-DOCUMENTS,00_Group_Shared,GMG-REPO-GQMS-DOCUMENTS-GRP,inherit from parent,YES,QA Documentation
GMG_Enterprise_Repository/02_GQMS_Controlled_Repository/00_Group_Shared/01_QMS/01_Controlled_Documents/FRM,5,PS-GQMS-DOCUMENTS,00_Group_Shared,GMG-REPO-GQMS-DOCUMENTS-GRP,inherit from parent,YES,QA Documentation
GMG_Enterprise_Repository/02_GQMS_Controlled_Repository/00_Group_Shared/01_QMS/01_Controlled_Documents/FRM/Approved_Pending_Effective,6,PS-GQMS-DOCUMENTS,00_Group_Shared,GMG-REPO-GQMS-DOCUMENTS-GRP,inherit from parent,YES,QA Documentation
GMG_Enterprise_Repository/02_GQMS_Controlled_Repository/00_Group_Shared/01_QMS/01_Controlled_Documents/FRM/Draft,6,PS-GQMS-DOCUMENTS,00_Group_Shared,GMG-REPO-GQMS-DOCUMENTS-GRP,inherit from parent,YES,QA Documentation
GMG_Enterprise_Repository/02_GQMS_Controlled_Repository/00_Group_Shared/01_QMS/01_Controlled_Documents/FRM/Effective,6,PS-GQMS-DOCUMENTS,00_Group_Shared,GMG-REPO-GQMS-DOCUMENTS-GRP,inherit from parent,YES,QA Documentation
GMG_Enterprise_Repository/02_GQMS_Controlled_Repository/00_Group_Shared/01_QMS/01_Controlled_Documents/FRM/In_Review,6,PS-GQMS-DOCUMENTS,00_Group_Shared,GMG-REPO-GQMS-DOCUMENTS-GRP,inherit from parent,YES,QA Documentation
GMG_Enterprise_Repository/02_GQMS_Controlled_Repository/00_Group_Shared/01_QMS/01_Controlled_Documents/FRM/Retired,6,PS-GQMS-DOCUMENTS,00_Group_Shared,GMG-REPO-GQMS-DOCUMENTS-GRP,inherit from parent,YES,QA Documentation
GMG_Enterprise_Repository/02_GQMS_Controlled_Repository/00_Group_Shared/01_QMS/01_Controlled_Documents/FRM/Superseded,6,PS-GQMS-DOCUMENTS,00_Group_Shared,GMG-REPO-GQMS-DOCUMENTS-GRP,inherit from parent,YES,QA Documentation
GMG_Enterprise_Repository/02_GQMS_Controlled_Repository/00_Group_Shared/01_QMS/01_Controlled_Documents/LOG,5,PS-GQMS-DOCUMENTS,00_Group_Shared,GMG-REPO-GQMS-DOCUMENTS-GRP,inherit from parent,YES,QA Documentation
GMG_Enterprise_Repository/02_GQMS_Controlled_Repository/00_Group_Shared/01_QMS/01_Controlled_Documents/LOG/Approved_Pending_Effective,6,PS-GQMS-DOCUMENTS,00_Group_Shared,GMG-REPO-GQMS-DOCUMENTS-GRP,inherit from parent,YES,QA Documentation
GMG_Enterprise_Repository/02_GQMS_Controlled_Repository/00_Group_Shared/01_QMS/01_Controlled_Documents/LOG/Draft,6,PS-GQMS-DOCUMENTS,00_Group_Shared,GMG-REPO-GQMS-DOCUMENTS-GRP,inherit from parent,YES,QA Documentation
GMG_Enterprise_Repository/02_GQMS_Controlled_Repository/00_Group_Shared/01_QMS/01_Controlled_Documents/LOG/Effective,6,PS-GQMS-DOCUMENTS,00_Group_Shared,GMG-REPO-GQMS-DOCUMENTS-GRP,inherit from parent,YES,QA Documentation
GMG_Enterprise_Repository/02_GQMS_Controlled_Repository/00_Group_Shared/01_QMS/01_Controlled_Documents/LOG/In_Review,6,PS-GQMS-DOCUMENTS,00_Group_Shared,GMG-REPO-GQMS-DOCUMENTS-GRP,inherit from parent,YES,QA Documentation
GMG_Enterprise_Repository/02_GQMS_Controlled_Repository/00_Group_Shared/01_QMS/01_Controlled_Documents/LOG/Retired,6,PS-GQMS-DOCUMENTS,00_Group_Shared,GMG-REPO-GQMS-DOCUMENTS-GRP,inherit from parent,YES,QA Documentation
GMG_Enterprise_Repository/02_GQMS_Controlled_Repository/00_Group_Shared/01_QMS/01_Controlled_Documents/LOG/Superseded,6,PS-GQMS-DOCUMENTS,00_Group_Shared,GMG-REPO-GQMS-DOCUMENTS-GRP,inherit from parent,YES,QA Documentation
GMG_Enterprise_Repository/02_GQMS_Controlled_Repository/00_Group_Shared/01_QMS/01_Controlled_Documents/MTX,5,PS-GQMS-DOCUMENTS,00_Group_Shared,GMG-REPO-GQMS-DOCUMENTS-GRP,inherit from parent,YES,QA Documentation
GMG_Enterprise_Repository/02_GQMS_Controlled_Repository/00_Group_Shared/01_QMS/01_Controlled_Documents/MTX/Approved_Pending_Effective,6,PS-GQMS-DOCUMENTS,00_Group_Shared,GMG-REPO-GQMS-DOCUMENTS-GRP,inherit from parent,YES,QA Documentation
GMG_Enterprise_Repository/02_GQMS_Controlled_Repository/00_Group_Shared/01_QMS/01_Controlled_Documents/MTX/Draft,6,PS-GQMS-DOCUMENTS,00_Group_Shared,GMG-REPO-GQMS-DOCUMENTS-GRP,inherit from parent,YES,QA Documentation
GMG_Enterprise_Repository/02_GQMS_Controlled_Repository/00_Group_Shared/01_QMS/01_Controlled_Documents/MTX/Effective,6,PS-GQMS-DOCUMENTS,00_Group_Shared,GMG-REPO-GQMS-DOCUMENTS-GRP,inherit from parent,YES,QA Documentation
GMG_Enterprise_Repository/02_GQMS_Controlled_Repository/00_Group_Shared/01_QMS/01_Controlled_Documents/MTX/In_Review,6,PS-GQMS-DOCUMENTS,00_Group_Shared,GMG-REPO-GQMS-DOCUMENTS-GRP,inherit from parent,YES,QA Documentation
GMG_Enterprise_Repository/02_GQMS_Controlled_Repository/00_Group_Shared/01_QMS/01_Controlled_Documents/MTX/Retired,6,PS-GQMS-DOCUMENTS,00_Group_Shared,GMG-REPO-GQMS-DOCUMENTS-GRP,inherit from parent,YES,QA Documentation
GMG_Enterprise_Repository/02_GQMS_Controlled_Repository/00_Group_Shared/01_QMS/01_Controlled_Documents/MTX/Superseded,6,PS-GQMS-DOCUMENTS,00_Group_Shared,GMG-REPO-GQMS-DOCUMENTS-GRP,inherit from parent,YES,QA Documentation
GMG_Enterprise_Repository/02_GQMS_Controlled_Repository/00_Group_Shared/01_QMS/01_Controlled_Documents/PLN,5,PS-GQMS-DOCUMENTS,00_Group_Shared,GMG-REPO-GQMS-DOCUMENTS-GRP,inherit from parent,YES,QA Documentation
GMG_Enterprise_Repository/02_GQMS_Controlled_Repository/00_Group_Shared/01_QMS/01_Controlled_Documents/PLN/Approved_Pending_Effective,6,PS-GQMS-DOCUMENTS,00_Group_Shared,GMG-REPO-GQMS-DOCUMENTS-GRP,inherit from parent,YES,QA Documentation
GMG_Enterprise_Repository/02_GQMS_Controlled_Repository/00_Group_Shared/01_QMS/01_Controlled_Documents/PLN/Draft,6,PS-GQMS-DOCUMENTS,00_Group_Shared,GMG-REPO-GQMS-DOCUMENTS-GRP,inherit from parent,YES,QA Documentation
GMG_Enterprise_Repository/02_GQMS_Controlled_Repository/00_Group_Shared/01_QMS/01_Controlled_Documents/PLN/Effective,6,PS-GQMS-DOCUMENTS,00_Group_Shared,GMG-REPO-GQMS-DOCUMENTS-GRP,inherit from parent,YES,QA Documentation
GMG_Enterprise_Repository/02_GQMS_Controlled_Repository/00_Group_Shared/01_QMS/01_Controlled_Documents/PLN/In_Review,6,PS-GQMS-DOCUMENTS,00_Group_Shared,GMG-REPO-GQMS-DOCUMENTS-GRP,inherit from parent,YES,QA Documentation
GMG_Enterprise_Repository/02_GQMS_Controlled_Repository/00_Group_Shared/01_QMS/01_Controlled_Documents/PLN/Retired,6,PS-GQMS-DOCUMENTS,00_Group_Shared,GMG-REPO-GQMS-DOCUMENTS-GRP,inherit from parent,YES,QA Documentation
GMG_Enterprise_Repository/02_GQMS_Controlled_Repository/00_Group_Shared/01_QMS/01_Controlled_Documents/PLN/Superseded,6,PS-GQMS-DOCUMENTS,00_Group_Shared,GMG-REPO-GQMS-DOCUMENTS-GRP,inherit from parent,YES,QA Documentation
GMG_Enterprise_Repository/02_GQMS_Controlled_Repository/00_Group_Shared/01_QMS/01_Controlled_Documents/RSK,5,PS-GQMS-DOCUMENTS,00_Group_Shared,GMG-REPO-GQMS-DOCUMENTS-GRP,inherit from parent,YES,QA Documentation
GMG_Enterprise_Repository/02_GQMS_Controlled_Repository/00_Group_Shared/01_QMS/01_Controlled_Documents/RSK/Approved_Pending_Effective,6,PS-GQMS-DOCUMENTS,00_Group_Shared,GMG-REPO-GQMS-DOCUMENTS-GRP,inherit from parent,YES,QA Documentation
GMG_Enterprise_Repository/02_GQMS_Controlled_Repository/00_Group_Shared/01_QMS/01_Controlled_Documents/RSK/Draft,6,PS-GQMS-DOCUMENTS,00_Group_Shared,GMG-REPO-GQMS-DOCUMENTS-GRP,inherit from parent,YES,QA Documentation
GMG_Enterprise_Repository/02_GQMS_Controlled_Repository/00_Group_Shared/01_QMS/01_Controlled_Documents/RSK/Effective,6,PS-GQMS-DOCUMENTS,00_Group_Shared,GMG-REPO-GQMS-DOCUMENTS-GRP,inherit from parent,YES,QA Documentation
GMG_Enterprise_Repository/02_GQMS_Controlled_Repository/00_Group_Shared/01_QMS/01_Controlled_Documents/RSK/In_Review,6,PS-GQMS-DOCUMENTS,00_Group_Shared,GMG-REPO-GQMS-DOCUMENTS-GRP,inherit from parent,YES,QA Documentation
GMG_Enterprise_Repository/02_GQMS_Controlled_Repository/00_Group_Shared/01_QMS/01_Controlled_Documents/RSK/Retired,6,PS-GQMS-DOCUMENTS,00_Group_Shared,GMG-REPO-GQMS-DOCUMENTS-GRP,inherit from parent,YES,QA Documentation
GMG_Enterprise_Repository/02_GQMS_Controlled_Repository/00_Group_Shared/01_QMS/01_Controlled_Documents/RSK/Superseded,6,PS-GQMS-DOCUMENTS,00_Group_Shared,GMG-REPO-GQMS-DOCUMENTS-GRP,inherit from parent,YES,QA Documentation
GMG_Enterprise_Repository/02_GQMS_Controlled_Repository/00_Group_Shared/01_QMS/01_Controlled_Documents/SOP,5,PS-GQMS-DOCUMENTS,00_Group_Shared,GMG-REPO-GQMS-DOCUMENTS-GRP,inherit from parent,YES,QA Documentation
GMG_Enterprise_Repository/02_GQMS_Controlled_Repository/00_Group_Shared/01_QMS/01_Controlled_Documents/SOP/Approved_Pending_Effective,6,PS-GQMS-DOCUMENTS,00_Group_Shared,GMG-REPO-GQMS-DOCUMENTS-GRP,inherit from parent,YES,QA Documentation
GMG_Enterprise_Repository/02_GQMS_Controlled_Repository/00_Group_Shared/01_QMS/01_Controlled_Documents/SOP/Draft,6,PS-GQMS-DOCUMENTS,00_Group_Shared,GMG-REPO-GQMS-DOCUMENTS-GRP,inherit from parent,YES,QA Documentation
GMG_Enterprise_Repository/02_GQMS_Controlled_Repository/00_Group_Shared/01_QMS/01_Controlled_Documents/SOP/Effective,6,PS-GQMS-DOCUMENTS,00_Group_Shared,GMG-REPO-GQMS-DOCUMENTS-GRP,inherit from parent,YES,QA Documentation
GMG_Enterprise_Repository/02_GQMS_Controlled_Repository/00_Group_Shared/01_QMS/01_Controlled_Documents/SOP/In_Review,6,PS-GQMS-DOCUMENTS,00_Group_Shared,GMG-REPO-GQMS-DOCUMENTS-GRP,inherit from parent,YES,QA Documentation
GMG_Enterprise_Repository/02_GQMS_Controlled_Repository/00_Group_Shared/01_QMS/01_Controlled_Documents/SOP/Retired,6,PS-GQMS-DOCUMENTS,00_Group_Shared,GMG-REPO-GQMS-DOCUMENTS-GRP,inherit from parent,YES,QA Documentation
GMG_Enterprise_Repository/02_GQMS_Controlled_Repository/00_Group_Shared/01_QMS/01_Controlled_Documents/SOP/Superseded,6,PS-GQMS-DOCUMENTS,00_Group_Shared,GMG-REPO-GQMS-DOCUMENTS-GRP,inherit from parent,YES,QA Documentation
GMG_Enterprise_Repository/02_GQMS_Controlled_Repository/00_Group_Shared/01_QMS/01_Controlled_Documents/STD,5,PS-GQMS-DOCUMENTS,00_Group_Shared,GMG-REPO-GQMS-DOCUMENTS-GRP,inherit from parent,YES,QA Documentation
GMG_Enterprise_Repository/02_GQMS_Controlled_Repository/00_Group_Shared/01_QMS/01_Controlled_Documents/STD/Approved_Pending_Effective,6,PS-GQMS-DOCUMENTS,00_Group_Shared,GMG-REPO-GQMS-DOCUMENTS-GRP,inherit from parent,YES,QA Documentation
GMG_Enterprise_Repository/02_GQMS_Controlled_Repository/00_Group_Shared/01_QMS/01_Controlled_Documents/STD/Draft,6,PS-GQMS-DOCUMENTS,00_Group_Shared,GMG-REPO-GQMS-DOCUMENTS-GRP,inherit from parent,YES,QA Documentation
GMG_Enterprise_Repository/02_GQMS_Controlled_Repository/00_Group_Shared/01_QMS/01_Controlled_Documents/STD/Effective,6,PS-GQMS-DOCUMENTS,00_Group_Shared,GMG-REPO-GQMS-DOCUMENTS-GRP,inherit from parent,YES,QA Documentation
GMG_Enterprise_Repository/02_GQMS_Controlled_Repository/00_Group_Shared/01_QMS/01_Controlled_Documents/STD/In_Review,6,PS-GQMS-DOCUMENTS,00_Group_Shared,GMG-REPO-GQMS-DOCUMENTS-GRP,inherit from parent,YES,QA Documentation
GMG_Enterprise_Repository/02_GQMS_Controlled_Repository/00_Group_Shared/01_QMS/01_Controlled_Documents/STD/Retired,6,PS-GQMS-DOCUMENTS,00_Group_Shared,GMG-REPO-GQMS-DOCUMENTS-GRP,inherit from parent,YES,QA Documentation
GMG_Enterprise_Repository/02_GQMS_Controlled_Repository/00_Group_Shared/01_QMS/01_Controlled_Documents/STD/Superseded,6,PS-GQMS-DOCUMENTS,00_Group_Shared,GMG-REPO-GQMS-DOCUMENTS-GRP,inherit from parent,YES,QA Documentation
GMG_Enterprise_Repository/02_GQMS_Controlled_Repository/00_Group_Shared/01_QMS/01_Controlled_Documents/TPL,5,PS-GQMS-DOCUMENTS,00_Group_Shared,GMG-REPO-GQMS-DOCUMENTS-GRP,inherit from parent,YES,QA Documentation
GMG_Enterprise_Repository/02_GQMS_Controlled_Repository/00_Group_Shared/01_QMS/01_Controlled_Documents/TPL/Approved_Pending_Effective,6,PS-GQMS-DOCUMENTS,00_Group_Shared,GMG-REPO-GQMS-DOCUMENTS-GRP,inherit from parent,YES,QA Documentation
GMG_Enterprise_Repository/02_GQMS_Controlled_Repository/00_Group_Shared/01_QMS/01_Controlled_Documents/TPL/Draft,6,PS-GQMS-DOCUMENTS,00_Group_Shared,GMG-REPO-GQMS-DOCUMENTS-GRP,inherit from parent,YES,QA Documentation
GMG_Enterprise_Repository/02_GQMS_Controlled_Repository/00_Group_Shared/01_QMS/01_Controlled_Documents/TPL/Effective,6,PS-GQMS-DOCUMENTS,00_Group_Shared,GMG-REPO-GQMS-DOCUMENTS-GRP,inherit from parent,YES,QA Documentation
GMG_Enterprise_Repository/02_GQMS_Controlled_Repository/00_Group_Shared/01_QMS/01_Controlled_Documents/TPL/In_Review,6,PS-GQMS-DOCUMENTS,00_Group_Shared,GMG-REPO-GQMS-DOCUMENTS-GRP,inherit from parent,YES,QA Documentation
GMG_Enterprise_Repository/02_GQMS_Controlled_Repository/00_Group_Shared/01_QMS/01_Controlled_Documents/TPL/Retired,6,PS-GQMS-DOCUMENTS,00_Group_Shared,GMG-REPO-GQMS-DOCUMENTS-GRP,inherit from parent,YES,QA Documentation
GMG_Enterprise_Repository/02_GQMS_Controlled_Repository/00_Group_Shared/01_QMS/01_Controlled_Documents/TPL/Superseded,6,PS-GQMS-DOCUMENTS,00_Group_Shared,GMG-REPO-GQMS-DOCUMENTS-GRP,inherit from parent,YES,QA Documentation
GMG_Enterprise_Repository/02_GQMS_Controlled_Repository/00_Group_Shared/01_QMS/01_Controlled_Documents/WIN,5,PS-GQMS-DOCUMENTS,00_Group_Shared,GMG-REPO-GQMS-DOCUMENTS-GRP,inherit from parent,YES,QA Documentation
GMG_Enterprise_Repository/02_GQMS_Controlled_Repository/00_Group_Shared/01_QMS/01_Controlled_Documents/WIN/Approved_Pending_Effective,6,PS-GQMS-DOCUMENTS,00_Group_Shared,GMG-REPO-GQMS-DOCUMENTS-GRP,inherit from parent,YES,QA Documentation
GMG_Enterprise_Repository/02_GQMS_Controlled_Repository/00_Group_Shared/01_QMS/01_Controlled_Documents/WIN/Draft,6,PS-GQMS-DOCUMENTS,00_Group_Shared,GMG-REPO-GQMS-DOCUMENTS-GRP,inherit from parent,YES,QA Documentation
GMG_Enterprise_Repository/02_GQMS_Controlled_Repository/00_Group_Shared/01_QMS/01_Controlled_Documents/WIN/Effective,6,PS-GQMS-DOCUMENTS,00_Group_Shared,GMG-REPO-GQMS-DOCUMENTS-GRP,inherit from parent,YES,QA Documentation
GMG_Enterprise_Repository/02_GQMS_Controlled_Repository/00_Group_Shared/01_QMS/01_Controlled_Documents/WIN/In_Review,6,PS-GQMS-DOCUMENTS,00_Group_Shared,GMG-REPO-GQMS-DOCUMENTS-GRP,inherit from parent,YES,QA Documentation
GMG_Enterprise_Repository/02_GQMS_Controlled_Repository/00_Group_Shared/01_QMS/01_Controlled_Documents/WIN/Retired,6,PS-GQMS-DOCUMENTS,00_Group_Shared,GMG-REPO-GQMS-DOCUMENTS-GRP,inherit from parent,YES,QA Documentation
GMG_Enterprise_Repository/02_GQMS_Controlled_Repository/00_Group_Shared/01_QMS/01_Controlled_Documents/WIN/Superseded,6,PS-GQMS-DOCUMENTS,00_Group_Shared,GMG-REPO-GQMS-DOCUMENTS-GRP,inherit from parent,YES,QA Documentation
GMG_Enterprise_Repository/02_GQMS_Controlled_Repository/00_Group_Shared/01_QMS/02_Quality_Records,4,PS-GQMS-RECORDS,00_Group_Shared,GMG-REPO-GQMS-RECORDS-GRP,BREAK INHERITANCE — apply explicitly,YES,Company QA / Process Owner
GMG_Enterprise_Repository/02_GQMS_Controlled_Repository/00_Group_Shared/02_GMP,3,PS-GQMS-DOCUMENTS + PS-GQMS-RECORDS,00_Group_Shared,UNRESOLVED,inherit from parent,NO — CANNOT BIND,GQD / domain authority
GMG_Enterprise_Repository/02_GQMS_Controlled_Repository/00_Group_Shared/02_GMP/01_Controlled_Documents,4,PS-GQMS-DOCUMENTS,00_Group_Shared,GMG-REPO-GQMS-DOCUMENTS-GRP,BREAK INHERITANCE — apply explicitly,YES,QA Documentation
GMG_Enterprise_Repository/02_GQMS_Controlled_Repository/00_Group_Shared/02_GMP/01_Controlled_Documents/AGR,5,PS-GQMS-DOCUMENTS,00_Group_Shared,GMG-REPO-GQMS-DOCUMENTS-GRP,inherit from parent,YES,QA Documentation
GMG_Enterprise_Repository/02_GQMS_Controlled_Repository/00_Group_Shared/02_GMP/01_Controlled_Documents/AGR/Approved_Pending_Effective,6,PS-GQMS-DOCUMENTS,00_Group_Shared,GMG-REPO-GQMS-DOCUMENTS-GRP,inherit from parent,YES,QA Documentation
GMG_Enterprise_Repository/02_GQMS_Controlled_Repository/00_Group_Shared/02_GMP/01_Controlled_Documents/AGR/Draft,6,PS-GQMS-DOCUMENTS,00_Group_Shared,GMG-REPO-GQMS-DOCUMENTS-GRP,inherit from parent,YES,QA Documentation
GMG_Enterprise_Repository/02_GQMS_Controlled_Repository/00_Group_Shared/02_GMP/01_Controlled_Documents/AGR/Effective,6,PS-GQMS-DOCUMENTS,00_Group_Shared,GMG-REPO-GQMS-DOCUMENTS-GRP,inherit from parent,YES,QA Documentation
GMG_Enterprise_Repository/02_GQMS_Controlled_Repository/00_Group_Shared/02_GMP/01_Controlled_Documents/AGR/In_Review,6,PS-GQMS-DOCUMENTS,00_Group_Shared,GMG-REPO-GQMS-DOCUMENTS-GRP,inherit from parent,YES,QA Documentation
GMG_Enterprise_Repository/02_GQMS_Controlled_Repository/00_Group_Shared/02_GMP/01_Controlled_Documents/AGR/Retired,6,PS-GQMS-DOCUMENTS,00_Group_Shared,GMG-REPO-GQMS-DOCUMENTS-GRP,inherit from parent,YES,QA Documentation
GMG_Enterprise_Repository/02_GQMS_Controlled_Repository/00_Group_Shared/02_GMP/01_Controlled_Documents/AGR/Superseded,6,PS-GQMS-DOCUMENTS,00_Group_Shared,GMG-REPO-GQMS-DOCUMENTS-GRP,inherit from parent,YES,QA Documentation
GMG_Enterprise_Repository/02_GQMS_Controlled_Repository/00_Group_Shared/02_GMP/01_Controlled_Documents/CHK,5,PS-GQMS-DOCUMENTS,00_Group_Shared,GMG-REPO-GQMS-DOCUMENTS-GRP,inherit from parent,YES,QA Documentation
GMG_Enterprise_Repository/02_GQMS_Controlled_Repository/00_Group_Shared/02_GMP/01_Controlled_Documents/CHK/Approved_Pending_Effective,6,PS-GQMS-DOCUMENTS,00_Group_Shared,GMG-REPO-GQMS-DOCUMENTS-GRP,inherit from parent,YES,QA Documentation
GMG_Enterprise_Repository/02_GQMS_Controlled_Repository/00_Group_Shared/02_GMP/01_Controlled_Documents/CHK/Draft,6,PS-GQMS-DOCUMENTS,00_Group_Shared,GMG-REPO-GQMS-DOCUMENTS-GRP,inherit from parent,YES,QA Documentation
GMG_Enterprise_Repository/02_GQMS_Controlled_Repository/00_Group_Shared/02_GMP/01_Controlled_Documents/CHK/Effective,6,PS-GQMS-DOCUMENTS,00_Group_Shared,GMG-REPO-GQMS-DOCUMENTS-GRP,inherit from parent,YES,QA Documentation
GMG_Enterprise_Repository/02_GQMS_Controlled_Repository/00_Group_Shared/02_GMP/01_Controlled_Documents/CHK/In_Review,6,PS-GQMS-DOCUMENTS,00_Group_Shared,GMG-REPO-GQMS-DOCUMENTS-GRP,inherit from parent,YES,QA Documentation
GMG_Enterprise_Repository/02_GQMS_Controlled_Repository/00_Group_Shared/02_GMP/01_Controlled_Documents/CHK/Retired,6,PS-GQMS-DOCUMENTS,00_Group_Shared,GMG-REPO-GQMS-DOCUMENTS-GRP,inherit from parent,YES,QA Documentation
GMG_Enterprise_Repository/02_GQMS_Controlled_Repository/00_Group_Shared/02_GMP/01_Controlled_Documents/CHK/Superseded,6,PS-GQMS-DOCUMENTS,00_Group_Shared,GMG-REPO-GQMS-DOCUMENTS-GRP,inherit from parent,YES,QA Documentation
GMG_Enterprise_Repository/02_GQMS_Controlled_Repository/00_Group_Shared/02_GMP/01_Controlled_Documents/FRM,5,PS-GQMS-DOCUMENTS,00_Group_Shared,GMG-REPO-GQMS-DOCUMENTS-GRP,inherit from parent,YES,QA Documentation
GMG_Enterprise_Repository/02_GQMS_Controlled_Repository/00_Group_Shared/02_GMP/01_Controlled_Documents/FRM/Approved_Pending_Effective,6,PS-GQMS-DOCUMENTS,00_Group_Shared,GMG-REPO-GQMS-DOCUMENTS-GRP,inherit from parent,YES,QA Documentation
GMG_Enterprise_Repository/02_GQMS_Controlled_Repository/00_Group_Shared/02_GMP/01_Controlled_Documents/FRM/Draft,6,PS-GQMS-DOCUMENTS,00_Group_Shared,GMG-REPO-GQMS-DOCUMENTS-GRP,inherit from parent,YES,QA Documentation
GMG_Enterprise_Repository/02_GQMS_Controlled_Repository/00_Group_Shared/02_GMP/01_Controlled_Documents/FRM/Effective,6,PS-GQMS-DOCUMENTS,00_Group_Shared,GMG-REPO-GQMS-DOCUMENTS-GRP,inherit from parent,YES,QA Documentation
GMG_Enterprise_Repository/02_GQMS_Controlled_Repository/00_Group_Shared/02_GMP/01_Controlled_Documents/FRM/In_Review,6,PS-GQMS-DOCUMENTS,00_Group_Shared,GMG-REPO-GQMS-DOCUMENTS-GRP,inherit from parent,YES,QA Documentation
GMG_Enterprise_Repository/02_GQMS_Controlled_Repository/00_Group_Shared/02_GMP/01_Controlled_Documents/FRM/Retired,6,PS-GQMS-DOCUMENTS,00_Group_Shared,GMG-REPO-GQMS-DOCUMENTS-GRP,inherit from parent,YES,QA Documentation
GMG_Enterprise_Repository/02_GQMS_Controlled_Repository/00_Group_Shared/02_GMP/01_Controlled_Documents/FRM/Superseded,6,PS-GQMS-DOCUMENTS,00_Group_Shared,GMG-REPO-GQMS-DOCUMENTS-GRP,inherit from parent,YES,QA Documentation
GMG_Enterprise_Repository/02_GQMS_Controlled_Repository/00_Group_Shared/02_GMP/01_Controlled_Documents/LOG,5,PS-GQMS-DOCUMENTS,00_Group_Shared,GMG-REPO-GQMS-DOCUMENTS-GRP,inherit from parent,YES,QA Documentation
GMG_Enterprise_Repository/02_GQMS_Controlled_Repository/00_Group_Shared/02_GMP/01_Controlled_Documents/LOG/Approved_Pending_Effective,6,PS-GQMS-DOCUMENTS,00_Group_Shared,GMG-REPO-GQMS-DOCUMENTS-GRP,inherit from parent,YES,QA Documentation
GMG_Enterprise_Repository/02_GQMS_Controlled_Repository/00_Group_Shared/02_GMP/01_Controlled_Documents/LOG/Draft,6,PS-GQMS-DOCUMENTS,00_Group_Shared,GMG-REPO-GQMS-DOCUMENTS-GRP,inherit from parent,YES,QA Documentation
GMG_Enterprise_Repository/02_GQMS_Controlled_Repository/00_Group_Shared/02_GMP/01_Controlled_Documents/LOG/Effective,6,PS-GQMS-DOCUMENTS,00_Group_Shared,GMG-REPO-GQMS-DOCUMENTS-GRP,inherit from parent,YES,QA Documentation
GMG_Enterprise_Repository/02_GQMS_Controlled_Repository/00_Group_Shared/02_GMP/01_Controlled_Documents/LOG/In_Review,6,PS-GQMS-DOCUMENTS,00_Group_Shared,GMG-REPO-GQMS-DOCUMENTS-GRP,inherit from parent,YES,QA Documentation
GMG_Enterprise_Repository/02_GQMS_Controlled_Repository/00_Group_Shared/02_GMP/01_Controlled_Documents/LOG/Retired,6,PS-GQMS-DOCUMENTS,00_Group_Shared,GMG-REPO-GQMS-DOCUMENTS-GRP,inherit from parent,YES,QA Documentation
GMG_Enterprise_Repository/02_GQMS_Controlled_Repository/00_Group_Shared/02_GMP/01_Controlled_Documents/LOG/Superseded,6,PS-GQMS-DOCUMENTS,00_Group_Shared,GMG-REPO-GQMS-DOCUMENTS-GRP,inherit from parent,YES,QA Documentation
GMG_Enterprise_Repository/02_GQMS_Controlled_Repository/00_Group_Shared/02_GMP/01_Controlled_Documents/LOGB,5,PS-GQMS-DOCUMENTS,00_Group_Shared,GMG-REPO-GQMS-DOCUMENTS-GRP,inherit from parent,YES,QA Documentation
GMG_Enterprise_Repository/02_GQMS_Controlled_Repository/00_Group_Shared/02_GMP/01_Controlled_Documents/LOGB/Approved_Pending_Effective,6,PS-GQMS-DOCUMENTS,00_Group_Shared,GMG-REPO-GQMS-DOCUMENTS-GRP,inherit from parent,YES,QA Documentation
GMG_Enterprise_Repository/02_GQMS_Controlled_Repository/00_Group_Shared/02_GMP/01_Controlled_Documents/LOGB/Draft,6,PS-GQMS-DOCUMENTS,00_Group_Shared,GMG-REPO-GQMS-DOCUMENTS-GRP,inherit from parent,YES,QA Documentation
GMG_Enterprise_Repository/02_GQMS_Controlled_Repository/00_Group_Shared/02_GMP/01_Controlled_Documents/LOGB/Effective,6,PS-GQMS-DOCUMENTS,00_Group_Shared,GMG-REPO-GQMS-DOCUMENTS-GRP,inherit from parent,YES,QA Documentation
GMG_Enterprise_Repository/02_GQMS_Controlled_Repository/00_Group_Shared/02_GMP/01_Controlled_Documents/LOGB/In_Review,6,PS-GQMS-DOCUMENTS,00_Group_Shared,GMG-REPO-GQMS-DOCUMENTS-GRP,inherit from parent,YES,QA Documentation
GMG_Enterprise_Repository/02_GQMS_Controlled_Repository/00_Group_Shared/02_GMP/01_Controlled_Documents/LOGB/Retired,6,PS-GQMS-DOCUMENTS,00_Group_Shared,GMG-REPO-GQMS-DOCUMENTS-GRP,inherit from parent,YES,QA Documentation
GMG_Enterprise_Repository/02_GQMS_Controlled_Repository/00_Group_Shared/02_GMP/01_Controlled_Documents/LOGB/Superseded,6,PS-GQMS-DOCUMENTS,00_Group_Shared,GMG-REPO-GQMS-DOCUMENTS-GRP,inherit from parent,YES,QA Documentation
GMG_Enterprise_Repository/02_GQMS_Controlled_Repository/00_Group_Shared/02_GMP/01_Controlled_Documents/LST,5,PS-GQMS-DOCUMENTS,00_Group_Shared,GMG-REPO-GQMS-DOCUMENTS-GRP,inherit from parent,YES,QA Documentation
GMG_Enterprise_Repository/02_GQMS_Controlled_Repository/00_Group_Shared/02_GMP/01_Controlled_Documents/LST/Approved_Pending_Effective,6,PS-GQMS-DOCUMENTS,00_Group_Shared,GMG-REPO-GQMS-DOCUMENTS-GRP,inherit from parent,YES,QA Documentation
GMG_Enterprise_Repository/02_GQMS_Controlled_Repository/00_Group_Shared/02_GMP/01_Controlled_Documents/LST/Draft,6,PS-GQMS-DOCUMENTS,00_Group_Shared,GMG-REPO-GQMS-DOCUMENTS-GRP,inherit from parent,YES,QA Documentation
GMG_Enterprise_Repository/02_GQMS_Controlled_Repository/00_Group_Shared/02_GMP/01_Controlled_Documents/LST/Effective,6,PS-GQMS-DOCUMENTS,00_Group_Shared,GMG-REPO-GQMS-DOCUMENTS-GRP,inherit from parent,YES,QA Documentation
GMG_Enterprise_Repository/02_GQMS_Controlled_Repository/00_Group_Shared/02_GMP/01_Controlled_Documents/LST/In_Review,6,PS-GQMS-DOCUMENTS,00_Group_Shared,GMG-REPO-GQMS-DOCUMENTS-GRP,inherit from parent,YES,QA Documentation
GMG_Enterprise_Repository/02_GQMS_Controlled_Repository/00_Group_Shared/02_GMP/01_Controlled_Documents/LST/Retired,6,PS-GQMS-DOCUMENTS,00_Group_Shared,GMG-REPO-GQMS-DOCUMENTS-GRP,inherit from parent,YES,QA Documentation
GMG_Enterprise_Repository/02_GQMS_Controlled_Repository/00_Group_Shared/02_GMP/01_Controlled_Documents/LST/Superseded,6,PS-GQMS-DOCUMENTS,00_Group_Shared,GMG-REPO-GQMS-DOCUMENTS-GRP,inherit from parent,YES,QA Documentation
GMG_Enterprise_Repository/02_GQMS_Controlled_Repository/00_Group_Shared/02_GMP/01_Controlled_Documents/MFR,5,PS-GQMS-DOCUMENTS,00_Group_Shared,GMG-REPO-GQMS-DOCUMENTS-GRP,inherit from parent,YES,QA Documentation
GMG_Enterprise_Repository/02_GQMS_Controlled_Repository/00_Group_Shared/02_GMP/01_Controlled_Documents/MFR/Approved_Pending_Effective,6,PS-GQMS-DOCUMENTS,00_Group_Shared,GMG-REPO-GQMS-DOCUMENTS-GRP,inherit from parent,YES,QA Documentation
GMG_Enterprise_Repository/02_GQMS_Controlled_Repository/00_Group_Shared/02_GMP/01_Controlled_Documents/MFR/Draft,6,PS-GQMS-DOCUMENTS,00_Group_Shared,GMG-REPO-GQMS-DOCUMENTS-GRP,inherit from parent,YES,QA Documentation
GMG_Enterprise_Repository/02_GQMS_Controlled_Repository/00_Group_Shared/02_GMP/01_Controlled_Documents/MFR/Effective,6,PS-GQMS-DOCUMENTS,00_Group_Shared,GMG-REPO-GQMS-DOCUMENTS-GRP,inherit from parent,YES,QA Documentation
GMG_Enterprise_Repository/02_GQMS_Controlled_Repository/00_Group_Shared/02_GMP/01_Controlled_Documents/MFR/In_Review,6,PS-GQMS-DOCUMENTS,00_Group_Shared,GMG-REPO-GQMS-DOCUMENTS-GRP,inherit from parent,YES,QA Documentation
GMG_Enterprise_Repository/02_GQMS_Controlled_Repository/00_Group_Shared/02_GMP/01_Controlled_Documents/MFR/Retired,6,PS-GQMS-DOCUMENTS,00_Group_Shared,GMG-REPO-GQMS-DOCUMENTS-GRP,inherit from parent,YES,QA Documentation
GMG_Enterprise_Repository/02_GQMS_Controlled_Repository/00_Group_Shared/02_GMP/01_Controlled_Documents/MFR/Superseded,6,PS-GQMS-DOCUMENTS,00_Group_Shared,GMG-REPO-GQMS-DOCUMENTS-GRP,inherit from parent,YES,QA Documentation
GMG_Enterprise_Repository/02_GQMS_Controlled_Repository/00_Group_Shared/02_GMP/01_Controlled_Documents/MTX,5,PS-GQMS-DOCUMENTS,00_Group_Shared,GMG-REPO-GQMS-DOCUMENTS-GRP,inherit from parent,YES,QA Documentation
GMG_Enterprise_Repository/02_GQMS_Controlled_Repository/00_Group_Shared/02_GMP/01_Controlled_Documents/MTX/Approved_Pending_Effective,6,PS-GQMS-DOCUMENTS,00_Group_Shared,GMG-REPO-GQMS-DOCUMENTS-GRP,inherit from parent,YES,QA Documentation
GMG_Enterprise_Repository/02_GQMS_Controlled_Repository/00_Group_Shared/02_GMP/01_Controlled_Documents/MTX/Draft,6,PS-GQMS-DOCUMENTS,00_Group_Shared,GMG-REPO-GQMS-DOCUMENTS-GRP,inherit from parent,YES,QA Documentation
GMG_Enterprise_Repository/02_GQMS_Controlled_Repository/00_Group_Shared/02_GMP/01_Controlled_Documents/MTX/Effective,6,PS-GQMS-DOCUMENTS,00_Group_Shared,GMG-REPO-GQMS-DOCUMENTS-GRP,inherit from parent,YES,QA Documentation
GMG_Enterprise_Repository/02_GQMS_Controlled_Repository/00_Group_Shared/02_GMP/01_Controlled_Documents/MTX/In_Review,6,PS-GQMS-DOCUMENTS,00_Group_Shared,GMG-REPO-GQMS-DOCUMENTS-GRP,inherit from parent,YES,QA Documentation
GMG_Enterprise_Repository/02_GQMS_Controlled_Repository/00_Group_Shared/02_GMP/01_Controlled_Documents/MTX/Retired,6,PS-GQMS-DOCUMENTS,00_Group_Shared,GMG-REPO-GQMS-DOCUMENTS-GRP,inherit from parent,YES,QA Documentation
GMG_Enterprise_Repository/02_GQMS_Controlled_Repository/00_Group_Shared/02_GMP/01_Controlled_Documents/MTX/Superseded,6,PS-GQMS-DOCUMENTS,00_Group_Shared,GMG-REPO-GQMS-DOCUMENTS-GRP,inherit from parent,YES,QA Documentation
GMG_Enterprise_Repository/02_GQMS_Controlled_Repository/00_Group_Shared/02_GMP/01_Controlled_Documents/PLN,5,PS-GQMS-DOCUMENTS,00_Group_Shared,GMG-REPO-GQMS-DOCUMENTS-GRP,inherit from parent,YES,QA Documentation
GMG_Enterprise_Repository/02_GQMS_Controlled_Repository/00_Group_Shared/02_GMP/01_Controlled_Documents/PLN/Approved_Pending_Effective,6,PS-GQMS-DOCUMENTS,00_Group_Shared,GMG-REPO-GQMS-DOCUMENTS-GRP,inherit from parent,YES,QA Documentation
GMG_Enterprise_Repository/02_GQMS_Controlled_Repository/00_Group_Shared/02_GMP/01_Controlled_Documents/PLN/Draft,6,PS-GQMS-DOCUMENTS,00_Group_Shared,GMG-REPO-GQMS-DOCUMENTS-GRP,inherit from parent,YES,QA Documentation
GMG_Enterprise_Repository/02_GQMS_Controlled_Repository/00_Group_Shared/02_GMP/01_Controlled_Documents/PLN/Effective,6,PS-GQMS-DOCUMENTS,00_Group_Shared,GMG-REPO-GQMS-DOCUMENTS-GRP,inherit from parent,YES,QA Documentation
GMG_Enterprise_Repository/02_GQMS_Controlled_Repository/00_Group_Shared/02_GMP/01_Controlled_Documents/PLN/In_Review,6,PS-GQMS-DOCUMENTS,00_Group_Shared,GMG-REPO-GQMS-DOCUMENTS-GRP,inherit from parent,YES,QA Documentation
GMG_Enterprise_Repository/02_GQMS_Controlled_Repository/00_Group_Shared/02_GMP/01_Controlled_Documents/PLN/Retired,6,PS-GQMS-DOCUMENTS,00_Group_Shared,GMG-REPO-GQMS-DOCUMENTS-GRP,inherit from parent,YES,QA Documentation
GMG_Enterprise_Repository/02_GQMS_Controlled_Repository/00_Group_Shared/02_GMP/01_Controlled_Documents/PLN/Superseded,6,PS-GQMS-DOCUMENTS,00_Group_Shared,GMG-REPO-GQMS-DOCUMENTS-GRP,inherit from parent,YES,QA Documentation
GMG_Enterprise_Repository/02_GQMS_Controlled_Repository/00_Group_Shared/02_GMP/01_Controlled_Documents/RPT,5,PS-GQMS-DOCUMENTS,00_Group_Shared,GMG-REPO-GQMS-DOCUMENTS-GRP,inherit from parent,YES,QA Documentation
GMG_Enterprise_Repository/02_GQMS_Controlled_Repository/00_Group_Shared/02_GMP/01_Controlled_Documents/RPT/Approved_Pending_Effective,6,PS-GQMS-DOCUMENTS,00_Group_Shared,GMG-REPO-GQMS-DOCUMENTS-GRP,inherit from parent,YES,QA Documentation
GMG_Enterprise_Repository/02_GQMS_Controlled_Repository/00_Group_Shared/02_GMP/01_Controlled_Documents/RPT/Draft,6,PS-GQMS-DOCUMENTS,00_Group_Shared,GMG-REPO-GQMS-DOCUMENTS-GRP,inherit from parent,YES,QA Documentation
GMG_Enterprise_Repository/02_GQMS_Controlled_Repository/00_Group_Shared/02_GMP/01_Controlled_Documents/RPT/Effective,6,PS-GQMS-DOCUMENTS,00_Group_Shared,GMG-REPO-GQMS-DOCUMENTS-GRP,inherit from parent,YES,QA Documentation
GMG_Enterprise_Repository/02_GQMS_Controlled_Repository/00_Group_Shared/02_GMP/01_Controlled_Documents/RPT/In_Review,6,PS-GQMS-DOCUMENTS,00_Group_Shared,GMG-REPO-GQMS-DOCUMENTS-GRP,inherit from parent,YES,QA Documentation
GMG_Enterprise_Repository/02_GQMS_Controlled_Repository/00_Group_Shared/02_GMP/01_Controlled_Documents/RPT/Retired,6,PS-GQMS-DOCUMENTS,00_Group_Shared,GMG-REPO-GQMS-DOCUMENTS-GRP,inherit from parent,YES,QA Documentation
GMG_Enterprise_Repository/02_GQMS_Controlled_Repository/00_Group_Shared/02_GMP/01_Controlled_Documents/RPT/Superseded,6,PS-GQMS-DOCUMENTS,00_Group_Shared,GMG-REPO-GQMS-DOCUMENTS-GRP,inherit from parent,YES,QA Documentation
GMG_Enterprise_Repository/02_GQMS_Controlled_Repository/00_Group_Shared/02_GMP/01_Controlled_Documents/RSK,5,PS-GQMS-DOCUMENTS,00_Group_Shared,GMG-REPO-GQMS-DOCUMENTS-GRP,inherit from parent,YES,QA Documentation
GMG_Enterprise_Repository/02_GQMS_Controlled_Repository/00_Group_Shared/02_GMP/01_Controlled_Documents/RSK/Approved_Pending_Effective,6,PS-GQMS-DOCUMENTS,00_Group_Shared,GMG-REPO-GQMS-DOCUMENTS-GRP,inherit from parent,YES,QA Documentation
GMG_Enterprise_Repository/02_GQMS_Controlled_Repository/00_Group_Shared/02_GMP/01_Controlled_Documents/RSK/Draft,6,PS-GQMS-DOCUMENTS,00_Group_Shared,GMG-REPO-GQMS-DOCUMENTS-GRP,inherit from parent,YES,QA Documentation
GMG_Enterprise_Repository/02_GQMS_Controlled_Repository/00_Group_Shared/02_GMP/01_Controlled_Documents/RSK/Effective,6,PS-GQMS-DOCUMENTS,00_Group_Shared,GMG-REPO-GQMS-DOCUMENTS-GRP,inherit from parent,YES,QA Documentation
GMG_Enterprise_Repository/02_GQMS_Controlled_Repository/00_Group_Shared/02_GMP/01_Controlled_Documents/RSK/In_Review,6,PS-GQMS-DOCUMENTS,00_Group_Shared,GMG-REPO-GQMS-DOCUMENTS-GRP,inherit from parent,YES,QA Documentation
GMG_Enterprise_Repository/02_GQMS_Controlled_Repository/00_Group_Shared/02_GMP/01_Controlled_Documents/RSK/Retired,6,PS-GQMS-DOCUMENTS,00_Group_Shared,GMG-REPO-GQMS-DOCUMENTS-GRP,inherit from parent,YES,QA Documentation
GMG_Enterprise_Repository/02_GQMS_Controlled_Repository/00_Group_Shared/02_GMP/01_Controlled_Documents/RSK/Superseded,6,PS-GQMS-DOCUMENTS,00_Group_Shared,GMG-REPO-GQMS-DOCUMENTS-GRP,inherit from parent,YES,QA Documentation
GMG_Enterprise_Repository/02_GQMS_Controlled_Repository/00_Group_Shared/02_GMP/01_Controlled_Documents/SMF,5,PS-GQMS-DOCUMENTS,00_Group_Shared,GMG-REPO-GQMS-DOCUMENTS-GRP,inherit from parent,YES,QA Documentation
GMG_Enterprise_Repository/02_GQMS_Controlled_Repository/00_Group_Shared/02_GMP/01_Controlled_Documents/SMF/Approved_Pending_Effective,6,PS-GQMS-DOCUMENTS,00_Group_Shared,GMG-REPO-GQMS-DOCUMENTS-GRP,inherit from parent,YES,QA Documentation
GMG_Enterprise_Repository/02_GQMS_Controlled_Repository/00_Group_Shared/02_GMP/01_Controlled_Documents/SMF/Draft,6,PS-GQMS-DOCUMENTS,00_Group_Shared,GMG-REPO-GQMS-DOCUMENTS-GRP,inherit from parent,YES,QA Documentation
GMG_Enterprise_Repository/02_GQMS_Controlled_Repository/00_Group_Shared/02_GMP/01_Controlled_Documents/SMF/Effective,6,PS-GQMS-DOCUMENTS,00_Group_Shared,GMG-REPO-GQMS-DOCUMENTS-GRP,inherit from parent,YES,QA Documentation
GMG_Enterprise_Repository/02_GQMS_Controlled_Repository/00_Group_Shared/02_GMP/01_Controlled_Documents/SMF/In_Review,6,PS-GQMS-DOCUMENTS,00_Group_Shared,GMG-REPO-GQMS-DOCUMENTS-GRP,inherit from parent,YES,QA Documentation
GMG_Enterprise_Repository/02_GQMS_Controlled_Repository/00_Group_Shared/02_GMP/01_Controlled_Documents/SMF/Retired,6,PS-GQMS-DOCUMENTS,00_Group_Shared,GMG-REPO-GQMS-DOCUMENTS-GRP,inherit from parent,YES,QA Documentation
GMG_Enterprise_Repository/02_GQMS_Controlled_Repository/00_Group_Shared/02_GMP/01_Controlled_Documents/SMF/Superseded,6,PS-GQMS-DOCUMENTS,00_Group_Shared,GMG-REPO-GQMS-DOCUMENTS-GRP,inherit from parent,YES,QA Documentation
GMG_Enterprise_Repository/02_GQMS_Controlled_Repository/00_Group_Shared/02_GMP/01_Controlled_Documents/SOP,5,PS-GQMS-DOCUMENTS,00_Group_Shared,GMG-REPO-GQMS-DOCUMENTS-GRP,inherit from parent,YES,QA Documentation
GMG_Enterprise_Repository/02_GQMS_Controlled_Repository/00_Group_Shared/02_GMP/01_Controlled_Documents/SOP/Approved_Pending_Effective,6,PS-GQMS-DOCUMENTS,00_Group_Shared,GMG-REPO-GQMS-DOCUMENTS-GRP,inherit from parent,YES,QA Documentation
GMG_Enterprise_Repository/02_GQMS_Controlled_Repository/00_Group_Shared/02_GMP/01_Controlled_Documents/SOP/Draft,6,PS-GQMS-DOCUMENTS,00_Group_Shared,GMG-REPO-GQMS-DOCUMENTS-GRP,inherit from parent,YES,QA Documentation
GMG_Enterprise_Repository/02_GQMS_Controlled_Repository/00_Group_Shared/02_GMP/01_Controlled_Documents/SOP/Effective,6,PS-GQMS-DOCUMENTS,00_Group_Shared,GMG-REPO-GQMS-DOCUMENTS-GRP,inherit from parent,YES,QA Documentation
GMG_Enterprise_Repository/02_GQMS_Controlled_Repository/00_Group_Shared/02_GMP/01_Controlled_Documents/SOP/In_Review,6,PS-GQMS-DOCUMENTS,00_Group_Shared,GMG-REPO-GQMS-DOCUMENTS-GRP,inherit from parent,YES,QA Documentation
GMG_Enterprise_Repository/02_GQMS_Controlled_Repository/00_Group_Shared/02_GMP/01_Controlled_Documents/SOP/Retired,6,PS-GQMS-DOCUMENTS,00_Group_Shared,GMG-REPO-GQMS-DOCUMENTS-GRP,inherit from parent,YES,QA Documentation
GMG_Enterprise_Repository/02_GQMS_Controlled_Repository/00_Group_Shared/02_GMP/01_Controlled_Documents/SOP/Superseded,6,PS-GQMS-DOCUMENTS,00_Group_Shared,GMG-REPO-GQMS-DOCUMENTS-GRP,inherit from parent,YES,QA Documentation
GMG_Enterprise_Repository/02_GQMS_Controlled_Repository/00_Group_Shared/02_GMP/01_Controlled_Documents/TPL,5,PS-GQMS-DOCUMENTS,00_Group_Shared,GMG-REPO-GQMS-DOCUMENTS-GRP,inherit from parent,YES,QA Documentation
GMG_Enterprise_Repository/02_GQMS_Controlled_Repository/00_Group_Shared/02_GMP/01_Controlled_Documents/TPL/Approved_Pending_Effective,6,PS-GQMS-DOCUMENTS,00_Group_Shared,GMG-REPO-GQMS-DOCUMENTS-GRP,inherit from parent,YES,QA Documentation
GMG_Enterprise_Repository/02_GQMS_Controlled_Repository/00_Group_Shared/02_GMP/01_Controlled_Documents/TPL/Draft,6,PS-GQMS-DOCUMENTS,00_Group_Shared,GMG-REPO-GQMS-DOCUMENTS-GRP,inherit from parent,YES,QA Documentation
GMG_Enterprise_Repository/02_GQMS_Controlled_Repository/00_Group_Shared/02_GMP/01_Controlled_Documents/TPL/Effective,6,PS-GQMS-DOCUMENTS,00_Group_Shared,GMG-REPO-GQMS-DOCUMENTS-GRP,inherit from parent,YES,QA Documentation
GMG_Enterprise_Repository/02_GQMS_Controlled_Repository/00_Group_Shared/02_GMP/01_Controlled_Documents/TPL/In_Review,6,PS-GQMS-DOCUMENTS,00_Group_Shared,GMG-REPO-GQMS-DOCUMENTS-GRP,inherit from parent,YES,QA Documentation
GMG_Enterprise_Repository/02_GQMS_Controlled_Repository/00_Group_Shared/02_GMP/01_Controlled_Documents/TPL/Retired,6,PS-GQMS-DOCUMENTS,00_Group_Shared,GMG-REPO-GQMS-DOCUMENTS-GRP,inherit from parent,YES,QA Documentation
GMG_Enterprise_Repository/02_GQMS_Controlled_Repository/00_Group_Shared/02_GMP/01_Controlled_Documents/TPL/Superseded,6,PS-GQMS-DOCUMENTS,00_Group_Shared,GMG-REPO-GQMS-DOCUMENTS-GRP,inherit from parent,YES,QA Documentation
GMG_Enterprise_Repository/02_GQMS_Controlled_Repository/00_Group_Shared/02_GMP/01_Controlled_Documents/URG,5,PS-GQMS-DOCUMENTS,00_Group_Shared,GMG-REPO-GQMS-DOCUMENTS-GRP,inherit from parent,YES,QA Documentation
GMG_Enterprise_Repository/02_GQMS_Controlled_Repository/00_Group_Shared/02_GMP/01_Controlled_Documents/URG/Approved_Pending_Effective,6,PS-GQMS-DOCUMENTS,00_Group_Shared,GMG-REPO-GQMS-DOCUMENTS-GRP,inherit from parent,YES,QA Documentation
GMG_Enterprise_Repository/02_GQMS_Controlled_Repository/00_Group_Shared/02_GMP/01_Controlled_Documents/URG/Draft,6,PS-GQMS-DOCUMENTS,00_Group_Shared,GMG-REPO-GQMS-DOCUMENTS-GRP,inherit from parent,YES,QA Documentation
GMG_Enterprise_Repository/02_GQMS_Controlled_Repository/00_Group_Shared/02_GMP/01_Controlled_Documents/URG/Effective,6,PS-GQMS-DOCUMENTS,00_Group_Shared,GMG-REPO-GQMS-DOCUMENTS-GRP,inherit from parent,YES,QA Documentation
GMG_Enterprise_Repository/02_GQMS_Controlled_Repository/00_Group_Shared/02_GMP/01_Controlled_Documents/URG/In_Review,6,PS-GQMS-DOCUMENTS,00_Group_Shared,GMG-REPO-GQMS-DOCUMENTS-GRP,inherit from parent,YES,QA Documentation
GMG_Enterprise_Repository/02_GQMS_Controlled_Repository/00_Group_Shared/02_GMP/01_Controlled_Documents/URG/Retired,6,PS-GQMS-DOCUMENTS,00_Group_Shared,GMG-REPO-GQMS-DOCUMENTS-GRP,inherit from parent,YES,QA Documentation
GMG_Enterprise_Repository/02_GQMS_Controlled_Repository/00_Group_Shared/02_GMP/01_Controlled_Documents/URG/Superseded,6,PS-GQMS-DOCUMENTS,00_Group_Shared,GMG-REPO-GQMS-DOCUMENTS-GRP,inherit from parent,YES,QA Documentation
GMG_Enterprise_Repository/02_GQMS_Controlled_Repository/00_Group_Shared/02_GMP/01_Controlled_Documents/WIN,5,PS-GQMS-DOCUMENTS,00_Group_Shared,GMG-REPO-GQMS-DOCUMENTS-GRP,inherit from parent,YES,QA Documentation
GMG_Enterprise_Repository/02_GQMS_Controlled_Repository/00_Group_Shared/02_GMP/01_Controlled_Documents/WIN/Approved_Pending_Effective,6,PS-GQMS-DOCUMENTS,00_Group_Shared,GMG-REPO-GQMS-DOCUMENTS-GRP,inherit from parent,YES,QA Documentation
GMG_Enterprise_Repository/02_GQMS_Controlled_Repository/00_Group_Shared/02_GMP/01_Controlled_Documents/WIN/Draft,6,PS-GQMS-DOCUMENTS,00_Group_Shared,GMG-REPO-GQMS-DOCUMENTS-GRP,inherit from parent,YES,QA Documentation
GMG_Enterprise_Repository/02_GQMS_Controlled_Repository/00_Group_Shared/02_GMP/01_Controlled_Documents/WIN/Effective,6,PS-GQMS-DOCUMENTS,00_Group_Shared,GMG-REPO-GQMS-DOCUMENTS-GRP,inherit from parent,YES,QA Documentation
GMG_Enterprise_Repository/02_GQMS_Controlled_Repository/00_Group_Shared/02_GMP/01_Controlled_Documents/WIN/In_Review,6,PS-GQMS-DOCUMENTS,00_Group_Shared,GMG-REPO-GQMS-DOCUMENTS-GRP,inherit from parent,YES,QA Documentation
GMG_Enterprise_Repository/02_GQMS_Controlled_Repository/00_Group_Shared/02_GMP/01_Controlled_Documents/WIN/Retired,6,PS-GQMS-DOCUMENTS,00_Group_Shared,GMG-REPO-GQMS-DOCUMENTS-GRP,inherit from parent,YES,QA Documentation
GMG_Enterprise_Repository/02_GQMS_Controlled_Repository/00_Group_Shared/02_GMP/01_Controlled_Documents/WIN/Superseded,6,PS-GQMS-DOCUMENTS,00_Group_Shared,GMG-REPO-GQMS-DOCUMENTS-GRP,inherit from parent,YES,QA Documentation
GMG_Enterprise_Repository/02_GQMS_Controlled_Repository/00_Group_Shared/02_GMP/02_Quality_Records,4,PS-GQMS-RECORDS,00_Group_Shared,GMG-REPO-GQMS-RECORDS-GRP,BREAK INHERITANCE — apply explicitly,YES,Company QA / Process Owner
GMG_Enterprise_Repository/02_GQMS_Controlled_Repository/00_Group_Shared/03_GDP,3,PS-GQMS-DOCUMENTS + PS-GQMS-RECORDS,00_Group_Shared,UNRESOLVED,inherit from parent,NO — CANNOT BIND,GQD / domain authority
GMG_Enterprise_Repository/02_GQMS_Controlled_Repository/00_Group_Shared/03_GDP/01_Controlled_Documents,4,PS-GQMS-DOCUMENTS,00_Group_Shared,GMG-REPO-GQMS-DOCUMENTS-GRP,BREAK INHERITANCE — apply explicitly,YES,QA Documentation
GMG_Enterprise_Repository/02_GQMS_Controlled_Repository/00_Group_Shared/03_GDP/01_Controlled_Documents/AGR,5,PS-GQMS-DOCUMENTS,00_Group_Shared,GMG-REPO-GQMS-DOCUMENTS-GRP,inherit from parent,YES,QA Documentation
GMG_Enterprise_Repository/02_GQMS_Controlled_Repository/00_Group_Shared/03_GDP/01_Controlled_Documents/AGR/Approved_Pending_Effective,6,PS-GQMS-DOCUMENTS,00_Group_Shared,GMG-REPO-GQMS-DOCUMENTS-GRP,inherit from parent,YES,QA Documentation
GMG_Enterprise_Repository/02_GQMS_Controlled_Repository/00_Group_Shared/03_GDP/01_Controlled_Documents/AGR/Draft,6,PS-GQMS-DOCUMENTS,00_Group_Shared,GMG-REPO-GQMS-DOCUMENTS-GRP,inherit from parent,YES,QA Documentation
GMG_Enterprise_Repository/02_GQMS_Controlled_Repository/00_Group_Shared/03_GDP/01_Controlled_Documents/AGR/Effective,6,PS-GQMS-DOCUMENTS,00_Group_Shared,GMG-REPO-GQMS-DOCUMENTS-GRP,inherit from parent,YES,QA Documentation
GMG_Enterprise_Repository/02_GQMS_Controlled_Repository/00_Group_Shared/03_GDP/01_Controlled_Documents/AGR/In_Review,6,PS-GQMS-DOCUMENTS,00_Group_Shared,GMG-REPO-GQMS-DOCUMENTS-GRP,inherit from parent,YES,QA Documentation
GMG_Enterprise_Repository/02_GQMS_Controlled_Repository/00_Group_Shared/03_GDP/01_Controlled_Documents/AGR/Retired,6,PS-GQMS-DOCUMENTS,00_Group_Shared,GMG-REPO-GQMS-DOCUMENTS-GRP,inherit from parent,YES,QA Documentation
GMG_Enterprise_Repository/02_GQMS_Controlled_Repository/00_Group_Shared/03_GDP/01_Controlled_Documents/AGR/Superseded,6,PS-GQMS-DOCUMENTS,00_Group_Shared,GMG-REPO-GQMS-DOCUMENTS-GRP,inherit from parent,YES,QA Documentation
GMG_Enterprise_Repository/02_GQMS_Controlled_Repository/00_Group_Shared/03_GDP/01_Controlled_Documents/CHK,5,PS-GQMS-DOCUMENTS,00_Group_Shared,GMG-REPO-GQMS-DOCUMENTS-GRP,inherit from parent,YES,QA Documentation
GMG_Enterprise_Repository/02_GQMS_Controlled_Repository/00_Group_Shared/03_GDP/01_Controlled_Documents/CHK/Approved_Pending_Effective,6,PS-GQMS-DOCUMENTS,00_Group_Shared,GMG-REPO-GQMS-DOCUMENTS-GRP,inherit from parent,YES,QA Documentation
GMG_Enterprise_Repository/02_GQMS_Controlled_Repository/00_Group_Shared/03_GDP/01_Controlled_Documents/CHK/Draft,6,PS-GQMS-DOCUMENTS,00_Group_Shared,GMG-REPO-GQMS-DOCUMENTS-GRP,inherit from parent,YES,QA Documentation
GMG_Enterprise_Repository/02_GQMS_Controlled_Repository/00_Group_Shared/03_GDP/01_Controlled_Documents/CHK/Effective,6,PS-GQMS-DOCUMENTS,00_Group_Shared,GMG-REPO-GQMS-DOCUMENTS-GRP,inherit from parent,YES,QA Documentation
GMG_Enterprise_Repository/02_GQMS_Controlled_Repository/00_Group_Shared/03_GDP/01_Controlled_Documents/CHK/In_Review,6,PS-GQMS-DOCUMENTS,00_Group_Shared,GMG-REPO-GQMS-DOCUMENTS-GRP,inherit from parent,YES,QA Documentation
GMG_Enterprise_Repository/02_GQMS_Controlled_Repository/00_Group_Shared/03_GDP/01_Controlled_Documents/CHK/Retired,6,PS-GQMS-DOCUMENTS,00_Group_Shared,GMG-REPO-GQMS-DOCUMENTS-GRP,inherit from parent,YES,QA Documentation
GMG_Enterprise_Repository/02_GQMS_Controlled_Repository/00_Group_Shared/03_GDP/01_Controlled_Documents/CHK/Superseded,6,PS-GQMS-DOCUMENTS,00_Group_Shared,GMG-REPO-GQMS-DOCUMENTS-GRP,inherit from parent,YES,QA Documentation
GMG_Enterprise_Repository/02_GQMS_Controlled_Repository/00_Group_Shared/03_GDP/01_Controlled_Documents/FRM,5,PS-GQMS-DOCUMENTS,00_Group_Shared,GMG-REPO-GQMS-DOCUMENTS-GRP,inherit from parent,YES,QA Documentation
GMG_Enterprise_Repository/02_GQMS_Controlled_Repository/00_Group_Shared/03_GDP/01_Controlled_Documents/FRM/Approved_Pending_Effective,6,PS-GQMS-DOCUMENTS,00_Group_Shared,GMG-REPO-GQMS-DOCUMENTS-GRP,inherit from parent,YES,QA Documentation
GMG_Enterprise_Repository/02_GQMS_Controlled_Repository/00_Group_Shared/03_GDP/01_Controlled_Documents/FRM/Draft,6,PS-GQMS-DOCUMENTS,00_Group_Shared,GMG-REPO-GQMS-DOCUMENTS-GRP,inherit from parent,YES,QA Documentation
GMG_Enterprise_Repository/02_GQMS_Controlled_Repository/00_Group_Shared/03_GDP/01_Controlled_Documents/FRM/Effective,6,PS-GQMS-DOCUMENTS,00_Group_Shared,GMG-REPO-GQMS-DOCUMENTS-GRP,inherit from parent,YES,QA Documentation
GMG_Enterprise_Repository/02_GQMS_Controlled_Repository/00_Group_Shared/03_GDP/01_Controlled_Documents/FRM/In_Review,6,PS-GQMS-DOCUMENTS,00_Group_Shared,GMG-REPO-GQMS-DOCUMENTS-GRP,inherit from parent,YES,QA Documentation
GMG_Enterprise_Repository/02_GQMS_Controlled_Repository/00_Group_Shared/03_GDP/01_Controlled_Documents/FRM/Retired,6,PS-GQMS-DOCUMENTS,00_Group_Shared,GMG-REPO-GQMS-DOCUMENTS-GRP,inherit from parent,YES,QA Documentation
GMG_Enterprise_Repository/02_GQMS_Controlled_Repository/00_Group_Shared/03_GDP/01_Controlled_Documents/FRM/Superseded,6,PS-GQMS-DOCUMENTS,00_Group_Shared,GMG-REPO-GQMS-DOCUMENTS-GRP,inherit from parent,YES,QA Documentation
GMG_Enterprise_Repository/02_GQMS_Controlled_Repository/00_Group_Shared/03_GDP/01_Controlled_Documents/LOG,5,PS-GQMS-DOCUMENTS,00_Group_Shared,GMG-REPO-GQMS-DOCUMENTS-GRP,inherit from parent,YES,QA Documentation
GMG_Enterprise_Repository/02_GQMS_Controlled_Repository/00_Group_Shared/03_GDP/01_Controlled_Documents/LOG/Approved_Pending_Effective,6,PS-GQMS-DOCUMENTS,00_Group_Shared,GMG-REPO-GQMS-DOCUMENTS-GRP,inherit from parent,YES,QA Documentation
GMG_Enterprise_Repository/02_GQMS_Controlled_Repository/00_Group_Shared/03_GDP/01_Controlled_Documents/LOG/Draft,6,PS-GQMS-DOCUMENTS,00_Group_Shared,GMG-REPO-GQMS-DOCUMENTS-GRP,inherit from parent,YES,QA Documentation
GMG_Enterprise_Repository/02_GQMS_Controlled_Repository/00_Group_Shared/03_GDP/01_Controlled_Documents/LOG/Effective,6,PS-GQMS-DOCUMENTS,00_Group_Shared,GMG-REPO-GQMS-DOCUMENTS-GRP,inherit from parent,YES,QA Documentation
GMG_Enterprise_Repository/02_GQMS_Controlled_Repository/00_Group_Shared/03_GDP/01_Controlled_Documents/LOG/In_Review,6,PS-GQMS-DOCUMENTS,00_Group_Shared,GMG-REPO-GQMS-DOCUMENTS-GRP,inherit from parent,YES,QA Documentation
GMG_Enterprise_Repository/02_GQMS_Controlled_Repository/00_Group_Shared/03_GDP/01_Controlled_Documents/LOG/Retired,6,PS-GQMS-DOCUMENTS,00_Group_Shared,GMG-REPO-GQMS-DOCUMENTS-GRP,inherit from parent,YES,QA Documentation
GMG_Enterprise_Repository/02_GQMS_Controlled_Repository/00_Group_Shared/03_GDP/01_Controlled_Documents/LOG/Superseded,6,PS-GQMS-DOCUMENTS,00_Group_Shared,GMG-REPO-GQMS-DOCUMENTS-GRP,inherit from parent,YES,QA Documentation
GMG_Enterprise_Repository/02_GQMS_Controlled_Repository/00_Group_Shared/03_GDP/01_Controlled_Documents/MTX,5,PS-GQMS-DOCUMENTS,00_Group_Shared,GMG-REPO-GQMS-DOCUMENTS-GRP,inherit from parent,YES,QA Documentation
GMG_Enterprise_Repository/02_GQMS_Controlled_Repository/00_Group_Shared/03_GDP/01_Controlled_Documents/MTX/Approved_Pending_Effective,6,PS-GQMS-DOCUMENTS,00_Group_Shared,GMG-REPO-GQMS-DOCUMENTS-GRP,inherit from parent,YES,QA Documentation
GMG_Enterprise_Repository/02_GQMS_Controlled_Repository/00_Group_Shared/03_GDP/01_Controlled_Documents/MTX/Draft,6,PS-GQMS-DOCUMENTS,00_Group_Shared,GMG-REPO-GQMS-DOCUMENTS-GRP,inherit from parent,YES,QA Documentation
GMG_Enterprise_Repository/02_GQMS_Controlled_Repository/00_Group_Shared/03_GDP/01_Controlled_Documents/MTX/Effective,6,PS-GQMS-DOCUMENTS,00_Group_Shared,GMG-REPO-GQMS-DOCUMENTS-GRP,inherit from parent,YES,QA Documentation
GMG_Enterprise_Repository/02_GQMS_Controlled_Repository/00_Group_Shared/03_GDP/01_Controlled_Documents/MTX/In_Review,6,PS-GQMS-DOCUMENTS,00_Group_Shared,GMG-REPO-GQMS-DOCUMENTS-GRP,inherit from parent,YES,QA Documentation
GMG_Enterprise_Repository/02_GQMS_Controlled_Repository/00_Group_Shared/03_GDP/01_Controlled_Documents/MTX/Retired,6,PS-GQMS-DOCUMENTS,00_Group_Shared,GMG-REPO-GQMS-DOCUMENTS-GRP,inherit from parent,YES,QA Documentation
GMG_Enterprise_Repository/02_GQMS_Controlled_Repository/00_Group_Shared/03_GDP/01_Controlled_Documents/MTX/Superseded,6,PS-GQMS-DOCUMENTS,00_Group_Shared,GMG-REPO-GQMS-DOCUMENTS-GRP,inherit from parent,YES,QA Documentation
GMG_Enterprise_Repository/02_GQMS_Controlled_Repository/00_Group_Shared/03_GDP/01_Controlled_Documents/PLN,5,PS-GQMS-DOCUMENTS,00_Group_Shared,GMG-REPO-GQMS-DOCUMENTS-GRP,inherit from parent,YES,QA Documentation
GMG_Enterprise_Repository/02_GQMS_Controlled_Repository/00_Group_Shared/03_GDP/01_Controlled_Documents/PLN/Approved_Pending_Effective,6,PS-GQMS-DOCUMENTS,00_Group_Shared,GMG-REPO-GQMS-DOCUMENTS-GRP,inherit from parent,YES,QA Documentation
GMG_Enterprise_Repository/02_GQMS_Controlled_Repository/00_Group_Shared/03_GDP/01_Controlled_Documents/PLN/Draft,6,PS-GQMS-DOCUMENTS,00_Group_Shared,GMG-REPO-GQMS-DOCUMENTS-GRP,inherit from parent,YES,QA Documentation
GMG_Enterprise_Repository/02_GQMS_Controlled_Repository/00_Group_Shared/03_GDP/01_Controlled_Documents/PLN/Effective,6,PS-GQMS-DOCUMENTS,00_Group_Shared,GMG-REPO-GQMS-DOCUMENTS-GRP,inherit from parent,YES,QA Documentation
GMG_Enterprise_Repository/02_GQMS_Controlled_Repository/00_Group_Shared/03_GDP/01_Controlled_Documents/PLN/In_Review,6,PS-GQMS-DOCUMENTS,00_Group_Shared,GMG-REPO-GQMS-DOCUMENTS-GRP,inherit from parent,YES,QA Documentation
GMG_Enterprise_Repository/02_GQMS_Controlled_Repository/00_Group_Shared/03_GDP/01_Controlled_Documents/PLN/Retired,6,PS-GQMS-DOCUMENTS,00_Group_Shared,GMG-REPO-GQMS-DOCUMENTS-GRP,inherit from parent,YES,QA Documentation
GMG_Enterprise_Repository/02_GQMS_Controlled_Repository/00_Group_Shared/03_GDP/01_Controlled_Documents/PLN/Superseded,6,PS-GQMS-DOCUMENTS,00_Group_Shared,GMG-REPO-GQMS-DOCUMENTS-GRP,inherit from parent,YES,QA Documentation
GMG_Enterprise_Repository/02_GQMS_Controlled_Repository/00_Group_Shared/03_GDP/01_Controlled_Documents/SOP,5,PS-GQMS-DOCUMENTS,00_Group_Shared,GMG-REPO-GQMS-DOCUMENTS-GRP,inherit from parent,YES,QA Documentation
GMG_Enterprise_Repository/02_GQMS_Controlled_Repository/00_Group_Shared/03_GDP/01_Controlled_Documents/SOP/Approved_Pending_Effective,6,PS-GQMS-DOCUMENTS,00_Group_Shared,GMG-REPO-GQMS-DOCUMENTS-GRP,inherit from parent,YES,QA Documentation
GMG_Enterprise_Repository/02_GQMS_Controlled_Repository/00_Group_Shared/03_GDP/01_Controlled_Documents/SOP/Draft,6,PS-GQMS-DOCUMENTS,00_Group_Shared,GMG-REPO-GQMS-DOCUMENTS-GRP,inherit from parent,YES,QA Documentation
GMG_Enterprise_Repository/02_GQMS_Controlled_Repository/00_Group_Shared/03_GDP/01_Controlled_Documents/SOP/Effective,6,PS-GQMS-DOCUMENTS,00_Group_Shared,GMG-REPO-GQMS-DOCUMENTS-GRP,inherit from parent,YES,QA Documentation
GMG_Enterprise_Repository/02_GQMS_Controlled_Repository/00_Group_Shared/03_GDP/01_Controlled_Documents/SOP/In_Review,6,PS-GQMS-DOCUMENTS,00_Group_Shared,GMG-REPO-GQMS-DOCUMENTS-GRP,inherit from parent,YES,QA Documentation
GMG_Enterprise_Repository/02_GQMS_Controlled_Repository/00_Group_Shared/03_GDP/01_Controlled_Documents/SOP/Retired,6,PS-GQMS-DOCUMENTS,00_Group_Shared,GMG-REPO-GQMS-DOCUMENTS-GRP,inherit from parent,YES,QA Documentation
GMG_Enterprise_Repository/02_GQMS_Controlled_Repository/00_Group_Shared/03_GDP/01_Controlled_Documents/SOP/Superseded,6,PS-GQMS-DOCUMENTS,00_Group_Shared,GMG-REPO-GQMS-DOCUMENTS-GRP,inherit from parent,YES,QA Documentation
GMG_Enterprise_Repository/02_GQMS_Controlled_Repository/00_Group_Shared/03_GDP/01_Controlled_Documents/TPL,5,PS-GQMS-DOCUMENTS,00_Group_Shared,GMG-REPO-GQMS-DOCUMENTS-GRP,inherit from parent,YES,QA Documentation
GMG_Enterprise_Repository/02_GQMS_Controlled_Repository/00_Group_Shared/03_GDP/01_Controlled_Documents/TPL/Approved_Pending_Effective,6,PS-GQMS-DOCUMENTS,00_Group_Shared,GMG-REPO-GQMS-DOCUMENTS-GRP,inherit from parent,YES,QA Documentation
GMG_Enterprise_Repository/02_GQMS_Controlled_Repository/00_Group_Shared/03_GDP/01_Controlled_Documents/TPL/Draft,6,PS-GQMS-DOCUMENTS,00_Group_Shared,GMG-REPO-GQMS-DOCUMENTS-GRP,inherit from parent,YES,QA Documentation
GMG_Enterprise_Repository/02_GQMS_Controlled_Repository/00_Group_Shared/03_GDP/01_Controlled_Documents/TPL/Effective,6,PS-GQMS-DOCUMENTS,00_Group_Shared,GMG-REPO-GQMS-DOCUMENTS-GRP,inherit from parent,YES,QA Documentation
GMG_Enterprise_Repository/02_GQMS_Controlled_Repository/00_Group_Shared/03_GDP/01_Controlled_Documents/TPL/In_Review,6,PS-GQMS-DOCUMENTS,00_Group_Shared,GMG-REPO-GQMS-DOCUMENTS-GRP,inherit from parent,YES,QA Documentation
GMG_Enterprise_Repository/02_GQMS_Controlled_Repository/00_Group_Shared/03_GDP/01_Controlled_Documents/TPL/Retired,6,PS-GQMS-DOCUMENTS,00_Group_Shared,GMG-REPO-GQMS-DOCUMENTS-GRP,inherit from parent,YES,QA Documentation
GMG_Enterprise_Repository/02_GQMS_Controlled_Repository/00_Group_Shared/03_GDP/01_Controlled_Documents/TPL/Superseded,6,PS-GQMS-DOCUMENTS,00_Group_Shared,GMG-REPO-GQMS-DOCUMENTS-GRP,inherit from parent,YES,QA Documentation
GMG_Enterprise_Repository/02_GQMS_Controlled_Repository/00_Group_Shared/03_GDP/01_Controlled_Documents/WIN,5,PS-GQMS-DOCUMENTS,00_Group_Shared,GMG-REPO-GQMS-DOCUMENTS-GRP,inherit from parent,YES,QA Documentation
GMG_Enterprise_Repository/02_GQMS_Controlled_Repository/00_Group_Shared/03_GDP/01_Controlled_Documents/WIN/Approved_Pending_Effective,6,PS-GQMS-DOCUMENTS,00_Group_Shared,GMG-REPO-GQMS-DOCUMENTS-GRP,inherit from parent,YES,QA Documentation
GMG_Enterprise_Repository/02_GQMS_Controlled_Repository/00_Group_Shared/03_GDP/01_Controlled_Documents/WIN/Draft,6,PS-GQMS-DOCUMENTS,00_Group_Shared,GMG-REPO-GQMS-DOCUMENTS-GRP,inherit from parent,YES,QA Documentation
GMG_Enterprise_Repository/02_GQMS_Controlled_Repository/00_Group_Shared/03_GDP/01_Controlled_Documents/WIN/Effective,6,PS-GQMS-DOCUMENTS,00_Group_Shared,GMG-REPO-GQMS-DOCUMENTS-GRP,inherit from parent,YES,QA Documentation
GMG_Enterprise_Repository/02_GQMS_Controlled_Repository/00_Group_Shared/03_GDP/01_Controlled_Documents/WIN/In_Review,6,PS-GQMS-DOCUMENTS,00_Group_Shared,GMG-REPO-GQMS-DOCUMENTS-GRP,inherit from parent,YES,QA Documentation
GMG_Enterprise_Repository/02_GQMS_Controlled_Repository/00_Group_Shared/03_GDP/01_Controlled_Documents/WIN/Retired,6,PS-GQMS-DOCUMENTS,00_Group_Shared,GMG-REPO-GQMS-DOCUMENTS-GRP,inherit from parent,YES,QA Documentation
GMG_Enterprise_Repository/02_GQMS_Controlled_Repository/00_Group_Shared/03_GDP/01_Controlled_Documents/WIN/Superseded,6,PS-GQMS-DOCUMENTS,00_Group_Shared,GMG-REPO-GQMS-DOCUMENTS-GRP,inherit from parent,YES,QA Documentation
GMG_Enterprise_Repository/02_GQMS_Controlled_Repository/00_Group_Shared/03_GDP/02_Quality_Records,4,PS-GQMS-RECORDS,00_Group_Shared,GMG-REPO-GQMS-RECORDS-GRP,BREAK INHERITANCE — apply explicitly,YES,Company QA / Process Owner
GMG_Enterprise_Repository/02_GQMS_Controlled_Repository/00_Group_Shared/04_PV,3,PS-GQMS-DOCUMENTS + PS-GQMS-RECORDS,00_Group_Shared,UNRESOLVED,inherit from parent,NO — CANNOT BIND,GQD / domain authority
GMG_Enterprise_Repository/02_GQMS_Controlled_Repository/00_Group_Shared/04_PV/01_Controlled_Documents,4,PS-GQMS-DOCUMENTS,00_Group_Shared,GMG-REPO-GQMS-DOCUMENTS-GRP,BREAK INHERITANCE — apply explicitly,YES,QA Documentation
GMG_Enterprise_Repository/02_GQMS_Controlled_Repository/00_Group_Shared/04_PV/01_Controlled_Documents/AGR,5,PS-GQMS-DOCUMENTS,00_Group_Shared,GMG-REPO-GQMS-DOCUMENTS-GRP,inherit from parent,YES,QA Documentation
GMG_Enterprise_Repository/02_GQMS_Controlled_Repository/00_Group_Shared/04_PV/01_Controlled_Documents/AGR/Approved_Pending_Effective,6,PS-GQMS-DOCUMENTS,00_Group_Shared,GMG-REPO-GQMS-DOCUMENTS-GRP,inherit from parent,YES,QA Documentation
GMG_Enterprise_Repository/02_GQMS_Controlled_Repository/00_Group_Shared/04_PV/01_Controlled_Documents/AGR/Draft,6,PS-GQMS-DOCUMENTS,00_Group_Shared,GMG-REPO-GQMS-DOCUMENTS-GRP,inherit from parent,YES,QA Documentation
GMG_Enterprise_Repository/02_GQMS_Controlled_Repository/00_Group_Shared/04_PV/01_Controlled_Documents/AGR/Effective,6,PS-GQMS-DOCUMENTS,00_Group_Shared,GMG-REPO-GQMS-DOCUMENTS-GRP,inherit from parent,YES,QA Documentation
GMG_Enterprise_Repository/02_GQMS_Controlled_Repository/00_Group_Shared/04_PV/01_Controlled_Documents/AGR/In_Review,6,PS-GQMS-DOCUMENTS,00_Group_Shared,GMG-REPO-GQMS-DOCUMENTS-GRP,inherit from parent,YES,QA Documentation
GMG_Enterprise_Repository/02_GQMS_Controlled_Repository/00_Group_Shared/04_PV/01_Controlled_Documents/AGR/Retired,6,PS-GQMS-DOCUMENTS,00_Group_Shared,GMG-REPO-GQMS-DOCUMENTS-GRP,inherit from parent,YES,QA Documentation
GMG_Enterprise_Repository/02_GQMS_Controlled_Repository/00_Group_Shared/04_PV/01_Controlled_Documents/AGR/Superseded,6,PS-GQMS-DOCUMENTS,00_Group_Shared,GMG-REPO-GQMS-DOCUMENTS-GRP,inherit from parent,YES,QA Documentation
GMG_Enterprise_Repository/02_GQMS_Controlled_Repository/00_Group_Shared/04_PV/01_Controlled_Documents/CHK,5,PS-GQMS-DOCUMENTS,00_Group_Shared,GMG-REPO-GQMS-DOCUMENTS-GRP,inherit from parent,YES,QA Documentation
GMG_Enterprise_Repository/02_GQMS_Controlled_Repository/00_Group_Shared/04_PV/01_Controlled_Documents/CHK/Approved_Pending_Effective,6,PS-GQMS-DOCUMENTS,00_Group_Shared,GMG-REPO-GQMS-DOCUMENTS-GRP,inherit from parent,YES,QA Documentation
GMG_Enterprise_Repository/02_GQMS_Controlled_Repository/00_Group_Shared/04_PV/01_Controlled_Documents/CHK/Draft,6,PS-GQMS-DOCUMENTS,00_Group_Shared,GMG-REPO-GQMS-DOCUMENTS-GRP,inherit from parent,YES,QA Documentation
GMG_Enterprise_Repository/02_GQMS_Controlled_Repository/00_Group_Shared/04_PV/01_Controlled_Documents/CHK/Effective,6,PS-GQMS-DOCUMENTS,00_Group_Shared,GMG-REPO-GQMS-DOCUMENTS-GRP,inherit from parent,YES,QA Documentation
GMG_Enterprise_Repository/02_GQMS_Controlled_Repository/00_Group_Shared/04_PV/01_Controlled_Documents/CHK/In_Review,6,PS-GQMS-DOCUMENTS,00_Group_Shared,GMG-REPO-GQMS-DOCUMENTS-GRP,inherit from parent,YES,QA Documentation
GMG_Enterprise_Repository/02_GQMS_Controlled_Repository/00_Group_Shared/04_PV/01_Controlled_Documents/CHK/Retired,6,PS-GQMS-DOCUMENTS,00_Group_Shared,GMG-REPO-GQMS-DOCUMENTS-GRP,inherit from parent,YES,QA Documentation
GMG_Enterprise_Repository/02_GQMS_Controlled_Repository/00_Group_Shared/04_PV/01_Controlled_Documents/CHK/Superseded,6,PS-GQMS-DOCUMENTS,00_Group_Shared,GMG-REPO-GQMS-DOCUMENTS-GRP,inherit from parent,YES,QA Documentation
GMG_Enterprise_Repository/02_GQMS_Controlled_Repository/00_Group_Shared/04_PV/01_Controlled_Documents/FRM,5,PS-GQMS-DOCUMENTS,00_Group_Shared,GMG-REPO-GQMS-DOCUMENTS-GRP,inherit from parent,YES,QA Documentation
GMG_Enterprise_Repository/02_GQMS_Controlled_Repository/00_Group_Shared/04_PV/01_Controlled_Documents/FRM/Approved_Pending_Effective,6,PS-GQMS-DOCUMENTS,00_Group_Shared,GMG-REPO-GQMS-DOCUMENTS-GRP,inherit from parent,YES,QA Documentation
GMG_Enterprise_Repository/02_GQMS_Controlled_Repository/00_Group_Shared/04_PV/01_Controlled_Documents/FRM/Draft,6,PS-GQMS-DOCUMENTS,00_Group_Shared,GMG-REPO-GQMS-DOCUMENTS-GRP,inherit from parent,YES,QA Documentation
GMG_Enterprise_Repository/02_GQMS_Controlled_Repository/00_Group_Shared/04_PV/01_Controlled_Documents/FRM/Effective,6,PS-GQMS-DOCUMENTS,00_Group_Shared,GMG-REPO-GQMS-DOCUMENTS-GRP,inherit from parent,YES,QA Documentation
GMG_Enterprise_Repository/02_GQMS_Controlled_Repository/00_Group_Shared/04_PV/01_Controlled_Documents/FRM/In_Review,6,PS-GQMS-DOCUMENTS,00_Group_Shared,GMG-REPO-GQMS-DOCUMENTS-GRP,inherit from parent,YES,QA Documentation
GMG_Enterprise_Repository/02_GQMS_Controlled_Repository/00_Group_Shared/04_PV/01_Controlled_Documents/FRM/Retired,6,PS-GQMS-DOCUMENTS,00_Group_Shared,GMG-REPO-GQMS-DOCUMENTS-GRP,inherit from parent,YES,QA Documentation
GMG_Enterprise_Repository/02_GQMS_Controlled_Repository/00_Group_Shared/04_PV/01_Controlled_Documents/FRM/Superseded,6,PS-GQMS-DOCUMENTS,00_Group_Shared,GMG-REPO-GQMS-DOCUMENTS-GRP,inherit from parent,YES,QA Documentation
GMG_Enterprise_Repository/02_GQMS_Controlled_Repository/00_Group_Shared/04_PV/01_Controlled_Documents/JDS,5,PS-GQMS-DOCUMENTS,00_Group_Shared,GMG-REPO-GQMS-DOCUMENTS-GRP,inherit from parent,YES,QA Documentation
GMG_Enterprise_Repository/02_GQMS_Controlled_Repository/00_Group_Shared/04_PV/01_Controlled_Documents/JDS/Approved_Pending_Effective,6,PS-GQMS-DOCUMENTS,00_Group_Shared,GMG-REPO-GQMS-DOCUMENTS-GRP,inherit from parent,YES,QA Documentation
GMG_Enterprise_Repository/02_GQMS_Controlled_Repository/00_Group_Shared/04_PV/01_Controlled_Documents/JDS/Draft,6,PS-GQMS-DOCUMENTS,00_Group_Shared,GMG-REPO-GQMS-DOCUMENTS-GRP,inherit from parent,YES,QA Documentation
GMG_Enterprise_Repository/02_GQMS_Controlled_Repository/00_Group_Shared/04_PV/01_Controlled_Documents/JDS/Effective,6,PS-GQMS-DOCUMENTS,00_Group_Shared,GMG-REPO-GQMS-DOCUMENTS-GRP,inherit from parent,YES,QA Documentation
GMG_Enterprise_Repository/02_GQMS_Controlled_Repository/00_Group_Shared/04_PV/01_Controlled_Documents/JDS/In_Review,6,PS-GQMS-DOCUMENTS,00_Group_Shared,GMG-REPO-GQMS-DOCUMENTS-GRP,inherit from parent,YES,QA Documentation
GMG_Enterprise_Repository/02_GQMS_Controlled_Repository/00_Group_Shared/04_PV/01_Controlled_Documents/JDS/Retired,6,PS-GQMS-DOCUMENTS,00_Group_Shared,GMG-REPO-GQMS-DOCUMENTS-GRP,inherit from parent,YES,QA Documentation
GMG_Enterprise_Repository/02_GQMS_Controlled_Repository/00_Group_Shared/04_PV/01_Controlled_Documents/JDS/Superseded,6,PS-GQMS-DOCUMENTS,00_Group_Shared,GMG-REPO-GQMS-DOCUMENTS-GRP,inherit from parent,YES,QA Documentation
GMG_Enterprise_Repository/02_GQMS_Controlled_Repository/00_Group_Shared/04_PV/01_Controlled_Documents/LOG,5,PS-GQMS-DOCUMENTS,00_Group_Shared,GMG-REPO-GQMS-DOCUMENTS-GRP,inherit from parent,YES,QA Documentation
GMG_Enterprise_Repository/02_GQMS_Controlled_Repository/00_Group_Shared/04_PV/01_Controlled_Documents/LOG/Approved_Pending_Effective,6,PS-GQMS-DOCUMENTS,00_Group_Shared,GMG-REPO-GQMS-DOCUMENTS-GRP,inherit from parent,YES,QA Documentation
GMG_Enterprise_Repository/02_GQMS_Controlled_Repository/00_Group_Shared/04_PV/01_Controlled_Documents/LOG/Draft,6,PS-GQMS-DOCUMENTS,00_Group_Shared,GMG-REPO-GQMS-DOCUMENTS-GRP,inherit from parent,YES,QA Documentation
GMG_Enterprise_Repository/02_GQMS_Controlled_Repository/00_Group_Shared/04_PV/01_Controlled_Documents/LOG/Effective,6,PS-GQMS-DOCUMENTS,00_Group_Shared,GMG-REPO-GQMS-DOCUMENTS-GRP,inherit from parent,YES,QA Documentation
GMG_Enterprise_Repository/02_GQMS_Controlled_Repository/00_Group_Shared/04_PV/01_Controlled_Documents/LOG/In_Review,6,PS-GQMS-DOCUMENTS,00_Group_Shared,GMG-REPO-GQMS-DOCUMENTS-GRP,inherit from parent,YES,QA Documentation
GMG_Enterprise_Repository/02_GQMS_Controlled_Repository/00_Group_Shared/04_PV/01_Controlled_Documents/LOG/Retired,6,PS-GQMS-DOCUMENTS,00_Group_Shared,GMG-REPO-GQMS-DOCUMENTS-GRP,inherit from parent,YES,QA Documentation
GMG_Enterprise_Repository/02_GQMS_Controlled_Repository/00_Group_Shared/04_PV/01_Controlled_Documents/LOG/Superseded,6,PS-GQMS-DOCUMENTS,00_Group_Shared,GMG-REPO-GQMS-DOCUMENTS-GRP,inherit from parent,YES,QA Documentation
GMG_Enterprise_Repository/02_GQMS_Controlled_Repository/00_Group_Shared/04_PV/01_Controlled_Documents/LST,5,PS-GQMS-DOCUMENTS,00_Group_Shared,GMG-REPO-GQMS-DOCUMENTS-GRP,inherit from parent,YES,QA Documentation
GMG_Enterprise_Repository/02_GQMS_Controlled_Repository/00_Group_Shared/04_PV/01_Controlled_Documents/LST/Approved_Pending_Effective,6,PS-GQMS-DOCUMENTS,00_Group_Shared,GMG-REPO-GQMS-DOCUMENTS-GRP,inherit from parent,YES,QA Documentation
GMG_Enterprise_Repository/02_GQMS_Controlled_Repository/00_Group_Shared/04_PV/01_Controlled_Documents/LST/Draft,6,PS-GQMS-DOCUMENTS,00_Group_Shared,GMG-REPO-GQMS-DOCUMENTS-GRP,inherit from parent,YES,QA Documentation
GMG_Enterprise_Repository/02_GQMS_Controlled_Repository/00_Group_Shared/04_PV/01_Controlled_Documents/LST/Effective,6,PS-GQMS-DOCUMENTS,00_Group_Shared,GMG-REPO-GQMS-DOCUMENTS-GRP,inherit from parent,YES,QA Documentation
GMG_Enterprise_Repository/02_GQMS_Controlled_Repository/00_Group_Shared/04_PV/01_Controlled_Documents/LST/In_Review,6,PS-GQMS-DOCUMENTS,00_Group_Shared,GMG-REPO-GQMS-DOCUMENTS-GRP,inherit from parent,YES,QA Documentation
GMG_Enterprise_Repository/02_GQMS_Controlled_Repository/00_Group_Shared/04_PV/01_Controlled_Documents/LST/Retired,6,PS-GQMS-DOCUMENTS,00_Group_Shared,GMG-REPO-GQMS-DOCUMENTS-GRP,inherit from parent,YES,QA Documentation
GMG_Enterprise_Repository/02_GQMS_Controlled_Repository/00_Group_Shared/04_PV/01_Controlled_Documents/LST/Superseded,6,PS-GQMS-DOCUMENTS,00_Group_Shared,GMG-REPO-GQMS-DOCUMENTS-GRP,inherit from parent,YES,QA Documentation
GMG_Enterprise_Repository/02_GQMS_Controlled_Repository/00_Group_Shared/04_PV/01_Controlled_Documents/MAN,5,PS-GQMS-DOCUMENTS,00_Group_Shared,GMG-REPO-GQMS-DOCUMENTS-GRP,inherit from parent,YES,QA Documentation
GMG_Enterprise_Repository/02_GQMS_Controlled_Repository/00_Group_Shared/04_PV/01_Controlled_Documents/MAN/Approved_Pending_Effective,6,PS-GQMS-DOCUMENTS,00_Group_Shared,GMG-REPO-GQMS-DOCUMENTS-GRP,inherit from parent,YES,QA Documentation
GMG_Enterprise_Repository/02_GQMS_Controlled_Repository/00_Group_Shared/04_PV/01_Controlled_Documents/MAN/Draft,6,PS-GQMS-DOCUMENTS,00_Group_Shared,GMG-REPO-GQMS-DOCUMENTS-GRP,inherit from parent,YES,QA Documentation
GMG_Enterprise_Repository/02_GQMS_Controlled_Repository/00_Group_Shared/04_PV/01_Controlled_Documents/MAN/Effective,6,PS-GQMS-DOCUMENTS,00_Group_Shared,GMG-REPO-GQMS-DOCUMENTS-GRP,inherit from parent,YES,QA Documentation
GMG_Enterprise_Repository/02_GQMS_Controlled_Repository/00_Group_Shared/04_PV/01_Controlled_Documents/MAN/In_Review,6,PS-GQMS-DOCUMENTS,00_Group_Shared,GMG-REPO-GQMS-DOCUMENTS-GRP,inherit from parent,YES,QA Documentation
GMG_Enterprise_Repository/02_GQMS_Controlled_Repository/00_Group_Shared/04_PV/01_Controlled_Documents/MAN/Retired,6,PS-GQMS-DOCUMENTS,00_Group_Shared,GMG-REPO-GQMS-DOCUMENTS-GRP,inherit from parent,YES,QA Documentation
GMG_Enterprise_Repository/02_GQMS_Controlled_Repository/00_Group_Shared/04_PV/01_Controlled_Documents/MAN/Superseded,6,PS-GQMS-DOCUMENTS,00_Group_Shared,GMG-REPO-GQMS-DOCUMENTS-GRP,inherit from parent,YES,QA Documentation
GMG_Enterprise_Repository/02_GQMS_Controlled_Repository/00_Group_Shared/04_PV/01_Controlled_Documents/MTX,5,PS-GQMS-DOCUMENTS,00_Group_Shared,GMG-REPO-GQMS-DOCUMENTS-GRP,inherit from parent,YES,QA Documentation
GMG_Enterprise_Repository/02_GQMS_Controlled_Repository/00_Group_Shared/04_PV/01_Controlled_Documents/MTX/Approved_Pending_Effective,6,PS-GQMS-DOCUMENTS,00_Group_Shared,GMG-REPO-GQMS-DOCUMENTS-GRP,inherit from parent,YES,QA Documentation
GMG_Enterprise_Repository/02_GQMS_Controlled_Repository/00_Group_Shared/04_PV/01_Controlled_Documents/MTX/Draft,6,PS-GQMS-DOCUMENTS,00_Group_Shared,GMG-REPO-GQMS-DOCUMENTS-GRP,inherit from parent,YES,QA Documentation
GMG_Enterprise_Repository/02_GQMS_Controlled_Repository/00_Group_Shared/04_PV/01_Controlled_Documents/MTX/Effective,6,PS-GQMS-DOCUMENTS,00_Group_Shared,GMG-REPO-GQMS-DOCUMENTS-GRP,inherit from parent,YES,QA Documentation
GMG_Enterprise_Repository/02_GQMS_Controlled_Repository/00_Group_Shared/04_PV/01_Controlled_Documents/MTX/In_Review,6,PS-GQMS-DOCUMENTS,00_Group_Shared,GMG-REPO-GQMS-DOCUMENTS-GRP,inherit from parent,YES,QA Documentation
GMG_Enterprise_Repository/02_GQMS_Controlled_Repository/00_Group_Shared/04_PV/01_Controlled_Documents/MTX/Retired,6,PS-GQMS-DOCUMENTS,00_Group_Shared,GMG-REPO-GQMS-DOCUMENTS-GRP,inherit from parent,YES,QA Documentation
GMG_Enterprise_Repository/02_GQMS_Controlled_Repository/00_Group_Shared/04_PV/01_Controlled_Documents/MTX/Superseded,6,PS-GQMS-DOCUMENTS,00_Group_Shared,GMG-REPO-GQMS-DOCUMENTS-GRP,inherit from parent,YES,QA Documentation
GMG_Enterprise_Repository/02_GQMS_Controlled_Repository/00_Group_Shared/04_PV/01_Controlled_Documents/PLN,5,PS-GQMS-DOCUMENTS,00_Group_Shared,GMG-REPO-GQMS-DOCUMENTS-GRP,inherit from parent,YES,QA Documentation
GMG_Enterprise_Repository/02_GQMS_Controlled_Repository/00_Group_Shared/04_PV/01_Controlled_Documents/PLN/Approved_Pending_Effective,6,PS-GQMS-DOCUMENTS,00_Group_Shared,GMG-REPO-GQMS-DOCUMENTS-GRP,inherit from parent,YES,QA Documentation
GMG_Enterprise_Repository/02_GQMS_Controlled_Repository/00_Group_Shared/04_PV/01_Controlled_Documents/PLN/Draft,6,PS-GQMS-DOCUMENTS,00_Group_Shared,GMG-REPO-GQMS-DOCUMENTS-GRP,inherit from parent,YES,QA Documentation
GMG_Enterprise_Repository/02_GQMS_Controlled_Repository/00_Group_Shared/04_PV/01_Controlled_Documents/PLN/Effective,6,PS-GQMS-DOCUMENTS,00_Group_Shared,GMG-REPO-GQMS-DOCUMENTS-GRP,inherit from parent,YES,QA Documentation
GMG_Enterprise_Repository/02_GQMS_Controlled_Repository/00_Group_Shared/04_PV/01_Controlled_Documents/PLN/In_Review,6,PS-GQMS-DOCUMENTS,00_Group_Shared,GMG-REPO-GQMS-DOCUMENTS-GRP,inherit from parent,YES,QA Documentation
GMG_Enterprise_Repository/02_GQMS_Controlled_Repository/00_Group_Shared/04_PV/01_Controlled_Documents/PLN/Retired,6,PS-GQMS-DOCUMENTS,00_Group_Shared,GMG-REPO-GQMS-DOCUMENTS-GRP,inherit from parent,YES,QA Documentation
GMG_Enterprise_Repository/02_GQMS_Controlled_Repository/00_Group_Shared/04_PV/01_Controlled_Documents/PLN/Superseded,6,PS-GQMS-DOCUMENTS,00_Group_Shared,GMG-REPO-GQMS-DOCUMENTS-GRP,inherit from parent,YES,QA Documentation
GMG_Enterprise_Repository/02_GQMS_Controlled_Repository/00_Group_Shared/04_PV/01_Controlled_Documents/RPT,5,PS-GQMS-DOCUMENTS,00_Group_Shared,GMG-REPO-GQMS-DOCUMENTS-GRP,inherit from parent,YES,QA Documentation
GMG_Enterprise_Repository/02_GQMS_Controlled_Repository/00_Group_Shared/04_PV/01_Controlled_Documents/RPT/Approved_Pending_Effective,6,PS-GQMS-DOCUMENTS,00_Group_Shared,GMG-REPO-GQMS-DOCUMENTS-GRP,inherit from parent,YES,QA Documentation
GMG_Enterprise_Repository/02_GQMS_Controlled_Repository/00_Group_Shared/04_PV/01_Controlled_Documents/RPT/Draft,6,PS-GQMS-DOCUMENTS,00_Group_Shared,GMG-REPO-GQMS-DOCUMENTS-GRP,inherit from parent,YES,QA Documentation
GMG_Enterprise_Repository/02_GQMS_Controlled_Repository/00_Group_Shared/04_PV/01_Controlled_Documents/RPT/Effective,6,PS-GQMS-DOCUMENTS,00_Group_Shared,GMG-REPO-GQMS-DOCUMENTS-GRP,inherit from parent,YES,QA Documentation
GMG_Enterprise_Repository/02_GQMS_Controlled_Repository/00_Group_Shared/04_PV/01_Controlled_Documents/RPT/In_Review,6,PS-GQMS-DOCUMENTS,00_Group_Shared,GMG-REPO-GQMS-DOCUMENTS-GRP,inherit from parent,YES,QA Documentation
GMG_Enterprise_Repository/02_GQMS_Controlled_Repository/00_Group_Shared/04_PV/01_Controlled_Documents/RPT/Retired,6,PS-GQMS-DOCUMENTS,00_Group_Shared,GMG-REPO-GQMS-DOCUMENTS-GRP,inherit from parent,YES,QA Documentation
GMG_Enterprise_Repository/02_GQMS_Controlled_Repository/00_Group_Shared/04_PV/01_Controlled_Documents/RPT/Superseded,6,PS-GQMS-DOCUMENTS,00_Group_Shared,GMG-REPO-GQMS-DOCUMENTS-GRP,inherit from parent,YES,QA Documentation
GMG_Enterprise_Repository/02_GQMS_Controlled_Repository/00_Group_Shared/04_PV/01_Controlled_Documents/RSK,5,PS-GQMS-DOCUMENTS,00_Group_Shared,GMG-REPO-GQMS-DOCUMENTS-GRP,inherit from parent,YES,QA Documentation
GMG_Enterprise_Repository/02_GQMS_Controlled_Repository/00_Group_Shared/04_PV/01_Controlled_Documents/RSK/Approved_Pending_Effective,6,PS-GQMS-DOCUMENTS,00_Group_Shared,GMG-REPO-GQMS-DOCUMENTS-GRP,inherit from parent,YES,QA Documentation
GMG_Enterprise_Repository/02_GQMS_Controlled_Repository/00_Group_Shared/04_PV/01_Controlled_Documents/RSK/Draft,6,PS-GQMS-DOCUMENTS,00_Group_Shared,GMG-REPO-GQMS-DOCUMENTS-GRP,inherit from parent,YES,QA Documentation
GMG_Enterprise_Repository/02_GQMS_Controlled_Repository/00_Group_Shared/04_PV/01_Controlled_Documents/RSK/Effective,6,PS-GQMS-DOCUMENTS,00_Group_Shared,GMG-REPO-GQMS-DOCUMENTS-GRP,inherit from parent,YES,QA Documentation
GMG_Enterprise_Repository/02_GQMS_Controlled_Repository/00_Group_Shared/04_PV/01_Controlled_Documents/RSK/In_Review,6,PS-GQMS-DOCUMENTS,00_Group_Shared,GMG-REPO-GQMS-DOCUMENTS-GRP,inherit from parent,YES,QA Documentation
GMG_Enterprise_Repository/02_GQMS_Controlled_Repository/00_Group_Shared/04_PV/01_Controlled_Documents/RSK/Retired,6,PS-GQMS-DOCUMENTS,00_Group_Shared,GMG-REPO-GQMS-DOCUMENTS-GRP,inherit from parent,YES,QA Documentation
GMG_Enterprise_Repository/02_GQMS_Controlled_Repository/00_Group_Shared/04_PV/01_Controlled_Documents/RSK/Superseded,6,PS-GQMS-DOCUMENTS,00_Group_Shared,GMG-REPO-GQMS-DOCUMENTS-GRP,inherit from parent,YES,QA Documentation
GMG_Enterprise_Repository/02_GQMS_Controlled_Repository/00_Group_Shared/04_PV/01_Controlled_Documents/SOP,5,PS-GQMS-DOCUMENTS,00_Group_Shared,GMG-REPO-GQMS-DOCUMENTS-GRP,inherit from parent,YES,QA Documentation
GMG_Enterprise_Repository/02_GQMS_Controlled_Repository/00_Group_Shared/04_PV/01_Controlled_Documents/SOP/Approved_Pending_Effective,6,PS-GQMS-DOCUMENTS,00_Group_Shared,GMG-REPO-GQMS-DOCUMENTS-GRP,inherit from parent,YES,QA Documentation
GMG_Enterprise_Repository/02_GQMS_Controlled_Repository/00_Group_Shared/04_PV/01_Controlled_Documents/SOP/Draft,6,PS-GQMS-DOCUMENTS,00_Group_Shared,GMG-REPO-GQMS-DOCUMENTS-GRP,inherit from parent,YES,QA Documentation
GMG_Enterprise_Repository/02_GQMS_Controlled_Repository/00_Group_Shared/04_PV/01_Controlled_Documents/SOP/Effective,6,PS-GQMS-DOCUMENTS,00_Group_Shared,GMG-REPO-GQMS-DOCUMENTS-GRP,inherit from parent,YES,QA Documentation
GMG_Enterprise_Repository/02_GQMS_Controlled_Repository/00_Group_Shared/04_PV/01_Controlled_Documents/SOP/In_Review,6,PS-GQMS-DOCUMENTS,00_Group_Shared,GMG-REPO-GQMS-DOCUMENTS-GRP,inherit from parent,YES,QA Documentation
GMG_Enterprise_Repository/02_GQMS_Controlled_Repository/00_Group_Shared/04_PV/01_Controlled_Documents/SOP/Retired,6,PS-GQMS-DOCUMENTS,00_Group_Shared,GMG-REPO-GQMS-DOCUMENTS-GRP,inherit from parent,YES,QA Documentation
GMG_Enterprise_Repository/02_GQMS_Controlled_Repository/00_Group_Shared/04_PV/01_Controlled_Documents/SOP/Superseded,6,PS-GQMS-DOCUMENTS,00_Group_Shared,GMG-REPO-GQMS-DOCUMENTS-GRP,inherit from parent,YES,QA Documentation
GMG_Enterprise_Repository/02_GQMS_Controlled_Repository/00_Group_Shared/04_PV/01_Controlled_Documents/TIA,5,PS-GQMS-DOCUMENTS,00_Group_Shared,GMG-REPO-GQMS-DOCUMENTS-GRP,inherit from parent,YES,QA Documentation
GMG_Enterprise_Repository/02_GQMS_Controlled_Repository/00_Group_Shared/04_PV/01_Controlled_Documents/TIA/Approved_Pending_Effective,6,PS-GQMS-DOCUMENTS,00_Group_Shared,GMG-REPO-GQMS-DOCUMENTS-GRP,inherit from parent,YES,QA Documentation
GMG_Enterprise_Repository/02_GQMS_Controlled_Repository/00_Group_Shared/04_PV/01_Controlled_Documents/TIA/Draft,6,PS-GQMS-DOCUMENTS,00_Group_Shared,GMG-REPO-GQMS-DOCUMENTS-GRP,inherit from parent,YES,QA Documentation
GMG_Enterprise_Repository/02_GQMS_Controlled_Repository/00_Group_Shared/04_PV/01_Controlled_Documents/TIA/Effective,6,PS-GQMS-DOCUMENTS,00_Group_Shared,GMG-REPO-GQMS-DOCUMENTS-GRP,inherit from parent,YES,QA Documentation
GMG_Enterprise_Repository/02_GQMS_Controlled_Repository/00_Group_Shared/04_PV/01_Controlled_Documents/TIA/In_Review,6,PS-GQMS-DOCUMENTS,00_Group_Shared,GMG-REPO-GQMS-DOCUMENTS-GRP,inherit from parent,YES,QA Documentation
GMG_Enterprise_Repository/02_GQMS_Controlled_Repository/00_Group_Shared/04_PV/01_Controlled_Documents/TIA/Retired,6,PS-GQMS-DOCUMENTS,00_Group_Shared,GMG-REPO-GQMS-DOCUMENTS-GRP,inherit from parent,YES,QA Documentation
GMG_Enterprise_Repository/02_GQMS_Controlled_Repository/00_Group_Shared/04_PV/01_Controlled_Documents/TIA/Superseded,6,PS-GQMS-DOCUMENTS,00_Group_Shared,GMG-REPO-GQMS-DOCUMENTS-GRP,inherit from parent,YES,QA Documentation
GMG_Enterprise_Repository/02_GQMS_Controlled_Repository/00_Group_Shared/04_PV/01_Controlled_Documents/TPL,5,PS-GQMS-DOCUMENTS,00_Group_Shared,GMG-REPO-GQMS-DOCUMENTS-GRP,inherit from parent,YES,QA Documentation
GMG_Enterprise_Repository/02_GQMS_Controlled_Repository/00_Group_Shared/04_PV/01_Controlled_Documents/TPL/Approved_Pending_Effective,6,PS-GQMS-DOCUMENTS,00_Group_Shared,GMG-REPO-GQMS-DOCUMENTS-GRP,inherit from parent,YES,QA Documentation
GMG_Enterprise_Repository/02_GQMS_Controlled_Repository/00_Group_Shared/04_PV/01_Controlled_Documents/TPL/Draft,6,PS-GQMS-DOCUMENTS,00_Group_Shared,GMG-REPO-GQMS-DOCUMENTS-GRP,inherit from parent,YES,QA Documentation
GMG_Enterprise_Repository/02_GQMS_Controlled_Repository/00_Group_Shared/04_PV/01_Controlled_Documents/TPL/Effective,6,PS-GQMS-DOCUMENTS,00_Group_Shared,GMG-REPO-GQMS-DOCUMENTS-GRP,inherit from parent,YES,QA Documentation
GMG_Enterprise_Repository/02_GQMS_Controlled_Repository/00_Group_Shared/04_PV/01_Controlled_Documents/TPL/In_Review,6,PS-GQMS-DOCUMENTS,00_Group_Shared,GMG-REPO-GQMS-DOCUMENTS-GRP,inherit from parent,YES,QA Documentation
GMG_Enterprise_Repository/02_GQMS_Controlled_Repository/00_Group_Shared/04_PV/01_Controlled_Documents/TPL/Retired,6,PS-GQMS-DOCUMENTS,00_Group_Shared,GMG-REPO-GQMS-DOCUMENTS-GRP,inherit from parent,YES,QA Documentation
GMG_Enterprise_Repository/02_GQMS_Controlled_Repository/00_Group_Shared/04_PV/01_Controlled_Documents/TPL/Superseded,6,PS-GQMS-DOCUMENTS,00_Group_Shared,GMG-REPO-GQMS-DOCUMENTS-GRP,inherit from parent,YES,QA Documentation
GMG_Enterprise_Repository/02_GQMS_Controlled_Repository/00_Group_Shared/04_PV/01_Controlled_Documents/WIN,5,PS-GQMS-DOCUMENTS,00_Group_Shared,GMG-REPO-GQMS-DOCUMENTS-GRP,inherit from parent,YES,QA Documentation
GMG_Enterprise_Repository/02_GQMS_Controlled_Repository/00_Group_Shared/04_PV/01_Controlled_Documents/WIN/Approved_Pending_Effective,6,PS-GQMS-DOCUMENTS,00_Group_Shared,GMG-REPO-GQMS-DOCUMENTS-GRP,inherit from parent,YES,QA Documentation
GMG_Enterprise_Repository/02_GQMS_Controlled_Repository/00_Group_Shared/04_PV/01_Controlled_Documents/WIN/Draft,6,PS-GQMS-DOCUMENTS,00_Group_Shared,GMG-REPO-GQMS-DOCUMENTS-GRP,inherit from parent,YES,QA Documentation
GMG_Enterprise_Repository/02_GQMS_Controlled_Repository/00_Group_Shared/04_PV/01_Controlled_Documents/WIN/Effective,6,PS-GQMS-DOCUMENTS,00_Group_Shared,GMG-REPO-GQMS-DOCUMENTS-GRP,inherit from parent,YES,QA Documentation
GMG_Enterprise_Repository/02_GQMS_Controlled_Repository/00_Group_Shared/04_PV/01_Controlled_Documents/WIN/In_Review,6,PS-GQMS-DOCUMENTS,00_Group_Shared,GMG-REPO-GQMS-DOCUMENTS-GRP,inherit from parent,YES,QA Documentation
GMG_Enterprise_Repository/02_GQMS_Controlled_Repository/00_Group_Shared/04_PV/01_Controlled_Documents/WIN/Retired,6,PS-GQMS-DOCUMENTS,00_Group_Shared,GMG-REPO-GQMS-DOCUMENTS-GRP,inherit from parent,YES,QA Documentation
GMG_Enterprise_Repository/02_GQMS_Controlled_Repository/00_Group_Shared/04_PV/01_Controlled_Documents/WIN/Superseded,6,PS-GQMS-DOCUMENTS,00_Group_Shared,GMG-REPO-GQMS-DOCUMENTS-GRP,inherit from parent,YES,QA Documentation
GMG_Enterprise_Repository/02_GQMS_Controlled_Repository/00_Group_Shared/04_PV/02_Quality_Records,4,PS-GQMS-RECORDS,00_Group_Shared,GMG-REPO-GQMS-RECORDS-GRP,BREAK INHERITANCE — apply explicitly,YES,Company QA / Process Owner
GMG_Enterprise_Repository/02_GQMS_Controlled_Repository/00_Group_Shared/05_RAF,3,PS-GQMS-DOCUMENTS + PS-GQMS-RECORDS,00_Group_Shared,UNRESOLVED,inherit from parent,NO — CANNOT BIND,GQD / domain authority
GMG_Enterprise_Repository/02_GQMS_Controlled_Repository/00_Group_Shared/05_RAF/01_Controlled_Documents,4,PS-GQMS-DOCUMENTS,00_Group_Shared,GMG-REPO-GQMS-DOCUMENTS-GRP,BREAK INHERITANCE — apply explicitly,YES,QA Documentation
GMG_Enterprise_Repository/02_GQMS_Controlled_Repository/00_Group_Shared/05_RAF/01_Controlled_Documents/AGR,5,PS-GQMS-DOCUMENTS,00_Group_Shared,GMG-REPO-GQMS-DOCUMENTS-GRP,inherit from parent,YES,QA Documentation
GMG_Enterprise_Repository/02_GQMS_Controlled_Repository/00_Group_Shared/05_RAF/01_Controlled_Documents/AGR/Approved_Pending_Effective,6,PS-GQMS-DOCUMENTS,00_Group_Shared,GMG-REPO-GQMS-DOCUMENTS-GRP,inherit from parent,YES,QA Documentation
GMG_Enterprise_Repository/02_GQMS_Controlled_Repository/00_Group_Shared/05_RAF/01_Controlled_Documents/AGR/Draft,6,PS-GQMS-DOCUMENTS,00_Group_Shared,GMG-REPO-GQMS-DOCUMENTS-GRP,inherit from parent,YES,QA Documentation
GMG_Enterprise_Repository/02_GQMS_Controlled_Repository/00_Group_Shared/05_RAF/01_Controlled_Documents/AGR/Effective,6,PS-GQMS-DOCUMENTS,00_Group_Shared,GMG-REPO-GQMS-DOCUMENTS-GRP,inherit from parent,YES,QA Documentation
GMG_Enterprise_Repository/02_GQMS_Controlled_Repository/00_Group_Shared/05_RAF/01_Controlled_Documents/AGR/In_Review,6,PS-GQMS-DOCUMENTS,00_Group_Shared,GMG-REPO-GQMS-DOCUMENTS-GRP,inherit from parent,YES,QA Documentation
GMG_Enterprise_Repository/02_GQMS_Controlled_Repository/00_Group_Shared/05_RAF/01_Controlled_Documents/AGR/Retired,6,PS-GQMS-DOCUMENTS,00_Group_Shared,GMG-REPO-GQMS-DOCUMENTS-GRP,inherit from parent,YES,QA Documentation
GMG_Enterprise_Repository/02_GQMS_Controlled_Repository/00_Group_Shared/05_RAF/01_Controlled_Documents/AGR/Superseded,6,PS-GQMS-DOCUMENTS,00_Group_Shared,GMG-REPO-GQMS-DOCUMENTS-GRP,inherit from parent,YES,QA Documentation
GMG_Enterprise_Repository/02_GQMS_Controlled_Repository/00_Group_Shared/05_RAF/01_Controlled_Documents/CHK,5,PS-GQMS-DOCUMENTS,00_Group_Shared,GMG-REPO-GQMS-DOCUMENTS-GRP,inherit from parent,YES,QA Documentation
GMG_Enterprise_Repository/02_GQMS_Controlled_Repository/00_Group_Shared/05_RAF/01_Controlled_Documents/CHK/Approved_Pending_Effective,6,PS-GQMS-DOCUMENTS,00_Group_Shared,GMG-REPO-GQMS-DOCUMENTS-GRP,inherit from parent,YES,QA Documentation
GMG_Enterprise_Repository/02_GQMS_Controlled_Repository/00_Group_Shared/05_RAF/01_Controlled_Documents/CHK/Draft,6,PS-GQMS-DOCUMENTS,00_Group_Shared,GMG-REPO-GQMS-DOCUMENTS-GRP,inherit from parent,YES,QA Documentation
GMG_Enterprise_Repository/02_GQMS_Controlled_Repository/00_Group_Shared/05_RAF/01_Controlled_Documents/CHK/Effective,6,PS-GQMS-DOCUMENTS,00_Group_Shared,GMG-REPO-GQMS-DOCUMENTS-GRP,inherit from parent,YES,QA Documentation
GMG_Enterprise_Repository/02_GQMS_Controlled_Repository/00_Group_Shared/05_RAF/01_Controlled_Documents/CHK/In_Review,6,PS-GQMS-DOCUMENTS,00_Group_Shared,GMG-REPO-GQMS-DOCUMENTS-GRP,inherit from parent,YES,QA Documentation
GMG_Enterprise_Repository/02_GQMS_Controlled_Repository/00_Group_Shared/05_RAF/01_Controlled_Documents/CHK/Retired,6,PS-GQMS-DOCUMENTS,00_Group_Shared,GMG-REPO-GQMS-DOCUMENTS-GRP,inherit from parent,YES,QA Documentation
GMG_Enterprise_Repository/02_GQMS_Controlled_Repository/00_Group_Shared/05_RAF/01_Controlled_Documents/CHK/Superseded,6,PS-GQMS-DOCUMENTS,00_Group_Shared,GMG-REPO-GQMS-DOCUMENTS-GRP,inherit from parent,YES,QA Documentation
GMG_Enterprise_Repository/02_GQMS_Controlled_Repository/00_Group_Shared/05_RAF/01_Controlled_Documents/FRM,5,PS-GQMS-DOCUMENTS,00_Group_Shared,GMG-REPO-GQMS-DOCUMENTS-GRP,inherit from parent,YES,QA Documentation
GMG_Enterprise_Repository/02_GQMS_Controlled_Repository/00_Group_Shared/05_RAF/01_Controlled_Documents/FRM/Approved_Pending_Effective,6,PS-GQMS-DOCUMENTS,00_Group_Shared,GMG-REPO-GQMS-DOCUMENTS-GRP,inherit from parent,YES,QA Documentation
GMG_Enterprise_Repository/02_GQMS_Controlled_Repository/00_Group_Shared/05_RAF/01_Controlled_Documents/FRM/Draft,6,PS-GQMS-DOCUMENTS,00_Group_Shared,GMG-REPO-GQMS-DOCUMENTS-GRP,inherit from parent,YES,QA Documentation
GMG_Enterprise_Repository/02_GQMS_Controlled_Repository/00_Group_Shared/05_RAF/01_Controlled_Documents/FRM/Effective,6,PS-GQMS-DOCUMENTS,00_Group_Shared,GMG-REPO-GQMS-DOCUMENTS-GRP,inherit from parent,YES,QA Documentation
GMG_Enterprise_Repository/02_GQMS_Controlled_Repository/00_Group_Shared/05_RAF/01_Controlled_Documents/FRM/In_Review,6,PS-GQMS-DOCUMENTS,00_Group_Shared,GMG-REPO-GQMS-DOCUMENTS-GRP,inherit from parent,YES,QA Documentation
GMG_Enterprise_Repository/02_GQMS_Controlled_Repository/00_Group_Shared/05_RAF/01_Controlled_Documents/FRM/Retired,6,PS-GQMS-DOCUMENTS,00_Group_Shared,GMG-REPO-GQMS-DOCUMENTS-GRP,inherit from parent,YES,QA Documentation
GMG_Enterprise_Repository/02_GQMS_Controlled_Repository/00_Group_Shared/05_RAF/01_Controlled_Documents/FRM/Superseded,6,PS-GQMS-DOCUMENTS,00_Group_Shared,GMG-REPO-GQMS-DOCUMENTS-GRP,inherit from parent,YES,QA Documentation
GMG_Enterprise_Repository/02_GQMS_Controlled_Repository/00_Group_Shared/05_RAF/01_Controlled_Documents/LOG,5,PS-GQMS-DOCUMENTS,00_Group_Shared,GMG-REPO-GQMS-DOCUMENTS-GRP,inherit from parent,YES,QA Documentation
GMG_Enterprise_Repository/02_GQMS_Controlled_Repository/00_Group_Shared/05_RAF/01_Controlled_Documents/LOG/Approved_Pending_Effective,6,PS-GQMS-DOCUMENTS,00_Group_Shared,GMG-REPO-GQMS-DOCUMENTS-GRP,inherit from parent,YES,QA Documentation
GMG_Enterprise_Repository/02_GQMS_Controlled_Repository/00_Group_Shared/05_RAF/01_Controlled_Documents/LOG/Draft,6,PS-GQMS-DOCUMENTS,00_Group_Shared,GMG-REPO-GQMS-DOCUMENTS-GRP,inherit from parent,YES,QA Documentation
GMG_Enterprise_Repository/02_GQMS_Controlled_Repository/00_Group_Shared/05_RAF/01_Controlled_Documents/LOG/Effective,6,PS-GQMS-DOCUMENTS,00_Group_Shared,GMG-REPO-GQMS-DOCUMENTS-GRP,inherit from parent,YES,QA Documentation
GMG_Enterprise_Repository/02_GQMS_Controlled_Repository/00_Group_Shared/05_RAF/01_Controlled_Documents/LOG/In_Review,6,PS-GQMS-DOCUMENTS,00_Group_Shared,GMG-REPO-GQMS-DOCUMENTS-GRP,inherit from parent,YES,QA Documentation
GMG_Enterprise_Repository/02_GQMS_Controlled_Repository/00_Group_Shared/05_RAF/01_Controlled_Documents/LOG/Retired,6,PS-GQMS-DOCUMENTS,00_Group_Shared,GMG-REPO-GQMS-DOCUMENTS-GRP,inherit from parent,YES,QA Documentation
GMG_Enterprise_Repository/02_GQMS_Controlled_Repository/00_Group_Shared/05_RAF/01_Controlled_Documents/LOG/Superseded,6,PS-GQMS-DOCUMENTS,00_Group_Shared,GMG-REPO-GQMS-DOCUMENTS-GRP,inherit from parent,YES,QA Documentation
GMG_Enterprise_Repository/02_GQMS_Controlled_Repository/00_Group_Shared/05_RAF/01_Controlled_Documents/MEM,5,PS-GQMS-DOCUMENTS,00_Group_Shared,GMG-REPO-GQMS-DOCUMENTS-GRP,inherit from parent,YES,QA Documentation
GMG_Enterprise_Repository/02_GQMS_Controlled_Repository/00_Group_Shared/05_RAF/01_Controlled_Documents/MEM/Approved_Pending_Effective,6,PS-GQMS-DOCUMENTS,00_Group_Shared,GMG-REPO-GQMS-DOCUMENTS-GRP,inherit from parent,YES,QA Documentation
GMG_Enterprise_Repository/02_GQMS_Controlled_Repository/00_Group_Shared/05_RAF/01_Controlled_Documents/MEM/Draft,6,PS-GQMS-DOCUMENTS,00_Group_Shared,GMG-REPO-GQMS-DOCUMENTS-GRP,inherit from parent,YES,QA Documentation
GMG_Enterprise_Repository/02_GQMS_Controlled_Repository/00_Group_Shared/05_RAF/01_Controlled_Documents/MEM/Effective,6,PS-GQMS-DOCUMENTS,00_Group_Shared,GMG-REPO-GQMS-DOCUMENTS-GRP,inherit from parent,YES,QA Documentation
GMG_Enterprise_Repository/02_GQMS_Controlled_Repository/00_Group_Shared/05_RAF/01_Controlled_Documents/MEM/In_Review,6,PS-GQMS-DOCUMENTS,00_Group_Shared,GMG-REPO-GQMS-DOCUMENTS-GRP,inherit from parent,YES,QA Documentation
GMG_Enterprise_Repository/02_GQMS_Controlled_Repository/00_Group_Shared/05_RAF/01_Controlled_Documents/MEM/Retired,6,PS-GQMS-DOCUMENTS,00_Group_Shared,GMG-REPO-GQMS-DOCUMENTS-GRP,inherit from parent,YES,QA Documentation
GMG_Enterprise_Repository/02_GQMS_Controlled_Repository/00_Group_Shared/05_RAF/01_Controlled_Documents/MEM/Superseded,6,PS-GQMS-DOCUMENTS,00_Group_Shared,GMG-REPO-GQMS-DOCUMENTS-GRP,inherit from parent,YES,QA Documentation
GMG_Enterprise_Repository/02_GQMS_Controlled_Repository/00_Group_Shared/05_RAF/01_Controlled_Documents/MTX,5,PS-GQMS-DOCUMENTS,00_Group_Shared,GMG-REPO-GQMS-DOCUMENTS-GRP,inherit from parent,YES,QA Documentation
GMG_Enterprise_Repository/02_GQMS_Controlled_Repository/00_Group_Shared/05_RAF/01_Controlled_Documents/MTX/Approved_Pending_Effective,6,PS-GQMS-DOCUMENTS,00_Group_Shared,GMG-REPO-GQMS-DOCUMENTS-GRP,inherit from parent,YES,QA Documentation
GMG_Enterprise_Repository/02_GQMS_Controlled_Repository/00_Group_Shared/05_RAF/01_Controlled_Documents/MTX/Draft,6,PS-GQMS-DOCUMENTS,00_Group_Shared,GMG-REPO-GQMS-DOCUMENTS-GRP,inherit from parent,YES,QA Documentation
GMG_Enterprise_Repository/02_GQMS_Controlled_Repository/00_Group_Shared/05_RAF/01_Controlled_Documents/MTX/Effective,6,PS-GQMS-DOCUMENTS,00_Group_Shared,GMG-REPO-GQMS-DOCUMENTS-GRP,inherit from parent,YES,QA Documentation
GMG_Enterprise_Repository/02_GQMS_Controlled_Repository/00_Group_Shared/05_RAF/01_Controlled_Documents/MTX/In_Review,6,PS-GQMS-DOCUMENTS,00_Group_Shared,GMG-REPO-GQMS-DOCUMENTS-GRP,inherit from parent,YES,QA Documentation
GMG_Enterprise_Repository/02_GQMS_Controlled_Repository/00_Group_Shared/05_RAF/01_Controlled_Documents/MTX/Retired,6,PS-GQMS-DOCUMENTS,00_Group_Shared,GMG-REPO-GQMS-DOCUMENTS-GRP,inherit from parent,YES,QA Documentation
GMG_Enterprise_Repository/02_GQMS_Controlled_Repository/00_Group_Shared/05_RAF/01_Controlled_Documents/MTX/Superseded,6,PS-GQMS-DOCUMENTS,00_Group_Shared,GMG-REPO-GQMS-DOCUMENTS-GRP,inherit from parent,YES,QA Documentation
GMG_Enterprise_Repository/02_GQMS_Controlled_Repository/00_Group_Shared/05_RAF/01_Controlled_Documents/PLN,5,PS-GQMS-DOCUMENTS,00_Group_Shared,GMG-REPO-GQMS-DOCUMENTS-GRP,inherit from parent,YES,QA Documentation
GMG_Enterprise_Repository/02_GQMS_Controlled_Repository/00_Group_Shared/05_RAF/01_Controlled_Documents/PLN/Approved_Pending_Effective,6,PS-GQMS-DOCUMENTS,00_Group_Shared,GMG-REPO-GQMS-DOCUMENTS-GRP,inherit from parent,YES,QA Documentation
GMG_Enterprise_Repository/02_GQMS_Controlled_Repository/00_Group_Shared/05_RAF/01_Controlled_Documents/PLN/Draft,6,PS-GQMS-DOCUMENTS,00_Group_Shared,GMG-REPO-GQMS-DOCUMENTS-GRP,inherit from parent,YES,QA Documentation
GMG_Enterprise_Repository/02_GQMS_Controlled_Repository/00_Group_Shared/05_RAF/01_Controlled_Documents/PLN/Effective,6,PS-GQMS-DOCUMENTS,00_Group_Shared,GMG-REPO-GQMS-DOCUMENTS-GRP,inherit from parent,YES,QA Documentation
GMG_Enterprise_Repository/02_GQMS_Controlled_Repository/00_Group_Shared/05_RAF/01_Controlled_Documents/PLN/In_Review,6,PS-GQMS-DOCUMENTS,00_Group_Shared,GMG-REPO-GQMS-DOCUMENTS-GRP,inherit from parent,YES,QA Documentation
GMG_Enterprise_Repository/02_GQMS_Controlled_Repository/00_Group_Shared/05_RAF/01_Controlled_Documents/PLN/Retired,6,PS-GQMS-DOCUMENTS,00_Group_Shared,GMG-REPO-GQMS-DOCUMENTS-GRP,inherit from parent,YES,QA Documentation
GMG_Enterprise_Repository/02_GQMS_Controlled_Repository/00_Group_Shared/05_RAF/01_Controlled_Documents/PLN/Superseded,6,PS-GQMS-DOCUMENTS,00_Group_Shared,GMG-REPO-GQMS-DOCUMENTS-GRP,inherit from parent,YES,QA Documentation
GMG_Enterprise_Repository/02_GQMS_Controlled_Repository/00_Group_Shared/05_RAF/01_Controlled_Documents/SOP,5,PS-GQMS-DOCUMENTS,00_Group_Shared,GMG-REPO-GQMS-DOCUMENTS-GRP,inherit from parent,YES,QA Documentation
GMG_Enterprise_Repository/02_GQMS_Controlled_Repository/00_Group_Shared/05_RAF/01_Controlled_Documents/SOP/Approved_Pending_Effective,6,PS-GQMS-DOCUMENTS,00_Group_Shared,GMG-REPO-GQMS-DOCUMENTS-GRP,inherit from parent,YES,QA Documentation
GMG_Enterprise_Repository/02_GQMS_Controlled_Repository/00_Group_Shared/05_RAF/01_Controlled_Documents/SOP/Draft,6,PS-GQMS-DOCUMENTS,00_Group_Shared,GMG-REPO-GQMS-DOCUMENTS-GRP,inherit from parent,YES,QA Documentation
GMG_Enterprise_Repository/02_GQMS_Controlled_Repository/00_Group_Shared/05_RAF/01_Controlled_Documents/SOP/Effective,6,PS-GQMS-DOCUMENTS,00_Group_Shared,GMG-REPO-GQMS-DOCUMENTS-GRP,inherit from parent,YES,QA Documentation
GMG_Enterprise_Repository/02_GQMS_Controlled_Repository/00_Group_Shared/05_RAF/01_Controlled_Documents/SOP/In_Review,6,PS-GQMS-DOCUMENTS,00_Group_Shared,GMG-REPO-GQMS-DOCUMENTS-GRP,inherit from parent,YES,QA Documentation
GMG_Enterprise_Repository/02_GQMS_Controlled_Repository/00_Group_Shared/05_RAF/01_Controlled_Documents/SOP/Retired,6,PS-GQMS-DOCUMENTS,00_Group_Shared,GMG-REPO-GQMS-DOCUMENTS-GRP,inherit from parent,YES,QA Documentation
GMG_Enterprise_Repository/02_GQMS_Controlled_Repository/00_Group_Shared/05_RAF/01_Controlled_Documents/SOP/Superseded,6,PS-GQMS-DOCUMENTS,00_Group_Shared,GMG-REPO-GQMS-DOCUMENTS-GRP,inherit from parent,YES,QA Documentation
GMG_Enterprise_Repository/02_GQMS_Controlled_Repository/00_Group_Shared/05_RAF/01_Controlled_Documents/TPL,5,PS-GQMS-DOCUMENTS,00_Group_Shared,GMG-REPO-GQMS-DOCUMENTS-GRP,inherit from parent,YES,QA Documentation
GMG_Enterprise_Repository/02_GQMS_Controlled_Repository/00_Group_Shared/05_RAF/01_Controlled_Documents/TPL/Approved_Pending_Effective,6,PS-GQMS-DOCUMENTS,00_Group_Shared,GMG-REPO-GQMS-DOCUMENTS-GRP,inherit from parent,YES,QA Documentation
GMG_Enterprise_Repository/02_GQMS_Controlled_Repository/00_Group_Shared/05_RAF/01_Controlled_Documents/TPL/Draft,6,PS-GQMS-DOCUMENTS,00_Group_Shared,GMG-REPO-GQMS-DOCUMENTS-GRP,inherit from parent,YES,QA Documentation
GMG_Enterprise_Repository/02_GQMS_Controlled_Repository/00_Group_Shared/05_RAF/01_Controlled_Documents/TPL/Effective,6,PS-GQMS-DOCUMENTS,00_Group_Shared,GMG-REPO-GQMS-DOCUMENTS-GRP,inherit from parent,YES,QA Documentation
GMG_Enterprise_Repository/02_GQMS_Controlled_Repository/00_Group_Shared/05_RAF/01_Controlled_Documents/TPL/In_Review,6,PS-GQMS-DOCUMENTS,00_Group_Shared,GMG-REPO-GQMS-DOCUMENTS-GRP,inherit from parent,YES,QA Documentation
GMG_Enterprise_Repository/02_GQMS_Controlled_Repository/00_Group_Shared/05_RAF/01_Controlled_Documents/TPL/Retired,6,PS-GQMS-DOCUMENTS,00_Group_Shared,GMG-REPO-GQMS-DOCUMENTS-GRP,inherit from parent,YES,QA Documentation
GMG_Enterprise_Repository/02_GQMS_Controlled_Repository/00_Group_Shared/05_RAF/01_Controlled_Documents/TPL/Superseded,6,PS-GQMS-DOCUMENTS,00_Group_Shared,GMG-REPO-GQMS-DOCUMENTS-GRP,inherit from parent,YES,QA Documentation
GMG_Enterprise_Repository/02_GQMS_Controlled_Repository/00_Group_Shared/05_RAF/01_Controlled_Documents/WIN,5,PS-GQMS-DOCUMENTS,00_Group_Shared,GMG-REPO-GQMS-DOCUMENTS-GRP,inherit from parent,YES,QA Documentation
GMG_Enterprise_Repository/02_GQMS_Controlled_Repository/00_Group_Shared/05_RAF/01_Controlled_Documents/WIN/Approved_Pending_Effective,6,PS-GQMS-DOCUMENTS,00_Group_Shared,GMG-REPO-GQMS-DOCUMENTS-GRP,inherit from parent,YES,QA Documentation
GMG_Enterprise_Repository/02_GQMS_Controlled_Repository/00_Group_Shared/05_RAF/01_Controlled_Documents/WIN/Draft,6,PS-GQMS-DOCUMENTS,00_Group_Shared,GMG-REPO-GQMS-DOCUMENTS-GRP,inherit from parent,YES,QA Documentation
GMG_Enterprise_Repository/02_GQMS_Controlled_Repository/00_Group_Shared/05_RAF/01_Controlled_Documents/WIN/Effective,6,PS-GQMS-DOCUMENTS,00_Group_Shared,GMG-REPO-GQMS-DOCUMENTS-GRP,inherit from parent,YES,QA Documentation
GMG_Enterprise_Repository/02_GQMS_Controlled_Repository/00_Group_Shared/05_RAF/01_Controlled_Documents/WIN/In_Review,6,PS-GQMS-DOCUMENTS,00_Group_Shared,GMG-REPO-GQMS-DOCUMENTS-GRP,inherit from parent,YES,QA Documentation
GMG_Enterprise_Repository/02_GQMS_Controlled_Repository/00_Group_Shared/05_RAF/01_Controlled_Documents/WIN/Retired,6,PS-GQMS-DOCUMENTS,00_Group_Shared,GMG-REPO-GQMS-DOCUMENTS-GRP,inherit from parent,YES,QA Documentation
GMG_Enterprise_Repository/02_GQMS_Controlled_Repository/00_Group_Shared/05_RAF/01_Controlled_Documents/WIN/Superseded,6,PS-GQMS-DOCUMENTS,00_Group_Shared,GMG-REPO-GQMS-DOCUMENTS-GRP,inherit from parent,YES,QA Documentation
GMG_Enterprise_Repository/02_GQMS_Controlled_Repository/00_Group_Shared/05_RAF/02_Quality_Records,4,PS-GQMS-RECORDS,00_Group_Shared,GMG-REPO-GQMS-RECORDS-GRP,BREAK INHERITANCE — apply explicitly,YES,Company QA / Process Owner
GMG_Enterprise_Repository/02_GQMS_Controlled_Repository/00_Group_Shared/06_NUT,3,PS-GQMS-DOCUMENTS + PS-GQMS-RECORDS,00_Group_Shared,UNRESOLVED,inherit from parent,NO — CANNOT BIND,GQD / domain authority
GMG_Enterprise_Repository/02_GQMS_Controlled_Repository/00_Group_Shared/06_NUT/01_Controlled_Documents,4,PS-GQMS-DOCUMENTS,00_Group_Shared,GMG-REPO-GQMS-DOCUMENTS-GRP,BREAK INHERITANCE — apply explicitly,YES,QA Documentation
GMG_Enterprise_Repository/02_GQMS_Controlled_Repository/00_Group_Shared/06_NUT/01_Controlled_Documents/AGR,5,PS-GQMS-DOCUMENTS,00_Group_Shared,GMG-REPO-GQMS-DOCUMENTS-GRP,inherit from parent,YES,QA Documentation
GMG_Enterprise_Repository/02_GQMS_Controlled_Repository/00_Group_Shared/06_NUT/01_Controlled_Documents/AGR/Approved_Pending_Effective,6,PS-GQMS-DOCUMENTS,00_Group_Shared,GMG-REPO-GQMS-DOCUMENTS-GRP,inherit from parent,YES,QA Documentation
GMG_Enterprise_Repository/02_GQMS_Controlled_Repository/00_Group_Shared/06_NUT/01_Controlled_Documents/AGR/Draft,6,PS-GQMS-DOCUMENTS,00_Group_Shared,GMG-REPO-GQMS-DOCUMENTS-GRP,inherit from parent,YES,QA Documentation
GMG_Enterprise_Repository/02_GQMS_Controlled_Repository/00_Group_Shared/06_NUT/01_Controlled_Documents/AGR/Effective,6,PS-GQMS-DOCUMENTS,00_Group_Shared,GMG-REPO-GQMS-DOCUMENTS-GRP,inherit from parent,YES,QA Documentation
GMG_Enterprise_Repository/02_GQMS_Controlled_Repository/00_Group_Shared/06_NUT/01_Controlled_Documents/AGR/In_Review,6,PS-GQMS-DOCUMENTS,00_Group_Shared,GMG-REPO-GQMS-DOCUMENTS-GRP,inherit from parent,YES,QA Documentation
GMG_Enterprise_Repository/02_GQMS_Controlled_Repository/00_Group_Shared/06_NUT/01_Controlled_Documents/AGR/Retired,6,PS-GQMS-DOCUMENTS,00_Group_Shared,GMG-REPO-GQMS-DOCUMENTS-GRP,inherit from parent,YES,QA Documentation
GMG_Enterprise_Repository/02_GQMS_Controlled_Repository/00_Group_Shared/06_NUT/01_Controlled_Documents/AGR/Superseded,6,PS-GQMS-DOCUMENTS,00_Group_Shared,GMG-REPO-GQMS-DOCUMENTS-GRP,inherit from parent,YES,QA Documentation
GMG_Enterprise_Repository/02_GQMS_Controlled_Repository/00_Group_Shared/06_NUT/01_Controlled_Documents/CHK,5,PS-GQMS-DOCUMENTS,00_Group_Shared,GMG-REPO-GQMS-DOCUMENTS-GRP,inherit from parent,YES,QA Documentation
GMG_Enterprise_Repository/02_GQMS_Controlled_Repository/00_Group_Shared/06_NUT/01_Controlled_Documents/CHK/Approved_Pending_Effective,6,PS-GQMS-DOCUMENTS,00_Group_Shared,GMG-REPO-GQMS-DOCUMENTS-GRP,inherit from parent,YES,QA Documentation
GMG_Enterprise_Repository/02_GQMS_Controlled_Repository/00_Group_Shared/06_NUT/01_Controlled_Documents/CHK/Draft,6,PS-GQMS-DOCUMENTS,00_Group_Shared,GMG-REPO-GQMS-DOCUMENTS-GRP,inherit from parent,YES,QA Documentation
GMG_Enterprise_Repository/02_GQMS_Controlled_Repository/00_Group_Shared/06_NUT/01_Controlled_Documents/CHK/Effective,6,PS-GQMS-DOCUMENTS,00_Group_Shared,GMG-REPO-GQMS-DOCUMENTS-GRP,inherit from parent,YES,QA Documentation
GMG_Enterprise_Repository/02_GQMS_Controlled_Repository/00_Group_Shared/06_NUT/01_Controlled_Documents/CHK/In_Review,6,PS-GQMS-DOCUMENTS,00_Group_Shared,GMG-REPO-GQMS-DOCUMENTS-GRP,inherit from parent,YES,QA Documentation
GMG_Enterprise_Repository/02_GQMS_Controlled_Repository/00_Group_Shared/06_NUT/01_Controlled_Documents/CHK/Retired,6,PS-GQMS-DOCUMENTS,00_Group_Shared,GMG-REPO-GQMS-DOCUMENTS-GRP,inherit from parent,YES,QA Documentation
GMG_Enterprise_Repository/02_GQMS_Controlled_Repository/00_Group_Shared/06_NUT/01_Controlled_Documents/CHK/Superseded,6,PS-GQMS-DOCUMENTS,00_Group_Shared,GMG-REPO-GQMS-DOCUMENTS-GRP,inherit from parent,YES,QA Documentation
GMG_Enterprise_Repository/02_GQMS_Controlled_Repository/00_Group_Shared/06_NUT/01_Controlled_Documents/FRM,5,PS-GQMS-DOCUMENTS,00_Group_Shared,GMG-REPO-GQMS-DOCUMENTS-GRP,inherit from parent,YES,QA Documentation
GMG_Enterprise_Repository/02_GQMS_Controlled_Repository/00_Group_Shared/06_NUT/01_Controlled_Documents/FRM/Approved_Pending_Effective,6,PS-GQMS-DOCUMENTS,00_Group_Shared,GMG-REPO-GQMS-DOCUMENTS-GRP,inherit from parent,YES,QA Documentation
GMG_Enterprise_Repository/02_GQMS_Controlled_Repository/00_Group_Shared/06_NUT/01_Controlled_Documents/FRM/Draft,6,PS-GQMS-DOCUMENTS,00_Group_Shared,GMG-REPO-GQMS-DOCUMENTS-GRP,inherit from parent,YES,QA Documentation
GMG_Enterprise_Repository/02_GQMS_Controlled_Repository/00_Group_Shared/06_NUT/01_Controlled_Documents/FRM/Effective,6,PS-GQMS-DOCUMENTS,00_Group_Shared,GMG-REPO-GQMS-DOCUMENTS-GRP,inherit from parent,YES,QA Documentation
GMG_Enterprise_Repository/02_GQMS_Controlled_Repository/00_Group_Shared/06_NUT/01_Controlled_Documents/FRM/In_Review,6,PS-GQMS-DOCUMENTS,00_Group_Shared,GMG-REPO-GQMS-DOCUMENTS-GRP,inherit from parent,YES,QA Documentation
GMG_Enterprise_Repository/02_GQMS_Controlled_Repository/00_Group_Shared/06_NUT/01_Controlled_Documents/FRM/Retired,6,PS-GQMS-DOCUMENTS,00_Group_Shared,GMG-REPO-GQMS-DOCUMENTS-GRP,inherit from parent,YES,QA Documentation
GMG_Enterprise_Repository/02_GQMS_Controlled_Repository/00_Group_Shared/06_NUT/01_Controlled_Documents/FRM/Superseded,6,PS-GQMS-DOCUMENTS,00_Group_Shared,GMG-REPO-GQMS-DOCUMENTS-GRP,inherit from parent,YES,QA Documentation
GMG_Enterprise_Repository/02_GQMS_Controlled_Repository/00_Group_Shared/06_NUT/01_Controlled_Documents/LOG,5,PS-GQMS-DOCUMENTS,00_Group_Shared,GMG-REPO-GQMS-DOCUMENTS-GRP,inherit from parent,YES,QA Documentation
GMG_Enterprise_Repository/02_GQMS_Controlled_Repository/00_Group_Shared/06_NUT/01_Controlled_Documents/LOG/Approved_Pending_Effective,6,PS-GQMS-DOCUMENTS,00_Group_Shared,GMG-REPO-GQMS-DOCUMENTS-GRP,inherit from parent,YES,QA Documentation
GMG_Enterprise_Repository/02_GQMS_Controlled_Repository/00_Group_Shared/06_NUT/01_Controlled_Documents/LOG/Draft,6,PS-GQMS-DOCUMENTS,00_Group_Shared,GMG-REPO-GQMS-DOCUMENTS-GRP,inherit from parent,YES,QA Documentation
GMG_Enterprise_Repository/02_GQMS_Controlled_Repository/00_Group_Shared/06_NUT/01_Controlled_Documents/LOG/Effective,6,PS-GQMS-DOCUMENTS,00_Group_Shared,GMG-REPO-GQMS-DOCUMENTS-GRP,inherit from parent,YES,QA Documentation
GMG_Enterprise_Repository/02_GQMS_Controlled_Repository/00_Group_Shared/06_NUT/01_Controlled_Documents/LOG/In_Review,6,PS-GQMS-DOCUMENTS,00_Group_Shared,GMG-REPO-GQMS-DOCUMENTS-GRP,inherit from parent,YES,QA Documentation
GMG_Enterprise_Repository/02_GQMS_Controlled_Repository/00_Group_Shared/06_NUT/01_Controlled_Documents/LOG/Retired,6,PS-GQMS-DOCUMENTS,00_Group_Shared,GMG-REPO-GQMS-DOCUMENTS-GRP,inherit from parent,YES,QA Documentation
GMG_Enterprise_Repository/02_GQMS_Controlled_Repository/00_Group_Shared/06_NUT/01_Controlled_Documents/LOG/Superseded,6,PS-GQMS-DOCUMENTS,00_Group_Shared,GMG-REPO-GQMS-DOCUMENTS-GRP,inherit from parent,YES,QA Documentation
GMG_Enterprise_Repository/02_GQMS_Controlled_Repository/00_Group_Shared/06_NUT/01_Controlled_Documents/MTX,5,PS-GQMS-DOCUMENTS,00_Group_Shared,GMG-REPO-GQMS-DOCUMENTS-GRP,inherit from parent,YES,QA Documentation
GMG_Enterprise_Repository/02_GQMS_Controlled_Repository/00_Group_Shared/06_NUT/01_Controlled_Documents/MTX/Approved_Pending_Effective,6,PS-GQMS-DOCUMENTS,00_Group_Shared,GMG-REPO-GQMS-DOCUMENTS-GRP,inherit from parent,YES,QA Documentation
GMG_Enterprise_Repository/02_GQMS_Controlled_Repository/00_Group_Shared/06_NUT/01_Controlled_Documents/MTX/Draft,6,PS-GQMS-DOCUMENTS,00_Group_Shared,GMG-REPO-GQMS-DOCUMENTS-GRP,inherit from parent,YES,QA Documentation
GMG_Enterprise_Repository/02_GQMS_Controlled_Repository/00_Group_Shared/06_NUT/01_Controlled_Documents/MTX/Effective,6,PS-GQMS-DOCUMENTS,00_Group_Shared,GMG-REPO-GQMS-DOCUMENTS-GRP,inherit from parent,YES,QA Documentation
GMG_Enterprise_Repository/02_GQMS_Controlled_Repository/00_Group_Shared/06_NUT/01_Controlled_Documents/MTX/In_Review,6,PS-GQMS-DOCUMENTS,00_Group_Shared,GMG-REPO-GQMS-DOCUMENTS-GRP,inherit from parent,YES,QA Documentation
GMG_Enterprise_Repository/02_GQMS_Controlled_Repository/00_Group_Shared/06_NUT/01_Controlled_Documents/MTX/Retired,6,PS-GQMS-DOCUMENTS,00_Group_Shared,GMG-REPO-GQMS-DOCUMENTS-GRP,inherit from parent,YES,QA Documentation
GMG_Enterprise_Repository/02_GQMS_Controlled_Repository/00_Group_Shared/06_NUT/01_Controlled_Documents/MTX/Superseded,6,PS-GQMS-DOCUMENTS,00_Group_Shared,GMG-REPO-GQMS-DOCUMENTS-GRP,inherit from parent,YES,QA Documentation
GMG_Enterprise_Repository/02_GQMS_Controlled_Repository/00_Group_Shared/06_NUT/01_Controlled_Documents/PLN,5,PS-GQMS-DOCUMENTS,00_Group_Shared,GMG-REPO-GQMS-DOCUMENTS-GRP,inherit from parent,YES,QA Documentation
GMG_Enterprise_Repository/02_GQMS_Controlled_Repository/00_Group_Shared/06_NUT/01_Controlled_Documents/PLN/Approved_Pending_Effective,6,PS-GQMS-DOCUMENTS,00_Group_Shared,GMG-REPO-GQMS-DOCUMENTS-GRP,inherit from parent,YES,QA Documentation
GMG_Enterprise_Repository/02_GQMS_Controlled_Repository/00_Group_Shared/06_NUT/01_Controlled_Documents/PLN/Draft,6,PS-GQMS-DOCUMENTS,00_Group_Shared,GMG-REPO-GQMS-DOCUMENTS-GRP,inherit from parent,YES,QA Documentation
GMG_Enterprise_Repository/02_GQMS_Controlled_Repository/00_Group_Shared/06_NUT/01_Controlled_Documents/PLN/Effective,6,PS-GQMS-DOCUMENTS,00_Group_Shared,GMG-REPO-GQMS-DOCUMENTS-GRP,inherit from parent,YES,QA Documentation
GMG_Enterprise_Repository/02_GQMS_Controlled_Repository/00_Group_Shared/06_NUT/01_Controlled_Documents/PLN/In_Review,6,PS-GQMS-DOCUMENTS,00_Group_Shared,GMG-REPO-GQMS-DOCUMENTS-GRP,inherit from parent,YES,QA Documentation
GMG_Enterprise_Repository/02_GQMS_Controlled_Repository/00_Group_Shared/06_NUT/01_Controlled_Documents/PLN/Retired,6,PS-GQMS-DOCUMENTS,00_Group_Shared,GMG-REPO-GQMS-DOCUMENTS-GRP,inherit from parent,YES,QA Documentation
GMG_Enterprise_Repository/02_GQMS_Controlled_Repository/00_Group_Shared/06_NUT/01_Controlled_Documents/PLN/Superseded,6,PS-GQMS-DOCUMENTS,00_Group_Shared,GMG-REPO-GQMS-DOCUMENTS-GRP,inherit from parent,YES,QA Documentation
GMG_Enterprise_Repository/02_GQMS_Controlled_Repository/00_Group_Shared/06_NUT/01_Controlled_Documents/RSK,5,PS-GQMS-DOCUMENTS,00_Group_Shared,GMG-REPO-GQMS-DOCUMENTS-GRP,inherit from parent,YES,QA Documentation
GMG_Enterprise_Repository/02_GQMS_Controlled_Repository/00_Group_Shared/06_NUT/01_Controlled_Documents/RSK/Approved_Pending_Effective,6,PS-GQMS-DOCUMENTS,00_Group_Shared,GMG-REPO-GQMS-DOCUMENTS-GRP,inherit from parent,YES,QA Documentation
GMG_Enterprise_Repository/02_GQMS_Controlled_Repository/00_Group_Shared/06_NUT/01_Controlled_Documents/RSK/Draft,6,PS-GQMS-DOCUMENTS,00_Group_Shared,GMG-REPO-GQMS-DOCUMENTS-GRP,inherit from parent,YES,QA Documentation
GMG_Enterprise_Repository/02_GQMS_Controlled_Repository/00_Group_Shared/06_NUT/01_Controlled_Documents/RSK/Effective,6,PS-GQMS-DOCUMENTS,00_Group_Shared,GMG-REPO-GQMS-DOCUMENTS-GRP,inherit from parent,YES,QA Documentation
GMG_Enterprise_Repository/02_GQMS_Controlled_Repository/00_Group_Shared/06_NUT/01_Controlled_Documents/RSK/In_Review,6,PS-GQMS-DOCUMENTS,00_Group_Shared,GMG-REPO-GQMS-DOCUMENTS-GRP,inherit from parent,YES,QA Documentation
GMG_Enterprise_Repository/02_GQMS_Controlled_Repository/00_Group_Shared/06_NUT/01_Controlled_Documents/RSK/Retired,6,PS-GQMS-DOCUMENTS,00_Group_Shared,GMG-REPO-GQMS-DOCUMENTS-GRP,inherit from parent,YES,QA Documentation
GMG_Enterprise_Repository/02_GQMS_Controlled_Repository/00_Group_Shared/06_NUT/01_Controlled_Documents/RSK/Superseded,6,PS-GQMS-DOCUMENTS,00_Group_Shared,GMG-REPO-GQMS-DOCUMENTS-GRP,inherit from parent,YES,QA Documentation
GMG_Enterprise_Repository/02_GQMS_Controlled_Repository/00_Group_Shared/06_NUT/01_Controlled_Documents/SOP,5,PS-GQMS-DOCUMENTS,00_Group_Shared,GMG-REPO-GQMS-DOCUMENTS-GRP,inherit from parent,YES,QA Documentation
GMG_Enterprise_Repository/02_GQMS_Controlled_Repository/00_Group_Shared/06_NUT/01_Controlled_Documents/SOP/Approved_Pending_Effective,6,PS-GQMS-DOCUMENTS,00_Group_Shared,GMG-REPO-GQMS-DOCUMENTS-GRP,inherit from parent,YES,QA Documentation
GMG_Enterprise_Repository/02_GQMS_Controlled_Repository/00_Group_Shared/06_NUT/01_Controlled_Documents/SOP/Draft,6,PS-GQMS-DOCUMENTS,00_Group_Shared,GMG-REPO-GQMS-DOCUMENTS-GRP,inherit from parent,YES,QA Documentation
GMG_Enterprise_Repository/02_GQMS_Controlled_Repository/00_Group_Shared/06_NUT/01_Controlled_Documents/SOP/Effective,6,PS-GQMS-DOCUMENTS,00_Group_Shared,GMG-REPO-GQMS-DOCUMENTS-GRP,inherit from parent,YES,QA Documentation
GMG_Enterprise_Repository/02_GQMS_Controlled_Repository/00_Group_Shared/06_NUT/01_Controlled_Documents/SOP/In_Review,6,PS-GQMS-DOCUMENTS,00_Group_Shared,GMG-REPO-GQMS-DOCUMENTS-GRP,inherit from parent,YES,QA Documentation
GMG_Enterprise_Repository/02_GQMS_Controlled_Repository/00_Group_Shared/06_NUT/01_Controlled_Documents/SOP/Retired,6,PS-GQMS-DOCUMENTS,00_Group_Shared,GMG-REPO-GQMS-DOCUMENTS-GRP,inherit from parent,YES,QA Documentation
GMG_Enterprise_Repository/02_GQMS_Controlled_Repository/00_Group_Shared/06_NUT/01_Controlled_Documents/SOP/Superseded,6,PS-GQMS-DOCUMENTS,00_Group_Shared,GMG-REPO-GQMS-DOCUMENTS-GRP,inherit from parent,YES,QA Documentation
GMG_Enterprise_Repository/02_GQMS_Controlled_Repository/00_Group_Shared/06_NUT/01_Controlled_Documents/TPL,5,PS-GQMS-DOCUMENTS,00_Group_Shared,GMG-REPO-GQMS-DOCUMENTS-GRP,inherit from parent,YES,QA Documentation
GMG_Enterprise_Repository/02_GQMS_Controlled_Repository/00_Group_Shared/06_NUT/01_Controlled_Documents/TPL/Approved_Pending_Effective,6,PS-GQMS-DOCUMENTS,00_Group_Shared,GMG-REPO-GQMS-DOCUMENTS-GRP,inherit from parent,YES,QA Documentation
GMG_Enterprise_Repository/02_GQMS_Controlled_Repository/00_Group_Shared/06_NUT/01_Controlled_Documents/TPL/Draft,6,PS-GQMS-DOCUMENTS,00_Group_Shared,GMG-REPO-GQMS-DOCUMENTS-GRP,inherit from parent,YES,QA Documentation
GMG_Enterprise_Repository/02_GQMS_Controlled_Repository/00_Group_Shared/06_NUT/01_Controlled_Documents/TPL/Effective,6,PS-GQMS-DOCUMENTS,00_Group_Shared,GMG-REPO-GQMS-DOCUMENTS-GRP,inherit from parent,YES,QA Documentation
GMG_Enterprise_Repository/02_GQMS_Controlled_Repository/00_Group_Shared/06_NUT/01_Controlled_Documents/TPL/In_Review,6,PS-GQMS-DOCUMENTS,00_Group_Shared,GMG-REPO-GQMS-DOCUMENTS-GRP,inherit from parent,YES,QA Documentation
GMG_Enterprise_Repository/02_GQMS_Controlled_Repository/00_Group_Shared/06_NUT/01_Controlled_Documents/TPL/Retired,6,PS-GQMS-DOCUMENTS,00_Group_Shared,GMG-REPO-GQMS-DOCUMENTS-GRP,inherit from parent,YES,QA Documentation
GMG_Enterprise_Repository/02_GQMS_Controlled_Repository/00_Group_Shared/06_NUT/01_Controlled_Documents/TPL/Superseded,6,PS-GQMS-DOCUMENTS,00_Group_Shared,GMG-REPO-GQMS-DOCUMENTS-GRP,inherit from parent,YES,QA Documentation
GMG_Enterprise_Repository/02_GQMS_Controlled_Repository/00_Group_Shared/06_NUT/01_Controlled_Documents/WIN,5,PS-GQMS-DOCUMENTS,00_Group_Shared,GMG-REPO-GQMS-DOCUMENTS-GRP,inherit from parent,YES,QA Documentation
GMG_Enterprise_Repository/02_GQMS_Controlled_Repository/00_Group_Shared/06_NUT/01_Controlled_Documents/WIN/Approved_Pending_Effective,6,PS-GQMS-DOCUMENTS,00_Group_Shared,GMG-REPO-GQMS-DOCUMENTS-GRP,inherit from parent,YES,QA Documentation
GMG_Enterprise_Repository/02_GQMS_Controlled_Repository/00_Group_Shared/06_NUT/01_Controlled_Documents/WIN/Draft,6,PS-GQMS-DOCUMENTS,00_Group_Shared,GMG-REPO-GQMS-DOCUMENTS-GRP,inherit from parent,YES,QA Documentation
GMG_Enterprise_Repository/02_GQMS_Controlled_Repository/00_Group_Shared/06_NUT/01_Controlled_Documents/WIN/Effective,6,PS-GQMS-DOCUMENTS,00_Group_Shared,GMG-REPO-GQMS-DOCUMENTS-GRP,inherit from parent,YES,QA Documentation
GMG_Enterprise_Repository/02_GQMS_Controlled_Repository/00_Group_Shared/06_NUT/01_Controlled_Documents/WIN/In_Review,6,PS-GQMS-DOCUMENTS,00_Group_Shared,GMG-REPO-GQMS-DOCUMENTS-GRP,inherit from parent,YES,QA Documentation
GMG_Enterprise_Repository/02_GQMS_Controlled_Repository/00_Group_Shared/06_NUT/01_Controlled_Documents/WIN/Retired,6,PS-GQMS-DOCUMENTS,00_Group_Shared,GMG-REPO-GQMS-DOCUMENTS-GRP,inherit from parent,YES,QA Documentation
GMG_Enterprise_Repository/02_GQMS_Controlled_Repository/00_Group_Shared/06_NUT/01_Controlled_Documents/WIN/Superseded,6,PS-GQMS-DOCUMENTS,00_Group_Shared,GMG-REPO-GQMS-DOCUMENTS-GRP,inherit from parent,YES,QA Documentation
GMG_Enterprise_Repository/02_GQMS_Controlled_Repository/00_Group_Shared/06_NUT/02_Quality_Records,4,PS-GQMS-RECORDS,00_Group_Shared,GMG-REPO-GQMS-RECORDS-GRP,BREAK INHERITANCE — apply explicitly,YES,Company QA / Process Owner
GMG_Enterprise_Repository/02_GQMS_Controlled_Repository/00_Group_Shared/07_MDV,3,PS-GQMS-DOCUMENTS,00_Group_Shared,GMG-REPO-GQMS-DOCUMENTS-GRP,BREAK INHERITANCE — apply explicitly,YES,QA Documentation
GMG_Enterprise_Repository/02_GQMS_Controlled_Repository/00_Group_Shared/07_MDV/01_Controlled_Documents,4,PS-GQMS-DOCUMENTS,00_Group_Shared,GMG-REPO-GQMS-DOCUMENTS-GRP,inherit from parent,YES,QA Documentation
GMG_Enterprise_Repository/02_GQMS_Controlled_Repository/00_Group_Shared/07_MDV/01_Controlled_Documents/AGR,5,PS-GQMS-DOCUMENTS,00_Group_Shared,GMG-REPO-GQMS-DOCUMENTS-GRP,inherit from parent,YES,QA Documentation
GMG_Enterprise_Repository/02_GQMS_Controlled_Repository/00_Group_Shared/07_MDV/01_Controlled_Documents/AGR/Approved_Pending_Effective,6,PS-GQMS-DOCUMENTS,00_Group_Shared,GMG-REPO-GQMS-DOCUMENTS-GRP,inherit from parent,YES,QA Documentation
GMG_Enterprise_Repository/02_GQMS_Controlled_Repository/00_Group_Shared/07_MDV/01_Controlled_Documents/AGR/Draft,6,PS-GQMS-DOCUMENTS,00_Group_Shared,GMG-REPO-GQMS-DOCUMENTS-GRP,inherit from parent,YES,QA Documentation
GMG_Enterprise_Repository/02_GQMS_Controlled_Repository/00_Group_Shared/07_MDV/01_Controlled_Documents/AGR/Effective,6,PS-GQMS-DOCUMENTS,00_Group_Shared,GMG-REPO-GQMS-DOCUMENTS-GRP,inherit from parent,YES,QA Documentation
GMG_Enterprise_Repository/02_GQMS_Controlled_Repository/00_Group_Shared/07_MDV/01_Controlled_Documents/AGR/In_Review,6,PS-GQMS-DOCUMENTS,00_Group_Shared,GMG-REPO-GQMS-DOCUMENTS-GRP,inherit from parent,YES,QA Documentation
GMG_Enterprise_Repository/02_GQMS_Controlled_Repository/00_Group_Shared/07_MDV/01_Controlled_Documents/AGR/Retired,6,PS-GQMS-DOCUMENTS,00_Group_Shared,GMG-REPO-GQMS-DOCUMENTS-GRP,inherit from parent,YES,QA Documentation
GMG_Enterprise_Repository/02_GQMS_Controlled_Repository/00_Group_Shared/07_MDV/01_Controlled_Documents/AGR/Superseded,6,PS-GQMS-DOCUMENTS,00_Group_Shared,GMG-REPO-GQMS-DOCUMENTS-GRP,inherit from parent,YES,QA Documentation
GMG_Enterprise_Repository/02_GQMS_Controlled_Repository/00_Group_Shared/07_MDV/01_Controlled_Documents/CHK,5,PS-GQMS-DOCUMENTS,00_Group_Shared,GMG-REPO-GQMS-DOCUMENTS-GRP,inherit from parent,YES,QA Documentation
GMG_Enterprise_Repository/02_GQMS_Controlled_Repository/00_Group_Shared/07_MDV/01_Controlled_Documents/CHK/Approved_Pending_Effective,6,PS-GQMS-DOCUMENTS,00_Group_Shared,GMG-REPO-GQMS-DOCUMENTS-GRP,inherit from parent,YES,QA Documentation
GMG_Enterprise_Repository/02_GQMS_Controlled_Repository/00_Group_Shared/07_MDV/01_Controlled_Documents/CHK/Draft,6,PS-GQMS-DOCUMENTS,00_Group_Shared,GMG-REPO-GQMS-DOCUMENTS-GRP,inherit from parent,YES,QA Documentation
GMG_Enterprise_Repository/02_GQMS_Controlled_Repository/00_Group_Shared/07_MDV/01_Controlled_Documents/CHK/Effective,6,PS-GQMS-DOCUMENTS,00_Group_Shared,GMG-REPO-GQMS-DOCUMENTS-GRP,inherit from parent,YES,QA Documentation
GMG_Enterprise_Repository/02_GQMS_Controlled_Repository/00_Group_Shared/07_MDV/01_Controlled_Documents/CHK/In_Review,6,PS-GQMS-DOCUMENTS,00_Group_Shared,GMG-REPO-GQMS-DOCUMENTS-GRP,inherit from parent,YES,QA Documentation
GMG_Enterprise_Repository/02_GQMS_Controlled_Repository/00_Group_Shared/07_MDV/01_Controlled_Documents/CHK/Retired,6,PS-GQMS-DOCUMENTS,00_Group_Shared,GMG-REPO-GQMS-DOCUMENTS-GRP,inherit from parent,YES,QA Documentation
GMG_Enterprise_Repository/02_GQMS_Controlled_Repository/00_Group_Shared/07_MDV/01_Controlled_Documents/CHK/Superseded,6,PS-GQMS-DOCUMENTS,00_Group_Shared,GMG-REPO-GQMS-DOCUMENTS-GRP,inherit from parent,YES,QA Documentation
GMG_Enterprise_Repository/02_GQMS_Controlled_Repository/00_Group_Shared/07_MDV/01_Controlled_Documents/FRM,5,PS-GQMS-DOCUMENTS,00_Group_Shared,GMG-REPO-GQMS-DOCUMENTS-GRP,inherit from parent,YES,QA Documentation
GMG_Enterprise_Repository/02_GQMS_Controlled_Repository/00_Group_Shared/07_MDV/01_Controlled_Documents/FRM/Approved_Pending_Effective,6,PS-GQMS-DOCUMENTS,00_Group_Shared,GMG-REPO-GQMS-DOCUMENTS-GRP,inherit from parent,YES,QA Documentation
GMG_Enterprise_Repository/02_GQMS_Controlled_Repository/00_Group_Shared/07_MDV/01_Controlled_Documents/FRM/Draft,6,PS-GQMS-DOCUMENTS,00_Group_Shared,GMG-REPO-GQMS-DOCUMENTS-GRP,inherit from parent,YES,QA Documentation
GMG_Enterprise_Repository/02_GQMS_Controlled_Repository/00_Group_Shared/07_MDV/01_Controlled_Documents/FRM/Effective,6,PS-GQMS-DOCUMENTS,00_Group_Shared,GMG-REPO-GQMS-DOCUMENTS-GRP,inherit from parent,YES,QA Documentation
GMG_Enterprise_Repository/02_GQMS_Controlled_Repository/00_Group_Shared/07_MDV/01_Controlled_Documents/FRM/In_Review,6,PS-GQMS-DOCUMENTS,00_Group_Shared,GMG-REPO-GQMS-DOCUMENTS-GRP,inherit from parent,YES,QA Documentation
GMG_Enterprise_Repository/02_GQMS_Controlled_Repository/00_Group_Shared/07_MDV/01_Controlled_Documents/FRM/Retired,6,PS-GQMS-DOCUMENTS,00_Group_Shared,GMG-REPO-GQMS-DOCUMENTS-GRP,inherit from parent,YES,QA Documentation
GMG_Enterprise_Repository/02_GQMS_Controlled_Repository/00_Group_Shared/07_MDV/01_Controlled_Documents/FRM/Superseded,6,PS-GQMS-DOCUMENTS,00_Group_Shared,GMG-REPO-GQMS-DOCUMENTS-GRP,inherit from parent,YES,QA Documentation
GMG_Enterprise_Repository/02_GQMS_Controlled_Repository/00_Group_Shared/07_MDV/01_Controlled_Documents/LOG,5,PS-GQMS-DOCUMENTS,00_Group_Shared,GMG-REPO-GQMS-DOCUMENTS-GRP,inherit from parent,YES,QA Documentation
GMG_Enterprise_Repository/02_GQMS_Controlled_Repository/00_Group_Shared/07_MDV/01_Controlled_Documents/LOG/Approved_Pending_Effective,6,PS-GQMS-DOCUMENTS,00_Group_Shared,GMG-REPO-GQMS-DOCUMENTS-GRP,inherit from parent,YES,QA Documentation
GMG_Enterprise_Repository/02_GQMS_Controlled_Repository/00_Group_Shared/07_MDV/01_Controlled_Documents/LOG/Draft,6,PS-GQMS-DOCUMENTS,00_Group_Shared,GMG-REPO-GQMS-DOCUMENTS-GRP,inherit from parent,YES,QA Documentation
GMG_Enterprise_Repository/02_GQMS_Controlled_Repository/00_Group_Shared/07_MDV/01_Controlled_Documents/LOG/Effective,6,PS-GQMS-DOCUMENTS,00_Group_Shared,GMG-REPO-GQMS-DOCUMENTS-GRP,inherit from parent,YES,QA Documentation
GMG_Enterprise_Repository/02_GQMS_Controlled_Repository/00_Group_Shared/07_MDV/01_Controlled_Documents/LOG/In_Review,6,PS-GQMS-DOCUMENTS,00_Group_Shared,GMG-REPO-GQMS-DOCUMENTS-GRP,inherit from parent,YES,QA Documentation
GMG_Enterprise_Repository/02_GQMS_Controlled_Repository/00_Group_Shared/07_MDV/01_Controlled_Documents/LOG/Retired,6,PS-GQMS-DOCUMENTS,00_Group_Shared,GMG-REPO-GQMS-DOCUMENTS-GRP,inherit from parent,YES,QA Documentation
GMG_Enterprise_Repository/02_GQMS_Controlled_Repository/00_Group_Shared/07_MDV/01_Controlled_Documents/LOG/Superseded,6,PS-GQMS-DOCUMENTS,00_Group_Shared,GMG-REPO-GQMS-DOCUMENTS-GRP,inherit from parent,YES,QA Documentation
GMG_Enterprise_Repository/02_GQMS_Controlled_Repository/00_Group_Shared/07_MDV/01_Controlled_Documents/MTX,5,PS-GQMS-DOCUMENTS,00_Group_Shared,GMG-REPO-GQMS-DOCUMENTS-GRP,inherit from parent,YES,QA Documentation
GMG_Enterprise_Repository/02_GQMS_Controlled_Repository/00_Group_Shared/07_MDV/01_Controlled_Documents/MTX/Approved_Pending_Effective,6,PS-GQMS-DOCUMENTS,00_Group_Shared,GMG-REPO-GQMS-DOCUMENTS-GRP,inherit from parent,YES,QA Documentation
GMG_Enterprise_Repository/02_GQMS_Controlled_Repository/00_Group_Shared/07_MDV/01_Controlled_Documents/MTX/Draft,6,PS-GQMS-DOCUMENTS,00_Group_Shared,GMG-REPO-GQMS-DOCUMENTS-GRP,inherit from parent,YES,QA Documentation
GMG_Enterprise_Repository/02_GQMS_Controlled_Repository/00_Group_Shared/07_MDV/01_Controlled_Documents/MTX/Effective,6,PS-GQMS-DOCUMENTS,00_Group_Shared,GMG-REPO-GQMS-DOCUMENTS-GRP,inherit from parent,YES,QA Documentation
GMG_Enterprise_Repository/02_GQMS_Controlled_Repository/00_Group_Shared/07_MDV/01_Controlled_Documents/MTX/In_Review,6,PS-GQMS-DOCUMENTS,00_Group_Shared,GMG-REPO-GQMS-DOCUMENTS-GRP,inherit from parent,YES,QA Documentation
GMG_Enterprise_Repository/02_GQMS_Controlled_Repository/00_Group_Shared/07_MDV/01_Controlled_Documents/MTX/Retired,6,PS-GQMS-DOCUMENTS,00_Group_Shared,GMG-REPO-GQMS-DOCUMENTS-GRP,inherit from parent,YES,QA Documentation
GMG_Enterprise_Repository/02_GQMS_Controlled_Repository/00_Group_Shared/07_MDV/01_Controlled_Documents/MTX/Superseded,6,PS-GQMS-DOCUMENTS,00_Group_Shared,GMG-REPO-GQMS-DOCUMENTS-GRP,inherit from parent,YES,QA Documentation
GMG_Enterprise_Repository/02_GQMS_Controlled_Repository/00_Group_Shared/07_MDV/01_Controlled_Documents/PLN,5,PS-GQMS-DOCUMENTS,00_Group_Shared,GMG-REPO-GQMS-DOCUMENTS-GRP,inherit from parent,YES,QA Documentation
GMG_Enterprise_Repository/02_GQMS_Controlled_Repository/00_Group_Shared/07_MDV/01_Controlled_Documents/PLN/Approved_Pending_Effective,6,PS-GQMS-DOCUMENTS,00_Group_Shared,GMG-REPO-GQMS-DOCUMENTS-GRP,inherit from parent,YES,QA Documentation
GMG_Enterprise_Repository/02_GQMS_Controlled_Repository/00_Group_Shared/07_MDV/01_Controlled_Documents/PLN/Draft,6,PS-GQMS-DOCUMENTS,00_Group_Shared,GMG-REPO-GQMS-DOCUMENTS-GRP,inherit from parent,YES,QA Documentation
GMG_Enterprise_Repository/02_GQMS_Controlled_Repository/00_Group_Shared/07_MDV/01_Controlled_Documents/PLN/Effective,6,PS-GQMS-DOCUMENTS,00_Group_Shared,GMG-REPO-GQMS-DOCUMENTS-GRP,inherit from parent,YES,QA Documentation
GMG_Enterprise_Repository/02_GQMS_Controlled_Repository/00_Group_Shared/07_MDV/01_Controlled_Documents/PLN/In_Review,6,PS-GQMS-DOCUMENTS,00_Group_Shared,GMG-REPO-GQMS-DOCUMENTS-GRP,inherit from parent,YES,QA Documentation
GMG_Enterprise_Repository/02_GQMS_Controlled_Repository/00_Group_Shared/07_MDV/01_Controlled_Documents/PLN/Retired,6,PS-GQMS-DOCUMENTS,00_Group_Shared,GMG-REPO-GQMS-DOCUMENTS-GRP,inherit from parent,YES,QA Documentation
GMG_Enterprise_Repository/02_GQMS_Controlled_Repository/00_Group_Shared/07_MDV/01_Controlled_Documents/PLN/Superseded,6,PS-GQMS-DOCUMENTS,00_Group_Shared,GMG-REPO-GQMS-DOCUMENTS-GRP,inherit from parent,YES,QA Documentation
GMG_Enterprise_Repository/02_GQMS_Controlled_Repository/00_Group_Shared/07_MDV/01_Controlled_Documents/SOP,5,PS-GQMS-DOCUMENTS,00_Group_Shared,GMG-REPO-GQMS-DOCUMENTS-GRP,inherit from parent,YES,QA Documentation
GMG_Enterprise_Repository/02_GQMS_Controlled_Repository/00_Group_Shared/07_MDV/01_Controlled_Documents/SOP/Approved_Pending_Effective,6,PS-GQMS-DOCUMENTS,00_Group_Shared,GMG-REPO-GQMS-DOCUMENTS-GRP,inherit from parent,YES,QA Documentation
GMG_Enterprise_Repository/02_GQMS_Controlled_Repository/00_Group_Shared/07_MDV/01_Controlled_Documents/SOP/Draft,6,PS-GQMS-DOCUMENTS,00_Group_Shared,GMG-REPO-GQMS-DOCUMENTS-GRP,inherit from parent,YES,QA Documentation
GMG_Enterprise_Repository/02_GQMS_Controlled_Repository/00_Group_Shared/07_MDV/01_Controlled_Documents/SOP/Effective,6,PS-GQMS-DOCUMENTS,00_Group_Shared,GMG-REPO-GQMS-DOCUMENTS-GRP,inherit from parent,YES,QA Documentation
GMG_Enterprise_Repository/02_GQMS_Controlled_Repository/00_Group_Shared/07_MDV/01_Controlled_Documents/SOP/In_Review,6,PS-GQMS-DOCUMENTS,00_Group_Shared,GMG-REPO-GQMS-DOCUMENTS-GRP,inherit from parent,YES,QA Documentation
GMG_Enterprise_Repository/02_GQMS_Controlled_Repository/00_Group_Shared/07_MDV/01_Controlled_Documents/SOP/Retired,6,PS-GQMS-DOCUMENTS,00_Group_Shared,GMG-REPO-GQMS-DOCUMENTS-GRP,inherit from parent,YES,QA Documentation
GMG_Enterprise_Repository/02_GQMS_Controlled_Repository/00_Group_Shared/07_MDV/01_Controlled_Documents/SOP/Superseded,6,PS-GQMS-DOCUMENTS,00_Group_Shared,GMG-REPO-GQMS-DOCUMENTS-GRP,inherit from parent,YES,QA Documentation
GMG_Enterprise_Repository/02_GQMS_Controlled_Repository/00_Group_Shared/07_MDV/01_Controlled_Documents/TPL,5,PS-GQMS-DOCUMENTS,00_Group_Shared,GMG-REPO-GQMS-DOCUMENTS-GRP,inherit from parent,YES,QA Documentation
GMG_Enterprise_Repository/02_GQMS_Controlled_Repository/00_Group_Shared/07_MDV/01_Controlled_Documents/TPL/Approved_Pending_Effective,6,PS-GQMS-DOCUMENTS,00_Group_Shared,GMG-REPO-GQMS-DOCUMENTS-GRP,inherit from parent,YES,QA Documentation
GMG_Enterprise_Repository/02_GQMS_Controlled_Repository/00_Group_Shared/07_MDV/01_Controlled_Documents/TPL/Draft,6,PS-GQMS-DOCUMENTS,00_Group_Shared,GMG-REPO-GQMS-DOCUMENTS-GRP,inherit from parent,YES,QA Documentation
GMG_Enterprise_Repository/02_GQMS_Controlled_Repository/00_Group_Shared/07_MDV/01_Controlled_Documents/TPL/Effective,6,PS-GQMS-DOCUMENTS,00_Group_Shared,GMG-REPO-GQMS-DOCUMENTS-GRP,inherit from parent,YES,QA Documentation
GMG_Enterprise_Repository/02_GQMS_Controlled_Repository/00_Group_Shared/07_MDV/01_Controlled_Documents/TPL/In_Review,6,PS-GQMS-DOCUMENTS,00_Group_Shared,GMG-REPO-GQMS-DOCUMENTS-GRP,inherit from parent,YES,QA Documentation
GMG_Enterprise_Repository/02_GQMS_Controlled_Repository/00_Group_Shared/07_MDV/01_Controlled_Documents/TPL/Retired,6,PS-GQMS-DOCUMENTS,00_Group_Shared,GMG-REPO-GQMS-DOCUMENTS-GRP,inherit from parent,YES,QA Documentation
GMG_Enterprise_Repository/02_GQMS_Controlled_Repository/00_Group_Shared/07_MDV/01_Controlled_Documents/TPL/Superseded,6,PS-GQMS-DOCUMENTS,00_Group_Shared,GMG-REPO-GQMS-DOCUMENTS-GRP,inherit from parent,YES,QA Documentation
GMG_Enterprise_Repository/02_GQMS_Controlled_Repository/00_Group_Shared/07_MDV/01_Controlled_Documents/WIN,5,PS-GQMS-DOCUMENTS,00_Group_Shared,GMG-REPO-GQMS-DOCUMENTS-GRP,inherit from parent,YES,QA Documentation
GMG_Enterprise_Repository/02_GQMS_Controlled_Repository/00_Group_Shared/07_MDV/01_Controlled_Documents/WIN/Approved_Pending_Effective,6,PS-GQMS-DOCUMENTS,00_Group_Shared,GMG-REPO-GQMS-DOCUMENTS-GRP,inherit from parent,YES,QA Documentation
GMG_Enterprise_Repository/02_GQMS_Controlled_Repository/00_Group_Shared/07_MDV/01_Controlled_Documents/WIN/Draft,6,PS-GQMS-DOCUMENTS,00_Group_Shared,GMG-REPO-GQMS-DOCUMENTS-GRP,inherit from parent,YES,QA Documentation
GMG_Enterprise_Repository/02_GQMS_Controlled_Repository/00_Group_Shared/07_MDV/01_Controlled_Documents/WIN/Effective,6,PS-GQMS-DOCUMENTS,00_Group_Shared,GMG-REPO-GQMS-DOCUMENTS-GRP,inherit from parent,YES,QA Documentation
GMG_Enterprise_Repository/02_GQMS_Controlled_Repository/00_Group_Shared/07_MDV/01_Controlled_Documents/WIN/In_Review,6,PS-GQMS-DOCUMENTS,00_Group_Shared,GMG-REPO-GQMS-DOCUMENTS-GRP,inherit from parent,YES,QA Documentation
GMG_Enterprise_Repository/02_GQMS_Controlled_Repository/00_Group_Shared/07_MDV/01_Controlled_Documents/WIN/Retired,6,PS-GQMS-DOCUMENTS,00_Group_Shared,GMG-REPO-GQMS-DOCUMENTS-GRP,inherit from parent,YES,QA Documentation
GMG_Enterprise_Repository/02_GQMS_Controlled_Repository/00_Group_Shared/07_MDV/01_Controlled_Documents/WIN/Superseded,6,PS-GQMS-DOCUMENTS,00_Group_Shared,GMG-REPO-GQMS-DOCUMENTS-GRP,inherit from parent,YES,QA Documentation
GMG_Enterprise_Repository/02_GQMS_Controlled_Repository/00_Group_Shared/07_MDV/02_Quality_Records,4,PS-GQMS-DOCUMENTS,00_Group_Shared,GMG-REPO-GQMS-DOCUMENTS-GRP,inherit from parent,YES,QA Documentation
GMG_Enterprise_Repository/02_GQMS_Controlled_Repository/00_Group_Shared/08_CSV,3,PS-GQMS-DOCUMENTS + PS-GQMS-RECORDS,00_Group_Shared,UNRESOLVED,inherit from parent,NO — CANNOT BIND,GQD / domain authority
GMG_Enterprise_Repository/02_GQMS_Controlled_Repository/00_Group_Shared/08_CSV/01_Controlled_Documents,4,PS-GQMS-DOCUMENTS,00_Group_Shared,GMG-REPO-GQMS-DOCUMENTS-GRP,BREAK INHERITANCE — apply explicitly,YES,QA Documentation
GMG_Enterprise_Repository/02_GQMS_Controlled_Repository/00_Group_Shared/08_CSV/01_Controlled_Documents/AGR,5,PS-GQMS-DOCUMENTS,00_Group_Shared,GMG-REPO-GQMS-DOCUMENTS-GRP,inherit from parent,YES,QA Documentation
GMG_Enterprise_Repository/02_GQMS_Controlled_Repository/00_Group_Shared/08_CSV/01_Controlled_Documents/AGR/Approved_Pending_Effective,6,PS-GQMS-DOCUMENTS,00_Group_Shared,GMG-REPO-GQMS-DOCUMENTS-GRP,inherit from parent,YES,QA Documentation
GMG_Enterprise_Repository/02_GQMS_Controlled_Repository/00_Group_Shared/08_CSV/01_Controlled_Documents/AGR/Draft,6,PS-GQMS-DOCUMENTS,00_Group_Shared,GMG-REPO-GQMS-DOCUMENTS-GRP,inherit from parent,YES,QA Documentation
GMG_Enterprise_Repository/02_GQMS_Controlled_Repository/00_Group_Shared/08_CSV/01_Controlled_Documents/AGR/Effective,6,PS-GQMS-DOCUMENTS,00_Group_Shared,GMG-REPO-GQMS-DOCUMENTS-GRP,inherit from parent,YES,QA Documentation
GMG_Enterprise_Repository/02_GQMS_Controlled_Repository/00_Group_Shared/08_CSV/01_Controlled_Documents/AGR/In_Review,6,PS-GQMS-DOCUMENTS,00_Group_Shared,GMG-REPO-GQMS-DOCUMENTS-GRP,inherit from parent,YES,QA Documentation
GMG_Enterprise_Repository/02_GQMS_Controlled_Repository/00_Group_Shared/08_CSV/01_Controlled_Documents/AGR/Retired,6,PS-GQMS-DOCUMENTS,00_Group_Shared,GMG-REPO-GQMS-DOCUMENTS-GRP,inherit from parent,YES,QA Documentation
GMG_Enterprise_Repository/02_GQMS_Controlled_Repository/00_Group_Shared/08_CSV/01_Controlled_Documents/AGR/Superseded,6,PS-GQMS-DOCUMENTS,00_Group_Shared,GMG-REPO-GQMS-DOCUMENTS-GRP,inherit from parent,YES,QA Documentation
GMG_Enterprise_Repository/02_GQMS_Controlled_Repository/00_Group_Shared/08_CSV/01_Controlled_Documents/CHK,5,PS-GQMS-DOCUMENTS,00_Group_Shared,GMG-REPO-GQMS-DOCUMENTS-GRP,inherit from parent,YES,QA Documentation
GMG_Enterprise_Repository/02_GQMS_Controlled_Repository/00_Group_Shared/08_CSV/01_Controlled_Documents/CHK/Approved_Pending_Effective,6,PS-GQMS-DOCUMENTS,00_Group_Shared,GMG-REPO-GQMS-DOCUMENTS-GRP,inherit from parent,YES,QA Documentation
GMG_Enterprise_Repository/02_GQMS_Controlled_Repository/00_Group_Shared/08_CSV/01_Controlled_Documents/CHK/Draft,6,PS-GQMS-DOCUMENTS,00_Group_Shared,GMG-REPO-GQMS-DOCUMENTS-GRP,inherit from parent,YES,QA Documentation
GMG_Enterprise_Repository/02_GQMS_Controlled_Repository/00_Group_Shared/08_CSV/01_Controlled_Documents/CHK/Effective,6,PS-GQMS-DOCUMENTS,00_Group_Shared,GMG-REPO-GQMS-DOCUMENTS-GRP,inherit from parent,YES,QA Documentation
GMG_Enterprise_Repository/02_GQMS_Controlled_Repository/00_Group_Shared/08_CSV/01_Controlled_Documents/CHK/In_Review,6,PS-GQMS-DOCUMENTS,00_Group_Shared,GMG-REPO-GQMS-DOCUMENTS-GRP,inherit from parent,YES,QA Documentation
GMG_Enterprise_Repository/02_GQMS_Controlled_Repository/00_Group_Shared/08_CSV/01_Controlled_Documents/CHK/Retired,6,PS-GQMS-DOCUMENTS,00_Group_Shared,GMG-REPO-GQMS-DOCUMENTS-GRP,inherit from parent,YES,QA Documentation
GMG_Enterprise_Repository/02_GQMS_Controlled_Repository/00_Group_Shared/08_CSV/01_Controlled_Documents/CHK/Superseded,6,PS-GQMS-DOCUMENTS,00_Group_Shared,GMG-REPO-GQMS-DOCUMENTS-GRP,inherit from parent,YES,QA Documentation
GMG_Enterprise_Repository/02_GQMS_Controlled_Repository/00_Group_Shared/08_CSV/01_Controlled_Documents/FRM,5,PS-GQMS-DOCUMENTS,00_Group_Shared,GMG-REPO-GQMS-DOCUMENTS-GRP,inherit from parent,YES,QA Documentation
GMG_Enterprise_Repository/02_GQMS_Controlled_Repository/00_Group_Shared/08_CSV/01_Controlled_Documents/FRM/Approved_Pending_Effective,6,PS-GQMS-DOCUMENTS,00_Group_Shared,GMG-REPO-GQMS-DOCUMENTS-GRP,inherit from parent,YES,QA Documentation
GMG_Enterprise_Repository/02_GQMS_Controlled_Repository/00_Group_Shared/08_CSV/01_Controlled_Documents/FRM/Draft,6,PS-GQMS-DOCUMENTS,00_Group_Shared,GMG-REPO-GQMS-DOCUMENTS-GRP,inherit from parent,YES,QA Documentation
GMG_Enterprise_Repository/02_GQMS_Controlled_Repository/00_Group_Shared/08_CSV/01_Controlled_Documents/FRM/Effective,6,PS-GQMS-DOCUMENTS,00_Group_Shared,GMG-REPO-GQMS-DOCUMENTS-GRP,inherit from parent,YES,QA Documentation
GMG_Enterprise_Repository/02_GQMS_Controlled_Repository/00_Group_Shared/08_CSV/01_Controlled_Documents/FRM/In_Review,6,PS-GQMS-DOCUMENTS,00_Group_Shared,GMG-REPO-GQMS-DOCUMENTS-GRP,inherit from parent,YES,QA Documentation
GMG_Enterprise_Repository/02_GQMS_Controlled_Repository/00_Group_Shared/08_CSV/01_Controlled_Documents/FRM/Retired,6,PS-GQMS-DOCUMENTS,00_Group_Shared,GMG-REPO-GQMS-DOCUMENTS-GRP,inherit from parent,YES,QA Documentation
GMG_Enterprise_Repository/02_GQMS_Controlled_Repository/00_Group_Shared/08_CSV/01_Controlled_Documents/FRM/Superseded,6,PS-GQMS-DOCUMENTS,00_Group_Shared,GMG-REPO-GQMS-DOCUMENTS-GRP,inherit from parent,YES,QA Documentation
GMG_Enterprise_Repository/02_GQMS_Controlled_Repository/00_Group_Shared/08_CSV/01_Controlled_Documents/LOG,5,PS-GQMS-DOCUMENTS,00_Group_Shared,GMG-REPO-GQMS-DOCUMENTS-GRP,inherit from parent,YES,QA Documentation
GMG_Enterprise_Repository/02_GQMS_Controlled_Repository/00_Group_Shared/08_CSV/01_Controlled_Documents/LOG/Approved_Pending_Effective,6,PS-GQMS-DOCUMENTS,00_Group_Shared,GMG-REPO-GQMS-DOCUMENTS-GRP,inherit from parent,YES,QA Documentation
GMG_Enterprise_Repository/02_GQMS_Controlled_Repository/00_Group_Shared/08_CSV/01_Controlled_Documents/LOG/Draft,6,PS-GQMS-DOCUMENTS,00_Group_Shared,GMG-REPO-GQMS-DOCUMENTS-GRP,inherit from parent,YES,QA Documentation
GMG_Enterprise_Repository/02_GQMS_Controlled_Repository/00_Group_Shared/08_CSV/01_Controlled_Documents/LOG/Effective,6,PS-GQMS-DOCUMENTS,00_Group_Shared,GMG-REPO-GQMS-DOCUMENTS-GRP,inherit from parent,YES,QA Documentation
GMG_Enterprise_Repository/02_GQMS_Controlled_Repository/00_Group_Shared/08_CSV/01_Controlled_Documents/LOG/In_Review,6,PS-GQMS-DOCUMENTS,00_Group_Shared,GMG-REPO-GQMS-DOCUMENTS-GRP,inherit from parent,YES,QA Documentation
GMG_Enterprise_Repository/02_GQMS_Controlled_Repository/00_Group_Shared/08_CSV/01_Controlled_Documents/LOG/Retired,6,PS-GQMS-DOCUMENTS,00_Group_Shared,GMG-REPO-GQMS-DOCUMENTS-GRP,inherit from parent,YES,QA Documentation
GMG_Enterprise_Repository/02_GQMS_Controlled_Repository/00_Group_Shared/08_CSV/01_Controlled_Documents/LOG/Superseded,6,PS-GQMS-DOCUMENTS,00_Group_Shared,GMG-REPO-GQMS-DOCUMENTS-GRP,inherit from parent,YES,QA Documentation
GMG_Enterprise_Repository/02_GQMS_Controlled_Repository/00_Group_Shared/08_CSV/01_Controlled_Documents/MTX,5,PS-GQMS-DOCUMENTS,00_Group_Shared,GMG-REPO-GQMS-DOCUMENTS-GRP,inherit from parent,YES,QA Documentation
GMG_Enterprise_Repository/02_GQMS_Controlled_Repository/00_Group_Shared/08_CSV/01_Controlled_Documents/MTX/Approved_Pending_Effective,6,PS-GQMS-DOCUMENTS,00_Group_Shared,GMG-REPO-GQMS-DOCUMENTS-GRP,inherit from parent,YES,QA Documentation
GMG_Enterprise_Repository/02_GQMS_Controlled_Repository/00_Group_Shared/08_CSV/01_Controlled_Documents/MTX/Draft,6,PS-GQMS-DOCUMENTS,00_Group_Shared,GMG-REPO-GQMS-DOCUMENTS-GRP,inherit from parent,YES,QA Documentation
GMG_Enterprise_Repository/02_GQMS_Controlled_Repository/00_Group_Shared/08_CSV/01_Controlled_Documents/MTX/Effective,6,PS-GQMS-DOCUMENTS,00_Group_Shared,GMG-REPO-GQMS-DOCUMENTS-GRP,inherit from parent,YES,QA Documentation
GMG_Enterprise_Repository/02_GQMS_Controlled_Repository/00_Group_Shared/08_CSV/01_Controlled_Documents/MTX/In_Review,6,PS-GQMS-DOCUMENTS,00_Group_Shared,GMG-REPO-GQMS-DOCUMENTS-GRP,inherit from parent,YES,QA Documentation
GMG_Enterprise_Repository/02_GQMS_Controlled_Repository/00_Group_Shared/08_CSV/01_Controlled_Documents/MTX/Retired,6,PS-GQMS-DOCUMENTS,00_Group_Shared,GMG-REPO-GQMS-DOCUMENTS-GRP,inherit from parent,YES,QA Documentation
GMG_Enterprise_Repository/02_GQMS_Controlled_Repository/00_Group_Shared/08_CSV/01_Controlled_Documents/MTX/Superseded,6,PS-GQMS-DOCUMENTS,00_Group_Shared,GMG-REPO-GQMS-DOCUMENTS-GRP,inherit from parent,YES,QA Documentation
GMG_Enterprise_Repository/02_GQMS_Controlled_Repository/00_Group_Shared/08_CSV/01_Controlled_Documents/PLN,5,PS-GQMS-DOCUMENTS,00_Group_Shared,GMG-REPO-GQMS-DOCUMENTS-GRP,inherit from parent,YES,QA Documentation
GMG_Enterprise_Repository/02_GQMS_Controlled_Repository/00_Group_Shared/08_CSV/01_Controlled_Documents/PLN/Approved_Pending_Effective,6,PS-GQMS-DOCUMENTS,00_Group_Shared,GMG-REPO-GQMS-DOCUMENTS-GRP,inherit from parent,YES,QA Documentation
GMG_Enterprise_Repository/02_GQMS_Controlled_Repository/00_Group_Shared/08_CSV/01_Controlled_Documents/PLN/Draft,6,PS-GQMS-DOCUMENTS,00_Group_Shared,GMG-REPO-GQMS-DOCUMENTS-GRP,inherit from parent,YES,QA Documentation
GMG_Enterprise_Repository/02_GQMS_Controlled_Repository/00_Group_Shared/08_CSV/01_Controlled_Documents/PLN/Effective,6,PS-GQMS-DOCUMENTS,00_Group_Shared,GMG-REPO-GQMS-DOCUMENTS-GRP,inherit from parent,YES,QA Documentation
GMG_Enterprise_Repository/02_GQMS_Controlled_Repository/00_Group_Shared/08_CSV/01_Controlled_Documents/PLN/In_Review,6,PS-GQMS-DOCUMENTS,00_Group_Shared,GMG-REPO-GQMS-DOCUMENTS-GRP,inherit from parent,YES,QA Documentation
GMG_Enterprise_Repository/02_GQMS_Controlled_Repository/00_Group_Shared/08_CSV/01_Controlled_Documents/PLN/Retired,6,PS-GQMS-DOCUMENTS,00_Group_Shared,GMG-REPO-GQMS-DOCUMENTS-GRP,inherit from parent,YES,QA Documentation
GMG_Enterprise_Repository/02_GQMS_Controlled_Repository/00_Group_Shared/08_CSV/01_Controlled_Documents/PLN/Superseded,6,PS-GQMS-DOCUMENTS,00_Group_Shared,GMG-REPO-GQMS-DOCUMENTS-GRP,inherit from parent,YES,QA Documentation
GMG_Enterprise_Repository/02_GQMS_Controlled_Repository/00_Group_Shared/08_CSV/01_Controlled_Documents/SOP,5,PS-GQMS-DOCUMENTS,00_Group_Shared,GMG-REPO-GQMS-DOCUMENTS-GRP,inherit from parent,YES,QA Documentation
GMG_Enterprise_Repository/02_GQMS_Controlled_Repository/00_Group_Shared/08_CSV/01_Controlled_Documents/SOP/Approved_Pending_Effective,6,PS-GQMS-DOCUMENTS,00_Group_Shared,GMG-REPO-GQMS-DOCUMENTS-GRP,inherit from parent,YES,QA Documentation
GMG_Enterprise_Repository/02_GQMS_Controlled_Repository/00_Group_Shared/08_CSV/01_Controlled_Documents/SOP/Draft,6,PS-GQMS-DOCUMENTS,00_Group_Shared,GMG-REPO-GQMS-DOCUMENTS-GRP,inherit from parent,YES,QA Documentation
GMG_Enterprise_Repository/02_GQMS_Controlled_Repository/00_Group_Shared/08_CSV/01_Controlled_Documents/SOP/Effective,6,PS-GQMS-DOCUMENTS,00_Group_Shared,GMG-REPO-GQMS-DOCUMENTS-GRP,inherit from parent,YES,QA Documentation
GMG_Enterprise_Repository/02_GQMS_Controlled_Repository/00_Group_Shared/08_CSV/01_Controlled_Documents/SOP/In_Review,6,PS-GQMS-DOCUMENTS,00_Group_Shared,GMG-REPO-GQMS-DOCUMENTS-GRP,inherit from parent,YES,QA Documentation
GMG_Enterprise_Repository/02_GQMS_Controlled_Repository/00_Group_Shared/08_CSV/01_Controlled_Documents/SOP/Retired,6,PS-GQMS-DOCUMENTS,00_Group_Shared,GMG-REPO-GQMS-DOCUMENTS-GRP,inherit from parent,YES,QA Documentation
GMG_Enterprise_Repository/02_GQMS_Controlled_Repository/00_Group_Shared/08_CSV/01_Controlled_Documents/SOP/Superseded,6,PS-GQMS-DOCUMENTS,00_Group_Shared,GMG-REPO-GQMS-DOCUMENTS-GRP,inherit from parent,YES,QA Documentation
GMG_Enterprise_Repository/02_GQMS_Controlled_Repository/00_Group_Shared/08_CSV/01_Controlled_Documents/TPL,5,PS-GQMS-DOCUMENTS,00_Group_Shared,GMG-REPO-GQMS-DOCUMENTS-GRP,inherit from parent,YES,QA Documentation
GMG_Enterprise_Repository/02_GQMS_Controlled_Repository/00_Group_Shared/08_CSV/01_Controlled_Documents/TPL/Approved_Pending_Effective,6,PS-GQMS-DOCUMENTS,00_Group_Shared,GMG-REPO-GQMS-DOCUMENTS-GRP,inherit from parent,YES,QA Documentation
GMG_Enterprise_Repository/02_GQMS_Controlled_Repository/00_Group_Shared/08_CSV/01_Controlled_Documents/TPL/Draft,6,PS-GQMS-DOCUMENTS,00_Group_Shared,GMG-REPO-GQMS-DOCUMENTS-GRP,inherit from parent,YES,QA Documentation
GMG_Enterprise_Repository/02_GQMS_Controlled_Repository/00_Group_Shared/08_CSV/01_Controlled_Documents/TPL/Effective,6,PS-GQMS-DOCUMENTS,00_Group_Shared,GMG-REPO-GQMS-DOCUMENTS-GRP,inherit from parent,YES,QA Documentation
GMG_Enterprise_Repository/02_GQMS_Controlled_Repository/00_Group_Shared/08_CSV/01_Controlled_Documents/TPL/In_Review,6,PS-GQMS-DOCUMENTS,00_Group_Shared,GMG-REPO-GQMS-DOCUMENTS-GRP,inherit from parent,YES,QA Documentation
GMG_Enterprise_Repository/02_GQMS_Controlled_Repository/00_Group_Shared/08_CSV/01_Controlled_Documents/TPL/Retired,6,PS-GQMS-DOCUMENTS,00_Group_Shared,GMG-REPO-GQMS-DOCUMENTS-GRP,inherit from parent,YES,QA Documentation
GMG_Enterprise_Repository/02_GQMS_Controlled_Repository/00_Group_Shared/08_CSV/01_Controlled_Documents/TPL/Superseded,6,PS-GQMS-DOCUMENTS,00_Group_Shared,GMG-REPO-GQMS-DOCUMENTS-GRP,inherit from parent,YES,QA Documentation
GMG_Enterprise_Repository/02_GQMS_Controlled_Repository/00_Group_Shared/08_CSV/01_Controlled_Documents/WIN,5,PS-GQMS-DOCUMENTS,00_Group_Shared,GMG-REPO-GQMS-DOCUMENTS-GRP,inherit from parent,YES,QA Documentation
GMG_Enterprise_Repository/02_GQMS_Controlled_Repository/00_Group_Shared/08_CSV/01_Controlled_Documents/WIN/Approved_Pending_Effective,6,PS-GQMS-DOCUMENTS,00_Group_Shared,GMG-REPO-GQMS-DOCUMENTS-GRP,inherit from parent,YES,QA Documentation
GMG_Enterprise_Repository/02_GQMS_Controlled_Repository/00_Group_Shared/08_CSV/01_Controlled_Documents/WIN/Draft,6,PS-GQMS-DOCUMENTS,00_Group_Shared,GMG-REPO-GQMS-DOCUMENTS-GRP,inherit from parent,YES,QA Documentation
GMG_Enterprise_Repository/02_GQMS_Controlled_Repository/00_Group_Shared/08_CSV/01_Controlled_Documents/WIN/Effective,6,PS-GQMS-DOCUMENTS,00_Group_Shared,GMG-REPO-GQMS-DOCUMENTS-GRP,inherit from parent,YES,QA Documentation
GMG_Enterprise_Repository/02_GQMS_Controlled_Repository/00_Group_Shared/08_CSV/01_Controlled_Documents/WIN/In_Review,6,PS-GQMS-DOCUMENTS,00_Group_Shared,GMG-REPO-GQMS-DOCUMENTS-GRP,inherit from parent,YES,QA Documentation
GMG_Enterprise_Repository/02_GQMS_Controlled_Repository/00_Group_Shared/08_CSV/01_Controlled_Documents/WIN/Retired,6,PS-GQMS-DOCUMENTS,00_Group_Shared,GMG-REPO-GQMS-DOCUMENTS-GRP,inherit from parent,YES,QA Documentation
GMG_Enterprise_Repository/02_GQMS_Controlled_Repository/00_Group_Shared/08_CSV/01_Controlled_Documents/WIN/Superseded,6,PS-GQMS-DOCUMENTS,00_Group_Shared,GMG-REPO-GQMS-DOCUMENTS-GRP,inherit from parent,YES,QA Documentation
GMG_Enterprise_Repository/02_GQMS_Controlled_Repository/00_Group_Shared/08_CSV/02_Quality_Records,4,PS-GQMS-RECORDS,00_Group_Shared,GMG-REPO-GQMS-RECORDS-GRP,BREAK INHERITANCE — apply explicitly,YES,Company QA / Process Owner
GMG_Enterprise_Repository/02_GQMS_Controlled_Repository/00_Group_Shared/09_LAB,3,PS-GQMS-DOCUMENTS,00_Group_Shared,GMG-REPO-GQMS-DOCUMENTS-GRP,BREAK INHERITANCE — apply explicitly,YES,QA Documentation
GMG_Enterprise_Repository/02_GQMS_Controlled_Repository/00_Group_Shared/09_LAB/01_Controlled_Documents,4,PS-GQMS-DOCUMENTS,00_Group_Shared,GMG-REPO-GQMS-DOCUMENTS-GRP,inherit from parent,YES,QA Documentation
GMG_Enterprise_Repository/02_GQMS_Controlled_Repository/00_Group_Shared/09_LAB/01_Controlled_Documents/AGR,5,PS-GQMS-DOCUMENTS,00_Group_Shared,GMG-REPO-GQMS-DOCUMENTS-GRP,inherit from parent,YES,QA Documentation
GMG_Enterprise_Repository/02_GQMS_Controlled_Repository/00_Group_Shared/09_LAB/01_Controlled_Documents/AGR/Approved_Pending_Effective,6,PS-GQMS-DOCUMENTS,00_Group_Shared,GMG-REPO-GQMS-DOCUMENTS-GRP,inherit from parent,YES,QA Documentation
GMG_Enterprise_Repository/02_GQMS_Controlled_Repository/00_Group_Shared/09_LAB/01_Controlled_Documents/AGR/Draft,6,PS-GQMS-DOCUMENTS,00_Group_Shared,GMG-REPO-GQMS-DOCUMENTS-GRP,inherit from parent,YES,QA Documentation
GMG_Enterprise_Repository/02_GQMS_Controlled_Repository/00_Group_Shared/09_LAB/01_Controlled_Documents/AGR/Effective,6,PS-GQMS-DOCUMENTS,00_Group_Shared,GMG-REPO-GQMS-DOCUMENTS-GRP,inherit from parent,YES,QA Documentation
GMG_Enterprise_Repository/02_GQMS_Controlled_Repository/00_Group_Shared/09_LAB/01_Controlled_Documents/AGR/In_Review,6,PS-GQMS-DOCUMENTS,00_Group_Shared,GMG-REPO-GQMS-DOCUMENTS-GRP,inherit from parent,YES,QA Documentation
GMG_Enterprise_Repository/02_GQMS_Controlled_Repository/00_Group_Shared/09_LAB/01_Controlled_Documents/AGR/Retired,6,PS-GQMS-DOCUMENTS,00_Group_Shared,GMG-REPO-GQMS-DOCUMENTS-GRP,inherit from parent,YES,QA Documentation
GMG_Enterprise_Repository/02_GQMS_Controlled_Repository/00_Group_Shared/09_LAB/01_Controlled_Documents/AGR/Superseded,6,PS-GQMS-DOCUMENTS,00_Group_Shared,GMG-REPO-GQMS-DOCUMENTS-GRP,inherit from parent,YES,QA Documentation
GMG_Enterprise_Repository/02_GQMS_Controlled_Repository/00_Group_Shared/09_LAB/01_Controlled_Documents/CHK,5,PS-GQMS-DOCUMENTS,00_Group_Shared,GMG-REPO-GQMS-DOCUMENTS-GRP,inherit from parent,YES,QA Documentation
GMG_Enterprise_Repository/02_GQMS_Controlled_Repository/00_Group_Shared/09_LAB/01_Controlled_Documents/CHK/Approved_Pending_Effective,6,PS-GQMS-DOCUMENTS,00_Group_Shared,GMG-REPO-GQMS-DOCUMENTS-GRP,inherit from parent,YES,QA Documentation
GMG_Enterprise_Repository/02_GQMS_Controlled_Repository/00_Group_Shared/09_LAB/01_Controlled_Documents/CHK/Draft,6,PS-GQMS-DOCUMENTS,00_Group_Shared,GMG-REPO-GQMS-DOCUMENTS-GRP,inherit from parent,YES,QA Documentation
GMG_Enterprise_Repository/02_GQMS_Controlled_Repository/00_Group_Shared/09_LAB/01_Controlled_Documents/CHK/Effective,6,PS-GQMS-DOCUMENTS,00_Group_Shared,GMG-REPO-GQMS-DOCUMENTS-GRP,inherit from parent,YES,QA Documentation
GMG_Enterprise_Repository/02_GQMS_Controlled_Repository/00_Group_Shared/09_LAB/01_Controlled_Documents/CHK/In_Review,6,PS-GQMS-DOCUMENTS,00_Group_Shared,GMG-REPO-GQMS-DOCUMENTS-GRP,inherit from parent,YES,QA Documentation
GMG_Enterprise_Repository/02_GQMS_Controlled_Repository/00_Group_Shared/09_LAB/01_Controlled_Documents/CHK/Retired,6,PS-GQMS-DOCUMENTS,00_Group_Shared,GMG-REPO-GQMS-DOCUMENTS-GRP,inherit from parent,YES,QA Documentation
GMG_Enterprise_Repository/02_GQMS_Controlled_Repository/00_Group_Shared/09_LAB/01_Controlled_Documents/CHK/Superseded,6,PS-GQMS-DOCUMENTS,00_Group_Shared,GMG-REPO-GQMS-DOCUMENTS-GRP,inherit from parent,YES,QA Documentation
GMG_Enterprise_Repository/02_GQMS_Controlled_Repository/00_Group_Shared/09_LAB/01_Controlled_Documents/FRM,5,PS-GQMS-DOCUMENTS,00_Group_Shared,GMG-REPO-GQMS-DOCUMENTS-GRP,inherit from parent,YES,QA Documentation
GMG_Enterprise_Repository/02_GQMS_Controlled_Repository/00_Group_Shared/09_LAB/01_Controlled_Documents/FRM/Approved_Pending_Effective,6,PS-GQMS-DOCUMENTS,00_Group_Shared,GMG-REPO-GQMS-DOCUMENTS-GRP,inherit from parent,YES,QA Documentation
GMG_Enterprise_Repository/02_GQMS_Controlled_Repository/00_Group_Shared/09_LAB/01_Controlled_Documents/FRM/Draft,6,PS-GQMS-DOCUMENTS,00_Group_Shared,GMG-REPO-GQMS-DOCUMENTS-GRP,inherit from parent,YES,QA Documentation
GMG_Enterprise_Repository/02_GQMS_Controlled_Repository/00_Group_Shared/09_LAB/01_Controlled_Documents/FRM/Effective,6,PS-GQMS-DOCUMENTS,00_Group_Shared,GMG-REPO-GQMS-DOCUMENTS-GRP,inherit from parent,YES,QA Documentation
GMG_Enterprise_Repository/02_GQMS_Controlled_Repository/00_Group_Shared/09_LAB/01_Controlled_Documents/FRM/In_Review,6,PS-GQMS-DOCUMENTS,00_Group_Shared,GMG-REPO-GQMS-DOCUMENTS-GRP,inherit from parent,YES,QA Documentation
GMG_Enterprise_Repository/02_GQMS_Controlled_Repository/00_Group_Shared/09_LAB/01_Controlled_Documents/FRM/Retired,6,PS-GQMS-DOCUMENTS,00_Group_Shared,GMG-REPO-GQMS-DOCUMENTS-GRP,inherit from parent,YES,QA Documentation
GMG_Enterprise_Repository/02_GQMS_Controlled_Repository/00_Group_Shared/09_LAB/01_Controlled_Documents/FRM/Superseded,6,PS-GQMS-DOCUMENTS,00_Group_Shared,GMG-REPO-GQMS-DOCUMENTS-GRP,inherit from parent,YES,QA Documentation
GMG_Enterprise_Repository/02_GQMS_Controlled_Repository/00_Group_Shared/09_LAB/01_Controlled_Documents/LOG,5,PS-GQMS-DOCUMENTS,00_Group_Shared,GMG-REPO-GQMS-DOCUMENTS-GRP,inherit from parent,YES,QA Documentation
GMG_Enterprise_Repository/02_GQMS_Controlled_Repository/00_Group_Shared/09_LAB/01_Controlled_Documents/LOG/Approved_Pending_Effective,6,PS-GQMS-DOCUMENTS,00_Group_Shared,GMG-REPO-GQMS-DOCUMENTS-GRP,inherit from parent,YES,QA Documentation
GMG_Enterprise_Repository/02_GQMS_Controlled_Repository/00_Group_Shared/09_LAB/01_Controlled_Documents/LOG/Draft,6,PS-GQMS-DOCUMENTS,00_Group_Shared,GMG-REPO-GQMS-DOCUMENTS-GRP,inherit from parent,YES,QA Documentation
GMG_Enterprise_Repository/02_GQMS_Controlled_Repository/00_Group_Shared/09_LAB/01_Controlled_Documents/LOG/Effective,6,PS-GQMS-DOCUMENTS,00_Group_Shared,GMG-REPO-GQMS-DOCUMENTS-GRP,inherit from parent,YES,QA Documentation
GMG_Enterprise_Repository/02_GQMS_Controlled_Repository/00_Group_Shared/09_LAB/01_Controlled_Documents/LOG/In_Review,6,PS-GQMS-DOCUMENTS,00_Group_Shared,GMG-REPO-GQMS-DOCUMENTS-GRP,inherit from parent,YES,QA Documentation
GMG_Enterprise_Repository/02_GQMS_Controlled_Repository/00_Group_Shared/09_LAB/01_Controlled_Documents/LOG/Retired,6,PS-GQMS-DOCUMENTS,00_Group_Shared,GMG-REPO-GQMS-DOCUMENTS-GRP,inherit from parent,YES,QA Documentation
GMG_Enterprise_Repository/02_GQMS_Controlled_Repository/00_Group_Shared/09_LAB/01_Controlled_Documents/LOG/Superseded,6,PS-GQMS-DOCUMENTS,00_Group_Shared,GMG-REPO-GQMS-DOCUMENTS-GRP,inherit from parent,YES,QA Documentation
GMG_Enterprise_Repository/02_GQMS_Controlled_Repository/00_Group_Shared/09_LAB/01_Controlled_Documents/MTX,5,PS-GQMS-DOCUMENTS,00_Group_Shared,GMG-REPO-GQMS-DOCUMENTS-GRP,inherit from parent,YES,QA Documentation
GMG_Enterprise_Repository/02_GQMS_Controlled_Repository/00_Group_Shared/09_LAB/01_Controlled_Documents/MTX/Approved_Pending_Effective,6,PS-GQMS-DOCUMENTS,00_Group_Shared,GMG-REPO-GQMS-DOCUMENTS-GRP,inherit from parent,YES,QA Documentation
GMG_Enterprise_Repository/02_GQMS_Controlled_Repository/00_Group_Shared/09_LAB/01_Controlled_Documents/MTX/Draft,6,PS-GQMS-DOCUMENTS,00_Group_Shared,GMG-REPO-GQMS-DOCUMENTS-GRP,inherit from parent,YES,QA Documentation
GMG_Enterprise_Repository/02_GQMS_Controlled_Repository/00_Group_Shared/09_LAB/01_Controlled_Documents/MTX/Effective,6,PS-GQMS-DOCUMENTS,00_Group_Shared,GMG-REPO-GQMS-DOCUMENTS-GRP,inherit from parent,YES,QA Documentation
GMG_Enterprise_Repository/02_GQMS_Controlled_Repository/00_Group_Shared/09_LAB/01_Controlled_Documents/MTX/In_Review,6,PS-GQMS-DOCUMENTS,00_Group_Shared,GMG-REPO-GQMS-DOCUMENTS-GRP,inherit from parent,YES,QA Documentation
GMG_Enterprise_Repository/02_GQMS_Controlled_Repository/00_Group_Shared/09_LAB/01_Controlled_Documents/MTX/Retired,6,PS-GQMS-DOCUMENTS,00_Group_Shared,GMG-REPO-GQMS-DOCUMENTS-GRP,inherit from parent,YES,QA Documentation
GMG_Enterprise_Repository/02_GQMS_Controlled_Repository/00_Group_Shared/09_LAB/01_Controlled_Documents/MTX/Superseded,6,PS-GQMS-DOCUMENTS,00_Group_Shared,GMG-REPO-GQMS-DOCUMENTS-GRP,inherit from parent,YES,QA Documentation
GMG_Enterprise_Repository/02_GQMS_Controlled_Repository/00_Group_Shared/09_LAB/01_Controlled_Documents/PLN,5,PS-GQMS-DOCUMENTS,00_Group_Shared,GMG-REPO-GQMS-DOCUMENTS-GRP,inherit from parent,YES,QA Documentation
GMG_Enterprise_Repository/02_GQMS_Controlled_Repository/00_Group_Shared/09_LAB/01_Controlled_Documents/PLN/Approved_Pending_Effective,6,PS-GQMS-DOCUMENTS,00_Group_Shared,GMG-REPO-GQMS-DOCUMENTS-GRP,inherit from parent,YES,QA Documentation
GMG_Enterprise_Repository/02_GQMS_Controlled_Repository/00_Group_Shared/09_LAB/01_Controlled_Documents/PLN/Draft,6,PS-GQMS-DOCUMENTS,00_Group_Shared,GMG-REPO-GQMS-DOCUMENTS-GRP,inherit from parent,YES,QA Documentation
GMG_Enterprise_Repository/02_GQMS_Controlled_Repository/00_Group_Shared/09_LAB/01_Controlled_Documents/PLN/Effective,6,PS-GQMS-DOCUMENTS,00_Group_Shared,GMG-REPO-GQMS-DOCUMENTS-GRP,inherit from parent,YES,QA Documentation
GMG_Enterprise_Repository/02_GQMS_Controlled_Repository/00_Group_Shared/09_LAB/01_Controlled_Documents/PLN/In_Review,6,PS-GQMS-DOCUMENTS,00_Group_Shared,GMG-REPO-GQMS-DOCUMENTS-GRP,inherit from parent,YES,QA Documentation
GMG_Enterprise_Repository/02_GQMS_Controlled_Repository/00_Group_Shared/09_LAB/01_Controlled_Documents/PLN/Retired,6,PS-GQMS-DOCUMENTS,00_Group_Shared,GMG-REPO-GQMS-DOCUMENTS-GRP,inherit from parent,YES,QA Documentation
GMG_Enterprise_Repository/02_GQMS_Controlled_Repository/00_Group_Shared/09_LAB/01_Controlled_Documents/PLN/Superseded,6,PS-GQMS-DOCUMENTS,00_Group_Shared,GMG-REPO-GQMS-DOCUMENTS-GRP,inherit from parent,YES,QA Documentation
GMG_Enterprise_Repository/02_GQMS_Controlled_Repository/00_Group_Shared/09_LAB/01_Controlled_Documents/SOP,5,PS-GQMS-DOCUMENTS,00_Group_Shared,GMG-REPO-GQMS-DOCUMENTS-GRP,inherit from parent,YES,QA Documentation
GMG_Enterprise_Repository/02_GQMS_Controlled_Repository/00_Group_Shared/09_LAB/01_Controlled_Documents/SOP/Approved_Pending_Effective,6,PS-GQMS-DOCUMENTS,00_Group_Shared,GMG-REPO-GQMS-DOCUMENTS-GRP,inherit from parent,YES,QA Documentation
GMG_Enterprise_Repository/02_GQMS_Controlled_Repository/00_Group_Shared/09_LAB/01_Controlled_Documents/SOP/Draft,6,PS-GQMS-DOCUMENTS,00_Group_Shared,GMG-REPO-GQMS-DOCUMENTS-GRP,inherit from parent,YES,QA Documentation
GMG_Enterprise_Repository/02_GQMS_Controlled_Repository/00_Group_Shared/09_LAB/01_Controlled_Documents/SOP/Effective,6,PS-GQMS-DOCUMENTS,00_Group_Shared,GMG-REPO-GQMS-DOCUMENTS-GRP,inherit from parent,YES,QA Documentation
GMG_Enterprise_Repository/02_GQMS_Controlled_Repository/00_Group_Shared/09_LAB/01_Controlled_Documents/SOP/In_Review,6,PS-GQMS-DOCUMENTS,00_Group_Shared,GMG-REPO-GQMS-DOCUMENTS-GRP,inherit from parent,YES,QA Documentation
GMG_Enterprise_Repository/02_GQMS_Controlled_Repository/00_Group_Shared/09_LAB/01_Controlled_Documents/SOP/Retired,6,PS-GQMS-DOCUMENTS,00_Group_Shared,GMG-REPO-GQMS-DOCUMENTS-GRP,inherit from parent,YES,QA Documentation
GMG_Enterprise_Repository/02_GQMS_Controlled_Repository/00_Group_Shared/09_LAB/01_Controlled_Documents/SOP/Superseded,6,PS-GQMS-DOCUMENTS,00_Group_Shared,GMG-REPO-GQMS-DOCUMENTS-GRP,inherit from parent,YES,QA Documentation
GMG_Enterprise_Repository/02_GQMS_Controlled_Repository/00_Group_Shared/09_LAB/01_Controlled_Documents/TPL,5,PS-GQMS-DOCUMENTS,00_Group_Shared,GMG-REPO-GQMS-DOCUMENTS-GRP,inherit from parent,YES,QA Documentation
GMG_Enterprise_Repository/02_GQMS_Controlled_Repository/00_Group_Shared/09_LAB/01_Controlled_Documents/TPL/Approved_Pending_Effective,6,PS-GQMS-DOCUMENTS,00_Group_Shared,GMG-REPO-GQMS-DOCUMENTS-GRP,inherit from parent,YES,QA Documentation
GMG_Enterprise_Repository/02_GQMS_Controlled_Repository/00_Group_Shared/09_LAB/01_Controlled_Documents/TPL/Draft,6,PS-GQMS-DOCUMENTS,00_Group_Shared,GMG-REPO-GQMS-DOCUMENTS-GRP,inherit from parent,YES,QA Documentation
GMG_Enterprise_Repository/02_GQMS_Controlled_Repository/00_Group_Shared/09_LAB/01_Controlled_Documents/TPL/Effective,6,PS-GQMS-DOCUMENTS,00_Group_Shared,GMG-REPO-GQMS-DOCUMENTS-GRP,inherit from parent,YES,QA Documentation
GMG_Enterprise_Repository/02_GQMS_Controlled_Repository/00_Group_Shared/09_LAB/01_Controlled_Documents/TPL/In_Review,6,PS-GQMS-DOCUMENTS,00_Group_Shared,GMG-REPO-GQMS-DOCUMENTS-GRP,inherit from parent,YES,QA Documentation
GMG_Enterprise_Repository/02_GQMS_Controlled_Repository/00_Group_Shared/09_LAB/01_Controlled_Documents/TPL/Retired,6,PS-GQMS-DOCUMENTS,00_Group_Shared,GMG-REPO-GQMS-DOCUMENTS-GRP,inherit from parent,YES,QA Documentation
GMG_Enterprise_Repository/02_GQMS_Controlled_Repository/00_Group_Shared/09_LAB/01_Controlled_Documents/TPL/Superseded,6,PS-GQMS-DOCUMENTS,00_Group_Shared,GMG-REPO-GQMS-DOCUMENTS-GRP,inherit from parent,YES,QA Documentation
GMG_Enterprise_Repository/02_GQMS_Controlled_Repository/00_Group_Shared/09_LAB/01_Controlled_Documents/WIN,5,PS-GQMS-DOCUMENTS,00_Group_Shared,GMG-REPO-GQMS-DOCUMENTS-GRP,inherit from parent,YES,QA Documentation
GMG_Enterprise_Repository/02_GQMS_Controlled_Repository/00_Group_Shared/09_LAB/01_Controlled_Documents/WIN/Approved_Pending_Effective,6,PS-GQMS-DOCUMENTS,00_Group_Shared,GMG-REPO-GQMS-DOCUMENTS-GRP,inherit from parent,YES,QA Documentation
GMG_Enterprise_Repository/02_GQMS_Controlled_Repository/00_Group_Shared/09_LAB/01_Controlled_Documents/WIN/Draft,6,PS-GQMS-DOCUMENTS,00_Group_Shared,GMG-REPO-GQMS-DOCUMENTS-GRP,inherit from parent,YES,QA Documentation
GMG_Enterprise_Repository/02_GQMS_Controlled_Repository/00_Group_Shared/09_LAB/01_Controlled_Documents/WIN/Effective,6,PS-GQMS-DOCUMENTS,00_Group_Shared,GMG-REPO-GQMS-DOCUMENTS-GRP,inherit from parent,YES,QA Documentation
GMG_Enterprise_Repository/02_GQMS_Controlled_Repository/00_Group_Shared/09_LAB/01_Controlled_Documents/WIN/In_Review,6,PS-GQMS-DOCUMENTS,00_Group_Shared,GMG-REPO-GQMS-DOCUMENTS-GRP,inherit from parent,YES,QA Documentation
GMG_Enterprise_Repository/02_GQMS_Controlled_Repository/00_Group_Shared/09_LAB/01_Controlled_Documents/WIN/Retired,6,PS-GQMS-DOCUMENTS,00_Group_Shared,GMG-REPO-GQMS-DOCUMENTS-GRP,inherit from parent,YES,QA Documentation
GMG_Enterprise_Repository/02_GQMS_Controlled_Repository/00_Group_Shared/09_LAB/01_Controlled_Documents/WIN/Superseded,6,PS-GQMS-DOCUMENTS,00_Group_Shared,GMG-REPO-GQMS-DOCUMENTS-GRP,inherit from parent,YES,QA Documentation
GMG_Enterprise_Repository/02_GQMS_Controlled_Repository/00_Group_Shared/09_LAB/02_Quality_Records,4,PS-GQMS-DOCUMENTS,00_Group_Shared,GMG-REPO-GQMS-DOCUMENTS-GRP,inherit from parent,YES,QA Documentation
GMG_Enterprise_Repository/02_GQMS_Controlled_Repository/00_Group_Shared/10_RND,3,PS-GQMS-DOCUMENTS + PS-GQMS-RECORDS,00_Group_Shared,UNRESOLVED,inherit from parent,NO — CANNOT BIND,GQD / domain authority
GMG_Enterprise_Repository/02_GQMS_Controlled_Repository/00_Group_Shared/10_RND/01_Controlled_Documents,4,PS-GQMS-DOCUMENTS,00_Group_Shared,GMG-REPO-GQMS-DOCUMENTS-GRP,BREAK INHERITANCE — apply explicitly,YES,QA Documentation
GMG_Enterprise_Repository/02_GQMS_Controlled_Repository/00_Group_Shared/10_RND/01_Controlled_Documents/AGR,5,PS-GQMS-DOCUMENTS,00_Group_Shared,GMG-REPO-GQMS-DOCUMENTS-GRP,inherit from parent,YES,QA Documentation
GMG_Enterprise_Repository/02_GQMS_Controlled_Repository/00_Group_Shared/10_RND/01_Controlled_Documents/AGR/Approved_Pending_Effective,6,PS-GQMS-DOCUMENTS,00_Group_Shared,GMG-REPO-GQMS-DOCUMENTS-GRP,inherit from parent,YES,QA Documentation
GMG_Enterprise_Repository/02_GQMS_Controlled_Repository/00_Group_Shared/10_RND/01_Controlled_Documents/AGR/Draft,6,PS-GQMS-DOCUMENTS,00_Group_Shared,GMG-REPO-GQMS-DOCUMENTS-GRP,inherit from parent,YES,QA Documentation
GMG_Enterprise_Repository/02_GQMS_Controlled_Repository/00_Group_Shared/10_RND/01_Controlled_Documents/AGR/Effective,6,PS-GQMS-DOCUMENTS,00_Group_Shared,GMG-REPO-GQMS-DOCUMENTS-GRP,inherit from parent,YES,QA Documentation
GMG_Enterprise_Repository/02_GQMS_Controlled_Repository/00_Group_Shared/10_RND/01_Controlled_Documents/AGR/In_Review,6,PS-GQMS-DOCUMENTS,00_Group_Shared,GMG-REPO-GQMS-DOCUMENTS-GRP,inherit from parent,YES,QA Documentation
GMG_Enterprise_Repository/02_GQMS_Controlled_Repository/00_Group_Shared/10_RND/01_Controlled_Documents/AGR/Retired,6,PS-GQMS-DOCUMENTS,00_Group_Shared,GMG-REPO-GQMS-DOCUMENTS-GRP,inherit from parent,YES,QA Documentation
GMG_Enterprise_Repository/02_GQMS_Controlled_Repository/00_Group_Shared/10_RND/01_Controlled_Documents/AGR/Superseded,6,PS-GQMS-DOCUMENTS,00_Group_Shared,GMG-REPO-GQMS-DOCUMENTS-GRP,inherit from parent,YES,QA Documentation
GMG_Enterprise_Repository/02_GQMS_Controlled_Repository/00_Group_Shared/10_RND/01_Controlled_Documents/CHK,5,PS-GQMS-DOCUMENTS,00_Group_Shared,GMG-REPO-GQMS-DOCUMENTS-GRP,inherit from parent,YES,QA Documentation
GMG_Enterprise_Repository/02_GQMS_Controlled_Repository/00_Group_Shared/10_RND/01_Controlled_Documents/CHK/Approved_Pending_Effective,6,PS-GQMS-DOCUMENTS,00_Group_Shared,GMG-REPO-GQMS-DOCUMENTS-GRP,inherit from parent,YES,QA Documentation
GMG_Enterprise_Repository/02_GQMS_Controlled_Repository/00_Group_Shared/10_RND/01_Controlled_Documents/CHK/Draft,6,PS-GQMS-DOCUMENTS,00_Group_Shared,GMG-REPO-GQMS-DOCUMENTS-GRP,inherit from parent,YES,QA Documentation
GMG_Enterprise_Repository/02_GQMS_Controlled_Repository/00_Group_Shared/10_RND/01_Controlled_Documents/CHK/Effective,6,PS-GQMS-DOCUMENTS,00_Group_Shared,GMG-REPO-GQMS-DOCUMENTS-GRP,inherit from parent,YES,QA Documentation
GMG_Enterprise_Repository/02_GQMS_Controlled_Repository/00_Group_Shared/10_RND/01_Controlled_Documents/CHK/In_Review,6,PS-GQMS-DOCUMENTS,00_Group_Shared,GMG-REPO-GQMS-DOCUMENTS-GRP,inherit from parent,YES,QA Documentation
GMG_Enterprise_Repository/02_GQMS_Controlled_Repository/00_Group_Shared/10_RND/01_Controlled_Documents/CHK/Retired,6,PS-GQMS-DOCUMENTS,00_Group_Shared,GMG-REPO-GQMS-DOCUMENTS-GRP,inherit from parent,YES,QA Documentation
GMG_Enterprise_Repository/02_GQMS_Controlled_Repository/00_Group_Shared/10_RND/01_Controlled_Documents/CHK/Superseded,6,PS-GQMS-DOCUMENTS,00_Group_Shared,GMG-REPO-GQMS-DOCUMENTS-GRP,inherit from parent,YES,QA Documentation
GMG_Enterprise_Repository/02_GQMS_Controlled_Repository/00_Group_Shared/10_RND/01_Controlled_Documents/FRM,5,PS-GQMS-DOCUMENTS,00_Group_Shared,GMG-REPO-GQMS-DOCUMENTS-GRP,inherit from parent,YES,QA Documentation
GMG_Enterprise_Repository/02_GQMS_Controlled_Repository/00_Group_Shared/10_RND/01_Controlled_Documents/FRM/Approved_Pending_Effective,6,PS-GQMS-DOCUMENTS,00_Group_Shared,GMG-REPO-GQMS-DOCUMENTS-GRP,inherit from parent,YES,QA Documentation
GMG_Enterprise_Repository/02_GQMS_Controlled_Repository/00_Group_Shared/10_RND/01_Controlled_Documents/FRM/Draft,6,PS-GQMS-DOCUMENTS,00_Group_Shared,GMG-REPO-GQMS-DOCUMENTS-GRP,inherit from parent,YES,QA Documentation
GMG_Enterprise_Repository/02_GQMS_Controlled_Repository/00_Group_Shared/10_RND/01_Controlled_Documents/FRM/Effective,6,PS-GQMS-DOCUMENTS,00_Group_Shared,GMG-REPO-GQMS-DOCUMENTS-GRP,inherit from parent,YES,QA Documentation
GMG_Enterprise_Repository/02_GQMS_Controlled_Repository/00_Group_Shared/10_RND/01_Controlled_Documents/FRM/In_Review,6,PS-GQMS-DOCUMENTS,00_Group_Shared,GMG-REPO-GQMS-DOCUMENTS-GRP,inherit from parent,YES,QA Documentation
GMG_Enterprise_Repository/02_GQMS_Controlled_Repository/00_Group_Shared/10_RND/01_Controlled_Documents/FRM/Retired,6,PS-GQMS-DOCUMENTS,00_Group_Shared,GMG-REPO-GQMS-DOCUMENTS-GRP,inherit from parent,YES,QA Documentation
GMG_Enterprise_Repository/02_GQMS_Controlled_Repository/00_Group_Shared/10_RND/01_Controlled_Documents/FRM/Superseded,6,PS-GQMS-DOCUMENTS,00_Group_Shared,GMG-REPO-GQMS-DOCUMENTS-GRP,inherit from parent,YES,QA Documentation
GMG_Enterprise_Repository/02_GQMS_Controlled_Repository/00_Group_Shared/10_RND/01_Controlled_Documents/LOG,5,PS-GQMS-DOCUMENTS,00_Group_Shared,GMG-REPO-GQMS-DOCUMENTS-GRP,inherit from parent,YES,QA Documentation
GMG_Enterprise_Repository/02_GQMS_Controlled_Repository/00_Group_Shared/10_RND/01_Controlled_Documents/LOG/Approved_Pending_Effective,6,PS-GQMS-DOCUMENTS,00_Group_Shared,GMG-REPO-GQMS-DOCUMENTS-GRP,inherit from parent,YES,QA Documentation
GMG_Enterprise_Repository/02_GQMS_Controlled_Repository/00_Group_Shared/10_RND/01_Controlled_Documents/LOG/Draft,6,PS-GQMS-DOCUMENTS,00_Group_Shared,GMG-REPO-GQMS-DOCUMENTS-GRP,inherit from parent,YES,QA Documentation
GMG_Enterprise_Repository/02_GQMS_Controlled_Repository/00_Group_Shared/10_RND/01_Controlled_Documents/LOG/Effective,6,PS-GQMS-DOCUMENTS,00_Group_Shared,GMG-REPO-GQMS-DOCUMENTS-GRP,inherit from parent,YES,QA Documentation
GMG_Enterprise_Repository/02_GQMS_Controlled_Repository/00_Group_Shared/10_RND/01_Controlled_Documents/LOG/In_Review,6,PS-GQMS-DOCUMENTS,00_Group_Shared,GMG-REPO-GQMS-DOCUMENTS-GRP,inherit from parent,YES,QA Documentation
GMG_Enterprise_Repository/02_GQMS_Controlled_Repository/00_Group_Shared/10_RND/01_Controlled_Documents/LOG/Retired,6,PS-GQMS-DOCUMENTS,00_Group_Shared,GMG-REPO-GQMS-DOCUMENTS-GRP,inherit from parent,YES,QA Documentation
GMG_Enterprise_Repository/02_GQMS_Controlled_Repository/00_Group_Shared/10_RND/01_Controlled_Documents/LOG/Superseded,6,PS-GQMS-DOCUMENTS,00_Group_Shared,GMG-REPO-GQMS-DOCUMENTS-GRP,inherit from parent,YES,QA Documentation
GMG_Enterprise_Repository/02_GQMS_Controlled_Repository/00_Group_Shared/10_RND/01_Controlled_Documents/MTX,5,PS-GQMS-DOCUMENTS,00_Group_Shared,GMG-REPO-GQMS-DOCUMENTS-GRP,inherit from parent,YES,QA Documentation
GMG_Enterprise_Repository/02_GQMS_Controlled_Repository/00_Group_Shared/10_RND/01_Controlled_Documents/MTX/Approved_Pending_Effective,6,PS-GQMS-DOCUMENTS,00_Group_Shared,GMG-REPO-GQMS-DOCUMENTS-GRP,inherit from parent,YES,QA Documentation
GMG_Enterprise_Repository/02_GQMS_Controlled_Repository/00_Group_Shared/10_RND/01_Controlled_Documents/MTX/Draft,6,PS-GQMS-DOCUMENTS,00_Group_Shared,GMG-REPO-GQMS-DOCUMENTS-GRP,inherit from parent,YES,QA Documentation
GMG_Enterprise_Repository/02_GQMS_Controlled_Repository/00_Group_Shared/10_RND/01_Controlled_Documents/MTX/Effective,6,PS-GQMS-DOCUMENTS,00_Group_Shared,GMG-REPO-GQMS-DOCUMENTS-GRP,inherit from parent,YES,QA Documentation
GMG_Enterprise_Repository/02_GQMS_Controlled_Repository/00_Group_Shared/10_RND/01_Controlled_Documents/MTX/In_Review,6,PS-GQMS-DOCUMENTS,00_Group_Shared,GMG-REPO-GQMS-DOCUMENTS-GRP,inherit from parent,YES,QA Documentation
GMG_Enterprise_Repository/02_GQMS_Controlled_Repository/00_Group_Shared/10_RND/01_Controlled_Documents/MTX/Retired,6,PS-GQMS-DOCUMENTS,00_Group_Shared,GMG-REPO-GQMS-DOCUMENTS-GRP,inherit from parent,YES,QA Documentation
GMG_Enterprise_Repository/02_GQMS_Controlled_Repository/00_Group_Shared/10_RND/01_Controlled_Documents/MTX/Superseded,6,PS-GQMS-DOCUMENTS,00_Group_Shared,GMG-REPO-GQMS-DOCUMENTS-GRP,inherit from parent,YES,QA Documentation
GMG_Enterprise_Repository/02_GQMS_Controlled_Repository/00_Group_Shared/10_RND/01_Controlled_Documents/PLN,5,PS-GQMS-DOCUMENTS,00_Group_Shared,GMG-REPO-GQMS-DOCUMENTS-GRP,inherit from parent,YES,QA Documentation
GMG_Enterprise_Repository/02_GQMS_Controlled_Repository/00_Group_Shared/10_RND/01_Controlled_Documents/PLN/Approved_Pending_Effective,6,PS-GQMS-DOCUMENTS,00_Group_Shared,GMG-REPO-GQMS-DOCUMENTS-GRP,inherit from parent,YES,QA Documentation
GMG_Enterprise_Repository/02_GQMS_Controlled_Repository/00_Group_Shared/10_RND/01_Controlled_Documents/PLN/Draft,6,PS-GQMS-DOCUMENTS,00_Group_Shared,GMG-REPO-GQMS-DOCUMENTS-GRP,inherit from parent,YES,QA Documentation
GMG_Enterprise_Repository/02_GQMS_Controlled_Repository/00_Group_Shared/10_RND/01_Controlled_Documents/PLN/Effective,6,PS-GQMS-DOCUMENTS,00_Group_Shared,GMG-REPO-GQMS-DOCUMENTS-GRP,inherit from parent,YES,QA Documentation
GMG_Enterprise_Repository/02_GQMS_Controlled_Repository/00_Group_Shared/10_RND/01_Controlled_Documents/PLN/In_Review,6,PS-GQMS-DOCUMENTS,00_Group_Shared,GMG-REPO-GQMS-DOCUMENTS-GRP,inherit from parent,YES,QA Documentation
GMG_Enterprise_Repository/02_GQMS_Controlled_Repository/00_Group_Shared/10_RND/01_Controlled_Documents/PLN/Retired,6,PS-GQMS-DOCUMENTS,00_Group_Shared,GMG-REPO-GQMS-DOCUMENTS-GRP,inherit from parent,YES,QA Documentation
GMG_Enterprise_Repository/02_GQMS_Controlled_Repository/00_Group_Shared/10_RND/01_Controlled_Documents/PLN/Superseded,6,PS-GQMS-DOCUMENTS,00_Group_Shared,GMG-REPO-GQMS-DOCUMENTS-GRP,inherit from parent,YES,QA Documentation
GMG_Enterprise_Repository/02_GQMS_Controlled_Repository/00_Group_Shared/10_RND/01_Controlled_Documents/SOP,5,PS-GQMS-DOCUMENTS,00_Group_Shared,GMG-REPO-GQMS-DOCUMENTS-GRP,inherit from parent,YES,QA Documentation
GMG_Enterprise_Repository/02_GQMS_Controlled_Repository/00_Group_Shared/10_RND/01_Controlled_Documents/SOP/Approved_Pending_Effective,6,PS-GQMS-DOCUMENTS,00_Group_Shared,GMG-REPO-GQMS-DOCUMENTS-GRP,inherit from parent,YES,QA Documentation
GMG_Enterprise_Repository/02_GQMS_Controlled_Repository/00_Group_Shared/10_RND/01_Controlled_Documents/SOP/Draft,6,PS-GQMS-DOCUMENTS,00_Group_Shared,GMG-REPO-GQMS-DOCUMENTS-GRP,inherit from parent,YES,QA Documentation
GMG_Enterprise_Repository/02_GQMS_Controlled_Repository/00_Group_Shared/10_RND/01_Controlled_Documents/SOP/Effective,6,PS-GQMS-DOCUMENTS,00_Group_Shared,GMG-REPO-GQMS-DOCUMENTS-GRP,inherit from parent,YES,QA Documentation
GMG_Enterprise_Repository/02_GQMS_Controlled_Repository/00_Group_Shared/10_RND/01_Controlled_Documents/SOP/In_Review,6,PS-GQMS-DOCUMENTS,00_Group_Shared,GMG-REPO-GQMS-DOCUMENTS-GRP,inherit from parent,YES,QA Documentation
GMG_Enterprise_Repository/02_GQMS_Controlled_Repository/00_Group_Shared/10_RND/01_Controlled_Documents/SOP/Retired,6,PS-GQMS-DOCUMENTS,00_Group_Shared,GMG-REPO-GQMS-DOCUMENTS-GRP,inherit from parent,YES,QA Documentation
GMG_Enterprise_Repository/02_GQMS_Controlled_Repository/00_Group_Shared/10_RND/01_Controlled_Documents/SOP/Superseded,6,PS-GQMS-DOCUMENTS,00_Group_Shared,GMG-REPO-GQMS-DOCUMENTS-GRP,inherit from parent,YES,QA Documentation
GMG_Enterprise_Repository/02_GQMS_Controlled_Repository/00_Group_Shared/10_RND/01_Controlled_Documents/STD,5,PS-GQMS-DOCUMENTS,00_Group_Shared,GMG-REPO-GQMS-DOCUMENTS-GRP,inherit from parent,YES,QA Documentation
GMG_Enterprise_Repository/02_GQMS_Controlled_Repository/00_Group_Shared/10_RND/01_Controlled_Documents/STD/Approved_Pending_Effective,6,PS-GQMS-DOCUMENTS,00_Group_Shared,GMG-REPO-GQMS-DOCUMENTS-GRP,inherit from parent,YES,QA Documentation
GMG_Enterprise_Repository/02_GQMS_Controlled_Repository/00_Group_Shared/10_RND/01_Controlled_Documents/STD/Draft,6,PS-GQMS-DOCUMENTS,00_Group_Shared,GMG-REPO-GQMS-DOCUMENTS-GRP,inherit from parent,YES,QA Documentation
GMG_Enterprise_Repository/02_GQMS_Controlled_Repository/00_Group_Shared/10_RND/01_Controlled_Documents/STD/Effective,6,PS-GQMS-DOCUMENTS,00_Group_Shared,GMG-REPO-GQMS-DOCUMENTS-GRP,inherit from parent,YES,QA Documentation
GMG_Enterprise_Repository/02_GQMS_Controlled_Repository/00_Group_Shared/10_RND/01_Controlled_Documents/STD/In_Review,6,PS-GQMS-DOCUMENTS,00_Group_Shared,GMG-REPO-GQMS-DOCUMENTS-GRP,inherit from parent,YES,QA Documentation
GMG_Enterprise_Repository/02_GQMS_Controlled_Repository/00_Group_Shared/10_RND/01_Controlled_Documents/STD/Retired,6,PS-GQMS-DOCUMENTS,00_Group_Shared,GMG-REPO-GQMS-DOCUMENTS-GRP,inherit from parent,YES,QA Documentation
GMG_Enterprise_Repository/02_GQMS_Controlled_Repository/00_Group_Shared/10_RND/01_Controlled_Documents/STD/Superseded,6,PS-GQMS-DOCUMENTS,00_Group_Shared,GMG-REPO-GQMS-DOCUMENTS-GRP,inherit from parent,YES,QA Documentation
GMG_Enterprise_Repository/02_GQMS_Controlled_Repository/00_Group_Shared/10_RND/01_Controlled_Documents/TPL,5,PS-GQMS-DOCUMENTS,00_Group_Shared,GMG-REPO-GQMS-DOCUMENTS-GRP,inherit from parent,YES,QA Documentation
GMG_Enterprise_Repository/02_GQMS_Controlled_Repository/00_Group_Shared/10_RND/01_Controlled_Documents/TPL/Approved_Pending_Effective,6,PS-GQMS-DOCUMENTS,00_Group_Shared,GMG-REPO-GQMS-DOCUMENTS-GRP,inherit from parent,YES,QA Documentation
GMG_Enterprise_Repository/02_GQMS_Controlled_Repository/00_Group_Shared/10_RND/01_Controlled_Documents/TPL/Draft,6,PS-GQMS-DOCUMENTS,00_Group_Shared,GMG-REPO-GQMS-DOCUMENTS-GRP,inherit from parent,YES,QA Documentation
GMG_Enterprise_Repository/02_GQMS_Controlled_Repository/00_Group_Shared/10_RND/01_Controlled_Documents/TPL/Effective,6,PS-GQMS-DOCUMENTS,00_Group_Shared,GMG-REPO-GQMS-DOCUMENTS-GRP,inherit from parent,YES,QA Documentation
GMG_Enterprise_Repository/02_GQMS_Controlled_Repository/00_Group_Shared/10_RND/01_Controlled_Documents/TPL/In_Review,6,PS-GQMS-DOCUMENTS,00_Group_Shared,GMG-REPO-GQMS-DOCUMENTS-GRP,inherit from parent,YES,QA Documentation
GMG_Enterprise_Repository/02_GQMS_Controlled_Repository/00_Group_Shared/10_RND/01_Controlled_Documents/TPL/Retired,6,PS-GQMS-DOCUMENTS,00_Group_Shared,GMG-REPO-GQMS-DOCUMENTS-GRP,inherit from parent,YES,QA Documentation
GMG_Enterprise_Repository/02_GQMS_Controlled_Repository/00_Group_Shared/10_RND/01_Controlled_Documents/TPL/Superseded,6,PS-GQMS-DOCUMENTS,00_Group_Shared,GMG-REPO-GQMS-DOCUMENTS-GRP,inherit from parent,YES,QA Documentation
GMG_Enterprise_Repository/02_GQMS_Controlled_Repository/00_Group_Shared/10_RND/01_Controlled_Documents/WIN,5,PS-GQMS-DOCUMENTS,00_Group_Shared,GMG-REPO-GQMS-DOCUMENTS-GRP,inherit from parent,YES,QA Documentation
GMG_Enterprise_Repository/02_GQMS_Controlled_Repository/00_Group_Shared/10_RND/01_Controlled_Documents/WIN/Approved_Pending_Effective,6,PS-GQMS-DOCUMENTS,00_Group_Shared,GMG-REPO-GQMS-DOCUMENTS-GRP,inherit from parent,YES,QA Documentation
GMG_Enterprise_Repository/02_GQMS_Controlled_Repository/00_Group_Shared/10_RND/01_Controlled_Documents/WIN/Draft,6,PS-GQMS-DOCUMENTS,00_Group_Shared,GMG-REPO-GQMS-DOCUMENTS-GRP,inherit from parent,YES,QA Documentation
GMG_Enterprise_Repository/02_GQMS_Controlled_Repository/00_Group_Shared/10_RND/01_Controlled_Documents/WIN/Effective,6,PS-GQMS-DOCUMENTS,00_Group_Shared,GMG-REPO-GQMS-DOCUMENTS-GRP,inherit from parent,YES,QA Documentation
GMG_Enterprise_Repository/02_GQMS_Controlled_Repository/00_Group_Shared/10_RND/01_Controlled_Documents/WIN/In_Review,6,PS-GQMS-DOCUMENTS,00_Group_Shared,GMG-REPO-GQMS-DOCUMENTS-GRP,inherit from parent,YES,QA Documentation
GMG_Enterprise_Repository/02_GQMS_Controlled_Repository/00_Group_Shared/10_RND/01_Controlled_Documents/WIN/Retired,6,PS-GQMS-DOCUMENTS,00_Group_Shared,GMG-REPO-GQMS-DOCUMENTS-GRP,inherit from parent,YES,QA Documentation
GMG_Enterprise_Repository/02_GQMS_Controlled_Repository/00_Group_Shared/10_RND/01_Controlled_Documents/WIN/Superseded,6,PS-GQMS-DOCUMENTS,00_Group_Shared,GMG-REPO-GQMS-DOCUMENTS-GRP,inherit from parent,YES,QA Documentation
GMG_Enterprise_Repository/02_GQMS_Controlled_Repository/00_Group_Shared/10_RND/02_Quality_Records,4,PS-GQMS-RECORDS,00_Group_Shared,GMG-REPO-GQMS-RECORDS-GRP,BREAK INHERITANCE — apply explicitly,YES,Company QA / Process Owner
GMG_Enterprise_Repository/02_GQMS_Controlled_Repository/00_Group_Shared/11_GLP,3,PS-GQMS-DOCUMENTS,00_Group_Shared,GMG-REPO-GQMS-DOCUMENTS-GRP,BREAK INHERITANCE — apply explicitly,YES,QA Documentation
GMG_Enterprise_Repository/02_GQMS_Controlled_Repository/00_Group_Shared/11_GLP/01_Controlled_Documents,4,PS-GQMS-DOCUMENTS,00_Group_Shared,GMG-REPO-GQMS-DOCUMENTS-GRP,inherit from parent,YES,QA Documentation
GMG_Enterprise_Repository/02_GQMS_Controlled_Repository/00_Group_Shared/11_GLP/01_Controlled_Documents/AGR,5,PS-GQMS-DOCUMENTS,00_Group_Shared,GMG-REPO-GQMS-DOCUMENTS-GRP,inherit from parent,YES,QA Documentation
GMG_Enterprise_Repository/02_GQMS_Controlled_Repository/00_Group_Shared/11_GLP/01_Controlled_Documents/AGR/Approved_Pending_Effective,6,PS-GQMS-DOCUMENTS,00_Group_Shared,GMG-REPO-GQMS-DOCUMENTS-GRP,inherit from parent,YES,QA Documentation
GMG_Enterprise_Repository/02_GQMS_Controlled_Repository/00_Group_Shared/11_GLP/01_Controlled_Documents/AGR/Draft,6,PS-GQMS-DOCUMENTS,00_Group_Shared,GMG-REPO-GQMS-DOCUMENTS-GRP,inherit from parent,YES,QA Documentation
GMG_Enterprise_Repository/02_GQMS_Controlled_Repository/00_Group_Shared/11_GLP/01_Controlled_Documents/AGR/Effective,6,PS-GQMS-DOCUMENTS,00_Group_Shared,GMG-REPO-GQMS-DOCUMENTS-GRP,inherit from parent,YES,QA Documentation
GMG_Enterprise_Repository/02_GQMS_Controlled_Repository/00_Group_Shared/11_GLP/01_Controlled_Documents/AGR/In_Review,6,PS-GQMS-DOCUMENTS,00_Group_Shared,GMG-REPO-GQMS-DOCUMENTS-GRP,inherit from parent,YES,QA Documentation
GMG_Enterprise_Repository/02_GQMS_Controlled_Repository/00_Group_Shared/11_GLP/01_Controlled_Documents/AGR/Retired,6,PS-GQMS-DOCUMENTS,00_Group_Shared,GMG-REPO-GQMS-DOCUMENTS-GRP,inherit from parent,YES,QA Documentation
GMG_Enterprise_Repository/02_GQMS_Controlled_Repository/00_Group_Shared/11_GLP/01_Controlled_Documents/AGR/Superseded,6,PS-GQMS-DOCUMENTS,00_Group_Shared,GMG-REPO-GQMS-DOCUMENTS-GRP,inherit from parent,YES,QA Documentation
GMG_Enterprise_Repository/02_GQMS_Controlled_Repository/00_Group_Shared/11_GLP/01_Controlled_Documents/CHK,5,PS-GQMS-DOCUMENTS,00_Group_Shared,GMG-REPO-GQMS-DOCUMENTS-GRP,inherit from parent,YES,QA Documentation
GMG_Enterprise_Repository/02_GQMS_Controlled_Repository/00_Group_Shared/11_GLP/01_Controlled_Documents/CHK/Approved_Pending_Effective,6,PS-GQMS-DOCUMENTS,00_Group_Shared,GMG-REPO-GQMS-DOCUMENTS-GRP,inherit from parent,YES,QA Documentation
GMG_Enterprise_Repository/02_GQMS_Controlled_Repository/00_Group_Shared/11_GLP/01_Controlled_Documents/CHK/Draft,6,PS-GQMS-DOCUMENTS,00_Group_Shared,GMG-REPO-GQMS-DOCUMENTS-GRP,inherit from parent,YES,QA Documentation
GMG_Enterprise_Repository/02_GQMS_Controlled_Repository/00_Group_Shared/11_GLP/01_Controlled_Documents/CHK/Effective,6,PS-GQMS-DOCUMENTS,00_Group_Shared,GMG-REPO-GQMS-DOCUMENTS-GRP,inherit from parent,YES,QA Documentation
GMG_Enterprise_Repository/02_GQMS_Controlled_Repository/00_Group_Shared/11_GLP/01_Controlled_Documents/CHK/In_Review,6,PS-GQMS-DOCUMENTS,00_Group_Shared,GMG-REPO-GQMS-DOCUMENTS-GRP,inherit from parent,YES,QA Documentation
GMG_Enterprise_Repository/02_GQMS_Controlled_Repository/00_Group_Shared/11_GLP/01_Controlled_Documents/CHK/Retired,6,PS-GQMS-DOCUMENTS,00_Group_Shared,GMG-REPO-GQMS-DOCUMENTS-GRP,inherit from parent,YES,QA Documentation
GMG_Enterprise_Repository/02_GQMS_Controlled_Repository/00_Group_Shared/11_GLP/01_Controlled_Documents/CHK/Superseded,6,PS-GQMS-DOCUMENTS,00_Group_Shared,GMG-REPO-GQMS-DOCUMENTS-GRP,inherit from parent,YES,QA Documentation
GMG_Enterprise_Repository/02_GQMS_Controlled_Repository/00_Group_Shared/11_GLP/01_Controlled_Documents/FRM,5,PS-GQMS-DOCUMENTS,00_Group_Shared,GMG-REPO-GQMS-DOCUMENTS-GRP,inherit from parent,YES,QA Documentation
GMG_Enterprise_Repository/02_GQMS_Controlled_Repository/00_Group_Shared/11_GLP/01_Controlled_Documents/FRM/Approved_Pending_Effective,6,PS-GQMS-DOCUMENTS,00_Group_Shared,GMG-REPO-GQMS-DOCUMENTS-GRP,inherit from parent,YES,QA Documentation
GMG_Enterprise_Repository/02_GQMS_Controlled_Repository/00_Group_Shared/11_GLP/01_Controlled_Documents/FRM/Draft,6,PS-GQMS-DOCUMENTS,00_Group_Shared,GMG-REPO-GQMS-DOCUMENTS-GRP,inherit from parent,YES,QA Documentation
GMG_Enterprise_Repository/02_GQMS_Controlled_Repository/00_Group_Shared/11_GLP/01_Controlled_Documents/FRM/Effective,6,PS-GQMS-DOCUMENTS,00_Group_Shared,GMG-REPO-GQMS-DOCUMENTS-GRP,inherit from parent,YES,QA Documentation
GMG_Enterprise_Repository/02_GQMS_Controlled_Repository/00_Group_Shared/11_GLP/01_Controlled_Documents/FRM/In_Review,6,PS-GQMS-DOCUMENTS,00_Group_Shared,GMG-REPO-GQMS-DOCUMENTS-GRP,inherit from parent,YES,QA Documentation
GMG_Enterprise_Repository/02_GQMS_Controlled_Repository/00_Group_Shared/11_GLP/01_Controlled_Documents/FRM/Retired,6,PS-GQMS-DOCUMENTS,00_Group_Shared,GMG-REPO-GQMS-DOCUMENTS-GRP,inherit from parent,YES,QA Documentation
GMG_Enterprise_Repository/02_GQMS_Controlled_Repository/00_Group_Shared/11_GLP/01_Controlled_Documents/FRM/Superseded,6,PS-GQMS-DOCUMENTS,00_Group_Shared,GMG-REPO-GQMS-DOCUMENTS-GRP,inherit from parent,YES,QA Documentation
GMG_Enterprise_Repository/02_GQMS_Controlled_Repository/00_Group_Shared/11_GLP/01_Controlled_Documents/LOG,5,PS-GQMS-DOCUMENTS,00_Group_Shared,GMG-REPO-GQMS-DOCUMENTS-GRP,inherit from parent,YES,QA Documentation
GMG_Enterprise_Repository/02_GQMS_Controlled_Repository/00_Group_Shared/11_GLP/01_Controlled_Documents/LOG/Approved_Pending_Effective,6,PS-GQMS-DOCUMENTS,00_Group_Shared,GMG-REPO-GQMS-DOCUMENTS-GRP,inherit from parent,YES,QA Documentation
GMG_Enterprise_Repository/02_GQMS_Controlled_Repository/00_Group_Shared/11_GLP/01_Controlled_Documents/LOG/Draft,6,PS-GQMS-DOCUMENTS,00_Group_Shared,GMG-REPO-GQMS-DOCUMENTS-GRP,inherit from parent,YES,QA Documentation
GMG_Enterprise_Repository/02_GQMS_Controlled_Repository/00_Group_Shared/11_GLP/01_Controlled_Documents/LOG/Effective,6,PS-GQMS-DOCUMENTS,00_Group_Shared,GMG-REPO-GQMS-DOCUMENTS-GRP,inherit from parent,YES,QA Documentation
GMG_Enterprise_Repository/02_GQMS_Controlled_Repository/00_Group_Shared/11_GLP/01_Controlled_Documents/LOG/In_Review,6,PS-GQMS-DOCUMENTS,00_Group_Shared,GMG-REPO-GQMS-DOCUMENTS-GRP,inherit from parent,YES,QA Documentation
GMG_Enterprise_Repository/02_GQMS_Controlled_Repository/00_Group_Shared/11_GLP/01_Controlled_Documents/LOG/Retired,6,PS-GQMS-DOCUMENTS,00_Group_Shared,GMG-REPO-GQMS-DOCUMENTS-GRP,inherit from parent,YES,QA Documentation
GMG_Enterprise_Repository/02_GQMS_Controlled_Repository/00_Group_Shared/11_GLP/01_Controlled_Documents/LOG/Superseded,6,PS-GQMS-DOCUMENTS,00_Group_Shared,GMG-REPO-GQMS-DOCUMENTS-GRP,inherit from parent,YES,QA Documentation
GMG_Enterprise_Repository/02_GQMS_Controlled_Repository/00_Group_Shared/11_GLP/01_Controlled_Documents/MTX,5,PS-GQMS-DOCUMENTS,00_Group_Shared,GMG-REPO-GQMS-DOCUMENTS-GRP,inherit from parent,YES,QA Documentation
GMG_Enterprise_Repository/02_GQMS_Controlled_Repository/00_Group_Shared/11_GLP/01_Controlled_Documents/MTX/Approved_Pending_Effective,6,PS-GQMS-DOCUMENTS,00_Group_Shared,GMG-REPO-GQMS-DOCUMENTS-GRP,inherit from parent,YES,QA Documentation
GMG_Enterprise_Repository/02_GQMS_Controlled_Repository/00_Group_Shared/11_GLP/01_Controlled_Documents/MTX/Draft,6,PS-GQMS-DOCUMENTS,00_Group_Shared,GMG-REPO-GQMS-DOCUMENTS-GRP,inherit from parent,YES,QA Documentation
GMG_Enterprise_Repository/02_GQMS_Controlled_Repository/00_Group_Shared/11_GLP/01_Controlled_Documents/MTX/Effective,6,PS-GQMS-DOCUMENTS,00_Group_Shared,GMG-REPO-GQMS-DOCUMENTS-GRP,inherit from parent,YES,QA Documentation
GMG_Enterprise_Repository/02_GQMS_Controlled_Repository/00_Group_Shared/11_GLP/01_Controlled_Documents/MTX/In_Review,6,PS-GQMS-DOCUMENTS,00_Group_Shared,GMG-REPO-GQMS-DOCUMENTS-GRP,inherit from parent,YES,QA Documentation
GMG_Enterprise_Repository/02_GQMS_Controlled_Repository/00_Group_Shared/11_GLP/01_Controlled_Documents/MTX/Retired,6,PS-GQMS-DOCUMENTS,00_Group_Shared,GMG-REPO-GQMS-DOCUMENTS-GRP,inherit from parent,YES,QA Documentation
GMG_Enterprise_Repository/02_GQMS_Controlled_Repository/00_Group_Shared/11_GLP/01_Controlled_Documents/MTX/Superseded,6,PS-GQMS-DOCUMENTS,00_Group_Shared,GMG-REPO-GQMS-DOCUMENTS-GRP,inherit from parent,YES,QA Documentation
GMG_Enterprise_Repository/02_GQMS_Controlled_Repository/00_Group_Shared/11_GLP/01_Controlled_Documents/PLN,5,PS-GQMS-DOCUMENTS,00_Group_Shared,GMG-REPO-GQMS-DOCUMENTS-GRP,inherit from parent,YES,QA Documentation
GMG_Enterprise_Repository/02_GQMS_Controlled_Repository/00_Group_Shared/11_GLP/01_Controlled_Documents/PLN/Approved_Pending_Effective,6,PS-GQMS-DOCUMENTS,00_Group_Shared,GMG-REPO-GQMS-DOCUMENTS-GRP,inherit from parent,YES,QA Documentation
GMG_Enterprise_Repository/02_GQMS_Controlled_Repository/00_Group_Shared/11_GLP/01_Controlled_Documents/PLN/Draft,6,PS-GQMS-DOCUMENTS,00_Group_Shared,GMG-REPO-GQMS-DOCUMENTS-GRP,inherit from parent,YES,QA Documentation
GMG_Enterprise_Repository/02_GQMS_Controlled_Repository/00_Group_Shared/11_GLP/01_Controlled_Documents/PLN/Effective,6,PS-GQMS-DOCUMENTS,00_Group_Shared,GMG-REPO-GQMS-DOCUMENTS-GRP,inherit from parent,YES,QA Documentation
GMG_Enterprise_Repository/02_GQMS_Controlled_Repository/00_Group_Shared/11_GLP/01_Controlled_Documents/PLN/In_Review,6,PS-GQMS-DOCUMENTS,00_Group_Shared,GMG-REPO-GQMS-DOCUMENTS-GRP,inherit from parent,YES,QA Documentation
GMG_Enterprise_Repository/02_GQMS_Controlled_Repository/00_Group_Shared/11_GLP/01_Controlled_Documents/PLN/Retired,6,PS-GQMS-DOCUMENTS,00_Group_Shared,GMG-REPO-GQMS-DOCUMENTS-GRP,inherit from parent,YES,QA Documentation
GMG_Enterprise_Repository/02_GQMS_Controlled_Repository/00_Group_Shared/11_GLP/01_Controlled_Documents/PLN/Superseded,6,PS-GQMS-DOCUMENTS,00_Group_Shared,GMG-REPO-GQMS-DOCUMENTS-GRP,inherit from parent,YES,QA Documentation
GMG_Enterprise_Repository/02_GQMS_Controlled_Repository/00_Group_Shared/11_GLP/01_Controlled_Documents/RSK,5,PS-GQMS-DOCUMENTS,00_Group_Shared,GMG-REPO-GQMS-DOCUMENTS-GRP,inherit from parent,YES,QA Documentation
GMG_Enterprise_Repository/02_GQMS_Controlled_Repository/00_Group_Shared/11_GLP/01_Controlled_Documents/RSK/Approved_Pending_Effective,6,PS-GQMS-DOCUMENTS,00_Group_Shared,GMG-REPO-GQMS-DOCUMENTS-GRP,inherit from parent,YES,QA Documentation
GMG_Enterprise_Repository/02_GQMS_Controlled_Repository/00_Group_Shared/11_GLP/01_Controlled_Documents/RSK/Draft,6,PS-GQMS-DOCUMENTS,00_Group_Shared,GMG-REPO-GQMS-DOCUMENTS-GRP,inherit from parent,YES,QA Documentation
GMG_Enterprise_Repository/02_GQMS_Controlled_Repository/00_Group_Shared/11_GLP/01_Controlled_Documents/RSK/Effective,6,PS-GQMS-DOCUMENTS,00_Group_Shared,GMG-REPO-GQMS-DOCUMENTS-GRP,inherit from parent,YES,QA Documentation
GMG_Enterprise_Repository/02_GQMS_Controlled_Repository/00_Group_Shared/11_GLP/01_Controlled_Documents/RSK/In_Review,6,PS-GQMS-DOCUMENTS,00_Group_Shared,GMG-REPO-GQMS-DOCUMENTS-GRP,inherit from parent,YES,QA Documentation
GMG_Enterprise_Repository/02_GQMS_Controlled_Repository/00_Group_Shared/11_GLP/01_Controlled_Documents/RSK/Retired,6,PS-GQMS-DOCUMENTS,00_Group_Shared,GMG-REPO-GQMS-DOCUMENTS-GRP,inherit from parent,YES,QA Documentation
GMG_Enterprise_Repository/02_GQMS_Controlled_Repository/00_Group_Shared/11_GLP/01_Controlled_Documents/RSK/Superseded,6,PS-GQMS-DOCUMENTS,00_Group_Shared,GMG-REPO-GQMS-DOCUMENTS-GRP,inherit from parent,YES,QA Documentation
GMG_Enterprise_Repository/02_GQMS_Controlled_Repository/00_Group_Shared/11_GLP/01_Controlled_Documents/SOP,5,PS-GQMS-DOCUMENTS,00_Group_Shared,GMG-REPO-GQMS-DOCUMENTS-GRP,inherit from parent,YES,QA Documentation
GMG_Enterprise_Repository/02_GQMS_Controlled_Repository/00_Group_Shared/11_GLP/01_Controlled_Documents/SOP/Approved_Pending_Effective,6,PS-GQMS-DOCUMENTS,00_Group_Shared,GMG-REPO-GQMS-DOCUMENTS-GRP,inherit from parent,YES,QA Documentation
GMG_Enterprise_Repository/02_GQMS_Controlled_Repository/00_Group_Shared/11_GLP/01_Controlled_Documents/SOP/Draft,6,PS-GQMS-DOCUMENTS,00_Group_Shared,GMG-REPO-GQMS-DOCUMENTS-GRP,inherit from parent,YES,QA Documentation
GMG_Enterprise_Repository/02_GQMS_Controlled_Repository/00_Group_Shared/11_GLP/01_Controlled_Documents/SOP/Effective,6,PS-GQMS-DOCUMENTS,00_Group_Shared,GMG-REPO-GQMS-DOCUMENTS-GRP,inherit from parent,YES,QA Documentation
GMG_Enterprise_Repository/02_GQMS_Controlled_Repository/00_Group_Shared/11_GLP/01_Controlled_Documents/SOP/In_Review,6,PS-GQMS-DOCUMENTS,00_Group_Shared,GMG-REPO-GQMS-DOCUMENTS-GRP,inherit from parent,YES,QA Documentation
GMG_Enterprise_Repository/02_GQMS_Controlled_Repository/00_Group_Shared/11_GLP/01_Controlled_Documents/SOP/Retired,6,PS-GQMS-DOCUMENTS,00_Group_Shared,GMG-REPO-GQMS-DOCUMENTS-GRP,inherit from parent,YES,QA Documentation
GMG_Enterprise_Repository/02_GQMS_Controlled_Repository/00_Group_Shared/11_GLP/01_Controlled_Documents/SOP/Superseded,6,PS-GQMS-DOCUMENTS,00_Group_Shared,GMG-REPO-GQMS-DOCUMENTS-GRP,inherit from parent,YES,QA Documentation
GMG_Enterprise_Repository/02_GQMS_Controlled_Repository/00_Group_Shared/11_GLP/01_Controlled_Documents/TPL,5,PS-GQMS-DOCUMENTS,00_Group_Shared,GMG-REPO-GQMS-DOCUMENTS-GRP,inherit from parent,YES,QA Documentation
GMG_Enterprise_Repository/02_GQMS_Controlled_Repository/00_Group_Shared/11_GLP/01_Controlled_Documents/TPL/Approved_Pending_Effective,6,PS-GQMS-DOCUMENTS,00_Group_Shared,GMG-REPO-GQMS-DOCUMENTS-GRP,inherit from parent,YES,QA Documentation
GMG_Enterprise_Repository/02_GQMS_Controlled_Repository/00_Group_Shared/11_GLP/01_Controlled_Documents/TPL/Draft,6,PS-GQMS-DOCUMENTS,00_Group_Shared,GMG-REPO-GQMS-DOCUMENTS-GRP,inherit from parent,YES,QA Documentation
GMG_Enterprise_Repository/02_GQMS_Controlled_Repository/00_Group_Shared/11_GLP/01_Controlled_Documents/TPL/Effective,6,PS-GQMS-DOCUMENTS,00_Group_Shared,GMG-REPO-GQMS-DOCUMENTS-GRP,inherit from parent,YES,QA Documentation
GMG_Enterprise_Repository/02_GQMS_Controlled_Repository/00_Group_Shared/11_GLP/01_Controlled_Documents/TPL/In_Review,6,PS-GQMS-DOCUMENTS,00_Group_Shared,GMG-REPO-GQMS-DOCUMENTS-GRP,inherit from parent,YES,QA Documentation
GMG_Enterprise_Repository/02_GQMS_Controlled_Repository/00_Group_Shared/11_GLP/01_Controlled_Documents/TPL/Retired,6,PS-GQMS-DOCUMENTS,00_Group_Shared,GMG-REPO-GQMS-DOCUMENTS-GRP,inherit from parent,YES,QA Documentation
GMG_Enterprise_Repository/02_GQMS_Controlled_Repository/00_Group_Shared/11_GLP/01_Controlled_Documents/TPL/Superseded,6,PS-GQMS-DOCUMENTS,00_Group_Shared,GMG-REPO-GQMS-DOCUMENTS-GRP,inherit from parent,YES,QA Documentation
GMG_Enterprise_Repository/02_GQMS_Controlled_Repository/00_Group_Shared/11_GLP/01_Controlled_Documents/WIN,5,PS-GQMS-DOCUMENTS,00_Group_Shared,GMG-REPO-GQMS-DOCUMENTS-GRP,inherit from parent,YES,QA Documentation
GMG_Enterprise_Repository/02_GQMS_Controlled_Repository/00_Group_Shared/11_GLP/01_Controlled_Documents/WIN/Approved_Pending_Effective,6,PS-GQMS-DOCUMENTS,00_Group_Shared,GMG-REPO-GQMS-DOCUMENTS-GRP,inherit from parent,YES,QA Documentation
GMG_Enterprise_Repository/02_GQMS_Controlled_Repository/00_Group_Shared/11_GLP/01_Controlled_Documents/WIN/Draft,6,PS-GQMS-DOCUMENTS,00_Group_Shared,GMG-REPO-GQMS-DOCUMENTS-GRP,inherit from parent,YES,QA Documentation
GMG_Enterprise_Repository/02_GQMS_Controlled_Repository/00_Group_Shared/11_GLP/01_Controlled_Documents/WIN/Effective,6,PS-GQMS-DOCUMENTS,00_Group_Shared,GMG-REPO-GQMS-DOCUMENTS-GRP,inherit from parent,YES,QA Documentation
GMG_Enterprise_Repository/02_GQMS_Controlled_Repository/00_Group_Shared/11_GLP/01_Controlled_Documents/WIN/In_Review,6,PS-GQMS-DOCUMENTS,00_Group_Shared,GMG-REPO-GQMS-DOCUMENTS-GRP,inherit from parent,YES,QA Documentation
GMG_Enterprise_Repository/02_GQMS_Controlled_Repository/00_Group_Shared/11_GLP/01_Controlled_Documents/WIN/Retired,6,PS-GQMS-DOCUMENTS,00_Group_Shared,GMG-REPO-GQMS-DOCUMENTS-GRP,inherit from parent,YES,QA Documentation
GMG_Enterprise_Repository/02_GQMS_Controlled_Repository/00_Group_Shared/11_GLP/01_Controlled_Documents/WIN/Superseded,6,PS-GQMS-DOCUMENTS,00_Group_Shared,GMG-REPO-GQMS-DOCUMENTS-GRP,inherit from parent,YES,QA Documentation
GMG_Enterprise_Repository/02_GQMS_Controlled_Repository/00_Group_Shared/11_GLP/02_Quality_Records,4,PS-GQMS-DOCUMENTS,00_Group_Shared,GMG-REPO-GQMS-DOCUMENTS-GRP,inherit from parent,YES,QA Documentation
GMG_Enterprise_Repository/02_GQMS_Controlled_Repository/00_Group_Shared/12_GCP,3,PS-GQMS-DOCUMENTS,00_Group_Shared,GMG-REPO-GQMS-DOCUMENTS-GRP,BREAK INHERITANCE — apply explicitly,YES,QA Documentation
GMG_Enterprise_Repository/02_GQMS_Controlled_Repository/00_Group_Shared/12_GCP/01_Controlled_Documents,4,PS-GQMS-DOCUMENTS,00_Group_Shared,GMG-REPO-GQMS-DOCUMENTS-GRP,inherit from parent,YES,QA Documentation
GMG_Enterprise_Repository/02_GQMS_Controlled_Repository/00_Group_Shared/12_GCP/01_Controlled_Documents/AGR,5,PS-GQMS-DOCUMENTS,00_Group_Shared,GMG-REPO-GQMS-DOCUMENTS-GRP,inherit from parent,YES,QA Documentation
GMG_Enterprise_Repository/02_GQMS_Controlled_Repository/00_Group_Shared/12_GCP/01_Controlled_Documents/AGR/Approved_Pending_Effective,6,PS-GQMS-DOCUMENTS,00_Group_Shared,GMG-REPO-GQMS-DOCUMENTS-GRP,inherit from parent,YES,QA Documentation
GMG_Enterprise_Repository/02_GQMS_Controlled_Repository/00_Group_Shared/12_GCP/01_Controlled_Documents/AGR/Draft,6,PS-GQMS-DOCUMENTS,00_Group_Shared,GMG-REPO-GQMS-DOCUMENTS-GRP,inherit from parent,YES,QA Documentation
GMG_Enterprise_Repository/02_GQMS_Controlled_Repository/00_Group_Shared/12_GCP/01_Controlled_Documents/AGR/Effective,6,PS-GQMS-DOCUMENTS,00_Group_Shared,GMG-REPO-GQMS-DOCUMENTS-GRP,inherit from parent,YES,QA Documentation
GMG_Enterprise_Repository/02_GQMS_Controlled_Repository/00_Group_Shared/12_GCP/01_Controlled_Documents/AGR/In_Review,6,PS-GQMS-DOCUMENTS,00_Group_Shared,GMG-REPO-GQMS-DOCUMENTS-GRP,inherit from parent,YES,QA Documentation
GMG_Enterprise_Repository/02_GQMS_Controlled_Repository/00_Group_Shared/12_GCP/01_Controlled_Documents/AGR/Retired,6,PS-GQMS-DOCUMENTS,00_Group_Shared,GMG-REPO-GQMS-DOCUMENTS-GRP,inherit from parent,YES,QA Documentation
GMG_Enterprise_Repository/02_GQMS_Controlled_Repository/00_Group_Shared/12_GCP/01_Controlled_Documents/AGR/Superseded,6,PS-GQMS-DOCUMENTS,00_Group_Shared,GMG-REPO-GQMS-DOCUMENTS-GRP,inherit from parent,YES,QA Documentation
GMG_Enterprise_Repository/02_GQMS_Controlled_Repository/00_Group_Shared/12_GCP/01_Controlled_Documents/CHK,5,PS-GQMS-DOCUMENTS,00_Group_Shared,GMG-REPO-GQMS-DOCUMENTS-GRP,inherit from parent,YES,QA Documentation
GMG_Enterprise_Repository/02_GQMS_Controlled_Repository/00_Group_Shared/12_GCP/01_Controlled_Documents/CHK/Approved_Pending_Effective,6,PS-GQMS-DOCUMENTS,00_Group_Shared,GMG-REPO-GQMS-DOCUMENTS-GRP,inherit from parent,YES,QA Documentation
GMG_Enterprise_Repository/02_GQMS_Controlled_Repository/00_Group_Shared/12_GCP/01_Controlled_Documents/CHK/Draft,6,PS-GQMS-DOCUMENTS,00_Group_Shared,GMG-REPO-GQMS-DOCUMENTS-GRP,inherit from parent,YES,QA Documentation
GMG_Enterprise_Repository/02_GQMS_Controlled_Repository/00_Group_Shared/12_GCP/01_Controlled_Documents/CHK/Effective,6,PS-GQMS-DOCUMENTS,00_Group_Shared,GMG-REPO-GQMS-DOCUMENTS-GRP,inherit from parent,YES,QA Documentation
GMG_Enterprise_Repository/02_GQMS_Controlled_Repository/00_Group_Shared/12_GCP/01_Controlled_Documents/CHK/In_Review,6,PS-GQMS-DOCUMENTS,00_Group_Shared,GMG-REPO-GQMS-DOCUMENTS-GRP,inherit from parent,YES,QA Documentation
GMG_Enterprise_Repository/02_GQMS_Controlled_Repository/00_Group_Shared/12_GCP/01_Controlled_Documents/CHK/Retired,6,PS-GQMS-DOCUMENTS,00_Group_Shared,GMG-REPO-GQMS-DOCUMENTS-GRP,inherit from parent,YES,QA Documentation
GMG_Enterprise_Repository/02_GQMS_Controlled_Repository/00_Group_Shared/12_GCP/01_Controlled_Documents/CHK/Superseded,6,PS-GQMS-DOCUMENTS,00_Group_Shared,GMG-REPO-GQMS-DOCUMENTS-GRP,inherit from parent,YES,QA Documentation
GMG_Enterprise_Repository/02_GQMS_Controlled_Repository/00_Group_Shared/12_GCP/01_Controlled_Documents/FRM,5,PS-GQMS-DOCUMENTS,00_Group_Shared,GMG-REPO-GQMS-DOCUMENTS-GRP,inherit from parent,YES,QA Documentation
GMG_Enterprise_Repository/02_GQMS_Controlled_Repository/00_Group_Shared/12_GCP/01_Controlled_Documents/FRM/Approved_Pending_Effective,6,PS-GQMS-DOCUMENTS,00_Group_Shared,GMG-REPO-GQMS-DOCUMENTS-GRP,inherit from parent,YES,QA Documentation
GMG_Enterprise_Repository/02_GQMS_Controlled_Repository/00_Group_Shared/12_GCP/01_Controlled_Documents/FRM/Draft,6,PS-GQMS-DOCUMENTS,00_Group_Shared,GMG-REPO-GQMS-DOCUMENTS-GRP,inherit from parent,YES,QA Documentation
GMG_Enterprise_Repository/02_GQMS_Controlled_Repository/00_Group_Shared/12_GCP/01_Controlled_Documents/FRM/Effective,6,PS-GQMS-DOCUMENTS,00_Group_Shared,GMG-REPO-GQMS-DOCUMENTS-GRP,inherit from parent,YES,QA Documentation
GMG_Enterprise_Repository/02_GQMS_Controlled_Repository/00_Group_Shared/12_GCP/01_Controlled_Documents/FRM/In_Review,6,PS-GQMS-DOCUMENTS,00_Group_Shared,GMG-REPO-GQMS-DOCUMENTS-GRP,inherit from parent,YES,QA Documentation
GMG_Enterprise_Repository/02_GQMS_Controlled_Repository/00_Group_Shared/12_GCP/01_Controlled_Documents/FRM/Retired,6,PS-GQMS-DOCUMENTS,00_Group_Shared,GMG-REPO-GQMS-DOCUMENTS-GRP,inherit from parent,YES,QA Documentation
GMG_Enterprise_Repository/02_GQMS_Controlled_Repository/00_Group_Shared/12_GCP/01_Controlled_Documents/FRM/Superseded,6,PS-GQMS-DOCUMENTS,00_Group_Shared,GMG-REPO-GQMS-DOCUMENTS-GRP,inherit from parent,YES,QA Documentation
GMG_Enterprise_Repository/02_GQMS_Controlled_Repository/00_Group_Shared/12_GCP/01_Controlled_Documents/LOG,5,PS-GQMS-DOCUMENTS,00_Group_Shared,GMG-REPO-GQMS-DOCUMENTS-GRP,inherit from parent,YES,QA Documentation
GMG_Enterprise_Repository/02_GQMS_Controlled_Repository/00_Group_Shared/12_GCP/01_Controlled_Documents/LOG/Approved_Pending_Effective,6,PS-GQMS-DOCUMENTS,00_Group_Shared,GMG-REPO-GQMS-DOCUMENTS-GRP,inherit from parent,YES,QA Documentation
GMG_Enterprise_Repository/02_GQMS_Controlled_Repository/00_Group_Shared/12_GCP/01_Controlled_Documents/LOG/Draft,6,PS-GQMS-DOCUMENTS,00_Group_Shared,GMG-REPO-GQMS-DOCUMENTS-GRP,inherit from parent,YES,QA Documentation
GMG_Enterprise_Repository/02_GQMS_Controlled_Repository/00_Group_Shared/12_GCP/01_Controlled_Documents/LOG/Effective,6,PS-GQMS-DOCUMENTS,00_Group_Shared,GMG-REPO-GQMS-DOCUMENTS-GRP,inherit from parent,YES,QA Documentation
GMG_Enterprise_Repository/02_GQMS_Controlled_Repository/00_Group_Shared/12_GCP/01_Controlled_Documents/LOG/In_Review,6,PS-GQMS-DOCUMENTS,00_Group_Shared,GMG-REPO-GQMS-DOCUMENTS-GRP,inherit from parent,YES,QA Documentation
GMG_Enterprise_Repository/02_GQMS_Controlled_Repository/00_Group_Shared/12_GCP/01_Controlled_Documents/LOG/Retired,6,PS-GQMS-DOCUMENTS,00_Group_Shared,GMG-REPO-GQMS-DOCUMENTS-GRP,inherit from parent,YES,QA Documentation
GMG_Enterprise_Repository/02_GQMS_Controlled_Repository/00_Group_Shared/12_GCP/01_Controlled_Documents/LOG/Superseded,6,PS-GQMS-DOCUMENTS,00_Group_Shared,GMG-REPO-GQMS-DOCUMENTS-GRP,inherit from parent,YES,QA Documentation
GMG_Enterprise_Repository/02_GQMS_Controlled_Repository/00_Group_Shared/12_GCP/01_Controlled_Documents/MTX,5,PS-GQMS-DOCUMENTS,00_Group_Shared,GMG-REPO-GQMS-DOCUMENTS-GRP,inherit from parent,YES,QA Documentation
GMG_Enterprise_Repository/02_GQMS_Controlled_Repository/00_Group_Shared/12_GCP/01_Controlled_Documents/MTX/Approved_Pending_Effective,6,PS-GQMS-DOCUMENTS,00_Group_Shared,GMG-REPO-GQMS-DOCUMENTS-GRP,inherit from parent,YES,QA Documentation
GMG_Enterprise_Repository/02_GQMS_Controlled_Repository/00_Group_Shared/12_GCP/01_Controlled_Documents/MTX/Draft,6,PS-GQMS-DOCUMENTS,00_Group_Shared,GMG-REPO-GQMS-DOCUMENTS-GRP,inherit from parent,YES,QA Documentation
GMG_Enterprise_Repository/02_GQMS_Controlled_Repository/00_Group_Shared/12_GCP/01_Controlled_Documents/MTX/Effective,6,PS-GQMS-DOCUMENTS,00_Group_Shared,GMG-REPO-GQMS-DOCUMENTS-GRP,inherit from parent,YES,QA Documentation
GMG_Enterprise_Repository/02_GQMS_Controlled_Repository/00_Group_Shared/12_GCP/01_Controlled_Documents/MTX/In_Review,6,PS-GQMS-DOCUMENTS,00_Group_Shared,GMG-REPO-GQMS-DOCUMENTS-GRP,inherit from parent,YES,QA Documentation
GMG_Enterprise_Repository/02_GQMS_Controlled_Repository/00_Group_Shared/12_GCP/01_Controlled_Documents/MTX/Retired,6,PS-GQMS-DOCUMENTS,00_Group_Shared,GMG-REPO-GQMS-DOCUMENTS-GRP,inherit from parent,YES,QA Documentation
GMG_Enterprise_Repository/02_GQMS_Controlled_Repository/00_Group_Shared/12_GCP/01_Controlled_Documents/MTX/Superseded,6,PS-GQMS-DOCUMENTS,00_Group_Shared,GMG-REPO-GQMS-DOCUMENTS-GRP,inherit from parent,YES,QA Documentation
GMG_Enterprise_Repository/02_GQMS_Controlled_Repository/00_Group_Shared/12_GCP/01_Controlled_Documents/PLN,5,PS-GQMS-DOCUMENTS,00_Group_Shared,GMG-REPO-GQMS-DOCUMENTS-GRP,inherit from parent,YES,QA Documentation
GMG_Enterprise_Repository/02_GQMS_Controlled_Repository/00_Group_Shared/12_GCP/01_Controlled_Documents/PLN/Approved_Pending_Effective,6,PS-GQMS-DOCUMENTS,00_Group_Shared,GMG-REPO-GQMS-DOCUMENTS-GRP,inherit from parent,YES,QA Documentation
GMG_Enterprise_Repository/02_GQMS_Controlled_Repository/00_Group_Shared/12_GCP/01_Controlled_Documents/PLN/Draft,6,PS-GQMS-DOCUMENTS,00_Group_Shared,GMG-REPO-GQMS-DOCUMENTS-GRP,inherit from parent,YES,QA Documentation
GMG_Enterprise_Repository/02_GQMS_Controlled_Repository/00_Group_Shared/12_GCP/01_Controlled_Documents/PLN/Effective,6,PS-GQMS-DOCUMENTS,00_Group_Shared,GMG-REPO-GQMS-DOCUMENTS-GRP,inherit from parent,YES,QA Documentation
GMG_Enterprise_Repository/02_GQMS_Controlled_Repository/00_Group_Shared/12_GCP/01_Controlled_Documents/PLN/In_Review,6,PS-GQMS-DOCUMENTS,00_Group_Shared,GMG-REPO-GQMS-DOCUMENTS-GRP,inherit from parent,YES,QA Documentation
GMG_Enterprise_Repository/02_GQMS_Controlled_Repository/00_Group_Shared/12_GCP/01_Controlled_Documents/PLN/Retired,6,PS-GQMS-DOCUMENTS,00_Group_Shared,GMG-REPO-GQMS-DOCUMENTS-GRP,inherit from parent,YES,QA Documentation
GMG_Enterprise_Repository/02_GQMS_Controlled_Repository/00_Group_Shared/12_GCP/01_Controlled_Documents/PLN/Superseded,6,PS-GQMS-DOCUMENTS,00_Group_Shared,GMG-REPO-GQMS-DOCUMENTS-GRP,inherit from parent,YES,QA Documentation
GMG_Enterprise_Repository/02_GQMS_Controlled_Repository/00_Group_Shared/12_GCP/01_Controlled_Documents/RSK,5,PS-GQMS-DOCUMENTS,00_Group_Shared,GMG-REPO-GQMS-DOCUMENTS-GRP,inherit from parent,YES,QA Documentation
GMG_Enterprise_Repository/02_GQMS_Controlled_Repository/00_Group_Shared/12_GCP/01_Controlled_Documents/RSK/Approved_Pending_Effective,6,PS-GQMS-DOCUMENTS,00_Group_Shared,GMG-REPO-GQMS-DOCUMENTS-GRP,inherit from parent,YES,QA Documentation
GMG_Enterprise_Repository/02_GQMS_Controlled_Repository/00_Group_Shared/12_GCP/01_Controlled_Documents/RSK/Draft,6,PS-GQMS-DOCUMENTS,00_Group_Shared,GMG-REPO-GQMS-DOCUMENTS-GRP,inherit from parent,YES,QA Documentation
GMG_Enterprise_Repository/02_GQMS_Controlled_Repository/00_Group_Shared/12_GCP/01_Controlled_Documents/RSK/Effective,6,PS-GQMS-DOCUMENTS,00_Group_Shared,GMG-REPO-GQMS-DOCUMENTS-GRP,inherit from parent,YES,QA Documentation
GMG_Enterprise_Repository/02_GQMS_Controlled_Repository/00_Group_Shared/12_GCP/01_Controlled_Documents/RSK/In_Review,6,PS-GQMS-DOCUMENTS,00_Group_Shared,GMG-REPO-GQMS-DOCUMENTS-GRP,inherit from parent,YES,QA Documentation
GMG_Enterprise_Repository/02_GQMS_Controlled_Repository/00_Group_Shared/12_GCP/01_Controlled_Documents/RSK/Retired,6,PS-GQMS-DOCUMENTS,00_Group_Shared,GMG-REPO-GQMS-DOCUMENTS-GRP,inherit from parent,YES,QA Documentation
GMG_Enterprise_Repository/02_GQMS_Controlled_Repository/00_Group_Shared/12_GCP/01_Controlled_Documents/RSK/Superseded,6,PS-GQMS-DOCUMENTS,00_Group_Shared,GMG-REPO-GQMS-DOCUMENTS-GRP,inherit from parent,YES,QA Documentation
GMG_Enterprise_Repository/02_GQMS_Controlled_Repository/00_Group_Shared/12_GCP/01_Controlled_Documents/SOP,5,PS-GQMS-DOCUMENTS,00_Group_Shared,GMG-REPO-GQMS-DOCUMENTS-GRP,inherit from parent,YES,QA Documentation
GMG_Enterprise_Repository/02_GQMS_Controlled_Repository/00_Group_Shared/12_GCP/01_Controlled_Documents/SOP/Approved_Pending_Effective,6,PS-GQMS-DOCUMENTS,00_Group_Shared,GMG-REPO-GQMS-DOCUMENTS-GRP,inherit from parent,YES,QA Documentation
GMG_Enterprise_Repository/02_GQMS_Controlled_Repository/00_Group_Shared/12_GCP/01_Controlled_Documents/SOP/Draft,6,PS-GQMS-DOCUMENTS,00_Group_Shared,GMG-REPO-GQMS-DOCUMENTS-GRP,inherit from parent,YES,QA Documentation
GMG_Enterprise_Repository/02_GQMS_Controlled_Repository/00_Group_Shared/12_GCP/01_Controlled_Documents/SOP/Effective,6,PS-GQMS-DOCUMENTS,00_Group_Shared,GMG-REPO-GQMS-DOCUMENTS-GRP,inherit from parent,YES,QA Documentation
GMG_Enterprise_Repository/02_GQMS_Controlled_Repository/00_Group_Shared/12_GCP/01_Controlled_Documents/SOP/In_Review,6,PS-GQMS-DOCUMENTS,00_Group_Shared,GMG-REPO-GQMS-DOCUMENTS-GRP,inherit from parent,YES,QA Documentation
GMG_Enterprise_Repository/02_GQMS_Controlled_Repository/00_Group_Shared/12_GCP/01_Controlled_Documents/SOP/Retired,6,PS-GQMS-DOCUMENTS,00_Group_Shared,GMG-REPO-GQMS-DOCUMENTS-GRP,inherit from parent,YES,QA Documentation
GMG_Enterprise_Repository/02_GQMS_Controlled_Repository/00_Group_Shared/12_GCP/01_Controlled_Documents/SOP/Superseded,6,PS-GQMS-DOCUMENTS,00_Group_Shared,GMG-REPO-GQMS-DOCUMENTS-GRP,inherit from parent,YES,QA Documentation
GMG_Enterprise_Repository/02_GQMS_Controlled_Repository/00_Group_Shared/12_GCP/01_Controlled_Documents/TPL,5,PS-GQMS-DOCUMENTS,00_Group_Shared,GMG-REPO-GQMS-DOCUMENTS-GRP,inherit from parent,YES,QA Documentation
GMG_Enterprise_Repository/02_GQMS_Controlled_Repository/00_Group_Shared/12_GCP/01_Controlled_Documents/TPL/Approved_Pending_Effective,6,PS-GQMS-DOCUMENTS,00_Group_Shared,GMG-REPO-GQMS-DOCUMENTS-GRP,inherit from parent,YES,QA Documentation
GMG_Enterprise_Repository/02_GQMS_Controlled_Repository/00_Group_Shared/12_GCP/01_Controlled_Documents/TPL/Draft,6,PS-GQMS-DOCUMENTS,00_Group_Shared,GMG-REPO-GQMS-DOCUMENTS-GRP,inherit from parent,YES,QA Documentation
GMG_Enterprise_Repository/02_GQMS_Controlled_Repository/00_Group_Shared/12_GCP/01_Controlled_Documents/TPL/Effective,6,PS-GQMS-DOCUMENTS,00_Group_Shared,GMG-REPO-GQMS-DOCUMENTS-GRP,inherit from parent,YES,QA Documentation
GMG_Enterprise_Repository/02_GQMS_Controlled_Repository/00_Group_Shared/12_GCP/01_Controlled_Documents/TPL/In_Review,6,PS-GQMS-DOCUMENTS,00_Group_Shared,GMG-REPO-GQMS-DOCUMENTS-GRP,inherit from parent,YES,QA Documentation
GMG_Enterprise_Repository/02_GQMS_Controlled_Repository/00_Group_Shared/12_GCP/01_Controlled_Documents/TPL/Retired,6,PS-GQMS-DOCUMENTS,00_Group_Shared,GMG-REPO-GQMS-DOCUMENTS-GRP,inherit from parent,YES,QA Documentation
GMG_Enterprise_Repository/02_GQMS_Controlled_Repository/00_Group_Shared/12_GCP/01_Controlled_Documents/TPL/Superseded,6,PS-GQMS-DOCUMENTS,00_Group_Shared,GMG-REPO-GQMS-DOCUMENTS-GRP,inherit from parent,YES,QA Documentation
GMG_Enterprise_Repository/02_GQMS_Controlled_Repository/00_Group_Shared/12_GCP/01_Controlled_Documents/WIN,5,PS-GQMS-DOCUMENTS,00_Group_Shared,GMG-REPO-GQMS-DOCUMENTS-GRP,inherit from parent,YES,QA Documentation
GMG_Enterprise_Repository/02_GQMS_Controlled_Repository/00_Group_Shared/12_GCP/01_Controlled_Documents/WIN/Approved_Pending_Effective,6,PS-GQMS-DOCUMENTS,00_Group_Shared,GMG-REPO-GQMS-DOCUMENTS-GRP,inherit from parent,YES,QA Documentation
GMG_Enterprise_Repository/02_GQMS_Controlled_Repository/00_Group_Shared/12_GCP/01_Controlled_Documents/WIN/Draft,6,PS-GQMS-DOCUMENTS,00_Group_Shared,GMG-REPO-GQMS-DOCUMENTS-GRP,inherit from parent,YES,QA Documentation
GMG_Enterprise_Repository/02_GQMS_Controlled_Repository/00_Group_Shared/12_GCP/01_Controlled_Documents/WIN/Effective,6,PS-GQMS-DOCUMENTS,00_Group_Shared,GMG-REPO-GQMS-DOCUMENTS-GRP,inherit from parent,YES,QA Documentation
GMG_Enterprise_Repository/02_GQMS_Controlled_Repository/00_Group_Shared/12_GCP/01_Controlled_Documents/WIN/In_Review,6,PS-GQMS-DOCUMENTS,00_Group_Shared,GMG-REPO-GQMS-DOCUMENTS-GRP,inherit from parent,YES,QA Documentation
GMG_Enterprise_Repository/02_GQMS_Controlled_Repository/00_Group_Shared/12_GCP/01_Controlled_Documents/WIN/Retired,6,PS-GQMS-DOCUMENTS,00_Group_Shared,GMG-REPO-GQMS-DOCUMENTS-GRP,inherit from parent,YES,QA Documentation
GMG_Enterprise_Repository/02_GQMS_Controlled_Repository/00_Group_Shared/12_GCP/01_Controlled_Documents/WIN/Superseded,6,PS-GQMS-DOCUMENTS,00_Group_Shared,GMG-REPO-GQMS-DOCUMENTS-GRP,inherit from parent,YES,QA Documentation
GMG_Enterprise_Repository/02_GQMS_Controlled_Repository/00_Group_Shared/12_GCP/02_Quality_Records,4,PS-GQMS-DOCUMENTS,00_Group_Shared,GMG-REPO-GQMS-DOCUMENTS-GRP,inherit from parent,YES,QA Documentation
GMG_Enterprise_Repository/02_GQMS_Controlled_Repository/00_Group_Shared/13_GCLP,3,PS-GQMS-DOCUMENTS,00_Group_Shared,GMG-REPO-GQMS-DOCUMENTS-GRP,BREAK INHERITANCE — apply explicitly,YES,QA Documentation
GMG_Enterprise_Repository/02_GQMS_Controlled_Repository/00_Group_Shared/13_GCLP/01_Controlled_Documents,4,PS-GQMS-DOCUMENTS,00_Group_Shared,GMG-REPO-GQMS-DOCUMENTS-GRP,inherit from parent,YES,QA Documentation
GMG_Enterprise_Repository/02_GQMS_Controlled_Repository/00_Group_Shared/13_GCLP/01_Controlled_Documents/AGR,5,PS-GQMS-DOCUMENTS,00_Group_Shared,GMG-REPO-GQMS-DOCUMENTS-GRP,inherit from parent,YES,QA Documentation
GMG_Enterprise_Repository/02_GQMS_Controlled_Repository/00_Group_Shared/13_GCLP/01_Controlled_Documents/AGR/Approved_Pending_Effective,6,PS-GQMS-DOCUMENTS,00_Group_Shared,GMG-REPO-GQMS-DOCUMENTS-GRP,inherit from parent,YES,QA Documentation
GMG_Enterprise_Repository/02_GQMS_Controlled_Repository/00_Group_Shared/13_GCLP/01_Controlled_Documents/AGR/Draft,6,PS-GQMS-DOCUMENTS,00_Group_Shared,GMG-REPO-GQMS-DOCUMENTS-GRP,inherit from parent,YES,QA Documentation
GMG_Enterprise_Repository/02_GQMS_Controlled_Repository/00_Group_Shared/13_GCLP/01_Controlled_Documents/AGR/Effective,6,PS-GQMS-DOCUMENTS,00_Group_Shared,GMG-REPO-GQMS-DOCUMENTS-GRP,inherit from parent,YES,QA Documentation
GMG_Enterprise_Repository/02_GQMS_Controlled_Repository/00_Group_Shared/13_GCLP/01_Controlled_Documents/AGR/In_Review,6,PS-GQMS-DOCUMENTS,00_Group_Shared,GMG-REPO-GQMS-DOCUMENTS-GRP,inherit from parent,YES,QA Documentation
GMG_Enterprise_Repository/02_GQMS_Controlled_Repository/00_Group_Shared/13_GCLP/01_Controlled_Documents/AGR/Retired,6,PS-GQMS-DOCUMENTS,00_Group_Shared,GMG-REPO-GQMS-DOCUMENTS-GRP,inherit from parent,YES,QA Documentation
GMG_Enterprise_Repository/02_GQMS_Controlled_Repository/00_Group_Shared/13_GCLP/01_Controlled_Documents/AGR/Superseded,6,PS-GQMS-DOCUMENTS,00_Group_Shared,GMG-REPO-GQMS-DOCUMENTS-GRP,inherit from parent,YES,QA Documentation
GMG_Enterprise_Repository/02_GQMS_Controlled_Repository/00_Group_Shared/13_GCLP/01_Controlled_Documents/CHK,5,PS-GQMS-DOCUMENTS,00_Group_Shared,GMG-REPO-GQMS-DOCUMENTS-GRP,inherit from parent,YES,QA Documentation
GMG_Enterprise_Repository/02_GQMS_Controlled_Repository/00_Group_Shared/13_GCLP/01_Controlled_Documents/CHK/Approved_Pending_Effective,6,PS-GQMS-DOCUMENTS,00_Group_Shared,GMG-REPO-GQMS-DOCUMENTS-GRP,inherit from parent,YES,QA Documentation
GMG_Enterprise_Repository/02_GQMS_Controlled_Repository/00_Group_Shared/13_GCLP/01_Controlled_Documents/CHK/Draft,6,PS-GQMS-DOCUMENTS,00_Group_Shared,GMG-REPO-GQMS-DOCUMENTS-GRP,inherit from parent,YES,QA Documentation
GMG_Enterprise_Repository/02_GQMS_Controlled_Repository/00_Group_Shared/13_GCLP/01_Controlled_Documents/CHK/Effective,6,PS-GQMS-DOCUMENTS,00_Group_Shared,GMG-REPO-GQMS-DOCUMENTS-GRP,inherit from parent,YES,QA Documentation
GMG_Enterprise_Repository/02_GQMS_Controlled_Repository/00_Group_Shared/13_GCLP/01_Controlled_Documents/CHK/In_Review,6,PS-GQMS-DOCUMENTS,00_Group_Shared,GMG-REPO-GQMS-DOCUMENTS-GRP,inherit from parent,YES,QA Documentation
GMG_Enterprise_Repository/02_GQMS_Controlled_Repository/00_Group_Shared/13_GCLP/01_Controlled_Documents/CHK/Retired,6,PS-GQMS-DOCUMENTS,00_Group_Shared,GMG-REPO-GQMS-DOCUMENTS-GRP,inherit from parent,YES,QA Documentation
GMG_Enterprise_Repository/02_GQMS_Controlled_Repository/00_Group_Shared/13_GCLP/01_Controlled_Documents/CHK/Superseded,6,PS-GQMS-DOCUMENTS,00_Group_Shared,GMG-REPO-GQMS-DOCUMENTS-GRP,inherit from parent,YES,QA Documentation
GMG_Enterprise_Repository/02_GQMS_Controlled_Repository/00_Group_Shared/13_GCLP/01_Controlled_Documents/FRM,5,PS-GQMS-DOCUMENTS,00_Group_Shared,GMG-REPO-GQMS-DOCUMENTS-GRP,inherit from parent,YES,QA Documentation
GMG_Enterprise_Repository/02_GQMS_Controlled_Repository/00_Group_Shared/13_GCLP/01_Controlled_Documents/FRM/Approved_Pending_Effective,6,PS-GQMS-DOCUMENTS,00_Group_Shared,GMG-REPO-GQMS-DOCUMENTS-GRP,inherit from parent,YES,QA Documentation
GMG_Enterprise_Repository/02_GQMS_Controlled_Repository/00_Group_Shared/13_GCLP/01_Controlled_Documents/FRM/Draft,6,PS-GQMS-DOCUMENTS,00_Group_Shared,GMG-REPO-GQMS-DOCUMENTS-GRP,inherit from parent,YES,QA Documentation
GMG_Enterprise_Repository/02_GQMS_Controlled_Repository/00_Group_Shared/13_GCLP/01_Controlled_Documents/FRM/Effective,6,PS-GQMS-DOCUMENTS,00_Group_Shared,GMG-REPO-GQMS-DOCUMENTS-GRP,inherit from parent,YES,QA Documentation
GMG_Enterprise_Repository/02_GQMS_Controlled_Repository/00_Group_Shared/13_GCLP/01_Controlled_Documents/FRM/In_Review,6,PS-GQMS-DOCUMENTS,00_Group_Shared,GMG-REPO-GQMS-DOCUMENTS-GRP,inherit from parent,YES,QA Documentation
GMG_Enterprise_Repository/02_GQMS_Controlled_Repository/00_Group_Shared/13_GCLP/01_Controlled_Documents/FRM/Retired,6,PS-GQMS-DOCUMENTS,00_Group_Shared,GMG-REPO-GQMS-DOCUMENTS-GRP,inherit from parent,YES,QA Documentation
GMG_Enterprise_Repository/02_GQMS_Controlled_Repository/00_Group_Shared/13_GCLP/01_Controlled_Documents/FRM/Superseded,6,PS-GQMS-DOCUMENTS,00_Group_Shared,GMG-REPO-GQMS-DOCUMENTS-GRP,inherit from parent,YES,QA Documentation
GMG_Enterprise_Repository/02_GQMS_Controlled_Repository/00_Group_Shared/13_GCLP/01_Controlled_Documents/LOG,5,PS-GQMS-DOCUMENTS,00_Group_Shared,GMG-REPO-GQMS-DOCUMENTS-GRP,inherit from parent,YES,QA Documentation
GMG_Enterprise_Repository/02_GQMS_Controlled_Repository/00_Group_Shared/13_GCLP/01_Controlled_Documents/LOG/Approved_Pending_Effective,6,PS-GQMS-DOCUMENTS,00_Group_Shared,GMG-REPO-GQMS-DOCUMENTS-GRP,inherit from parent,YES,QA Documentation
GMG_Enterprise_Repository/02_GQMS_Controlled_Repository/00_Group_Shared/13_GCLP/01_Controlled_Documents/LOG/Draft,6,PS-GQMS-DOCUMENTS,00_Group_Shared,GMG-REPO-GQMS-DOCUMENTS-GRP,inherit from parent,YES,QA Documentation
GMG_Enterprise_Repository/02_GQMS_Controlled_Repository/00_Group_Shared/13_GCLP/01_Controlled_Documents/LOG/Effective,6,PS-GQMS-DOCUMENTS,00_Group_Shared,GMG-REPO-GQMS-DOCUMENTS-GRP,inherit from parent,YES,QA Documentation
GMG_Enterprise_Repository/02_GQMS_Controlled_Repository/00_Group_Shared/13_GCLP/01_Controlled_Documents/LOG/In_Review,6,PS-GQMS-DOCUMENTS,00_Group_Shared,GMG-REPO-GQMS-DOCUMENTS-GRP,inherit from parent,YES,QA Documentation
GMG_Enterprise_Repository/02_GQMS_Controlled_Repository/00_Group_Shared/13_GCLP/01_Controlled_Documents/LOG/Retired,6,PS-GQMS-DOCUMENTS,00_Group_Shared,GMG-REPO-GQMS-DOCUMENTS-GRP,inherit from parent,YES,QA Documentation
GMG_Enterprise_Repository/02_GQMS_Controlled_Repository/00_Group_Shared/13_GCLP/01_Controlled_Documents/LOG/Superseded,6,PS-GQMS-DOCUMENTS,00_Group_Shared,GMG-REPO-GQMS-DOCUMENTS-GRP,inherit from parent,YES,QA Documentation
GMG_Enterprise_Repository/02_GQMS_Controlled_Repository/00_Group_Shared/13_GCLP/01_Controlled_Documents/MTX,5,PS-GQMS-DOCUMENTS,00_Group_Shared,GMG-REPO-GQMS-DOCUMENTS-GRP,inherit from parent,YES,QA Documentation
GMG_Enterprise_Repository/02_GQMS_Controlled_Repository/00_Group_Shared/13_GCLP/01_Controlled_Documents/MTX/Approved_Pending_Effective,6,PS-GQMS-DOCUMENTS,00_Group_Shared,GMG-REPO-GQMS-DOCUMENTS-GRP,inherit from parent,YES,QA Documentation
GMG_Enterprise_Repository/02_GQMS_Controlled_Repository/00_Group_Shared/13_GCLP/01_Controlled_Documents/MTX/Draft,6,PS-GQMS-DOCUMENTS,00_Group_Shared,GMG-REPO-GQMS-DOCUMENTS-GRP,inherit from parent,YES,QA Documentation
GMG_Enterprise_Repository/02_GQMS_Controlled_Repository/00_Group_Shared/13_GCLP/01_Controlled_Documents/MTX/Effective,6,PS-GQMS-DOCUMENTS,00_Group_Shared,GMG-REPO-GQMS-DOCUMENTS-GRP,inherit from parent,YES,QA Documentation
GMG_Enterprise_Repository/02_GQMS_Controlled_Repository/00_Group_Shared/13_GCLP/01_Controlled_Documents/MTX/In_Review,6,PS-GQMS-DOCUMENTS,00_Group_Shared,GMG-REPO-GQMS-DOCUMENTS-GRP,inherit from parent,YES,QA Documentation
GMG_Enterprise_Repository/02_GQMS_Controlled_Repository/00_Group_Shared/13_GCLP/01_Controlled_Documents/MTX/Retired,6,PS-GQMS-DOCUMENTS,00_Group_Shared,GMG-REPO-GQMS-DOCUMENTS-GRP,inherit from parent,YES,QA Documentation
GMG_Enterprise_Repository/02_GQMS_Controlled_Repository/00_Group_Shared/13_GCLP/01_Controlled_Documents/MTX/Superseded,6,PS-GQMS-DOCUMENTS,00_Group_Shared,GMG-REPO-GQMS-DOCUMENTS-GRP,inherit from parent,YES,QA Documentation
GMG_Enterprise_Repository/02_GQMS_Controlled_Repository/00_Group_Shared/13_GCLP/01_Controlled_Documents/PLN,5,PS-GQMS-DOCUMENTS,00_Group_Shared,GMG-REPO-GQMS-DOCUMENTS-GRP,inherit from parent,YES,QA Documentation
GMG_Enterprise_Repository/02_GQMS_Controlled_Repository/00_Group_Shared/13_GCLP/01_Controlled_Documents/PLN/Approved_Pending_Effective,6,PS-GQMS-DOCUMENTS,00_Group_Shared,GMG-REPO-GQMS-DOCUMENTS-GRP,inherit from parent,YES,QA Documentation
GMG_Enterprise_Repository/02_GQMS_Controlled_Repository/00_Group_Shared/13_GCLP/01_Controlled_Documents/PLN/Draft,6,PS-GQMS-DOCUMENTS,00_Group_Shared,GMG-REPO-GQMS-DOCUMENTS-GRP,inherit from parent,YES,QA Documentation
GMG_Enterprise_Repository/02_GQMS_Controlled_Repository/00_Group_Shared/13_GCLP/01_Controlled_Documents/PLN/Effective,6,PS-GQMS-DOCUMENTS,00_Group_Shared,GMG-REPO-GQMS-DOCUMENTS-GRP,inherit from parent,YES,QA Documentation
GMG_Enterprise_Repository/02_GQMS_Controlled_Repository/00_Group_Shared/13_GCLP/01_Controlled_Documents/PLN/In_Review,6,PS-GQMS-DOCUMENTS,00_Group_Shared,GMG-REPO-GQMS-DOCUMENTS-GRP,inherit from parent,YES,QA Documentation
GMG_Enterprise_Repository/02_GQMS_Controlled_Repository/00_Group_Shared/13_GCLP/01_Controlled_Documents/PLN/Retired,6,PS-GQMS-DOCUMENTS,00_Group_Shared,GMG-REPO-GQMS-DOCUMENTS-GRP,inherit from parent,YES,QA Documentation
GMG_Enterprise_Repository/02_GQMS_Controlled_Repository/00_Group_Shared/13_GCLP/01_Controlled_Documents/PLN/Superseded,6,PS-GQMS-DOCUMENTS,00_Group_Shared,GMG-REPO-GQMS-DOCUMENTS-GRP,inherit from parent,YES,QA Documentation
GMG_Enterprise_Repository/02_GQMS_Controlled_Repository/00_Group_Shared/13_GCLP/01_Controlled_Documents/RSK,5,PS-GQMS-DOCUMENTS,00_Group_Shared,GMG-REPO-GQMS-DOCUMENTS-GRP,inherit from parent,YES,QA Documentation
GMG_Enterprise_Repository/02_GQMS_Controlled_Repository/00_Group_Shared/13_GCLP/01_Controlled_Documents/RSK/Approved_Pending_Effective,6,PS-GQMS-DOCUMENTS,00_Group_Shared,GMG-REPO-GQMS-DOCUMENTS-GRP,inherit from parent,YES,QA Documentation
GMG_Enterprise_Repository/02_GQMS_Controlled_Repository/00_Group_Shared/13_GCLP/01_Controlled_Documents/RSK/Draft,6,PS-GQMS-DOCUMENTS,00_Group_Shared,GMG-REPO-GQMS-DOCUMENTS-GRP,inherit from parent,YES,QA Documentation
GMG_Enterprise_Repository/02_GQMS_Controlled_Repository/00_Group_Shared/13_GCLP/01_Controlled_Documents/RSK/Effective,6,PS-GQMS-DOCUMENTS,00_Group_Shared,GMG-REPO-GQMS-DOCUMENTS-GRP,inherit from parent,YES,QA Documentation
GMG_Enterprise_Repository/02_GQMS_Controlled_Repository/00_Group_Shared/13_GCLP/01_Controlled_Documents/RSK/In_Review,6,PS-GQMS-DOCUMENTS,00_Group_Shared,GMG-REPO-GQMS-DOCUMENTS-GRP,inherit from parent,YES,QA Documentation
GMG_Enterprise_Repository/02_GQMS_Controlled_Repository/00_Group_Shared/13_GCLP/01_Controlled_Documents/RSK/Retired,6,PS-GQMS-DOCUMENTS,00_Group_Shared,GMG-REPO-GQMS-DOCUMENTS-GRP,inherit from parent,YES,QA Documentation
GMG_Enterprise_Repository/02_GQMS_Controlled_Repository/00_Group_Shared/13_GCLP/01_Controlled_Documents/RSK/Superseded,6,PS-GQMS-DOCUMENTS,00_Group_Shared,GMG-REPO-GQMS-DOCUMENTS-GRP,inherit from parent,YES,QA Documentation
GMG_Enterprise_Repository/02_GQMS_Controlled_Repository/00_Group_Shared/13_GCLP/01_Controlled_Documents/SOP,5,PS-GQMS-DOCUMENTS,00_Group_Shared,GMG-REPO-GQMS-DOCUMENTS-GRP,inherit from parent,YES,QA Documentation
GMG_Enterprise_Repository/02_GQMS_Controlled_Repository/00_Group_Shared/13_GCLP/01_Controlled_Documents/SOP/Approved_Pending_Effective,6,PS-GQMS-DOCUMENTS,00_Group_Shared,GMG-REPO-GQMS-DOCUMENTS-GRP,inherit from parent,YES,QA Documentation
GMG_Enterprise_Repository/02_GQMS_Controlled_Repository/00_Group_Shared/13_GCLP/01_Controlled_Documents/SOP/Draft,6,PS-GQMS-DOCUMENTS,00_Group_Shared,GMG-REPO-GQMS-DOCUMENTS-GRP,inherit from parent,YES,QA Documentation
GMG_Enterprise_Repository/02_GQMS_Controlled_Repository/00_Group_Shared/13_GCLP/01_Controlled_Documents/SOP/Effective,6,PS-GQMS-DOCUMENTS,00_Group_Shared,GMG-REPO-GQMS-DOCUMENTS-GRP,inherit from parent,YES,QA Documentation
GMG_Enterprise_Repository/02_GQMS_Controlled_Repository/00_Group_Shared/13_GCLP/01_Controlled_Documents/SOP/In_Review,6,PS-GQMS-DOCUMENTS,00_Group_Shared,GMG-REPO-GQMS-DOCUMENTS-GRP,inherit from parent,YES,QA Documentation
GMG_Enterprise_Repository/02_GQMS_Controlled_Repository/00_Group_Shared/13_GCLP/01_Controlled_Documents/SOP/Retired,6,PS-GQMS-DOCUMENTS,00_Group_Shared,GMG-REPO-GQMS-DOCUMENTS-GRP,inherit from parent,YES,QA Documentation
GMG_Enterprise_Repository/02_GQMS_Controlled_Repository/00_Group_Shared/13_GCLP/01_Controlled_Documents/SOP/Superseded,6,PS-GQMS-DOCUMENTS,00_Group_Shared,GMG-REPO-GQMS-DOCUMENTS-GRP,inherit from parent,YES,QA Documentation
GMG_Enterprise_Repository/02_GQMS_Controlled_Repository/00_Group_Shared/13_GCLP/01_Controlled_Documents/TPL,5,PS-GQMS-DOCUMENTS,00_Group_Shared,GMG-REPO-GQMS-DOCUMENTS-GRP,inherit from parent,YES,QA Documentation
GMG_Enterprise_Repository/02_GQMS_Controlled_Repository/00_Group_Shared/13_GCLP/01_Controlled_Documents/TPL/Approved_Pending_Effective,6,PS-GQMS-DOCUMENTS,00_Group_Shared,GMG-REPO-GQMS-DOCUMENTS-GRP,inherit from parent,YES,QA Documentation
GMG_Enterprise_Repository/02_GQMS_Controlled_Repository/00_Group_Shared/13_GCLP/01_Controlled_Documents/TPL/Draft,6,PS-GQMS-DOCUMENTS,00_Group_Shared,GMG-REPO-GQMS-DOCUMENTS-GRP,inherit from parent,YES,QA Documentation
GMG_Enterprise_Repository/02_GQMS_Controlled_Repository/00_Group_Shared/13_GCLP/01_Controlled_Documents/TPL/Effective,6,PS-GQMS-DOCUMENTS,00_Group_Shared,GMG-REPO-GQMS-DOCUMENTS-GRP,inherit from parent,YES,QA Documentation
GMG_Enterprise_Repository/02_GQMS_Controlled_Repository/00_Group_Shared/13_GCLP/01_Controlled_Documents/TPL/In_Review,6,PS-GQMS-DOCUMENTS,00_Group_Shared,GMG-REPO-GQMS-DOCUMENTS-GRP,inherit from parent,YES,QA Documentation
GMG_Enterprise_Repository/02_GQMS_Controlled_Repository/00_Group_Shared/13_GCLP/01_Controlled_Documents/TPL/Retired,6,PS-GQMS-DOCUMENTS,00_Group_Shared,GMG-REPO-GQMS-DOCUMENTS-GRP,inherit from parent,YES,QA Documentation
GMG_Enterprise_Repository/02_GQMS_Controlled_Repository/00_Group_Shared/13_GCLP/01_Controlled_Documents/TPL/Superseded,6,PS-GQMS-DOCUMENTS,00_Group_Shared,GMG-REPO-GQMS-DOCUMENTS-GRP,inherit from parent,YES,QA Documentation
GMG_Enterprise_Repository/02_GQMS_Controlled_Repository/00_Group_Shared/13_GCLP/01_Controlled_Documents/WIN,5,PS-GQMS-DOCUMENTS,00_Group_Shared,GMG-REPO-GQMS-DOCUMENTS-GRP,inherit from parent,YES,QA Documentation
GMG_Enterprise_Repository/02_GQMS_Controlled_Repository/00_Group_Shared/13_GCLP/01_Controlled_Documents/WIN/Approved_Pending_Effective,6,PS-GQMS-DOCUMENTS,00_Group_Shared,GMG-REPO-GQMS-DOCUMENTS-GRP,inherit from parent,YES,QA Documentation
GMG_Enterprise_Repository/02_GQMS_Controlled_Repository/00_Group_Shared/13_GCLP/01_Controlled_Documents/WIN/Draft,6,PS-GQMS-DOCUMENTS,00_Group_Shared,GMG-REPO-GQMS-DOCUMENTS-GRP,inherit from parent,YES,QA Documentation
GMG_Enterprise_Repository/02_GQMS_Controlled_Repository/00_Group_Shared/13_GCLP/01_Controlled_Documents/WIN/Effective,6,PS-GQMS-DOCUMENTS,00_Group_Shared,GMG-REPO-GQMS-DOCUMENTS-GRP,inherit from parent,YES,QA Documentation
GMG_Enterprise_Repository/02_GQMS_Controlled_Repository/00_Group_Shared/13_GCLP/01_Controlled_Documents/WIN/In_Review,6,PS-GQMS-DOCUMENTS,00_Group_Shared,GMG-REPO-GQMS-DOCUMENTS-GRP,inherit from parent,YES,QA Documentation
GMG_Enterprise_Repository/02_GQMS_Controlled_Repository/00_Group_Shared/13_GCLP/01_Controlled_Documents/WIN/Retired,6,PS-GQMS-DOCUMENTS,00_Group_Shared,GMG-REPO-GQMS-DOCUMENTS-GRP,inherit from parent,YES,QA Documentation
GMG_Enterprise_Repository/02_GQMS_Controlled_Repository/00_Group_Shared/13_GCLP/01_Controlled_Documents/WIN/Superseded,6,PS-GQMS-DOCUMENTS,00_Group_Shared,GMG-REPO-GQMS-DOCUMENTS-GRP,inherit from parent,YES,QA Documentation
GMG_Enterprise_Repository/02_GQMS_Controlled_Repository/00_Group_Shared/13_GCLP/02_Quality_Records,4,PS-GQMS-DOCUMENTS,00_Group_Shared,GMG-REPO-GQMS-DOCUMENTS-GRP,inherit from parent,YES,QA Documentation
GMG_Enterprise_Repository/02_GQMS_Controlled_Repository/00_Group_Shared/14_BIO,3,PS-GQMS-DOCUMENTS,00_Group_Shared,GMG-REPO-GQMS-DOCUMENTS-GRP,BREAK INHERITANCE — apply explicitly,YES,QA Documentation
GMG_Enterprise_Repository/02_GQMS_Controlled_Repository/00_Group_Shared/14_BIO/01_Controlled_Documents,4,PS-GQMS-DOCUMENTS,00_Group_Shared,GMG-REPO-GQMS-DOCUMENTS-GRP,inherit from parent,YES,QA Documentation
GMG_Enterprise_Repository/02_GQMS_Controlled_Repository/00_Group_Shared/14_BIO/01_Controlled_Documents/AGR,5,PS-GQMS-DOCUMENTS,00_Group_Shared,GMG-REPO-GQMS-DOCUMENTS-GRP,inherit from parent,YES,QA Documentation
GMG_Enterprise_Repository/02_GQMS_Controlled_Repository/00_Group_Shared/14_BIO/01_Controlled_Documents/AGR/Approved_Pending_Effective,6,PS-GQMS-DOCUMENTS,00_Group_Shared,GMG-REPO-GQMS-DOCUMENTS-GRP,inherit from parent,YES,QA Documentation
GMG_Enterprise_Repository/02_GQMS_Controlled_Repository/00_Group_Shared/14_BIO/01_Controlled_Documents/AGR/Draft,6,PS-GQMS-DOCUMENTS,00_Group_Shared,GMG-REPO-GQMS-DOCUMENTS-GRP,inherit from parent,YES,QA Documentation
GMG_Enterprise_Repository/02_GQMS_Controlled_Repository/00_Group_Shared/14_BIO/01_Controlled_Documents/AGR/Effective,6,PS-GQMS-DOCUMENTS,00_Group_Shared,GMG-REPO-GQMS-DOCUMENTS-GRP,inherit from parent,YES,QA Documentation
GMG_Enterprise_Repository/02_GQMS_Controlled_Repository/00_Group_Shared/14_BIO/01_Controlled_Documents/AGR/In_Review,6,PS-GQMS-DOCUMENTS,00_Group_Shared,GMG-REPO-GQMS-DOCUMENTS-GRP,inherit from parent,YES,QA Documentation
GMG_Enterprise_Repository/02_GQMS_Controlled_Repository/00_Group_Shared/14_BIO/01_Controlled_Documents/AGR/Retired,6,PS-GQMS-DOCUMENTS,00_Group_Shared,GMG-REPO-GQMS-DOCUMENTS-GRP,inherit from parent,YES,QA Documentation
GMG_Enterprise_Repository/02_GQMS_Controlled_Repository/00_Group_Shared/14_BIO/01_Controlled_Documents/AGR/Superseded,6,PS-GQMS-DOCUMENTS,00_Group_Shared,GMG-REPO-GQMS-DOCUMENTS-GRP,inherit from parent,YES,QA Documentation
GMG_Enterprise_Repository/02_GQMS_Controlled_Repository/00_Group_Shared/14_BIO/01_Controlled_Documents/CHK,5,PS-GQMS-DOCUMENTS,00_Group_Shared,GMG-REPO-GQMS-DOCUMENTS-GRP,inherit from parent,YES,QA Documentation
GMG_Enterprise_Repository/02_GQMS_Controlled_Repository/00_Group_Shared/14_BIO/01_Controlled_Documents/CHK/Approved_Pending_Effective,6,PS-GQMS-DOCUMENTS,00_Group_Shared,GMG-REPO-GQMS-DOCUMENTS-GRP,inherit from parent,YES,QA Documentation
GMG_Enterprise_Repository/02_GQMS_Controlled_Repository/00_Group_Shared/14_BIO/01_Controlled_Documents/CHK/Draft,6,PS-GQMS-DOCUMENTS,00_Group_Shared,GMG-REPO-GQMS-DOCUMENTS-GRP,inherit from parent,YES,QA Documentation
GMG_Enterprise_Repository/02_GQMS_Controlled_Repository/00_Group_Shared/14_BIO/01_Controlled_Documents/CHK/Effective,6,PS-GQMS-DOCUMENTS,00_Group_Shared,GMG-REPO-GQMS-DOCUMENTS-GRP,inherit from parent,YES,QA Documentation
GMG_Enterprise_Repository/02_GQMS_Controlled_Repository/00_Group_Shared/14_BIO/01_Controlled_Documents/CHK/In_Review,6,PS-GQMS-DOCUMENTS,00_Group_Shared,GMG-REPO-GQMS-DOCUMENTS-GRP,inherit from parent,YES,QA Documentation
GMG_Enterprise_Repository/02_GQMS_Controlled_Repository/00_Group_Shared/14_BIO/01_Controlled_Documents/CHK/Retired,6,PS-GQMS-DOCUMENTS,00_Group_Shared,GMG-REPO-GQMS-DOCUMENTS-GRP,inherit from parent,YES,QA Documentation
GMG_Enterprise_Repository/02_GQMS_Controlled_Repository/00_Group_Shared/14_BIO/01_Controlled_Documents/CHK/Superseded,6,PS-GQMS-DOCUMENTS,00_Group_Shared,GMG-REPO-GQMS-DOCUMENTS-GRP,inherit from parent,YES,QA Documentation
GMG_Enterprise_Repository/02_GQMS_Controlled_Repository/00_Group_Shared/14_BIO/01_Controlled_Documents/FRM,5,PS-GQMS-DOCUMENTS,00_Group_Shared,GMG-REPO-GQMS-DOCUMENTS-GRP,inherit from parent,YES,QA Documentation
GMG_Enterprise_Repository/02_GQMS_Controlled_Repository/00_Group_Shared/14_BIO/01_Controlled_Documents/FRM/Approved_Pending_Effective,6,PS-GQMS-DOCUMENTS,00_Group_Shared,GMG-REPO-GQMS-DOCUMENTS-GRP,inherit from parent,YES,QA Documentation
GMG_Enterprise_Repository/02_GQMS_Controlled_Repository/00_Group_Shared/14_BIO/01_Controlled_Documents/FRM/Draft,6,PS-GQMS-DOCUMENTS,00_Group_Shared,GMG-REPO-GQMS-DOCUMENTS-GRP,inherit from parent,YES,QA Documentation
GMG_Enterprise_Repository/02_GQMS_Controlled_Repository/00_Group_Shared/14_BIO/01_Controlled_Documents/FRM/Effective,6,PS-GQMS-DOCUMENTS,00_Group_Shared,GMG-REPO-GQMS-DOCUMENTS-GRP,inherit from parent,YES,QA Documentation
GMG_Enterprise_Repository/02_GQMS_Controlled_Repository/00_Group_Shared/14_BIO/01_Controlled_Documents/FRM/In_Review,6,PS-GQMS-DOCUMENTS,00_Group_Shared,GMG-REPO-GQMS-DOCUMENTS-GRP,inherit from parent,YES,QA Documentation
GMG_Enterprise_Repository/02_GQMS_Controlled_Repository/00_Group_Shared/14_BIO/01_Controlled_Documents/FRM/Retired,6,PS-GQMS-DOCUMENTS,00_Group_Shared,GMG-REPO-GQMS-DOCUMENTS-GRP,inherit from parent,YES,QA Documentation
GMG_Enterprise_Repository/02_GQMS_Controlled_Repository/00_Group_Shared/14_BIO/01_Controlled_Documents/FRM/Superseded,6,PS-GQMS-DOCUMENTS,00_Group_Shared,GMG-REPO-GQMS-DOCUMENTS-GRP,inherit from parent,YES,QA Documentation
GMG_Enterprise_Repository/02_GQMS_Controlled_Repository/00_Group_Shared/14_BIO/01_Controlled_Documents/LOG,5,PS-GQMS-DOCUMENTS,00_Group_Shared,GMG-REPO-GQMS-DOCUMENTS-GRP,inherit from parent,YES,QA Documentation
GMG_Enterprise_Repository/02_GQMS_Controlled_Repository/00_Group_Shared/14_BIO/01_Controlled_Documents/LOG/Approved_Pending_Effective,6,PS-GQMS-DOCUMENTS,00_Group_Shared,GMG-REPO-GQMS-DOCUMENTS-GRP,inherit from parent,YES,QA Documentation
GMG_Enterprise_Repository/02_GQMS_Controlled_Repository/00_Group_Shared/14_BIO/01_Controlled_Documents/LOG/Draft,6,PS-GQMS-DOCUMENTS,00_Group_Shared,GMG-REPO-GQMS-DOCUMENTS-GRP,inherit from parent,YES,QA Documentation
GMG_Enterprise_Repository/02_GQMS_Controlled_Repository/00_Group_Shared/14_BIO/01_Controlled_Documents/LOG/Effective,6,PS-GQMS-DOCUMENTS,00_Group_Shared,GMG-REPO-GQMS-DOCUMENTS-GRP,inherit from parent,YES,QA Documentation
GMG_Enterprise_Repository/02_GQMS_Controlled_Repository/00_Group_Shared/14_BIO/01_Controlled_Documents/LOG/In_Review,6,PS-GQMS-DOCUMENTS,00_Group_Shared,GMG-REPO-GQMS-DOCUMENTS-GRP,inherit from parent,YES,QA Documentation
GMG_Enterprise_Repository/02_GQMS_Controlled_Repository/00_Group_Shared/14_BIO/01_Controlled_Documents/LOG/Retired,6,PS-GQMS-DOCUMENTS,00_Group_Shared,GMG-REPO-GQMS-DOCUMENTS-GRP,inherit from parent,YES,QA Documentation
GMG_Enterprise_Repository/02_GQMS_Controlled_Repository/00_Group_Shared/14_BIO/01_Controlled_Documents/LOG/Superseded,6,PS-GQMS-DOCUMENTS,00_Group_Shared,GMG-REPO-GQMS-DOCUMENTS-GRP,inherit from parent,YES,QA Documentation
GMG_Enterprise_Repository/02_GQMS_Controlled_Repository/00_Group_Shared/14_BIO/01_Controlled_Documents/MTX,5,PS-GQMS-DOCUMENTS,00_Group_Shared,GMG-REPO-GQMS-DOCUMENTS-GRP,inherit from parent,YES,QA Documentation
GMG_Enterprise_Repository/02_GQMS_Controlled_Repository/00_Group_Shared/14_BIO/01_Controlled_Documents/MTX/Approved_Pending_Effective,6,PS-GQMS-DOCUMENTS,00_Group_Shared,GMG-REPO-GQMS-DOCUMENTS-GRP,inherit from parent,YES,QA Documentation
GMG_Enterprise_Repository/02_GQMS_Controlled_Repository/00_Group_Shared/14_BIO/01_Controlled_Documents/MTX/Draft,6,PS-GQMS-DOCUMENTS,00_Group_Shared,GMG-REPO-GQMS-DOCUMENTS-GRP,inherit from parent,YES,QA Documentation
GMG_Enterprise_Repository/02_GQMS_Controlled_Repository/00_Group_Shared/14_BIO/01_Controlled_Documents/MTX/Effective,6,PS-GQMS-DOCUMENTS,00_Group_Shared,GMG-REPO-GQMS-DOCUMENTS-GRP,inherit from parent,YES,QA Documentation
GMG_Enterprise_Repository/02_GQMS_Controlled_Repository/00_Group_Shared/14_BIO/01_Controlled_Documents/MTX/In_Review,6,PS-GQMS-DOCUMENTS,00_Group_Shared,GMG-REPO-GQMS-DOCUMENTS-GRP,inherit from parent,YES,QA Documentation
GMG_Enterprise_Repository/02_GQMS_Controlled_Repository/00_Group_Shared/14_BIO/01_Controlled_Documents/MTX/Retired,6,PS-GQMS-DOCUMENTS,00_Group_Shared,GMG-REPO-GQMS-DOCUMENTS-GRP,inherit from parent,YES,QA Documentation
GMG_Enterprise_Repository/02_GQMS_Controlled_Repository/00_Group_Shared/14_BIO/01_Controlled_Documents/MTX/Superseded,6,PS-GQMS-DOCUMENTS,00_Group_Shared,GMG-REPO-GQMS-DOCUMENTS-GRP,inherit from parent,YES,QA Documentation
GMG_Enterprise_Repository/02_GQMS_Controlled_Repository/00_Group_Shared/14_BIO/01_Controlled_Documents/PLN,5,PS-GQMS-DOCUMENTS,00_Group_Shared,GMG-REPO-GQMS-DOCUMENTS-GRP,inherit from parent,YES,QA Documentation
GMG_Enterprise_Repository/02_GQMS_Controlled_Repository/00_Group_Shared/14_BIO/01_Controlled_Documents/PLN/Approved_Pending_Effective,6,PS-GQMS-DOCUMENTS,00_Group_Shared,GMG-REPO-GQMS-DOCUMENTS-GRP,inherit from parent,YES,QA Documentation
GMG_Enterprise_Repository/02_GQMS_Controlled_Repository/00_Group_Shared/14_BIO/01_Controlled_Documents/PLN/Draft,6,PS-GQMS-DOCUMENTS,00_Group_Shared,GMG-REPO-GQMS-DOCUMENTS-GRP,inherit from parent,YES,QA Documentation
GMG_Enterprise_Repository/02_GQMS_Controlled_Repository/00_Group_Shared/14_BIO/01_Controlled_Documents/PLN/Effective,6,PS-GQMS-DOCUMENTS,00_Group_Shared,GMG-REPO-GQMS-DOCUMENTS-GRP,inherit from parent,YES,QA Documentation
GMG_Enterprise_Repository/02_GQMS_Controlled_Repository/00_Group_Shared/14_BIO/01_Controlled_Documents/PLN/In_Review,6,PS-GQMS-DOCUMENTS,00_Group_Shared,GMG-REPO-GQMS-DOCUMENTS-GRP,inherit from parent,YES,QA Documentation
GMG_Enterprise_Repository/02_GQMS_Controlled_Repository/00_Group_Shared/14_BIO/01_Controlled_Documents/PLN/Retired,6,PS-GQMS-DOCUMENTS,00_Group_Shared,GMG-REPO-GQMS-DOCUMENTS-GRP,inherit from parent,YES,QA Documentation
GMG_Enterprise_Repository/02_GQMS_Controlled_Repository/00_Group_Shared/14_BIO/01_Controlled_Documents/PLN/Superseded,6,PS-GQMS-DOCUMENTS,00_Group_Shared,GMG-REPO-GQMS-DOCUMENTS-GRP,inherit from parent,YES,QA Documentation
GMG_Enterprise_Repository/02_GQMS_Controlled_Repository/00_Group_Shared/14_BIO/01_Controlled_Documents/RSK,5,PS-GQMS-DOCUMENTS,00_Group_Shared,GMG-REPO-GQMS-DOCUMENTS-GRP,inherit from parent,YES,QA Documentation
GMG_Enterprise_Repository/02_GQMS_Controlled_Repository/00_Group_Shared/14_BIO/01_Controlled_Documents/RSK/Approved_Pending_Effective,6,PS-GQMS-DOCUMENTS,00_Group_Shared,GMG-REPO-GQMS-DOCUMENTS-GRP,inherit from parent,YES,QA Documentation
GMG_Enterprise_Repository/02_GQMS_Controlled_Repository/00_Group_Shared/14_BIO/01_Controlled_Documents/RSK/Draft,6,PS-GQMS-DOCUMENTS,00_Group_Shared,GMG-REPO-GQMS-DOCUMENTS-GRP,inherit from parent,YES,QA Documentation
GMG_Enterprise_Repository/02_GQMS_Controlled_Repository/00_Group_Shared/14_BIO/01_Controlled_Documents/RSK/Effective,6,PS-GQMS-DOCUMENTS,00_Group_Shared,GMG-REPO-GQMS-DOCUMENTS-GRP,inherit from parent,YES,QA Documentation
GMG_Enterprise_Repository/02_GQMS_Controlled_Repository/00_Group_Shared/14_BIO/01_Controlled_Documents/RSK/In_Review,6,PS-GQMS-DOCUMENTS,00_Group_Shared,GMG-REPO-GQMS-DOCUMENTS-GRP,inherit from parent,YES,QA Documentation
GMG_Enterprise_Repository/02_GQMS_Controlled_Repository/00_Group_Shared/14_BIO/01_Controlled_Documents/RSK/Retired,6,PS-GQMS-DOCUMENTS,00_Group_Shared,GMG-REPO-GQMS-DOCUMENTS-GRP,inherit from parent,YES,QA Documentation
GMG_Enterprise_Repository/02_GQMS_Controlled_Repository/00_Group_Shared/14_BIO/01_Controlled_Documents/RSK/Superseded,6,PS-GQMS-DOCUMENTS,00_Group_Shared,GMG-REPO-GQMS-DOCUMENTS-GRP,inherit from parent,YES,QA Documentation
GMG_Enterprise_Repository/02_GQMS_Controlled_Repository/00_Group_Shared/14_BIO/01_Controlled_Documents/SOP,5,PS-GQMS-DOCUMENTS,00_Group_Shared,GMG-REPO-GQMS-DOCUMENTS-GRP,inherit from parent,YES,QA Documentation
GMG_Enterprise_Repository/02_GQMS_Controlled_Repository/00_Group_Shared/14_BIO/01_Controlled_Documents/SOP/Approved_Pending_Effective,6,PS-GQMS-DOCUMENTS,00_Group_Shared,GMG-REPO-GQMS-DOCUMENTS-GRP,inherit from parent,YES,QA Documentation
GMG_Enterprise_Repository/02_GQMS_Controlled_Repository/00_Group_Shared/14_BIO/01_Controlled_Documents/SOP/Draft,6,PS-GQMS-DOCUMENTS,00_Group_Shared,GMG-REPO-GQMS-DOCUMENTS-GRP,inherit from parent,YES,QA Documentation
GMG_Enterprise_Repository/02_GQMS_Controlled_Repository/00_Group_Shared/14_BIO/01_Controlled_Documents/SOP/Effective,6,PS-GQMS-DOCUMENTS,00_Group_Shared,GMG-REPO-GQMS-DOCUMENTS-GRP,inherit from parent,YES,QA Documentation
GMG_Enterprise_Repository/02_GQMS_Controlled_Repository/00_Group_Shared/14_BIO/01_Controlled_Documents/SOP/In_Review,6,PS-GQMS-DOCUMENTS,00_Group_Shared,GMG-REPO-GQMS-DOCUMENTS-GRP,inherit from parent,YES,QA Documentation
GMG_Enterprise_Repository/02_GQMS_Controlled_Repository/00_Group_Shared/14_BIO/01_Controlled_Documents/SOP/Retired,6,PS-GQMS-DOCUMENTS,00_Group_Shared,GMG-REPO-GQMS-DOCUMENTS-GRP,inherit from parent,YES,QA Documentation
GMG_Enterprise_Repository/02_GQMS_Controlled_Repository/00_Group_Shared/14_BIO/01_Controlled_Documents/SOP/Superseded,6,PS-GQMS-DOCUMENTS,00_Group_Shared,GMG-REPO-GQMS-DOCUMENTS-GRP,inherit from parent,YES,QA Documentation
GMG_Enterprise_Repository/02_GQMS_Controlled_Repository/00_Group_Shared/14_BIO/01_Controlled_Documents/TPL,5,PS-GQMS-DOCUMENTS,00_Group_Shared,GMG-REPO-GQMS-DOCUMENTS-GRP,inherit from parent,YES,QA Documentation
GMG_Enterprise_Repository/02_GQMS_Controlled_Repository/00_Group_Shared/14_BIO/01_Controlled_Documents/TPL/Approved_Pending_Effective,6,PS-GQMS-DOCUMENTS,00_Group_Shared,GMG-REPO-GQMS-DOCUMENTS-GRP,inherit from parent,YES,QA Documentation
GMG_Enterprise_Repository/02_GQMS_Controlled_Repository/00_Group_Shared/14_BIO/01_Controlled_Documents/TPL/Draft,6,PS-GQMS-DOCUMENTS,00_Group_Shared,GMG-REPO-GQMS-DOCUMENTS-GRP,inherit from parent,YES,QA Documentation
GMG_Enterprise_Repository/02_GQMS_Controlled_Repository/00_Group_Shared/14_BIO/01_Controlled_Documents/TPL/Effective,6,PS-GQMS-DOCUMENTS,00_Group_Shared,GMG-REPO-GQMS-DOCUMENTS-GRP,inherit from parent,YES,QA Documentation
GMG_Enterprise_Repository/02_GQMS_Controlled_Repository/00_Group_Shared/14_BIO/01_Controlled_Documents/TPL/In_Review,6,PS-GQMS-DOCUMENTS,00_Group_Shared,GMG-REPO-GQMS-DOCUMENTS-GRP,inherit from parent,YES,QA Documentation
GMG_Enterprise_Repository/02_GQMS_Controlled_Repository/00_Group_Shared/14_BIO/01_Controlled_Documents/TPL/Retired,6,PS-GQMS-DOCUMENTS,00_Group_Shared,GMG-REPO-GQMS-DOCUMENTS-GRP,inherit from parent,YES,QA Documentation
GMG_Enterprise_Repository/02_GQMS_Controlled_Repository/00_Group_Shared/14_BIO/01_Controlled_Documents/TPL/Superseded,6,PS-GQMS-DOCUMENTS,00_Group_Shared,GMG-REPO-GQMS-DOCUMENTS-GRP,inherit from parent,YES,QA Documentation
GMG_Enterprise_Repository/02_GQMS_Controlled_Repository/00_Group_Shared/14_BIO/01_Controlled_Documents/WIN,5,PS-GQMS-DOCUMENTS,00_Group_Shared,GMG-REPO-GQMS-DOCUMENTS-GRP,inherit from parent,YES,QA Documentation
GMG_Enterprise_Repository/02_GQMS_Controlled_Repository/00_Group_Shared/14_BIO/01_Controlled_Documents/WIN/Approved_Pending_Effective,6,PS-GQMS-DOCUMENTS,00_Group_Shared,GMG-REPO-GQMS-DOCUMENTS-GRP,inherit from parent,YES,QA Documentation
GMG_Enterprise_Repository/02_GQMS_Controlled_Repository/00_Group_Shared/14_BIO/01_Controlled_Documents/WIN/Draft,6,PS-GQMS-DOCUMENTS,00_Group_Shared,GMG-REPO-GQMS-DOCUMENTS-GRP,inherit from parent,YES,QA Documentation
GMG_Enterprise_Repository/02_GQMS_Controlled_Repository/00_Group_Shared/14_BIO/01_Controlled_Documents/WIN/Effective,6,PS-GQMS-DOCUMENTS,00_Group_Shared,GMG-REPO-GQMS-DOCUMENTS-GRP,inherit from parent,YES,QA Documentation
GMG_Enterprise_Repository/02_GQMS_Controlled_Repository/00_Group_Shared/14_BIO/01_Controlled_Documents/WIN/In_Review,6,PS-GQMS-DOCUMENTS,00_Group_Shared,GMG-REPO-GQMS-DOCUMENTS-GRP,inherit from parent,YES,QA Documentation
GMG_Enterprise_Repository/02_GQMS_Controlled_Repository/00_Group_Shared/14_BIO/01_Controlled_Documents/WIN/Retired,6,PS-GQMS-DOCUMENTS,00_Group_Shared,GMG-REPO-GQMS-DOCUMENTS-GRP,inherit from parent,YES,QA Documentation
GMG_Enterprise_Repository/02_GQMS_Controlled_Repository/00_Group_Shared/14_BIO/01_Controlled_Documents/WIN/Superseded,6,PS-GQMS-DOCUMENTS,00_Group_Shared,GMG-REPO-GQMS-DOCUMENTS-GRP,inherit from parent,YES,QA Documentation
GMG_Enterprise_Repository/02_GQMS_Controlled_Repository/00_Group_Shared/14_BIO/02_Quality_Records,4,PS-GQMS-DOCUMENTS,00_Group_Shared,GMG-REPO-GQMS-DOCUMENTS-GRP,inherit from parent,YES,QA Documentation
GMG_Enterprise_Repository/02_GQMS_Controlled_Repository/00_Group_Shared/15_ATMP,3,PS-GQMS-DOCUMENTS,00_Group_Shared,GMG-REPO-GQMS-DOCUMENTS-GRP,BREAK INHERITANCE — apply explicitly,YES,QA Documentation
GMG_Enterprise_Repository/02_GQMS_Controlled_Repository/00_Group_Shared/15_ATMP/01_Controlled_Documents,4,PS-GQMS-DOCUMENTS,00_Group_Shared,GMG-REPO-GQMS-DOCUMENTS-GRP,inherit from parent,YES,QA Documentation
GMG_Enterprise_Repository/02_GQMS_Controlled_Repository/00_Group_Shared/15_ATMP/01_Controlled_Documents/AGR,5,PS-GQMS-DOCUMENTS,00_Group_Shared,GMG-REPO-GQMS-DOCUMENTS-GRP,inherit from parent,YES,QA Documentation
GMG_Enterprise_Repository/02_GQMS_Controlled_Repository/00_Group_Shared/15_ATMP/01_Controlled_Documents/AGR/Approved_Pending_Effective,6,PS-GQMS-DOCUMENTS,00_Group_Shared,GMG-REPO-GQMS-DOCUMENTS-GRP,inherit from parent,YES,QA Documentation
GMG_Enterprise_Repository/02_GQMS_Controlled_Repository/00_Group_Shared/15_ATMP/01_Controlled_Documents/AGR/Draft,6,PS-GQMS-DOCUMENTS,00_Group_Shared,GMG-REPO-GQMS-DOCUMENTS-GRP,inherit from parent,YES,QA Documentation
GMG_Enterprise_Repository/02_GQMS_Controlled_Repository/00_Group_Shared/15_ATMP/01_Controlled_Documents/AGR/Effective,6,PS-GQMS-DOCUMENTS,00_Group_Shared,GMG-REPO-GQMS-DOCUMENTS-GRP,inherit from parent,YES,QA Documentation
GMG_Enterprise_Repository/02_GQMS_Controlled_Repository/00_Group_Shared/15_ATMP/01_Controlled_Documents/AGR/In_Review,6,PS-GQMS-DOCUMENTS,00_Group_Shared,GMG-REPO-GQMS-DOCUMENTS-GRP,inherit from parent,YES,QA Documentation
GMG_Enterprise_Repository/02_GQMS_Controlled_Repository/00_Group_Shared/15_ATMP/01_Controlled_Documents/AGR/Retired,6,PS-GQMS-DOCUMENTS,00_Group_Shared,GMG-REPO-GQMS-DOCUMENTS-GRP,inherit from parent,YES,QA Documentation
GMG_Enterprise_Repository/02_GQMS_Controlled_Repository/00_Group_Shared/15_ATMP/01_Controlled_Documents/AGR/Superseded,6,PS-GQMS-DOCUMENTS,00_Group_Shared,GMG-REPO-GQMS-DOCUMENTS-GRP,inherit from parent,YES,QA Documentation
GMG_Enterprise_Repository/02_GQMS_Controlled_Repository/00_Group_Shared/15_ATMP/01_Controlled_Documents/CHK,5,PS-GQMS-DOCUMENTS,00_Group_Shared,GMG-REPO-GQMS-DOCUMENTS-GRP,inherit from parent,YES,QA Documentation
GMG_Enterprise_Repository/02_GQMS_Controlled_Repository/00_Group_Shared/15_ATMP/01_Controlled_Documents/CHK/Approved_Pending_Effective,6,PS-GQMS-DOCUMENTS,00_Group_Shared,GMG-REPO-GQMS-DOCUMENTS-GRP,inherit from parent,YES,QA Documentation
GMG_Enterprise_Repository/02_GQMS_Controlled_Repository/00_Group_Shared/15_ATMP/01_Controlled_Documents/CHK/Draft,6,PS-GQMS-DOCUMENTS,00_Group_Shared,GMG-REPO-GQMS-DOCUMENTS-GRP,inherit from parent,YES,QA Documentation
GMG_Enterprise_Repository/02_GQMS_Controlled_Repository/00_Group_Shared/15_ATMP/01_Controlled_Documents/CHK/Effective,6,PS-GQMS-DOCUMENTS,00_Group_Shared,GMG-REPO-GQMS-DOCUMENTS-GRP,inherit from parent,YES,QA Documentation
GMG_Enterprise_Repository/02_GQMS_Controlled_Repository/00_Group_Shared/15_ATMP/01_Controlled_Documents/CHK/In_Review,6,PS-GQMS-DOCUMENTS,00_Group_Shared,GMG-REPO-GQMS-DOCUMENTS-GRP,inherit from parent,YES,QA Documentation
GMG_Enterprise_Repository/02_GQMS_Controlled_Repository/00_Group_Shared/15_ATMP/01_Controlled_Documents/CHK/Retired,6,PS-GQMS-DOCUMENTS,00_Group_Shared,GMG-REPO-GQMS-DOCUMENTS-GRP,inherit from parent,YES,QA Documentation
GMG_Enterprise_Repository/02_GQMS_Controlled_Repository/00_Group_Shared/15_ATMP/01_Controlled_Documents/CHK/Superseded,6,PS-GQMS-DOCUMENTS,00_Group_Shared,GMG-REPO-GQMS-DOCUMENTS-GRP,inherit from parent,YES,QA Documentation
GMG_Enterprise_Repository/02_GQMS_Controlled_Repository/00_Group_Shared/15_ATMP/01_Controlled_Documents/FRM,5,PS-GQMS-DOCUMENTS,00_Group_Shared,GMG-REPO-GQMS-DOCUMENTS-GRP,inherit from parent,YES,QA Documentation
GMG_Enterprise_Repository/02_GQMS_Controlled_Repository/00_Group_Shared/15_ATMP/01_Controlled_Documents/FRM/Approved_Pending_Effective,6,PS-GQMS-DOCUMENTS,00_Group_Shared,GMG-REPO-GQMS-DOCUMENTS-GRP,inherit from parent,YES,QA Documentation
GMG_Enterprise_Repository/02_GQMS_Controlled_Repository/00_Group_Shared/15_ATMP/01_Controlled_Documents/FRM/Draft,6,PS-GQMS-DOCUMENTS,00_Group_Shared,GMG-REPO-GQMS-DOCUMENTS-GRP,inherit from parent,YES,QA Documentation
GMG_Enterprise_Repository/02_GQMS_Controlled_Repository/00_Group_Shared/15_ATMP/01_Controlled_Documents/FRM/Effective,6,PS-GQMS-DOCUMENTS,00_Group_Shared,GMG-REPO-GQMS-DOCUMENTS-GRP,inherit from parent,YES,QA Documentation
GMG_Enterprise_Repository/02_GQMS_Controlled_Repository/00_Group_Shared/15_ATMP/01_Controlled_Documents/FRM/In_Review,6,PS-GQMS-DOCUMENTS,00_Group_Shared,GMG-REPO-GQMS-DOCUMENTS-GRP,inherit from parent,YES,QA Documentation
GMG_Enterprise_Repository/02_GQMS_Controlled_Repository/00_Group_Shared/15_ATMP/01_Controlled_Documents/FRM/Retired,6,PS-GQMS-DOCUMENTS,00_Group_Shared,GMG-REPO-GQMS-DOCUMENTS-GRP,inherit from parent,YES,QA Documentation
GMG_Enterprise_Repository/02_GQMS_Controlled_Repository/00_Group_Shared/15_ATMP/01_Controlled_Documents/FRM/Superseded,6,PS-GQMS-DOCUMENTS,00_Group_Shared,GMG-REPO-GQMS-DOCUMENTS-GRP,inherit from parent,YES,QA Documentation
GMG_Enterprise_Repository/02_GQMS_Controlled_Repository/00_Group_Shared/15_ATMP/01_Controlled_Documents/LOG,5,PS-GQMS-DOCUMENTS,00_Group_Shared,GMG-REPO-GQMS-DOCUMENTS-GRP,inherit from parent,YES,QA Documentation
GMG_Enterprise_Repository/02_GQMS_Controlled_Repository/00_Group_Shared/15_ATMP/01_Controlled_Documents/LOG/Approved_Pending_Effective,6,PS-GQMS-DOCUMENTS,00_Group_Shared,GMG-REPO-GQMS-DOCUMENTS-GRP,inherit from parent,YES,QA Documentation
GMG_Enterprise_Repository/02_GQMS_Controlled_Repository/00_Group_Shared/15_ATMP/01_Controlled_Documents/LOG/Draft,6,PS-GQMS-DOCUMENTS,00_Group_Shared,GMG-REPO-GQMS-DOCUMENTS-GRP,inherit from parent,YES,QA Documentation
GMG_Enterprise_Repository/02_GQMS_Controlled_Repository/00_Group_Shared/15_ATMP/01_Controlled_Documents/LOG/Effective,6,PS-GQMS-DOCUMENTS,00_Group_Shared,GMG-REPO-GQMS-DOCUMENTS-GRP,inherit from parent,YES,QA Documentation
GMG_Enterprise_Repository/02_GQMS_Controlled_Repository/00_Group_Shared/15_ATMP/01_Controlled_Documents/LOG/In_Review,6,PS-GQMS-DOCUMENTS,00_Group_Shared,GMG-REPO-GQMS-DOCUMENTS-GRP,inherit from parent,YES,QA Documentation
GMG_Enterprise_Repository/02_GQMS_Controlled_Repository/00_Group_Shared/15_ATMP/01_Controlled_Documents/LOG/Retired,6,PS-GQMS-DOCUMENTS,00_Group_Shared,GMG-REPO-GQMS-DOCUMENTS-GRP,inherit from parent,YES,QA Documentation
GMG_Enterprise_Repository/02_GQMS_Controlled_Repository/00_Group_Shared/15_ATMP/01_Controlled_Documents/LOG/Superseded,6,PS-GQMS-DOCUMENTS,00_Group_Shared,GMG-REPO-GQMS-DOCUMENTS-GRP,inherit from parent,YES,QA Documentation
GMG_Enterprise_Repository/02_GQMS_Controlled_Repository/00_Group_Shared/15_ATMP/01_Controlled_Documents/MTX,5,PS-GQMS-DOCUMENTS,00_Group_Shared,GMG-REPO-GQMS-DOCUMENTS-GRP,inherit from parent,YES,QA Documentation
GMG_Enterprise_Repository/02_GQMS_Controlled_Repository/00_Group_Shared/15_ATMP/01_Controlled_Documents/MTX/Approved_Pending_Effective,6,PS-GQMS-DOCUMENTS,00_Group_Shared,GMG-REPO-GQMS-DOCUMENTS-GRP,inherit from parent,YES,QA Documentation
GMG_Enterprise_Repository/02_GQMS_Controlled_Repository/00_Group_Shared/15_ATMP/01_Controlled_Documents/MTX/Draft,6,PS-GQMS-DOCUMENTS,00_Group_Shared,GMG-REPO-GQMS-DOCUMENTS-GRP,inherit from parent,YES,QA Documentation
GMG_Enterprise_Repository/02_GQMS_Controlled_Repository/00_Group_Shared/15_ATMP/01_Controlled_Documents/MTX/Effective,6,PS-GQMS-DOCUMENTS,00_Group_Shared,GMG-REPO-GQMS-DOCUMENTS-GRP,inherit from parent,YES,QA Documentation
GMG_Enterprise_Repository/02_GQMS_Controlled_Repository/00_Group_Shared/15_ATMP/01_Controlled_Documents/MTX/In_Review,6,PS-GQMS-DOCUMENTS,00_Group_Shared,GMG-REPO-GQMS-DOCUMENTS-GRP,inherit from parent,YES,QA Documentation
GMG_Enterprise_Repository/02_GQMS_Controlled_Repository/00_Group_Shared/15_ATMP/01_Controlled_Documents/MTX/Retired,6,PS-GQMS-DOCUMENTS,00_Group_Shared,GMG-REPO-GQMS-DOCUMENTS-GRP,inherit from parent,YES,QA Documentation
GMG_Enterprise_Repository/02_GQMS_Controlled_Repository/00_Group_Shared/15_ATMP/01_Controlled_Documents/MTX/Superseded,6,PS-GQMS-DOCUMENTS,00_Group_Shared,GMG-REPO-GQMS-DOCUMENTS-GRP,inherit from parent,YES,QA Documentation
GMG_Enterprise_Repository/02_GQMS_Controlled_Repository/00_Group_Shared/15_ATMP/01_Controlled_Documents/PLN,5,PS-GQMS-DOCUMENTS,00_Group_Shared,GMG-REPO-GQMS-DOCUMENTS-GRP,inherit from parent,YES,QA Documentation
GMG_Enterprise_Repository/02_GQMS_Controlled_Repository/00_Group_Shared/15_ATMP/01_Controlled_Documents/PLN/Approved_Pending_Effective,6,PS-GQMS-DOCUMENTS,00_Group_Shared,GMG-REPO-GQMS-DOCUMENTS-GRP,inherit from parent,YES,QA Documentation
GMG_Enterprise_Repository/02_GQMS_Controlled_Repository/00_Group_Shared/15_ATMP/01_Controlled_Documents/PLN/Draft,6,PS-GQMS-DOCUMENTS,00_Group_Shared,GMG-REPO-GQMS-DOCUMENTS-GRP,inherit from parent,YES,QA Documentation
GMG_Enterprise_Repository/02_GQMS_Controlled_Repository/00_Group_Shared/15_ATMP/01_Controlled_Documents/PLN/Effective,6,PS-GQMS-DOCUMENTS,00_Group_Shared,GMG-REPO-GQMS-DOCUMENTS-GRP,inherit from parent,YES,QA Documentation
GMG_Enterprise_Repository/02_GQMS_Controlled_Repository/00_Group_Shared/15_ATMP/01_Controlled_Documents/PLN/In_Review,6,PS-GQMS-DOCUMENTS,00_Group_Shared,GMG-REPO-GQMS-DOCUMENTS-GRP,inherit from parent,YES,QA Documentation
GMG_Enterprise_Repository/02_GQMS_Controlled_Repository/00_Group_Shared/15_ATMP/01_Controlled_Documents/PLN/Retired,6,PS-GQMS-DOCUMENTS,00_Group_Shared,GMG-REPO-GQMS-DOCUMENTS-GRP,inherit from parent,YES,QA Documentation
GMG_Enterprise_Repository/02_GQMS_Controlled_Repository/00_Group_Shared/15_ATMP/01_Controlled_Documents/PLN/Superseded,6,PS-GQMS-DOCUMENTS,00_Group_Shared,GMG-REPO-GQMS-DOCUMENTS-GRP,inherit from parent,YES,QA Documentation
GMG_Enterprise_Repository/02_GQMS_Controlled_Repository/00_Group_Shared/15_ATMP/01_Controlled_Documents/RSK,5,PS-GQMS-DOCUMENTS,00_Group_Shared,GMG-REPO-GQMS-DOCUMENTS-GRP,inherit from parent,YES,QA Documentation
GMG_Enterprise_Repository/02_GQMS_Controlled_Repository/00_Group_Shared/15_ATMP/01_Controlled_Documents/RSK/Approved_Pending_Effective,6,PS-GQMS-DOCUMENTS,00_Group_Shared,GMG-REPO-GQMS-DOCUMENTS-GRP,inherit from parent,YES,QA Documentation
GMG_Enterprise_Repository/02_GQMS_Controlled_Repository/00_Group_Shared/15_ATMP/01_Controlled_Documents/RSK/Draft,6,PS-GQMS-DOCUMENTS,00_Group_Shared,GMG-REPO-GQMS-DOCUMENTS-GRP,inherit from parent,YES,QA Documentation
GMG_Enterprise_Repository/02_GQMS_Controlled_Repository/00_Group_Shared/15_ATMP/01_Controlled_Documents/RSK/Effective,6,PS-GQMS-DOCUMENTS,00_Group_Shared,GMG-REPO-GQMS-DOCUMENTS-GRP,inherit from parent,YES,QA Documentation
GMG_Enterprise_Repository/02_GQMS_Controlled_Repository/00_Group_Shared/15_ATMP/01_Controlled_Documents/RSK/In_Review,6,PS-GQMS-DOCUMENTS,00_Group_Shared,GMG-REPO-GQMS-DOCUMENTS-GRP,inherit from parent,YES,QA Documentation
GMG_Enterprise_Repository/02_GQMS_Controlled_Repository/00_Group_Shared/15_ATMP/01_Controlled_Documents/RSK/Retired,6,PS-GQMS-DOCUMENTS,00_Group_Shared,GMG-REPO-GQMS-DOCUMENTS-GRP,inherit from parent,YES,QA Documentation
GMG_Enterprise_Repository/02_GQMS_Controlled_Repository/00_Group_Shared/15_ATMP/01_Controlled_Documents/RSK/Superseded,6,PS-GQMS-DOCUMENTS,00_Group_Shared,GMG-REPO-GQMS-DOCUMENTS-GRP,inherit from parent,YES,QA Documentation
GMG_Enterprise_Repository/02_GQMS_Controlled_Repository/00_Group_Shared/15_ATMP/01_Controlled_Documents/SOP,5,PS-GQMS-DOCUMENTS,00_Group_Shared,GMG-REPO-GQMS-DOCUMENTS-GRP,inherit from parent,YES,QA Documentation
GMG_Enterprise_Repository/02_GQMS_Controlled_Repository/00_Group_Shared/15_ATMP/01_Controlled_Documents/SOP/Approved_Pending_Effective,6,PS-GQMS-DOCUMENTS,00_Group_Shared,GMG-REPO-GQMS-DOCUMENTS-GRP,inherit from parent,YES,QA Documentation
GMG_Enterprise_Repository/02_GQMS_Controlled_Repository/00_Group_Shared/15_ATMP/01_Controlled_Documents/SOP/Draft,6,PS-GQMS-DOCUMENTS,00_Group_Shared,GMG-REPO-GQMS-DOCUMENTS-GRP,inherit from parent,YES,QA Documentation
GMG_Enterprise_Repository/02_GQMS_Controlled_Repository/00_Group_Shared/15_ATMP/01_Controlled_Documents/SOP/Effective,6,PS-GQMS-DOCUMENTS,00_Group_Shared,GMG-REPO-GQMS-DOCUMENTS-GRP,inherit from parent,YES,QA Documentation
GMG_Enterprise_Repository/02_GQMS_Controlled_Repository/00_Group_Shared/15_ATMP/01_Controlled_Documents/SOP/In_Review,6,PS-GQMS-DOCUMENTS,00_Group_Shared,GMG-REPO-GQMS-DOCUMENTS-GRP,inherit from parent,YES,QA Documentation
GMG_Enterprise_Repository/02_GQMS_Controlled_Repository/00_Group_Shared/15_ATMP/01_Controlled_Documents/SOP/Retired,6,PS-GQMS-DOCUMENTS,00_Group_Shared,GMG-REPO-GQMS-DOCUMENTS-GRP,inherit from parent,YES,QA Documentation
GMG_Enterprise_Repository/02_GQMS_Controlled_Repository/00_Group_Shared/15_ATMP/01_Controlled_Documents/SOP/Superseded,6,PS-GQMS-DOCUMENTS,00_Group_Shared,GMG-REPO-GQMS-DOCUMENTS-GRP,inherit from parent,YES,QA Documentation
GMG_Enterprise_Repository/02_GQMS_Controlled_Repository/00_Group_Shared/15_ATMP/01_Controlled_Documents/TPL,5,PS-GQMS-DOCUMENTS,00_Group_Shared,GMG-REPO-GQMS-DOCUMENTS-GRP,inherit from parent,YES,QA Documentation
GMG_Enterprise_Repository/02_GQMS_Controlled_Repository/00_Group_Shared/15_ATMP/01_Controlled_Documents/TPL/Approved_Pending_Effective,6,PS-GQMS-DOCUMENTS,00_Group_Shared,GMG-REPO-GQMS-DOCUMENTS-GRP,inherit from parent,YES,QA Documentation
GMG_Enterprise_Repository/02_GQMS_Controlled_Repository/00_Group_Shared/15_ATMP/01_Controlled_Documents/TPL/Draft,6,PS-GQMS-DOCUMENTS,00_Group_Shared,GMG-REPO-GQMS-DOCUMENTS-GRP,inherit from parent,YES,QA Documentation
GMG_Enterprise_Repository/02_GQMS_Controlled_Repository/00_Group_Shared/15_ATMP/01_Controlled_Documents/TPL/Effective,6,PS-GQMS-DOCUMENTS,00_Group_Shared,GMG-REPO-GQMS-DOCUMENTS-GRP,inherit from parent,YES,QA Documentation
GMG_Enterprise_Repository/02_GQMS_Controlled_Repository/00_Group_Shared/15_ATMP/01_Controlled_Documents/TPL/In_Review,6,PS-GQMS-DOCUMENTS,00_Group_Shared,GMG-REPO-GQMS-DOCUMENTS-GRP,inherit from parent,YES,QA Documentation
GMG_Enterprise_Repository/02_GQMS_Controlled_Repository/00_Group_Shared/15_ATMP/01_Controlled_Documents/TPL/Retired,6,PS-GQMS-DOCUMENTS,00_Group_Shared,GMG-REPO-GQMS-DOCUMENTS-GRP,inherit from parent,YES,QA Documentation
GMG_Enterprise_Repository/02_GQMS_Controlled_Repository/00_Group_Shared/15_ATMP/01_Controlled_Documents/TPL/Superseded,6,PS-GQMS-DOCUMENTS,00_Group_Shared,GMG-REPO-GQMS-DOCUMENTS-GRP,inherit from parent,YES,QA Documentation
GMG_Enterprise_Repository/02_GQMS_Controlled_Repository/00_Group_Shared/15_ATMP/01_Controlled_Documents/WIN,5,PS-GQMS-DOCUMENTS,00_Group_Shared,GMG-REPO-GQMS-DOCUMENTS-GRP,inherit from parent,YES,QA Documentation
GMG_Enterprise_Repository/02_GQMS_Controlled_Repository/00_Group_Shared/15_ATMP/01_Controlled_Documents/WIN/Approved_Pending_Effective,6,PS-GQMS-DOCUMENTS,00_Group_Shared,GMG-REPO-GQMS-DOCUMENTS-GRP,inherit from parent,YES,QA Documentation
GMG_Enterprise_Repository/02_GQMS_Controlled_Repository/00_Group_Shared/15_ATMP/01_Controlled_Documents/WIN/Draft,6,PS-GQMS-DOCUMENTS,00_Group_Shared,GMG-REPO-GQMS-DOCUMENTS-GRP,inherit from parent,YES,QA Documentation
GMG_Enterprise_Repository/02_GQMS_Controlled_Repository/00_Group_Shared/15_ATMP/01_Controlled_Documents/WIN/Effective,6,PS-GQMS-DOCUMENTS,00_Group_Shared,GMG-REPO-GQMS-DOCUMENTS-GRP,inherit from parent,YES,QA Documentation
GMG_Enterprise_Repository/02_GQMS_Controlled_Repository/00_Group_Shared/15_ATMP/01_Controlled_Documents/WIN/In_Review,6,PS-GQMS-DOCUMENTS,00_Group_Shared,GMG-REPO-GQMS-DOCUMENTS-GRP,inherit from parent,YES,QA Documentation
GMG_Enterprise_Repository/02_GQMS_Controlled_Repository/00_Group_Shared/15_ATMP/01_Controlled_Documents/WIN/Retired,6,PS-GQMS-DOCUMENTS,00_Group_Shared,GMG-REPO-GQMS-DOCUMENTS-GRP,inherit from parent,YES,QA Documentation
GMG_Enterprise_Repository/02_GQMS_Controlled_Repository/00_Group_Shared/15_ATMP/01_Controlled_Documents/WIN/Superseded,6,PS-GQMS-DOCUMENTS,00_Group_Shared,GMG-REPO-GQMS-DOCUMENTS-GRP,inherit from parent,YES,QA Documentation
GMG_Enterprise_Repository/02_GQMS_Controlled_Repository/00_Group_Shared/15_ATMP/02_Quality_Records,4,PS-GQMS-DOCUMENTS,00_Group_Shared,GMG-REPO-GQMS-DOCUMENTS-GRP,inherit from parent,YES,QA Documentation
GMG_Enterprise_Repository/02_GQMS_Controlled_Repository/00_Group_Shared/16_STE,3,PS-GQMS-DOCUMENTS,00_Group_Shared,GMG-REPO-GQMS-DOCUMENTS-GRP,BREAK INHERITANCE — apply explicitly,YES,QA Documentation
GMG_Enterprise_Repository/02_GQMS_Controlled_Repository/00_Group_Shared/16_STE/01_Controlled_Documents,4,PS-GQMS-DOCUMENTS,00_Group_Shared,GMG-REPO-GQMS-DOCUMENTS-GRP,inherit from parent,YES,QA Documentation
GMG_Enterprise_Repository/02_GQMS_Controlled_Repository/00_Group_Shared/16_STE/01_Controlled_Documents/AGR,5,PS-GQMS-DOCUMENTS,00_Group_Shared,GMG-REPO-GQMS-DOCUMENTS-GRP,inherit from parent,YES,QA Documentation
GMG_Enterprise_Repository/02_GQMS_Controlled_Repository/00_Group_Shared/16_STE/01_Controlled_Documents/AGR/Approved_Pending_Effective,6,PS-GQMS-DOCUMENTS,00_Group_Shared,GMG-REPO-GQMS-DOCUMENTS-GRP,inherit from parent,YES,QA Documentation
GMG_Enterprise_Repository/02_GQMS_Controlled_Repository/00_Group_Shared/16_STE/01_Controlled_Documents/AGR/Draft,6,PS-GQMS-DOCUMENTS,00_Group_Shared,GMG-REPO-GQMS-DOCUMENTS-GRP,inherit from parent,YES,QA Documentation
GMG_Enterprise_Repository/02_GQMS_Controlled_Repository/00_Group_Shared/16_STE/01_Controlled_Documents/AGR/Effective,6,PS-GQMS-DOCUMENTS,00_Group_Shared,GMG-REPO-GQMS-DOCUMENTS-GRP,inherit from parent,YES,QA Documentation
GMG_Enterprise_Repository/02_GQMS_Controlled_Repository/00_Group_Shared/16_STE/01_Controlled_Documents/AGR/In_Review,6,PS-GQMS-DOCUMENTS,00_Group_Shared,GMG-REPO-GQMS-DOCUMENTS-GRP,inherit from parent,YES,QA Documentation
GMG_Enterprise_Repository/02_GQMS_Controlled_Repository/00_Group_Shared/16_STE/01_Controlled_Documents/AGR/Retired,6,PS-GQMS-DOCUMENTS,00_Group_Shared,GMG-REPO-GQMS-DOCUMENTS-GRP,inherit from parent,YES,QA Documentation
GMG_Enterprise_Repository/02_GQMS_Controlled_Repository/00_Group_Shared/16_STE/01_Controlled_Documents/AGR/Superseded,6,PS-GQMS-DOCUMENTS,00_Group_Shared,GMG-REPO-GQMS-DOCUMENTS-GRP,inherit from parent,YES,QA Documentation
GMG_Enterprise_Repository/02_GQMS_Controlled_Repository/00_Group_Shared/16_STE/01_Controlled_Documents/CHK,5,PS-GQMS-DOCUMENTS,00_Group_Shared,GMG-REPO-GQMS-DOCUMENTS-GRP,inherit from parent,YES,QA Documentation
GMG_Enterprise_Repository/02_GQMS_Controlled_Repository/00_Group_Shared/16_STE/01_Controlled_Documents/CHK/Approved_Pending_Effective,6,PS-GQMS-DOCUMENTS,00_Group_Shared,GMG-REPO-GQMS-DOCUMENTS-GRP,inherit from parent,YES,QA Documentation
GMG_Enterprise_Repository/02_GQMS_Controlled_Repository/00_Group_Shared/16_STE/01_Controlled_Documents/CHK/Draft,6,PS-GQMS-DOCUMENTS,00_Group_Shared,GMG-REPO-GQMS-DOCUMENTS-GRP,inherit from parent,YES,QA Documentation
GMG_Enterprise_Repository/02_GQMS_Controlled_Repository/00_Group_Shared/16_STE/01_Controlled_Documents/CHK/Effective,6,PS-GQMS-DOCUMENTS,00_Group_Shared,GMG-REPO-GQMS-DOCUMENTS-GRP,inherit from parent,YES,QA Documentation
GMG_Enterprise_Repository/02_GQMS_Controlled_Repository/00_Group_Shared/16_STE/01_Controlled_Documents/CHK/In_Review,6,PS-GQMS-DOCUMENTS,00_Group_Shared,GMG-REPO-GQMS-DOCUMENTS-GRP,inherit from parent,YES,QA Documentation
GMG_Enterprise_Repository/02_GQMS_Controlled_Repository/00_Group_Shared/16_STE/01_Controlled_Documents/CHK/Retired,6,PS-GQMS-DOCUMENTS,00_Group_Shared,GMG-REPO-GQMS-DOCUMENTS-GRP,inherit from parent,YES,QA Documentation
GMG_Enterprise_Repository/02_GQMS_Controlled_Repository/00_Group_Shared/16_STE/01_Controlled_Documents/CHK/Superseded,6,PS-GQMS-DOCUMENTS,00_Group_Shared,GMG-REPO-GQMS-DOCUMENTS-GRP,inherit from parent,YES,QA Documentation
GMG_Enterprise_Repository/02_GQMS_Controlled_Repository/00_Group_Shared/16_STE/01_Controlled_Documents/FRM,5,PS-GQMS-DOCUMENTS,00_Group_Shared,GMG-REPO-GQMS-DOCUMENTS-GRP,inherit from parent,YES,QA Documentation
GMG_Enterprise_Repository/02_GQMS_Controlled_Repository/00_Group_Shared/16_STE/01_Controlled_Documents/FRM/Approved_Pending_Effective,6,PS-GQMS-DOCUMENTS,00_Group_Shared,GMG-REPO-GQMS-DOCUMENTS-GRP,inherit from parent,YES,QA Documentation
GMG_Enterprise_Repository/02_GQMS_Controlled_Repository/00_Group_Shared/16_STE/01_Controlled_Documents/FRM/Draft,6,PS-GQMS-DOCUMENTS,00_Group_Shared,GMG-REPO-GQMS-DOCUMENTS-GRP,inherit from parent,YES,QA Documentation
GMG_Enterprise_Repository/02_GQMS_Controlled_Repository/00_Group_Shared/16_STE/01_Controlled_Documents/FRM/Effective,6,PS-GQMS-DOCUMENTS,00_Group_Shared,GMG-REPO-GQMS-DOCUMENTS-GRP,inherit from parent,YES,QA Documentation
GMG_Enterprise_Repository/02_GQMS_Controlled_Repository/00_Group_Shared/16_STE/01_Controlled_Documents/FRM/In_Review,6,PS-GQMS-DOCUMENTS,00_Group_Shared,GMG-REPO-GQMS-DOCUMENTS-GRP,inherit from parent,YES,QA Documentation
GMG_Enterprise_Repository/02_GQMS_Controlled_Repository/00_Group_Shared/16_STE/01_Controlled_Documents/FRM/Retired,6,PS-GQMS-DOCUMENTS,00_Group_Shared,GMG-REPO-GQMS-DOCUMENTS-GRP,inherit from parent,YES,QA Documentation
GMG_Enterprise_Repository/02_GQMS_Controlled_Repository/00_Group_Shared/16_STE/01_Controlled_Documents/FRM/Superseded,6,PS-GQMS-DOCUMENTS,00_Group_Shared,GMG-REPO-GQMS-DOCUMENTS-GRP,inherit from parent,YES,QA Documentation
GMG_Enterprise_Repository/02_GQMS_Controlled_Repository/00_Group_Shared/16_STE/01_Controlled_Documents/LOG,5,PS-GQMS-DOCUMENTS,00_Group_Shared,GMG-REPO-GQMS-DOCUMENTS-GRP,inherit from parent,YES,QA Documentation
GMG_Enterprise_Repository/02_GQMS_Controlled_Repository/00_Group_Shared/16_STE/01_Controlled_Documents/LOG/Approved_Pending_Effective,6,PS-GQMS-DOCUMENTS,00_Group_Shared,GMG-REPO-GQMS-DOCUMENTS-GRP,inherit from parent,YES,QA Documentation
GMG_Enterprise_Repository/02_GQMS_Controlled_Repository/00_Group_Shared/16_STE/01_Controlled_Documents/LOG/Draft,6,PS-GQMS-DOCUMENTS,00_Group_Shared,GMG-REPO-GQMS-DOCUMENTS-GRP,inherit from parent,YES,QA Documentation
GMG_Enterprise_Repository/02_GQMS_Controlled_Repository/00_Group_Shared/16_STE/01_Controlled_Documents/LOG/Effective,6,PS-GQMS-DOCUMENTS,00_Group_Shared,GMG-REPO-GQMS-DOCUMENTS-GRP,inherit from parent,YES,QA Documentation
GMG_Enterprise_Repository/02_GQMS_Controlled_Repository/00_Group_Shared/16_STE/01_Controlled_Documents/LOG/In_Review,6,PS-GQMS-DOCUMENTS,00_Group_Shared,GMG-REPO-GQMS-DOCUMENTS-GRP,inherit from parent,YES,QA Documentation
GMG_Enterprise_Repository/02_GQMS_Controlled_Repository/00_Group_Shared/16_STE/01_Controlled_Documents/LOG/Retired,6,PS-GQMS-DOCUMENTS,00_Group_Shared,GMG-REPO-GQMS-DOCUMENTS-GRP,inherit from parent,YES,QA Documentation
GMG_Enterprise_Repository/02_GQMS_Controlled_Repository/00_Group_Shared/16_STE/01_Controlled_Documents/LOG/Superseded,6,PS-GQMS-DOCUMENTS,00_Group_Shared,GMG-REPO-GQMS-DOCUMENTS-GRP,inherit from parent,YES,QA Documentation
GMG_Enterprise_Repository/02_GQMS_Controlled_Repository/00_Group_Shared/16_STE/01_Controlled_Documents/MTX,5,PS-GQMS-DOCUMENTS,00_Group_Shared,GMG-REPO-GQMS-DOCUMENTS-GRP,inherit from parent,YES,QA Documentation
GMG_Enterprise_Repository/02_GQMS_Controlled_Repository/00_Group_Shared/16_STE/01_Controlled_Documents/MTX/Approved_Pending_Effective,6,PS-GQMS-DOCUMENTS,00_Group_Shared,GMG-REPO-GQMS-DOCUMENTS-GRP,inherit from parent,YES,QA Documentation
GMG_Enterprise_Repository/02_GQMS_Controlled_Repository/00_Group_Shared/16_STE/01_Controlled_Documents/MTX/Draft,6,PS-GQMS-DOCUMENTS,00_Group_Shared,GMG-REPO-GQMS-DOCUMENTS-GRP,inherit from parent,YES,QA Documentation
GMG_Enterprise_Repository/02_GQMS_Controlled_Repository/00_Group_Shared/16_STE/01_Controlled_Documents/MTX/Effective,6,PS-GQMS-DOCUMENTS,00_Group_Shared,GMG-REPO-GQMS-DOCUMENTS-GRP,inherit from parent,YES,QA Documentation
GMG_Enterprise_Repository/02_GQMS_Controlled_Repository/00_Group_Shared/16_STE/01_Controlled_Documents/MTX/In_Review,6,PS-GQMS-DOCUMENTS,00_Group_Shared,GMG-REPO-GQMS-DOCUMENTS-GRP,inherit from parent,YES,QA Documentation
GMG_Enterprise_Repository/02_GQMS_Controlled_Repository/00_Group_Shared/16_STE/01_Controlled_Documents/MTX/Retired,6,PS-GQMS-DOCUMENTS,00_Group_Shared,GMG-REPO-GQMS-DOCUMENTS-GRP,inherit from parent,YES,QA Documentation
GMG_Enterprise_Repository/02_GQMS_Controlled_Repository/00_Group_Shared/16_STE/01_Controlled_Documents/MTX/Superseded,6,PS-GQMS-DOCUMENTS,00_Group_Shared,GMG-REPO-GQMS-DOCUMENTS-GRP,inherit from parent,YES,QA Documentation
GMG_Enterprise_Repository/02_GQMS_Controlled_Repository/00_Group_Shared/16_STE/01_Controlled_Documents/PLN,5,PS-GQMS-DOCUMENTS,00_Group_Shared,GMG-REPO-GQMS-DOCUMENTS-GRP,inherit from parent,YES,QA Documentation
GMG_Enterprise_Repository/02_GQMS_Controlled_Repository/00_Group_Shared/16_STE/01_Controlled_Documents/PLN/Approved_Pending_Effective,6,PS-GQMS-DOCUMENTS,00_Group_Shared,GMG-REPO-GQMS-DOCUMENTS-GRP,inherit from parent,YES,QA Documentation
GMG_Enterprise_Repository/02_GQMS_Controlled_Repository/00_Group_Shared/16_STE/01_Controlled_Documents/PLN/Draft,6,PS-GQMS-DOCUMENTS,00_Group_Shared,GMG-REPO-GQMS-DOCUMENTS-GRP,inherit from parent,YES,QA Documentation
GMG_Enterprise_Repository/02_GQMS_Controlled_Repository/00_Group_Shared/16_STE/01_Controlled_Documents/PLN/Effective,6,PS-GQMS-DOCUMENTS,00_Group_Shared,GMG-REPO-GQMS-DOCUMENTS-GRP,inherit from parent,YES,QA Documentation
GMG_Enterprise_Repository/02_GQMS_Controlled_Repository/00_Group_Shared/16_STE/01_Controlled_Documents/PLN/In_Review,6,PS-GQMS-DOCUMENTS,00_Group_Shared,GMG-REPO-GQMS-DOCUMENTS-GRP,inherit from parent,YES,QA Documentation
GMG_Enterprise_Repository/02_GQMS_Controlled_Repository/00_Group_Shared/16_STE/01_Controlled_Documents/PLN/Retired,6,PS-GQMS-DOCUMENTS,00_Group_Shared,GMG-REPO-GQMS-DOCUMENTS-GRP,inherit from parent,YES,QA Documentation
GMG_Enterprise_Repository/02_GQMS_Controlled_Repository/00_Group_Shared/16_STE/01_Controlled_Documents/PLN/Superseded,6,PS-GQMS-DOCUMENTS,00_Group_Shared,GMG-REPO-GQMS-DOCUMENTS-GRP,inherit from parent,YES,QA Documentation
GMG_Enterprise_Repository/02_GQMS_Controlled_Repository/00_Group_Shared/16_STE/01_Controlled_Documents/RSK,5,PS-GQMS-DOCUMENTS,00_Group_Shared,GMG-REPO-GQMS-DOCUMENTS-GRP,inherit from parent,YES,QA Documentation
GMG_Enterprise_Repository/02_GQMS_Controlled_Repository/00_Group_Shared/16_STE/01_Controlled_Documents/RSK/Approved_Pending_Effective,6,PS-GQMS-DOCUMENTS,00_Group_Shared,GMG-REPO-GQMS-DOCUMENTS-GRP,inherit from parent,YES,QA Documentation
GMG_Enterprise_Repository/02_GQMS_Controlled_Repository/00_Group_Shared/16_STE/01_Controlled_Documents/RSK/Draft,6,PS-GQMS-DOCUMENTS,00_Group_Shared,GMG-REPO-GQMS-DOCUMENTS-GRP,inherit from parent,YES,QA Documentation
GMG_Enterprise_Repository/02_GQMS_Controlled_Repository/00_Group_Shared/16_STE/01_Controlled_Documents/RSK/Effective,6,PS-GQMS-DOCUMENTS,00_Group_Shared,GMG-REPO-GQMS-DOCUMENTS-GRP,inherit from parent,YES,QA Documentation
GMG_Enterprise_Repository/02_GQMS_Controlled_Repository/00_Group_Shared/16_STE/01_Controlled_Documents/RSK/In_Review,6,PS-GQMS-DOCUMENTS,00_Group_Shared,GMG-REPO-GQMS-DOCUMENTS-GRP,inherit from parent,YES,QA Documentation
GMG_Enterprise_Repository/02_GQMS_Controlled_Repository/00_Group_Shared/16_STE/01_Controlled_Documents/RSK/Retired,6,PS-GQMS-DOCUMENTS,00_Group_Shared,GMG-REPO-GQMS-DOCUMENTS-GRP,inherit from parent,YES,QA Documentation
GMG_Enterprise_Repository/02_GQMS_Controlled_Repository/00_Group_Shared/16_STE/01_Controlled_Documents/RSK/Superseded,6,PS-GQMS-DOCUMENTS,00_Group_Shared,GMG-REPO-GQMS-DOCUMENTS-GRP,inherit from parent,YES,QA Documentation
GMG_Enterprise_Repository/02_GQMS_Controlled_Repository/00_Group_Shared/16_STE/01_Controlled_Documents/SOP,5,PS-GQMS-DOCUMENTS,00_Group_Shared,GMG-REPO-GQMS-DOCUMENTS-GRP,inherit from parent,YES,QA Documentation
GMG_Enterprise_Repository/02_GQMS_Controlled_Repository/00_Group_Shared/16_STE/01_Controlled_Documents/SOP/Approved_Pending_Effective,6,PS-GQMS-DOCUMENTS,00_Group_Shared,GMG-REPO-GQMS-DOCUMENTS-GRP,inherit from parent,YES,QA Documentation
GMG_Enterprise_Repository/02_GQMS_Controlled_Repository/00_Group_Shared/16_STE/01_Controlled_Documents/SOP/Draft,6,PS-GQMS-DOCUMENTS,00_Group_Shared,GMG-REPO-GQMS-DOCUMENTS-GRP,inherit from parent,YES,QA Documentation
GMG_Enterprise_Repository/02_GQMS_Controlled_Repository/00_Group_Shared/16_STE/01_Controlled_Documents/SOP/Effective,6,PS-GQMS-DOCUMENTS,00_Group_Shared,GMG-REPO-GQMS-DOCUMENTS-GRP,inherit from parent,YES,QA Documentation
GMG_Enterprise_Repository/02_GQMS_Controlled_Repository/00_Group_Shared/16_STE/01_Controlled_Documents/SOP/In_Review,6,PS-GQMS-DOCUMENTS,00_Group_Shared,GMG-REPO-GQMS-DOCUMENTS-GRP,inherit from parent,YES,QA Documentation
GMG_Enterprise_Repository/02_GQMS_Controlled_Repository/00_Group_Shared/16_STE/01_Controlled_Documents/SOP/Retired,6,PS-GQMS-DOCUMENTS,00_Group_Shared,GMG-REPO-GQMS-DOCUMENTS-GRP,inherit from parent,YES,QA Documentation
GMG_Enterprise_Repository/02_GQMS_Controlled_Repository/00_Group_Shared/16_STE/01_Controlled_Documents/SOP/Superseded,6,PS-GQMS-DOCUMENTS,00_Group_Shared,GMG-REPO-GQMS-DOCUMENTS-GRP,inherit from parent,YES,QA Documentation
GMG_Enterprise_Repository/02_GQMS_Controlled_Repository/00_Group_Shared/16_STE/01_Controlled_Documents/TPL,5,PS-GQMS-DOCUMENTS,00_Group_Shared,GMG-REPO-GQMS-DOCUMENTS-GRP,inherit from parent,YES,QA Documentation
GMG_Enterprise_Repository/02_GQMS_Controlled_Repository/00_Group_Shared/16_STE/01_Controlled_Documents/TPL/Approved_Pending_Effective,6,PS-GQMS-DOCUMENTS,00_Group_Shared,GMG-REPO-GQMS-DOCUMENTS-GRP,inherit from parent,YES,QA Documentation
GMG_Enterprise_Repository/02_GQMS_Controlled_Repository/00_Group_Shared/16_STE/01_Controlled_Documents/TPL/Draft,6,PS-GQMS-DOCUMENTS,00_Group_Shared,GMG-REPO-GQMS-DOCUMENTS-GRP,inherit from parent,YES,QA Documentation
GMG_Enterprise_Repository/02_GQMS_Controlled_Repository/00_Group_Shared/16_STE/01_Controlled_Documents/TPL/Effective,6,PS-GQMS-DOCUMENTS,00_Group_Shared,GMG-REPO-GQMS-DOCUMENTS-GRP,inherit from parent,YES,QA Documentation
GMG_Enterprise_Repository/02_GQMS_Controlled_Repository/00_Group_Shared/16_STE/01_Controlled_Documents/TPL/In_Review,6,PS-GQMS-DOCUMENTS,00_Group_Shared,GMG-REPO-GQMS-DOCUMENTS-GRP,inherit from parent,YES,QA Documentation
GMG_Enterprise_Repository/02_GQMS_Controlled_Repository/00_Group_Shared/16_STE/01_Controlled_Documents/TPL/Retired,6,PS-GQMS-DOCUMENTS,00_Group_Shared,GMG-REPO-GQMS-DOCUMENTS-GRP,inherit from parent,YES,QA Documentation
GMG_Enterprise_Repository/02_GQMS_Controlled_Repository/00_Group_Shared/16_STE/01_Controlled_Documents/TPL/Superseded,6,PS-GQMS-DOCUMENTS,00_Group_Shared,GMG-REPO-GQMS-DOCUMENTS-GRP,inherit from parent,YES,QA Documentation
GMG_Enterprise_Repository/02_GQMS_Controlled_Repository/00_Group_Shared/16_STE/01_Controlled_Documents/WIN,5,PS-GQMS-DOCUMENTS,00_Group_Shared,GMG-REPO-GQMS-DOCUMENTS-GRP,inherit from parent,YES,QA Documentation
GMG_Enterprise_Repository/02_GQMS_Controlled_Repository/00_Group_Shared/16_STE/01_Controlled_Documents/WIN/Approved_Pending_Effective,6,PS-GQMS-DOCUMENTS,00_Group_Shared,GMG-REPO-GQMS-DOCUMENTS-GRP,inherit from parent,YES,QA Documentation
GMG_Enterprise_Repository/02_GQMS_Controlled_Repository/00_Group_Shared/16_STE/01_Controlled_Documents/WIN/Draft,6,PS-GQMS-DOCUMENTS,00_Group_Shared,GMG-REPO-GQMS-DOCUMENTS-GRP,inherit from parent,YES,QA Documentation
GMG_Enterprise_Repository/02_GQMS_Controlled_Repository/00_Group_Shared/16_STE/01_Controlled_Documents/WIN/Effective,6,PS-GQMS-DOCUMENTS,00_Group_Shared,GMG-REPO-GQMS-DOCUMENTS-GRP,inherit from parent,YES,QA Documentation
GMG_Enterprise_Repository/02_GQMS_Controlled_Repository/00_Group_Shared/16_STE/01_Controlled_Documents/WIN/In_Review,6,PS-GQMS-DOCUMENTS,00_Group_Shared,GMG-REPO-GQMS-DOCUMENTS-GRP,inherit from parent,YES,QA Documentation
GMG_Enterprise_Repository/02_GQMS_Controlled_Repository/00_Group_Shared/16_STE/01_Controlled_Documents/WIN/Retired,6,PS-GQMS-DOCUMENTS,00_Group_Shared,GMG-REPO-GQMS-DOCUMENTS-GRP,inherit from parent,YES,QA Documentation
GMG_Enterprise_Repository/02_GQMS_Controlled_Repository/00_Group_Shared/16_STE/01_Controlled_Documents/WIN/Superseded,6,PS-GQMS-DOCUMENTS,00_Group_Shared,GMG-REPO-GQMS-DOCUMENTS-GRP,inherit from parent,YES,QA Documentation
GMG_Enterprise_Repository/02_GQMS_Controlled_Repository/00_Group_Shared/16_STE/02_Quality_Records,4,PS-GQMS-DOCUMENTS,00_Group_Shared,GMG-REPO-GQMS-DOCUMENTS-GRP,inherit from parent,YES,QA Documentation
GMG_Enterprise_Repository/02_GQMS_Controlled_Repository/00_Group_Shared/17_API,3,PS-GQMS-DOCUMENTS,00_Group_Shared,GMG-REPO-GQMS-DOCUMENTS-GRP,BREAK INHERITANCE — apply explicitly,YES,QA Documentation
GMG_Enterprise_Repository/02_GQMS_Controlled_Repository/00_Group_Shared/17_API/01_Controlled_Documents,4,PS-GQMS-DOCUMENTS,00_Group_Shared,GMG-REPO-GQMS-DOCUMENTS-GRP,inherit from parent,YES,QA Documentation
GMG_Enterprise_Repository/02_GQMS_Controlled_Repository/00_Group_Shared/17_API/01_Controlled_Documents/AGR,5,PS-GQMS-DOCUMENTS,00_Group_Shared,GMG-REPO-GQMS-DOCUMENTS-GRP,inherit from parent,YES,QA Documentation
GMG_Enterprise_Repository/02_GQMS_Controlled_Repository/00_Group_Shared/17_API/01_Controlled_Documents/AGR/Approved_Pending_Effective,6,PS-GQMS-DOCUMENTS,00_Group_Shared,GMG-REPO-GQMS-DOCUMENTS-GRP,inherit from parent,YES,QA Documentation
GMG_Enterprise_Repository/02_GQMS_Controlled_Repository/00_Group_Shared/17_API/01_Controlled_Documents/AGR/Draft,6,PS-GQMS-DOCUMENTS,00_Group_Shared,GMG-REPO-GQMS-DOCUMENTS-GRP,inherit from parent,YES,QA Documentation
GMG_Enterprise_Repository/02_GQMS_Controlled_Repository/00_Group_Shared/17_API/01_Controlled_Documents/AGR/Effective,6,PS-GQMS-DOCUMENTS,00_Group_Shared,GMG-REPO-GQMS-DOCUMENTS-GRP,inherit from parent,YES,QA Documentation
GMG_Enterprise_Repository/02_GQMS_Controlled_Repository/00_Group_Shared/17_API/01_Controlled_Documents/AGR/In_Review,6,PS-GQMS-DOCUMENTS,00_Group_Shared,GMG-REPO-GQMS-DOCUMENTS-GRP,inherit from parent,YES,QA Documentation
GMG_Enterprise_Repository/02_GQMS_Controlled_Repository/00_Group_Shared/17_API/01_Controlled_Documents/AGR/Retired,6,PS-GQMS-DOCUMENTS,00_Group_Shared,GMG-REPO-GQMS-DOCUMENTS-GRP,inherit from parent,YES,QA Documentation
GMG_Enterprise_Repository/02_GQMS_Controlled_Repository/00_Group_Shared/17_API/01_Controlled_Documents/AGR/Superseded,6,PS-GQMS-DOCUMENTS,00_Group_Shared,GMG-REPO-GQMS-DOCUMENTS-GRP,inherit from parent,YES,QA Documentation
GMG_Enterprise_Repository/02_GQMS_Controlled_Repository/00_Group_Shared/17_API/01_Controlled_Documents/CHK,5,PS-GQMS-DOCUMENTS,00_Group_Shared,GMG-REPO-GQMS-DOCUMENTS-GRP,inherit from parent,YES,QA Documentation
GMG_Enterprise_Repository/02_GQMS_Controlled_Repository/00_Group_Shared/17_API/01_Controlled_Documents/CHK/Approved_Pending_Effective,6,PS-GQMS-DOCUMENTS,00_Group_Shared,GMG-REPO-GQMS-DOCUMENTS-GRP,inherit from parent,YES,QA Documentation
GMG_Enterprise_Repository/02_GQMS_Controlled_Repository/00_Group_Shared/17_API/01_Controlled_Documents/CHK/Draft,6,PS-GQMS-DOCUMENTS,00_Group_Shared,GMG-REPO-GQMS-DOCUMENTS-GRP,inherit from parent,YES,QA Documentation
GMG_Enterprise_Repository/02_GQMS_Controlled_Repository/00_Group_Shared/17_API/01_Controlled_Documents/CHK/Effective,6,PS-GQMS-DOCUMENTS,00_Group_Shared,GMG-REPO-GQMS-DOCUMENTS-GRP,inherit from parent,YES,QA Documentation
GMG_Enterprise_Repository/02_GQMS_Controlled_Repository/00_Group_Shared/17_API/01_Controlled_Documents/CHK/In_Review,6,PS-GQMS-DOCUMENTS,00_Group_Shared,GMG-REPO-GQMS-DOCUMENTS-GRP,inherit from parent,YES,QA Documentation
GMG_Enterprise_Repository/02_GQMS_Controlled_Repository/00_Group_Shared/17_API/01_Controlled_Documents/CHK/Retired,6,PS-GQMS-DOCUMENTS,00_Group_Shared,GMG-REPO-GQMS-DOCUMENTS-GRP,inherit from parent,YES,QA Documentation
GMG_Enterprise_Repository/02_GQMS_Controlled_Repository/00_Group_Shared/17_API/01_Controlled_Documents/CHK/Superseded,6,PS-GQMS-DOCUMENTS,00_Group_Shared,GMG-REPO-GQMS-DOCUMENTS-GRP,inherit from parent,YES,QA Documentation
GMG_Enterprise_Repository/02_GQMS_Controlled_Repository/00_Group_Shared/17_API/01_Controlled_Documents/FRM,5,PS-GQMS-DOCUMENTS,00_Group_Shared,GMG-REPO-GQMS-DOCUMENTS-GRP,inherit from parent,YES,QA Documentation
GMG_Enterprise_Repository/02_GQMS_Controlled_Repository/00_Group_Shared/17_API/01_Controlled_Documents/FRM/Approved_Pending_Effective,6,PS-GQMS-DOCUMENTS,00_Group_Shared,GMG-REPO-GQMS-DOCUMENTS-GRP,inherit from parent,YES,QA Documentation
GMG_Enterprise_Repository/02_GQMS_Controlled_Repository/00_Group_Shared/17_API/01_Controlled_Documents/FRM/Draft,6,PS-GQMS-DOCUMENTS,00_Group_Shared,GMG-REPO-GQMS-DOCUMENTS-GRP,inherit from parent,YES,QA Documentation
GMG_Enterprise_Repository/02_GQMS_Controlled_Repository/00_Group_Shared/17_API/01_Controlled_Documents/FRM/Effective,6,PS-GQMS-DOCUMENTS,00_Group_Shared,GMG-REPO-GQMS-DOCUMENTS-GRP,inherit from parent,YES,QA Documentation
GMG_Enterprise_Repository/02_GQMS_Controlled_Repository/00_Group_Shared/17_API/01_Controlled_Documents/FRM/In_Review,6,PS-GQMS-DOCUMENTS,00_Group_Shared,GMG-REPO-GQMS-DOCUMENTS-GRP,inherit from parent,YES,QA Documentation
GMG_Enterprise_Repository/02_GQMS_Controlled_Repository/00_Group_Shared/17_API/01_Controlled_Documents/FRM/Retired,6,PS-GQMS-DOCUMENTS,00_Group_Shared,GMG-REPO-GQMS-DOCUMENTS-GRP,inherit from parent,YES,QA Documentation
GMG_Enterprise_Repository/02_GQMS_Controlled_Repository/00_Group_Shared/17_API/01_Controlled_Documents/FRM/Superseded,6,PS-GQMS-DOCUMENTS,00_Group_Shared,GMG-REPO-GQMS-DOCUMENTS-GRP,inherit from parent,YES,QA Documentation
GMG_Enterprise_Repository/02_GQMS_Controlled_Repository/00_Group_Shared/17_API/01_Controlled_Documents/LOG,5,PS-GQMS-DOCUMENTS,00_Group_Shared,GMG-REPO-GQMS-DOCUMENTS-GRP,inherit from parent,YES,QA Documentation
GMG_Enterprise_Repository/02_GQMS_Controlled_Repository/00_Group_Shared/17_API/01_Controlled_Documents/LOG/Approved_Pending_Effective,6,PS-GQMS-DOCUMENTS,00_Group_Shared,GMG-REPO-GQMS-DOCUMENTS-GRP,inherit from parent,YES,QA Documentation
GMG_Enterprise_Repository/02_GQMS_Controlled_Repository/00_Group_Shared/17_API/01_Controlled_Documents/LOG/Draft,6,PS-GQMS-DOCUMENTS,00_Group_Shared,GMG-REPO-GQMS-DOCUMENTS-GRP,inherit from parent,YES,QA Documentation
GMG_Enterprise_Repository/02_GQMS_Controlled_Repository/00_Group_Shared/17_API/01_Controlled_Documents/LOG/Effective,6,PS-GQMS-DOCUMENTS,00_Group_Shared,GMG-REPO-GQMS-DOCUMENTS-GRP,inherit from parent,YES,QA Documentation
GMG_Enterprise_Repository/02_GQMS_Controlled_Repository/00_Group_Shared/17_API/01_Controlled_Documents/LOG/In_Review,6,PS-GQMS-DOCUMENTS,00_Group_Shared,GMG-REPO-GQMS-DOCUMENTS-GRP,inherit from parent,YES,QA Documentation
GMG_Enterprise_Repository/02_GQMS_Controlled_Repository/00_Group_Shared/17_API/01_Controlled_Documents/LOG/Retired,6,PS-GQMS-DOCUMENTS,00_Group_Shared,GMG-REPO-GQMS-DOCUMENTS-GRP,inherit from parent,YES,QA Documentation
GMG_Enterprise_Repository/02_GQMS_Controlled_Repository/00_Group_Shared/17_API/01_Controlled_Documents/LOG/Superseded,6,PS-GQMS-DOCUMENTS,00_Group_Shared,GMG-REPO-GQMS-DOCUMENTS-GRP,inherit from parent,YES,QA Documentation
GMG_Enterprise_Repository/02_GQMS_Controlled_Repository/00_Group_Shared/17_API/01_Controlled_Documents/MTX,5,PS-GQMS-DOCUMENTS,00_Group_Shared,GMG-REPO-GQMS-DOCUMENTS-GRP,inherit from parent,YES,QA Documentation
GMG_Enterprise_Repository/02_GQMS_Controlled_Repository/00_Group_Shared/17_API/01_Controlled_Documents/MTX/Approved_Pending_Effective,6,PS-GQMS-DOCUMENTS,00_Group_Shared,GMG-REPO-GQMS-DOCUMENTS-GRP,inherit from parent,YES,QA Documentation
GMG_Enterprise_Repository/02_GQMS_Controlled_Repository/00_Group_Shared/17_API/01_Controlled_Documents/MTX/Draft,6,PS-GQMS-DOCUMENTS,00_Group_Shared,GMG-REPO-GQMS-DOCUMENTS-GRP,inherit from parent,YES,QA Documentation
GMG_Enterprise_Repository/02_GQMS_Controlled_Repository/00_Group_Shared/17_API/01_Controlled_Documents/MTX/Effective,6,PS-GQMS-DOCUMENTS,00_Group_Shared,GMG-REPO-GQMS-DOCUMENTS-GRP,inherit from parent,YES,QA Documentation
GMG_Enterprise_Repository/02_GQMS_Controlled_Repository/00_Group_Shared/17_API/01_Controlled_Documents/MTX/In_Review,6,PS-GQMS-DOCUMENTS,00_Group_Shared,GMG-REPO-GQMS-DOCUMENTS-GRP,inherit from parent,YES,QA Documentation
GMG_Enterprise_Repository/02_GQMS_Controlled_Repository/00_Group_Shared/17_API/01_Controlled_Documents/MTX/Retired,6,PS-GQMS-DOCUMENTS,00_Group_Shared,GMG-REPO-GQMS-DOCUMENTS-GRP,inherit from parent,YES,QA Documentation
GMG_Enterprise_Repository/02_GQMS_Controlled_Repository/00_Group_Shared/17_API/01_Controlled_Documents/MTX/Superseded,6,PS-GQMS-DOCUMENTS,00_Group_Shared,GMG-REPO-GQMS-DOCUMENTS-GRP,inherit from parent,YES,QA Documentation
GMG_Enterprise_Repository/02_GQMS_Controlled_Repository/00_Group_Shared/17_API/01_Controlled_Documents/PLN,5,PS-GQMS-DOCUMENTS,00_Group_Shared,GMG-REPO-GQMS-DOCUMENTS-GRP,inherit from parent,YES,QA Documentation
GMG_Enterprise_Repository/02_GQMS_Controlled_Repository/00_Group_Shared/17_API/01_Controlled_Documents/PLN/Approved_Pending_Effective,6,PS-GQMS-DOCUMENTS,00_Group_Shared,GMG-REPO-GQMS-DOCUMENTS-GRP,inherit from parent,YES,QA Documentation
GMG_Enterprise_Repository/02_GQMS_Controlled_Repository/00_Group_Shared/17_API/01_Controlled_Documents/PLN/Draft,6,PS-GQMS-DOCUMENTS,00_Group_Shared,GMG-REPO-GQMS-DOCUMENTS-GRP,inherit from parent,YES,QA Documentation
GMG_Enterprise_Repository/02_GQMS_Controlled_Repository/00_Group_Shared/17_API/01_Controlled_Documents/PLN/Effective,6,PS-GQMS-DOCUMENTS,00_Group_Shared,GMG-REPO-GQMS-DOCUMENTS-GRP,inherit from parent,YES,QA Documentation
GMG_Enterprise_Repository/02_GQMS_Controlled_Repository/00_Group_Shared/17_API/01_Controlled_Documents/PLN/In_Review,6,PS-GQMS-DOCUMENTS,00_Group_Shared,GMG-REPO-GQMS-DOCUMENTS-GRP,inherit from parent,YES,QA Documentation
GMG_Enterprise_Repository/02_GQMS_Controlled_Repository/00_Group_Shared/17_API/01_Controlled_Documents/PLN/Retired,6,PS-GQMS-DOCUMENTS,00_Group_Shared,GMG-REPO-GQMS-DOCUMENTS-GRP,inherit from parent,YES,QA Documentation
GMG_Enterprise_Repository/02_GQMS_Controlled_Repository/00_Group_Shared/17_API/01_Controlled_Documents/PLN/Superseded,6,PS-GQMS-DOCUMENTS,00_Group_Shared,GMG-REPO-GQMS-DOCUMENTS-GRP,inherit from parent,YES,QA Documentation
GMG_Enterprise_Repository/02_GQMS_Controlled_Repository/00_Group_Shared/17_API/01_Controlled_Documents/RSK,5,PS-GQMS-DOCUMENTS,00_Group_Shared,GMG-REPO-GQMS-DOCUMENTS-GRP,inherit from parent,YES,QA Documentation
GMG_Enterprise_Repository/02_GQMS_Controlled_Repository/00_Group_Shared/17_API/01_Controlled_Documents/RSK/Approved_Pending_Effective,6,PS-GQMS-DOCUMENTS,00_Group_Shared,GMG-REPO-GQMS-DOCUMENTS-GRP,inherit from parent,YES,QA Documentation
GMG_Enterprise_Repository/02_GQMS_Controlled_Repository/00_Group_Shared/17_API/01_Controlled_Documents/RSK/Draft,6,PS-GQMS-DOCUMENTS,00_Group_Shared,GMG-REPO-GQMS-DOCUMENTS-GRP,inherit from parent,YES,QA Documentation
GMG_Enterprise_Repository/02_GQMS_Controlled_Repository/00_Group_Shared/17_API/01_Controlled_Documents/RSK/Effective,6,PS-GQMS-DOCUMENTS,00_Group_Shared,GMG-REPO-GQMS-DOCUMENTS-GRP,inherit from parent,YES,QA Documentation
GMG_Enterprise_Repository/02_GQMS_Controlled_Repository/00_Group_Shared/17_API/01_Controlled_Documents/RSK/In_Review,6,PS-GQMS-DOCUMENTS,00_Group_Shared,GMG-REPO-GQMS-DOCUMENTS-GRP,inherit from parent,YES,QA Documentation
GMG_Enterprise_Repository/02_GQMS_Controlled_Repository/00_Group_Shared/17_API/01_Controlled_Documents/RSK/Retired,6,PS-GQMS-DOCUMENTS,00_Group_Shared,GMG-REPO-GQMS-DOCUMENTS-GRP,inherit from parent,YES,QA Documentation
GMG_Enterprise_Repository/02_GQMS_Controlled_Repository/00_Group_Shared/17_API/01_Controlled_Documents/RSK/Superseded,6,PS-GQMS-DOCUMENTS,00_Group_Shared,GMG-REPO-GQMS-DOCUMENTS-GRP,inherit from parent,YES,QA Documentation
GMG_Enterprise_Repository/02_GQMS_Controlled_Repository/00_Group_Shared/17_API/01_Controlled_Documents/SOP,5,PS-GQMS-DOCUMENTS,00_Group_Shared,GMG-REPO-GQMS-DOCUMENTS-GRP,inherit from parent,YES,QA Documentation
GMG_Enterprise_Repository/02_GQMS_Controlled_Repository/00_Group_Shared/17_API/01_Controlled_Documents/SOP/Approved_Pending_Effective,6,PS-GQMS-DOCUMENTS,00_Group_Shared,GMG-REPO-GQMS-DOCUMENTS-GRP,inherit from parent,YES,QA Documentation
GMG_Enterprise_Repository/02_GQMS_Controlled_Repository/00_Group_Shared/17_API/01_Controlled_Documents/SOP/Draft,6,PS-GQMS-DOCUMENTS,00_Group_Shared,GMG-REPO-GQMS-DOCUMENTS-GRP,inherit from parent,YES,QA Documentation
GMG_Enterprise_Repository/02_GQMS_Controlled_Repository/00_Group_Shared/17_API/01_Controlled_Documents/SOP/Effective,6,PS-GQMS-DOCUMENTS,00_Group_Shared,GMG-REPO-GQMS-DOCUMENTS-GRP,inherit from parent,YES,QA Documentation
GMG_Enterprise_Repository/02_GQMS_Controlled_Repository/00_Group_Shared/17_API/01_Controlled_Documents/SOP/In_Review,6,PS-GQMS-DOCUMENTS,00_Group_Shared,GMG-REPO-GQMS-DOCUMENTS-GRP,inherit from parent,YES,QA Documentation
GMG_Enterprise_Repository/02_GQMS_Controlled_Repository/00_Group_Shared/17_API/01_Controlled_Documents/SOP/Retired,6,PS-GQMS-DOCUMENTS,00_Group_Shared,GMG-REPO-GQMS-DOCUMENTS-GRP,inherit from parent,YES,QA Documentation
GMG_Enterprise_Repository/02_GQMS_Controlled_Repository/00_Group_Shared/17_API/01_Controlled_Documents/SOP/Superseded,6,PS-GQMS-DOCUMENTS,00_Group_Shared,GMG-REPO-GQMS-DOCUMENTS-GRP,inherit from parent,YES,QA Documentation
GMG_Enterprise_Repository/02_GQMS_Controlled_Repository/00_Group_Shared/17_API/01_Controlled_Documents/TPL,5,PS-GQMS-DOCUMENTS,00_Group_Shared,GMG-REPO-GQMS-DOCUMENTS-GRP,inherit from parent,YES,QA Documentation
GMG_Enterprise_Repository/02_GQMS_Controlled_Repository/00_Group_Shared/17_API/01_Controlled_Documents/TPL/Approved_Pending_Effective,6,PS-GQMS-DOCUMENTS,00_Group_Shared,GMG-REPO-GQMS-DOCUMENTS-GRP,inherit from parent,YES,QA Documentation
GMG_Enterprise_Repository/02_GQMS_Controlled_Repository/00_Group_Shared/17_API/01_Controlled_Documents/TPL/Draft,6,PS-GQMS-DOCUMENTS,00_Group_Shared,GMG-REPO-GQMS-DOCUMENTS-GRP,inherit from parent,YES,QA Documentation
GMG_Enterprise_Repository/02_GQMS_Controlled_Repository/00_Group_Shared/17_API/01_Controlled_Documents/TPL/Effective,6,PS-GQMS-DOCUMENTS,00_Group_Shared,GMG-REPO-GQMS-DOCUMENTS-GRP,inherit from parent,YES,QA Documentation
GMG_Enterprise_Repository/02_GQMS_Controlled_Repository/00_Group_Shared/17_API/01_Controlled_Documents/TPL/In_Review,6,PS-GQMS-DOCUMENTS,00_Group_Shared,GMG-REPO-GQMS-DOCUMENTS-GRP,inherit from parent,YES,QA Documentation
GMG_Enterprise_Repository/02_GQMS_Controlled_Repository/00_Group_Shared/17_API/01_Controlled_Documents/TPL/Retired,6,PS-GQMS-DOCUMENTS,00_Group_Shared,GMG-REPO-GQMS-DOCUMENTS-GRP,inherit from parent,YES,QA Documentation
GMG_Enterprise_Repository/02_GQMS_Controlled_Repository/00_Group_Shared/17_API/01_Controlled_Documents/TPL/Superseded,6,PS-GQMS-DOCUMENTS,00_Group_Shared,GMG-REPO-GQMS-DOCUMENTS-GRP,inherit from parent,YES,QA Documentation
GMG_Enterprise_Repository/02_GQMS_Controlled_Repository/00_Group_Shared/17_API/01_Controlled_Documents/WIN,5,PS-GQMS-DOCUMENTS,00_Group_Shared,GMG-REPO-GQMS-DOCUMENTS-GRP,inherit from parent,YES,QA Documentation
GMG_Enterprise_Repository/02_GQMS_Controlled_Repository/00_Group_Shared/17_API/01_Controlled_Documents/WIN/Approved_Pending_Effective,6,PS-GQMS-DOCUMENTS,00_Group_Shared,GMG-REPO-GQMS-DOCUMENTS-GRP,inherit from parent,YES,QA Documentation
GMG_Enterprise_Repository/02_GQMS_Controlled_Repository/00_Group_Shared/17_API/01_Controlled_Documents/WIN/Draft,6,PS-GQMS-DOCUMENTS,00_Group_Shared,GMG-REPO-GQMS-DOCUMENTS-GRP,inherit from parent,YES,QA Documentation
GMG_Enterprise_Repository/02_GQMS_Controlled_Repository/00_Group_Shared/17_API/01_Controlled_Documents/WIN/Effective,6,PS-GQMS-DOCUMENTS,00_Group_Shared,GMG-REPO-GQMS-DOCUMENTS-GRP,inherit from parent,YES,QA Documentation
GMG_Enterprise_Repository/02_GQMS_Controlled_Repository/00_Group_Shared/17_API/01_Controlled_Documents/WIN/In_Review,6,PS-GQMS-DOCUMENTS,00_Group_Shared,GMG-REPO-GQMS-DOCUMENTS-GRP,inherit from parent,YES,QA Documentation
GMG_Enterprise_Repository/02_GQMS_Controlled_Repository/00_Group_Shared/17_API/01_Controlled_Documents/WIN/Retired,6,PS-GQMS-DOCUMENTS,00_Group_Shared,GMG-REPO-GQMS-DOCUMENTS-GRP,inherit from parent,YES,QA Documentation
GMG_Enterprise_Repository/02_GQMS_Controlled_Repository/00_Group_Shared/17_API/01_Controlled_Documents/WIN/Superseded,6,PS-GQMS-DOCUMENTS,00_Group_Shared,GMG-REPO-GQMS-DOCUMENTS-GRP,inherit from parent,YES,QA Documentation
GMG_Enterprise_Repository/02_GQMS_Controlled_Repository/00_Group_Shared/17_API/02_Quality_Records,4,PS-GQMS-DOCUMENTS,00_Group_Shared,GMG-REPO-GQMS-DOCUMENTS-GRP,inherit from parent,YES,QA Documentation
GMG_Enterprise_Repository/02_GQMS_Controlled_Repository/00_Group_Shared/18_DQ,3,PS-GQMS-DOCUMENTS,00_Group_Shared,GMG-REPO-GQMS-DOCUMENTS-GRP,BREAK INHERITANCE — apply explicitly,YES,QA Documentation
GMG_Enterprise_Repository/02_GQMS_Controlled_Repository/00_Group_Shared/18_DQ/01_Controlled_Documents,4,PS-GQMS-DOCUMENTS,00_Group_Shared,GMG-REPO-GQMS-DOCUMENTS-GRP,inherit from parent,YES,QA Documentation
GMG_Enterprise_Repository/02_GQMS_Controlled_Repository/00_Group_Shared/18_DQ/01_Controlled_Documents/AGR,5,PS-GQMS-DOCUMENTS,00_Group_Shared,GMG-REPO-GQMS-DOCUMENTS-GRP,inherit from parent,YES,QA Documentation
GMG_Enterprise_Repository/02_GQMS_Controlled_Repository/00_Group_Shared/18_DQ/01_Controlled_Documents/AGR/Approved_Pending_Effective,6,PS-GQMS-DOCUMENTS,00_Group_Shared,GMG-REPO-GQMS-DOCUMENTS-GRP,inherit from parent,YES,QA Documentation
GMG_Enterprise_Repository/02_GQMS_Controlled_Repository/00_Group_Shared/18_DQ/01_Controlled_Documents/AGR/Draft,6,PS-GQMS-DOCUMENTS,00_Group_Shared,GMG-REPO-GQMS-DOCUMENTS-GRP,inherit from parent,YES,QA Documentation
GMG_Enterprise_Repository/02_GQMS_Controlled_Repository/00_Group_Shared/18_DQ/01_Controlled_Documents/AGR/Effective,6,PS-GQMS-DOCUMENTS,00_Group_Shared,GMG-REPO-GQMS-DOCUMENTS-GRP,inherit from parent,YES,QA Documentation
GMG_Enterprise_Repository/02_GQMS_Controlled_Repository/00_Group_Shared/18_DQ/01_Controlled_Documents/AGR/In_Review,6,PS-GQMS-DOCUMENTS,00_Group_Shared,GMG-REPO-GQMS-DOCUMENTS-GRP,inherit from parent,YES,QA Documentation
GMG_Enterprise_Repository/02_GQMS_Controlled_Repository/00_Group_Shared/18_DQ/01_Controlled_Documents/AGR/Retired,6,PS-GQMS-DOCUMENTS,00_Group_Shared,GMG-REPO-GQMS-DOCUMENTS-GRP,inherit from parent,YES,QA Documentation
GMG_Enterprise_Repository/02_GQMS_Controlled_Repository/00_Group_Shared/18_DQ/01_Controlled_Documents/AGR/Superseded,6,PS-GQMS-DOCUMENTS,00_Group_Shared,GMG-REPO-GQMS-DOCUMENTS-GRP,inherit from parent,YES,QA Documentation
GMG_Enterprise_Repository/02_GQMS_Controlled_Repository/00_Group_Shared/18_DQ/01_Controlled_Documents/CHK,5,PS-GQMS-DOCUMENTS,00_Group_Shared,GMG-REPO-GQMS-DOCUMENTS-GRP,inherit from parent,YES,QA Documentation
GMG_Enterprise_Repository/02_GQMS_Controlled_Repository/00_Group_Shared/18_DQ/01_Controlled_Documents/CHK/Approved_Pending_Effective,6,PS-GQMS-DOCUMENTS,00_Group_Shared,GMG-REPO-GQMS-DOCUMENTS-GRP,inherit from parent,YES,QA Documentation
GMG_Enterprise_Repository/02_GQMS_Controlled_Repository/00_Group_Shared/18_DQ/01_Controlled_Documents/CHK/Draft,6,PS-GQMS-DOCUMENTS,00_Group_Shared,GMG-REPO-GQMS-DOCUMENTS-GRP,inherit from parent,YES,QA Documentation
GMG_Enterprise_Repository/02_GQMS_Controlled_Repository/00_Group_Shared/18_DQ/01_Controlled_Documents/CHK/Effective,6,PS-GQMS-DOCUMENTS,00_Group_Shared,GMG-REPO-GQMS-DOCUMENTS-GRP,inherit from parent,YES,QA Documentation
GMG_Enterprise_Repository/02_GQMS_Controlled_Repository/00_Group_Shared/18_DQ/01_Controlled_Documents/CHK/In_Review,6,PS-GQMS-DOCUMENTS,00_Group_Shared,GMG-REPO-GQMS-DOCUMENTS-GRP,inherit from parent,YES,QA Documentation
GMG_Enterprise_Repository/02_GQMS_Controlled_Repository/00_Group_Shared/18_DQ/01_Controlled_Documents/CHK/Retired,6,PS-GQMS-DOCUMENTS,00_Group_Shared,GMG-REPO-GQMS-DOCUMENTS-GRP,inherit from parent,YES,QA Documentation
GMG_Enterprise_Repository/02_GQMS_Controlled_Repository/00_Group_Shared/18_DQ/01_Controlled_Documents/CHK/Superseded,6,PS-GQMS-DOCUMENTS,00_Group_Shared,GMG-REPO-GQMS-DOCUMENTS-GRP,inherit from parent,YES,QA Documentation
GMG_Enterprise_Repository/02_GQMS_Controlled_Repository/00_Group_Shared/18_DQ/01_Controlled_Documents/FRM,5,PS-GQMS-DOCUMENTS,00_Group_Shared,GMG-REPO-GQMS-DOCUMENTS-GRP,inherit from parent,YES,QA Documentation
GMG_Enterprise_Repository/02_GQMS_Controlled_Repository/00_Group_Shared/18_DQ/01_Controlled_Documents/FRM/Approved_Pending_Effective,6,PS-GQMS-DOCUMENTS,00_Group_Shared,GMG-REPO-GQMS-DOCUMENTS-GRP,inherit from parent,YES,QA Documentation
GMG_Enterprise_Repository/02_GQMS_Controlled_Repository/00_Group_Shared/18_DQ/01_Controlled_Documents/FRM/Draft,6,PS-GQMS-DOCUMENTS,00_Group_Shared,GMG-REPO-GQMS-DOCUMENTS-GRP,inherit from parent,YES,QA Documentation
GMG_Enterprise_Repository/02_GQMS_Controlled_Repository/00_Group_Shared/18_DQ/01_Controlled_Documents/FRM/Effective,6,PS-GQMS-DOCUMENTS,00_Group_Shared,GMG-REPO-GQMS-DOCUMENTS-GRP,inherit from parent,YES,QA Documentation
GMG_Enterprise_Repository/02_GQMS_Controlled_Repository/00_Group_Shared/18_DQ/01_Controlled_Documents/FRM/In_Review,6,PS-GQMS-DOCUMENTS,00_Group_Shared,GMG-REPO-GQMS-DOCUMENTS-GRP,inherit from parent,YES,QA Documentation
GMG_Enterprise_Repository/02_GQMS_Controlled_Repository/00_Group_Shared/18_DQ/01_Controlled_Documents/FRM/Retired,6,PS-GQMS-DOCUMENTS,00_Group_Shared,GMG-REPO-GQMS-DOCUMENTS-GRP,inherit from parent,YES,QA Documentation
GMG_Enterprise_Repository/02_GQMS_Controlled_Repository/00_Group_Shared/18_DQ/01_Controlled_Documents/FRM/Superseded,6,PS-GQMS-DOCUMENTS,00_Group_Shared,GMG-REPO-GQMS-DOCUMENTS-GRP,inherit from parent,YES,QA Documentation
GMG_Enterprise_Repository/02_GQMS_Controlled_Repository/00_Group_Shared/18_DQ/01_Controlled_Documents/LOG,5,PS-GQMS-DOCUMENTS,00_Group_Shared,GMG-REPO-GQMS-DOCUMENTS-GRP,inherit from parent,YES,QA Documentation
GMG_Enterprise_Repository/02_GQMS_Controlled_Repository/00_Group_Shared/18_DQ/01_Controlled_Documents/LOG/Approved_Pending_Effective,6,PS-GQMS-DOCUMENTS,00_Group_Shared,GMG-REPO-GQMS-DOCUMENTS-GRP,inherit from parent,YES,QA Documentation
GMG_Enterprise_Repository/02_GQMS_Controlled_Repository/00_Group_Shared/18_DQ/01_Controlled_Documents/LOG/Draft,6,PS-GQMS-DOCUMENTS,00_Group_Shared,GMG-REPO-GQMS-DOCUMENTS-GRP,inherit from parent,YES,QA Documentation
GMG_Enterprise_Repository/02_GQMS_Controlled_Repository/00_Group_Shared/18_DQ/01_Controlled_Documents/LOG/Effective,6,PS-GQMS-DOCUMENTS,00_Group_Shared,GMG-REPO-GQMS-DOCUMENTS-GRP,inherit from parent,YES,QA Documentation
GMG_Enterprise_Repository/02_GQMS_Controlled_Repository/00_Group_Shared/18_DQ/01_Controlled_Documents/LOG/In_Review,6,PS-GQMS-DOCUMENTS,00_Group_Shared,GMG-REPO-GQMS-DOCUMENTS-GRP,inherit from parent,YES,QA Documentation
GMG_Enterprise_Repository/02_GQMS_Controlled_Repository/00_Group_Shared/18_DQ/01_Controlled_Documents/LOG/Retired,6,PS-GQMS-DOCUMENTS,00_Group_Shared,GMG-REPO-GQMS-DOCUMENTS-GRP,inherit from parent,YES,QA Documentation
GMG_Enterprise_Repository/02_GQMS_Controlled_Repository/00_Group_Shared/18_DQ/01_Controlled_Documents/LOG/Superseded,6,PS-GQMS-DOCUMENTS,00_Group_Shared,GMG-REPO-GQMS-DOCUMENTS-GRP,inherit from parent,YES,QA Documentation
GMG_Enterprise_Repository/02_GQMS_Controlled_Repository/00_Group_Shared/18_DQ/01_Controlled_Documents/MTX,5,PS-GQMS-DOCUMENTS,00_Group_Shared,GMG-REPO-GQMS-DOCUMENTS-GRP,inherit from parent,YES,QA Documentation
GMG_Enterprise_Repository/02_GQMS_Controlled_Repository/00_Group_Shared/18_DQ/01_Controlled_Documents/MTX/Approved_Pending_Effective,6,PS-GQMS-DOCUMENTS,00_Group_Shared,GMG-REPO-GQMS-DOCUMENTS-GRP,inherit from parent,YES,QA Documentation
GMG_Enterprise_Repository/02_GQMS_Controlled_Repository/00_Group_Shared/18_DQ/01_Controlled_Documents/MTX/Draft,6,PS-GQMS-DOCUMENTS,00_Group_Shared,GMG-REPO-GQMS-DOCUMENTS-GRP,inherit from parent,YES,QA Documentation
GMG_Enterprise_Repository/02_GQMS_Controlled_Repository/00_Group_Shared/18_DQ/01_Controlled_Documents/MTX/Effective,6,PS-GQMS-DOCUMENTS,00_Group_Shared,GMG-REPO-GQMS-DOCUMENTS-GRP,inherit from parent,YES,QA Documentation
GMG_Enterprise_Repository/02_GQMS_Controlled_Repository/00_Group_Shared/18_DQ/01_Controlled_Documents/MTX/In_Review,6,PS-GQMS-DOCUMENTS,00_Group_Shared,GMG-REPO-GQMS-DOCUMENTS-GRP,inherit from parent,YES,QA Documentation
GMG_Enterprise_Repository/02_GQMS_Controlled_Repository/00_Group_Shared/18_DQ/01_Controlled_Documents/MTX/Retired,6,PS-GQMS-DOCUMENTS,00_Group_Shared,GMG-REPO-GQMS-DOCUMENTS-GRP,inherit from parent,YES,QA Documentation
GMG_Enterprise_Repository/02_GQMS_Controlled_Repository/00_Group_Shared/18_DQ/01_Controlled_Documents/MTX/Superseded,6,PS-GQMS-DOCUMENTS,00_Group_Shared,GMG-REPO-GQMS-DOCUMENTS-GRP,inherit from parent,YES,QA Documentation
GMG_Enterprise_Repository/02_GQMS_Controlled_Repository/00_Group_Shared/18_DQ/01_Controlled_Documents/PLN,5,PS-GQMS-DOCUMENTS,00_Group_Shared,GMG-REPO-GQMS-DOCUMENTS-GRP,inherit from parent,YES,QA Documentation
GMG_Enterprise_Repository/02_GQMS_Controlled_Repository/00_Group_Shared/18_DQ/01_Controlled_Documents/PLN/Approved_Pending_Effective,6,PS-GQMS-DOCUMENTS,00_Group_Shared,GMG-REPO-GQMS-DOCUMENTS-GRP,inherit from parent,YES,QA Documentation
GMG_Enterprise_Repository/02_GQMS_Controlled_Repository/00_Group_Shared/18_DQ/01_Controlled_Documents/PLN/Draft,6,PS-GQMS-DOCUMENTS,00_Group_Shared,GMG-REPO-GQMS-DOCUMENTS-GRP,inherit from parent,YES,QA Documentation
GMG_Enterprise_Repository/02_GQMS_Controlled_Repository/00_Group_Shared/18_DQ/01_Controlled_Documents/PLN/Effective,6,PS-GQMS-DOCUMENTS,00_Group_Shared,GMG-REPO-GQMS-DOCUMENTS-GRP,inherit from parent,YES,QA Documentation
GMG_Enterprise_Repository/02_GQMS_Controlled_Repository/00_Group_Shared/18_DQ/01_Controlled_Documents/PLN/In_Review,6,PS-GQMS-DOCUMENTS,00_Group_Shared,GMG-REPO-GQMS-DOCUMENTS-GRP,inherit from parent,YES,QA Documentation
GMG_Enterprise_Repository/02_GQMS_Controlled_Repository/00_Group_Shared/18_DQ/01_Controlled_Documents/PLN/Retired,6,PS-GQMS-DOCUMENTS,00_Group_Shared,GMG-REPO-GQMS-DOCUMENTS-GRP,inherit from parent,YES,QA Documentation
GMG_Enterprise_Repository/02_GQMS_Controlled_Repository/00_Group_Shared/18_DQ/01_Controlled_Documents/PLN/Superseded,6,PS-GQMS-DOCUMENTS,00_Group_Shared,GMG-REPO-GQMS-DOCUMENTS-GRP,inherit from parent,YES,QA Documentation
GMG_Enterprise_Repository/02_GQMS_Controlled_Repository/00_Group_Shared/18_DQ/01_Controlled_Documents/RSK,5,PS-GQMS-DOCUMENTS,00_Group_Shared,GMG-REPO-GQMS-DOCUMENTS-GRP,inherit from parent,YES,QA Documentation
GMG_Enterprise_Repository/02_GQMS_Controlled_Repository/00_Group_Shared/18_DQ/01_Controlled_Documents/RSK/Approved_Pending_Effective,6,PS-GQMS-DOCUMENTS,00_Group_Shared,GMG-REPO-GQMS-DOCUMENTS-GRP,inherit from parent,YES,QA Documentation
GMG_Enterprise_Repository/02_GQMS_Controlled_Repository/00_Group_Shared/18_DQ/01_Controlled_Documents/RSK/Draft,6,PS-GQMS-DOCUMENTS,00_Group_Shared,GMG-REPO-GQMS-DOCUMENTS-GRP,inherit from parent,YES,QA Documentation
GMG_Enterprise_Repository/02_GQMS_Controlled_Repository/00_Group_Shared/18_DQ/01_Controlled_Documents/RSK/Effective,6,PS-GQMS-DOCUMENTS,00_Group_Shared,GMG-REPO-GQMS-DOCUMENTS-GRP,inherit from parent,YES,QA Documentation
GMG_Enterprise_Repository/02_GQMS_Controlled_Repository/00_Group_Shared/18_DQ/01_Controlled_Documents/RSK/In_Review,6,PS-GQMS-DOCUMENTS,00_Group_Shared,GMG-REPO-GQMS-DOCUMENTS-GRP,inherit from parent,YES,QA Documentation
GMG_Enterprise_Repository/02_GQMS_Controlled_Repository/00_Group_Shared/18_DQ/01_Controlled_Documents/RSK/Retired,6,PS-GQMS-DOCUMENTS,00_Group_Shared,GMG-REPO-GQMS-DOCUMENTS-GRP,inherit from parent,YES,QA Documentation
GMG_Enterprise_Repository/02_GQMS_Controlled_Repository/00_Group_Shared/18_DQ/01_Controlled_Documents/RSK/Superseded,6,PS-GQMS-DOCUMENTS,00_Group_Shared,GMG-REPO-GQMS-DOCUMENTS-GRP,inherit from parent,YES,QA Documentation
GMG_Enterprise_Repository/02_GQMS_Controlled_Repository/00_Group_Shared/18_DQ/01_Controlled_Documents/SOP,5,PS-GQMS-DOCUMENTS,00_Group_Shared,GMG-REPO-GQMS-DOCUMENTS-GRP,inherit from parent,YES,QA Documentation
GMG_Enterprise_Repository/02_GQMS_Controlled_Repository/00_Group_Shared/18_DQ/01_Controlled_Documents/SOP/Approved_Pending_Effective,6,PS-GQMS-DOCUMENTS,00_Group_Shared,GMG-REPO-GQMS-DOCUMENTS-GRP,inherit from parent,YES,QA Documentation
GMG_Enterprise_Repository/02_GQMS_Controlled_Repository/00_Group_Shared/18_DQ/01_Controlled_Documents/SOP/Draft,6,PS-GQMS-DOCUMENTS,00_Group_Shared,GMG-REPO-GQMS-DOCUMENTS-GRP,inherit from parent,YES,QA Documentation
GMG_Enterprise_Repository/02_GQMS_Controlled_Repository/00_Group_Shared/18_DQ/01_Controlled_Documents/SOP/Effective,6,PS-GQMS-DOCUMENTS,00_Group_Shared,GMG-REPO-GQMS-DOCUMENTS-GRP,inherit from parent,YES,QA Documentation
GMG_Enterprise_Repository/02_GQMS_Controlled_Repository/00_Group_Shared/18_DQ/01_Controlled_Documents/SOP/In_Review,6,PS-GQMS-DOCUMENTS,00_Group_Shared,GMG-REPO-GQMS-DOCUMENTS-GRP,inherit from parent,YES,QA Documentation
GMG_Enterprise_Repository/02_GQMS_Controlled_Repository/00_Group_Shared/18_DQ/01_Controlled_Documents/SOP/Retired,6,PS-GQMS-DOCUMENTS,00_Group_Shared,GMG-REPO-GQMS-DOCUMENTS-GRP,inherit from parent,YES,QA Documentation
GMG_Enterprise_Repository/02_GQMS_Controlled_Repository/00_Group_Shared/18_DQ/01_Controlled_Documents/SOP/Superseded,6,PS-GQMS-DOCUMENTS,00_Group_Shared,GMG-REPO-GQMS-DOCUMENTS-GRP,inherit from parent,YES,QA Documentation
GMG_Enterprise_Repository/02_GQMS_Controlled_Repository/00_Group_Shared/18_DQ/01_Controlled_Documents/TPL,5,PS-GQMS-DOCUMENTS,00_Group_Shared,GMG-REPO-GQMS-DOCUMENTS-GRP,inherit from parent,YES,QA Documentation
GMG_Enterprise_Repository/02_GQMS_Controlled_Repository/00_Group_Shared/18_DQ/01_Controlled_Documents/TPL/Approved_Pending_Effective,6,PS-GQMS-DOCUMENTS,00_Group_Shared,GMG-REPO-GQMS-DOCUMENTS-GRP,inherit from parent,YES,QA Documentation
GMG_Enterprise_Repository/02_GQMS_Controlled_Repository/00_Group_Shared/18_DQ/01_Controlled_Documents/TPL/Draft,6,PS-GQMS-DOCUMENTS,00_Group_Shared,GMG-REPO-GQMS-DOCUMENTS-GRP,inherit from parent,YES,QA Documentation
GMG_Enterprise_Repository/02_GQMS_Controlled_Repository/00_Group_Shared/18_DQ/01_Controlled_Documents/TPL/Effective,6,PS-GQMS-DOCUMENTS,00_Group_Shared,GMG-REPO-GQMS-DOCUMENTS-GRP,inherit from parent,YES,QA Documentation
GMG_Enterprise_Repository/02_GQMS_Controlled_Repository/00_Group_Shared/18_DQ/01_Controlled_Documents/TPL/In_Review,6,PS-GQMS-DOCUMENTS,00_Group_Shared,GMG-REPO-GQMS-DOCUMENTS-GRP,inherit from parent,YES,QA Documentation
GMG_Enterprise_Repository/02_GQMS_Controlled_Repository/00_Group_Shared/18_DQ/01_Controlled_Documents/TPL/Retired,6,PS-GQMS-DOCUMENTS,00_Group_Shared,GMG-REPO-GQMS-DOCUMENTS-GRP,inherit from parent,YES,QA Documentation
GMG_Enterprise_Repository/02_GQMS_Controlled_Repository/00_Group_Shared/18_DQ/01_Controlled_Documents/TPL/Superseded,6,PS-GQMS-DOCUMENTS,00_Group_Shared,GMG-REPO-GQMS-DOCUMENTS-GRP,inherit from parent,YES,QA Documentation
GMG_Enterprise_Repository/02_GQMS_Controlled_Repository/00_Group_Shared/18_DQ/01_Controlled_Documents/WIN,5,PS-GQMS-DOCUMENTS,00_Group_Shared,GMG-REPO-GQMS-DOCUMENTS-GRP,inherit from parent,YES,QA Documentation
GMG_Enterprise_Repository/02_GQMS_Controlled_Repository/00_Group_Shared/18_DQ/01_Controlled_Documents/WIN/Approved_Pending_Effective,6,PS-GQMS-DOCUMENTS,00_Group_Shared,GMG-REPO-GQMS-DOCUMENTS-GRP,inherit from parent,YES,QA Documentation
GMG_Enterprise_Repository/02_GQMS_Controlled_Repository/00_Group_Shared/18_DQ/01_Controlled_Documents/WIN/Draft,6,PS-GQMS-DOCUMENTS,00_Group_Shared,GMG-REPO-GQMS-DOCUMENTS-GRP,inherit from parent,YES,QA Documentation
GMG_Enterprise_Repository/02_GQMS_Controlled_Repository/00_Group_Shared/18_DQ/01_Controlled_Documents/WIN/Effective,6,PS-GQMS-DOCUMENTS,00_Group_Shared,GMG-REPO-GQMS-DOCUMENTS-GRP,inherit from parent,YES,QA Documentation
GMG_Enterprise_Repository/02_GQMS_Controlled_Repository/00_Group_Shared/18_DQ/01_Controlled_Documents/WIN/In_Review,6,PS-GQMS-DOCUMENTS,00_Group_Shared,GMG-REPO-GQMS-DOCUMENTS-GRP,inherit from parent,YES,QA Documentation
GMG_Enterprise_Repository/02_GQMS_Controlled_Repository/00_Group_Shared/18_DQ/01_Controlled_Documents/WIN/Retired,6,PS-GQMS-DOCUMENTS,00_Group_Shared,GMG-REPO-GQMS-DOCUMENTS-GRP,inherit from parent,YES,QA Documentation
GMG_Enterprise_Repository/02_GQMS_Controlled_Repository/00_Group_Shared/18_DQ/01_Controlled_Documents/WIN/Superseded,6,PS-GQMS-DOCUMENTS,00_Group_Shared,GMG-REPO-GQMS-DOCUMENTS-GRP,inherit from parent,YES,QA Documentation
GMG_Enterprise_Repository/02_GQMS_Controlled_Repository/00_Group_Shared/18_DQ/02_Quality_Records,4,PS-GQMS-DOCUMENTS,00_Group_Shared,GMG-REPO-GQMS-DOCUMENTS-GRP,inherit from parent,YES,QA Documentation
GMG_Enterprise_Repository/02_GQMS_Controlled_Repository/00_Group_Shared/30_BPG,3,PS-GQMS-DOCUMENTS,00_Group_Shared,GMG-REPO-GQMS-DOCUMENTS-GRP,BREAK INHERITANCE — apply explicitly,YES,QA Documentation / BPG Owners
GMG_Enterprise_Repository/02_GQMS_Controlled_Repository/00_Group_Shared/30_BPG/BCM,4,PS-GQMS-DOCUMENTS,00_Group_Shared,GMG-REPO-GQMS-DOCUMENTS-GRP,inherit from parent,YES,QA Documentation
GMG_Enterprise_Repository/02_GQMS_Controlled_Repository/00_Group_Shared/30_BPG/BCM/01_Controlled_Documents,5,PS-GQMS-DOCUMENTS,00_Group_Shared,GMG-REPO-GQMS-DOCUMENTS-GRP,inherit from parent,YES,QA Documentation
GMG_Enterprise_Repository/02_GQMS_Controlled_Repository/00_Group_Shared/30_BPG/BCM/01_Controlled_Documents/AGR,6,PS-GQMS-DOCUMENTS,00_Group_Shared,GMG-REPO-GQMS-DOCUMENTS-GRP,inherit from parent,YES,QA Documentation
GMG_Enterprise_Repository/02_GQMS_Controlled_Repository/00_Group_Shared/30_BPG/BCM/01_Controlled_Documents/AGR/Approved_Pending_Effective,7,PS-GQMS-DOCUMENTS,00_Group_Shared,GMG-REPO-GQMS-DOCUMENTS-GRP,inherit from parent,YES,QA Documentation
GMG_Enterprise_Repository/02_GQMS_Controlled_Repository/00_Group_Shared/30_BPG/BCM/01_Controlled_Documents/AGR/Draft,7,PS-GQMS-DOCUMENTS,00_Group_Shared,GMG-REPO-GQMS-DOCUMENTS-GRP,inherit from parent,YES,QA Documentation
GMG_Enterprise_Repository/02_GQMS_Controlled_Repository/00_Group_Shared/30_BPG/BCM/01_Controlled_Documents/AGR/Effective,7,PS-GQMS-DOCUMENTS,00_Group_Shared,GMG-REPO-GQMS-DOCUMENTS-GRP,inherit from parent,YES,QA Documentation
GMG_Enterprise_Repository/02_GQMS_Controlled_Repository/00_Group_Shared/30_BPG/BCM/01_Controlled_Documents/AGR/In_Review,7,PS-GQMS-DOCUMENTS,00_Group_Shared,GMG-REPO-GQMS-DOCUMENTS-GRP,inherit from parent,YES,QA Documentation
GMG_Enterprise_Repository/02_GQMS_Controlled_Repository/00_Group_Shared/30_BPG/BCM/01_Controlled_Documents/AGR/Retired,7,PS-GQMS-DOCUMENTS,00_Group_Shared,GMG-REPO-GQMS-DOCUMENTS-GRP,inherit from parent,YES,QA Documentation
GMG_Enterprise_Repository/02_GQMS_Controlled_Repository/00_Group_Shared/30_BPG/BCM/01_Controlled_Documents/AGR/Superseded,7,PS-GQMS-DOCUMENTS,00_Group_Shared,GMG-REPO-GQMS-DOCUMENTS-GRP,inherit from parent,YES,QA Documentation
GMG_Enterprise_Repository/02_GQMS_Controlled_Repository/00_Group_Shared/30_BPG/BCM/01_Controlled_Documents/CHK,6,PS-GQMS-DOCUMENTS,00_Group_Shared,GMG-REPO-GQMS-DOCUMENTS-GRP,inherit from parent,YES,QA Documentation
GMG_Enterprise_Repository/02_GQMS_Controlled_Repository/00_Group_Shared/30_BPG/BCM/01_Controlled_Documents/CHK/Approved_Pending_Effective,7,PS-GQMS-DOCUMENTS,00_Group_Shared,GMG-REPO-GQMS-DOCUMENTS-GRP,inherit from parent,YES,QA Documentation
GMG_Enterprise_Repository/02_GQMS_Controlled_Repository/00_Group_Shared/30_BPG/BCM/01_Controlled_Documents/CHK/Draft,7,PS-GQMS-DOCUMENTS,00_Group_Shared,GMG-REPO-GQMS-DOCUMENTS-GRP,inherit from parent,YES,QA Documentation
GMG_Enterprise_Repository/02_GQMS_Controlled_Repository/00_Group_Shared/30_BPG/BCM/01_Controlled_Documents/CHK/Effective,7,PS-GQMS-DOCUMENTS,00_Group_Shared,GMG-REPO-GQMS-DOCUMENTS-GRP,inherit from parent,YES,QA Documentation
GMG_Enterprise_Repository/02_GQMS_Controlled_Repository/00_Group_Shared/30_BPG/BCM/01_Controlled_Documents/CHK/In_Review,7,PS-GQMS-DOCUMENTS,00_Group_Shared,GMG-REPO-GQMS-DOCUMENTS-GRP,inherit from parent,YES,QA Documentation
GMG_Enterprise_Repository/02_GQMS_Controlled_Repository/00_Group_Shared/30_BPG/BCM/01_Controlled_Documents/CHK/Retired,7,PS-GQMS-DOCUMENTS,00_Group_Shared,GMG-REPO-GQMS-DOCUMENTS-GRP,inherit from parent,YES,QA Documentation
GMG_Enterprise_Repository/02_GQMS_Controlled_Repository/00_Group_Shared/30_BPG/BCM/01_Controlled_Documents/CHK/Superseded,7,PS-GQMS-DOCUMENTS,00_Group_Shared,GMG-REPO-GQMS-DOCUMENTS-GRP,inherit from parent,YES,QA Documentation
GMG_Enterprise_Repository/02_GQMS_Controlled_Repository/00_Group_Shared/30_BPG/BCM/01_Controlled_Documents/FRM,6,PS-GQMS-DOCUMENTS,00_Group_Shared,GMG-REPO-GQMS-DOCUMENTS-GRP,inherit from parent,YES,QA Documentation
GMG_Enterprise_Repository/02_GQMS_Controlled_Repository/00_Group_Shared/30_BPG/BCM/01_Controlled_Documents/FRM/Approved_Pending_Effective,7,PS-GQMS-DOCUMENTS,00_Group_Shared,GMG-REPO-GQMS-DOCUMENTS-GRP,inherit from parent,YES,QA Documentation
GMG_Enterprise_Repository/02_GQMS_Controlled_Repository/00_Group_Shared/30_BPG/BCM/01_Controlled_Documents/FRM/Draft,7,PS-GQMS-DOCUMENTS,00_Group_Shared,GMG-REPO-GQMS-DOCUMENTS-GRP,inherit from parent,YES,QA Documentation
GMG_Enterprise_Repository/02_GQMS_Controlled_Repository/00_Group_Shared/30_BPG/BCM/01_Controlled_Documents/FRM/Effective,7,PS-GQMS-DOCUMENTS,00_Group_Shared,GMG-REPO-GQMS-DOCUMENTS-GRP,inherit from parent,YES,QA Documentation
GMG_Enterprise_Repository/02_GQMS_Controlled_Repository/00_Group_Shared/30_BPG/BCM/01_Controlled_Documents/FRM/In_Review,7,PS-GQMS-DOCUMENTS,00_Group_Shared,GMG-REPO-GQMS-DOCUMENTS-GRP,inherit from parent,YES,QA Documentation
GMG_Enterprise_Repository/02_GQMS_Controlled_Repository/00_Group_Shared/30_BPG/BCM/01_Controlled_Documents/FRM/Retired,7,PS-GQMS-DOCUMENTS,00_Group_Shared,GMG-REPO-GQMS-DOCUMENTS-GRP,inherit from parent,YES,QA Documentation
GMG_Enterprise_Repository/02_GQMS_Controlled_Repository/00_Group_Shared/30_BPG/BCM/01_Controlled_Documents/FRM/Superseded,7,PS-GQMS-DOCUMENTS,00_Group_Shared,GMG-REPO-GQMS-DOCUMENTS-GRP,inherit from parent,YES,QA Documentation
GMG_Enterprise_Repository/02_GQMS_Controlled_Repository/00_Group_Shared/30_BPG/BCM/01_Controlled_Documents/LOG,6,PS-GQMS-DOCUMENTS,00_Group_Shared,GMG-REPO-GQMS-DOCUMENTS-GRP,inherit from parent,YES,QA Documentation
GMG_Enterprise_Repository/02_GQMS_Controlled_Repository/00_Group_Shared/30_BPG/BCM/01_Controlled_Documents/LOG/Approved_Pending_Effective,7,PS-GQMS-DOCUMENTS,00_Group_Shared,GMG-REPO-GQMS-DOCUMENTS-GRP,inherit from parent,YES,QA Documentation
GMG_Enterprise_Repository/02_GQMS_Controlled_Repository/00_Group_Shared/30_BPG/BCM/01_Controlled_Documents/LOG/Draft,7,PS-GQMS-DOCUMENTS,00_Group_Shared,GMG-REPO-GQMS-DOCUMENTS-GRP,inherit from parent,YES,QA Documentation
GMG_Enterprise_Repository/02_GQMS_Controlled_Repository/00_Group_Shared/30_BPG/BCM/01_Controlled_Documents/LOG/Effective,7,PS-GQMS-DOCUMENTS,00_Group_Shared,GMG-REPO-GQMS-DOCUMENTS-GRP,inherit from parent,YES,QA Documentation
GMG_Enterprise_Repository/02_GQMS_Controlled_Repository/00_Group_Shared/30_BPG/BCM/01_Controlled_Documents/LOG/In_Review,7,PS-GQMS-DOCUMENTS,00_Group_Shared,GMG-REPO-GQMS-DOCUMENTS-GRP,inherit from parent,YES,QA Documentation
GMG_Enterprise_Repository/02_GQMS_Controlled_Repository/00_Group_Shared/30_BPG/BCM/01_Controlled_Documents/LOG/Retired,7,PS-GQMS-DOCUMENTS,00_Group_Shared,GMG-REPO-GQMS-DOCUMENTS-GRP,inherit from parent,YES,QA Documentation
GMG_Enterprise_Repository/02_GQMS_Controlled_Repository/00_Group_Shared/30_BPG/BCM/01_Controlled_Documents/LOG/Superseded,7,PS-GQMS-DOCUMENTS,00_Group_Shared,GMG-REPO-GQMS-DOCUMENTS-GRP,inherit from parent,YES,QA Documentation
GMG_Enterprise_Repository/02_GQMS_Controlled_Repository/00_Group_Shared/30_BPG/BCM/01_Controlled_Documents/LST,6,PS-GQMS-DOCUMENTS,00_Group_Shared,GMG-REPO-GQMS-DOCUMENTS-GRP,inherit from parent,YES,QA Documentation
GMG_Enterprise_Repository/02_GQMS_Controlled_Repository/00_Group_Shared/30_BPG/BCM/01_Controlled_Documents/LST/Approved_Pending_Effective,7,PS-GQMS-DOCUMENTS,00_Group_Shared,GMG-REPO-GQMS-DOCUMENTS-GRP,inherit from parent,YES,QA Documentation
GMG_Enterprise_Repository/02_GQMS_Controlled_Repository/00_Group_Shared/30_BPG/BCM/01_Controlled_Documents/LST/Draft,7,PS-GQMS-DOCUMENTS,00_Group_Shared,GMG-REPO-GQMS-DOCUMENTS-GRP,inherit from parent,YES,QA Documentation
GMG_Enterprise_Repository/02_GQMS_Controlled_Repository/00_Group_Shared/30_BPG/BCM/01_Controlled_Documents/LST/Effective,7,PS-GQMS-DOCUMENTS,00_Group_Shared,GMG-REPO-GQMS-DOCUMENTS-GRP,inherit from parent,YES,QA Documentation
GMG_Enterprise_Repository/02_GQMS_Controlled_Repository/00_Group_Shared/30_BPG/BCM/01_Controlled_Documents/LST/In_Review,7,PS-GQMS-DOCUMENTS,00_Group_Shared,GMG-REPO-GQMS-DOCUMENTS-GRP,inherit from parent,YES,QA Documentation
GMG_Enterprise_Repository/02_GQMS_Controlled_Repository/00_Group_Shared/30_BPG/BCM/01_Controlled_Documents/LST/Retired,7,PS-GQMS-DOCUMENTS,00_Group_Shared,GMG-REPO-GQMS-DOCUMENTS-GRP,inherit from parent,YES,QA Documentation
GMG_Enterprise_Repository/02_GQMS_Controlled_Repository/00_Group_Shared/30_BPG/BCM/01_Controlled_Documents/LST/Superseded,7,PS-GQMS-DOCUMENTS,00_Group_Shared,GMG-REPO-GQMS-DOCUMENTS-GRP,inherit from parent,YES,QA Documentation
GMG_Enterprise_Repository/02_GQMS_Controlled_Repository/00_Group_Shared/30_BPG/BCM/01_Controlled_Documents/MTX,6,PS-GQMS-DOCUMENTS,00_Group_Shared,GMG-REPO-GQMS-DOCUMENTS-GRP,inherit from parent,YES,QA Documentation
GMG_Enterprise_Repository/02_GQMS_Controlled_Repository/00_Group_Shared/30_BPG/BCM/01_Controlled_Documents/MTX/Approved_Pending_Effective,7,PS-GQMS-DOCUMENTS,00_Group_Shared,GMG-REPO-GQMS-DOCUMENTS-GRP,inherit from parent,YES,QA Documentation
GMG_Enterprise_Repository/02_GQMS_Controlled_Repository/00_Group_Shared/30_BPG/BCM/01_Controlled_Documents/MTX/Draft,7,PS-GQMS-DOCUMENTS,00_Group_Shared,GMG-REPO-GQMS-DOCUMENTS-GRP,inherit from parent,YES,QA Documentation
GMG_Enterprise_Repository/02_GQMS_Controlled_Repository/00_Group_Shared/30_BPG/BCM/01_Controlled_Documents/MTX/Effective,7,PS-GQMS-DOCUMENTS,00_Group_Shared,GMG-REPO-GQMS-DOCUMENTS-GRP,inherit from parent,YES,QA Documentation
GMG_Enterprise_Repository/02_GQMS_Controlled_Repository/00_Group_Shared/30_BPG/BCM/01_Controlled_Documents/MTX/In_Review,7,PS-GQMS-DOCUMENTS,00_Group_Shared,GMG-REPO-GQMS-DOCUMENTS-GRP,inherit from parent,YES,QA Documentation
GMG_Enterprise_Repository/02_GQMS_Controlled_Repository/00_Group_Shared/30_BPG/BCM/01_Controlled_Documents/MTX/Retired,7,PS-GQMS-DOCUMENTS,00_Group_Shared,GMG-REPO-GQMS-DOCUMENTS-GRP,inherit from parent,YES,QA Documentation
GMG_Enterprise_Repository/02_GQMS_Controlled_Repository/00_Group_Shared/30_BPG/BCM/01_Controlled_Documents/MTX/Superseded,7,PS-GQMS-DOCUMENTS,00_Group_Shared,GMG-REPO-GQMS-DOCUMENTS-GRP,inherit from parent,YES,QA Documentation
GMG_Enterprise_Repository/02_GQMS_Controlled_Repository/00_Group_Shared/30_BPG/BCM/01_Controlled_Documents/PLN,6,PS-GQMS-DOCUMENTS,00_Group_Shared,GMG-REPO-GQMS-DOCUMENTS-GRP,inherit from parent,YES,QA Documentation
GMG_Enterprise_Repository/02_GQMS_Controlled_Repository/00_Group_Shared/30_BPG/BCM/01_Controlled_Documents/PLN/Approved_Pending_Effective,7,PS-GQMS-DOCUMENTS,00_Group_Shared,GMG-REPO-GQMS-DOCUMENTS-GRP,inherit from parent,YES,QA Documentation
GMG_Enterprise_Repository/02_GQMS_Controlled_Repository/00_Group_Shared/30_BPG/BCM/01_Controlled_Documents/PLN/Draft,7,PS-GQMS-DOCUMENTS,00_Group_Shared,GMG-REPO-GQMS-DOCUMENTS-GRP,inherit from parent,YES,QA Documentation
GMG_Enterprise_Repository/02_GQMS_Controlled_Repository/00_Group_Shared/30_BPG/BCM/01_Controlled_Documents/PLN/Effective,7,PS-GQMS-DOCUMENTS,00_Group_Shared,GMG-REPO-GQMS-DOCUMENTS-GRP,inherit from parent,YES,QA Documentation
GMG_Enterprise_Repository/02_GQMS_Controlled_Repository/00_Group_Shared/30_BPG/BCM/01_Controlled_Documents/PLN/In_Review,7,PS-GQMS-DOCUMENTS,00_Group_Shared,GMG-REPO-GQMS-DOCUMENTS-GRP,inherit from parent,YES,QA Documentation
GMG_Enterprise_Repository/02_GQMS_Controlled_Repository/00_Group_Shared/30_BPG/BCM/01_Controlled_Documents/PLN/Retired,7,PS-GQMS-DOCUMENTS,00_Group_Shared,GMG-REPO-GQMS-DOCUMENTS-GRP,inherit from parent,YES,QA Documentation
GMG_Enterprise_Repository/02_GQMS_Controlled_Repository/00_Group_Shared/30_BPG/BCM/01_Controlled_Documents/PLN/Superseded,7,PS-GQMS-DOCUMENTS,00_Group_Shared,GMG-REPO-GQMS-DOCUMENTS-GRP,inherit from parent,YES,QA Documentation
GMG_Enterprise_Repository/02_GQMS_Controlled_Repository/00_Group_Shared/30_BPG/BCM/01_Controlled_Documents/POL,6,PS-GQMS-DOCUMENTS,00_Group_Shared,GMG-REPO-GQMS-DOCUMENTS-GRP,inherit from parent,YES,QA Documentation
GMG_Enterprise_Repository/02_GQMS_Controlled_Repository/00_Group_Shared/30_BPG/BCM/01_Controlled_Documents/POL/Approved_Pending_Effective,7,PS-GQMS-DOCUMENTS,00_Group_Shared,GMG-REPO-GQMS-DOCUMENTS-GRP,inherit from parent,YES,QA Documentation
GMG_Enterprise_Repository/02_GQMS_Controlled_Repository/00_Group_Shared/30_BPG/BCM/01_Controlled_Documents/POL/Draft,7,PS-GQMS-DOCUMENTS,00_Group_Shared,GMG-REPO-GQMS-DOCUMENTS-GRP,inherit from parent,YES,QA Documentation
GMG_Enterprise_Repository/02_GQMS_Controlled_Repository/00_Group_Shared/30_BPG/BCM/01_Controlled_Documents/POL/Effective,7,PS-GQMS-DOCUMENTS,00_Group_Shared,GMG-REPO-GQMS-DOCUMENTS-GRP,inherit from parent,YES,QA Documentation
GMG_Enterprise_Repository/02_GQMS_Controlled_Repository/00_Group_Shared/30_BPG/BCM/01_Controlled_Documents/POL/In_Review,7,PS-GQMS-DOCUMENTS,00_Group_Shared,GMG-REPO-GQMS-DOCUMENTS-GRP,inherit from parent,YES,QA Documentation
GMG_Enterprise_Repository/02_GQMS_Controlled_Repository/00_Group_Shared/30_BPG/BCM/01_Controlled_Documents/POL/Retired,7,PS-GQMS-DOCUMENTS,00_Group_Shared,GMG-REPO-GQMS-DOCUMENTS-GRP,inherit from parent,YES,QA Documentation
GMG_Enterprise_Repository/02_GQMS_Controlled_Repository/00_Group_Shared/30_BPG/BCM/01_Controlled_Documents/POL/Superseded,7,PS-GQMS-DOCUMENTS,00_Group_Shared,GMG-REPO-GQMS-DOCUMENTS-GRP,inherit from parent,YES,QA Documentation
GMG_Enterprise_Repository/02_GQMS_Controlled_Repository/00_Group_Shared/30_BPG/BCM/01_Controlled_Documents/RSK,6,PS-GQMS-DOCUMENTS,00_Group_Shared,GMG-REPO-GQMS-DOCUMENTS-GRP,inherit from parent,YES,QA Documentation
GMG_Enterprise_Repository/02_GQMS_Controlled_Repository/00_Group_Shared/30_BPG/BCM/01_Controlled_Documents/RSK/Approved_Pending_Effective,7,PS-GQMS-DOCUMENTS,00_Group_Shared,GMG-REPO-GQMS-DOCUMENTS-GRP,inherit from parent,YES,QA Documentation
GMG_Enterprise_Repository/02_GQMS_Controlled_Repository/00_Group_Shared/30_BPG/BCM/01_Controlled_Documents/RSK/Draft,7,PS-GQMS-DOCUMENTS,00_Group_Shared,GMG-REPO-GQMS-DOCUMENTS-GRP,inherit from parent,YES,QA Documentation
GMG_Enterprise_Repository/02_GQMS_Controlled_Repository/00_Group_Shared/30_BPG/BCM/01_Controlled_Documents/RSK/Effective,7,PS-GQMS-DOCUMENTS,00_Group_Shared,GMG-REPO-GQMS-DOCUMENTS-GRP,inherit from parent,YES,QA Documentation
GMG_Enterprise_Repository/02_GQMS_Controlled_Repository/00_Group_Shared/30_BPG/BCM/01_Controlled_Documents/RSK/In_Review,7,PS-GQMS-DOCUMENTS,00_Group_Shared,GMG-REPO-GQMS-DOCUMENTS-GRP,inherit from parent,YES,QA Documentation
GMG_Enterprise_Repository/02_GQMS_Controlled_Repository/00_Group_Shared/30_BPG/BCM/01_Controlled_Documents/RSK/Retired,7,PS-GQMS-DOCUMENTS,00_Group_Shared,GMG-REPO-GQMS-DOCUMENTS-GRP,inherit from parent,YES,QA Documentation
GMG_Enterprise_Repository/02_GQMS_Controlled_Repository/00_Group_Shared/30_BPG/BCM/01_Controlled_Documents/RSK/Superseded,7,PS-GQMS-DOCUMENTS,00_Group_Shared,GMG-REPO-GQMS-DOCUMENTS-GRP,inherit from parent,YES,QA Documentation
GMG_Enterprise_Repository/02_GQMS_Controlled_Repository/00_Group_Shared/30_BPG/BCM/01_Controlled_Documents/SOP,6,PS-GQMS-DOCUMENTS,00_Group_Shared,GMG-REPO-GQMS-DOCUMENTS-GRP,inherit from parent,YES,QA Documentation
GMG_Enterprise_Repository/02_GQMS_Controlled_Repository/00_Group_Shared/30_BPG/BCM/01_Controlled_Documents/SOP/Approved_Pending_Effective,7,PS-GQMS-DOCUMENTS,00_Group_Shared,GMG-REPO-GQMS-DOCUMENTS-GRP,inherit from parent,YES,QA Documentation
GMG_Enterprise_Repository/02_GQMS_Controlled_Repository/00_Group_Shared/30_BPG/BCM/01_Controlled_Documents/SOP/Draft,7,PS-GQMS-DOCUMENTS,00_Group_Shared,GMG-REPO-GQMS-DOCUMENTS-GRP,inherit from parent,YES,QA Documentation
GMG_Enterprise_Repository/02_GQMS_Controlled_Repository/00_Group_Shared/30_BPG/BCM/01_Controlled_Documents/SOP/Effective,7,PS-GQMS-DOCUMENTS,00_Group_Shared,GMG-REPO-GQMS-DOCUMENTS-GRP,inherit from parent,YES,QA Documentation
GMG_Enterprise_Repository/02_GQMS_Controlled_Repository/00_Group_Shared/30_BPG/BCM/01_Controlled_Documents/SOP/In_Review,7,PS-GQMS-DOCUMENTS,00_Group_Shared,GMG-REPO-GQMS-DOCUMENTS-GRP,inherit from parent,YES,QA Documentation
GMG_Enterprise_Repository/02_GQMS_Controlled_Repository/00_Group_Shared/30_BPG/BCM/01_Controlled_Documents/SOP/Retired,7,PS-GQMS-DOCUMENTS,00_Group_Shared,GMG-REPO-GQMS-DOCUMENTS-GRP,inherit from parent,YES,QA Documentation
GMG_Enterprise_Repository/02_GQMS_Controlled_Repository/00_Group_Shared/30_BPG/BCM/01_Controlled_Documents/SOP/Superseded,7,PS-GQMS-DOCUMENTS,00_Group_Shared,GMG-REPO-GQMS-DOCUMENTS-GRP,inherit from parent,YES,QA Documentation
GMG_Enterprise_Repository/02_GQMS_Controlled_Repository/00_Group_Shared/30_BPG/BCM/01_Controlled_Documents/TPL,6,PS-GQMS-DOCUMENTS,00_Group_Shared,GMG-REPO-GQMS-DOCUMENTS-GRP,inherit from parent,YES,QA Documentation
GMG_Enterprise_Repository/02_GQMS_Controlled_Repository/00_Group_Shared/30_BPG/BCM/01_Controlled_Documents/TPL/Approved_Pending_Effective,7,PS-GQMS-DOCUMENTS,00_Group_Shared,GMG-REPO-GQMS-DOCUMENTS-GRP,inherit from parent,YES,QA Documentation
GMG_Enterprise_Repository/02_GQMS_Controlled_Repository/00_Group_Shared/30_BPG/BCM/01_Controlled_Documents/TPL/Draft,7,PS-GQMS-DOCUMENTS,00_Group_Shared,GMG-REPO-GQMS-DOCUMENTS-GRP,inherit from parent,YES,QA Documentation
GMG_Enterprise_Repository/02_GQMS_Controlled_Repository/00_Group_Shared/30_BPG/BCM/01_Controlled_Documents/TPL/Effective,7,PS-GQMS-DOCUMENTS,00_Group_Shared,GMG-REPO-GQMS-DOCUMENTS-GRP,inherit from parent,YES,QA Documentation
GMG_Enterprise_Repository/02_GQMS_Controlled_Repository/00_Group_Shared/30_BPG/BCM/01_Controlled_Documents/TPL/In_Review,7,PS-GQMS-DOCUMENTS,00_Group_Shared,GMG-REPO-GQMS-DOCUMENTS-GRP,inherit from parent,YES,QA Documentation
GMG_Enterprise_Repository/02_GQMS_Controlled_Repository/00_Group_Shared/30_BPG/BCM/01_Controlled_Documents/TPL/Retired,7,PS-GQMS-DOCUMENTS,00_Group_Shared,GMG-REPO-GQMS-DOCUMENTS-GRP,inherit from parent,YES,QA Documentation
GMG_Enterprise_Repository/02_GQMS_Controlled_Repository/00_Group_Shared/30_BPG/BCM/01_Controlled_Documents/TPL/Superseded,7,PS-GQMS-DOCUMENTS,00_Group_Shared,GMG-REPO-GQMS-DOCUMENTS-GRP,inherit from parent,YES,QA Documentation
GMG_Enterprise_Repository/02_GQMS_Controlled_Repository/00_Group_Shared/30_BPG/BCM/01_Controlled_Documents/WIN,6,PS-GQMS-DOCUMENTS,00_Group_Shared,GMG-REPO-GQMS-DOCUMENTS-GRP,inherit from parent,YES,QA Documentation
GMG_Enterprise_Repository/02_GQMS_Controlled_Repository/00_Group_Shared/30_BPG/BCM/01_Controlled_Documents/WIN/Approved_Pending_Effective,7,PS-GQMS-DOCUMENTS,00_Group_Shared,GMG-REPO-GQMS-DOCUMENTS-GRP,inherit from parent,YES,QA Documentation
GMG_Enterprise_Repository/02_GQMS_Controlled_Repository/00_Group_Shared/30_BPG/BCM/01_Controlled_Documents/WIN/Draft,7,PS-GQMS-DOCUMENTS,00_Group_Shared,GMG-REPO-GQMS-DOCUMENTS-GRP,inherit from parent,YES,QA Documentation
GMG_Enterprise_Repository/02_GQMS_Controlled_Repository/00_Group_Shared/30_BPG/BCM/01_Controlled_Documents/WIN/Effective,7,PS-GQMS-DOCUMENTS,00_Group_Shared,GMG-REPO-GQMS-DOCUMENTS-GRP,inherit from parent,YES,QA Documentation
GMG_Enterprise_Repository/02_GQMS_Controlled_Repository/00_Group_Shared/30_BPG/BCM/01_Controlled_Documents/WIN/In_Review,7,PS-GQMS-DOCUMENTS,00_Group_Shared,GMG-REPO-GQMS-DOCUMENTS-GRP,inherit from parent,YES,QA Documentation
GMG_Enterprise_Repository/02_GQMS_Controlled_Repository/00_Group_Shared/30_BPG/BCM/01_Controlled_Documents/WIN/Retired,7,PS-GQMS-DOCUMENTS,00_Group_Shared,GMG-REPO-GQMS-DOCUMENTS-GRP,inherit from parent,YES,QA Documentation
GMG_Enterprise_Repository/02_GQMS_Controlled_Repository/00_Group_Shared/30_BPG/BCM/01_Controlled_Documents/WIN/Superseded,7,PS-GQMS-DOCUMENTS,00_Group_Shared,GMG-REPO-GQMS-DOCUMENTS-GRP,inherit from parent,YES,QA Documentation
GMG_Enterprise_Repository/02_GQMS_Controlled_Repository/00_Group_Shared/30_BPG/BCM/02_Quality_Records,5,PS-GQMS-DOCUMENTS,00_Group_Shared,GMG-REPO-GQMS-DOCUMENTS-GRP,inherit from parent,YES,QA Documentation
GMG_Enterprise_Repository/02_GQMS_Controlled_Repository/00_Group_Shared/30_BPG/CGV,4,PS-GQMS-DOCUMENTS,00_Group_Shared,GMG-REPO-GQMS-DOCUMENTS-GRP,inherit from parent,YES,QA Documentation
GMG_Enterprise_Repository/02_GQMS_Controlled_Repository/00_Group_Shared/30_BPG/CGV/01_Controlled_Documents,5,PS-GQMS-DOCUMENTS,00_Group_Shared,GMG-REPO-GQMS-DOCUMENTS-GRP,inherit from parent,YES,QA Documentation
GMG_Enterprise_Repository/02_GQMS_Controlled_Repository/00_Group_Shared/30_BPG/CGV/01_Controlled_Documents/AGR,6,PS-GQMS-DOCUMENTS,00_Group_Shared,GMG-REPO-GQMS-DOCUMENTS-GRP,inherit from parent,YES,QA Documentation
GMG_Enterprise_Repository/02_GQMS_Controlled_Repository/00_Group_Shared/30_BPG/CGV/01_Controlled_Documents/AGR/Approved_Pending_Effective,7,PS-GQMS-DOCUMENTS,00_Group_Shared,GMG-REPO-GQMS-DOCUMENTS-GRP,inherit from parent,YES,QA Documentation
GMG_Enterprise_Repository/02_GQMS_Controlled_Repository/00_Group_Shared/30_BPG/CGV/01_Controlled_Documents/AGR/Draft,7,PS-GQMS-DOCUMENTS,00_Group_Shared,GMG-REPO-GQMS-DOCUMENTS-GRP,inherit from parent,YES,QA Documentation
GMG_Enterprise_Repository/02_GQMS_Controlled_Repository/00_Group_Shared/30_BPG/CGV/01_Controlled_Documents/AGR/Effective,7,PS-GQMS-DOCUMENTS,00_Group_Shared,GMG-REPO-GQMS-DOCUMENTS-GRP,inherit from parent,YES,QA Documentation
GMG_Enterprise_Repository/02_GQMS_Controlled_Repository/00_Group_Shared/30_BPG/CGV/01_Controlled_Documents/AGR/In_Review,7,PS-GQMS-DOCUMENTS,00_Group_Shared,GMG-REPO-GQMS-DOCUMENTS-GRP,inherit from parent,YES,QA Documentation
GMG_Enterprise_Repository/02_GQMS_Controlled_Repository/00_Group_Shared/30_BPG/CGV/01_Controlled_Documents/AGR/Retired,7,PS-GQMS-DOCUMENTS,00_Group_Shared,GMG-REPO-GQMS-DOCUMENTS-GRP,inherit from parent,YES,QA Documentation
GMG_Enterprise_Repository/02_GQMS_Controlled_Repository/00_Group_Shared/30_BPG/CGV/01_Controlled_Documents/AGR/Superseded,7,PS-GQMS-DOCUMENTS,00_Group_Shared,GMG-REPO-GQMS-DOCUMENTS-GRP,inherit from parent,YES,QA Documentation
GMG_Enterprise_Repository/02_GQMS_Controlled_Repository/00_Group_Shared/30_BPG/CGV/01_Controlled_Documents/CHK,6,PS-GQMS-DOCUMENTS,00_Group_Shared,GMG-REPO-GQMS-DOCUMENTS-GRP,inherit from parent,YES,QA Documentation
GMG_Enterprise_Repository/02_GQMS_Controlled_Repository/00_Group_Shared/30_BPG/CGV/01_Controlled_Documents/CHK/Approved_Pending_Effective,7,PS-GQMS-DOCUMENTS,00_Group_Shared,GMG-REPO-GQMS-DOCUMENTS-GRP,inherit from parent,YES,QA Documentation
GMG_Enterprise_Repository/02_GQMS_Controlled_Repository/00_Group_Shared/30_BPG/CGV/01_Controlled_Documents/CHK/Draft,7,PS-GQMS-DOCUMENTS,00_Group_Shared,GMG-REPO-GQMS-DOCUMENTS-GRP,inherit from parent,YES,QA Documentation
GMG_Enterprise_Repository/02_GQMS_Controlled_Repository/00_Group_Shared/30_BPG/CGV/01_Controlled_Documents/CHK/Effective,7,PS-GQMS-DOCUMENTS,00_Group_Shared,GMG-REPO-GQMS-DOCUMENTS-GRP,inherit from parent,YES,QA Documentation
GMG_Enterprise_Repository/02_GQMS_Controlled_Repository/00_Group_Shared/30_BPG/CGV/01_Controlled_Documents/CHK/In_Review,7,PS-GQMS-DOCUMENTS,00_Group_Shared,GMG-REPO-GQMS-DOCUMENTS-GRP,inherit from parent,YES,QA Documentation
GMG_Enterprise_Repository/02_GQMS_Controlled_Repository/00_Group_Shared/30_BPG/CGV/01_Controlled_Documents/CHK/Retired,7,PS-GQMS-DOCUMENTS,00_Group_Shared,GMG-REPO-GQMS-DOCUMENTS-GRP,inherit from parent,YES,QA Documentation
GMG_Enterprise_Repository/02_GQMS_Controlled_Repository/00_Group_Shared/30_BPG/CGV/01_Controlled_Documents/CHK/Superseded,7,PS-GQMS-DOCUMENTS,00_Group_Shared,GMG-REPO-GQMS-DOCUMENTS-GRP,inherit from parent,YES,QA Documentation
GMG_Enterprise_Repository/02_GQMS_Controlled_Repository/00_Group_Shared/30_BPG/CGV/01_Controlled_Documents/FRM,6,PS-GQMS-DOCUMENTS,00_Group_Shared,GMG-REPO-GQMS-DOCUMENTS-GRP,inherit from parent,YES,QA Documentation
GMG_Enterprise_Repository/02_GQMS_Controlled_Repository/00_Group_Shared/30_BPG/CGV/01_Controlled_Documents/FRM/Approved_Pending_Effective,7,PS-GQMS-DOCUMENTS,00_Group_Shared,GMG-REPO-GQMS-DOCUMENTS-GRP,inherit from parent,YES,QA Documentation
GMG_Enterprise_Repository/02_GQMS_Controlled_Repository/00_Group_Shared/30_BPG/CGV/01_Controlled_Documents/FRM/Draft,7,PS-GQMS-DOCUMENTS,00_Group_Shared,GMG-REPO-GQMS-DOCUMENTS-GRP,inherit from parent,YES,QA Documentation
GMG_Enterprise_Repository/02_GQMS_Controlled_Repository/00_Group_Shared/30_BPG/CGV/01_Controlled_Documents/FRM/Effective,7,PS-GQMS-DOCUMENTS,00_Group_Shared,GMG-REPO-GQMS-DOCUMENTS-GRP,inherit from parent,YES,QA Documentation
GMG_Enterprise_Repository/02_GQMS_Controlled_Repository/00_Group_Shared/30_BPG/CGV/01_Controlled_Documents/FRM/In_Review,7,PS-GQMS-DOCUMENTS,00_Group_Shared,GMG-REPO-GQMS-DOCUMENTS-GRP,inherit from parent,YES,QA Documentation
GMG_Enterprise_Repository/02_GQMS_Controlled_Repository/00_Group_Shared/30_BPG/CGV/01_Controlled_Documents/FRM/Retired,7,PS-GQMS-DOCUMENTS,00_Group_Shared,GMG-REPO-GQMS-DOCUMENTS-GRP,inherit from parent,YES,QA Documentation
GMG_Enterprise_Repository/02_GQMS_Controlled_Repository/00_Group_Shared/30_BPG/CGV/01_Controlled_Documents/FRM/Superseded,7,PS-GQMS-DOCUMENTS,00_Group_Shared,GMG-REPO-GQMS-DOCUMENTS-GRP,inherit from parent,YES,QA Documentation
GMG_Enterprise_Repository/02_GQMS_Controlled_Repository/00_Group_Shared/30_BPG/CGV/01_Controlled_Documents/LOG,6,PS-GQMS-DOCUMENTS,00_Group_Shared,GMG-REPO-GQMS-DOCUMENTS-GRP,inherit from parent,YES,QA Documentation
GMG_Enterprise_Repository/02_GQMS_Controlled_Repository/00_Group_Shared/30_BPG/CGV/01_Controlled_Documents/LOG/Approved_Pending_Effective,7,PS-GQMS-DOCUMENTS,00_Group_Shared,GMG-REPO-GQMS-DOCUMENTS-GRP,inherit from parent,YES,QA Documentation
GMG_Enterprise_Repository/02_GQMS_Controlled_Repository/00_Group_Shared/30_BPG/CGV/01_Controlled_Documents/LOG/Draft,7,PS-GQMS-DOCUMENTS,00_Group_Shared,GMG-REPO-GQMS-DOCUMENTS-GRP,inherit from parent,YES,QA Documentation
GMG_Enterprise_Repository/02_GQMS_Controlled_Repository/00_Group_Shared/30_BPG/CGV/01_Controlled_Documents/LOG/Effective,7,PS-GQMS-DOCUMENTS,00_Group_Shared,GMG-REPO-GQMS-DOCUMENTS-GRP,inherit from parent,YES,QA Documentation
GMG_Enterprise_Repository/02_GQMS_Controlled_Repository/00_Group_Shared/30_BPG/CGV/01_Controlled_Documents/LOG/In_Review,7,PS-GQMS-DOCUMENTS,00_Group_Shared,GMG-REPO-GQMS-DOCUMENTS-GRP,inherit from parent,YES,QA Documentation
GMG_Enterprise_Repository/02_GQMS_Controlled_Repository/00_Group_Shared/30_BPG/CGV/01_Controlled_Documents/LOG/Retired,7,PS-GQMS-DOCUMENTS,00_Group_Shared,GMG-REPO-GQMS-DOCUMENTS-GRP,inherit from parent,YES,QA Documentation
GMG_Enterprise_Repository/02_GQMS_Controlled_Repository/00_Group_Shared/30_BPG/CGV/01_Controlled_Documents/LOG/Superseded,7,PS-GQMS-DOCUMENTS,00_Group_Shared,GMG-REPO-GQMS-DOCUMENTS-GRP,inherit from parent,YES,QA Documentation
GMG_Enterprise_Repository/02_GQMS_Controlled_Repository/00_Group_Shared/30_BPG/CGV/01_Controlled_Documents/LST,6,PS-GQMS-DOCUMENTS,00_Group_Shared,GMG-REPO-GQMS-DOCUMENTS-GRP,inherit from parent,YES,QA Documentation
GMG_Enterprise_Repository/02_GQMS_Controlled_Repository/00_Group_Shared/30_BPG/CGV/01_Controlled_Documents/LST/Approved_Pending_Effective,7,PS-GQMS-DOCUMENTS,00_Group_Shared,GMG-REPO-GQMS-DOCUMENTS-GRP,inherit from parent,YES,QA Documentation
GMG_Enterprise_Repository/02_GQMS_Controlled_Repository/00_Group_Shared/30_BPG/CGV/01_Controlled_Documents/LST/Draft,7,PS-GQMS-DOCUMENTS,00_Group_Shared,GMG-REPO-GQMS-DOCUMENTS-GRP,inherit from parent,YES,QA Documentation
GMG_Enterprise_Repository/02_GQMS_Controlled_Repository/00_Group_Shared/30_BPG/CGV/01_Controlled_Documents/LST/Effective,7,PS-GQMS-DOCUMENTS,00_Group_Shared,GMG-REPO-GQMS-DOCUMENTS-GRP,inherit from parent,YES,QA Documentation
GMG_Enterprise_Repository/02_GQMS_Controlled_Repository/00_Group_Shared/30_BPG/CGV/01_Controlled_Documents/LST/In_Review,7,PS-GQMS-DOCUMENTS,00_Group_Shared,GMG-REPO-GQMS-DOCUMENTS-GRP,inherit from parent,YES,QA Documentation
GMG_Enterprise_Repository/02_GQMS_Controlled_Repository/00_Group_Shared/30_BPG/CGV/01_Controlled_Documents/LST/Retired,7,PS-GQMS-DOCUMENTS,00_Group_Shared,GMG-REPO-GQMS-DOCUMENTS-GRP,inherit from parent,YES,QA Documentation
GMG_Enterprise_Repository/02_GQMS_Controlled_Repository/00_Group_Shared/30_BPG/CGV/01_Controlled_Documents/LST/Superseded,7,PS-GQMS-DOCUMENTS,00_Group_Shared,GMG-REPO-GQMS-DOCUMENTS-GRP,inherit from parent,YES,QA Documentation
GMG_Enterprise_Repository/02_GQMS_Controlled_Repository/00_Group_Shared/30_BPG/CGV/01_Controlled_Documents/MTX,6,PS-GQMS-DOCUMENTS,00_Group_Shared,GMG-REPO-GQMS-DOCUMENTS-GRP,inherit from parent,YES,QA Documentation
GMG_Enterprise_Repository/02_GQMS_Controlled_Repository/00_Group_Shared/30_BPG/CGV/01_Controlled_Documents/MTX/Approved_Pending_Effective,7,PS-GQMS-DOCUMENTS,00_Group_Shared,GMG-REPO-GQMS-DOCUMENTS-GRP,inherit from parent,YES,QA Documentation
GMG_Enterprise_Repository/02_GQMS_Controlled_Repository/00_Group_Shared/30_BPG/CGV/01_Controlled_Documents/MTX/Draft,7,PS-GQMS-DOCUMENTS,00_Group_Shared,GMG-REPO-GQMS-DOCUMENTS-GRP,inherit from parent,YES,QA Documentation
GMG_Enterprise_Repository/02_GQMS_Controlled_Repository/00_Group_Shared/30_BPG/CGV/01_Controlled_Documents/MTX/Effective,7,PS-GQMS-DOCUMENTS,00_Group_Shared,GMG-REPO-GQMS-DOCUMENTS-GRP,inherit from parent,YES,QA Documentation
GMG_Enterprise_Repository/02_GQMS_Controlled_Repository/00_Group_Shared/30_BPG/CGV/01_Controlled_Documents/MTX/In_Review,7,PS-GQMS-DOCUMENTS,00_Group_Shared,GMG-REPO-GQMS-DOCUMENTS-GRP,inherit from parent,YES,QA Documentation
GMG_Enterprise_Repository/02_GQMS_Controlled_Repository/00_Group_Shared/30_BPG/CGV/01_Controlled_Documents/MTX/Retired,7,PS-GQMS-DOCUMENTS,00_Group_Shared,GMG-REPO-GQMS-DOCUMENTS-GRP,inherit from parent,YES,QA Documentation
GMG_Enterprise_Repository/02_GQMS_Controlled_Repository/00_Group_Shared/30_BPG/CGV/01_Controlled_Documents/MTX/Superseded,7,PS-GQMS-DOCUMENTS,00_Group_Shared,GMG-REPO-GQMS-DOCUMENTS-GRP,inherit from parent,YES,QA Documentation
GMG_Enterprise_Repository/02_GQMS_Controlled_Repository/00_Group_Shared/30_BPG/CGV/01_Controlled_Documents/PLN,6,PS-GQMS-DOCUMENTS,00_Group_Shared,GMG-REPO-GQMS-DOCUMENTS-GRP,inherit from parent,YES,QA Documentation
GMG_Enterprise_Repository/02_GQMS_Controlled_Repository/00_Group_Shared/30_BPG/CGV/01_Controlled_Documents/PLN/Approved_Pending_Effective,7,PS-GQMS-DOCUMENTS,00_Group_Shared,GMG-REPO-GQMS-DOCUMENTS-GRP,inherit from parent,YES,QA Documentation
GMG_Enterprise_Repository/02_GQMS_Controlled_Repository/00_Group_Shared/30_BPG/CGV/01_Controlled_Documents/PLN/Draft,7,PS-GQMS-DOCUMENTS,00_Group_Shared,GMG-REPO-GQMS-DOCUMENTS-GRP,inherit from parent,YES,QA Documentation
GMG_Enterprise_Repository/02_GQMS_Controlled_Repository/00_Group_Shared/30_BPG/CGV/01_Controlled_Documents/PLN/Effective,7,PS-GQMS-DOCUMENTS,00_Group_Shared,GMG-REPO-GQMS-DOCUMENTS-GRP,inherit from parent,YES,QA Documentation
GMG_Enterprise_Repository/02_GQMS_Controlled_Repository/00_Group_Shared/30_BPG/CGV/01_Controlled_Documents/PLN/In_Review,7,PS-GQMS-DOCUMENTS,00_Group_Shared,GMG-REPO-GQMS-DOCUMENTS-GRP,inherit from parent,YES,QA Documentation
GMG_Enterprise_Repository/02_GQMS_Controlled_Repository/00_Group_Shared/30_BPG/CGV/01_Controlled_Documents/PLN/Retired,7,PS-GQMS-DOCUMENTS,00_Group_Shared,GMG-REPO-GQMS-DOCUMENTS-GRP,inherit from parent,YES,QA Documentation
GMG_Enterprise_Repository/02_GQMS_Controlled_Repository/00_Group_Shared/30_BPG/CGV/01_Controlled_Documents/PLN/Superseded,7,PS-GQMS-DOCUMENTS,00_Group_Shared,GMG-REPO-GQMS-DOCUMENTS-GRP,inherit from parent,YES,QA Documentation
GMG_Enterprise_Repository/02_GQMS_Controlled_Repository/00_Group_Shared/30_BPG/CGV/01_Controlled_Documents/POL,6,PS-GQMS-DOCUMENTS,00_Group_Shared,GMG-REPO-GQMS-DOCUMENTS-GRP,inherit from parent,YES,QA Documentation
GMG_Enterprise_Repository/02_GQMS_Controlled_Repository/00_Group_Shared/30_BPG/CGV/01_Controlled_Documents/POL/Approved_Pending_Effective,7,PS-GQMS-DOCUMENTS,00_Group_Shared,GMG-REPO-GQMS-DOCUMENTS-GRP,inherit from parent,YES,QA Documentation
GMG_Enterprise_Repository/02_GQMS_Controlled_Repository/00_Group_Shared/30_BPG/CGV/01_Controlled_Documents/POL/Draft,7,PS-GQMS-DOCUMENTS,00_Group_Shared,GMG-REPO-GQMS-DOCUMENTS-GRP,inherit from parent,YES,QA Documentation
GMG_Enterprise_Repository/02_GQMS_Controlled_Repository/00_Group_Shared/30_BPG/CGV/01_Controlled_Documents/POL/Effective,7,PS-GQMS-DOCUMENTS,00_Group_Shared,GMG-REPO-GQMS-DOCUMENTS-GRP,inherit from parent,YES,QA Documentation
GMG_Enterprise_Repository/02_GQMS_Controlled_Repository/00_Group_Shared/30_BPG/CGV/01_Controlled_Documents/POL/In_Review,7,PS-GQMS-DOCUMENTS,00_Group_Shared,GMG-REPO-GQMS-DOCUMENTS-GRP,inherit from parent,YES,QA Documentation
GMG_Enterprise_Repository/02_GQMS_Controlled_Repository/00_Group_Shared/30_BPG/CGV/01_Controlled_Documents/POL/Retired,7,PS-GQMS-DOCUMENTS,00_Group_Shared,GMG-REPO-GQMS-DOCUMENTS-GRP,inherit from parent,YES,QA Documentation
GMG_Enterprise_Repository/02_GQMS_Controlled_Repository/00_Group_Shared/30_BPG/CGV/01_Controlled_Documents/POL/Superseded,7,PS-GQMS-DOCUMENTS,00_Group_Shared,GMG-REPO-GQMS-DOCUMENTS-GRP,inherit from parent,YES,QA Documentation
GMG_Enterprise_Repository/02_GQMS_Controlled_Repository/00_Group_Shared/30_BPG/CGV/01_Controlled_Documents/RSK,6,PS-GQMS-DOCUMENTS,00_Group_Shared,GMG-REPO-GQMS-DOCUMENTS-GRP,inherit from parent,YES,QA Documentation
GMG_Enterprise_Repository/02_GQMS_Controlled_Repository/00_Group_Shared/30_BPG/CGV/01_Controlled_Documents/RSK/Approved_Pending_Effective,7,PS-GQMS-DOCUMENTS,00_Group_Shared,GMG-REPO-GQMS-DOCUMENTS-GRP,inherit from parent,YES,QA Documentation
GMG_Enterprise_Repository/02_GQMS_Controlled_Repository/00_Group_Shared/30_BPG/CGV/01_Controlled_Documents/RSK/Draft,7,PS-GQMS-DOCUMENTS,00_Group_Shared,GMG-REPO-GQMS-DOCUMENTS-GRP,inherit from parent,YES,QA Documentation
GMG_Enterprise_Repository/02_GQMS_Controlled_Repository/00_Group_Shared/30_BPG/CGV/01_Controlled_Documents/RSK/Effective,7,PS-GQMS-DOCUMENTS,00_Group_Shared,GMG-REPO-GQMS-DOCUMENTS-GRP,inherit from parent,YES,QA Documentation
GMG_Enterprise_Repository/02_GQMS_Controlled_Repository/00_Group_Shared/30_BPG/CGV/01_Controlled_Documents/RSK/In_Review,7,PS-GQMS-DOCUMENTS,00_Group_Shared,GMG-REPO-GQMS-DOCUMENTS-GRP,inherit from parent,YES,QA Documentation
GMG_Enterprise_Repository/02_GQMS_Controlled_Repository/00_Group_Shared/30_BPG/CGV/01_Controlled_Documents/RSK/Retired,7,PS-GQMS-DOCUMENTS,00_Group_Shared,GMG-REPO-GQMS-DOCUMENTS-GRP,inherit from parent,YES,QA Documentation
GMG_Enterprise_Repository/02_GQMS_Controlled_Repository/00_Group_Shared/30_BPG/CGV/01_Controlled_Documents/RSK/Superseded,7,PS-GQMS-DOCUMENTS,00_Group_Shared,GMG-REPO-GQMS-DOCUMENTS-GRP,inherit from parent,YES,QA Documentation
GMG_Enterprise_Repository/02_GQMS_Controlled_Repository/00_Group_Shared/30_BPG/CGV/01_Controlled_Documents/SOP,6,PS-GQMS-DOCUMENTS,00_Group_Shared,GMG-REPO-GQMS-DOCUMENTS-GRP,inherit from parent,YES,QA Documentation
GMG_Enterprise_Repository/02_GQMS_Controlled_Repository/00_Group_Shared/30_BPG/CGV/01_Controlled_Documents/SOP/Approved_Pending_Effective,7,PS-GQMS-DOCUMENTS,00_Group_Shared,GMG-REPO-GQMS-DOCUMENTS-GRP,inherit from parent,YES,QA Documentation
GMG_Enterprise_Repository/02_GQMS_Controlled_Repository/00_Group_Shared/30_BPG/CGV/01_Controlled_Documents/SOP/Draft,7,PS-GQMS-DOCUMENTS,00_Group_Shared,GMG-REPO-GQMS-DOCUMENTS-GRP,inherit from parent,YES,QA Documentation
GMG_Enterprise_Repository/02_GQMS_Controlled_Repository/00_Group_Shared/30_BPG/CGV/01_Controlled_Documents/SOP/Effective,7,PS-GQMS-DOCUMENTS,00_Group_Shared,GMG-REPO-GQMS-DOCUMENTS-GRP,inherit from parent,YES,QA Documentation
GMG_Enterprise_Repository/02_GQMS_Controlled_Repository/00_Group_Shared/30_BPG/CGV/01_Controlled_Documents/SOP/In_Review,7,PS-GQMS-DOCUMENTS,00_Group_Shared,GMG-REPO-GQMS-DOCUMENTS-GRP,inherit from parent,YES,QA Documentation
GMG_Enterprise_Repository/02_GQMS_Controlled_Repository/00_Group_Shared/30_BPG/CGV/01_Controlled_Documents/SOP/Retired,7,PS-GQMS-DOCUMENTS,00_Group_Shared,GMG-REPO-GQMS-DOCUMENTS-GRP,inherit from parent,YES,QA Documentation
GMG_Enterprise_Repository/02_GQMS_Controlled_Repository/00_Group_Shared/30_BPG/CGV/01_Controlled_Documents/SOP/Superseded,7,PS-GQMS-DOCUMENTS,00_Group_Shared,GMG-REPO-GQMS-DOCUMENTS-GRP,inherit from parent,YES,QA Documentation
GMG_Enterprise_Repository/02_GQMS_Controlled_Repository/00_Group_Shared/30_BPG/CGV/01_Controlled_Documents/TPL,6,PS-GQMS-DOCUMENTS,00_Group_Shared,GMG-REPO-GQMS-DOCUMENTS-GRP,inherit from parent,YES,QA Documentation
GMG_Enterprise_Repository/02_GQMS_Controlled_Repository/00_Group_Shared/30_BPG/CGV/01_Controlled_Documents/TPL/Approved_Pending_Effective,7,PS-GQMS-DOCUMENTS,00_Group_Shared,GMG-REPO-GQMS-DOCUMENTS-GRP,inherit from parent,YES,QA Documentation
GMG_Enterprise_Repository/02_GQMS_Controlled_Repository/00_Group_Shared/30_BPG/CGV/01_Controlled_Documents/TPL/Draft,7,PS-GQMS-DOCUMENTS,00_Group_Shared,GMG-REPO-GQMS-DOCUMENTS-GRP,inherit from parent,YES,QA Documentation
GMG_Enterprise_Repository/02_GQMS_Controlled_Repository/00_Group_Shared/30_BPG/CGV/01_Controlled_Documents/TPL/Effective,7,PS-GQMS-DOCUMENTS,00_Group_Shared,GMG-REPO-GQMS-DOCUMENTS-GRP,inherit from parent,YES,QA Documentation
GMG_Enterprise_Repository/02_GQMS_Controlled_Repository/00_Group_Shared/30_BPG/CGV/01_Controlled_Documents/TPL/In_Review,7,PS-GQMS-DOCUMENTS,00_Group_Shared,GMG-REPO-GQMS-DOCUMENTS-GRP,inherit from parent,YES,QA Documentation
GMG_Enterprise_Repository/02_GQMS_Controlled_Repository/00_Group_Shared/30_BPG/CGV/01_Controlled_Documents/TPL/Retired,7,PS-GQMS-DOCUMENTS,00_Group_Shared,GMG-REPO-GQMS-DOCUMENTS-GRP,inherit from parent,YES,QA Documentation
GMG_Enterprise_Repository/02_GQMS_Controlled_Repository/00_Group_Shared/30_BPG/CGV/01_Controlled_Documents/TPL/Superseded,7,PS-GQMS-DOCUMENTS,00_Group_Shared,GMG-REPO-GQMS-DOCUMENTS-GRP,inherit from parent,YES,QA Documentation
GMG_Enterprise_Repository/02_GQMS_Controlled_Repository/00_Group_Shared/30_BPG/CGV/01_Controlled_Documents/WIN,6,PS-GQMS-DOCUMENTS,00_Group_Shared,GMG-REPO-GQMS-DOCUMENTS-GRP,inherit from parent,YES,QA Documentation
GMG_Enterprise_Repository/02_GQMS_Controlled_Repository/00_Group_Shared/30_BPG/CGV/01_Controlled_Documents/WIN/Approved_Pending_Effective,7,PS-GQMS-DOCUMENTS,00_Group_Shared,GMG-REPO-GQMS-DOCUMENTS-GRP,inherit from parent,YES,QA Documentation
GMG_Enterprise_Repository/02_GQMS_Controlled_Repository/00_Group_Shared/30_BPG/CGV/01_Controlled_Documents/WIN/Draft,7,PS-GQMS-DOCUMENTS,00_Group_Shared,GMG-REPO-GQMS-DOCUMENTS-GRP,inherit from parent,YES,QA Documentation
GMG_Enterprise_Repository/02_GQMS_Controlled_Repository/00_Group_Shared/30_BPG/CGV/01_Controlled_Documents/WIN/Effective,7,PS-GQMS-DOCUMENTS,00_Group_Shared,GMG-REPO-GQMS-DOCUMENTS-GRP,inherit from parent,YES,QA Documentation
GMG_Enterprise_Repository/02_GQMS_Controlled_Repository/00_Group_Shared/30_BPG/CGV/01_Controlled_Documents/WIN/In_Review,7,PS-GQMS-DOCUMENTS,00_Group_Shared,GMG-REPO-GQMS-DOCUMENTS-GRP,inherit from parent,YES,QA Documentation
GMG_Enterprise_Repository/02_GQMS_Controlled_Repository/00_Group_Shared/30_BPG/CGV/01_Controlled_Documents/WIN/Retired,7,PS-GQMS-DOCUMENTS,00_Group_Shared,GMG-REPO-GQMS-DOCUMENTS-GRP,inherit from parent,YES,QA Documentation
GMG_Enterprise_Repository/02_GQMS_Controlled_Repository/00_Group_Shared/30_BPG/CGV/01_Controlled_Documents/WIN/Superseded,7,PS-GQMS-DOCUMENTS,00_Group_Shared,GMG-REPO-GQMS-DOCUMENTS-GRP,inherit from parent,YES,QA Documentation
GMG_Enterprise_Repository/02_GQMS_Controlled_Repository/00_Group_Shared/30_BPG/CGV/02_Quality_Records,5,PS-GQMS-DOCUMENTS,00_Group_Shared,GMG-REPO-GQMS-DOCUMENTS-GRP,inherit from parent,YES,QA Documentation
GMG_Enterprise_Repository/02_GQMS_Controlled_Repository/00_Group_Shared/30_BPG/COM,4,PS-GQMS-DOCUMENTS,00_Group_Shared,GMG-REPO-GQMS-DOCUMENTS-GRP,inherit from parent,YES,COM Process Owner / QA Documentation
GMG_Enterprise_Repository/02_GQMS_Controlled_Repository/00_Group_Shared/30_BPG/COM/01_Controlled_Documents,5,PS-GQMS-DOCUMENTS,00_Group_Shared,GMG-REPO-GQMS-DOCUMENTS-GRP,inherit from parent,YES,QA Documentation
GMG_Enterprise_Repository/02_GQMS_Controlled_Repository/00_Group_Shared/30_BPG/COM/01_Controlled_Documents/AGR,6,PS-GQMS-DOCUMENTS,00_Group_Shared,GMG-REPO-GQMS-DOCUMENTS-GRP,inherit from parent,YES,QA Documentation
GMG_Enterprise_Repository/02_GQMS_Controlled_Repository/00_Group_Shared/30_BPG/COM/01_Controlled_Documents/AGR/Approved_Pending_Effective,7,PS-GQMS-DOCUMENTS,00_Group_Shared,GMG-REPO-GQMS-DOCUMENTS-GRP,inherit from parent,YES,QA Documentation
GMG_Enterprise_Repository/02_GQMS_Controlled_Repository/00_Group_Shared/30_BPG/COM/01_Controlled_Documents/AGR/Draft,7,PS-GQMS-DOCUMENTS,00_Group_Shared,GMG-REPO-GQMS-DOCUMENTS-GRP,inherit from parent,YES,QA Documentation
GMG_Enterprise_Repository/02_GQMS_Controlled_Repository/00_Group_Shared/30_BPG/COM/01_Controlled_Documents/AGR/Effective,7,PS-GQMS-DOCUMENTS,00_Group_Shared,GMG-REPO-GQMS-DOCUMENTS-GRP,inherit from parent,YES,QA Documentation
GMG_Enterprise_Repository/02_GQMS_Controlled_Repository/00_Group_Shared/30_BPG/COM/01_Controlled_Documents/AGR/In_Review,7,PS-GQMS-DOCUMENTS,00_Group_Shared,GMG-REPO-GQMS-DOCUMENTS-GRP,inherit from parent,YES,QA Documentation
GMG_Enterprise_Repository/02_GQMS_Controlled_Repository/00_Group_Shared/30_BPG/COM/01_Controlled_Documents/AGR/Retired,7,PS-GQMS-DOCUMENTS,00_Group_Shared,GMG-REPO-GQMS-DOCUMENTS-GRP,inherit from parent,YES,QA Documentation
GMG_Enterprise_Repository/02_GQMS_Controlled_Repository/00_Group_Shared/30_BPG/COM/01_Controlled_Documents/AGR/Superseded,7,PS-GQMS-DOCUMENTS,00_Group_Shared,GMG-REPO-GQMS-DOCUMENTS-GRP,inherit from parent,YES,QA Documentation
GMG_Enterprise_Repository/02_GQMS_Controlled_Repository/00_Group_Shared/30_BPG/COM/01_Controlled_Documents/CAT,6,PS-GQMS-DOCUMENTS,00_Group_Shared,GMG-REPO-GQMS-DOCUMENTS-GRP,inherit from parent,YES,QA Documentation
GMG_Enterprise_Repository/02_GQMS_Controlled_Repository/00_Group_Shared/30_BPG/COM/01_Controlled_Documents/CAT/Approved_Pending_Effective,7,PS-GQMS-DOCUMENTS,00_Group_Shared,GMG-REPO-GQMS-DOCUMENTS-GRP,inherit from parent,YES,QA Documentation
GMG_Enterprise_Repository/02_GQMS_Controlled_Repository/00_Group_Shared/30_BPG/COM/01_Controlled_Documents/CAT/Draft,7,PS-GQMS-DOCUMENTS,00_Group_Shared,GMG-REPO-GQMS-DOCUMENTS-GRP,inherit from parent,YES,QA Documentation
GMG_Enterprise_Repository/02_GQMS_Controlled_Repository/00_Group_Shared/30_BPG/COM/01_Controlled_Documents/CAT/Effective,7,PS-GQMS-DOCUMENTS,00_Group_Shared,GMG-REPO-GQMS-DOCUMENTS-GRP,inherit from parent,YES,QA Documentation
GMG_Enterprise_Repository/02_GQMS_Controlled_Repository/00_Group_Shared/30_BPG/COM/01_Controlled_Documents/CAT/In_Review,7,PS-GQMS-DOCUMENTS,00_Group_Shared,GMG-REPO-GQMS-DOCUMENTS-GRP,inherit from parent,YES,QA Documentation
GMG_Enterprise_Repository/02_GQMS_Controlled_Repository/00_Group_Shared/30_BPG/COM/01_Controlled_Documents/CAT/Retired,7,PS-GQMS-DOCUMENTS,00_Group_Shared,GMG-REPO-GQMS-DOCUMENTS-GRP,inherit from parent,YES,QA Documentation
GMG_Enterprise_Repository/02_GQMS_Controlled_Repository/00_Group_Shared/30_BPG/COM/01_Controlled_Documents/CAT/Superseded,7,PS-GQMS-DOCUMENTS,00_Group_Shared,GMG-REPO-GQMS-DOCUMENTS-GRP,inherit from parent,YES,QA Documentation
GMG_Enterprise_Repository/02_GQMS_Controlled_Repository/00_Group_Shared/30_BPG/COM/01_Controlled_Documents/CHK,6,PS-GQMS-DOCUMENTS,00_Group_Shared,GMG-REPO-GQMS-DOCUMENTS-GRP,inherit from parent,YES,QA Documentation
GMG_Enterprise_Repository/02_GQMS_Controlled_Repository/00_Group_Shared/30_BPG/COM/01_Controlled_Documents/CHK/Approved_Pending_Effective,7,PS-GQMS-DOCUMENTS,00_Group_Shared,GMG-REPO-GQMS-DOCUMENTS-GRP,inherit from parent,YES,QA Documentation
GMG_Enterprise_Repository/02_GQMS_Controlled_Repository/00_Group_Shared/30_BPG/COM/01_Controlled_Documents/CHK/Draft,7,PS-GQMS-DOCUMENTS,00_Group_Shared,GMG-REPO-GQMS-DOCUMENTS-GRP,inherit from parent,YES,QA Documentation
GMG_Enterprise_Repository/02_GQMS_Controlled_Repository/00_Group_Shared/30_BPG/COM/01_Controlled_Documents/CHK/Effective,7,PS-GQMS-DOCUMENTS,00_Group_Shared,GMG-REPO-GQMS-DOCUMENTS-GRP,inherit from parent,YES,QA Documentation
GMG_Enterprise_Repository/02_GQMS_Controlled_Repository/00_Group_Shared/30_BPG/COM/01_Controlled_Documents/CHK/In_Review,7,PS-GQMS-DOCUMENTS,00_Group_Shared,GMG-REPO-GQMS-DOCUMENTS-GRP,inherit from parent,YES,QA Documentation
GMG_Enterprise_Repository/02_GQMS_Controlled_Repository/00_Group_Shared/30_BPG/COM/01_Controlled_Documents/CHK/Retired,7,PS-GQMS-DOCUMENTS,00_Group_Shared,GMG-REPO-GQMS-DOCUMENTS-GRP,inherit from parent,YES,QA Documentation
GMG_Enterprise_Repository/02_GQMS_Controlled_Repository/00_Group_Shared/30_BPG/COM/01_Controlled_Documents/CHK/Superseded,7,PS-GQMS-DOCUMENTS,00_Group_Shared,GMG-REPO-GQMS-DOCUMENTS-GRP,inherit from parent,YES,QA Documentation
GMG_Enterprise_Repository/02_GQMS_Controlled_Repository/00_Group_Shared/30_BPG/COM/01_Controlled_Documents/FRM,6,PS-GQMS-DOCUMENTS,00_Group_Shared,GMG-REPO-GQMS-DOCUMENTS-GRP,inherit from parent,YES,QA Documentation
GMG_Enterprise_Repository/02_GQMS_Controlled_Repository/00_Group_Shared/30_BPG/COM/01_Controlled_Documents/FRM/Approved_Pending_Effective,7,PS-GQMS-DOCUMENTS,00_Group_Shared,GMG-REPO-GQMS-DOCUMENTS-GRP,inherit from parent,YES,QA Documentation
GMG_Enterprise_Repository/02_GQMS_Controlled_Repository/00_Group_Shared/30_BPG/COM/01_Controlled_Documents/FRM/Draft,7,PS-GQMS-DOCUMENTS,00_Group_Shared,GMG-REPO-GQMS-DOCUMENTS-GRP,inherit from parent,YES,QA Documentation
GMG_Enterprise_Repository/02_GQMS_Controlled_Repository/00_Group_Shared/30_BPG/COM/01_Controlled_Documents/FRM/Effective,7,PS-GQMS-DOCUMENTS,00_Group_Shared,GMG-REPO-GQMS-DOCUMENTS-GRP,inherit from parent,YES,QA Documentation
GMG_Enterprise_Repository/02_GQMS_Controlled_Repository/00_Group_Shared/30_BPG/COM/01_Controlled_Documents/FRM/In_Review,7,PS-GQMS-DOCUMENTS,00_Group_Shared,GMG-REPO-GQMS-DOCUMENTS-GRP,inherit from parent,YES,QA Documentation
GMG_Enterprise_Repository/02_GQMS_Controlled_Repository/00_Group_Shared/30_BPG/COM/01_Controlled_Documents/FRM/Retired,7,PS-GQMS-DOCUMENTS,00_Group_Shared,GMG-REPO-GQMS-DOCUMENTS-GRP,inherit from parent,YES,QA Documentation
GMG_Enterprise_Repository/02_GQMS_Controlled_Repository/00_Group_Shared/30_BPG/COM/01_Controlled_Documents/FRM/Superseded,7,PS-GQMS-DOCUMENTS,00_Group_Shared,GMG-REPO-GQMS-DOCUMENTS-GRP,inherit from parent,YES,QA Documentation
GMG_Enterprise_Repository/02_GQMS_Controlled_Repository/00_Group_Shared/30_BPG/COM/01_Controlled_Documents/FWK,6,PS-GQMS-DOCUMENTS,00_Group_Shared,GMG-REPO-GQMS-DOCUMENTS-GRP,inherit from parent,YES,QA Documentation
GMG_Enterprise_Repository/02_GQMS_Controlled_Repository/00_Group_Shared/30_BPG/COM/01_Controlled_Documents/FWK/Approved_Pending_Effective,7,PS-GQMS-DOCUMENTS,00_Group_Shared,GMG-REPO-GQMS-DOCUMENTS-GRP,inherit from parent,YES,QA Documentation
GMG_Enterprise_Repository/02_GQMS_Controlled_Repository/00_Group_Shared/30_BPG/COM/01_Controlled_Documents/FWK/Draft,7,PS-GQMS-DOCUMENTS,00_Group_Shared,GMG-REPO-GQMS-DOCUMENTS-GRP,inherit from parent,YES,QA Documentation
GMG_Enterprise_Repository/02_GQMS_Controlled_Repository/00_Group_Shared/30_BPG/COM/01_Controlled_Documents/FWK/Effective,7,PS-GQMS-DOCUMENTS,00_Group_Shared,GMG-REPO-GQMS-DOCUMENTS-GRP,inherit from parent,YES,QA Documentation
GMG_Enterprise_Repository/02_GQMS_Controlled_Repository/00_Group_Shared/30_BPG/COM/01_Controlled_Documents/FWK/In_Review,7,PS-GQMS-DOCUMENTS,00_Group_Shared,GMG-REPO-GQMS-DOCUMENTS-GRP,inherit from parent,YES,QA Documentation
GMG_Enterprise_Repository/02_GQMS_Controlled_Repository/00_Group_Shared/30_BPG/COM/01_Controlled_Documents/FWK/Retired,7,PS-GQMS-DOCUMENTS,00_Group_Shared,GMG-REPO-GQMS-DOCUMENTS-GRP,inherit from parent,YES,QA Documentation
GMG_Enterprise_Repository/02_GQMS_Controlled_Repository/00_Group_Shared/30_BPG/COM/01_Controlled_Documents/FWK/Superseded,7,PS-GQMS-DOCUMENTS,00_Group_Shared,GMG-REPO-GQMS-DOCUMENTS-GRP,inherit from parent,YES,QA Documentation
GMG_Enterprise_Repository/02_GQMS_Controlled_Repository/00_Group_Shared/30_BPG/COM/01_Controlled_Documents/LOG,6,PS-GQMS-DOCUMENTS,00_Group_Shared,GMG-REPO-GQMS-DOCUMENTS-GRP,inherit from parent,YES,QA Documentation
GMG_Enterprise_Repository/02_GQMS_Controlled_Repository/00_Group_Shared/30_BPG/COM/01_Controlled_Documents/LOG/Approved_Pending_Effective,7,PS-GQMS-DOCUMENTS,00_Group_Shared,GMG-REPO-GQMS-DOCUMENTS-GRP,inherit from parent,YES,QA Documentation
GMG_Enterprise_Repository/02_GQMS_Controlled_Repository/00_Group_Shared/30_BPG/COM/01_Controlled_Documents/LOG/Draft,7,PS-GQMS-DOCUMENTS,00_Group_Shared,GMG-REPO-GQMS-DOCUMENTS-GRP,inherit from parent,YES,QA Documentation
GMG_Enterprise_Repository/02_GQMS_Controlled_Repository/00_Group_Shared/30_BPG/COM/01_Controlled_Documents/LOG/Effective,7,PS-GQMS-DOCUMENTS,00_Group_Shared,GMG-REPO-GQMS-DOCUMENTS-GRP,inherit from parent,YES,QA Documentation
GMG_Enterprise_Repository/02_GQMS_Controlled_Repository/00_Group_Shared/30_BPG/COM/01_Controlled_Documents/LOG/In_Review,7,PS-GQMS-DOCUMENTS,00_Group_Shared,GMG-REPO-GQMS-DOCUMENTS-GRP,inherit from parent,YES,QA Documentation
GMG_Enterprise_Repository/02_GQMS_Controlled_Repository/00_Group_Shared/30_BPG/COM/01_Controlled_Documents/LOG/Retired,7,PS-GQMS-DOCUMENTS,00_Group_Shared,GMG-REPO-GQMS-DOCUMENTS-GRP,inherit from parent,YES,QA Documentation
GMG_Enterprise_Repository/02_GQMS_Controlled_Repository/00_Group_Shared/30_BPG/COM/01_Controlled_Documents/LOG/Superseded,7,PS-GQMS-DOCUMENTS,00_Group_Shared,GMG-REPO-GQMS-DOCUMENTS-GRP,inherit from parent,YES,QA Documentation
GMG_Enterprise_Repository/02_GQMS_Controlled_Repository/00_Group_Shared/30_BPG/COM/01_Controlled_Documents/LST,6,PS-GQMS-DOCUMENTS,00_Group_Shared,GMG-REPO-GQMS-DOCUMENTS-GRP,inherit from parent,YES,QA Documentation
GMG_Enterprise_Repository/02_GQMS_Controlled_Repository/00_Group_Shared/30_BPG/COM/01_Controlled_Documents/LST/Approved_Pending_Effective,7,PS-GQMS-DOCUMENTS,00_Group_Shared,GMG-REPO-GQMS-DOCUMENTS-GRP,inherit from parent,YES,QA Documentation
GMG_Enterprise_Repository/02_GQMS_Controlled_Repository/00_Group_Shared/30_BPG/COM/01_Controlled_Documents/LST/Draft,7,PS-GQMS-DOCUMENTS,00_Group_Shared,GMG-REPO-GQMS-DOCUMENTS-GRP,inherit from parent,YES,QA Documentation
GMG_Enterprise_Repository/02_GQMS_Controlled_Repository/00_Group_Shared/30_BPG/COM/01_Controlled_Documents/LST/Effective,7,PS-GQMS-DOCUMENTS,00_Group_Shared,GMG-REPO-GQMS-DOCUMENTS-GRP,inherit from parent,YES,QA Documentation
GMG_Enterprise_Repository/02_GQMS_Controlled_Repository/00_Group_Shared/30_BPG/COM/01_Controlled_Documents/LST/In_Review,7,PS-GQMS-DOCUMENTS,00_Group_Shared,GMG-REPO-GQMS-DOCUMENTS-GRP,inherit from parent,YES,QA Documentation
GMG_Enterprise_Repository/02_GQMS_Controlled_Repository/00_Group_Shared/30_BPG/COM/01_Controlled_Documents/LST/Retired,7,PS-GQMS-DOCUMENTS,00_Group_Shared,GMG-REPO-GQMS-DOCUMENTS-GRP,inherit from parent,YES,QA Documentation
GMG_Enterprise_Repository/02_GQMS_Controlled_Repository/00_Group_Shared/30_BPG/COM/01_Controlled_Documents/LST/Superseded,7,PS-GQMS-DOCUMENTS,00_Group_Shared,GMG-REPO-GQMS-DOCUMENTS-GRP,inherit from parent,YES,QA Documentation
GMG_Enterprise_Repository/02_GQMS_Controlled_Repository/00_Group_Shared/30_BPG/COM/01_Controlled_Documents/MAN,6,PS-GQMS-DOCUMENTS,00_Group_Shared,GMG-REPO-GQMS-DOCUMENTS-GRP,inherit from parent,YES,QA Documentation
GMG_Enterprise_Repository/02_GQMS_Controlled_Repository/00_Group_Shared/30_BPG/COM/01_Controlled_Documents/MAN/Approved_Pending_Effective,7,PS-GQMS-DOCUMENTS,00_Group_Shared,GMG-REPO-GQMS-DOCUMENTS-GRP,inherit from parent,YES,QA Documentation
GMG_Enterprise_Repository/02_GQMS_Controlled_Repository/00_Group_Shared/30_BPG/COM/01_Controlled_Documents/MAN/Draft,7,PS-GQMS-DOCUMENTS,00_Group_Shared,GMG-REPO-GQMS-DOCUMENTS-GRP,inherit from parent,YES,QA Documentation
GMG_Enterprise_Repository/02_GQMS_Controlled_Repository/00_Group_Shared/30_BPG/COM/01_Controlled_Documents/MAN/Effective,7,PS-GQMS-DOCUMENTS,00_Group_Shared,GMG-REPO-GQMS-DOCUMENTS-GRP,inherit from parent,YES,QA Documentation
GMG_Enterprise_Repository/02_GQMS_Controlled_Repository/00_Group_Shared/30_BPG/COM/01_Controlled_Documents/MAN/In_Review,7,PS-GQMS-DOCUMENTS,00_Group_Shared,GMG-REPO-GQMS-DOCUMENTS-GRP,inherit from parent,YES,QA Documentation
GMG_Enterprise_Repository/02_GQMS_Controlled_Repository/00_Group_Shared/30_BPG/COM/01_Controlled_Documents/MAN/Retired,7,PS-GQMS-DOCUMENTS,00_Group_Shared,GMG-REPO-GQMS-DOCUMENTS-GRP,inherit from parent,YES,QA Documentation
GMG_Enterprise_Repository/02_GQMS_Controlled_Repository/00_Group_Shared/30_BPG/COM/01_Controlled_Documents/MAN/Superseded,7,PS-GQMS-DOCUMENTS,00_Group_Shared,GMG-REPO-GQMS-DOCUMENTS-GRP,inherit from parent,YES,QA Documentation
GMG_Enterprise_Repository/02_GQMS_Controlled_Repository/00_Group_Shared/30_BPG/COM/01_Controlled_Documents/MTX,6,PS-GQMS-DOCUMENTS,00_Group_Shared,GMG-REPO-GQMS-DOCUMENTS-GRP,inherit from parent,YES,QA Documentation
GMG_Enterprise_Repository/02_GQMS_Controlled_Repository/00_Group_Shared/30_BPG/COM/01_Controlled_Documents/MTX/Approved_Pending_Effective,7,PS-GQMS-DOCUMENTS,00_Group_Shared,GMG-REPO-GQMS-DOCUMENTS-GRP,inherit from parent,YES,QA Documentation
GMG_Enterprise_Repository/02_GQMS_Controlled_Repository/00_Group_Shared/30_BPG/COM/01_Controlled_Documents/MTX/Draft,7,PS-GQMS-DOCUMENTS,00_Group_Shared,GMG-REPO-GQMS-DOCUMENTS-GRP,inherit from parent,YES,QA Documentation
GMG_Enterprise_Repository/02_GQMS_Controlled_Repository/00_Group_Shared/30_BPG/COM/01_Controlled_Documents/MTX/Effective,7,PS-GQMS-DOCUMENTS,00_Group_Shared,GMG-REPO-GQMS-DOCUMENTS-GRP,inherit from parent,YES,QA Documentation
GMG_Enterprise_Repository/02_GQMS_Controlled_Repository/00_Group_Shared/30_BPG/COM/01_Controlled_Documents/MTX/In_Review,7,PS-GQMS-DOCUMENTS,00_Group_Shared,GMG-REPO-GQMS-DOCUMENTS-GRP,inherit from parent,YES,QA Documentation
GMG_Enterprise_Repository/02_GQMS_Controlled_Repository/00_Group_Shared/30_BPG/COM/01_Controlled_Documents/MTX/Retired,7,PS-GQMS-DOCUMENTS,00_Group_Shared,GMG-REPO-GQMS-DOCUMENTS-GRP,inherit from parent,YES,QA Documentation
GMG_Enterprise_Repository/02_GQMS_Controlled_Repository/00_Group_Shared/30_BPG/COM/01_Controlled_Documents/MTX/Superseded,7,PS-GQMS-DOCUMENTS,00_Group_Shared,GMG-REPO-GQMS-DOCUMENTS-GRP,inherit from parent,YES,QA Documentation
GMG_Enterprise_Repository/02_GQMS_Controlled_Repository/00_Group_Shared/30_BPG/COM/01_Controlled_Documents/PLN,6,PS-GQMS-DOCUMENTS,00_Group_Shared,GMG-REPO-GQMS-DOCUMENTS-GRP,inherit from parent,YES,QA Documentation
GMG_Enterprise_Repository/02_GQMS_Controlled_Repository/00_Group_Shared/30_BPG/COM/01_Controlled_Documents/PLN/Approved_Pending_Effective,7,PS-GQMS-DOCUMENTS,00_Group_Shared,GMG-REPO-GQMS-DOCUMENTS-GRP,inherit from parent,YES,QA Documentation
GMG_Enterprise_Repository/02_GQMS_Controlled_Repository/00_Group_Shared/30_BPG/COM/01_Controlled_Documents/PLN/Draft,7,PS-GQMS-DOCUMENTS,00_Group_Shared,GMG-REPO-GQMS-DOCUMENTS-GRP,inherit from parent,YES,QA Documentation
GMG_Enterprise_Repository/02_GQMS_Controlled_Repository/00_Group_Shared/30_BPG/COM/01_Controlled_Documents/PLN/Effective,7,PS-GQMS-DOCUMENTS,00_Group_Shared,GMG-REPO-GQMS-DOCUMENTS-GRP,inherit from parent,YES,QA Documentation
GMG_Enterprise_Repository/02_GQMS_Controlled_Repository/00_Group_Shared/30_BPG/COM/01_Controlled_Documents/PLN/In_Review,7,PS-GQMS-DOCUMENTS,00_Group_Shared,GMG-REPO-GQMS-DOCUMENTS-GRP,inherit from parent,YES,QA Documentation
GMG_Enterprise_Repository/02_GQMS_Controlled_Repository/00_Group_Shared/30_BPG/COM/01_Controlled_Documents/PLN/Retired,7,PS-GQMS-DOCUMENTS,00_Group_Shared,GMG-REPO-GQMS-DOCUMENTS-GRP,inherit from parent,YES,QA Documentation
GMG_Enterprise_Repository/02_GQMS_Controlled_Repository/00_Group_Shared/30_BPG/COM/01_Controlled_Documents/PLN/Superseded,7,PS-GQMS-DOCUMENTS,00_Group_Shared,GMG-REPO-GQMS-DOCUMENTS-GRP,inherit from parent,YES,QA Documentation
GMG_Enterprise_Repository/02_GQMS_Controlled_Repository/00_Group_Shared/30_BPG/COM/01_Controlled_Documents/POL,6,PS-GQMS-DOCUMENTS,00_Group_Shared,GMG-REPO-GQMS-DOCUMENTS-GRP,inherit from parent,YES,QA Documentation
GMG_Enterprise_Repository/02_GQMS_Controlled_Repository/00_Group_Shared/30_BPG/COM/01_Controlled_Documents/POL/Approved_Pending_Effective,7,PS-GQMS-DOCUMENTS,00_Group_Shared,GMG-REPO-GQMS-DOCUMENTS-GRP,inherit from parent,YES,QA Documentation
GMG_Enterprise_Repository/02_GQMS_Controlled_Repository/00_Group_Shared/30_BPG/COM/01_Controlled_Documents/POL/Draft,7,PS-GQMS-DOCUMENTS,00_Group_Shared,GMG-REPO-GQMS-DOCUMENTS-GRP,inherit from parent,YES,QA Documentation
GMG_Enterprise_Repository/02_GQMS_Controlled_Repository/00_Group_Shared/30_BPG/COM/01_Controlled_Documents/POL/Effective,7,PS-GQMS-DOCUMENTS,00_Group_Shared,GMG-REPO-GQMS-DOCUMENTS-GRP,inherit from parent,YES,QA Documentation
GMG_Enterprise_Repository/02_GQMS_Controlled_Repository/00_Group_Shared/30_BPG/COM/01_Controlled_Documents/POL/In_Review,7,PS-GQMS-DOCUMENTS,00_Group_Shared,GMG-REPO-GQMS-DOCUMENTS-GRP,inherit from parent,YES,QA Documentation
GMG_Enterprise_Repository/02_GQMS_Controlled_Repository/00_Group_Shared/30_BPG/COM/01_Controlled_Documents/POL/Retired,7,PS-GQMS-DOCUMENTS,00_Group_Shared,GMG-REPO-GQMS-DOCUMENTS-GRP,inherit from parent,YES,QA Documentation
GMG_Enterprise_Repository/02_GQMS_Controlled_Repository/00_Group_Shared/30_BPG/COM/01_Controlled_Documents/POL/Superseded,7,PS-GQMS-DOCUMENTS,00_Group_Shared,GMG-REPO-GQMS-DOCUMENTS-GRP,inherit from parent,YES,QA Documentation
GMG_Enterprise_Repository/02_GQMS_Controlled_Repository/00_Group_Shared/30_BPG/COM/01_Controlled_Documents/RSK,6,PS-GQMS-DOCUMENTS,00_Group_Shared,GMG-REPO-GQMS-DOCUMENTS-GRP,inherit from parent,YES,QA Documentation
GMG_Enterprise_Repository/02_GQMS_Controlled_Repository/00_Group_Shared/30_BPG/COM/01_Controlled_Documents/RSK/Approved_Pending_Effective,7,PS-GQMS-DOCUMENTS,00_Group_Shared,GMG-REPO-GQMS-DOCUMENTS-GRP,inherit from parent,YES,QA Documentation
GMG_Enterprise_Repository/02_GQMS_Controlled_Repository/00_Group_Shared/30_BPG/COM/01_Controlled_Documents/RSK/Draft,7,PS-GQMS-DOCUMENTS,00_Group_Shared,GMG-REPO-GQMS-DOCUMENTS-GRP,inherit from parent,YES,QA Documentation
GMG_Enterprise_Repository/02_GQMS_Controlled_Repository/00_Group_Shared/30_BPG/COM/01_Controlled_Documents/RSK/Effective,7,PS-GQMS-DOCUMENTS,00_Group_Shared,GMG-REPO-GQMS-DOCUMENTS-GRP,inherit from parent,YES,QA Documentation
GMG_Enterprise_Repository/02_GQMS_Controlled_Repository/00_Group_Shared/30_BPG/COM/01_Controlled_Documents/RSK/In_Review,7,PS-GQMS-DOCUMENTS,00_Group_Shared,GMG-REPO-GQMS-DOCUMENTS-GRP,inherit from parent,YES,QA Documentation
GMG_Enterprise_Repository/02_GQMS_Controlled_Repository/00_Group_Shared/30_BPG/COM/01_Controlled_Documents/RSK/Retired,7,PS-GQMS-DOCUMENTS,00_Group_Shared,GMG-REPO-GQMS-DOCUMENTS-GRP,inherit from parent,YES,QA Documentation
GMG_Enterprise_Repository/02_GQMS_Controlled_Repository/00_Group_Shared/30_BPG/COM/01_Controlled_Documents/RSK/Superseded,7,PS-GQMS-DOCUMENTS,00_Group_Shared,GMG-REPO-GQMS-DOCUMENTS-GRP,inherit from parent,YES,QA Documentation
GMG_Enterprise_Repository/02_GQMS_Controlled_Repository/00_Group_Shared/30_BPG/COM/01_Controlled_Documents/SOP,6,PS-GQMS-DOCUMENTS,00_Group_Shared,GMG-REPO-GQMS-DOCUMENTS-GRP,inherit from parent,YES,QA Documentation
GMG_Enterprise_Repository/02_GQMS_Controlled_Repository/00_Group_Shared/30_BPG/COM/01_Controlled_Documents/SOP/Approved_Pending_Effective,7,PS-GQMS-DOCUMENTS,00_Group_Shared,GMG-REPO-GQMS-DOCUMENTS-GRP,inherit from parent,YES,QA Documentation
GMG_Enterprise_Repository/02_GQMS_Controlled_Repository/00_Group_Shared/30_BPG/COM/01_Controlled_Documents/SOP/Draft,7,PS-GQMS-DOCUMENTS,00_Group_Shared,GMG-REPO-GQMS-DOCUMENTS-GRP,inherit from parent,YES,QA Documentation
GMG_Enterprise_Repository/02_GQMS_Controlled_Repository/00_Group_Shared/30_BPG/COM/01_Controlled_Documents/SOP/Effective,7,PS-GQMS-DOCUMENTS,00_Group_Shared,GMG-REPO-GQMS-DOCUMENTS-GRP,inherit from parent,YES,QA Documentation
GMG_Enterprise_Repository/02_GQMS_Controlled_Repository/00_Group_Shared/30_BPG/COM/01_Controlled_Documents/SOP/In_Review,7,PS-GQMS-DOCUMENTS,00_Group_Shared,GMG-REPO-GQMS-DOCUMENTS-GRP,inherit from parent,YES,QA Documentation
GMG_Enterprise_Repository/02_GQMS_Controlled_Repository/00_Group_Shared/30_BPG/COM/01_Controlled_Documents/SOP/Retired,7,PS-GQMS-DOCUMENTS,00_Group_Shared,GMG-REPO-GQMS-DOCUMENTS-GRP,inherit from parent,YES,QA Documentation
GMG_Enterprise_Repository/02_GQMS_Controlled_Repository/00_Group_Shared/30_BPG/COM/01_Controlled_Documents/SOP/Superseded,7,PS-GQMS-DOCUMENTS,00_Group_Shared,GMG-REPO-GQMS-DOCUMENTS-GRP,inherit from parent,YES,QA Documentation
GMG_Enterprise_Repository/02_GQMS_Controlled_Repository/00_Group_Shared/30_BPG/COM/01_Controlled_Documents/STD,6,PS-GQMS-DOCUMENTS,00_Group_Shared,GMG-REPO-GQMS-DOCUMENTS-GRP,inherit from parent,YES,QA Documentation
GMG_Enterprise_Repository/02_GQMS_Controlled_Repository/00_Group_Shared/30_BPG/COM/01_Controlled_Documents/STD/Approved_Pending_Effective,7,PS-GQMS-DOCUMENTS,00_Group_Shared,GMG-REPO-GQMS-DOCUMENTS-GRP,inherit from parent,YES,QA Documentation
GMG_Enterprise_Repository/02_GQMS_Controlled_Repository/00_Group_Shared/30_BPG/COM/01_Controlled_Documents/STD/Draft,7,PS-GQMS-DOCUMENTS,00_Group_Shared,GMG-REPO-GQMS-DOCUMENTS-GRP,inherit from parent,YES,QA Documentation
GMG_Enterprise_Repository/02_GQMS_Controlled_Repository/00_Group_Shared/30_BPG/COM/01_Controlled_Documents/STD/Effective,7,PS-GQMS-DOCUMENTS,00_Group_Shared,GMG-REPO-GQMS-DOCUMENTS-GRP,inherit from parent,YES,QA Documentation
GMG_Enterprise_Repository/02_GQMS_Controlled_Repository/00_Group_Shared/30_BPG/COM/01_Controlled_Documents/STD/In_Review,7,PS-GQMS-DOCUMENTS,00_Group_Shared,GMG-REPO-GQMS-DOCUMENTS-GRP,inherit from parent,YES,QA Documentation
GMG_Enterprise_Repository/02_GQMS_Controlled_Repository/00_Group_Shared/30_BPG/COM/01_Controlled_Documents/STD/Retired,7,PS-GQMS-DOCUMENTS,00_Group_Shared,GMG-REPO-GQMS-DOCUMENTS-GRP,inherit from parent,YES,QA Documentation
GMG_Enterprise_Repository/02_GQMS_Controlled_Repository/00_Group_Shared/30_BPG/COM/01_Controlled_Documents/STD/Superseded,7,PS-GQMS-DOCUMENTS,00_Group_Shared,GMG-REPO-GQMS-DOCUMENTS-GRP,inherit from parent,YES,QA Documentation
GMG_Enterprise_Repository/02_GQMS_Controlled_Repository/00_Group_Shared/30_BPG/COM/01_Controlled_Documents/TPL,6,PS-GQMS-DOCUMENTS,00_Group_Shared,GMG-REPO-GQMS-DOCUMENTS-GRP,inherit from parent,YES,QA Documentation
GMG_Enterprise_Repository/02_GQMS_Controlled_Repository/00_Group_Shared/30_BPG/COM/01_Controlled_Documents/TPL/Approved_Pending_Effective,7,PS-GQMS-DOCUMENTS,00_Group_Shared,GMG-REPO-GQMS-DOCUMENTS-GRP,inherit from parent,YES,QA Documentation
GMG_Enterprise_Repository/02_GQMS_Controlled_Repository/00_Group_Shared/30_BPG/COM/01_Controlled_Documents/TPL/Draft,7,PS-GQMS-DOCUMENTS,00_Group_Shared,GMG-REPO-GQMS-DOCUMENTS-GRP,inherit from parent,YES,QA Documentation
GMG_Enterprise_Repository/02_GQMS_Controlled_Repository/00_Group_Shared/30_BPG/COM/01_Controlled_Documents/TPL/Effective,7,PS-GQMS-DOCUMENTS,00_Group_Shared,GMG-REPO-GQMS-DOCUMENTS-GRP,inherit from parent,YES,QA Documentation
GMG_Enterprise_Repository/02_GQMS_Controlled_Repository/00_Group_Shared/30_BPG/COM/01_Controlled_Documents/TPL/In_Review,7,PS-GQMS-DOCUMENTS,00_Group_Shared,GMG-REPO-GQMS-DOCUMENTS-GRP,inherit from parent,YES,QA Documentation
GMG_Enterprise_Repository/02_GQMS_Controlled_Repository/00_Group_Shared/30_BPG/COM/01_Controlled_Documents/TPL/Retired,7,PS-GQMS-DOCUMENTS,00_Group_Shared,GMG-REPO-GQMS-DOCUMENTS-GRP,inherit from parent,YES,QA Documentation
GMG_Enterprise_Repository/02_GQMS_Controlled_Repository/00_Group_Shared/30_BPG/COM/01_Controlled_Documents/TPL/Superseded,7,PS-GQMS-DOCUMENTS,00_Group_Shared,GMG-REPO-GQMS-DOCUMENTS-GRP,inherit from parent,YES,QA Documentation
GMG_Enterprise_Repository/02_GQMS_Controlled_Repository/00_Group_Shared/30_BPG/COM/01_Controlled_Documents/URS,6,PS-GQMS-DOCUMENTS,00_Group_Shared,GMG-REPO-GQMS-DOCUMENTS-GRP,inherit from parent,YES,QA Documentation
GMG_Enterprise_Repository/02_GQMS_Controlled_Repository/00_Group_Shared/30_BPG/COM/01_Controlled_Documents/URS/Approved_Pending_Effective,7,PS-GQMS-DOCUMENTS,00_Group_Shared,GMG-REPO-GQMS-DOCUMENTS-GRP,inherit from parent,YES,QA Documentation
GMG_Enterprise_Repository/02_GQMS_Controlled_Repository/00_Group_Shared/30_BPG/COM/01_Controlled_Documents/URS/Draft,7,PS-GQMS-DOCUMENTS,00_Group_Shared,GMG-REPO-GQMS-DOCUMENTS-GRP,inherit from parent,YES,QA Documentation
GMG_Enterprise_Repository/02_GQMS_Controlled_Repository/00_Group_Shared/30_BPG/COM/01_Controlled_Documents/URS/Effective,7,PS-GQMS-DOCUMENTS,00_Group_Shared,GMG-REPO-GQMS-DOCUMENTS-GRP,inherit from parent,YES,QA Documentation
GMG_Enterprise_Repository/02_GQMS_Controlled_Repository/00_Group_Shared/30_BPG/COM/01_Controlled_Documents/URS/In_Review,7,PS-GQMS-DOCUMENTS,00_Group_Shared,GMG-REPO-GQMS-DOCUMENTS-GRP,inherit from parent,YES,QA Documentation
GMG_Enterprise_Repository/02_GQMS_Controlled_Repository/00_Group_Shared/30_BPG/COM/01_Controlled_Documents/URS/Retired,7,PS-GQMS-DOCUMENTS,00_Group_Shared,GMG-REPO-GQMS-DOCUMENTS-GRP,inherit from parent,YES,QA Documentation
GMG_Enterprise_Repository/02_GQMS_Controlled_Repository/00_Group_Shared/30_BPG/COM/01_Controlled_Documents/URS/Superseded,7,PS-GQMS-DOCUMENTS,00_Group_Shared,GMG-REPO-GQMS-DOCUMENTS-GRP,inherit from parent,YES,QA Documentation
GMG_Enterprise_Repository/02_GQMS_Controlled_Repository/00_Group_Shared/30_BPG/COM/01_Controlled_Documents/WIN,6,PS-GQMS-DOCUMENTS,00_Group_Shared,GMG-REPO-GQMS-DOCUMENTS-GRP,inherit from parent,YES,QA Documentation
GMG_Enterprise_Repository/02_GQMS_Controlled_Repository/00_Group_Shared/30_BPG/COM/01_Controlled_Documents/WIN/Approved_Pending_Effective,7,PS-GQMS-DOCUMENTS,00_Group_Shared,GMG-REPO-GQMS-DOCUMENTS-GRP,inherit from parent,YES,QA Documentation
GMG_Enterprise_Repository/02_GQMS_Controlled_Repository/00_Group_Shared/30_BPG/COM/01_Controlled_Documents/WIN/Draft,7,PS-GQMS-DOCUMENTS,00_Group_Shared,GMG-REPO-GQMS-DOCUMENTS-GRP,inherit from parent,YES,QA Documentation
GMG_Enterprise_Repository/02_GQMS_Controlled_Repository/00_Group_Shared/30_BPG/COM/01_Controlled_Documents/WIN/Effective,7,PS-GQMS-DOCUMENTS,00_Group_Shared,GMG-REPO-GQMS-DOCUMENTS-GRP,inherit from parent,YES,QA Documentation
GMG_Enterprise_Repository/02_GQMS_Controlled_Repository/00_Group_Shared/30_BPG/COM/01_Controlled_Documents/WIN/In_Review,7,PS-GQMS-DOCUMENTS,00_Group_Shared,GMG-REPO-GQMS-DOCUMENTS-GRP,inherit from parent,YES,QA Documentation
GMG_Enterprise_Repository/02_GQMS_Controlled_Repository/00_Group_Shared/30_BPG/COM/01_Controlled_Documents/WIN/Retired,7,PS-GQMS-DOCUMENTS,00_Group_Shared,GMG-REPO-GQMS-DOCUMENTS-GRP,inherit from parent,YES,QA Documentation
GMG_Enterprise_Repository/02_GQMS_Controlled_Repository/00_Group_Shared/30_BPG/COM/01_Controlled_Documents/WIN/Superseded,7,PS-GQMS-DOCUMENTS,00_Group_Shared,GMG-REPO-GQMS-DOCUMENTS-GRP,inherit from parent,YES,QA Documentation
GMG_Enterprise_Repository/02_GQMS_Controlled_Repository/00_Group_Shared/30_BPG/CTY,4,PS-GQMS-DOCUMENTS,00_Group_Shared,GMG-REPO-GQMS-DOCUMENTS-GRP,inherit from parent,YES,QA Documentation
GMG_Enterprise_Repository/02_GQMS_Controlled_Repository/00_Group_Shared/30_BPG/CTY/01_Controlled_Documents,5,PS-GQMS-DOCUMENTS,00_Group_Shared,GMG-REPO-GQMS-DOCUMENTS-GRP,inherit from parent,YES,QA Documentation
GMG_Enterprise_Repository/02_GQMS_Controlled_Repository/00_Group_Shared/30_BPG/CTY/01_Controlled_Documents/AGR,6,PS-GQMS-DOCUMENTS,00_Group_Shared,GMG-REPO-GQMS-DOCUMENTS-GRP,inherit from parent,YES,QA Documentation
GMG_Enterprise_Repository/02_GQMS_Controlled_Repository/00_Group_Shared/30_BPG/CTY/01_Controlled_Documents/AGR/Approved_Pending_Effective,7,PS-GQMS-DOCUMENTS,00_Group_Shared,GMG-REPO-GQMS-DOCUMENTS-GRP,inherit from parent,YES,QA Documentation
GMG_Enterprise_Repository/02_GQMS_Controlled_Repository/00_Group_Shared/30_BPG/CTY/01_Controlled_Documents/AGR/Draft,7,PS-GQMS-DOCUMENTS,00_Group_Shared,GMG-REPO-GQMS-DOCUMENTS-GRP,inherit from parent,YES,QA Documentation
GMG_Enterprise_Repository/02_GQMS_Controlled_Repository/00_Group_Shared/30_BPG/CTY/01_Controlled_Documents/AGR/Effective,7,PS-GQMS-DOCUMENTS,00_Group_Shared,GMG-REPO-GQMS-DOCUMENTS-GRP,inherit from parent,YES,QA Documentation
GMG_Enterprise_Repository/02_GQMS_Controlled_Repository/00_Group_Shared/30_BPG/CTY/01_Controlled_Documents/AGR/In_Review,7,PS-GQMS-DOCUMENTS,00_Group_Shared,GMG-REPO-GQMS-DOCUMENTS-GRP,inherit from parent,YES,QA Documentation
GMG_Enterprise_Repository/02_GQMS_Controlled_Repository/00_Group_Shared/30_BPG/CTY/01_Controlled_Documents/AGR/Retired,7,PS-GQMS-DOCUMENTS,00_Group_Shared,GMG-REPO-GQMS-DOCUMENTS-GRP,inherit from parent,YES,QA Documentation
GMG_Enterprise_Repository/02_GQMS_Controlled_Repository/00_Group_Shared/30_BPG/CTY/01_Controlled_Documents/AGR/Superseded,7,PS-GQMS-DOCUMENTS,00_Group_Shared,GMG-REPO-GQMS-DOCUMENTS-GRP,inherit from parent,YES,QA Documentation
GMG_Enterprise_Repository/02_GQMS_Controlled_Repository/00_Group_Shared/30_BPG/CTY/01_Controlled_Documents/CHK,6,PS-GQMS-DOCUMENTS,00_Group_Shared,GMG-REPO-GQMS-DOCUMENTS-GRP,inherit from parent,YES,QA Documentation
GMG_Enterprise_Repository/02_GQMS_Controlled_Repository/00_Group_Shared/30_BPG/CTY/01_Controlled_Documents/CHK/Approved_Pending_Effective,7,PS-GQMS-DOCUMENTS,00_Group_Shared,GMG-REPO-GQMS-DOCUMENTS-GRP,inherit from parent,YES,QA Documentation
GMG_Enterprise_Repository/02_GQMS_Controlled_Repository/00_Group_Shared/30_BPG/CTY/01_Controlled_Documents/CHK/Draft,7,PS-GQMS-DOCUMENTS,00_Group_Shared,GMG-REPO-GQMS-DOCUMENTS-GRP,inherit from parent,YES,QA Documentation
GMG_Enterprise_Repository/02_GQMS_Controlled_Repository/00_Group_Shared/30_BPG/CTY/01_Controlled_Documents/CHK/Effective,7,PS-GQMS-DOCUMENTS,00_Group_Shared,GMG-REPO-GQMS-DOCUMENTS-GRP,inherit from parent,YES,QA Documentation
GMG_Enterprise_Repository/02_GQMS_Controlled_Repository/00_Group_Shared/30_BPG/CTY/01_Controlled_Documents/CHK/In_Review,7,PS-GQMS-DOCUMENTS,00_Group_Shared,GMG-REPO-GQMS-DOCUMENTS-GRP,inherit from parent,YES,QA Documentation
GMG_Enterprise_Repository/02_GQMS_Controlled_Repository/00_Group_Shared/30_BPG/CTY/01_Controlled_Documents/CHK/Retired,7,PS-GQMS-DOCUMENTS,00_Group_Shared,GMG-REPO-GQMS-DOCUMENTS-GRP,inherit from parent,YES,QA Documentation
GMG_Enterprise_Repository/02_GQMS_Controlled_Repository/00_Group_Shared/30_BPG/CTY/01_Controlled_Documents/CHK/Superseded,7,PS-GQMS-DOCUMENTS,00_Group_Shared,GMG-REPO-GQMS-DOCUMENTS-GRP,inherit from parent,YES,QA Documentation
GMG_Enterprise_Repository/02_GQMS_Controlled_Repository/00_Group_Shared/30_BPG/CTY/01_Controlled_Documents/FRM,6,PS-GQMS-DOCUMENTS,00_Group_Shared,GMG-REPO-GQMS-DOCUMENTS-GRP,inherit from parent,YES,QA Documentation
GMG_Enterprise_Repository/02_GQMS_Controlled_Repository/00_Group_Shared/30_BPG/CTY/01_Controlled_Documents/FRM/Approved_Pending_Effective,7,PS-GQMS-DOCUMENTS,00_Group_Shared,GMG-REPO-GQMS-DOCUMENTS-GRP,inherit from parent,YES,QA Documentation
GMG_Enterprise_Repository/02_GQMS_Controlled_Repository/00_Group_Shared/30_BPG/CTY/01_Controlled_Documents/FRM/Draft,7,PS-GQMS-DOCUMENTS,00_Group_Shared,GMG-REPO-GQMS-DOCUMENTS-GRP,inherit from parent,YES,QA Documentation
GMG_Enterprise_Repository/02_GQMS_Controlled_Repository/00_Group_Shared/30_BPG/CTY/01_Controlled_Documents/FRM/Effective,7,PS-GQMS-DOCUMENTS,00_Group_Shared,GMG-REPO-GQMS-DOCUMENTS-GRP,inherit from parent,YES,QA Documentation
GMG_Enterprise_Repository/02_GQMS_Controlled_Repository/00_Group_Shared/30_BPG/CTY/01_Controlled_Documents/FRM/In_Review,7,PS-GQMS-DOCUMENTS,00_Group_Shared,GMG-REPO-GQMS-DOCUMENTS-GRP,inherit from parent,YES,QA Documentation
GMG_Enterprise_Repository/02_GQMS_Controlled_Repository/00_Group_Shared/30_BPG/CTY/01_Controlled_Documents/FRM/Retired,7,PS-GQMS-DOCUMENTS,00_Group_Shared,GMG-REPO-GQMS-DOCUMENTS-GRP,inherit from parent,YES,QA Documentation
GMG_Enterprise_Repository/02_GQMS_Controlled_Repository/00_Group_Shared/30_BPG/CTY/01_Controlled_Documents/FRM/Superseded,7,PS-GQMS-DOCUMENTS,00_Group_Shared,GMG-REPO-GQMS-DOCUMENTS-GRP,inherit from parent,YES,QA Documentation
GMG_Enterprise_Repository/02_GQMS_Controlled_Repository/00_Group_Shared/30_BPG/CTY/01_Controlled_Documents/LOG,6,PS-GQMS-DOCUMENTS,00_Group_Shared,GMG-REPO-GQMS-DOCUMENTS-GRP,inherit from parent,YES,QA Documentation
GMG_Enterprise_Repository/02_GQMS_Controlled_Repository/00_Group_Shared/30_BPG/CTY/01_Controlled_Documents/LOG/Approved_Pending_Effective,7,PS-GQMS-DOCUMENTS,00_Group_Shared,GMG-REPO-GQMS-DOCUMENTS-GRP,inherit from parent,YES,QA Documentation
GMG_Enterprise_Repository/02_GQMS_Controlled_Repository/00_Group_Shared/30_BPG/CTY/01_Controlled_Documents/LOG/Draft,7,PS-GQMS-DOCUMENTS,00_Group_Shared,GMG-REPO-GQMS-DOCUMENTS-GRP,inherit from parent,YES,QA Documentation
GMG_Enterprise_Repository/02_GQMS_Controlled_Repository/00_Group_Shared/30_BPG/CTY/01_Controlled_Documents/LOG/Effective,7,PS-GQMS-DOCUMENTS,00_Group_Shared,GMG-REPO-GQMS-DOCUMENTS-GRP,inherit from parent,YES,QA Documentation
GMG_Enterprise_Repository/02_GQMS_Controlled_Repository/00_Group_Shared/30_BPG/CTY/01_Controlled_Documents/LOG/In_Review,7,PS-GQMS-DOCUMENTS,00_Group_Shared,GMG-REPO-GQMS-DOCUMENTS-GRP,inherit from parent,YES,QA Documentation
GMG_Enterprise_Repository/02_GQMS_Controlled_Repository/00_Group_Shared/30_BPG/CTY/01_Controlled_Documents/LOG/Retired,7,PS-GQMS-DOCUMENTS,00_Group_Shared,GMG-REPO-GQMS-DOCUMENTS-GRP,inherit from parent,YES,QA Documentation
GMG_Enterprise_Repository/02_GQMS_Controlled_Repository/00_Group_Shared/30_BPG/CTY/01_Controlled_Documents/LOG/Superseded,7,PS-GQMS-DOCUMENTS,00_Group_Shared,GMG-REPO-GQMS-DOCUMENTS-GRP,inherit from parent,YES,QA Documentation
GMG_Enterprise_Repository/02_GQMS_Controlled_Repository/00_Group_Shared/30_BPG/CTY/01_Controlled_Documents/LST,6,PS-GQMS-DOCUMENTS,00_Group_Shared,GMG-REPO-GQMS-DOCUMENTS-GRP,inherit from parent,YES,QA Documentation
GMG_Enterprise_Repository/02_GQMS_Controlled_Repository/00_Group_Shared/30_BPG/CTY/01_Controlled_Documents/LST/Approved_Pending_Effective,7,PS-GQMS-DOCUMENTS,00_Group_Shared,GMG-REPO-GQMS-DOCUMENTS-GRP,inherit from parent,YES,QA Documentation
GMG_Enterprise_Repository/02_GQMS_Controlled_Repository/00_Group_Shared/30_BPG/CTY/01_Controlled_Documents/LST/Draft,7,PS-GQMS-DOCUMENTS,00_Group_Shared,GMG-REPO-GQMS-DOCUMENTS-GRP,inherit from parent,YES,QA Documentation
GMG_Enterprise_Repository/02_GQMS_Controlled_Repository/00_Group_Shared/30_BPG/CTY/01_Controlled_Documents/LST/Effective,7,PS-GQMS-DOCUMENTS,00_Group_Shared,GMG-REPO-GQMS-DOCUMENTS-GRP,inherit from parent,YES,QA Documentation
GMG_Enterprise_Repository/02_GQMS_Controlled_Repository/00_Group_Shared/30_BPG/CTY/01_Controlled_Documents/LST/In_Review,7,PS-GQMS-DOCUMENTS,00_Group_Shared,GMG-REPO-GQMS-DOCUMENTS-GRP,inherit from parent,YES,QA Documentation
GMG_Enterprise_Repository/02_GQMS_Controlled_Repository/00_Group_Shared/30_BPG/CTY/01_Controlled_Documents/LST/Retired,7,PS-GQMS-DOCUMENTS,00_Group_Shared,GMG-REPO-GQMS-DOCUMENTS-GRP,inherit from parent,YES,QA Documentation
GMG_Enterprise_Repository/02_GQMS_Controlled_Repository/00_Group_Shared/30_BPG/CTY/01_Controlled_Documents/LST/Superseded,7,PS-GQMS-DOCUMENTS,00_Group_Shared,GMG-REPO-GQMS-DOCUMENTS-GRP,inherit from parent,YES,QA Documentation
GMG_Enterprise_Repository/02_GQMS_Controlled_Repository/00_Group_Shared/30_BPG/CTY/01_Controlled_Documents/MTX,6,PS-GQMS-DOCUMENTS,00_Group_Shared,GMG-REPO-GQMS-DOCUMENTS-GRP,inherit from parent,YES,QA Documentation
GMG_Enterprise_Repository/02_GQMS_Controlled_Repository/00_Group_Shared/30_BPG/CTY/01_Controlled_Documents/MTX/Approved_Pending_Effective,7,PS-GQMS-DOCUMENTS,00_Group_Shared,GMG-REPO-GQMS-DOCUMENTS-GRP,inherit from parent,YES,QA Documentation
GMG_Enterprise_Repository/02_GQMS_Controlled_Repository/00_Group_Shared/30_BPG/CTY/01_Controlled_Documents/MTX/Draft,7,PS-GQMS-DOCUMENTS,00_Group_Shared,GMG-REPO-GQMS-DOCUMENTS-GRP,inherit from parent,YES,QA Documentation
GMG_Enterprise_Repository/02_GQMS_Controlled_Repository/00_Group_Shared/30_BPG/CTY/01_Controlled_Documents/MTX/Effective,7,PS-GQMS-DOCUMENTS,00_Group_Shared,GMG-REPO-GQMS-DOCUMENTS-GRP,inherit from parent,YES,QA Documentation
GMG_Enterprise_Repository/02_GQMS_Controlled_Repository/00_Group_Shared/30_BPG/CTY/01_Controlled_Documents/MTX/In_Review,7,PS-GQMS-DOCUMENTS,00_Group_Shared,GMG-REPO-GQMS-DOCUMENTS-GRP,inherit from parent,YES,QA Documentation
GMG_Enterprise_Repository/02_GQMS_Controlled_Repository/00_Group_Shared/30_BPG/CTY/01_Controlled_Documents/MTX/Retired,7,PS-GQMS-DOCUMENTS,00_Group_Shared,GMG-REPO-GQMS-DOCUMENTS-GRP,inherit from parent,YES,QA Documentation
GMG_Enterprise_Repository/02_GQMS_Controlled_Repository/00_Group_Shared/30_BPG/CTY/01_Controlled_Documents/MTX/Superseded,7,PS-GQMS-DOCUMENTS,00_Group_Shared,GMG-REPO-GQMS-DOCUMENTS-GRP,inherit from parent,YES,QA Documentation
GMG_Enterprise_Repository/02_GQMS_Controlled_Repository/00_Group_Shared/30_BPG/CTY/01_Controlled_Documents/PLN,6,PS-GQMS-DOCUMENTS,00_Group_Shared,GMG-REPO-GQMS-DOCUMENTS-GRP,inherit from parent,YES,QA Documentation
GMG_Enterprise_Repository/02_GQMS_Controlled_Repository/00_Group_Shared/30_BPG/CTY/01_Controlled_Documents/PLN/Approved_Pending_Effective,7,PS-GQMS-DOCUMENTS,00_Group_Shared,GMG-REPO-GQMS-DOCUMENTS-GRP,inherit from parent,YES,QA Documentation
GMG_Enterprise_Repository/02_GQMS_Controlled_Repository/00_Group_Shared/30_BPG/CTY/01_Controlled_Documents/PLN/Draft,7,PS-GQMS-DOCUMENTS,00_Group_Shared,GMG-REPO-GQMS-DOCUMENTS-GRP,inherit from parent,YES,QA Documentation
GMG_Enterprise_Repository/02_GQMS_Controlled_Repository/00_Group_Shared/30_BPG/CTY/01_Controlled_Documents/PLN/Effective,7,PS-GQMS-DOCUMENTS,00_Group_Shared,GMG-REPO-GQMS-DOCUMENTS-GRP,inherit from parent,YES,QA Documentation
GMG_Enterprise_Repository/02_GQMS_Controlled_Repository/00_Group_Shared/30_BPG/CTY/01_Controlled_Documents/PLN/In_Review,7,PS-GQMS-DOCUMENTS,00_Group_Shared,GMG-REPO-GQMS-DOCUMENTS-GRP,inherit from parent,YES,QA Documentation
GMG_Enterprise_Repository/02_GQMS_Controlled_Repository/00_Group_Shared/30_BPG/CTY/01_Controlled_Documents/PLN/Retired,7,PS-GQMS-DOCUMENTS,00_Group_Shared,GMG-REPO-GQMS-DOCUMENTS-GRP,inherit from parent,YES,QA Documentation
GMG_Enterprise_Repository/02_GQMS_Controlled_Repository/00_Group_Shared/30_BPG/CTY/01_Controlled_Documents/PLN/Superseded,7,PS-GQMS-DOCUMENTS,00_Group_Shared,GMG-REPO-GQMS-DOCUMENTS-GRP,inherit from parent,YES,QA Documentation
GMG_Enterprise_Repository/02_GQMS_Controlled_Repository/00_Group_Shared/30_BPG/CTY/01_Controlled_Documents/POL,6,PS-GQMS-DOCUMENTS,00_Group_Shared,GMG-REPO-GQMS-DOCUMENTS-GRP,inherit from parent,YES,QA Documentation
GMG_Enterprise_Repository/02_GQMS_Controlled_Repository/00_Group_Shared/30_BPG/CTY/01_Controlled_Documents/POL/Approved_Pending_Effective,7,PS-GQMS-DOCUMENTS,00_Group_Shared,GMG-REPO-GQMS-DOCUMENTS-GRP,inherit from parent,YES,QA Documentation
GMG_Enterprise_Repository/02_GQMS_Controlled_Repository/00_Group_Shared/30_BPG/CTY/01_Controlled_Documents/POL/Draft,7,PS-GQMS-DOCUMENTS,00_Group_Shared,GMG-REPO-GQMS-DOCUMENTS-GRP,inherit from parent,YES,QA Documentation
GMG_Enterprise_Repository/02_GQMS_Controlled_Repository/00_Group_Shared/30_BPG/CTY/01_Controlled_Documents/POL/Effective,7,PS-GQMS-DOCUMENTS,00_Group_Shared,GMG-REPO-GQMS-DOCUMENTS-GRP,inherit from parent,YES,QA Documentation
GMG_Enterprise_Repository/02_GQMS_Controlled_Repository/00_Group_Shared/30_BPG/CTY/01_Controlled_Documents/POL/In_Review,7,PS-GQMS-DOCUMENTS,00_Group_Shared,GMG-REPO-GQMS-DOCUMENTS-GRP,inherit from parent,YES,QA Documentation
GMG_Enterprise_Repository/02_GQMS_Controlled_Repository/00_Group_Shared/30_BPG/CTY/01_Controlled_Documents/POL/Retired,7,PS-GQMS-DOCUMENTS,00_Group_Shared,GMG-REPO-GQMS-DOCUMENTS-GRP,inherit from parent,YES,QA Documentation
GMG_Enterprise_Repository/02_GQMS_Controlled_Repository/00_Group_Shared/30_BPG/CTY/01_Controlled_Documents/POL/Superseded,7,PS-GQMS-DOCUMENTS,00_Group_Shared,GMG-REPO-GQMS-DOCUMENTS-GRP,inherit from parent,YES,QA Documentation
GMG_Enterprise_Repository/02_GQMS_Controlled_Repository/00_Group_Shared/30_BPG/CTY/01_Controlled_Documents/RSK,6,PS-GQMS-DOCUMENTS,00_Group_Shared,GMG-REPO-GQMS-DOCUMENTS-GRP,inherit from parent,YES,QA Documentation
GMG_Enterprise_Repository/02_GQMS_Controlled_Repository/00_Group_Shared/30_BPG/CTY/01_Controlled_Documents/RSK/Approved_Pending_Effective,7,PS-GQMS-DOCUMENTS,00_Group_Shared,GMG-REPO-GQMS-DOCUMENTS-GRP,inherit from parent,YES,QA Documentation
GMG_Enterprise_Repository/02_GQMS_Controlled_Repository/00_Group_Shared/30_BPG/CTY/01_Controlled_Documents/RSK/Draft,7,PS-GQMS-DOCUMENTS,00_Group_Shared,GMG-REPO-GQMS-DOCUMENTS-GRP,inherit from parent,YES,QA Documentation
GMG_Enterprise_Repository/02_GQMS_Controlled_Repository/00_Group_Shared/30_BPG/CTY/01_Controlled_Documents/RSK/Effective,7,PS-GQMS-DOCUMENTS,00_Group_Shared,GMG-REPO-GQMS-DOCUMENTS-GRP,inherit from parent,YES,QA Documentation
GMG_Enterprise_Repository/02_GQMS_Controlled_Repository/00_Group_Shared/30_BPG/CTY/01_Controlled_Documents/RSK/In_Review,7,PS-GQMS-DOCUMENTS,00_Group_Shared,GMG-REPO-GQMS-DOCUMENTS-GRP,inherit from parent,YES,QA Documentation
GMG_Enterprise_Repository/02_GQMS_Controlled_Repository/00_Group_Shared/30_BPG/CTY/01_Controlled_Documents/RSK/Retired,7,PS-GQMS-DOCUMENTS,00_Group_Shared,GMG-REPO-GQMS-DOCUMENTS-GRP,inherit from parent,YES,QA Documentation
GMG_Enterprise_Repository/02_GQMS_Controlled_Repository/00_Group_Shared/30_BPG/CTY/01_Controlled_Documents/RSK/Superseded,7,PS-GQMS-DOCUMENTS,00_Group_Shared,GMG-REPO-GQMS-DOCUMENTS-GRP,inherit from parent,YES,QA Documentation
GMG_Enterprise_Repository/02_GQMS_Controlled_Repository/00_Group_Shared/30_BPG/CTY/01_Controlled_Documents/SOP,6,PS-GQMS-DOCUMENTS,00_Group_Shared,GMG-REPO-GQMS-DOCUMENTS-GRP,inherit from parent,YES,QA Documentation
GMG_Enterprise_Repository/02_GQMS_Controlled_Repository/00_Group_Shared/30_BPG/CTY/01_Controlled_Documents/SOP/Approved_Pending_Effective,7,PS-GQMS-DOCUMENTS,00_Group_Shared,GMG-REPO-GQMS-DOCUMENTS-GRP,inherit from parent,YES,QA Documentation
GMG_Enterprise_Repository/02_GQMS_Controlled_Repository/00_Group_Shared/30_BPG/CTY/01_Controlled_Documents/SOP/Draft,7,PS-GQMS-DOCUMENTS,00_Group_Shared,GMG-REPO-GQMS-DOCUMENTS-GRP,inherit from parent,YES,QA Documentation
GMG_Enterprise_Repository/02_GQMS_Controlled_Repository/00_Group_Shared/30_BPG/CTY/01_Controlled_Documents/SOP/Effective,7,PS-GQMS-DOCUMENTS,00_Group_Shared,GMG-REPO-GQMS-DOCUMENTS-GRP,inherit from parent,YES,QA Documentation
GMG_Enterprise_Repository/02_GQMS_Controlled_Repository/00_Group_Shared/30_BPG/CTY/01_Controlled_Documents/SOP/In_Review,7,PS-GQMS-DOCUMENTS,00_Group_Shared,GMG-REPO-GQMS-DOCUMENTS-GRP,inherit from parent,YES,QA Documentation
GMG_Enterprise_Repository/02_GQMS_Controlled_Repository/00_Group_Shared/30_BPG/CTY/01_Controlled_Documents/SOP/Retired,7,PS-GQMS-DOCUMENTS,00_Group_Shared,GMG-REPO-GQMS-DOCUMENTS-GRP,inherit from parent,YES,QA Documentation
GMG_Enterprise_Repository/02_GQMS_Controlled_Repository/00_Group_Shared/30_BPG/CTY/01_Controlled_Documents/SOP/Superseded,7,PS-GQMS-DOCUMENTS,00_Group_Shared,GMG-REPO-GQMS-DOCUMENTS-GRP,inherit from parent,YES,QA Documentation
GMG_Enterprise_Repository/02_GQMS_Controlled_Repository/00_Group_Shared/30_BPG/CTY/01_Controlled_Documents/TPL,6,PS-GQMS-DOCUMENTS,00_Group_Shared,GMG-REPO-GQMS-DOCUMENTS-GRP,inherit from parent,YES,QA Documentation
GMG_Enterprise_Repository/02_GQMS_Controlled_Repository/00_Group_Shared/30_BPG/CTY/01_Controlled_Documents/TPL/Approved_Pending_Effective,7,PS-GQMS-DOCUMENTS,00_Group_Shared,GMG-REPO-GQMS-DOCUMENTS-GRP,inherit from parent,YES,QA Documentation
GMG_Enterprise_Repository/02_GQMS_Controlled_Repository/00_Group_Shared/30_BPG/CTY/01_Controlled_Documents/TPL/Draft,7,PS-GQMS-DOCUMENTS,00_Group_Shared,GMG-REPO-GQMS-DOCUMENTS-GRP,inherit from parent,YES,QA Documentation
GMG_Enterprise_Repository/02_GQMS_Controlled_Repository/00_Group_Shared/30_BPG/CTY/01_Controlled_Documents/TPL/Effective,7,PS-GQMS-DOCUMENTS,00_Group_Shared,GMG-REPO-GQMS-DOCUMENTS-GRP,inherit from parent,YES,QA Documentation
GMG_Enterprise_Repository/02_GQMS_Controlled_Repository/00_Group_Shared/30_BPG/CTY/01_Controlled_Documents/TPL/In_Review,7,PS-GQMS-DOCUMENTS,00_Group_Shared,GMG-REPO-GQMS-DOCUMENTS-GRP,inherit from parent,YES,QA Documentation
GMG_Enterprise_Repository/02_GQMS_Controlled_Repository/00_Group_Shared/30_BPG/CTY/01_Controlled_Documents/TPL/Retired,7,PS-GQMS-DOCUMENTS,00_Group_Shared,GMG-REPO-GQMS-DOCUMENTS-GRP,inherit from parent,YES,QA Documentation
GMG_Enterprise_Repository/02_GQMS_Controlled_Repository/00_Group_Shared/30_BPG/CTY/01_Controlled_Documents/TPL/Superseded,7,PS-GQMS-DOCUMENTS,00_Group_Shared,GMG-REPO-GQMS-DOCUMENTS-GRP,inherit from parent,YES,QA Documentation
GMG_Enterprise_Repository/02_GQMS_Controlled_Repository/00_Group_Shared/30_BPG/CTY/01_Controlled_Documents/WIN,6,PS-GQMS-DOCUMENTS,00_Group_Shared,GMG-REPO-GQMS-DOCUMENTS-GRP,inherit from parent,YES,QA Documentation
GMG_Enterprise_Repository/02_GQMS_Controlled_Repository/00_Group_Shared/30_BPG/CTY/01_Controlled_Documents/WIN/Approved_Pending_Effective,7,PS-GQMS-DOCUMENTS,00_Group_Shared,GMG-REPO-GQMS-DOCUMENTS-GRP,inherit from parent,YES,QA Documentation
GMG_Enterprise_Repository/02_GQMS_Controlled_Repository/00_Group_Shared/30_BPG/CTY/01_Controlled_Documents/WIN/Draft,7,PS-GQMS-DOCUMENTS,00_Group_Shared,GMG-REPO-GQMS-DOCUMENTS-GRP,inherit from parent,YES,QA Documentation
GMG_Enterprise_Repository/02_GQMS_Controlled_Repository/00_Group_Shared/30_BPG/CTY/01_Controlled_Documents/WIN/Effective,7,PS-GQMS-DOCUMENTS,00_Group_Shared,GMG-REPO-GQMS-DOCUMENTS-GRP,inherit from parent,YES,QA Documentation
GMG_Enterprise_Repository/02_GQMS_Controlled_Repository/00_Group_Shared/30_BPG/CTY/01_Controlled_Documents/WIN/In_Review,7,PS-GQMS-DOCUMENTS,00_Group_Shared,GMG-REPO-GQMS-DOCUMENTS-GRP,inherit from parent,YES,QA Documentation
GMG_Enterprise_Repository/02_GQMS_Controlled_Repository/00_Group_Shared/30_BPG/CTY/01_Controlled_Documents/WIN/Retired,7,PS-GQMS-DOCUMENTS,00_Group_Shared,GMG-REPO-GQMS-DOCUMENTS-GRP,inherit from parent,YES,QA Documentation
GMG_Enterprise_Repository/02_GQMS_Controlled_Repository/00_Group_Shared/30_BPG/CTY/01_Controlled_Documents/WIN/Superseded,7,PS-GQMS-DOCUMENTS,00_Group_Shared,GMG-REPO-GQMS-DOCUMENTS-GRP,inherit from parent,YES,QA Documentation
GMG_Enterprise_Repository/02_GQMS_Controlled_Repository/00_Group_Shared/30_BPG/CTY/02_Quality_Records,5,PS-GQMS-DOCUMENTS,00_Group_Shared,GMG-REPO-GQMS-DOCUMENTS-GRP,inherit from parent,YES,QA Documentation
GMG_Enterprise_Repository/02_GQMS_Controlled_Repository/00_Group_Shared/30_BPG/EHS,4,PS-GQMS-DOCUMENTS,00_Group_Shared,GMG-REPO-GQMS-DOCUMENTS-GRP,inherit from parent,YES,QA Documentation
GMG_Enterprise_Repository/02_GQMS_Controlled_Repository/00_Group_Shared/30_BPG/EHS/01_Controlled_Documents,5,PS-GQMS-DOCUMENTS,00_Group_Shared,GMG-REPO-GQMS-DOCUMENTS-GRP,inherit from parent,YES,QA Documentation
GMG_Enterprise_Repository/02_GQMS_Controlled_Repository/00_Group_Shared/30_BPG/EHS/01_Controlled_Documents/AGR,6,PS-GQMS-DOCUMENTS,00_Group_Shared,GMG-REPO-GQMS-DOCUMENTS-GRP,inherit from parent,YES,QA Documentation
GMG_Enterprise_Repository/02_GQMS_Controlled_Repository/00_Group_Shared/30_BPG/EHS/01_Controlled_Documents/AGR/Approved_Pending_Effective,7,PS-GQMS-DOCUMENTS,00_Group_Shared,GMG-REPO-GQMS-DOCUMENTS-GRP,inherit from parent,YES,QA Documentation
GMG_Enterprise_Repository/02_GQMS_Controlled_Repository/00_Group_Shared/30_BPG/EHS/01_Controlled_Documents/AGR/Draft,7,PS-GQMS-DOCUMENTS,00_Group_Shared,GMG-REPO-GQMS-DOCUMENTS-GRP,inherit from parent,YES,QA Documentation
GMG_Enterprise_Repository/02_GQMS_Controlled_Repository/00_Group_Shared/30_BPG/EHS/01_Controlled_Documents/AGR/Effective,7,PS-GQMS-DOCUMENTS,00_Group_Shared,GMG-REPO-GQMS-DOCUMENTS-GRP,inherit from parent,YES,QA Documentation
GMG_Enterprise_Repository/02_GQMS_Controlled_Repository/00_Group_Shared/30_BPG/EHS/01_Controlled_Documents/AGR/In_Review,7,PS-GQMS-DOCUMENTS,00_Group_Shared,GMG-REPO-GQMS-DOCUMENTS-GRP,inherit from parent,YES,QA Documentation
GMG_Enterprise_Repository/02_GQMS_Controlled_Repository/00_Group_Shared/30_BPG/EHS/01_Controlled_Documents/AGR/Retired,7,PS-GQMS-DOCUMENTS,00_Group_Shared,GMG-REPO-GQMS-DOCUMENTS-GRP,inherit from parent,YES,QA Documentation
GMG_Enterprise_Repository/02_GQMS_Controlled_Repository/00_Group_Shared/30_BPG/EHS/01_Controlled_Documents/AGR/Superseded,7,PS-GQMS-DOCUMENTS,00_Group_Shared,GMG-REPO-GQMS-DOCUMENTS-GRP,inherit from parent,YES,QA Documentation
GMG_Enterprise_Repository/02_GQMS_Controlled_Repository/00_Group_Shared/30_BPG/EHS/01_Controlled_Documents/CHK,6,PS-GQMS-DOCUMENTS,00_Group_Shared,GMG-REPO-GQMS-DOCUMENTS-GRP,inherit from parent,YES,QA Documentation
GMG_Enterprise_Repository/02_GQMS_Controlled_Repository/00_Group_Shared/30_BPG/EHS/01_Controlled_Documents/CHK/Approved_Pending_Effective,7,PS-GQMS-DOCUMENTS,00_Group_Shared,GMG-REPO-GQMS-DOCUMENTS-GRP,inherit from parent,YES,QA Documentation
GMG_Enterprise_Repository/02_GQMS_Controlled_Repository/00_Group_Shared/30_BPG/EHS/01_Controlled_Documents/CHK/Draft,7,PS-GQMS-DOCUMENTS,00_Group_Shared,GMG-REPO-GQMS-DOCUMENTS-GRP,inherit from parent,YES,QA Documentation
GMG_Enterprise_Repository/02_GQMS_Controlled_Repository/00_Group_Shared/30_BPG/EHS/01_Controlled_Documents/CHK/Effective,7,PS-GQMS-DOCUMENTS,00_Group_Shared,GMG-REPO-GQMS-DOCUMENTS-GRP,inherit from parent,YES,QA Documentation
GMG_Enterprise_Repository/02_GQMS_Controlled_Repository/00_Group_Shared/30_BPG/EHS/01_Controlled_Documents/CHK/In_Review,7,PS-GQMS-DOCUMENTS,00_Group_Shared,GMG-REPO-GQMS-DOCUMENTS-GRP,inherit from parent,YES,QA Documentation
GMG_Enterprise_Repository/02_GQMS_Controlled_Repository/00_Group_Shared/30_BPG/EHS/01_Controlled_Documents/CHK/Retired,7,PS-GQMS-DOCUMENTS,00_Group_Shared,GMG-REPO-GQMS-DOCUMENTS-GRP,inherit from parent,YES,QA Documentation
GMG_Enterprise_Repository/02_GQMS_Controlled_Repository/00_Group_Shared/30_BPG/EHS/01_Controlled_Documents/CHK/Superseded,7,PS-GQMS-DOCUMENTS,00_Group_Shared,GMG-REPO-GQMS-DOCUMENTS-GRP,inherit from parent,YES,QA Documentation
GMG_Enterprise_Repository/02_GQMS_Controlled_Repository/00_Group_Shared/30_BPG/EHS/01_Controlled_Documents/FRM,6,PS-GQMS-DOCUMENTS,00_Group_Shared,GMG-REPO-GQMS-DOCUMENTS-GRP,inherit from parent,YES,QA Documentation
GMG_Enterprise_Repository/02_GQMS_Controlled_Repository/00_Group_Shared/30_BPG/EHS/01_Controlled_Documents/FRM/Approved_Pending_Effective,7,PS-GQMS-DOCUMENTS,00_Group_Shared,GMG-REPO-GQMS-DOCUMENTS-GRP,inherit from parent,YES,QA Documentation
GMG_Enterprise_Repository/02_GQMS_Controlled_Repository/00_Group_Shared/30_BPG/EHS/01_Controlled_Documents/FRM/Draft,7,PS-GQMS-DOCUMENTS,00_Group_Shared,GMG-REPO-GQMS-DOCUMENTS-GRP,inherit from parent,YES,QA Documentation
GMG_Enterprise_Repository/02_GQMS_Controlled_Repository/00_Group_Shared/30_BPG/EHS/01_Controlled_Documents/FRM/Effective,7,PS-GQMS-DOCUMENTS,00_Group_Shared,GMG-REPO-GQMS-DOCUMENTS-GRP,inherit from parent,YES,QA Documentation
GMG_Enterprise_Repository/02_GQMS_Controlled_Repository/00_Group_Shared/30_BPG/EHS/01_Controlled_Documents/FRM/In_Review,7,PS-GQMS-DOCUMENTS,00_Group_Shared,GMG-REPO-GQMS-DOCUMENTS-GRP,inherit from parent,YES,QA Documentation
GMG_Enterprise_Repository/02_GQMS_Controlled_Repository/00_Group_Shared/30_BPG/EHS/01_Controlled_Documents/FRM/Retired,7,PS-GQMS-DOCUMENTS,00_Group_Shared,GMG-REPO-GQMS-DOCUMENTS-GRP,inherit from parent,YES,QA Documentation
GMG_Enterprise_Repository/02_GQMS_Controlled_Repository/00_Group_Shared/30_BPG/EHS/01_Controlled_Documents/FRM/Superseded,7,PS-GQMS-DOCUMENTS,00_Group_Shared,GMG-REPO-GQMS-DOCUMENTS-GRP,inherit from parent,YES,QA Documentation
GMG_Enterprise_Repository/02_GQMS_Controlled_Repository/00_Group_Shared/30_BPG/EHS/01_Controlled_Documents/LOG,6,PS-GQMS-DOCUMENTS,00_Group_Shared,GMG-REPO-GQMS-DOCUMENTS-GRP,inherit from parent,YES,QA Documentation
GMG_Enterprise_Repository/02_GQMS_Controlled_Repository/00_Group_Shared/30_BPG/EHS/01_Controlled_Documents/LOG/Approved_Pending_Effective,7,PS-GQMS-DOCUMENTS,00_Group_Shared,GMG-REPO-GQMS-DOCUMENTS-GRP,inherit from parent,YES,QA Documentation
GMG_Enterprise_Repository/02_GQMS_Controlled_Repository/00_Group_Shared/30_BPG/EHS/01_Controlled_Documents/LOG/Draft,7,PS-GQMS-DOCUMENTS,00_Group_Shared,GMG-REPO-GQMS-DOCUMENTS-GRP,inherit from parent,YES,QA Documentation
GMG_Enterprise_Repository/02_GQMS_Controlled_Repository/00_Group_Shared/30_BPG/EHS/01_Controlled_Documents/LOG/Effective,7,PS-GQMS-DOCUMENTS,00_Group_Shared,GMG-REPO-GQMS-DOCUMENTS-GRP,inherit from parent,YES,QA Documentation
GMG_Enterprise_Repository/02_GQMS_Controlled_Repository/00_Group_Shared/30_BPG/EHS/01_Controlled_Documents/LOG/In_Review,7,PS-GQMS-DOCUMENTS,00_Group_Shared,GMG-REPO-GQMS-DOCUMENTS-GRP,inherit from parent,YES,QA Documentation
GMG_Enterprise_Repository/02_GQMS_Controlled_Repository/00_Group_Shared/30_BPG/EHS/01_Controlled_Documents/LOG/Retired,7,PS-GQMS-DOCUMENTS,00_Group_Shared,GMG-REPO-GQMS-DOCUMENTS-GRP,inherit from parent,YES,QA Documentation
GMG_Enterprise_Repository/02_GQMS_Controlled_Repository/00_Group_Shared/30_BPG/EHS/01_Controlled_Documents/LOG/Superseded,7,PS-GQMS-DOCUMENTS,00_Group_Shared,GMG-REPO-GQMS-DOCUMENTS-GRP,inherit from parent,YES,QA Documentation
GMG_Enterprise_Repository/02_GQMS_Controlled_Repository/00_Group_Shared/30_BPG/EHS/01_Controlled_Documents/LST,6,PS-GQMS-DOCUMENTS,00_Group_Shared,GMG-REPO-GQMS-DOCUMENTS-GRP,inherit from parent,YES,QA Documentation
GMG_Enterprise_Repository/02_GQMS_Controlled_Repository/00_Group_Shared/30_BPG/EHS/01_Controlled_Documents/LST/Approved_Pending_Effective,7,PS-GQMS-DOCUMENTS,00_Group_Shared,GMG-REPO-GQMS-DOCUMENTS-GRP,inherit from parent,YES,QA Documentation
GMG_Enterprise_Repository/02_GQMS_Controlled_Repository/00_Group_Shared/30_BPG/EHS/01_Controlled_Documents/LST/Draft,7,PS-GQMS-DOCUMENTS,00_Group_Shared,GMG-REPO-GQMS-DOCUMENTS-GRP,inherit from parent,YES,QA Documentation
GMG_Enterprise_Repository/02_GQMS_Controlled_Repository/00_Group_Shared/30_BPG/EHS/01_Controlled_Documents/LST/Effective,7,PS-GQMS-DOCUMENTS,00_Group_Shared,GMG-REPO-GQMS-DOCUMENTS-GRP,inherit from parent,YES,QA Documentation
GMG_Enterprise_Repository/02_GQMS_Controlled_Repository/00_Group_Shared/30_BPG/EHS/01_Controlled_Documents/LST/In_Review,7,PS-GQMS-DOCUMENTS,00_Group_Shared,GMG-REPO-GQMS-DOCUMENTS-GRP,inherit from parent,YES,QA Documentation
GMG_Enterprise_Repository/02_GQMS_Controlled_Repository/00_Group_Shared/30_BPG/EHS/01_Controlled_Documents/LST/Retired,7,PS-GQMS-DOCUMENTS,00_Group_Shared,GMG-REPO-GQMS-DOCUMENTS-GRP,inherit from parent,YES,QA Documentation
GMG_Enterprise_Repository/02_GQMS_Controlled_Repository/00_Group_Shared/30_BPG/EHS/01_Controlled_Documents/LST/Superseded,7,PS-GQMS-DOCUMENTS,00_Group_Shared,GMG-REPO-GQMS-DOCUMENTS-GRP,inherit from parent,YES,QA Documentation
GMG_Enterprise_Repository/02_GQMS_Controlled_Repository/00_Group_Shared/30_BPG/EHS/01_Controlled_Documents/MTX,6,PS-GQMS-DOCUMENTS,00_Group_Shared,GMG-REPO-GQMS-DOCUMENTS-GRP,inherit from parent,YES,QA Documentation
GMG_Enterprise_Repository/02_GQMS_Controlled_Repository/00_Group_Shared/30_BPG/EHS/01_Controlled_Documents/MTX/Approved_Pending_Effective,7,PS-GQMS-DOCUMENTS,00_Group_Shared,GMG-REPO-GQMS-DOCUMENTS-GRP,inherit from parent,YES,QA Documentation
GMG_Enterprise_Repository/02_GQMS_Controlled_Repository/00_Group_Shared/30_BPG/EHS/01_Controlled_Documents/MTX/Draft,7,PS-GQMS-DOCUMENTS,00_Group_Shared,GMG-REPO-GQMS-DOCUMENTS-GRP,inherit from parent,YES,QA Documentation
GMG_Enterprise_Repository/02_GQMS_Controlled_Repository/00_Group_Shared/30_BPG/EHS/01_Controlled_Documents/MTX/Effective,7,PS-GQMS-DOCUMENTS,00_Group_Shared,GMG-REPO-GQMS-DOCUMENTS-GRP,inherit from parent,YES,QA Documentation
GMG_Enterprise_Repository/02_GQMS_Controlled_Repository/00_Group_Shared/30_BPG/EHS/01_Controlled_Documents/MTX/In_Review,7,PS-GQMS-DOCUMENTS,00_Group_Shared,GMG-REPO-GQMS-DOCUMENTS-GRP,inherit from parent,YES,QA Documentation
GMG_Enterprise_Repository/02_GQMS_Controlled_Repository/00_Group_Shared/30_BPG/EHS/01_Controlled_Documents/MTX/Retired,7,PS-GQMS-DOCUMENTS,00_Group_Shared,GMG-REPO-GQMS-DOCUMENTS-GRP,inherit from parent,YES,QA Documentation
GMG_Enterprise_Repository/02_GQMS_Controlled_Repository/00_Group_Shared/30_BPG/EHS/01_Controlled_Documents/MTX/Superseded,7,PS-GQMS-DOCUMENTS,00_Group_Shared,GMG-REPO-GQMS-DOCUMENTS-GRP,inherit from parent,YES,QA Documentation
GMG_Enterprise_Repository/02_GQMS_Controlled_Repository/00_Group_Shared/30_BPG/EHS/01_Controlled_Documents/PLN,6,PS-GQMS-DOCUMENTS,00_Group_Shared,GMG-REPO-GQMS-DOCUMENTS-GRP,inherit from parent,YES,QA Documentation
GMG_Enterprise_Repository/02_GQMS_Controlled_Repository/00_Group_Shared/30_BPG/EHS/01_Controlled_Documents/PLN/Approved_Pending_Effective,7,PS-GQMS-DOCUMENTS,00_Group_Shared,GMG-REPO-GQMS-DOCUMENTS-GRP,inherit from parent,YES,QA Documentation
GMG_Enterprise_Repository/02_GQMS_Controlled_Repository/00_Group_Shared/30_BPG/EHS/01_Controlled_Documents/PLN/Draft,7,PS-GQMS-DOCUMENTS,00_Group_Shared,GMG-REPO-GQMS-DOCUMENTS-GRP,inherit from parent,YES,QA Documentation
GMG_Enterprise_Repository/02_GQMS_Controlled_Repository/00_Group_Shared/30_BPG/EHS/01_Controlled_Documents/PLN/Effective,7,PS-GQMS-DOCUMENTS,00_Group_Shared,GMG-REPO-GQMS-DOCUMENTS-GRP,inherit from parent,YES,QA Documentation
GMG_Enterprise_Repository/02_GQMS_Controlled_Repository/00_Group_Shared/30_BPG/EHS/01_Controlled_Documents/PLN/In_Review,7,PS-GQMS-DOCUMENTS,00_Group_Shared,GMG-REPO-GQMS-DOCUMENTS-GRP,inherit from parent,YES,QA Documentation
GMG_Enterprise_Repository/02_GQMS_Controlled_Repository/00_Group_Shared/30_BPG/EHS/01_Controlled_Documents/PLN/Retired,7,PS-GQMS-DOCUMENTS,00_Group_Shared,GMG-REPO-GQMS-DOCUMENTS-GRP,inherit from parent,YES,QA Documentation
GMG_Enterprise_Repository/02_GQMS_Controlled_Repository/00_Group_Shared/30_BPG/EHS/01_Controlled_Documents/PLN/Superseded,7,PS-GQMS-DOCUMENTS,00_Group_Shared,GMG-REPO-GQMS-DOCUMENTS-GRP,inherit from parent,YES,QA Documentation
GMG_Enterprise_Repository/02_GQMS_Controlled_Repository/00_Group_Shared/30_BPG/EHS/01_Controlled_Documents/POL,6,PS-GQMS-DOCUMENTS,00_Group_Shared,GMG-REPO-GQMS-DOCUMENTS-GRP,inherit from parent,YES,QA Documentation
GMG_Enterprise_Repository/02_GQMS_Controlled_Repository/00_Group_Shared/30_BPG/EHS/01_Controlled_Documents/POL/Approved_Pending_Effective,7,PS-GQMS-DOCUMENTS,00_Group_Shared,GMG-REPO-GQMS-DOCUMENTS-GRP,inherit from parent,YES,QA Documentation
GMG_Enterprise_Repository/02_GQMS_Controlled_Repository/00_Group_Shared/30_BPG/EHS/01_Controlled_Documents/POL/Draft,7,PS-GQMS-DOCUMENTS,00_Group_Shared,GMG-REPO-GQMS-DOCUMENTS-GRP,inherit from parent,YES,QA Documentation
GMG_Enterprise_Repository/02_GQMS_Controlled_Repository/00_Group_Shared/30_BPG/EHS/01_Controlled_Documents/POL/Effective,7,PS-GQMS-DOCUMENTS,00_Group_Shared,GMG-REPO-GQMS-DOCUMENTS-GRP,inherit from parent,YES,QA Documentation
GMG_Enterprise_Repository/02_GQMS_Controlled_Repository/00_Group_Shared/30_BPG/EHS/01_Controlled_Documents/POL/In_Review,7,PS-GQMS-DOCUMENTS,00_Group_Shared,GMG-REPO-GQMS-DOCUMENTS-GRP,inherit from parent,YES,QA Documentation
GMG_Enterprise_Repository/02_GQMS_Controlled_Repository/00_Group_Shared/30_BPG/EHS/01_Controlled_Documents/POL/Retired,7,PS-GQMS-DOCUMENTS,00_Group_Shared,GMG-REPO-GQMS-DOCUMENTS-GRP,inherit from parent,YES,QA Documentation
GMG_Enterprise_Repository/02_GQMS_Controlled_Repository/00_Group_Shared/30_BPG/EHS/01_Controlled_Documents/POL/Superseded,7,PS-GQMS-DOCUMENTS,00_Group_Shared,GMG-REPO-GQMS-DOCUMENTS-GRP,inherit from parent,YES,QA Documentation
GMG_Enterprise_Repository/02_GQMS_Controlled_Repository/00_Group_Shared/30_BPG/EHS/01_Controlled_Documents/RSK,6,PS-GQMS-DOCUMENTS,00_Group_Shared,GMG-REPO-GQMS-DOCUMENTS-GRP,inherit from parent,YES,QA Documentation
GMG_Enterprise_Repository/02_GQMS_Controlled_Repository/00_Group_Shared/30_BPG/EHS/01_Controlled_Documents/RSK/Approved_Pending_Effective,7,PS-GQMS-DOCUMENTS,00_Group_Shared,GMG-REPO-GQMS-DOCUMENTS-GRP,inherit from parent,YES,QA Documentation
GMG_Enterprise_Repository/02_GQMS_Controlled_Repository/00_Group_Shared/30_BPG/EHS/01_Controlled_Documents/RSK/Draft,7,PS-GQMS-DOCUMENTS,00_Group_Shared,GMG-REPO-GQMS-DOCUMENTS-GRP,inherit from parent,YES,QA Documentation
GMG_Enterprise_Repository/02_GQMS_Controlled_Repository/00_Group_Shared/30_BPG/EHS/01_Controlled_Documents/RSK/Effective,7,PS-GQMS-DOCUMENTS,00_Group_Shared,GMG-REPO-GQMS-DOCUMENTS-GRP,inherit from parent,YES,QA Documentation
GMG_Enterprise_Repository/02_GQMS_Controlled_Repository/00_Group_Shared/30_BPG/EHS/01_Controlled_Documents/RSK/In_Review,7,PS-GQMS-DOCUMENTS,00_Group_Shared,GMG-REPO-GQMS-DOCUMENTS-GRP,inherit from parent,YES,QA Documentation
GMG_Enterprise_Repository/02_GQMS_Controlled_Repository/00_Group_Shared/30_BPG/EHS/01_Controlled_Documents/RSK/Retired,7,PS-GQMS-DOCUMENTS,00_Group_Shared,GMG-REPO-GQMS-DOCUMENTS-GRP,inherit from parent,YES,QA Documentation
GMG_Enterprise_Repository/02_GQMS_Controlled_Repository/00_Group_Shared/30_BPG/EHS/01_Controlled_Documents/RSK/Superseded,7,PS-GQMS-DOCUMENTS,00_Group_Shared,GMG-REPO-GQMS-DOCUMENTS-GRP,inherit from parent,YES,QA Documentation
GMG_Enterprise_Repository/02_GQMS_Controlled_Repository/00_Group_Shared/30_BPG/EHS/01_Controlled_Documents/SOP,6,PS-GQMS-DOCUMENTS,00_Group_Shared,GMG-REPO-GQMS-DOCUMENTS-GRP,inherit from parent,YES,QA Documentation
GMG_Enterprise_Repository/02_GQMS_Controlled_Repository/00_Group_Shared/30_BPG/EHS/01_Controlled_Documents/SOP/Approved_Pending_Effective,7,PS-GQMS-DOCUMENTS,00_Group_Shared,GMG-REPO-GQMS-DOCUMENTS-GRP,inherit from parent,YES,QA Documentation
GMG_Enterprise_Repository/02_GQMS_Controlled_Repository/00_Group_Shared/30_BPG/EHS/01_Controlled_Documents/SOP/Draft,7,PS-GQMS-DOCUMENTS,00_Group_Shared,GMG-REPO-GQMS-DOCUMENTS-GRP,inherit from parent,YES,QA Documentation
GMG_Enterprise_Repository/02_GQMS_Controlled_Repository/00_Group_Shared/30_BPG/EHS/01_Controlled_Documents/SOP/Effective,7,PS-GQMS-DOCUMENTS,00_Group_Shared,GMG-REPO-GQMS-DOCUMENTS-GRP,inherit from parent,YES,QA Documentation
GMG_Enterprise_Repository/02_GQMS_Controlled_Repository/00_Group_Shared/30_BPG/EHS/01_Controlled_Documents/SOP/In_Review,7,PS-GQMS-DOCUMENTS,00_Group_Shared,GMG-REPO-GQMS-DOCUMENTS-GRP,inherit from parent,YES,QA Documentation
GMG_Enterprise_Repository/02_GQMS_Controlled_Repository/00_Group_Shared/30_BPG/EHS/01_Controlled_Documents/SOP/Retired,7,PS-GQMS-DOCUMENTS,00_Group_Shared,GMG-REPO-GQMS-DOCUMENTS-GRP,inherit from parent,YES,QA Documentation
GMG_Enterprise_Repository/02_GQMS_Controlled_Repository/00_Group_Shared/30_BPG/EHS/01_Controlled_Documents/SOP/Superseded,7,PS-GQMS-DOCUMENTS,00_Group_Shared,GMG-REPO-GQMS-DOCUMENTS-GRP,inherit from parent,YES,QA Documentation
GMG_Enterprise_Repository/02_GQMS_Controlled_Repository/00_Group_Shared/30_BPG/EHS/01_Controlled_Documents/TPL,6,PS-GQMS-DOCUMENTS,00_Group_Shared,GMG-REPO-GQMS-DOCUMENTS-GRP,inherit from parent,YES,QA Documentation
GMG_Enterprise_Repository/02_GQMS_Controlled_Repository/00_Group_Shared/30_BPG/EHS/01_Controlled_Documents/TPL/Approved_Pending_Effective,7,PS-GQMS-DOCUMENTS,00_Group_Shared,GMG-REPO-GQMS-DOCUMENTS-GRP,inherit from parent,YES,QA Documentation
GMG_Enterprise_Repository/02_GQMS_Controlled_Repository/00_Group_Shared/30_BPG/EHS/01_Controlled_Documents/TPL/Draft,7,PS-GQMS-DOCUMENTS,00_Group_Shared,GMG-REPO-GQMS-DOCUMENTS-GRP,inherit from parent,YES,QA Documentation
GMG_Enterprise_Repository/02_GQMS_Controlled_Repository/00_Group_Shared/30_BPG/EHS/01_Controlled_Documents/TPL/Effective,7,PS-GQMS-DOCUMENTS,00_Group_Shared,GMG-REPO-GQMS-DOCUMENTS-GRP,inherit from parent,YES,QA Documentation
GMG_Enterprise_Repository/02_GQMS_Controlled_Repository/00_Group_Shared/30_BPG/EHS/01_Controlled_Documents/TPL/In_Review,7,PS-GQMS-DOCUMENTS,00_Group_Shared,GMG-REPO-GQMS-DOCUMENTS-GRP,inherit from parent,YES,QA Documentation
GMG_Enterprise_Repository/02_GQMS_Controlled_Repository/00_Group_Shared/30_BPG/EHS/01_Controlled_Documents/TPL/Retired,7,PS-GQMS-DOCUMENTS,00_Group_Shared,GMG-REPO-GQMS-DOCUMENTS-GRP,inherit from parent,YES,QA Documentation
GMG_Enterprise_Repository/02_GQMS_Controlled_Repository/00_Group_Shared/30_BPG/EHS/01_Controlled_Documents/TPL/Superseded,7,PS-GQMS-DOCUMENTS,00_Group_Shared,GMG-REPO-GQMS-DOCUMENTS-GRP,inherit from parent,YES,QA Documentation
GMG_Enterprise_Repository/02_GQMS_Controlled_Repository/00_Group_Shared/30_BPG/EHS/01_Controlled_Documents/WIN,6,PS-GQMS-DOCUMENTS,00_Group_Shared,GMG-REPO-GQMS-DOCUMENTS-GRP,inherit from parent,YES,QA Documentation
GMG_Enterprise_Repository/02_GQMS_Controlled_Repository/00_Group_Shared/30_BPG/EHS/01_Controlled_Documents/WIN/Approved_Pending_Effective,7,PS-GQMS-DOCUMENTS,00_Group_Shared,GMG-REPO-GQMS-DOCUMENTS-GRP,inherit from parent,YES,QA Documentation
GMG_Enterprise_Repository/02_GQMS_Controlled_Repository/00_Group_Shared/30_BPG/EHS/01_Controlled_Documents/WIN/Draft,7,PS-GQMS-DOCUMENTS,00_Group_Shared,GMG-REPO-GQMS-DOCUMENTS-GRP,inherit from parent,YES,QA Documentation
GMG_Enterprise_Repository/02_GQMS_Controlled_Repository/00_Group_Shared/30_BPG/EHS/01_Controlled_Documents/WIN/Effective,7,PS-GQMS-DOCUMENTS,00_Group_Shared,GMG-REPO-GQMS-DOCUMENTS-GRP,inherit from parent,YES,QA Documentation
GMG_Enterprise_Repository/02_GQMS_Controlled_Repository/00_Group_Shared/30_BPG/EHS/01_Controlled_Documents/WIN/In_Review,7,PS-GQMS-DOCUMENTS,00_Group_Shared,GMG-REPO-GQMS-DOCUMENTS-GRP,inherit from parent,YES,QA Documentation
GMG_Enterprise_Repository/02_GQMS_Controlled_Repository/00_Group_Shared/30_BPG/EHS/01_Controlled_Documents/WIN/Retired,7,PS-GQMS-DOCUMENTS,00_Group_Shared,GMG-REPO-GQMS-DOCUMENTS-GRP,inherit from parent,YES,QA Documentation
GMG_Enterprise_Repository/02_GQMS_Controlled_Repository/00_Group_Shared/30_BPG/EHS/01_Controlled_Documents/WIN/Superseded,7,PS-GQMS-DOCUMENTS,00_Group_Shared,GMG-REPO-GQMS-DOCUMENTS-GRP,inherit from parent,YES,QA Documentation
GMG_Enterprise_Repository/02_GQMS_Controlled_Repository/00_Group_Shared/30_BPG/EHS/02_Quality_Records,5,PS-GQMS-DOCUMENTS,00_Group_Shared,GMG-REPO-GQMS-DOCUMENTS-GRP,inherit from parent,YES,QA Documentation
GMG_Enterprise_Repository/02_GQMS_Controlled_Repository/00_Group_Shared/30_BPG/FAC,4,PS-GQMS-DOCUMENTS,00_Group_Shared,GMG-REPO-GQMS-DOCUMENTS-GRP,inherit from parent,YES,QA Documentation
GMG_Enterprise_Repository/02_GQMS_Controlled_Repository/00_Group_Shared/30_BPG/FAC/01_Controlled_Documents,5,PS-GQMS-DOCUMENTS,00_Group_Shared,GMG-REPO-GQMS-DOCUMENTS-GRP,inherit from parent,YES,QA Documentation
GMG_Enterprise_Repository/02_GQMS_Controlled_Repository/00_Group_Shared/30_BPG/FAC/01_Controlled_Documents/AGR,6,PS-GQMS-DOCUMENTS,00_Group_Shared,GMG-REPO-GQMS-DOCUMENTS-GRP,inherit from parent,YES,QA Documentation
GMG_Enterprise_Repository/02_GQMS_Controlled_Repository/00_Group_Shared/30_BPG/FAC/01_Controlled_Documents/AGR/Approved_Pending_Effective,7,PS-GQMS-DOCUMENTS,00_Group_Shared,GMG-REPO-GQMS-DOCUMENTS-GRP,inherit from parent,YES,QA Documentation
GMG_Enterprise_Repository/02_GQMS_Controlled_Repository/00_Group_Shared/30_BPG/FAC/01_Controlled_Documents/AGR/Draft,7,PS-GQMS-DOCUMENTS,00_Group_Shared,GMG-REPO-GQMS-DOCUMENTS-GRP,inherit from parent,YES,QA Documentation
GMG_Enterprise_Repository/02_GQMS_Controlled_Repository/00_Group_Shared/30_BPG/FAC/01_Controlled_Documents/AGR/Effective,7,PS-GQMS-DOCUMENTS,00_Group_Shared,GMG-REPO-GQMS-DOCUMENTS-GRP,inherit from parent,YES,QA Documentation
GMG_Enterprise_Repository/02_GQMS_Controlled_Repository/00_Group_Shared/30_BPG/FAC/01_Controlled_Documents/AGR/In_Review,7,PS-GQMS-DOCUMENTS,00_Group_Shared,GMG-REPO-GQMS-DOCUMENTS-GRP,inherit from parent,YES,QA Documentation
GMG_Enterprise_Repository/02_GQMS_Controlled_Repository/00_Group_Shared/30_BPG/FAC/01_Controlled_Documents/AGR/Retired,7,PS-GQMS-DOCUMENTS,00_Group_Shared,GMG-REPO-GQMS-DOCUMENTS-GRP,inherit from parent,YES,QA Documentation
GMG_Enterprise_Repository/02_GQMS_Controlled_Repository/00_Group_Shared/30_BPG/FAC/01_Controlled_Documents/AGR/Superseded,7,PS-GQMS-DOCUMENTS,00_Group_Shared,GMG-REPO-GQMS-DOCUMENTS-GRP,inherit from parent,YES,QA Documentation
GMG_Enterprise_Repository/02_GQMS_Controlled_Repository/00_Group_Shared/30_BPG/FAC/01_Controlled_Documents/CHK,6,PS-GQMS-DOCUMENTS,00_Group_Shared,GMG-REPO-GQMS-DOCUMENTS-GRP,inherit from parent,YES,QA Documentation
GMG_Enterprise_Repository/02_GQMS_Controlled_Repository/00_Group_Shared/30_BPG/FAC/01_Controlled_Documents/CHK/Approved_Pending_Effective,7,PS-GQMS-DOCUMENTS,00_Group_Shared,GMG-REPO-GQMS-DOCUMENTS-GRP,inherit from parent,YES,QA Documentation
GMG_Enterprise_Repository/02_GQMS_Controlled_Repository/00_Group_Shared/30_BPG/FAC/01_Controlled_Documents/CHK/Draft,7,PS-GQMS-DOCUMENTS,00_Group_Shared,GMG-REPO-GQMS-DOCUMENTS-GRP,inherit from parent,YES,QA Documentation
GMG_Enterprise_Repository/02_GQMS_Controlled_Repository/00_Group_Shared/30_BPG/FAC/01_Controlled_Documents/CHK/Effective,7,PS-GQMS-DOCUMENTS,00_Group_Shared,GMG-REPO-GQMS-DOCUMENTS-GRP,inherit from parent,YES,QA Documentation
GMG_Enterprise_Repository/02_GQMS_Controlled_Repository/00_Group_Shared/30_BPG/FAC/01_Controlled_Documents/CHK/In_Review,7,PS-GQMS-DOCUMENTS,00_Group_Shared,GMG-REPO-GQMS-DOCUMENTS-GRP,inherit from parent,YES,QA Documentation
GMG_Enterprise_Repository/02_GQMS_Controlled_Repository/00_Group_Shared/30_BPG/FAC/01_Controlled_Documents/CHK/Retired,7,PS-GQMS-DOCUMENTS,00_Group_Shared,GMG-REPO-GQMS-DOCUMENTS-GRP,inherit from parent,YES,QA Documentation
GMG_Enterprise_Repository/02_GQMS_Controlled_Repository/00_Group_Shared/30_BPG/FAC/01_Controlled_Documents/CHK/Superseded,7,PS-GQMS-DOCUMENTS,00_Group_Shared,GMG-REPO-GQMS-DOCUMENTS-GRP,inherit from parent,YES,QA Documentation
GMG_Enterprise_Repository/02_GQMS_Controlled_Repository/00_Group_Shared/30_BPG/FAC/01_Controlled_Documents/FRM,6,PS-GQMS-DOCUMENTS,00_Group_Shared,GMG-REPO-GQMS-DOCUMENTS-GRP,inherit from parent,YES,QA Documentation
GMG_Enterprise_Repository/02_GQMS_Controlled_Repository/00_Group_Shared/30_BPG/FAC/01_Controlled_Documents/FRM/Approved_Pending_Effective,7,PS-GQMS-DOCUMENTS,00_Group_Shared,GMG-REPO-GQMS-DOCUMENTS-GRP,inherit from parent,YES,QA Documentation
GMG_Enterprise_Repository/02_GQMS_Controlled_Repository/00_Group_Shared/30_BPG/FAC/01_Controlled_Documents/FRM/Draft,7,PS-GQMS-DOCUMENTS,00_Group_Shared,GMG-REPO-GQMS-DOCUMENTS-GRP,inherit from parent,YES,QA Documentation
GMG_Enterprise_Repository/02_GQMS_Controlled_Repository/00_Group_Shared/30_BPG/FAC/01_Controlled_Documents/FRM/Effective,7,PS-GQMS-DOCUMENTS,00_Group_Shared,GMG-REPO-GQMS-DOCUMENTS-GRP,inherit from parent,YES,QA Documentation
GMG_Enterprise_Repository/02_GQMS_Controlled_Repository/00_Group_Shared/30_BPG/FAC/01_Controlled_Documents/FRM/In_Review,7,PS-GQMS-DOCUMENTS,00_Group_Shared,GMG-REPO-GQMS-DOCUMENTS-GRP,inherit from parent,YES,QA Documentation
GMG_Enterprise_Repository/02_GQMS_Controlled_Repository/00_Group_Shared/30_BPG/FAC/01_Controlled_Documents/FRM/Retired,7,PS-GQMS-DOCUMENTS,00_Group_Shared,GMG-REPO-GQMS-DOCUMENTS-GRP,inherit from parent,YES,QA Documentation
GMG_Enterprise_Repository/02_GQMS_Controlled_Repository/00_Group_Shared/30_BPG/FAC/01_Controlled_Documents/FRM/Superseded,7,PS-GQMS-DOCUMENTS,00_Group_Shared,GMG-REPO-GQMS-DOCUMENTS-GRP,inherit from parent,YES,QA Documentation
GMG_Enterprise_Repository/02_GQMS_Controlled_Repository/00_Group_Shared/30_BPG/FAC/01_Controlled_Documents/LOG,6,PS-GQMS-DOCUMENTS,00_Group_Shared,GMG-REPO-GQMS-DOCUMENTS-GRP,inherit from parent,YES,QA Documentation
GMG_Enterprise_Repository/02_GQMS_Controlled_Repository/00_Group_Shared/30_BPG/FAC/01_Controlled_Documents/LOG/Approved_Pending_Effective,7,PS-GQMS-DOCUMENTS,00_Group_Shared,GMG-REPO-GQMS-DOCUMENTS-GRP,inherit from parent,YES,QA Documentation
GMG_Enterprise_Repository/02_GQMS_Controlled_Repository/00_Group_Shared/30_BPG/FAC/01_Controlled_Documents/LOG/Draft,7,PS-GQMS-DOCUMENTS,00_Group_Shared,GMG-REPO-GQMS-DOCUMENTS-GRP,inherit from parent,YES,QA Documentation
GMG_Enterprise_Repository/02_GQMS_Controlled_Repository/00_Group_Shared/30_BPG/FAC/01_Controlled_Documents/LOG/Effective,7,PS-GQMS-DOCUMENTS,00_Group_Shared,GMG-REPO-GQMS-DOCUMENTS-GRP,inherit from parent,YES,QA Documentation
GMG_Enterprise_Repository/02_GQMS_Controlled_Repository/00_Group_Shared/30_BPG/FAC/01_Controlled_Documents/LOG/In_Review,7,PS-GQMS-DOCUMENTS,00_Group_Shared,GMG-REPO-GQMS-DOCUMENTS-GRP,inherit from parent,YES,QA Documentation
GMG_Enterprise_Repository/02_GQMS_Controlled_Repository/00_Group_Shared/30_BPG/FAC/01_Controlled_Documents/LOG/Retired,7,PS-GQMS-DOCUMENTS,00_Group_Shared,GMG-REPO-GQMS-DOCUMENTS-GRP,inherit from parent,YES,QA Documentation
GMG_Enterprise_Repository/02_GQMS_Controlled_Repository/00_Group_Shared/30_BPG/FAC/01_Controlled_Documents/LOG/Superseded,7,PS-GQMS-DOCUMENTS,00_Group_Shared,GMG-REPO-GQMS-DOCUMENTS-GRP,inherit from parent,YES,QA Documentation
GMG_Enterprise_Repository/02_GQMS_Controlled_Repository/00_Group_Shared/30_BPG/FAC/01_Controlled_Documents/LST,6,PS-GQMS-DOCUMENTS,00_Group_Shared,GMG-REPO-GQMS-DOCUMENTS-GRP,inherit from parent,YES,QA Documentation
GMG_Enterprise_Repository/02_GQMS_Controlled_Repository/00_Group_Shared/30_BPG/FAC/01_Controlled_Documents/LST/Approved_Pending_Effective,7,PS-GQMS-DOCUMENTS,00_Group_Shared,GMG-REPO-GQMS-DOCUMENTS-GRP,inherit from parent,YES,QA Documentation
GMG_Enterprise_Repository/02_GQMS_Controlled_Repository/00_Group_Shared/30_BPG/FAC/01_Controlled_Documents/LST/Draft,7,PS-GQMS-DOCUMENTS,00_Group_Shared,GMG-REPO-GQMS-DOCUMENTS-GRP,inherit from parent,YES,QA Documentation
GMG_Enterprise_Repository/02_GQMS_Controlled_Repository/00_Group_Shared/30_BPG/FAC/01_Controlled_Documents/LST/Effective,7,PS-GQMS-DOCUMENTS,00_Group_Shared,GMG-REPO-GQMS-DOCUMENTS-GRP,inherit from parent,YES,QA Documentation
GMG_Enterprise_Repository/02_GQMS_Controlled_Repository/00_Group_Shared/30_BPG/FAC/01_Controlled_Documents/LST/In_Review,7,PS-GQMS-DOCUMENTS,00_Group_Shared,GMG-REPO-GQMS-DOCUMENTS-GRP,inherit from parent,YES,QA Documentation
GMG_Enterprise_Repository/02_GQMS_Controlled_Repository/00_Group_Shared/30_BPG/FAC/01_Controlled_Documents/LST/Retired,7,PS-GQMS-DOCUMENTS,00_Group_Shared,GMG-REPO-GQMS-DOCUMENTS-GRP,inherit from parent,YES,QA Documentation
GMG_Enterprise_Repository/02_GQMS_Controlled_Repository/00_Group_Shared/30_BPG/FAC/01_Controlled_Documents/LST/Superseded,7,PS-GQMS-DOCUMENTS,00_Group_Shared,GMG-REPO-GQMS-DOCUMENTS-GRP,inherit from parent,YES,QA Documentation
GMG_Enterprise_Repository/02_GQMS_Controlled_Repository/00_Group_Shared/30_BPG/FAC/01_Controlled_Documents/MTX,6,PS-GQMS-DOCUMENTS,00_Group_Shared,GMG-REPO-GQMS-DOCUMENTS-GRP,inherit from parent,YES,QA Documentation
GMG_Enterprise_Repository/02_GQMS_Controlled_Repository/00_Group_Shared/30_BPG/FAC/01_Controlled_Documents/MTX/Approved_Pending_Effective,7,PS-GQMS-DOCUMENTS,00_Group_Shared,GMG-REPO-GQMS-DOCUMENTS-GRP,inherit from parent,YES,QA Documentation
GMG_Enterprise_Repository/02_GQMS_Controlled_Repository/00_Group_Shared/30_BPG/FAC/01_Controlled_Documents/MTX/Draft,7,PS-GQMS-DOCUMENTS,00_Group_Shared,GMG-REPO-GQMS-DOCUMENTS-GRP,inherit from parent,YES,QA Documentation
GMG_Enterprise_Repository/02_GQMS_Controlled_Repository/00_Group_Shared/30_BPG/FAC/01_Controlled_Documents/MTX/Effective,7,PS-GQMS-DOCUMENTS,00_Group_Shared,GMG-REPO-GQMS-DOCUMENTS-GRP,inherit from parent,YES,QA Documentation
GMG_Enterprise_Repository/02_GQMS_Controlled_Repository/00_Group_Shared/30_BPG/FAC/01_Controlled_Documents/MTX/In_Review,7,PS-GQMS-DOCUMENTS,00_Group_Shared,GMG-REPO-GQMS-DOCUMENTS-GRP,inherit from parent,YES,QA Documentation
GMG_Enterprise_Repository/02_GQMS_Controlled_Repository/00_Group_Shared/30_BPG/FAC/01_Controlled_Documents/MTX/Retired,7,PS-GQMS-DOCUMENTS,00_Group_Shared,GMG-REPO-GQMS-DOCUMENTS-GRP,inherit from parent,YES,QA Documentation
GMG_Enterprise_Repository/02_GQMS_Controlled_Repository/00_Group_Shared/30_BPG/FAC/01_Controlled_Documents/MTX/Superseded,7,PS-GQMS-DOCUMENTS,00_Group_Shared,GMG-REPO-GQMS-DOCUMENTS-GRP,inherit from parent,YES,QA Documentation
GMG_Enterprise_Repository/02_GQMS_Controlled_Repository/00_Group_Shared/30_BPG/FAC/01_Controlled_Documents/PLN,6,PS-GQMS-DOCUMENTS,00_Group_Shared,GMG-REPO-GQMS-DOCUMENTS-GRP,inherit from parent,YES,QA Documentation
GMG_Enterprise_Repository/02_GQMS_Controlled_Repository/00_Group_Shared/30_BPG/FAC/01_Controlled_Documents/PLN/Approved_Pending_Effective,7,PS-GQMS-DOCUMENTS,00_Group_Shared,GMG-REPO-GQMS-DOCUMENTS-GRP,inherit from parent,YES,QA Documentation
GMG_Enterprise_Repository/02_GQMS_Controlled_Repository/00_Group_Shared/30_BPG/FAC/01_Controlled_Documents/PLN/Draft,7,PS-GQMS-DOCUMENTS,00_Group_Shared,GMG-REPO-GQMS-DOCUMENTS-GRP,inherit from parent,YES,QA Documentation
GMG_Enterprise_Repository/02_GQMS_Controlled_Repository/00_Group_Shared/30_BPG/FAC/01_Controlled_Documents/PLN/Effective,7,PS-GQMS-DOCUMENTS,00_Group_Shared,GMG-REPO-GQMS-DOCUMENTS-GRP,inherit from parent,YES,QA Documentation
GMG_Enterprise_Repository/02_GQMS_Controlled_Repository/00_Group_Shared/30_BPG/FAC/01_Controlled_Documents/PLN/In_Review,7,PS-GQMS-DOCUMENTS,00_Group_Shared,GMG-REPO-GQMS-DOCUMENTS-GRP,inherit from parent,YES,QA Documentation
GMG_Enterprise_Repository/02_GQMS_Controlled_Repository/00_Group_Shared/30_BPG/FAC/01_Controlled_Documents/PLN/Retired,7,PS-GQMS-DOCUMENTS,00_Group_Shared,GMG-REPO-GQMS-DOCUMENTS-GRP,inherit from parent,YES,QA Documentation
GMG_Enterprise_Repository/02_GQMS_Controlled_Repository/00_Group_Shared/30_BPG/FAC/01_Controlled_Documents/PLN/Superseded,7,PS-GQMS-DOCUMENTS,00_Group_Shared,GMG-REPO-GQMS-DOCUMENTS-GRP,inherit from parent,YES,QA Documentation
GMG_Enterprise_Repository/02_GQMS_Controlled_Repository/00_Group_Shared/30_BPG/FAC/01_Controlled_Documents/POL,6,PS-GQMS-DOCUMENTS,00_Group_Shared,GMG-REPO-GQMS-DOCUMENTS-GRP,inherit from parent,YES,QA Documentation
GMG_Enterprise_Repository/02_GQMS_Controlled_Repository/00_Group_Shared/30_BPG/FAC/01_Controlled_Documents/POL/Approved_Pending_Effective,7,PS-GQMS-DOCUMENTS,00_Group_Shared,GMG-REPO-GQMS-DOCUMENTS-GRP,inherit from parent,YES,QA Documentation
GMG_Enterprise_Repository/02_GQMS_Controlled_Repository/00_Group_Shared/30_BPG/FAC/01_Controlled_Documents/POL/Draft,7,PS-GQMS-DOCUMENTS,00_Group_Shared,GMG-REPO-GQMS-DOCUMENTS-GRP,inherit from parent,YES,QA Documentation
GMG_Enterprise_Repository/02_GQMS_Controlled_Repository/00_Group_Shared/30_BPG/FAC/01_Controlled_Documents/POL/Effective,7,PS-GQMS-DOCUMENTS,00_Group_Shared,GMG-REPO-GQMS-DOCUMENTS-GRP,inherit from parent,YES,QA Documentation
GMG_Enterprise_Repository/02_GQMS_Controlled_Repository/00_Group_Shared/30_BPG/FAC/01_Controlled_Documents/POL/In_Review,7,PS-GQMS-DOCUMENTS,00_Group_Shared,GMG-REPO-GQMS-DOCUMENTS-GRP,inherit from parent,YES,QA Documentation
GMG_Enterprise_Repository/02_GQMS_Controlled_Repository/00_Group_Shared/30_BPG/FAC/01_Controlled_Documents/POL/Retired,7,PS-GQMS-DOCUMENTS,00_Group_Shared,GMG-REPO-GQMS-DOCUMENTS-GRP,inherit from parent,YES,QA Documentation
GMG_Enterprise_Repository/02_GQMS_Controlled_Repository/00_Group_Shared/30_BPG/FAC/01_Controlled_Documents/POL/Superseded,7,PS-GQMS-DOCUMENTS,00_Group_Shared,GMG-REPO-GQMS-DOCUMENTS-GRP,inherit from parent,YES,QA Documentation
GMG_Enterprise_Repository/02_GQMS_Controlled_Repository/00_Group_Shared/30_BPG/FAC/01_Controlled_Documents/RSK,6,PS-GQMS-DOCUMENTS,00_Group_Shared,GMG-REPO-GQMS-DOCUMENTS-GRP,inherit from parent,YES,QA Documentation
GMG_Enterprise_Repository/02_GQMS_Controlled_Repository/00_Group_Shared/30_BPG/FAC/01_Controlled_Documents/RSK/Approved_Pending_Effective,7,PS-GQMS-DOCUMENTS,00_Group_Shared,GMG-REPO-GQMS-DOCUMENTS-GRP,inherit from parent,YES,QA Documentation
GMG_Enterprise_Repository/02_GQMS_Controlled_Repository/00_Group_Shared/30_BPG/FAC/01_Controlled_Documents/RSK/Draft,7,PS-GQMS-DOCUMENTS,00_Group_Shared,GMG-REPO-GQMS-DOCUMENTS-GRP,inherit from parent,YES,QA Documentation
GMG_Enterprise_Repository/02_GQMS_Controlled_Repository/00_Group_Shared/30_BPG/FAC/01_Controlled_Documents/RSK/Effective,7,PS-GQMS-DOCUMENTS,00_Group_Shared,GMG-REPO-GQMS-DOCUMENTS-GRP,inherit from parent,YES,QA Documentation
GMG_Enterprise_Repository/02_GQMS_Controlled_Repository/00_Group_Shared/30_BPG/FAC/01_Controlled_Documents/RSK/In_Review,7,PS-GQMS-DOCUMENTS,00_Group_Shared,GMG-REPO-GQMS-DOCUMENTS-GRP,inherit from parent,YES,QA Documentation
GMG_Enterprise_Repository/02_GQMS_Controlled_Repository/00_Group_Shared/30_BPG/FAC/01_Controlled_Documents/RSK/Retired,7,PS-GQMS-DOCUMENTS,00_Group_Shared,GMG-REPO-GQMS-DOCUMENTS-GRP,inherit from parent,YES,QA Documentation
GMG_Enterprise_Repository/02_GQMS_Controlled_Repository/00_Group_Shared/30_BPG/FAC/01_Controlled_Documents/RSK/Superseded,7,PS-GQMS-DOCUMENTS,00_Group_Shared,GMG-REPO-GQMS-DOCUMENTS-GRP,inherit from parent,YES,QA Documentation
GMG_Enterprise_Repository/02_GQMS_Controlled_Repository/00_Group_Shared/30_BPG/FAC/01_Controlled_Documents/SOP,6,PS-GQMS-DOCUMENTS,00_Group_Shared,GMG-REPO-GQMS-DOCUMENTS-GRP,inherit from parent,YES,QA Documentation
GMG_Enterprise_Repository/02_GQMS_Controlled_Repository/00_Group_Shared/30_BPG/FAC/01_Controlled_Documents/SOP/Approved_Pending_Effective,7,PS-GQMS-DOCUMENTS,00_Group_Shared,GMG-REPO-GQMS-DOCUMENTS-GRP,inherit from parent,YES,QA Documentation
GMG_Enterprise_Repository/02_GQMS_Controlled_Repository/00_Group_Shared/30_BPG/FAC/01_Controlled_Documents/SOP/Draft,7,PS-GQMS-DOCUMENTS,00_Group_Shared,GMG-REPO-GQMS-DOCUMENTS-GRP,inherit from parent,YES,QA Documentation
GMG_Enterprise_Repository/02_GQMS_Controlled_Repository/00_Group_Shared/30_BPG/FAC/01_Controlled_Documents/SOP/Effective,7,PS-GQMS-DOCUMENTS,00_Group_Shared,GMG-REPO-GQMS-DOCUMENTS-GRP,inherit from parent,YES,QA Documentation
GMG_Enterprise_Repository/02_GQMS_Controlled_Repository/00_Group_Shared/30_BPG/FAC/01_Controlled_Documents/SOP/In_Review,7,PS-GQMS-DOCUMENTS,00_Group_Shared,GMG-REPO-GQMS-DOCUMENTS-GRP,inherit from parent,YES,QA Documentation
GMG_Enterprise_Repository/02_GQMS_Controlled_Repository/00_Group_Shared/30_BPG/FAC/01_Controlled_Documents/SOP/Retired,7,PS-GQMS-DOCUMENTS,00_Group_Shared,GMG-REPO-GQMS-DOCUMENTS-GRP,inherit from parent,YES,QA Documentation
GMG_Enterprise_Repository/02_GQMS_Controlled_Repository/00_Group_Shared/30_BPG/FAC/01_Controlled_Documents/SOP/Superseded,7,PS-GQMS-DOCUMENTS,00_Group_Shared,GMG-REPO-GQMS-DOCUMENTS-GRP,inherit from parent,YES,QA Documentation
GMG_Enterprise_Repository/02_GQMS_Controlled_Repository/00_Group_Shared/30_BPG/FAC/01_Controlled_Documents/TPL,6,PS-GQMS-DOCUMENTS,00_Group_Shared,GMG-REPO-GQMS-DOCUMENTS-GRP,inherit from parent,YES,QA Documentation
GMG_Enterprise_Repository/02_GQMS_Controlled_Repository/00_Group_Shared/30_BPG/FAC/01_Controlled_Documents/TPL/Approved_Pending_Effective,7,PS-GQMS-DOCUMENTS,00_Group_Shared,GMG-REPO-GQMS-DOCUMENTS-GRP,inherit from parent,YES,QA Documentation
GMG_Enterprise_Repository/02_GQMS_Controlled_Repository/00_Group_Shared/30_BPG/FAC/01_Controlled_Documents/TPL/Draft,7,PS-GQMS-DOCUMENTS,00_Group_Shared,GMG-REPO-GQMS-DOCUMENTS-GRP,inherit from parent,YES,QA Documentation
GMG_Enterprise_Repository/02_GQMS_Controlled_Repository/00_Group_Shared/30_BPG/FAC/01_Controlled_Documents/TPL/Effective,7,PS-GQMS-DOCUMENTS,00_Group_Shared,GMG-REPO-GQMS-DOCUMENTS-GRP,inherit from parent,YES,QA Documentation
GMG_Enterprise_Repository/02_GQMS_Controlled_Repository/00_Group_Shared/30_BPG/FAC/01_Controlled_Documents/TPL/In_Review,7,PS-GQMS-DOCUMENTS,00_Group_Shared,GMG-REPO-GQMS-DOCUMENTS-GRP,inherit from parent,YES,QA Documentation
GMG_Enterprise_Repository/02_GQMS_Controlled_Repository/00_Group_Shared/30_BPG/FAC/01_Controlled_Documents/TPL/Retired,7,PS-GQMS-DOCUMENTS,00_Group_Shared,GMG-REPO-GQMS-DOCUMENTS-GRP,inherit from parent,YES,QA Documentation
GMG_Enterprise_Repository/02_GQMS_Controlled_Repository/00_Group_Shared/30_BPG/FAC/01_Controlled_Documents/TPL/Superseded,7,PS-GQMS-DOCUMENTS,00_Group_Shared,GMG-REPO-GQMS-DOCUMENTS-GRP,inherit from parent,YES,QA Documentation
GMG_Enterprise_Repository/02_GQMS_Controlled_Repository/00_Group_Shared/30_BPG/FAC/01_Controlled_Documents/WIN,6,PS-GQMS-DOCUMENTS,00_Group_Shared,GMG-REPO-GQMS-DOCUMENTS-GRP,inherit from parent,YES,QA Documentation
GMG_Enterprise_Repository/02_GQMS_Controlled_Repository/00_Group_Shared/30_BPG/FAC/01_Controlled_Documents/WIN/Approved_Pending_Effective,7,PS-GQMS-DOCUMENTS,00_Group_Shared,GMG-REPO-GQMS-DOCUMENTS-GRP,inherit from parent,YES,QA Documentation
GMG_Enterprise_Repository/02_GQMS_Controlled_Repository/00_Group_Shared/30_BPG/FAC/01_Controlled_Documents/WIN/Draft,7,PS-GQMS-DOCUMENTS,00_Group_Shared,GMG-REPO-GQMS-DOCUMENTS-GRP,inherit from parent,YES,QA Documentation
GMG_Enterprise_Repository/02_GQMS_Controlled_Repository/00_Group_Shared/30_BPG/FAC/01_Controlled_Documents/WIN/Effective,7,PS-GQMS-DOCUMENTS,00_Group_Shared,GMG-REPO-GQMS-DOCUMENTS-GRP,inherit from parent,YES,QA Documentation
GMG_Enterprise_Repository/02_GQMS_Controlled_Repository/00_Group_Shared/30_BPG/FAC/01_Controlled_Documents/WIN/In_Review,7,PS-GQMS-DOCUMENTS,00_Group_Shared,GMG-REPO-GQMS-DOCUMENTS-GRP,inherit from parent,YES,QA Documentation
GMG_Enterprise_Repository/02_GQMS_Controlled_Repository/00_Group_Shared/30_BPG/FAC/01_Controlled_Documents/WIN/Retired,7,PS-GQMS-DOCUMENTS,00_Group_Shared,GMG-REPO-GQMS-DOCUMENTS-GRP,inherit from parent,YES,QA Documentation
GMG_Enterprise_Repository/02_GQMS_Controlled_Repository/00_Group_Shared/30_BPG/FAC/01_Controlled_Documents/WIN/Superseded,7,PS-GQMS-DOCUMENTS,00_Group_Shared,GMG-REPO-GQMS-DOCUMENTS-GRP,inherit from parent,YES,QA Documentation
GMG_Enterprise_Repository/02_GQMS_Controlled_Repository/00_Group_Shared/30_BPG/FAC/02_Quality_Records,5,PS-GQMS-DOCUMENTS,00_Group_Shared,GMG-REPO-GQMS-DOCUMENTS-GRP,inherit from parent,YES,QA Documentation
GMG_Enterprise_Repository/02_GQMS_Controlled_Repository/00_Group_Shared/30_BPG/FIN,4,PS-GQMS-DOCUMENTS,00_Group_Shared,GMG-REPO-GQMS-DOCUMENTS-GRP,inherit from parent,YES,QA Documentation
GMG_Enterprise_Repository/02_GQMS_Controlled_Repository/00_Group_Shared/30_BPG/FIN/01_Controlled_Documents,5,PS-GQMS-DOCUMENTS,00_Group_Shared,GMG-REPO-GQMS-DOCUMENTS-GRP,inherit from parent,YES,QA Documentation
GMG_Enterprise_Repository/02_GQMS_Controlled_Repository/00_Group_Shared/30_BPG/FIN/01_Controlled_Documents/AGR,6,PS-GQMS-DOCUMENTS,00_Group_Shared,GMG-REPO-GQMS-DOCUMENTS-GRP,inherit from parent,YES,QA Documentation
GMG_Enterprise_Repository/02_GQMS_Controlled_Repository/00_Group_Shared/30_BPG/FIN/01_Controlled_Documents/AGR/Approved_Pending_Effective,7,PS-GQMS-DOCUMENTS,00_Group_Shared,GMG-REPO-GQMS-DOCUMENTS-GRP,inherit from parent,YES,QA Documentation
GMG_Enterprise_Repository/02_GQMS_Controlled_Repository/00_Group_Shared/30_BPG/FIN/01_Controlled_Documents/AGR/Draft,7,PS-GQMS-DOCUMENTS,00_Group_Shared,GMG-REPO-GQMS-DOCUMENTS-GRP,inherit from parent,YES,QA Documentation
GMG_Enterprise_Repository/02_GQMS_Controlled_Repository/00_Group_Shared/30_BPG/FIN/01_Controlled_Documents/AGR/Effective,7,PS-GQMS-DOCUMENTS,00_Group_Shared,GMG-REPO-GQMS-DOCUMENTS-GRP,inherit from parent,YES,QA Documentation
GMG_Enterprise_Repository/02_GQMS_Controlled_Repository/00_Group_Shared/30_BPG/FIN/01_Controlled_Documents/AGR/In_Review,7,PS-GQMS-DOCUMENTS,00_Group_Shared,GMG-REPO-GQMS-DOCUMENTS-GRP,inherit from parent,YES,QA Documentation
GMG_Enterprise_Repository/02_GQMS_Controlled_Repository/00_Group_Shared/30_BPG/FIN/01_Controlled_Documents/AGR/Retired,7,PS-GQMS-DOCUMENTS,00_Group_Shared,GMG-REPO-GQMS-DOCUMENTS-GRP,inherit from parent,YES,QA Documentation
GMG_Enterprise_Repository/02_GQMS_Controlled_Repository/00_Group_Shared/30_BPG/FIN/01_Controlled_Documents/AGR/Superseded,7,PS-GQMS-DOCUMENTS,00_Group_Shared,GMG-REPO-GQMS-DOCUMENTS-GRP,inherit from parent,YES,QA Documentation
GMG_Enterprise_Repository/02_GQMS_Controlled_Repository/00_Group_Shared/30_BPG/FIN/01_Controlled_Documents/CHK,6,PS-GQMS-DOCUMENTS,00_Group_Shared,GMG-REPO-GQMS-DOCUMENTS-GRP,inherit from parent,YES,QA Documentation
GMG_Enterprise_Repository/02_GQMS_Controlled_Repository/00_Group_Shared/30_BPG/FIN/01_Controlled_Documents/CHK/Approved_Pending_Effective,7,PS-GQMS-DOCUMENTS,00_Group_Shared,GMG-REPO-GQMS-DOCUMENTS-GRP,inherit from parent,YES,QA Documentation
GMG_Enterprise_Repository/02_GQMS_Controlled_Repository/00_Group_Shared/30_BPG/FIN/01_Controlled_Documents/CHK/Draft,7,PS-GQMS-DOCUMENTS,00_Group_Shared,GMG-REPO-GQMS-DOCUMENTS-GRP,inherit from parent,YES,QA Documentation
GMG_Enterprise_Repository/02_GQMS_Controlled_Repository/00_Group_Shared/30_BPG/FIN/01_Controlled_Documents/CHK/Effective,7,PS-GQMS-DOCUMENTS,00_Group_Shared,GMG-REPO-GQMS-DOCUMENTS-GRP,inherit from parent,YES,QA Documentation
GMG_Enterprise_Repository/02_GQMS_Controlled_Repository/00_Group_Shared/30_BPG/FIN/01_Controlled_Documents/CHK/In_Review,7,PS-GQMS-DOCUMENTS,00_Group_Shared,GMG-REPO-GQMS-DOCUMENTS-GRP,inherit from parent,YES,QA Documentation
GMG_Enterprise_Repository/02_GQMS_Controlled_Repository/00_Group_Shared/30_BPG/FIN/01_Controlled_Documents/CHK/Retired,7,PS-GQMS-DOCUMENTS,00_Group_Shared,GMG-REPO-GQMS-DOCUMENTS-GRP,inherit from parent,YES,QA Documentation
GMG_Enterprise_Repository/02_GQMS_Controlled_Repository/00_Group_Shared/30_BPG/FIN/01_Controlled_Documents/CHK/Superseded,7,PS-GQMS-DOCUMENTS,00_Group_Shared,GMG-REPO-GQMS-DOCUMENTS-GRP,inherit from parent,YES,QA Documentation
GMG_Enterprise_Repository/02_GQMS_Controlled_Repository/00_Group_Shared/30_BPG/FIN/01_Controlled_Documents/FRM,6,PS-GQMS-DOCUMENTS,00_Group_Shared,GMG-REPO-GQMS-DOCUMENTS-GRP,inherit from parent,YES,QA Documentation
GMG_Enterprise_Repository/02_GQMS_Controlled_Repository/00_Group_Shared/30_BPG/FIN/01_Controlled_Documents/FRM/Approved_Pending_Effective,7,PS-GQMS-DOCUMENTS,00_Group_Shared,GMG-REPO-GQMS-DOCUMENTS-GRP,inherit from parent,YES,QA Documentation
GMG_Enterprise_Repository/02_GQMS_Controlled_Repository/00_Group_Shared/30_BPG/FIN/01_Controlled_Documents/FRM/Draft,7,PS-GQMS-DOCUMENTS,00_Group_Shared,GMG-REPO-GQMS-DOCUMENTS-GRP,inherit from parent,YES,QA Documentation
GMG_Enterprise_Repository/02_GQMS_Controlled_Repository/00_Group_Shared/30_BPG/FIN/01_Controlled_Documents/FRM/Effective,7,PS-GQMS-DOCUMENTS,00_Group_Shared,GMG-REPO-GQMS-DOCUMENTS-GRP,inherit from parent,YES,QA Documentation
GMG_Enterprise_Repository/02_GQMS_Controlled_Repository/00_Group_Shared/30_BPG/FIN/01_Controlled_Documents/FRM/In_Review,7,PS-GQMS-DOCUMENTS,00_Group_Shared,GMG-REPO-GQMS-DOCUMENTS-GRP,inherit from parent,YES,QA Documentation
GMG_Enterprise_Repository/02_GQMS_Controlled_Repository/00_Group_Shared/30_BPG/FIN/01_Controlled_Documents/FRM/Retired,7,PS-GQMS-DOCUMENTS,00_Group_Shared,GMG-REPO-GQMS-DOCUMENTS-GRP,inherit from parent,YES,QA Documentation
GMG_Enterprise_Repository/02_GQMS_Controlled_Repository/00_Group_Shared/30_BPG/FIN/01_Controlled_Documents/FRM/Superseded,7,PS-GQMS-DOCUMENTS,00_Group_Shared,GMG-REPO-GQMS-DOCUMENTS-GRP,inherit from parent,YES,QA Documentation
GMG_Enterprise_Repository/02_GQMS_Controlled_Repository/00_Group_Shared/30_BPG/FIN/01_Controlled_Documents/LOG,6,PS-GQMS-DOCUMENTS,00_Group_Shared,GMG-REPO-GQMS-DOCUMENTS-GRP,inherit from parent,YES,QA Documentation
GMG_Enterprise_Repository/02_GQMS_Controlled_Repository/00_Group_Shared/30_BPG/FIN/01_Controlled_Documents/LOG/Approved_Pending_Effective,7,PS-GQMS-DOCUMENTS,00_Group_Shared,GMG-REPO-GQMS-DOCUMENTS-GRP,inherit from parent,YES,QA Documentation
GMG_Enterprise_Repository/02_GQMS_Controlled_Repository/00_Group_Shared/30_BPG/FIN/01_Controlled_Documents/LOG/Draft,7,PS-GQMS-DOCUMENTS,00_Group_Shared,GMG-REPO-GQMS-DOCUMENTS-GRP,inherit from parent,YES,QA Documentation
GMG_Enterprise_Repository/02_GQMS_Controlled_Repository/00_Group_Shared/30_BPG/FIN/01_Controlled_Documents/LOG/Effective,7,PS-GQMS-DOCUMENTS,00_Group_Shared,GMG-REPO-GQMS-DOCUMENTS-GRP,inherit from parent,YES,QA Documentation
GMG_Enterprise_Repository/02_GQMS_Controlled_Repository/00_Group_Shared/30_BPG/FIN/01_Controlled_Documents/LOG/In_Review,7,PS-GQMS-DOCUMENTS,00_Group_Shared,GMG-REPO-GQMS-DOCUMENTS-GRP,inherit from parent,YES,QA Documentation
GMG_Enterprise_Repository/02_GQMS_Controlled_Repository/00_Group_Shared/30_BPG/FIN/01_Controlled_Documents/LOG/Retired,7,PS-GQMS-DOCUMENTS,00_Group_Shared,GMG-REPO-GQMS-DOCUMENTS-GRP,inherit from parent,YES,QA Documentation
GMG_Enterprise_Repository/02_GQMS_Controlled_Repository/00_Group_Shared/30_BPG/FIN/01_Controlled_Documents/LOG/Superseded,7,PS-GQMS-DOCUMENTS,00_Group_Shared,GMG-REPO-GQMS-DOCUMENTS-GRP,inherit from parent,YES,QA Documentation
GMG_Enterprise_Repository/02_GQMS_Controlled_Repository/00_Group_Shared/30_BPG/FIN/01_Controlled_Documents/LST,6,PS-GQMS-DOCUMENTS,00_Group_Shared,GMG-REPO-GQMS-DOCUMENTS-GRP,inherit from parent,YES,QA Documentation
GMG_Enterprise_Repository/02_GQMS_Controlled_Repository/00_Group_Shared/30_BPG/FIN/01_Controlled_Documents/LST/Approved_Pending_Effective,7,PS-GQMS-DOCUMENTS,00_Group_Shared,GMG-REPO-GQMS-DOCUMENTS-GRP,inherit from parent,YES,QA Documentation
GMG_Enterprise_Repository/02_GQMS_Controlled_Repository/00_Group_Shared/30_BPG/FIN/01_Controlled_Documents/LST/Draft,7,PS-GQMS-DOCUMENTS,00_Group_Shared,GMG-REPO-GQMS-DOCUMENTS-GRP,inherit from parent,YES,QA Documentation
GMG_Enterprise_Repository/02_GQMS_Controlled_Repository/00_Group_Shared/30_BPG/FIN/01_Controlled_Documents/LST/Effective,7,PS-GQMS-DOCUMENTS,00_Group_Shared,GMG-REPO-GQMS-DOCUMENTS-GRP,inherit from parent,YES,QA Documentation
GMG_Enterprise_Repository/02_GQMS_Controlled_Repository/00_Group_Shared/30_BPG/FIN/01_Controlled_Documents/LST/In_Review,7,PS-GQMS-DOCUMENTS,00_Group_Shared,GMG-REPO-GQMS-DOCUMENTS-GRP,inherit from parent,YES,QA Documentation
GMG_Enterprise_Repository/02_GQMS_Controlled_Repository/00_Group_Shared/30_BPG/FIN/01_Controlled_Documents/LST/Retired,7,PS-GQMS-DOCUMENTS,00_Group_Shared,GMG-REPO-GQMS-DOCUMENTS-GRP,inherit from parent,YES,QA Documentation
GMG_Enterprise_Repository/02_GQMS_Controlled_Repository/00_Group_Shared/30_BPG/FIN/01_Controlled_Documents/LST/Superseded,7,PS-GQMS-DOCUMENTS,00_Group_Shared,GMG-REPO-GQMS-DOCUMENTS-GRP,inherit from parent,YES,QA Documentation
GMG_Enterprise_Repository/02_GQMS_Controlled_Repository/00_Group_Shared/30_BPG/FIN/01_Controlled_Documents/MTX,6,PS-GQMS-DOCUMENTS,00_Group_Shared,GMG-REPO-GQMS-DOCUMENTS-GRP,inherit from parent,YES,QA Documentation
GMG_Enterprise_Repository/02_GQMS_Controlled_Repository/00_Group_Shared/30_BPG/FIN/01_Controlled_Documents/MTX/Approved_Pending_Effective,7,PS-GQMS-DOCUMENTS,00_Group_Shared,GMG-REPO-GQMS-DOCUMENTS-GRP,inherit from parent,YES,QA Documentation
GMG_Enterprise_Repository/02_GQMS_Controlled_Repository/00_Group_Shared/30_BPG/FIN/01_Controlled_Documents/MTX/Draft,7,PS-GQMS-DOCUMENTS,00_Group_Shared,GMG-REPO-GQMS-DOCUMENTS-GRP,inherit from parent,YES,QA Documentation
GMG_Enterprise_Repository/02_GQMS_Controlled_Repository/00_Group_Shared/30_BPG/FIN/01_Controlled_Documents/MTX/Effective,7,PS-GQMS-DOCUMENTS,00_Group_Shared,GMG-REPO-GQMS-DOCUMENTS-GRP,inherit from parent,YES,QA Documentation
GMG_Enterprise_Repository/02_GQMS_Controlled_Repository/00_Group_Shared/30_BPG/FIN/01_Controlled_Documents/MTX/In_Review,7,PS-GQMS-DOCUMENTS,00_Group_Shared,GMG-REPO-GQMS-DOCUMENTS-GRP,inherit from parent,YES,QA Documentation
GMG_Enterprise_Repository/02_GQMS_Controlled_Repository/00_Group_Shared/30_BPG/FIN/01_Controlled_Documents/MTX/Retired,7,PS-GQMS-DOCUMENTS,00_Group_Shared,GMG-REPO-GQMS-DOCUMENTS-GRP,inherit from parent,YES,QA Documentation
GMG_Enterprise_Repository/02_GQMS_Controlled_Repository/00_Group_Shared/30_BPG/FIN/01_Controlled_Documents/MTX/Superseded,7,PS-GQMS-DOCUMENTS,00_Group_Shared,GMG-REPO-GQMS-DOCUMENTS-GRP,inherit from parent,YES,QA Documentation
GMG_Enterprise_Repository/02_GQMS_Controlled_Repository/00_Group_Shared/30_BPG/FIN/01_Controlled_Documents/PLN,6,PS-GQMS-DOCUMENTS,00_Group_Shared,GMG-REPO-GQMS-DOCUMENTS-GRP,inherit from parent,YES,QA Documentation
GMG_Enterprise_Repository/02_GQMS_Controlled_Repository/00_Group_Shared/30_BPG/FIN/01_Controlled_Documents/PLN/Approved_Pending_Effective,7,PS-GQMS-DOCUMENTS,00_Group_Shared,GMG-REPO-GQMS-DOCUMENTS-GRP,inherit from parent,YES,QA Documentation
GMG_Enterprise_Repository/02_GQMS_Controlled_Repository/00_Group_Shared/30_BPG/FIN/01_Controlled_Documents/PLN/Draft,7,PS-GQMS-DOCUMENTS,00_Group_Shared,GMG-REPO-GQMS-DOCUMENTS-GRP,inherit from parent,YES,QA Documentation
GMG_Enterprise_Repository/02_GQMS_Controlled_Repository/00_Group_Shared/30_BPG/FIN/01_Controlled_Documents/PLN/Effective,7,PS-GQMS-DOCUMENTS,00_Group_Shared,GMG-REPO-GQMS-DOCUMENTS-GRP,inherit from parent,YES,QA Documentation
GMG_Enterprise_Repository/02_GQMS_Controlled_Repository/00_Group_Shared/30_BPG/FIN/01_Controlled_Documents/PLN/In_Review,7,PS-GQMS-DOCUMENTS,00_Group_Shared,GMG-REPO-GQMS-DOCUMENTS-GRP,inherit from parent,YES,QA Documentation
GMG_Enterprise_Repository/02_GQMS_Controlled_Repository/00_Group_Shared/30_BPG/FIN/01_Controlled_Documents/PLN/Retired,7,PS-GQMS-DOCUMENTS,00_Group_Shared,GMG-REPO-GQMS-DOCUMENTS-GRP,inherit from parent,YES,QA Documentation
GMG_Enterprise_Repository/02_GQMS_Controlled_Repository/00_Group_Shared/30_BPG/FIN/01_Controlled_Documents/PLN/Superseded,7,PS-GQMS-DOCUMENTS,00_Group_Shared,GMG-REPO-GQMS-DOCUMENTS-GRP,inherit from parent,YES,QA Documentation
GMG_Enterprise_Repository/02_GQMS_Controlled_Repository/00_Group_Shared/30_BPG/FIN/01_Controlled_Documents/POL,6,PS-GQMS-DOCUMENTS,00_Group_Shared,GMG-REPO-GQMS-DOCUMENTS-GRP,inherit from parent,YES,QA Documentation
GMG_Enterprise_Repository/02_GQMS_Controlled_Repository/00_Group_Shared/30_BPG/FIN/01_Controlled_Documents/POL/Approved_Pending_Effective,7,PS-GQMS-DOCUMENTS,00_Group_Shared,GMG-REPO-GQMS-DOCUMENTS-GRP,inherit from parent,YES,QA Documentation
GMG_Enterprise_Repository/02_GQMS_Controlled_Repository/00_Group_Shared/30_BPG/FIN/01_Controlled_Documents/POL/Draft,7,PS-GQMS-DOCUMENTS,00_Group_Shared,GMG-REPO-GQMS-DOCUMENTS-GRP,inherit from parent,YES,QA Documentation
GMG_Enterprise_Repository/02_GQMS_Controlled_Repository/00_Group_Shared/30_BPG/FIN/01_Controlled_Documents/POL/Effective,7,PS-GQMS-DOCUMENTS,00_Group_Shared,GMG-REPO-GQMS-DOCUMENTS-GRP,inherit from parent,YES,QA Documentation
GMG_Enterprise_Repository/02_GQMS_Controlled_Repository/00_Group_Shared/30_BPG/FIN/01_Controlled_Documents/POL/In_Review,7,PS-GQMS-DOCUMENTS,00_Group_Shared,GMG-REPO-GQMS-DOCUMENTS-GRP,inherit from parent,YES,QA Documentation
GMG_Enterprise_Repository/02_GQMS_Controlled_Repository/00_Group_Shared/30_BPG/FIN/01_Controlled_Documents/POL/Retired,7,PS-GQMS-DOCUMENTS,00_Group_Shared,GMG-REPO-GQMS-DOCUMENTS-GRP,inherit from parent,YES,QA Documentation
GMG_Enterprise_Repository/02_GQMS_Controlled_Repository/00_Group_Shared/30_BPG/FIN/01_Controlled_Documents/POL/Superseded,7,PS-GQMS-DOCUMENTS,00_Group_Shared,GMG-REPO-GQMS-DOCUMENTS-GRP,inherit from parent,YES,QA Documentation
GMG_Enterprise_Repository/02_GQMS_Controlled_Repository/00_Group_Shared/30_BPG/FIN/01_Controlled_Documents/RSK,6,PS-GQMS-DOCUMENTS,00_Group_Shared,GMG-REPO-GQMS-DOCUMENTS-GRP,inherit from parent,YES,QA Documentation
GMG_Enterprise_Repository/02_GQMS_Controlled_Repository/00_Group_Shared/30_BPG/FIN/01_Controlled_Documents/RSK/Approved_Pending_Effective,7,PS-GQMS-DOCUMENTS,00_Group_Shared,GMG-REPO-GQMS-DOCUMENTS-GRP,inherit from parent,YES,QA Documentation
GMG_Enterprise_Repository/02_GQMS_Controlled_Repository/00_Group_Shared/30_BPG/FIN/01_Controlled_Documents/RSK/Draft,7,PS-GQMS-DOCUMENTS,00_Group_Shared,GMG-REPO-GQMS-DOCUMENTS-GRP,inherit from parent,YES,QA Documentation
GMG_Enterprise_Repository/02_GQMS_Controlled_Repository/00_Group_Shared/30_BPG/FIN/01_Controlled_Documents/RSK/Effective,7,PS-GQMS-DOCUMENTS,00_Group_Shared,GMG-REPO-GQMS-DOCUMENTS-GRP,inherit from parent,YES,QA Documentation
GMG_Enterprise_Repository/02_GQMS_Controlled_Repository/00_Group_Shared/30_BPG/FIN/01_Controlled_Documents/RSK/In_Review,7,PS-GQMS-DOCUMENTS,00_Group_Shared,GMG-REPO-GQMS-DOCUMENTS-GRP,inherit from parent,YES,QA Documentation
GMG_Enterprise_Repository/02_GQMS_Controlled_Repository/00_Group_Shared/30_BPG/FIN/01_Controlled_Documents/RSK/Retired,7,PS-GQMS-DOCUMENTS,00_Group_Shared,GMG-REPO-GQMS-DOCUMENTS-GRP,inherit from parent,YES,QA Documentation
GMG_Enterprise_Repository/02_GQMS_Controlled_Repository/00_Group_Shared/30_BPG/FIN/01_Controlled_Documents/RSK/Superseded,7,PS-GQMS-DOCUMENTS,00_Group_Shared,GMG-REPO-GQMS-DOCUMENTS-GRP,inherit from parent,YES,QA Documentation
GMG_Enterprise_Repository/02_GQMS_Controlled_Repository/00_Group_Shared/30_BPG/FIN/01_Controlled_Documents/SOP,6,PS-GQMS-DOCUMENTS,00_Group_Shared,GMG-REPO-GQMS-DOCUMENTS-GRP,inherit from parent,YES,QA Documentation
GMG_Enterprise_Repository/02_GQMS_Controlled_Repository/00_Group_Shared/30_BPG/FIN/01_Controlled_Documents/SOP/Approved_Pending_Effective,7,PS-GQMS-DOCUMENTS,00_Group_Shared,GMG-REPO-GQMS-DOCUMENTS-GRP,inherit from parent,YES,QA Documentation
GMG_Enterprise_Repository/02_GQMS_Controlled_Repository/00_Group_Shared/30_BPG/FIN/01_Controlled_Documents/SOP/Draft,7,PS-GQMS-DOCUMENTS,00_Group_Shared,GMG-REPO-GQMS-DOCUMENTS-GRP,inherit from parent,YES,QA Documentation
GMG_Enterprise_Repository/02_GQMS_Controlled_Repository/00_Group_Shared/30_BPG/FIN/01_Controlled_Documents/SOP/Effective,7,PS-GQMS-DOCUMENTS,00_Group_Shared,GMG-REPO-GQMS-DOCUMENTS-GRP,inherit from parent,YES,QA Documentation
GMG_Enterprise_Repository/02_GQMS_Controlled_Repository/00_Group_Shared/30_BPG/FIN/01_Controlled_Documents/SOP/In_Review,7,PS-GQMS-DOCUMENTS,00_Group_Shared,GMG-REPO-GQMS-DOCUMENTS-GRP,inherit from parent,YES,QA Documentation
GMG_Enterprise_Repository/02_GQMS_Controlled_Repository/00_Group_Shared/30_BPG/FIN/01_Controlled_Documents/SOP/Retired,7,PS-GQMS-DOCUMENTS,00_Group_Shared,GMG-REPO-GQMS-DOCUMENTS-GRP,inherit from parent,YES,QA Documentation
GMG_Enterprise_Repository/02_GQMS_Controlled_Repository/00_Group_Shared/30_BPG/FIN/01_Controlled_Documents/SOP/Superseded,7,PS-GQMS-DOCUMENTS,00_Group_Shared,GMG-REPO-GQMS-DOCUMENTS-GRP,inherit from parent,YES,QA Documentation
GMG_Enterprise_Repository/02_GQMS_Controlled_Repository/00_Group_Shared/30_BPG/FIN/01_Controlled_Documents/TPL,6,PS-GQMS-DOCUMENTS,00_Group_Shared,GMG-REPO-GQMS-DOCUMENTS-GRP,inherit from parent,YES,QA Documentation
GMG_Enterprise_Repository/02_GQMS_Controlled_Repository/00_Group_Shared/30_BPG/FIN/01_Controlled_Documents/TPL/Approved_Pending_Effective,7,PS-GQMS-DOCUMENTS,00_Group_Shared,GMG-REPO-GQMS-DOCUMENTS-GRP,inherit from parent,YES,QA Documentation
GMG_Enterprise_Repository/02_GQMS_Controlled_Repository/00_Group_Shared/30_BPG/FIN/01_Controlled_Documents/TPL/Draft,7,PS-GQMS-DOCUMENTS,00_Group_Shared,GMG-REPO-GQMS-DOCUMENTS-GRP,inherit from parent,YES,QA Documentation
GMG_Enterprise_Repository/02_GQMS_Controlled_Repository/00_Group_Shared/30_BPG/FIN/01_Controlled_Documents/TPL/Effective,7,PS-GQMS-DOCUMENTS,00_Group_Shared,GMG-REPO-GQMS-DOCUMENTS-GRP,inherit from parent,YES,QA Documentation
GMG_Enterprise_Repository/02_GQMS_Controlled_Repository/00_Group_Shared/30_BPG/FIN/01_Controlled_Documents/TPL/In_Review,7,PS-GQMS-DOCUMENTS,00_Group_Shared,GMG-REPO-GQMS-DOCUMENTS-GRP,inherit from parent,YES,QA Documentation
GMG_Enterprise_Repository/02_GQMS_Controlled_Repository/00_Group_Shared/30_BPG/FIN/01_Controlled_Documents/TPL/Retired,7,PS-GQMS-DOCUMENTS,00_Group_Shared,GMG-REPO-GQMS-DOCUMENTS-GRP,inherit from parent,YES,QA Documentation
GMG_Enterprise_Repository/02_GQMS_Controlled_Repository/00_Group_Shared/30_BPG/FIN/01_Controlled_Documents/TPL/Superseded,7,PS-GQMS-DOCUMENTS,00_Group_Shared,GMG-REPO-GQMS-DOCUMENTS-GRP,inherit from parent,YES,QA Documentation
GMG_Enterprise_Repository/02_GQMS_Controlled_Repository/00_Group_Shared/30_BPG/FIN/01_Controlled_Documents/WIN,6,PS-GQMS-DOCUMENTS,00_Group_Shared,GMG-REPO-GQMS-DOCUMENTS-GRP,inherit from parent,YES,QA Documentation
GMG_Enterprise_Repository/02_GQMS_Controlled_Repository/00_Group_Shared/30_BPG/FIN/01_Controlled_Documents/WIN/Approved_Pending_Effective,7,PS-GQMS-DOCUMENTS,00_Group_Shared,GMG-REPO-GQMS-DOCUMENTS-GRP,inherit from parent,YES,QA Documentation
GMG_Enterprise_Repository/02_GQMS_Controlled_Repository/00_Group_Shared/30_BPG/FIN/01_Controlled_Documents/WIN/Draft,7,PS-GQMS-DOCUMENTS,00_Group_Shared,GMG-REPO-GQMS-DOCUMENTS-GRP,inherit from parent,YES,QA Documentation
GMG_Enterprise_Repository/02_GQMS_Controlled_Repository/00_Group_Shared/30_BPG/FIN/01_Controlled_Documents/WIN/Effective,7,PS-GQMS-DOCUMENTS,00_Group_Shared,GMG-REPO-GQMS-DOCUMENTS-GRP,inherit from parent,YES,QA Documentation
GMG_Enterprise_Repository/02_GQMS_Controlled_Repository/00_Group_Shared/30_BPG/FIN/01_Controlled_Documents/WIN/In_Review,7,PS-GQMS-DOCUMENTS,00_Group_Shared,GMG-REPO-GQMS-DOCUMENTS-GRP,inherit from parent,YES,QA Documentation
GMG_Enterprise_Repository/02_GQMS_Controlled_Repository/00_Group_Shared/30_BPG/FIN/01_Controlled_Documents/WIN/Retired,7,PS-GQMS-DOCUMENTS,00_Group_Shared,GMG-REPO-GQMS-DOCUMENTS-GRP,inherit from parent,YES,QA Documentation
GMG_Enterprise_Repository/02_GQMS_Controlled_Repository/00_Group_Shared/30_BPG/FIN/01_Controlled_Documents/WIN/Superseded,7,PS-GQMS-DOCUMENTS,00_Group_Shared,GMG-REPO-GQMS-DOCUMENTS-GRP,inherit from parent,YES,QA Documentation
GMG_Enterprise_Repository/02_GQMS_Controlled_Repository/00_Group_Shared/30_BPG/FIN/02_Quality_Records,5,PS-GQMS-DOCUMENTS,00_Group_Shared,GMG-REPO-GQMS-DOCUMENTS-GRP,inherit from parent,YES,QA Documentation
GMG_Enterprise_Repository/02_GQMS_Controlled_Repository/00_Group_Shared/30_BPG/HR,4,PS-GQMS-DOCUMENTS,00_Group_Shared,GMG-REPO-GQMS-DOCUMENTS-GRP,inherit from parent,YES,HR Process Owner / QA Documentation
GMG_Enterprise_Repository/02_GQMS_Controlled_Repository/00_Group_Shared/30_BPG/HR/01_Controlled_Documents,5,PS-GQMS-DOCUMENTS,00_Group_Shared,GMG-REPO-GQMS-DOCUMENTS-GRP,inherit from parent,YES,QA Documentation
GMG_Enterprise_Repository/02_GQMS_Controlled_Repository/00_Group_Shared/30_BPG/HR/01_Controlled_Documents/AGR,6,PS-GQMS-DOCUMENTS,00_Group_Shared,GMG-REPO-GQMS-DOCUMENTS-GRP,inherit from parent,YES,QA Documentation
GMG_Enterprise_Repository/02_GQMS_Controlled_Repository/00_Group_Shared/30_BPG/HR/01_Controlled_Documents/AGR/Approved_Pending_Effective,7,PS-GQMS-DOCUMENTS,00_Group_Shared,GMG-REPO-GQMS-DOCUMENTS-GRP,inherit from parent,YES,QA Documentation
GMG_Enterprise_Repository/02_GQMS_Controlled_Repository/00_Group_Shared/30_BPG/HR/01_Controlled_Documents/AGR/Draft,7,PS-GQMS-DOCUMENTS,00_Group_Shared,GMG-REPO-GQMS-DOCUMENTS-GRP,inherit from parent,YES,QA Documentation
GMG_Enterprise_Repository/02_GQMS_Controlled_Repository/00_Group_Shared/30_BPG/HR/01_Controlled_Documents/AGR/Effective,7,PS-GQMS-DOCUMENTS,00_Group_Shared,GMG-REPO-GQMS-DOCUMENTS-GRP,inherit from parent,YES,QA Documentation
GMG_Enterprise_Repository/02_GQMS_Controlled_Repository/00_Group_Shared/30_BPG/HR/01_Controlled_Documents/AGR/In_Review,7,PS-GQMS-DOCUMENTS,00_Group_Shared,GMG-REPO-GQMS-DOCUMENTS-GRP,inherit from parent,YES,QA Documentation
GMG_Enterprise_Repository/02_GQMS_Controlled_Repository/00_Group_Shared/30_BPG/HR/01_Controlled_Documents/AGR/Retired,7,PS-GQMS-DOCUMENTS,00_Group_Shared,GMG-REPO-GQMS-DOCUMENTS-GRP,inherit from parent,YES,QA Documentation
GMG_Enterprise_Repository/02_GQMS_Controlled_Repository/00_Group_Shared/30_BPG/HR/01_Controlled_Documents/AGR/Superseded,7,PS-GQMS-DOCUMENTS,00_Group_Shared,GMG-REPO-GQMS-DOCUMENTS-GRP,inherit from parent,YES,QA Documentation
GMG_Enterprise_Repository/02_GQMS_Controlled_Repository/00_Group_Shared/30_BPG/HR/01_Controlled_Documents/CHK,6,PS-GQMS-DOCUMENTS,00_Group_Shared,GMG-REPO-GQMS-DOCUMENTS-GRP,inherit from parent,YES,QA Documentation
GMG_Enterprise_Repository/02_GQMS_Controlled_Repository/00_Group_Shared/30_BPG/HR/01_Controlled_Documents/CHK/Approved_Pending_Effective,7,PS-GQMS-DOCUMENTS,00_Group_Shared,GMG-REPO-GQMS-DOCUMENTS-GRP,inherit from parent,YES,QA Documentation
GMG_Enterprise_Repository/02_GQMS_Controlled_Repository/00_Group_Shared/30_BPG/HR/01_Controlled_Documents/CHK/Draft,7,PS-GQMS-DOCUMENTS,00_Group_Shared,GMG-REPO-GQMS-DOCUMENTS-GRP,inherit from parent,YES,QA Documentation
GMG_Enterprise_Repository/02_GQMS_Controlled_Repository/00_Group_Shared/30_BPG/HR/01_Controlled_Documents/CHK/Effective,7,PS-GQMS-DOCUMENTS,00_Group_Shared,GMG-REPO-GQMS-DOCUMENTS-GRP,inherit from parent,YES,QA Documentation
GMG_Enterprise_Repository/02_GQMS_Controlled_Repository/00_Group_Shared/30_BPG/HR/01_Controlled_Documents/CHK/In_Review,7,PS-GQMS-DOCUMENTS,00_Group_Shared,GMG-REPO-GQMS-DOCUMENTS-GRP,inherit from parent,YES,QA Documentation
GMG_Enterprise_Repository/02_GQMS_Controlled_Repository/00_Group_Shared/30_BPG/HR/01_Controlled_Documents/CHK/Retired,7,PS-GQMS-DOCUMENTS,00_Group_Shared,GMG-REPO-GQMS-DOCUMENTS-GRP,inherit from parent,YES,QA Documentation
GMG_Enterprise_Repository/02_GQMS_Controlled_Repository/00_Group_Shared/30_BPG/HR/01_Controlled_Documents/CHK/Superseded,7,PS-GQMS-DOCUMENTS,00_Group_Shared,GMG-REPO-GQMS-DOCUMENTS-GRP,inherit from parent,YES,QA Documentation
GMG_Enterprise_Repository/02_GQMS_Controlled_Repository/00_Group_Shared/30_BPG/HR/01_Controlled_Documents/FRM,6,PS-GQMS-DOCUMENTS,00_Group_Shared,GMG-REPO-GQMS-DOCUMENTS-GRP,inherit from parent,YES,QA Documentation
GMG_Enterprise_Repository/02_GQMS_Controlled_Repository/00_Group_Shared/30_BPG/HR/01_Controlled_Documents/FRM/Approved_Pending_Effective,7,PS-GQMS-DOCUMENTS,00_Group_Shared,GMG-REPO-GQMS-DOCUMENTS-GRP,inherit from parent,YES,QA Documentation
GMG_Enterprise_Repository/02_GQMS_Controlled_Repository/00_Group_Shared/30_BPG/HR/01_Controlled_Documents/FRM/Draft,7,PS-GQMS-DOCUMENTS,00_Group_Shared,GMG-REPO-GQMS-DOCUMENTS-GRP,inherit from parent,YES,QA Documentation
GMG_Enterprise_Repository/02_GQMS_Controlled_Repository/00_Group_Shared/30_BPG/HR/01_Controlled_Documents/FRM/Effective,7,PS-GQMS-DOCUMENTS,00_Group_Shared,GMG-REPO-GQMS-DOCUMENTS-GRP,inherit from parent,YES,QA Documentation
GMG_Enterprise_Repository/02_GQMS_Controlled_Repository/00_Group_Shared/30_BPG/HR/01_Controlled_Documents/FRM/In_Review,7,PS-GQMS-DOCUMENTS,00_Group_Shared,GMG-REPO-GQMS-DOCUMENTS-GRP,inherit from parent,YES,QA Documentation
GMG_Enterprise_Repository/02_GQMS_Controlled_Repository/00_Group_Shared/30_BPG/HR/01_Controlled_Documents/FRM/Retired,7,PS-GQMS-DOCUMENTS,00_Group_Shared,GMG-REPO-GQMS-DOCUMENTS-GRP,inherit from parent,YES,QA Documentation
GMG_Enterprise_Repository/02_GQMS_Controlled_Repository/00_Group_Shared/30_BPG/HR/01_Controlled_Documents/FRM/Superseded,7,PS-GQMS-DOCUMENTS,00_Group_Shared,GMG-REPO-GQMS-DOCUMENTS-GRP,inherit from parent,YES,QA Documentation
GMG_Enterprise_Repository/02_GQMS_Controlled_Repository/00_Group_Shared/30_BPG/HR/01_Controlled_Documents/LOG,6,PS-GQMS-DOCUMENTS,00_Group_Shared,GMG-REPO-GQMS-DOCUMENTS-GRP,inherit from parent,YES,QA Documentation
GMG_Enterprise_Repository/02_GQMS_Controlled_Repository/00_Group_Shared/30_BPG/HR/01_Controlled_Documents/LOG/Approved_Pending_Effective,7,PS-GQMS-DOCUMENTS,00_Group_Shared,GMG-REPO-GQMS-DOCUMENTS-GRP,inherit from parent,YES,QA Documentation
GMG_Enterprise_Repository/02_GQMS_Controlled_Repository/00_Group_Shared/30_BPG/HR/01_Controlled_Documents/LOG/Draft,7,PS-GQMS-DOCUMENTS,00_Group_Shared,GMG-REPO-GQMS-DOCUMENTS-GRP,inherit from parent,YES,QA Documentation
GMG_Enterprise_Repository/02_GQMS_Controlled_Repository/00_Group_Shared/30_BPG/HR/01_Controlled_Documents/LOG/Effective,7,PS-GQMS-DOCUMENTS,00_Group_Shared,GMG-REPO-GQMS-DOCUMENTS-GRP,inherit from parent,YES,QA Documentation
GMG_Enterprise_Repository/02_GQMS_Controlled_Repository/00_Group_Shared/30_BPG/HR/01_Controlled_Documents/LOG/In_Review,7,PS-GQMS-DOCUMENTS,00_Group_Shared,GMG-REPO-GQMS-DOCUMENTS-GRP,inherit from parent,YES,QA Documentation
GMG_Enterprise_Repository/02_GQMS_Controlled_Repository/00_Group_Shared/30_BPG/HR/01_Controlled_Documents/LOG/Retired,7,PS-GQMS-DOCUMENTS,00_Group_Shared,GMG-REPO-GQMS-DOCUMENTS-GRP,inherit from parent,YES,QA Documentation
GMG_Enterprise_Repository/02_GQMS_Controlled_Repository/00_Group_Shared/30_BPG/HR/01_Controlled_Documents/LOG/Superseded,7,PS-GQMS-DOCUMENTS,00_Group_Shared,GMG-REPO-GQMS-DOCUMENTS-GRP,inherit from parent,YES,QA Documentation
GMG_Enterprise_Repository/02_GQMS_Controlled_Repository/00_Group_Shared/30_BPG/HR/01_Controlled_Documents/LST,6,PS-GQMS-DOCUMENTS,00_Group_Shared,GMG-REPO-GQMS-DOCUMENTS-GRP,inherit from parent,YES,QA Documentation
GMG_Enterprise_Repository/02_GQMS_Controlled_Repository/00_Group_Shared/30_BPG/HR/01_Controlled_Documents/LST/Approved_Pending_Effective,7,PS-GQMS-DOCUMENTS,00_Group_Shared,GMG-REPO-GQMS-DOCUMENTS-GRP,inherit from parent,YES,QA Documentation
GMG_Enterprise_Repository/02_GQMS_Controlled_Repository/00_Group_Shared/30_BPG/HR/01_Controlled_Documents/LST/Draft,7,PS-GQMS-DOCUMENTS,00_Group_Shared,GMG-REPO-GQMS-DOCUMENTS-GRP,inherit from parent,YES,QA Documentation
GMG_Enterprise_Repository/02_GQMS_Controlled_Repository/00_Group_Shared/30_BPG/HR/01_Controlled_Documents/LST/Effective,7,PS-GQMS-DOCUMENTS,00_Group_Shared,GMG-REPO-GQMS-DOCUMENTS-GRP,inherit from parent,YES,QA Documentation
GMG_Enterprise_Repository/02_GQMS_Controlled_Repository/00_Group_Shared/30_BPG/HR/01_Controlled_Documents/LST/In_Review,7,PS-GQMS-DOCUMENTS,00_Group_Shared,GMG-REPO-GQMS-DOCUMENTS-GRP,inherit from parent,YES,QA Documentation
GMG_Enterprise_Repository/02_GQMS_Controlled_Repository/00_Group_Shared/30_BPG/HR/01_Controlled_Documents/LST/Retired,7,PS-GQMS-DOCUMENTS,00_Group_Shared,GMG-REPO-GQMS-DOCUMENTS-GRP,inherit from parent,YES,QA Documentation
GMG_Enterprise_Repository/02_GQMS_Controlled_Repository/00_Group_Shared/30_BPG/HR/01_Controlled_Documents/LST/Superseded,7,PS-GQMS-DOCUMENTS,00_Group_Shared,GMG-REPO-GQMS-DOCUMENTS-GRP,inherit from parent,YES,QA Documentation
GMG_Enterprise_Repository/02_GQMS_Controlled_Repository/00_Group_Shared/30_BPG/HR/01_Controlled_Documents/MTX,6,PS-GQMS-DOCUMENTS,00_Group_Shared,GMG-REPO-GQMS-DOCUMENTS-GRP,inherit from parent,YES,QA Documentation
GMG_Enterprise_Repository/02_GQMS_Controlled_Repository/00_Group_Shared/30_BPG/HR/01_Controlled_Documents/MTX/Approved_Pending_Effective,7,PS-GQMS-DOCUMENTS,00_Group_Shared,GMG-REPO-GQMS-DOCUMENTS-GRP,inherit from parent,YES,QA Documentation
GMG_Enterprise_Repository/02_GQMS_Controlled_Repository/00_Group_Shared/30_BPG/HR/01_Controlled_Documents/MTX/Draft,7,PS-GQMS-DOCUMENTS,00_Group_Shared,GMG-REPO-GQMS-DOCUMENTS-GRP,inherit from parent,YES,QA Documentation
GMG_Enterprise_Repository/02_GQMS_Controlled_Repository/00_Group_Shared/30_BPG/HR/01_Controlled_Documents/MTX/Effective,7,PS-GQMS-DOCUMENTS,00_Group_Shared,GMG-REPO-GQMS-DOCUMENTS-GRP,inherit from parent,YES,QA Documentation
GMG_Enterprise_Repository/02_GQMS_Controlled_Repository/00_Group_Shared/30_BPG/HR/01_Controlled_Documents/MTX/In_Review,7,PS-GQMS-DOCUMENTS,00_Group_Shared,GMG-REPO-GQMS-DOCUMENTS-GRP,inherit from parent,YES,QA Documentation
GMG_Enterprise_Repository/02_GQMS_Controlled_Repository/00_Group_Shared/30_BPG/HR/01_Controlled_Documents/MTX/Retired,7,PS-GQMS-DOCUMENTS,00_Group_Shared,GMG-REPO-GQMS-DOCUMENTS-GRP,inherit from parent,YES,QA Documentation
GMG_Enterprise_Repository/02_GQMS_Controlled_Repository/00_Group_Shared/30_BPG/HR/01_Controlled_Documents/MTX/Superseded,7,PS-GQMS-DOCUMENTS,00_Group_Shared,GMG-REPO-GQMS-DOCUMENTS-GRP,inherit from parent,YES,QA Documentation
GMG_Enterprise_Repository/02_GQMS_Controlled_Repository/00_Group_Shared/30_BPG/HR/01_Controlled_Documents/PLN,6,PS-GQMS-DOCUMENTS,00_Group_Shared,GMG-REPO-GQMS-DOCUMENTS-GRP,inherit from parent,YES,QA Documentation
GMG_Enterprise_Repository/02_GQMS_Controlled_Repository/00_Group_Shared/30_BPG/HR/01_Controlled_Documents/PLN/Approved_Pending_Effective,7,PS-GQMS-DOCUMENTS,00_Group_Shared,GMG-REPO-GQMS-DOCUMENTS-GRP,inherit from parent,YES,QA Documentation
GMG_Enterprise_Repository/02_GQMS_Controlled_Repository/00_Group_Shared/30_BPG/HR/01_Controlled_Documents/PLN/Draft,7,PS-GQMS-DOCUMENTS,00_Group_Shared,GMG-REPO-GQMS-DOCUMENTS-GRP,inherit from parent,YES,QA Documentation
GMG_Enterprise_Repository/02_GQMS_Controlled_Repository/00_Group_Shared/30_BPG/HR/01_Controlled_Documents/PLN/Effective,7,PS-GQMS-DOCUMENTS,00_Group_Shared,GMG-REPO-GQMS-DOCUMENTS-GRP,inherit from parent,YES,QA Documentation
GMG_Enterprise_Repository/02_GQMS_Controlled_Repository/00_Group_Shared/30_BPG/HR/01_Controlled_Documents/PLN/In_Review,7,PS-GQMS-DOCUMENTS,00_Group_Shared,GMG-REPO-GQMS-DOCUMENTS-GRP,inherit from parent,YES,QA Documentation
GMG_Enterprise_Repository/02_GQMS_Controlled_Repository/00_Group_Shared/30_BPG/HR/01_Controlled_Documents/PLN/Retired,7,PS-GQMS-DOCUMENTS,00_Group_Shared,GMG-REPO-GQMS-DOCUMENTS-GRP,inherit from parent,YES,QA Documentation
GMG_Enterprise_Repository/02_GQMS_Controlled_Repository/00_Group_Shared/30_BPG/HR/01_Controlled_Documents/PLN/Superseded,7,PS-GQMS-DOCUMENTS,00_Group_Shared,GMG-REPO-GQMS-DOCUMENTS-GRP,inherit from parent,YES,QA Documentation
GMG_Enterprise_Repository/02_GQMS_Controlled_Repository/00_Group_Shared/30_BPG/HR/01_Controlled_Documents/POL,6,PS-GQMS-DOCUMENTS,00_Group_Shared,GMG-REPO-GQMS-DOCUMENTS-GRP,inherit from parent,YES,QA Documentation
GMG_Enterprise_Repository/02_GQMS_Controlled_Repository/00_Group_Shared/30_BPG/HR/01_Controlled_Documents/POL/Approved_Pending_Effective,7,PS-GQMS-DOCUMENTS,00_Group_Shared,GMG-REPO-GQMS-DOCUMENTS-GRP,inherit from parent,YES,QA Documentation
GMG_Enterprise_Repository/02_GQMS_Controlled_Repository/00_Group_Shared/30_BPG/HR/01_Controlled_Documents/POL/Draft,7,PS-GQMS-DOCUMENTS,00_Group_Shared,GMG-REPO-GQMS-DOCUMENTS-GRP,inherit from parent,YES,QA Documentation
GMG_Enterprise_Repository/02_GQMS_Controlled_Repository/00_Group_Shared/30_BPG/HR/01_Controlled_Documents/POL/Effective,7,PS-GQMS-DOCUMENTS,00_Group_Shared,GMG-REPO-GQMS-DOCUMENTS-GRP,inherit from parent,YES,QA Documentation
GMG_Enterprise_Repository/02_GQMS_Controlled_Repository/00_Group_Shared/30_BPG/HR/01_Controlled_Documents/POL/In_Review,7,PS-GQMS-DOCUMENTS,00_Group_Shared,GMG-REPO-GQMS-DOCUMENTS-GRP,inherit from parent,YES,QA Documentation
GMG_Enterprise_Repository/02_GQMS_Controlled_Repository/00_Group_Shared/30_BPG/HR/01_Controlled_Documents/POL/Retired,7,PS-GQMS-DOCUMENTS,00_Group_Shared,GMG-REPO-GQMS-DOCUMENTS-GRP,inherit from parent,YES,QA Documentation
GMG_Enterprise_Repository/02_GQMS_Controlled_Repository/00_Group_Shared/30_BPG/HR/01_Controlled_Documents/POL/Superseded,7,PS-GQMS-DOCUMENTS,00_Group_Shared,GMG-REPO-GQMS-DOCUMENTS-GRP,inherit from parent,YES,QA Documentation
GMG_Enterprise_Repository/02_GQMS_Controlled_Repository/00_Group_Shared/30_BPG/HR/01_Controlled_Documents/RPT,6,PS-GQMS-DOCUMENTS,00_Group_Shared,GMG-REPO-GQMS-DOCUMENTS-GRP,inherit from parent,YES,QA Documentation
GMG_Enterprise_Repository/02_GQMS_Controlled_Repository/00_Group_Shared/30_BPG/HR/01_Controlled_Documents/RPT/Approved_Pending_Effective,7,PS-GQMS-DOCUMENTS,00_Group_Shared,GMG-REPO-GQMS-DOCUMENTS-GRP,inherit from parent,YES,QA Documentation
GMG_Enterprise_Repository/02_GQMS_Controlled_Repository/00_Group_Shared/30_BPG/HR/01_Controlled_Documents/RPT/Draft,7,PS-GQMS-DOCUMENTS,00_Group_Shared,GMG-REPO-GQMS-DOCUMENTS-GRP,inherit from parent,YES,QA Documentation
GMG_Enterprise_Repository/02_GQMS_Controlled_Repository/00_Group_Shared/30_BPG/HR/01_Controlled_Documents/RPT/Effective,7,PS-GQMS-DOCUMENTS,00_Group_Shared,GMG-REPO-GQMS-DOCUMENTS-GRP,inherit from parent,YES,QA Documentation
GMG_Enterprise_Repository/02_GQMS_Controlled_Repository/00_Group_Shared/30_BPG/HR/01_Controlled_Documents/RPT/In_Review,7,PS-GQMS-DOCUMENTS,00_Group_Shared,GMG-REPO-GQMS-DOCUMENTS-GRP,inherit from parent,YES,QA Documentation
GMG_Enterprise_Repository/02_GQMS_Controlled_Repository/00_Group_Shared/30_BPG/HR/01_Controlled_Documents/RPT/Retired,7,PS-GQMS-DOCUMENTS,00_Group_Shared,GMG-REPO-GQMS-DOCUMENTS-GRP,inherit from parent,YES,QA Documentation
GMG_Enterprise_Repository/02_GQMS_Controlled_Repository/00_Group_Shared/30_BPG/HR/01_Controlled_Documents/RPT/Superseded,7,PS-GQMS-DOCUMENTS,00_Group_Shared,GMG-REPO-GQMS-DOCUMENTS-GRP,inherit from parent,YES,QA Documentation
GMG_Enterprise_Repository/02_GQMS_Controlled_Repository/00_Group_Shared/30_BPG/HR/01_Controlled_Documents/RSK,6,PS-GQMS-DOCUMENTS,00_Group_Shared,GMG-REPO-GQMS-DOCUMENTS-GRP,inherit from parent,YES,QA Documentation
GMG_Enterprise_Repository/02_GQMS_Controlled_Repository/00_Group_Shared/30_BPG/HR/01_Controlled_Documents/RSK/Approved_Pending_Effective,7,PS-GQMS-DOCUMENTS,00_Group_Shared,GMG-REPO-GQMS-DOCUMENTS-GRP,inherit from parent,YES,QA Documentation
GMG_Enterprise_Repository/02_GQMS_Controlled_Repository/00_Group_Shared/30_BPG/HR/01_Controlled_Documents/RSK/Draft,7,PS-GQMS-DOCUMENTS,00_Group_Shared,GMG-REPO-GQMS-DOCUMENTS-GRP,inherit from parent,YES,QA Documentation
GMG_Enterprise_Repository/02_GQMS_Controlled_Repository/00_Group_Shared/30_BPG/HR/01_Controlled_Documents/RSK/Effective,7,PS-GQMS-DOCUMENTS,00_Group_Shared,GMG-REPO-GQMS-DOCUMENTS-GRP,inherit from parent,YES,QA Documentation
GMG_Enterprise_Repository/02_GQMS_Controlled_Repository/00_Group_Shared/30_BPG/HR/01_Controlled_Documents/RSK/In_Review,7,PS-GQMS-DOCUMENTS,00_Group_Shared,GMG-REPO-GQMS-DOCUMENTS-GRP,inherit from parent,YES,QA Documentation
GMG_Enterprise_Repository/02_GQMS_Controlled_Repository/00_Group_Shared/30_BPG/HR/01_Controlled_Documents/RSK/Retired,7,PS-GQMS-DOCUMENTS,00_Group_Shared,GMG-REPO-GQMS-DOCUMENTS-GRP,inherit from parent,YES,QA Documentation
GMG_Enterprise_Repository/02_GQMS_Controlled_Repository/00_Group_Shared/30_BPG/HR/01_Controlled_Documents/RSK/Superseded,7,PS-GQMS-DOCUMENTS,00_Group_Shared,GMG-REPO-GQMS-DOCUMENTS-GRP,inherit from parent,YES,QA Documentation
GMG_Enterprise_Repository/02_GQMS_Controlled_Repository/00_Group_Shared/30_BPG/HR/01_Controlled_Documents/SOP,6,PS-GQMS-DOCUMENTS,00_Group_Shared,GMG-REPO-GQMS-DOCUMENTS-GRP,inherit from parent,YES,QA Documentation
GMG_Enterprise_Repository/02_GQMS_Controlled_Repository/00_Group_Shared/30_BPG/HR/01_Controlled_Documents/SOP/Approved_Pending_Effective,7,PS-GQMS-DOCUMENTS,00_Group_Shared,GMG-REPO-GQMS-DOCUMENTS-GRP,inherit from parent,YES,QA Documentation
GMG_Enterprise_Repository/02_GQMS_Controlled_Repository/00_Group_Shared/30_BPG/HR/01_Controlled_Documents/SOP/Draft,7,PS-GQMS-DOCUMENTS,00_Group_Shared,GMG-REPO-GQMS-DOCUMENTS-GRP,inherit from parent,YES,QA Documentation
GMG_Enterprise_Repository/02_GQMS_Controlled_Repository/00_Group_Shared/30_BPG/HR/01_Controlled_Documents/SOP/Effective,7,PS-GQMS-DOCUMENTS,00_Group_Shared,GMG-REPO-GQMS-DOCUMENTS-GRP,inherit from parent,YES,QA Documentation
GMG_Enterprise_Repository/02_GQMS_Controlled_Repository/00_Group_Shared/30_BPG/HR/01_Controlled_Documents/SOP/In_Review,7,PS-GQMS-DOCUMENTS,00_Group_Shared,GMG-REPO-GQMS-DOCUMENTS-GRP,inherit from parent,YES,QA Documentation
GMG_Enterprise_Repository/02_GQMS_Controlled_Repository/00_Group_Shared/30_BPG/HR/01_Controlled_Documents/SOP/Retired,7,PS-GQMS-DOCUMENTS,00_Group_Shared,GMG-REPO-GQMS-DOCUMENTS-GRP,inherit from parent,YES,QA Documentation
GMG_Enterprise_Repository/02_GQMS_Controlled_Repository/00_Group_Shared/30_BPG/HR/01_Controlled_Documents/SOP/Superseded,7,PS-GQMS-DOCUMENTS,00_Group_Shared,GMG-REPO-GQMS-DOCUMENTS-GRP,inherit from parent,YES,QA Documentation
GMG_Enterprise_Repository/02_GQMS_Controlled_Repository/00_Group_Shared/30_BPG/HR/01_Controlled_Documents/STD,6,PS-GQMS-DOCUMENTS,00_Group_Shared,GMG-REPO-GQMS-DOCUMENTS-GRP,inherit from parent,YES,QA Documentation
GMG_Enterprise_Repository/02_GQMS_Controlled_Repository/00_Group_Shared/30_BPG/HR/01_Controlled_Documents/STD/Approved_Pending_Effective,7,PS-GQMS-DOCUMENTS,00_Group_Shared,GMG-REPO-GQMS-DOCUMENTS-GRP,inherit from parent,YES,QA Documentation
GMG_Enterprise_Repository/02_GQMS_Controlled_Repository/00_Group_Shared/30_BPG/HR/01_Controlled_Documents/STD/Draft,7,PS-GQMS-DOCUMENTS,00_Group_Shared,GMG-REPO-GQMS-DOCUMENTS-GRP,inherit from parent,YES,QA Documentation
GMG_Enterprise_Repository/02_GQMS_Controlled_Repository/00_Group_Shared/30_BPG/HR/01_Controlled_Documents/STD/Effective,7,PS-GQMS-DOCUMENTS,00_Group_Shared,GMG-REPO-GQMS-DOCUMENTS-GRP,inherit from parent,YES,QA Documentation
GMG_Enterprise_Repository/02_GQMS_Controlled_Repository/00_Group_Shared/30_BPG/HR/01_Controlled_Documents/STD/In_Review,7,PS-GQMS-DOCUMENTS,00_Group_Shared,GMG-REPO-GQMS-DOCUMENTS-GRP,inherit from parent,YES,QA Documentation
GMG_Enterprise_Repository/02_GQMS_Controlled_Repository/00_Group_Shared/30_BPG/HR/01_Controlled_Documents/STD/Retired,7,PS-GQMS-DOCUMENTS,00_Group_Shared,GMG-REPO-GQMS-DOCUMENTS-GRP,inherit from parent,YES,QA Documentation
GMG_Enterprise_Repository/02_GQMS_Controlled_Repository/00_Group_Shared/30_BPG/HR/01_Controlled_Documents/STD/Superseded,7,PS-GQMS-DOCUMENTS,00_Group_Shared,GMG-REPO-GQMS-DOCUMENTS-GRP,inherit from parent,YES,QA Documentation
GMG_Enterprise_Repository/02_GQMS_Controlled_Repository/00_Group_Shared/30_BPG/HR/01_Controlled_Documents/TPL,6,PS-GQMS-DOCUMENTS,00_Group_Shared,GMG-REPO-GQMS-DOCUMENTS-GRP,inherit from parent,YES,QA Documentation
GMG_Enterprise_Repository/02_GQMS_Controlled_Repository/00_Group_Shared/30_BPG/HR/01_Controlled_Documents/TPL/Approved_Pending_Effective,7,PS-GQMS-DOCUMENTS,00_Group_Shared,GMG-REPO-GQMS-DOCUMENTS-GRP,inherit from parent,YES,QA Documentation
GMG_Enterprise_Repository/02_GQMS_Controlled_Repository/00_Group_Shared/30_BPG/HR/01_Controlled_Documents/TPL/Draft,7,PS-GQMS-DOCUMENTS,00_Group_Shared,GMG-REPO-GQMS-DOCUMENTS-GRP,inherit from parent,YES,QA Documentation
GMG_Enterprise_Repository/02_GQMS_Controlled_Repository/00_Group_Shared/30_BPG/HR/01_Controlled_Documents/TPL/Effective,7,PS-GQMS-DOCUMENTS,00_Group_Shared,GMG-REPO-GQMS-DOCUMENTS-GRP,inherit from parent,YES,QA Documentation
GMG_Enterprise_Repository/02_GQMS_Controlled_Repository/00_Group_Shared/30_BPG/HR/01_Controlled_Documents/TPL/In_Review,7,PS-GQMS-DOCUMENTS,00_Group_Shared,GMG-REPO-GQMS-DOCUMENTS-GRP,inherit from parent,YES,QA Documentation
GMG_Enterprise_Repository/02_GQMS_Controlled_Repository/00_Group_Shared/30_BPG/HR/01_Controlled_Documents/TPL/Retired,7,PS-GQMS-DOCUMENTS,00_Group_Shared,GMG-REPO-GQMS-DOCUMENTS-GRP,inherit from parent,YES,QA Documentation
GMG_Enterprise_Repository/02_GQMS_Controlled_Repository/00_Group_Shared/30_BPG/HR/01_Controlled_Documents/TPL/Superseded,7,PS-GQMS-DOCUMENTS,00_Group_Shared,GMG-REPO-GQMS-DOCUMENTS-GRP,inherit from parent,YES,QA Documentation
GMG_Enterprise_Repository/02_GQMS_Controlled_Repository/00_Group_Shared/30_BPG/HR/01_Controlled_Documents/WIN,6,PS-GQMS-DOCUMENTS,00_Group_Shared,GMG-REPO-GQMS-DOCUMENTS-GRP,inherit from parent,YES,QA Documentation
GMG_Enterprise_Repository/02_GQMS_Controlled_Repository/00_Group_Shared/30_BPG/HR/01_Controlled_Documents/WIN/Approved_Pending_Effective,7,PS-GQMS-DOCUMENTS,00_Group_Shared,GMG-REPO-GQMS-DOCUMENTS-GRP,inherit from parent,YES,QA Documentation
GMG_Enterprise_Repository/02_GQMS_Controlled_Repository/00_Group_Shared/30_BPG/HR/01_Controlled_Documents/WIN/Draft,7,PS-GQMS-DOCUMENTS,00_Group_Shared,GMG-REPO-GQMS-DOCUMENTS-GRP,inherit from parent,YES,QA Documentation
GMG_Enterprise_Repository/02_GQMS_Controlled_Repository/00_Group_Shared/30_BPG/HR/01_Controlled_Documents/WIN/Effective,7,PS-GQMS-DOCUMENTS,00_Group_Shared,GMG-REPO-GQMS-DOCUMENTS-GRP,inherit from parent,YES,QA Documentation
GMG_Enterprise_Repository/02_GQMS_Controlled_Repository/00_Group_Shared/30_BPG/HR/01_Controlled_Documents/WIN/In_Review,7,PS-GQMS-DOCUMENTS,00_Group_Shared,GMG-REPO-GQMS-DOCUMENTS-GRP,inherit from parent,YES,QA Documentation
GMG_Enterprise_Repository/02_GQMS_Controlled_Repository/00_Group_Shared/30_BPG/HR/01_Controlled_Documents/WIN/Retired,7,PS-GQMS-DOCUMENTS,00_Group_Shared,GMG-REPO-GQMS-DOCUMENTS-GRP,inherit from parent,YES,QA Documentation
GMG_Enterprise_Repository/02_GQMS_Controlled_Repository/00_Group_Shared/30_BPG/HR/01_Controlled_Documents/WIN/Superseded,7,PS-GQMS-DOCUMENTS,00_Group_Shared,GMG-REPO-GQMS-DOCUMENTS-GRP,inherit from parent,YES,QA Documentation
GMG_Enterprise_Repository/02_GQMS_Controlled_Repository/00_Group_Shared/30_BPG/ISM,4,PS-GQMS-DOCUMENTS,00_Group_Shared,GMG-REPO-GQMS-DOCUMENTS-GRP,inherit from parent,YES,QA Documentation
GMG_Enterprise_Repository/02_GQMS_Controlled_Repository/00_Group_Shared/30_BPG/ISM/01_Controlled_Documents,5,PS-GQMS-DOCUMENTS,00_Group_Shared,GMG-REPO-GQMS-DOCUMENTS-GRP,inherit from parent,YES,QA Documentation
GMG_Enterprise_Repository/02_GQMS_Controlled_Repository/00_Group_Shared/30_BPG/ISM/01_Controlled_Documents/AGR,6,PS-GQMS-DOCUMENTS,00_Group_Shared,GMG-REPO-GQMS-DOCUMENTS-GRP,inherit from parent,YES,QA Documentation
GMG_Enterprise_Repository/02_GQMS_Controlled_Repository/00_Group_Shared/30_BPG/ISM/01_Controlled_Documents/AGR/Approved_Pending_Effective,7,PS-GQMS-DOCUMENTS,00_Group_Shared,GMG-REPO-GQMS-DOCUMENTS-GRP,inherit from parent,YES,QA Documentation
GMG_Enterprise_Repository/02_GQMS_Controlled_Repository/00_Group_Shared/30_BPG/ISM/01_Controlled_Documents/AGR/Draft,7,PS-GQMS-DOCUMENTS,00_Group_Shared,GMG-REPO-GQMS-DOCUMENTS-GRP,inherit from parent,YES,QA Documentation
GMG_Enterprise_Repository/02_GQMS_Controlled_Repository/00_Group_Shared/30_BPG/ISM/01_Controlled_Documents/AGR/Effective,7,PS-GQMS-DOCUMENTS,00_Group_Shared,GMG-REPO-GQMS-DOCUMENTS-GRP,inherit from parent,YES,QA Documentation
GMG_Enterprise_Repository/02_GQMS_Controlled_Repository/00_Group_Shared/30_BPG/ISM/01_Controlled_Documents/AGR/In_Review,7,PS-GQMS-DOCUMENTS,00_Group_Shared,GMG-REPO-GQMS-DOCUMENTS-GRP,inherit from parent,YES,QA Documentation
GMG_Enterprise_Repository/02_GQMS_Controlled_Repository/00_Group_Shared/30_BPG/ISM/01_Controlled_Documents/AGR/Retired,7,PS-GQMS-DOCUMENTS,00_Group_Shared,GMG-REPO-GQMS-DOCUMENTS-GRP,inherit from parent,YES,QA Documentation
GMG_Enterprise_Repository/02_GQMS_Controlled_Repository/00_Group_Shared/30_BPG/ISM/01_Controlled_Documents/AGR/Superseded,7,PS-GQMS-DOCUMENTS,00_Group_Shared,GMG-REPO-GQMS-DOCUMENTS-GRP,inherit from parent,YES,QA Documentation
GMG_Enterprise_Repository/02_GQMS_Controlled_Repository/00_Group_Shared/30_BPG/ISM/01_Controlled_Documents/CHK,6,PS-GQMS-DOCUMENTS,00_Group_Shared,GMG-REPO-GQMS-DOCUMENTS-GRP,inherit from parent,YES,QA Documentation
GMG_Enterprise_Repository/02_GQMS_Controlled_Repository/00_Group_Shared/30_BPG/ISM/01_Controlled_Documents/CHK/Approved_Pending_Effective,7,PS-GQMS-DOCUMENTS,00_Group_Shared,GMG-REPO-GQMS-DOCUMENTS-GRP,inherit from parent,YES,QA Documentation
GMG_Enterprise_Repository/02_GQMS_Controlled_Repository/00_Group_Shared/30_BPG/ISM/01_Controlled_Documents/CHK/Draft,7,PS-GQMS-DOCUMENTS,00_Group_Shared,GMG-REPO-GQMS-DOCUMENTS-GRP,inherit from parent,YES,QA Documentation
GMG_Enterprise_Repository/02_GQMS_Controlled_Repository/00_Group_Shared/30_BPG/ISM/01_Controlled_Documents/CHK/Effective,7,PS-GQMS-DOCUMENTS,00_Group_Shared,GMG-REPO-GQMS-DOCUMENTS-GRP,inherit from parent,YES,QA Documentation
GMG_Enterprise_Repository/02_GQMS_Controlled_Repository/00_Group_Shared/30_BPG/ISM/01_Controlled_Documents/CHK/In_Review,7,PS-GQMS-DOCUMENTS,00_Group_Shared,GMG-REPO-GQMS-DOCUMENTS-GRP,inherit from parent,YES,QA Documentation
GMG_Enterprise_Repository/02_GQMS_Controlled_Repository/00_Group_Shared/30_BPG/ISM/01_Controlled_Documents/CHK/Retired,7,PS-GQMS-DOCUMENTS,00_Group_Shared,GMG-REPO-GQMS-DOCUMENTS-GRP,inherit from parent,YES,QA Documentation
GMG_Enterprise_Repository/02_GQMS_Controlled_Repository/00_Group_Shared/30_BPG/ISM/01_Controlled_Documents/CHK/Superseded,7,PS-GQMS-DOCUMENTS,00_Group_Shared,GMG-REPO-GQMS-DOCUMENTS-GRP,inherit from parent,YES,QA Documentation
GMG_Enterprise_Repository/02_GQMS_Controlled_Repository/00_Group_Shared/30_BPG/ISM/01_Controlled_Documents/FRM,6,PS-GQMS-DOCUMENTS,00_Group_Shared,GMG-REPO-GQMS-DOCUMENTS-GRP,inherit from parent,YES,QA Documentation
GMG_Enterprise_Repository/02_GQMS_Controlled_Repository/00_Group_Shared/30_BPG/ISM/01_Controlled_Documents/FRM/Approved_Pending_Effective,7,PS-GQMS-DOCUMENTS,00_Group_Shared,GMG-REPO-GQMS-DOCUMENTS-GRP,inherit from parent,YES,QA Documentation
GMG_Enterprise_Repository/02_GQMS_Controlled_Repository/00_Group_Shared/30_BPG/ISM/01_Controlled_Documents/FRM/Draft,7,PS-GQMS-DOCUMENTS,00_Group_Shared,GMG-REPO-GQMS-DOCUMENTS-GRP,inherit from parent,YES,QA Documentation
GMG_Enterprise_Repository/02_GQMS_Controlled_Repository/00_Group_Shared/30_BPG/ISM/01_Controlled_Documents/FRM/Effective,7,PS-GQMS-DOCUMENTS,00_Group_Shared,GMG-REPO-GQMS-DOCUMENTS-GRP,inherit from parent,YES,QA Documentation
GMG_Enterprise_Repository/02_GQMS_Controlled_Repository/00_Group_Shared/30_BPG/ISM/01_Controlled_Documents/FRM/In_Review,7,PS-GQMS-DOCUMENTS,00_Group_Shared,GMG-REPO-GQMS-DOCUMENTS-GRP,inherit from parent,YES,QA Documentation
GMG_Enterprise_Repository/02_GQMS_Controlled_Repository/00_Group_Shared/30_BPG/ISM/01_Controlled_Documents/FRM/Retired,7,PS-GQMS-DOCUMENTS,00_Group_Shared,GMG-REPO-GQMS-DOCUMENTS-GRP,inherit from parent,YES,QA Documentation
GMG_Enterprise_Repository/02_GQMS_Controlled_Repository/00_Group_Shared/30_BPG/ISM/01_Controlled_Documents/FRM/Superseded,7,PS-GQMS-DOCUMENTS,00_Group_Shared,GMG-REPO-GQMS-DOCUMENTS-GRP,inherit from parent,YES,QA Documentation
GMG_Enterprise_Repository/02_GQMS_Controlled_Repository/00_Group_Shared/30_BPG/ISM/01_Controlled_Documents/LOG,6,PS-GQMS-DOCUMENTS,00_Group_Shared,GMG-REPO-GQMS-DOCUMENTS-GRP,inherit from parent,YES,QA Documentation
GMG_Enterprise_Repository/02_GQMS_Controlled_Repository/00_Group_Shared/30_BPG/ISM/01_Controlled_Documents/LOG/Approved_Pending_Effective,7,PS-GQMS-DOCUMENTS,00_Group_Shared,GMG-REPO-GQMS-DOCUMENTS-GRP,inherit from parent,YES,QA Documentation
GMG_Enterprise_Repository/02_GQMS_Controlled_Repository/00_Group_Shared/30_BPG/ISM/01_Controlled_Documents/LOG/Draft,7,PS-GQMS-DOCUMENTS,00_Group_Shared,GMG-REPO-GQMS-DOCUMENTS-GRP,inherit from parent,YES,QA Documentation
GMG_Enterprise_Repository/02_GQMS_Controlled_Repository/00_Group_Shared/30_BPG/ISM/01_Controlled_Documents/LOG/Effective,7,PS-GQMS-DOCUMENTS,00_Group_Shared,GMG-REPO-GQMS-DOCUMENTS-GRP,inherit from parent,YES,QA Documentation
GMG_Enterprise_Repository/02_GQMS_Controlled_Repository/00_Group_Shared/30_BPG/ISM/01_Controlled_Documents/LOG/In_Review,7,PS-GQMS-DOCUMENTS,00_Group_Shared,GMG-REPO-GQMS-DOCUMENTS-GRP,inherit from parent,YES,QA Documentation
GMG_Enterprise_Repository/02_GQMS_Controlled_Repository/00_Group_Shared/30_BPG/ISM/01_Controlled_Documents/LOG/Retired,7,PS-GQMS-DOCUMENTS,00_Group_Shared,GMG-REPO-GQMS-DOCUMENTS-GRP,inherit from parent,YES,QA Documentation
GMG_Enterprise_Repository/02_GQMS_Controlled_Repository/00_Group_Shared/30_BPG/ISM/01_Controlled_Documents/LOG/Superseded,7,PS-GQMS-DOCUMENTS,00_Group_Shared,GMG-REPO-GQMS-DOCUMENTS-GRP,inherit from parent,YES,QA Documentation
GMG_Enterprise_Repository/02_GQMS_Controlled_Repository/00_Group_Shared/30_BPG/ISM/01_Controlled_Documents/LST,6,PS-GQMS-DOCUMENTS,00_Group_Shared,GMG-REPO-GQMS-DOCUMENTS-GRP,inherit from parent,YES,QA Documentation
GMG_Enterprise_Repository/02_GQMS_Controlled_Repository/00_Group_Shared/30_BPG/ISM/01_Controlled_Documents/LST/Approved_Pending_Effective,7,PS-GQMS-DOCUMENTS,00_Group_Shared,GMG-REPO-GQMS-DOCUMENTS-GRP,inherit from parent,YES,QA Documentation
GMG_Enterprise_Repository/02_GQMS_Controlled_Repository/00_Group_Shared/30_BPG/ISM/01_Controlled_Documents/LST/Draft,7,PS-GQMS-DOCUMENTS,00_Group_Shared,GMG-REPO-GQMS-DOCUMENTS-GRP,inherit from parent,YES,QA Documentation
GMG_Enterprise_Repository/02_GQMS_Controlled_Repository/00_Group_Shared/30_BPG/ISM/01_Controlled_Documents/LST/Effective,7,PS-GQMS-DOCUMENTS,00_Group_Shared,GMG-REPO-GQMS-DOCUMENTS-GRP,inherit from parent,YES,QA Documentation
GMG_Enterprise_Repository/02_GQMS_Controlled_Repository/00_Group_Shared/30_BPG/ISM/01_Controlled_Documents/LST/In_Review,7,PS-GQMS-DOCUMENTS,00_Group_Shared,GMG-REPO-GQMS-DOCUMENTS-GRP,inherit from parent,YES,QA Documentation
GMG_Enterprise_Repository/02_GQMS_Controlled_Repository/00_Group_Shared/30_BPG/ISM/01_Controlled_Documents/LST/Retired,7,PS-GQMS-DOCUMENTS,00_Group_Shared,GMG-REPO-GQMS-DOCUMENTS-GRP,inherit from parent,YES,QA Documentation
GMG_Enterprise_Repository/02_GQMS_Controlled_Repository/00_Group_Shared/30_BPG/ISM/01_Controlled_Documents/LST/Superseded,7,PS-GQMS-DOCUMENTS,00_Group_Shared,GMG-REPO-GQMS-DOCUMENTS-GRP,inherit from parent,YES,QA Documentation
GMG_Enterprise_Repository/02_GQMS_Controlled_Repository/00_Group_Shared/30_BPG/ISM/01_Controlled_Documents/MTX,6,PS-GQMS-DOCUMENTS,00_Group_Shared,GMG-REPO-GQMS-DOCUMENTS-GRP,inherit from parent,YES,QA Documentation
GMG_Enterprise_Repository/02_GQMS_Controlled_Repository/00_Group_Shared/30_BPG/ISM/01_Controlled_Documents/MTX/Approved_Pending_Effective,7,PS-GQMS-DOCUMENTS,00_Group_Shared,GMG-REPO-GQMS-DOCUMENTS-GRP,inherit from parent,YES,QA Documentation
GMG_Enterprise_Repository/02_GQMS_Controlled_Repository/00_Group_Shared/30_BPG/ISM/01_Controlled_Documents/MTX/Draft,7,PS-GQMS-DOCUMENTS,00_Group_Shared,GMG-REPO-GQMS-DOCUMENTS-GRP,inherit from parent,YES,QA Documentation
GMG_Enterprise_Repository/02_GQMS_Controlled_Repository/00_Group_Shared/30_BPG/ISM/01_Controlled_Documents/MTX/Effective,7,PS-GQMS-DOCUMENTS,00_Group_Shared,GMG-REPO-GQMS-DOCUMENTS-GRP,inherit from parent,YES,QA Documentation
GMG_Enterprise_Repository/02_GQMS_Controlled_Repository/00_Group_Shared/30_BPG/ISM/01_Controlled_Documents/MTX/In_Review,7,PS-GQMS-DOCUMENTS,00_Group_Shared,GMG-REPO-GQMS-DOCUMENTS-GRP,inherit from parent,YES,QA Documentation
GMG_Enterprise_Repository/02_GQMS_Controlled_Repository/00_Group_Shared/30_BPG/ISM/01_Controlled_Documents/MTX/Retired,7,PS-GQMS-DOCUMENTS,00_Group_Shared,GMG-REPO-GQMS-DOCUMENTS-GRP,inherit from parent,YES,QA Documentation
GMG_Enterprise_Repository/02_GQMS_Controlled_Repository/00_Group_Shared/30_BPG/ISM/01_Controlled_Documents/MTX/Superseded,7,PS-GQMS-DOCUMENTS,00_Group_Shared,GMG-REPO-GQMS-DOCUMENTS-GRP,inherit from parent,YES,QA Documentation
GMG_Enterprise_Repository/02_GQMS_Controlled_Repository/00_Group_Shared/30_BPG/ISM/01_Controlled_Documents/PLN,6,PS-GQMS-DOCUMENTS,00_Group_Shared,GMG-REPO-GQMS-DOCUMENTS-GRP,inherit from parent,YES,QA Documentation
GMG_Enterprise_Repository/02_GQMS_Controlled_Repository/00_Group_Shared/30_BPG/ISM/01_Controlled_Documents/PLN/Approved_Pending_Effective,7,PS-GQMS-DOCUMENTS,00_Group_Shared,GMG-REPO-GQMS-DOCUMENTS-GRP,inherit from parent,YES,QA Documentation
GMG_Enterprise_Repository/02_GQMS_Controlled_Repository/00_Group_Shared/30_BPG/ISM/01_Controlled_Documents/PLN/Draft,7,PS-GQMS-DOCUMENTS,00_Group_Shared,GMG-REPO-GQMS-DOCUMENTS-GRP,inherit from parent,YES,QA Documentation
GMG_Enterprise_Repository/02_GQMS_Controlled_Repository/00_Group_Shared/30_BPG/ISM/01_Controlled_Documents/PLN/Effective,7,PS-GQMS-DOCUMENTS,00_Group_Shared,GMG-REPO-GQMS-DOCUMENTS-GRP,inherit from parent,YES,QA Documentation
GMG_Enterprise_Repository/02_GQMS_Controlled_Repository/00_Group_Shared/30_BPG/ISM/01_Controlled_Documents/PLN/In_Review,7,PS-GQMS-DOCUMENTS,00_Group_Shared,GMG-REPO-GQMS-DOCUMENTS-GRP,inherit from parent,YES,QA Documentation
GMG_Enterprise_Repository/02_GQMS_Controlled_Repository/00_Group_Shared/30_BPG/ISM/01_Controlled_Documents/PLN/Retired,7,PS-GQMS-DOCUMENTS,00_Group_Shared,GMG-REPO-GQMS-DOCUMENTS-GRP,inherit from parent,YES,QA Documentation
GMG_Enterprise_Repository/02_GQMS_Controlled_Repository/00_Group_Shared/30_BPG/ISM/01_Controlled_Documents/PLN/Superseded,7,PS-GQMS-DOCUMENTS,00_Group_Shared,GMG-REPO-GQMS-DOCUMENTS-GRP,inherit from parent,YES,QA Documentation
GMG_Enterprise_Repository/02_GQMS_Controlled_Repository/00_Group_Shared/30_BPG/ISM/01_Controlled_Documents/POL,6,PS-GQMS-DOCUMENTS,00_Group_Shared,GMG-REPO-GQMS-DOCUMENTS-GRP,inherit from parent,YES,QA Documentation
GMG_Enterprise_Repository/02_GQMS_Controlled_Repository/00_Group_Shared/30_BPG/ISM/01_Controlled_Documents/POL/Approved_Pending_Effective,7,PS-GQMS-DOCUMENTS,00_Group_Shared,GMG-REPO-GQMS-DOCUMENTS-GRP,inherit from parent,YES,QA Documentation
GMG_Enterprise_Repository/02_GQMS_Controlled_Repository/00_Group_Shared/30_BPG/ISM/01_Controlled_Documents/POL/Draft,7,PS-GQMS-DOCUMENTS,00_Group_Shared,GMG-REPO-GQMS-DOCUMENTS-GRP,inherit from parent,YES,QA Documentation
GMG_Enterprise_Repository/02_GQMS_Controlled_Repository/00_Group_Shared/30_BPG/ISM/01_Controlled_Documents/POL/Effective,7,PS-GQMS-DOCUMENTS,00_Group_Shared,GMG-REPO-GQMS-DOCUMENTS-GRP,inherit from parent,YES,QA Documentation
GMG_Enterprise_Repository/02_GQMS_Controlled_Repository/00_Group_Shared/30_BPG/ISM/01_Controlled_Documents/POL/In_Review,7,PS-GQMS-DOCUMENTS,00_Group_Shared,GMG-REPO-GQMS-DOCUMENTS-GRP,inherit from parent,YES,QA Documentation
GMG_Enterprise_Repository/02_GQMS_Controlled_Repository/00_Group_Shared/30_BPG/ISM/01_Controlled_Documents/POL/Retired,7,PS-GQMS-DOCUMENTS,00_Group_Shared,GMG-REPO-GQMS-DOCUMENTS-GRP,inherit from parent,YES,QA Documentation
GMG_Enterprise_Repository/02_GQMS_Controlled_Repository/00_Group_Shared/30_BPG/ISM/01_Controlled_Documents/POL/Superseded,7,PS-GQMS-DOCUMENTS,00_Group_Shared,GMG-REPO-GQMS-DOCUMENTS-GRP,inherit from parent,YES,QA Documentation
GMG_Enterprise_Repository/02_GQMS_Controlled_Repository/00_Group_Shared/30_BPG/ISM/01_Controlled_Documents/RSK,6,PS-GQMS-DOCUMENTS,00_Group_Shared,GMG-REPO-GQMS-DOCUMENTS-GRP,inherit from parent,YES,QA Documentation
GMG_Enterprise_Repository/02_GQMS_Controlled_Repository/00_Group_Shared/30_BPG/ISM/01_Controlled_Documents/RSK/Approved_Pending_Effective,7,PS-GQMS-DOCUMENTS,00_Group_Shared,GMG-REPO-GQMS-DOCUMENTS-GRP,inherit from parent,YES,QA Documentation
GMG_Enterprise_Repository/02_GQMS_Controlled_Repository/00_Group_Shared/30_BPG/ISM/01_Controlled_Documents/RSK/Draft,7,PS-GQMS-DOCUMENTS,00_Group_Shared,GMG-REPO-GQMS-DOCUMENTS-GRP,inherit from parent,YES,QA Documentation
GMG_Enterprise_Repository/02_GQMS_Controlled_Repository/00_Group_Shared/30_BPG/ISM/01_Controlled_Documents/RSK/Effective,7,PS-GQMS-DOCUMENTS,00_Group_Shared,GMG-REPO-GQMS-DOCUMENTS-GRP,inherit from parent,YES,QA Documentation
GMG_Enterprise_Repository/02_GQMS_Controlled_Repository/00_Group_Shared/30_BPG/ISM/01_Controlled_Documents/RSK/In_Review,7,PS-GQMS-DOCUMENTS,00_Group_Shared,GMG-REPO-GQMS-DOCUMENTS-GRP,inherit from parent,YES,QA Documentation
GMG_Enterprise_Repository/02_GQMS_Controlled_Repository/00_Group_Shared/30_BPG/ISM/01_Controlled_Documents/RSK/Retired,7,PS-GQMS-DOCUMENTS,00_Group_Shared,GMG-REPO-GQMS-DOCUMENTS-GRP,inherit from parent,YES,QA Documentation
GMG_Enterprise_Repository/02_GQMS_Controlled_Repository/00_Group_Shared/30_BPG/ISM/01_Controlled_Documents/RSK/Superseded,7,PS-GQMS-DOCUMENTS,00_Group_Shared,GMG-REPO-GQMS-DOCUMENTS-GRP,inherit from parent,YES,QA Documentation
GMG_Enterprise_Repository/02_GQMS_Controlled_Repository/00_Group_Shared/30_BPG/ISM/01_Controlled_Documents/SOP,6,PS-GQMS-DOCUMENTS,00_Group_Shared,GMG-REPO-GQMS-DOCUMENTS-GRP,inherit from parent,YES,QA Documentation
GMG_Enterprise_Repository/02_GQMS_Controlled_Repository/00_Group_Shared/30_BPG/ISM/01_Controlled_Documents/SOP/Approved_Pending_Effective,7,PS-GQMS-DOCUMENTS,00_Group_Shared,GMG-REPO-GQMS-DOCUMENTS-GRP,inherit from parent,YES,QA Documentation
GMG_Enterprise_Repository/02_GQMS_Controlled_Repository/00_Group_Shared/30_BPG/ISM/01_Controlled_Documents/SOP/Draft,7,PS-GQMS-DOCUMENTS,00_Group_Shared,GMG-REPO-GQMS-DOCUMENTS-GRP,inherit from parent,YES,QA Documentation
GMG_Enterprise_Repository/02_GQMS_Controlled_Repository/00_Group_Shared/30_BPG/ISM/01_Controlled_Documents/SOP/Effective,7,PS-GQMS-DOCUMENTS,00_Group_Shared,GMG-REPO-GQMS-DOCUMENTS-GRP,inherit from parent,YES,QA Documentation
GMG_Enterprise_Repository/02_GQMS_Controlled_Repository/00_Group_Shared/30_BPG/ISM/01_Controlled_Documents/SOP/In_Review,7,PS-GQMS-DOCUMENTS,00_Group_Shared,GMG-REPO-GQMS-DOCUMENTS-GRP,inherit from parent,YES,QA Documentation
GMG_Enterprise_Repository/02_GQMS_Controlled_Repository/00_Group_Shared/30_BPG/ISM/01_Controlled_Documents/SOP/Retired,7,PS-GQMS-DOCUMENTS,00_Group_Shared,GMG-REPO-GQMS-DOCUMENTS-GRP,inherit from parent,YES,QA Documentation
GMG_Enterprise_Repository/02_GQMS_Controlled_Repository/00_Group_Shared/30_BPG/ISM/01_Controlled_Documents/SOP/Superseded,7,PS-GQMS-DOCUMENTS,00_Group_Shared,GMG-REPO-GQMS-DOCUMENTS-GRP,inherit from parent,YES,QA Documentation
GMG_Enterprise_Repository/02_GQMS_Controlled_Repository/00_Group_Shared/30_BPG/ISM/01_Controlled_Documents/TPL,6,PS-GQMS-DOCUMENTS,00_Group_Shared,GMG-REPO-GQMS-DOCUMENTS-GRP,inherit from parent,YES,QA Documentation
GMG_Enterprise_Repository/02_GQMS_Controlled_Repository/00_Group_Shared/30_BPG/ISM/01_Controlled_Documents/TPL/Approved_Pending_Effective,7,PS-GQMS-DOCUMENTS,00_Group_Shared,GMG-REPO-GQMS-DOCUMENTS-GRP,inherit from parent,YES,QA Documentation
GMG_Enterprise_Repository/02_GQMS_Controlled_Repository/00_Group_Shared/30_BPG/ISM/01_Controlled_Documents/TPL/Draft,7,PS-GQMS-DOCUMENTS,00_Group_Shared,GMG-REPO-GQMS-DOCUMENTS-GRP,inherit from parent,YES,QA Documentation
GMG_Enterprise_Repository/02_GQMS_Controlled_Repository/00_Group_Shared/30_BPG/ISM/01_Controlled_Documents/TPL/Effective,7,PS-GQMS-DOCUMENTS,00_Group_Shared,GMG-REPO-GQMS-DOCUMENTS-GRP,inherit from parent,YES,QA Documentation
GMG_Enterprise_Repository/02_GQMS_Controlled_Repository/00_Group_Shared/30_BPG/ISM/01_Controlled_Documents/TPL/In_Review,7,PS-GQMS-DOCUMENTS,00_Group_Shared,GMG-REPO-GQMS-DOCUMENTS-GRP,inherit from parent,YES,QA Documentation
GMG_Enterprise_Repository/02_GQMS_Controlled_Repository/00_Group_Shared/30_BPG/ISM/01_Controlled_Documents/TPL/Retired,7,PS-GQMS-DOCUMENTS,00_Group_Shared,GMG-REPO-GQMS-DOCUMENTS-GRP,inherit from parent,YES,QA Documentation
GMG_Enterprise_Repository/02_GQMS_Controlled_Repository/00_Group_Shared/30_BPG/ISM/01_Controlled_Documents/TPL/Superseded,7,PS-GQMS-DOCUMENTS,00_Group_Shared,GMG-REPO-GQMS-DOCUMENTS-GRP,inherit from parent,YES,QA Documentation
GMG_Enterprise_Repository/02_GQMS_Controlled_Repository/00_Group_Shared/30_BPG/ISM/01_Controlled_Documents/WIN,6,PS-GQMS-DOCUMENTS,00_Group_Shared,GMG-REPO-GQMS-DOCUMENTS-GRP,inherit from parent,YES,QA Documentation
GMG_Enterprise_Repository/02_GQMS_Controlled_Repository/00_Group_Shared/30_BPG/ISM/01_Controlled_Documents/WIN/Approved_Pending_Effective,7,PS-GQMS-DOCUMENTS,00_Group_Shared,GMG-REPO-GQMS-DOCUMENTS-GRP,inherit from parent,YES,QA Documentation
GMG_Enterprise_Repository/02_GQMS_Controlled_Repository/00_Group_Shared/30_BPG/ISM/01_Controlled_Documents/WIN/Draft,7,PS-GQMS-DOCUMENTS,00_Group_Shared,GMG-REPO-GQMS-DOCUMENTS-GRP,inherit from parent,YES,QA Documentation
GMG_Enterprise_Repository/02_GQMS_Controlled_Repository/00_Group_Shared/30_BPG/ISM/01_Controlled_Documents/WIN/Effective,7,PS-GQMS-DOCUMENTS,00_Group_Shared,GMG-REPO-GQMS-DOCUMENTS-GRP,inherit from parent,YES,QA Documentation
GMG_Enterprise_Repository/02_GQMS_Controlled_Repository/00_Group_Shared/30_BPG/ISM/01_Controlled_Documents/WIN/In_Review,7,PS-GQMS-DOCUMENTS,00_Group_Shared,GMG-REPO-GQMS-DOCUMENTS-GRP,inherit from parent,YES,QA Documentation
GMG_Enterprise_Repository/02_GQMS_Controlled_Repository/00_Group_Shared/30_BPG/ISM/01_Controlled_Documents/WIN/Retired,7,PS-GQMS-DOCUMENTS,00_Group_Shared,GMG-REPO-GQMS-DOCUMENTS-GRP,inherit from parent,YES,QA Documentation
GMG_Enterprise_Repository/02_GQMS_Controlled_Repository/00_Group_Shared/30_BPG/ISM/01_Controlled_Documents/WIN/Superseded,7,PS-GQMS-DOCUMENTS,00_Group_Shared,GMG-REPO-GQMS-DOCUMENTS-GRP,inherit from parent,YES,QA Documentation
GMG_Enterprise_Repository/02_GQMS_Controlled_Repository/00_Group_Shared/30_BPG/ISM/02_Quality_Records,5,PS-GQMS-DOCUMENTS,00_Group_Shared,GMG-REPO-GQMS-DOCUMENTS-GRP,inherit from parent,YES,QA Documentation
GMG_Enterprise_Repository/02_GQMS_Controlled_Repository/00_Group_Shared/30_BPG/ITG,4,PS-GQMS-DOCUMENTS,00_Group_Shared,GMG-REPO-GQMS-DOCUMENTS-GRP,inherit from parent,YES,QA Documentation
GMG_Enterprise_Repository/02_GQMS_Controlled_Repository/00_Group_Shared/30_BPG/ITG/01_Controlled_Documents,5,PS-GQMS-DOCUMENTS,00_Group_Shared,GMG-REPO-GQMS-DOCUMENTS-GRP,inherit from parent,YES,QA Documentation
GMG_Enterprise_Repository/02_GQMS_Controlled_Repository/00_Group_Shared/30_BPG/ITG/01_Controlled_Documents/AGR,6,PS-GQMS-DOCUMENTS,00_Group_Shared,GMG-REPO-GQMS-DOCUMENTS-GRP,inherit from parent,YES,QA Documentation
GMG_Enterprise_Repository/02_GQMS_Controlled_Repository/00_Group_Shared/30_BPG/ITG/01_Controlled_Documents/AGR/Approved_Pending_Effective,7,PS-GQMS-DOCUMENTS,00_Group_Shared,GMG-REPO-GQMS-DOCUMENTS-GRP,inherit from parent,YES,QA Documentation
GMG_Enterprise_Repository/02_GQMS_Controlled_Repository/00_Group_Shared/30_BPG/ITG/01_Controlled_Documents/AGR/Draft,7,PS-GQMS-DOCUMENTS,00_Group_Shared,GMG-REPO-GQMS-DOCUMENTS-GRP,inherit from parent,YES,QA Documentation
GMG_Enterprise_Repository/02_GQMS_Controlled_Repository/00_Group_Shared/30_BPG/ITG/01_Controlled_Documents/AGR/Effective,7,PS-GQMS-DOCUMENTS,00_Group_Shared,GMG-REPO-GQMS-DOCUMENTS-GRP,inherit from parent,YES,QA Documentation
GMG_Enterprise_Repository/02_GQMS_Controlled_Repository/00_Group_Shared/30_BPG/ITG/01_Controlled_Documents/AGR/In_Review,7,PS-GQMS-DOCUMENTS,00_Group_Shared,GMG-REPO-GQMS-DOCUMENTS-GRP,inherit from parent,YES,QA Documentation
GMG_Enterprise_Repository/02_GQMS_Controlled_Repository/00_Group_Shared/30_BPG/ITG/01_Controlled_Documents/AGR/Retired,7,PS-GQMS-DOCUMENTS,00_Group_Shared,GMG-REPO-GQMS-DOCUMENTS-GRP,inherit from parent,YES,QA Documentation
GMG_Enterprise_Repository/02_GQMS_Controlled_Repository/00_Group_Shared/30_BPG/ITG/01_Controlled_Documents/AGR/Superseded,7,PS-GQMS-DOCUMENTS,00_Group_Shared,GMG-REPO-GQMS-DOCUMENTS-GRP,inherit from parent,YES,QA Documentation
GMG_Enterprise_Repository/02_GQMS_Controlled_Repository/00_Group_Shared/30_BPG/ITG/01_Controlled_Documents/CHK,6,PS-GQMS-DOCUMENTS,00_Group_Shared,GMG-REPO-GQMS-DOCUMENTS-GRP,inherit from parent,YES,QA Documentation
GMG_Enterprise_Repository/02_GQMS_Controlled_Repository/00_Group_Shared/30_BPG/ITG/01_Controlled_Documents/CHK/Approved_Pending_Effective,7,PS-GQMS-DOCUMENTS,00_Group_Shared,GMG-REPO-GQMS-DOCUMENTS-GRP,inherit from parent,YES,QA Documentation
GMG_Enterprise_Repository/02_GQMS_Controlled_Repository/00_Group_Shared/30_BPG/ITG/01_Controlled_Documents/CHK/Draft,7,PS-GQMS-DOCUMENTS,00_Group_Shared,GMG-REPO-GQMS-DOCUMENTS-GRP,inherit from parent,YES,QA Documentation
GMG_Enterprise_Repository/02_GQMS_Controlled_Repository/00_Group_Shared/30_BPG/ITG/01_Controlled_Documents/CHK/Effective,7,PS-GQMS-DOCUMENTS,00_Group_Shared,GMG-REPO-GQMS-DOCUMENTS-GRP,inherit from parent,YES,QA Documentation
GMG_Enterprise_Repository/02_GQMS_Controlled_Repository/00_Group_Shared/30_BPG/ITG/01_Controlled_Documents/CHK/In_Review,7,PS-GQMS-DOCUMENTS,00_Group_Shared,GMG-REPO-GQMS-DOCUMENTS-GRP,inherit from parent,YES,QA Documentation
GMG_Enterprise_Repository/02_GQMS_Controlled_Repository/00_Group_Shared/30_BPG/ITG/01_Controlled_Documents/CHK/Retired,7,PS-GQMS-DOCUMENTS,00_Group_Shared,GMG-REPO-GQMS-DOCUMENTS-GRP,inherit from parent,YES,QA Documentation
GMG_Enterprise_Repository/02_GQMS_Controlled_Repository/00_Group_Shared/30_BPG/ITG/01_Controlled_Documents/CHK/Superseded,7,PS-GQMS-DOCUMENTS,00_Group_Shared,GMG-REPO-GQMS-DOCUMENTS-GRP,inherit from parent,YES,QA Documentation
GMG_Enterprise_Repository/02_GQMS_Controlled_Repository/00_Group_Shared/30_BPG/ITG/01_Controlled_Documents/FRM,6,PS-GQMS-DOCUMENTS,00_Group_Shared,GMG-REPO-GQMS-DOCUMENTS-GRP,inherit from parent,YES,QA Documentation
GMG_Enterprise_Repository/02_GQMS_Controlled_Repository/00_Group_Shared/30_BPG/ITG/01_Controlled_Documents/FRM/Approved_Pending_Effective,7,PS-GQMS-DOCUMENTS,00_Group_Shared,GMG-REPO-GQMS-DOCUMENTS-GRP,inherit from parent,YES,QA Documentation
GMG_Enterprise_Repository/02_GQMS_Controlled_Repository/00_Group_Shared/30_BPG/ITG/01_Controlled_Documents/FRM/Draft,7,PS-GQMS-DOCUMENTS,00_Group_Shared,GMG-REPO-GQMS-DOCUMENTS-GRP,inherit from parent,YES,QA Documentation
GMG_Enterprise_Repository/02_GQMS_Controlled_Repository/00_Group_Shared/30_BPG/ITG/01_Controlled_Documents/FRM/Effective,7,PS-GQMS-DOCUMENTS,00_Group_Shared,GMG-REPO-GQMS-DOCUMENTS-GRP,inherit from parent,YES,QA Documentation
GMG_Enterprise_Repository/02_GQMS_Controlled_Repository/00_Group_Shared/30_BPG/ITG/01_Controlled_Documents/FRM/In_Review,7,PS-GQMS-DOCUMENTS,00_Group_Shared,GMG-REPO-GQMS-DOCUMENTS-GRP,inherit from parent,YES,QA Documentation
GMG_Enterprise_Repository/02_GQMS_Controlled_Repository/00_Group_Shared/30_BPG/ITG/01_Controlled_Documents/FRM/Retired,7,PS-GQMS-DOCUMENTS,00_Group_Shared,GMG-REPO-GQMS-DOCUMENTS-GRP,inherit from parent,YES,QA Documentation
GMG_Enterprise_Repository/02_GQMS_Controlled_Repository/00_Group_Shared/30_BPG/ITG/01_Controlled_Documents/FRM/Superseded,7,PS-GQMS-DOCUMENTS,00_Group_Shared,GMG-REPO-GQMS-DOCUMENTS-GRP,inherit from parent,YES,QA Documentation
GMG_Enterprise_Repository/02_GQMS_Controlled_Repository/00_Group_Shared/30_BPG/ITG/01_Controlled_Documents/LOG,6,PS-GQMS-DOCUMENTS,00_Group_Shared,GMG-REPO-GQMS-DOCUMENTS-GRP,inherit from parent,YES,QA Documentation
GMG_Enterprise_Repository/02_GQMS_Controlled_Repository/00_Group_Shared/30_BPG/ITG/01_Controlled_Documents/LOG/Approved_Pending_Effective,7,PS-GQMS-DOCUMENTS,00_Group_Shared,GMG-REPO-GQMS-DOCUMENTS-GRP,inherit from parent,YES,QA Documentation
GMG_Enterprise_Repository/02_GQMS_Controlled_Repository/00_Group_Shared/30_BPG/ITG/01_Controlled_Documents/LOG/Draft,7,PS-GQMS-DOCUMENTS,00_Group_Shared,GMG-REPO-GQMS-DOCUMENTS-GRP,inherit from parent,YES,QA Documentation
GMG_Enterprise_Repository/02_GQMS_Controlled_Repository/00_Group_Shared/30_BPG/ITG/01_Controlled_Documents/LOG/Effective,7,PS-GQMS-DOCUMENTS,00_Group_Shared,GMG-REPO-GQMS-DOCUMENTS-GRP,inherit from parent,YES,QA Documentation
GMG_Enterprise_Repository/02_GQMS_Controlled_Repository/00_Group_Shared/30_BPG/ITG/01_Controlled_Documents/LOG/In_Review,7,PS-GQMS-DOCUMENTS,00_Group_Shared,GMG-REPO-GQMS-DOCUMENTS-GRP,inherit from parent,YES,QA Documentation
GMG_Enterprise_Repository/02_GQMS_Controlled_Repository/00_Group_Shared/30_BPG/ITG/01_Controlled_Documents/LOG/Retired,7,PS-GQMS-DOCUMENTS,00_Group_Shared,GMG-REPO-GQMS-DOCUMENTS-GRP,inherit from parent,YES,QA Documentation
GMG_Enterprise_Repository/02_GQMS_Controlled_Repository/00_Group_Shared/30_BPG/ITG/01_Controlled_Documents/LOG/Superseded,7,PS-GQMS-DOCUMENTS,00_Group_Shared,GMG-REPO-GQMS-DOCUMENTS-GRP,inherit from parent,YES,QA Documentation
GMG_Enterprise_Repository/02_GQMS_Controlled_Repository/00_Group_Shared/30_BPG/ITG/01_Controlled_Documents/LST,6,PS-GQMS-DOCUMENTS,00_Group_Shared,GMG-REPO-GQMS-DOCUMENTS-GRP,inherit from parent,YES,QA Documentation
GMG_Enterprise_Repository/02_GQMS_Controlled_Repository/00_Group_Shared/30_BPG/ITG/01_Controlled_Documents/LST/Approved_Pending_Effective,7,PS-GQMS-DOCUMENTS,00_Group_Shared,GMG-REPO-GQMS-DOCUMENTS-GRP,inherit from parent,YES,QA Documentation
GMG_Enterprise_Repository/02_GQMS_Controlled_Repository/00_Group_Shared/30_BPG/ITG/01_Controlled_Documents/LST/Draft,7,PS-GQMS-DOCUMENTS,00_Group_Shared,GMG-REPO-GQMS-DOCUMENTS-GRP,inherit from parent,YES,QA Documentation
GMG_Enterprise_Repository/02_GQMS_Controlled_Repository/00_Group_Shared/30_BPG/ITG/01_Controlled_Documents/LST/Effective,7,PS-GQMS-DOCUMENTS,00_Group_Shared,GMG-REPO-GQMS-DOCUMENTS-GRP,inherit from parent,YES,QA Documentation
GMG_Enterprise_Repository/02_GQMS_Controlled_Repository/00_Group_Shared/30_BPG/ITG/01_Controlled_Documents/LST/In_Review,7,PS-GQMS-DOCUMENTS,00_Group_Shared,GMG-REPO-GQMS-DOCUMENTS-GRP,inherit from parent,YES,QA Documentation
GMG_Enterprise_Repository/02_GQMS_Controlled_Repository/00_Group_Shared/30_BPG/ITG/01_Controlled_Documents/LST/Retired,7,PS-GQMS-DOCUMENTS,00_Group_Shared,GMG-REPO-GQMS-DOCUMENTS-GRP,inherit from parent,YES,QA Documentation
GMG_Enterprise_Repository/02_GQMS_Controlled_Repository/00_Group_Shared/30_BPG/ITG/01_Controlled_Documents/LST/Superseded,7,PS-GQMS-DOCUMENTS,00_Group_Shared,GMG-REPO-GQMS-DOCUMENTS-GRP,inherit from parent,YES,QA Documentation
GMG_Enterprise_Repository/02_GQMS_Controlled_Repository/00_Group_Shared/30_BPG/ITG/01_Controlled_Documents/MTX,6,PS-GQMS-DOCUMENTS,00_Group_Shared,GMG-REPO-GQMS-DOCUMENTS-GRP,inherit from parent,YES,QA Documentation
GMG_Enterprise_Repository/02_GQMS_Controlled_Repository/00_Group_Shared/30_BPG/ITG/01_Controlled_Documents/MTX/Approved_Pending_Effective,7,PS-GQMS-DOCUMENTS,00_Group_Shared,GMG-REPO-GQMS-DOCUMENTS-GRP,inherit from parent,YES,QA Documentation
GMG_Enterprise_Repository/02_GQMS_Controlled_Repository/00_Group_Shared/30_BPG/ITG/01_Controlled_Documents/MTX/Draft,7,PS-GQMS-DOCUMENTS,00_Group_Shared,GMG-REPO-GQMS-DOCUMENTS-GRP,inherit from parent,YES,QA Documentation
GMG_Enterprise_Repository/02_GQMS_Controlled_Repository/00_Group_Shared/30_BPG/ITG/01_Controlled_Documents/MTX/Effective,7,PS-GQMS-DOCUMENTS,00_Group_Shared,GMG-REPO-GQMS-DOCUMENTS-GRP,inherit from parent,YES,QA Documentation
GMG_Enterprise_Repository/02_GQMS_Controlled_Repository/00_Group_Shared/30_BPG/ITG/01_Controlled_Documents/MTX/In_Review,7,PS-GQMS-DOCUMENTS,00_Group_Shared,GMG-REPO-GQMS-DOCUMENTS-GRP,inherit from parent,YES,QA Documentation
GMG_Enterprise_Repository/02_GQMS_Controlled_Repository/00_Group_Shared/30_BPG/ITG/01_Controlled_Documents/MTX/Retired,7,PS-GQMS-DOCUMENTS,00_Group_Shared,GMG-REPO-GQMS-DOCUMENTS-GRP,inherit from parent,YES,QA Documentation
GMG_Enterprise_Repository/02_GQMS_Controlled_Repository/00_Group_Shared/30_BPG/ITG/01_Controlled_Documents/MTX/Superseded,7,PS-GQMS-DOCUMENTS,00_Group_Shared,GMG-REPO-GQMS-DOCUMENTS-GRP,inherit from parent,YES,QA Documentation
GMG_Enterprise_Repository/02_GQMS_Controlled_Repository/00_Group_Shared/30_BPG/ITG/01_Controlled_Documents/PLN,6,PS-GQMS-DOCUMENTS,00_Group_Shared,GMG-REPO-GQMS-DOCUMENTS-GRP,inherit from parent,YES,QA Documentation
GMG_Enterprise_Repository/02_GQMS_Controlled_Repository/00_Group_Shared/30_BPG/ITG/01_Controlled_Documents/PLN/Approved_Pending_Effective,7,PS-GQMS-DOCUMENTS,00_Group_Shared,GMG-REPO-GQMS-DOCUMENTS-GRP,inherit from parent,YES,QA Documentation
GMG_Enterprise_Repository/02_GQMS_Controlled_Repository/00_Group_Shared/30_BPG/ITG/01_Controlled_Documents/PLN/Draft,7,PS-GQMS-DOCUMENTS,00_Group_Shared,GMG-REPO-GQMS-DOCUMENTS-GRP,inherit from parent,YES,QA Documentation
GMG_Enterprise_Repository/02_GQMS_Controlled_Repository/00_Group_Shared/30_BPG/ITG/01_Controlled_Documents/PLN/Effective,7,PS-GQMS-DOCUMENTS,00_Group_Shared,GMG-REPO-GQMS-DOCUMENTS-GRP,inherit from parent,YES,QA Documentation
GMG_Enterprise_Repository/02_GQMS_Controlled_Repository/00_Group_Shared/30_BPG/ITG/01_Controlled_Documents/PLN/In_Review,7,PS-GQMS-DOCUMENTS,00_Group_Shared,GMG-REPO-GQMS-DOCUMENTS-GRP,inherit from parent,YES,QA Documentation
GMG_Enterprise_Repository/02_GQMS_Controlled_Repository/00_Group_Shared/30_BPG/ITG/01_Controlled_Documents/PLN/Retired,7,PS-GQMS-DOCUMENTS,00_Group_Shared,GMG-REPO-GQMS-DOCUMENTS-GRP,inherit from parent,YES,QA Documentation
GMG_Enterprise_Repository/02_GQMS_Controlled_Repository/00_Group_Shared/30_BPG/ITG/01_Controlled_Documents/PLN/Superseded,7,PS-GQMS-DOCUMENTS,00_Group_Shared,GMG-REPO-GQMS-DOCUMENTS-GRP,inherit from parent,YES,QA Documentation
GMG_Enterprise_Repository/02_GQMS_Controlled_Repository/00_Group_Shared/30_BPG/ITG/01_Controlled_Documents/POL,6,PS-GQMS-DOCUMENTS,00_Group_Shared,GMG-REPO-GQMS-DOCUMENTS-GRP,inherit from parent,YES,QA Documentation
GMG_Enterprise_Repository/02_GQMS_Controlled_Repository/00_Group_Shared/30_BPG/ITG/01_Controlled_Documents/POL/Approved_Pending_Effective,7,PS-GQMS-DOCUMENTS,00_Group_Shared,GMG-REPO-GQMS-DOCUMENTS-GRP,inherit from parent,YES,QA Documentation
GMG_Enterprise_Repository/02_GQMS_Controlled_Repository/00_Group_Shared/30_BPG/ITG/01_Controlled_Documents/POL/Draft,7,PS-GQMS-DOCUMENTS,00_Group_Shared,GMG-REPO-GQMS-DOCUMENTS-GRP,inherit from parent,YES,QA Documentation
GMG_Enterprise_Repository/02_GQMS_Controlled_Repository/00_Group_Shared/30_BPG/ITG/01_Controlled_Documents/POL/Effective,7,PS-GQMS-DOCUMENTS,00_Group_Shared,GMG-REPO-GQMS-DOCUMENTS-GRP,inherit from parent,YES,QA Documentation
GMG_Enterprise_Repository/02_GQMS_Controlled_Repository/00_Group_Shared/30_BPG/ITG/01_Controlled_Documents/POL/In_Review,7,PS-GQMS-DOCUMENTS,00_Group_Shared,GMG-REPO-GQMS-DOCUMENTS-GRP,inherit from parent,YES,QA Documentation
GMG_Enterprise_Repository/02_GQMS_Controlled_Repository/00_Group_Shared/30_BPG/ITG/01_Controlled_Documents/POL/Retired,7,PS-GQMS-DOCUMENTS,00_Group_Shared,GMG-REPO-GQMS-DOCUMENTS-GRP,inherit from parent,YES,QA Documentation
GMG_Enterprise_Repository/02_GQMS_Controlled_Repository/00_Group_Shared/30_BPG/ITG/01_Controlled_Documents/POL/Superseded,7,PS-GQMS-DOCUMENTS,00_Group_Shared,GMG-REPO-GQMS-DOCUMENTS-GRP,inherit from parent,YES,QA Documentation
GMG_Enterprise_Repository/02_GQMS_Controlled_Repository/00_Group_Shared/30_BPG/ITG/01_Controlled_Documents/RSK,6,PS-GQMS-DOCUMENTS,00_Group_Shared,GMG-REPO-GQMS-DOCUMENTS-GRP,inherit from parent,YES,QA Documentation
GMG_Enterprise_Repository/02_GQMS_Controlled_Repository/00_Group_Shared/30_BPG/ITG/01_Controlled_Documents/RSK/Approved_Pending_Effective,7,PS-GQMS-DOCUMENTS,00_Group_Shared,GMG-REPO-GQMS-DOCUMENTS-GRP,inherit from parent,YES,QA Documentation
GMG_Enterprise_Repository/02_GQMS_Controlled_Repository/00_Group_Shared/30_BPG/ITG/01_Controlled_Documents/RSK/Draft,7,PS-GQMS-DOCUMENTS,00_Group_Shared,GMG-REPO-GQMS-DOCUMENTS-GRP,inherit from parent,YES,QA Documentation
GMG_Enterprise_Repository/02_GQMS_Controlled_Repository/00_Group_Shared/30_BPG/ITG/01_Controlled_Documents/RSK/Effective,7,PS-GQMS-DOCUMENTS,00_Group_Shared,GMG-REPO-GQMS-DOCUMENTS-GRP,inherit from parent,YES,QA Documentation
GMG_Enterprise_Repository/02_GQMS_Controlled_Repository/00_Group_Shared/30_BPG/ITG/01_Controlled_Documents/RSK/In_Review,7,PS-GQMS-DOCUMENTS,00_Group_Shared,GMG-REPO-GQMS-DOCUMENTS-GRP,inherit from parent,YES,QA Documentation
GMG_Enterprise_Repository/02_GQMS_Controlled_Repository/00_Group_Shared/30_BPG/ITG/01_Controlled_Documents/RSK/Retired,7,PS-GQMS-DOCUMENTS,00_Group_Shared,GMG-REPO-GQMS-DOCUMENTS-GRP,inherit from parent,YES,QA Documentation
GMG_Enterprise_Repository/02_GQMS_Controlled_Repository/00_Group_Shared/30_BPG/ITG/01_Controlled_Documents/RSK/Superseded,7,PS-GQMS-DOCUMENTS,00_Group_Shared,GMG-REPO-GQMS-DOCUMENTS-GRP,inherit from parent,YES,QA Documentation
GMG_Enterprise_Repository/02_GQMS_Controlled_Repository/00_Group_Shared/30_BPG/ITG/01_Controlled_Documents/SOP,6,PS-GQMS-DOCUMENTS,00_Group_Shared,GMG-REPO-GQMS-DOCUMENTS-GRP,inherit from parent,YES,QA Documentation
GMG_Enterprise_Repository/02_GQMS_Controlled_Repository/00_Group_Shared/30_BPG/ITG/01_Controlled_Documents/SOP/Approved_Pending_Effective,7,PS-GQMS-DOCUMENTS,00_Group_Shared,GMG-REPO-GQMS-DOCUMENTS-GRP,inherit from parent,YES,QA Documentation
GMG_Enterprise_Repository/02_GQMS_Controlled_Repository/00_Group_Shared/30_BPG/ITG/01_Controlled_Documents/SOP/Draft,7,PS-GQMS-DOCUMENTS,00_Group_Shared,GMG-REPO-GQMS-DOCUMENTS-GRP,inherit from parent,YES,QA Documentation
GMG_Enterprise_Repository/02_GQMS_Controlled_Repository/00_Group_Shared/30_BPG/ITG/01_Controlled_Documents/SOP/Effective,7,PS-GQMS-DOCUMENTS,00_Group_Shared,GMG-REPO-GQMS-DOCUMENTS-GRP,inherit from parent,YES,QA Documentation
GMG_Enterprise_Repository/02_GQMS_Controlled_Repository/00_Group_Shared/30_BPG/ITG/01_Controlled_Documents/SOP/In_Review,7,PS-GQMS-DOCUMENTS,00_Group_Shared,GMG-REPO-GQMS-DOCUMENTS-GRP,inherit from parent,YES,QA Documentation
GMG_Enterprise_Repository/02_GQMS_Controlled_Repository/00_Group_Shared/30_BPG/ITG/01_Controlled_Documents/SOP/Retired,7,PS-GQMS-DOCUMENTS,00_Group_Shared,GMG-REPO-GQMS-DOCUMENTS-GRP,inherit from parent,YES,QA Documentation
GMG_Enterprise_Repository/02_GQMS_Controlled_Repository/00_Group_Shared/30_BPG/ITG/01_Controlled_Documents/SOP/Superseded,7,PS-GQMS-DOCUMENTS,00_Group_Shared,GMG-REPO-GQMS-DOCUMENTS-GRP,inherit from parent,YES,QA Documentation
GMG_Enterprise_Repository/02_GQMS_Controlled_Repository/00_Group_Shared/30_BPG/ITG/01_Controlled_Documents/TPL,6,PS-GQMS-DOCUMENTS,00_Group_Shared,GMG-REPO-GQMS-DOCUMENTS-GRP,inherit from parent,YES,QA Documentation
GMG_Enterprise_Repository/02_GQMS_Controlled_Repository/00_Group_Shared/30_BPG/ITG/01_Controlled_Documents/TPL/Approved_Pending_Effective,7,PS-GQMS-DOCUMENTS,00_Group_Shared,GMG-REPO-GQMS-DOCUMENTS-GRP,inherit from parent,YES,QA Documentation
GMG_Enterprise_Repository/02_GQMS_Controlled_Repository/00_Group_Shared/30_BPG/ITG/01_Controlled_Documents/TPL/Draft,7,PS-GQMS-DOCUMENTS,00_Group_Shared,GMG-REPO-GQMS-DOCUMENTS-GRP,inherit from parent,YES,QA Documentation
GMG_Enterprise_Repository/02_GQMS_Controlled_Repository/00_Group_Shared/30_BPG/ITG/01_Controlled_Documents/TPL/Effective,7,PS-GQMS-DOCUMENTS,00_Group_Shared,GMG-REPO-GQMS-DOCUMENTS-GRP,inherit from parent,YES,QA Documentation
GMG_Enterprise_Repository/02_GQMS_Controlled_Repository/00_Group_Shared/30_BPG/ITG/01_Controlled_Documents/TPL/In_Review,7,PS-GQMS-DOCUMENTS,00_Group_Shared,GMG-REPO-GQMS-DOCUMENTS-GRP,inherit from parent,YES,QA Documentation
GMG_Enterprise_Repository/02_GQMS_Controlled_Repository/00_Group_Shared/30_BPG/ITG/01_Controlled_Documents/TPL/Retired,7,PS-GQMS-DOCUMENTS,00_Group_Shared,GMG-REPO-GQMS-DOCUMENTS-GRP,inherit from parent,YES,QA Documentation
GMG_Enterprise_Repository/02_GQMS_Controlled_Repository/00_Group_Shared/30_BPG/ITG/01_Controlled_Documents/TPL/Superseded,7,PS-GQMS-DOCUMENTS,00_Group_Shared,GMG-REPO-GQMS-DOCUMENTS-GRP,inherit from parent,YES,QA Documentation
GMG_Enterprise_Repository/02_GQMS_Controlled_Repository/00_Group_Shared/30_BPG/ITG/01_Controlled_Documents/WIN,6,PS-GQMS-DOCUMENTS,00_Group_Shared,GMG-REPO-GQMS-DOCUMENTS-GRP,inherit from parent,YES,QA Documentation
GMG_Enterprise_Repository/02_GQMS_Controlled_Repository/00_Group_Shared/30_BPG/ITG/01_Controlled_Documents/WIN/Approved_Pending_Effective,7,PS-GQMS-DOCUMENTS,00_Group_Shared,GMG-REPO-GQMS-DOCUMENTS-GRP,inherit from parent,YES,QA Documentation
GMG_Enterprise_Repository/02_GQMS_Controlled_Repository/00_Group_Shared/30_BPG/ITG/01_Controlled_Documents/WIN/Draft,7,PS-GQMS-DOCUMENTS,00_Group_Shared,GMG-REPO-GQMS-DOCUMENTS-GRP,inherit from parent,YES,QA Documentation
GMG_Enterprise_Repository/02_GQMS_Controlled_Repository/00_Group_Shared/30_BPG/ITG/01_Controlled_Documents/WIN/Effective,7,PS-GQMS-DOCUMENTS,00_Group_Shared,GMG-REPO-GQMS-DOCUMENTS-GRP,inherit from parent,YES,QA Documentation
GMG_Enterprise_Repository/02_GQMS_Controlled_Repository/00_Group_Shared/30_BPG/ITG/01_Controlled_Documents/WIN/In_Review,7,PS-GQMS-DOCUMENTS,00_Group_Shared,GMG-REPO-GQMS-DOCUMENTS-GRP,inherit from parent,YES,QA Documentation
GMG_Enterprise_Repository/02_GQMS_Controlled_Repository/00_Group_Shared/30_BPG/ITG/01_Controlled_Documents/WIN/Retired,7,PS-GQMS-DOCUMENTS,00_Group_Shared,GMG-REPO-GQMS-DOCUMENTS-GRP,inherit from parent,YES,QA Documentation
GMG_Enterprise_Repository/02_GQMS_Controlled_Repository/00_Group_Shared/30_BPG/ITG/01_Controlled_Documents/WIN/Superseded,7,PS-GQMS-DOCUMENTS,00_Group_Shared,GMG-REPO-GQMS-DOCUMENTS-GRP,inherit from parent,YES,QA Documentation
GMG_Enterprise_Repository/02_GQMS_Controlled_Repository/00_Group_Shared/30_BPG/ITG/02_Quality_Records,5,PS-GQMS-DOCUMENTS,00_Group_Shared,GMG-REPO-GQMS-DOCUMENTS-GRP,inherit from parent,YES,QA Documentation
GMG_Enterprise_Repository/02_GQMS_Controlled_Repository/00_Group_Shared/30_BPG/LEG,4,PS-GQMS-DOCUMENTS,00_Group_Shared,GMG-REPO-GQMS-DOCUMENTS-GRP,inherit from parent,YES,QA Documentation
GMG_Enterprise_Repository/02_GQMS_Controlled_Repository/00_Group_Shared/30_BPG/LEG/01_Controlled_Documents,5,PS-GQMS-DOCUMENTS,00_Group_Shared,GMG-REPO-GQMS-DOCUMENTS-GRP,inherit from parent,YES,QA Documentation
GMG_Enterprise_Repository/02_GQMS_Controlled_Repository/00_Group_Shared/30_BPG/LEG/01_Controlled_Documents/AGR,6,PS-GQMS-DOCUMENTS,00_Group_Shared,GMG-REPO-GQMS-DOCUMENTS-GRP,inherit from parent,YES,QA Documentation
GMG_Enterprise_Repository/02_GQMS_Controlled_Repository/00_Group_Shared/30_BPG/LEG/01_Controlled_Documents/AGR/Approved_Pending_Effective,7,PS-GQMS-DOCUMENTS,00_Group_Shared,GMG-REPO-GQMS-DOCUMENTS-GRP,inherit from parent,YES,QA Documentation
GMG_Enterprise_Repository/02_GQMS_Controlled_Repository/00_Group_Shared/30_BPG/LEG/01_Controlled_Documents/AGR/Draft,7,PS-GQMS-DOCUMENTS,00_Group_Shared,GMG-REPO-GQMS-DOCUMENTS-GRP,inherit from parent,YES,QA Documentation
GMG_Enterprise_Repository/02_GQMS_Controlled_Repository/00_Group_Shared/30_BPG/LEG/01_Controlled_Documents/AGR/Effective,7,PS-GQMS-DOCUMENTS,00_Group_Shared,GMG-REPO-GQMS-DOCUMENTS-GRP,inherit from parent,YES,QA Documentation
GMG_Enterprise_Repository/02_GQMS_Controlled_Repository/00_Group_Shared/30_BPG/LEG/01_Controlled_Documents/AGR/In_Review,7,PS-GQMS-DOCUMENTS,00_Group_Shared,GMG-REPO-GQMS-DOCUMENTS-GRP,inherit from parent,YES,QA Documentation
GMG_Enterprise_Repository/02_GQMS_Controlled_Repository/00_Group_Shared/30_BPG/LEG/01_Controlled_Documents/AGR/Retired,7,PS-GQMS-DOCUMENTS,00_Group_Shared,GMG-REPO-GQMS-DOCUMENTS-GRP,inherit from parent,YES,QA Documentation
GMG_Enterprise_Repository/02_GQMS_Controlled_Repository/00_Group_Shared/30_BPG/LEG/01_Controlled_Documents/AGR/Superseded,7,PS-GQMS-DOCUMENTS,00_Group_Shared,GMG-REPO-GQMS-DOCUMENTS-GRP,inherit from parent,YES,QA Documentation
GMG_Enterprise_Repository/02_GQMS_Controlled_Repository/00_Group_Shared/30_BPG/LEG/01_Controlled_Documents/CHK,6,PS-GQMS-DOCUMENTS,00_Group_Shared,GMG-REPO-GQMS-DOCUMENTS-GRP,inherit from parent,YES,QA Documentation
GMG_Enterprise_Repository/02_GQMS_Controlled_Repository/00_Group_Shared/30_BPG/LEG/01_Controlled_Documents/CHK/Approved_Pending_Effective,7,PS-GQMS-DOCUMENTS,00_Group_Shared,GMG-REPO-GQMS-DOCUMENTS-GRP,inherit from parent,YES,QA Documentation
GMG_Enterprise_Repository/02_GQMS_Controlled_Repository/00_Group_Shared/30_BPG/LEG/01_Controlled_Documents/CHK/Draft,7,PS-GQMS-DOCUMENTS,00_Group_Shared,GMG-REPO-GQMS-DOCUMENTS-GRP,inherit from parent,YES,QA Documentation
GMG_Enterprise_Repository/02_GQMS_Controlled_Repository/00_Group_Shared/30_BPG/LEG/01_Controlled_Documents/CHK/Effective,7,PS-GQMS-DOCUMENTS,00_Group_Shared,GMG-REPO-GQMS-DOCUMENTS-GRP,inherit from parent,YES,QA Documentation
GMG_Enterprise_Repository/02_GQMS_Controlled_Repository/00_Group_Shared/30_BPG/LEG/01_Controlled_Documents/CHK/In_Review,7,PS-GQMS-DOCUMENTS,00_Group_Shared,GMG-REPO-GQMS-DOCUMENTS-GRP,inherit from parent,YES,QA Documentation
GMG_Enterprise_Repository/02_GQMS_Controlled_Repository/00_Group_Shared/30_BPG/LEG/01_Controlled_Documents/CHK/Retired,7,PS-GQMS-DOCUMENTS,00_Group_Shared,GMG-REPO-GQMS-DOCUMENTS-GRP,inherit from parent,YES,QA Documentation
GMG_Enterprise_Repository/02_GQMS_Controlled_Repository/00_Group_Shared/30_BPG/LEG/01_Controlled_Documents/CHK/Superseded,7,PS-GQMS-DOCUMENTS,00_Group_Shared,GMG-REPO-GQMS-DOCUMENTS-GRP,inherit from parent,YES,QA Documentation
GMG_Enterprise_Repository/02_GQMS_Controlled_Repository/00_Group_Shared/30_BPG/LEG/01_Controlled_Documents/FRM,6,PS-GQMS-DOCUMENTS,00_Group_Shared,GMG-REPO-GQMS-DOCUMENTS-GRP,inherit from parent,YES,QA Documentation
GMG_Enterprise_Repository/02_GQMS_Controlled_Repository/00_Group_Shared/30_BPG/LEG/01_Controlled_Documents/FRM/Approved_Pending_Effective,7,PS-GQMS-DOCUMENTS,00_Group_Shared,GMG-REPO-GQMS-DOCUMENTS-GRP,inherit from parent,YES,QA Documentation
GMG_Enterprise_Repository/02_GQMS_Controlled_Repository/00_Group_Shared/30_BPG/LEG/01_Controlled_Documents/FRM/Draft,7,PS-GQMS-DOCUMENTS,00_Group_Shared,GMG-REPO-GQMS-DOCUMENTS-GRP,inherit from parent,YES,QA Documentation
GMG_Enterprise_Repository/02_GQMS_Controlled_Repository/00_Group_Shared/30_BPG/LEG/01_Controlled_Documents/FRM/Effective,7,PS-GQMS-DOCUMENTS,00_Group_Shared,GMG-REPO-GQMS-DOCUMENTS-GRP,inherit from parent,YES,QA Documentation
GMG_Enterprise_Repository/02_GQMS_Controlled_Repository/00_Group_Shared/30_BPG/LEG/01_Controlled_Documents/FRM/In_Review,7,PS-GQMS-DOCUMENTS,00_Group_Shared,GMG-REPO-GQMS-DOCUMENTS-GRP,inherit from parent,YES,QA Documentation
GMG_Enterprise_Repository/02_GQMS_Controlled_Repository/00_Group_Shared/30_BPG/LEG/01_Controlled_Documents/FRM/Retired,7,PS-GQMS-DOCUMENTS,00_Group_Shared,GMG-REPO-GQMS-DOCUMENTS-GRP,inherit from parent,YES,QA Documentation
GMG_Enterprise_Repository/02_GQMS_Controlled_Repository/00_Group_Shared/30_BPG/LEG/01_Controlled_Documents/FRM/Superseded,7,PS-GQMS-DOCUMENTS,00_Group_Shared,GMG-REPO-GQMS-DOCUMENTS-GRP,inherit from parent,YES,QA Documentation
GMG_Enterprise_Repository/02_GQMS_Controlled_Repository/00_Group_Shared/30_BPG/LEG/01_Controlled_Documents/LOG,6,PS-GQMS-DOCUMENTS,00_Group_Shared,GMG-REPO-GQMS-DOCUMENTS-GRP,inherit from parent,YES,QA Documentation
GMG_Enterprise_Repository/02_GQMS_Controlled_Repository/00_Group_Shared/30_BPG/LEG/01_Controlled_Documents/LOG/Approved_Pending_Effective,7,PS-GQMS-DOCUMENTS,00_Group_Shared,GMG-REPO-GQMS-DOCUMENTS-GRP,inherit from parent,YES,QA Documentation
GMG_Enterprise_Repository/02_GQMS_Controlled_Repository/00_Group_Shared/30_BPG/LEG/01_Controlled_Documents/LOG/Draft,7,PS-GQMS-DOCUMENTS,00_Group_Shared,GMG-REPO-GQMS-DOCUMENTS-GRP,inherit from parent,YES,QA Documentation
GMG_Enterprise_Repository/02_GQMS_Controlled_Repository/00_Group_Shared/30_BPG/LEG/01_Controlled_Documents/LOG/Effective,7,PS-GQMS-DOCUMENTS,00_Group_Shared,GMG-REPO-GQMS-DOCUMENTS-GRP,inherit from parent,YES,QA Documentation
GMG_Enterprise_Repository/02_GQMS_Controlled_Repository/00_Group_Shared/30_BPG/LEG/01_Controlled_Documents/LOG/In_Review,7,PS-GQMS-DOCUMENTS,00_Group_Shared,GMG-REPO-GQMS-DOCUMENTS-GRP,inherit from parent,YES,QA Documentation
GMG_Enterprise_Repository/02_GQMS_Controlled_Repository/00_Group_Shared/30_BPG/LEG/01_Controlled_Documents/LOG/Retired,7,PS-GQMS-DOCUMENTS,00_Group_Shared,GMG-REPO-GQMS-DOCUMENTS-GRP,inherit from parent,YES,QA Documentation
GMG_Enterprise_Repository/02_GQMS_Controlled_Repository/00_Group_Shared/30_BPG/LEG/01_Controlled_Documents/LOG/Superseded,7,PS-GQMS-DOCUMENTS,00_Group_Shared,GMG-REPO-GQMS-DOCUMENTS-GRP,inherit from parent,YES,QA Documentation
GMG_Enterprise_Repository/02_GQMS_Controlled_Repository/00_Group_Shared/30_BPG/LEG/01_Controlled_Documents/LST,6,PS-GQMS-DOCUMENTS,00_Group_Shared,GMG-REPO-GQMS-DOCUMENTS-GRP,inherit from parent,YES,QA Documentation
GMG_Enterprise_Repository/02_GQMS_Controlled_Repository/00_Group_Shared/30_BPG/LEG/01_Controlled_Documents/LST/Approved_Pending_Effective,7,PS-GQMS-DOCUMENTS,00_Group_Shared,GMG-REPO-GQMS-DOCUMENTS-GRP,inherit from parent,YES,QA Documentation
GMG_Enterprise_Repository/02_GQMS_Controlled_Repository/00_Group_Shared/30_BPG/LEG/01_Controlled_Documents/LST/Draft,7,PS-GQMS-DOCUMENTS,00_Group_Shared,GMG-REPO-GQMS-DOCUMENTS-GRP,inherit from parent,YES,QA Documentation
GMG_Enterprise_Repository/02_GQMS_Controlled_Repository/00_Group_Shared/30_BPG/LEG/01_Controlled_Documents/LST/Effective,7,PS-GQMS-DOCUMENTS,00_Group_Shared,GMG-REPO-GQMS-DOCUMENTS-GRP,inherit from parent,YES,QA Documentation
GMG_Enterprise_Repository/02_GQMS_Controlled_Repository/00_Group_Shared/30_BPG/LEG/01_Controlled_Documents/LST/In_Review,7,PS-GQMS-DOCUMENTS,00_Group_Shared,GMG-REPO-GQMS-DOCUMENTS-GRP,inherit from parent,YES,QA Documentation
GMG_Enterprise_Repository/02_GQMS_Controlled_Repository/00_Group_Shared/30_BPG/LEG/01_Controlled_Documents/LST/Retired,7,PS-GQMS-DOCUMENTS,00_Group_Shared,GMG-REPO-GQMS-DOCUMENTS-GRP,inherit from parent,YES,QA Documentation
GMG_Enterprise_Repository/02_GQMS_Controlled_Repository/00_Group_Shared/30_BPG/LEG/01_Controlled_Documents/LST/Superseded,7,PS-GQMS-DOCUMENTS,00_Group_Shared,GMG-REPO-GQMS-DOCUMENTS-GRP,inherit from parent,YES,QA Documentation
GMG_Enterprise_Repository/02_GQMS_Controlled_Repository/00_Group_Shared/30_BPG/LEG/01_Controlled_Documents/MTX,6,PS-GQMS-DOCUMENTS,00_Group_Shared,GMG-REPO-GQMS-DOCUMENTS-GRP,inherit from parent,YES,QA Documentation
GMG_Enterprise_Repository/02_GQMS_Controlled_Repository/00_Group_Shared/30_BPG/LEG/01_Controlled_Documents/MTX/Approved_Pending_Effective,7,PS-GQMS-DOCUMENTS,00_Group_Shared,GMG-REPO-GQMS-DOCUMENTS-GRP,inherit from parent,YES,QA Documentation
GMG_Enterprise_Repository/02_GQMS_Controlled_Repository/00_Group_Shared/30_BPG/LEG/01_Controlled_Documents/MTX/Draft,7,PS-GQMS-DOCUMENTS,00_Group_Shared,GMG-REPO-GQMS-DOCUMENTS-GRP,inherit from parent,YES,QA Documentation
GMG_Enterprise_Repository/02_GQMS_Controlled_Repository/00_Group_Shared/30_BPG/LEG/01_Controlled_Documents/MTX/Effective,7,PS-GQMS-DOCUMENTS,00_Group_Shared,GMG-REPO-GQMS-DOCUMENTS-GRP,inherit from parent,YES,QA Documentation
GMG_Enterprise_Repository/02_GQMS_Controlled_Repository/00_Group_Shared/30_BPG/LEG/01_Controlled_Documents/MTX/In_Review,7,PS-GQMS-DOCUMENTS,00_Group_Shared,GMG-REPO-GQMS-DOCUMENTS-GRP,inherit from parent,YES,QA Documentation
GMG_Enterprise_Repository/02_GQMS_Controlled_Repository/00_Group_Shared/30_BPG/LEG/01_Controlled_Documents/MTX/Retired,7,PS-GQMS-DOCUMENTS,00_Group_Shared,GMG-REPO-GQMS-DOCUMENTS-GRP,inherit from parent,YES,QA Documentation
GMG_Enterprise_Repository/02_GQMS_Controlled_Repository/00_Group_Shared/30_BPG/LEG/01_Controlled_Documents/MTX/Superseded,7,PS-GQMS-DOCUMENTS,00_Group_Shared,GMG-REPO-GQMS-DOCUMENTS-GRP,inherit from parent,YES,QA Documentation
GMG_Enterprise_Repository/02_GQMS_Controlled_Repository/00_Group_Shared/30_BPG/LEG/01_Controlled_Documents/PLN,6,PS-GQMS-DOCUMENTS,00_Group_Shared,GMG-REPO-GQMS-DOCUMENTS-GRP,inherit from parent,YES,QA Documentation
GMG_Enterprise_Repository/02_GQMS_Controlled_Repository/00_Group_Shared/30_BPG/LEG/01_Controlled_Documents/PLN/Approved_Pending_Effective,7,PS-GQMS-DOCUMENTS,00_Group_Shared,GMG-REPO-GQMS-DOCUMENTS-GRP,inherit from parent,YES,QA Documentation
GMG_Enterprise_Repository/02_GQMS_Controlled_Repository/00_Group_Shared/30_BPG/LEG/01_Controlled_Documents/PLN/Draft,7,PS-GQMS-DOCUMENTS,00_Group_Shared,GMG-REPO-GQMS-DOCUMENTS-GRP,inherit from parent,YES,QA Documentation
GMG_Enterprise_Repository/02_GQMS_Controlled_Repository/00_Group_Shared/30_BPG/LEG/01_Controlled_Documents/PLN/Effective,7,PS-GQMS-DOCUMENTS,00_Group_Shared,GMG-REPO-GQMS-DOCUMENTS-GRP,inherit from parent,YES,QA Documentation
GMG_Enterprise_Repository/02_GQMS_Controlled_Repository/00_Group_Shared/30_BPG/LEG/01_Controlled_Documents/PLN/In_Review,7,PS-GQMS-DOCUMENTS,00_Group_Shared,GMG-REPO-GQMS-DOCUMENTS-GRP,inherit from parent,YES,QA Documentation
GMG_Enterprise_Repository/02_GQMS_Controlled_Repository/00_Group_Shared/30_BPG/LEG/01_Controlled_Documents/PLN/Retired,7,PS-GQMS-DOCUMENTS,00_Group_Shared,GMG-REPO-GQMS-DOCUMENTS-GRP,inherit from parent,YES,QA Documentation
GMG_Enterprise_Repository/02_GQMS_Controlled_Repository/00_Group_Shared/30_BPG/LEG/01_Controlled_Documents/PLN/Superseded,7,PS-GQMS-DOCUMENTS,00_Group_Shared,GMG-REPO-GQMS-DOCUMENTS-GRP,inherit from parent,YES,QA Documentation
GMG_Enterprise_Repository/02_GQMS_Controlled_Repository/00_Group_Shared/30_BPG/LEG/01_Controlled_Documents/POL,6,PS-GQMS-DOCUMENTS,00_Group_Shared,GMG-REPO-GQMS-DOCUMENTS-GRP,inherit from parent,YES,QA Documentation
GMG_Enterprise_Repository/02_GQMS_Controlled_Repository/00_Group_Shared/30_BPG/LEG/01_Controlled_Documents/POL/Approved_Pending_Effective,7,PS-GQMS-DOCUMENTS,00_Group_Shared,GMG-REPO-GQMS-DOCUMENTS-GRP,inherit from parent,YES,QA Documentation
GMG_Enterprise_Repository/02_GQMS_Controlled_Repository/00_Group_Shared/30_BPG/LEG/01_Controlled_Documents/POL/Draft,7,PS-GQMS-DOCUMENTS,00_Group_Shared,GMG-REPO-GQMS-DOCUMENTS-GRP,inherit from parent,YES,QA Documentation
GMG_Enterprise_Repository/02_GQMS_Controlled_Repository/00_Group_Shared/30_BPG/LEG/01_Controlled_Documents/POL/Effective,7,PS-GQMS-DOCUMENTS,00_Group_Shared,GMG-REPO-GQMS-DOCUMENTS-GRP,inherit from parent,YES,QA Documentation
GMG_Enterprise_Repository/02_GQMS_Controlled_Repository/00_Group_Shared/30_BPG/LEG/01_Controlled_Documents/POL/In_Review,7,PS-GQMS-DOCUMENTS,00_Group_Shared,GMG-REPO-GQMS-DOCUMENTS-GRP,inherit from parent,YES,QA Documentation
GMG_Enterprise_Repository/02_GQMS_Controlled_Repository/00_Group_Shared/30_BPG/LEG/01_Controlled_Documents/POL/Retired,7,PS-GQMS-DOCUMENTS,00_Group_Shared,GMG-REPO-GQMS-DOCUMENTS-GRP,inherit from parent,YES,QA Documentation
GMG_Enterprise_Repository/02_GQMS_Controlled_Repository/00_Group_Shared/30_BPG/LEG/01_Controlled_Documents/POL/Superseded,7,PS-GQMS-DOCUMENTS,00_Group_Shared,GMG-REPO-GQMS-DOCUMENTS-GRP,inherit from parent,YES,QA Documentation
GMG_Enterprise_Repository/02_GQMS_Controlled_Repository/00_Group_Shared/30_BPG/LEG/01_Controlled_Documents/RSK,6,PS-GQMS-DOCUMENTS,00_Group_Shared,GMG-REPO-GQMS-DOCUMENTS-GRP,inherit from parent,YES,QA Documentation
GMG_Enterprise_Repository/02_GQMS_Controlled_Repository/00_Group_Shared/30_BPG/LEG/01_Controlled_Documents/RSK/Approved_Pending_Effective,7,PS-GQMS-DOCUMENTS,00_Group_Shared,GMG-REPO-GQMS-DOCUMENTS-GRP,inherit from parent,YES,QA Documentation
GMG_Enterprise_Repository/02_GQMS_Controlled_Repository/00_Group_Shared/30_BPG/LEG/01_Controlled_Documents/RSK/Draft,7,PS-GQMS-DOCUMENTS,00_Group_Shared,GMG-REPO-GQMS-DOCUMENTS-GRP,inherit from parent,YES,QA Documentation
GMG_Enterprise_Repository/02_GQMS_Controlled_Repository/00_Group_Shared/30_BPG/LEG/01_Controlled_Documents/RSK/Effective,7,PS-GQMS-DOCUMENTS,00_Group_Shared,GMG-REPO-GQMS-DOCUMENTS-GRP,inherit from parent,YES,QA Documentation
GMG_Enterprise_Repository/02_GQMS_Controlled_Repository/00_Group_Shared/30_BPG/LEG/01_Controlled_Documents/RSK/In_Review,7,PS-GQMS-DOCUMENTS,00_Group_Shared,GMG-REPO-GQMS-DOCUMENTS-GRP,inherit from parent,YES,QA Documentation
GMG_Enterprise_Repository/02_GQMS_Controlled_Repository/00_Group_Shared/30_BPG/LEG/01_Controlled_Documents/RSK/Retired,7,PS-GQMS-DOCUMENTS,00_Group_Shared,GMG-REPO-GQMS-DOCUMENTS-GRP,inherit from parent,YES,QA Documentation
GMG_Enterprise_Repository/02_GQMS_Controlled_Repository/00_Group_Shared/30_BPG/LEG/01_Controlled_Documents/RSK/Superseded,7,PS-GQMS-DOCUMENTS,00_Group_Shared,GMG-REPO-GQMS-DOCUMENTS-GRP,inherit from parent,YES,QA Documentation
GMG_Enterprise_Repository/02_GQMS_Controlled_Repository/00_Group_Shared/30_BPG/LEG/01_Controlled_Documents/SOP,6,PS-GQMS-DOCUMENTS,00_Group_Shared,GMG-REPO-GQMS-DOCUMENTS-GRP,inherit from parent,YES,QA Documentation
GMG_Enterprise_Repository/02_GQMS_Controlled_Repository/00_Group_Shared/30_BPG/LEG/01_Controlled_Documents/SOP/Approved_Pending_Effective,7,PS-GQMS-DOCUMENTS,00_Group_Shared,GMG-REPO-GQMS-DOCUMENTS-GRP,inherit from parent,YES,QA Documentation
GMG_Enterprise_Repository/02_GQMS_Controlled_Repository/00_Group_Shared/30_BPG/LEG/01_Controlled_Documents/SOP/Draft,7,PS-GQMS-DOCUMENTS,00_Group_Shared,GMG-REPO-GQMS-DOCUMENTS-GRP,inherit from parent,YES,QA Documentation
GMG_Enterprise_Repository/02_GQMS_Controlled_Repository/00_Group_Shared/30_BPG/LEG/01_Controlled_Documents/SOP/Effective,7,PS-GQMS-DOCUMENTS,00_Group_Shared,GMG-REPO-GQMS-DOCUMENTS-GRP,inherit from parent,YES,QA Documentation
GMG_Enterprise_Repository/02_GQMS_Controlled_Repository/00_Group_Shared/30_BPG/LEG/01_Controlled_Documents/SOP/In_Review,7,PS-GQMS-DOCUMENTS,00_Group_Shared,GMG-REPO-GQMS-DOCUMENTS-GRP,inherit from parent,YES,QA Documentation
GMG_Enterprise_Repository/02_GQMS_Controlled_Repository/00_Group_Shared/30_BPG/LEG/01_Controlled_Documents/SOP/Retired,7,PS-GQMS-DOCUMENTS,00_Group_Shared,GMG-REPO-GQMS-DOCUMENTS-GRP,inherit from parent,YES,QA Documentation
GMG_Enterprise_Repository/02_GQMS_Controlled_Repository/00_Group_Shared/30_BPG/LEG/01_Controlled_Documents/SOP/Superseded,7,PS-GQMS-DOCUMENTS,00_Group_Shared,GMG-REPO-GQMS-DOCUMENTS-GRP,inherit from parent,YES,QA Documentation
GMG_Enterprise_Repository/02_GQMS_Controlled_Repository/00_Group_Shared/30_BPG/LEG/01_Controlled_Documents/TPL,6,PS-GQMS-DOCUMENTS,00_Group_Shared,GMG-REPO-GQMS-DOCUMENTS-GRP,inherit from parent,YES,QA Documentation
GMG_Enterprise_Repository/02_GQMS_Controlled_Repository/00_Group_Shared/30_BPG/LEG/01_Controlled_Documents/TPL/Approved_Pending_Effective,7,PS-GQMS-DOCUMENTS,00_Group_Shared,GMG-REPO-GQMS-DOCUMENTS-GRP,inherit from parent,YES,QA Documentation
GMG_Enterprise_Repository/02_GQMS_Controlled_Repository/00_Group_Shared/30_BPG/LEG/01_Controlled_Documents/TPL/Draft,7,PS-GQMS-DOCUMENTS,00_Group_Shared,GMG-REPO-GQMS-DOCUMENTS-GRP,inherit from parent,YES,QA Documentation
GMG_Enterprise_Repository/02_GQMS_Controlled_Repository/00_Group_Shared/30_BPG/LEG/01_Controlled_Documents/TPL/Effective,7,PS-GQMS-DOCUMENTS,00_Group_Shared,GMG-REPO-GQMS-DOCUMENTS-GRP,inherit from parent,YES,QA Documentation
GMG_Enterprise_Repository/02_GQMS_Controlled_Repository/00_Group_Shared/30_BPG/LEG/01_Controlled_Documents/TPL/In_Review,7,PS-GQMS-DOCUMENTS,00_Group_Shared,GMG-REPO-GQMS-DOCUMENTS-GRP,inherit from parent,YES,QA Documentation
GMG_Enterprise_Repository/02_GQMS_Controlled_Repository/00_Group_Shared/30_BPG/LEG/01_Controlled_Documents/TPL/Retired,7,PS-GQMS-DOCUMENTS,00_Group_Shared,GMG-REPO-GQMS-DOCUMENTS-GRP,inherit from parent,YES,QA Documentation
GMG_Enterprise_Repository/02_GQMS_Controlled_Repository/00_Group_Shared/30_BPG/LEG/01_Controlled_Documents/TPL/Superseded,7,PS-GQMS-DOCUMENTS,00_Group_Shared,GMG-REPO-GQMS-DOCUMENTS-GRP,inherit from parent,YES,QA Documentation
GMG_Enterprise_Repository/02_GQMS_Controlled_Repository/00_Group_Shared/30_BPG/LEG/01_Controlled_Documents/WIN,6,PS-GQMS-DOCUMENTS,00_Group_Shared,GMG-REPO-GQMS-DOCUMENTS-GRP,inherit from parent,YES,QA Documentation
GMG_Enterprise_Repository/02_GQMS_Controlled_Repository/00_Group_Shared/30_BPG/LEG/01_Controlled_Documents/WIN/Approved_Pending_Effective,7,PS-GQMS-DOCUMENTS,00_Group_Shared,GMG-REPO-GQMS-DOCUMENTS-GRP,inherit from parent,YES,QA Documentation
GMG_Enterprise_Repository/02_GQMS_Controlled_Repository/00_Group_Shared/30_BPG/LEG/01_Controlled_Documents/WIN/Draft,7,PS-GQMS-DOCUMENTS,00_Group_Shared,GMG-REPO-GQMS-DOCUMENTS-GRP,inherit from parent,YES,QA Documentation
GMG_Enterprise_Repository/02_GQMS_Controlled_Repository/00_Group_Shared/30_BPG/LEG/01_Controlled_Documents/WIN/Effective,7,PS-GQMS-DOCUMENTS,00_Group_Shared,GMG-REPO-GQMS-DOCUMENTS-GRP,inherit from parent,YES,QA Documentation
GMG_Enterprise_Repository/02_GQMS_Controlled_Repository/00_Group_Shared/30_BPG/LEG/01_Controlled_Documents/WIN/In_Review,7,PS-GQMS-DOCUMENTS,00_Group_Shared,GMG-REPO-GQMS-DOCUMENTS-GRP,inherit from parent,YES,QA Documentation
GMG_Enterprise_Repository/02_GQMS_Controlled_Repository/00_Group_Shared/30_BPG/LEG/01_Controlled_Documents/WIN/Retired,7,PS-GQMS-DOCUMENTS,00_Group_Shared,GMG-REPO-GQMS-DOCUMENTS-GRP,inherit from parent,YES,QA Documentation
GMG_Enterprise_Repository/02_GQMS_Controlled_Repository/00_Group_Shared/30_BPG/LEG/01_Controlled_Documents/WIN/Superseded,7,PS-GQMS-DOCUMENTS,00_Group_Shared,GMG-REPO-GQMS-DOCUMENTS-GRP,inherit from parent,YES,QA Documentation
GMG_Enterprise_Repository/02_GQMS_Controlled_Repository/00_Group_Shared/30_BPG/LEG/02_Quality_Records,5,PS-GQMS-DOCUMENTS,00_Group_Shared,GMG-REPO-GQMS-DOCUMENTS-GRP,inherit from parent,YES,QA Documentation
GMG_Enterprise_Repository/02_GQMS_Controlled_Repository/00_Group_Shared/30_BPG/PPM,4,PS-GQMS-DOCUMENTS,00_Group_Shared,GMG-REPO-GQMS-DOCUMENTS-GRP,inherit from parent,YES,QA Documentation
GMG_Enterprise_Repository/02_GQMS_Controlled_Repository/00_Group_Shared/30_BPG/PPM/01_Controlled_Documents,5,PS-GQMS-DOCUMENTS,00_Group_Shared,GMG-REPO-GQMS-DOCUMENTS-GRP,inherit from parent,YES,QA Documentation
GMG_Enterprise_Repository/02_GQMS_Controlled_Repository/00_Group_Shared/30_BPG/PPM/01_Controlled_Documents/AGR,6,PS-GQMS-DOCUMENTS,00_Group_Shared,GMG-REPO-GQMS-DOCUMENTS-GRP,inherit from parent,YES,QA Documentation
GMG_Enterprise_Repository/02_GQMS_Controlled_Repository/00_Group_Shared/30_BPG/PPM/01_Controlled_Documents/AGR/Approved_Pending_Effective,7,PS-GQMS-DOCUMENTS,00_Group_Shared,GMG-REPO-GQMS-DOCUMENTS-GRP,inherit from parent,YES,QA Documentation
GMG_Enterprise_Repository/02_GQMS_Controlled_Repository/00_Group_Shared/30_BPG/PPM/01_Controlled_Documents/AGR/Draft,7,PS-GQMS-DOCUMENTS,00_Group_Shared,GMG-REPO-GQMS-DOCUMENTS-GRP,inherit from parent,YES,QA Documentation
GMG_Enterprise_Repository/02_GQMS_Controlled_Repository/00_Group_Shared/30_BPG/PPM/01_Controlled_Documents/AGR/Effective,7,PS-GQMS-DOCUMENTS,00_Group_Shared,GMG-REPO-GQMS-DOCUMENTS-GRP,inherit from parent,YES,QA Documentation
GMG_Enterprise_Repository/02_GQMS_Controlled_Repository/00_Group_Shared/30_BPG/PPM/01_Controlled_Documents/AGR/In_Review,7,PS-GQMS-DOCUMENTS,00_Group_Shared,GMG-REPO-GQMS-DOCUMENTS-GRP,inherit from parent,YES,QA Documentation
GMG_Enterprise_Repository/02_GQMS_Controlled_Repository/00_Group_Shared/30_BPG/PPM/01_Controlled_Documents/AGR/Retired,7,PS-GQMS-DOCUMENTS,00_Group_Shared,GMG-REPO-GQMS-DOCUMENTS-GRP,inherit from parent,YES,QA Documentation
GMG_Enterprise_Repository/02_GQMS_Controlled_Repository/00_Group_Shared/30_BPG/PPM/01_Controlled_Documents/AGR/Superseded,7,PS-GQMS-DOCUMENTS,00_Group_Shared,GMG-REPO-GQMS-DOCUMENTS-GRP,inherit from parent,YES,QA Documentation
GMG_Enterprise_Repository/02_GQMS_Controlled_Repository/00_Group_Shared/30_BPG/PPM/01_Controlled_Documents/CHK,6,PS-GQMS-DOCUMENTS,00_Group_Shared,GMG-REPO-GQMS-DOCUMENTS-GRP,inherit from parent,YES,QA Documentation
GMG_Enterprise_Repository/02_GQMS_Controlled_Repository/00_Group_Shared/30_BPG/PPM/01_Controlled_Documents/CHK/Approved_Pending_Effective,7,PS-GQMS-DOCUMENTS,00_Group_Shared,GMG-REPO-GQMS-DOCUMENTS-GRP,inherit from parent,YES,QA Documentation
GMG_Enterprise_Repository/02_GQMS_Controlled_Repository/00_Group_Shared/30_BPG/PPM/01_Controlled_Documents/CHK/Draft,7,PS-GQMS-DOCUMENTS,00_Group_Shared,GMG-REPO-GQMS-DOCUMENTS-GRP,inherit from parent,YES,QA Documentation
GMG_Enterprise_Repository/02_GQMS_Controlled_Repository/00_Group_Shared/30_BPG/PPM/01_Controlled_Documents/CHK/Effective,7,PS-GQMS-DOCUMENTS,00_Group_Shared,GMG-REPO-GQMS-DOCUMENTS-GRP,inherit from parent,YES,QA Documentation
GMG_Enterprise_Repository/02_GQMS_Controlled_Repository/00_Group_Shared/30_BPG/PPM/01_Controlled_Documents/CHK/In_Review,7,PS-GQMS-DOCUMENTS,00_Group_Shared,GMG-REPO-GQMS-DOCUMENTS-GRP,inherit from parent,YES,QA Documentation
GMG_Enterprise_Repository/02_GQMS_Controlled_Repository/00_Group_Shared/30_BPG/PPM/01_Controlled_Documents/CHK/Retired,7,PS-GQMS-DOCUMENTS,00_Group_Shared,GMG-REPO-GQMS-DOCUMENTS-GRP,inherit from parent,YES,QA Documentation
GMG_Enterprise_Repository/02_GQMS_Controlled_Repository/00_Group_Shared/30_BPG/PPM/01_Controlled_Documents/CHK/Superseded,7,PS-GQMS-DOCUMENTS,00_Group_Shared,GMG-REPO-GQMS-DOCUMENTS-GRP,inherit from parent,YES,QA Documentation
GMG_Enterprise_Repository/02_GQMS_Controlled_Repository/00_Group_Shared/30_BPG/PPM/01_Controlled_Documents/FRM,6,PS-GQMS-DOCUMENTS,00_Group_Shared,GMG-REPO-GQMS-DOCUMENTS-GRP,inherit from parent,YES,QA Documentation
GMG_Enterprise_Repository/02_GQMS_Controlled_Repository/00_Group_Shared/30_BPG/PPM/01_Controlled_Documents/FRM/Approved_Pending_Effective,7,PS-GQMS-DOCUMENTS,00_Group_Shared,GMG-REPO-GQMS-DOCUMENTS-GRP,inherit from parent,YES,QA Documentation
GMG_Enterprise_Repository/02_GQMS_Controlled_Repository/00_Group_Shared/30_BPG/PPM/01_Controlled_Documents/FRM/Draft,7,PS-GQMS-DOCUMENTS,00_Group_Shared,GMG-REPO-GQMS-DOCUMENTS-GRP,inherit from parent,YES,QA Documentation
GMG_Enterprise_Repository/02_GQMS_Controlled_Repository/00_Group_Shared/30_BPG/PPM/01_Controlled_Documents/FRM/Effective,7,PS-GQMS-DOCUMENTS,00_Group_Shared,GMG-REPO-GQMS-DOCUMENTS-GRP,inherit from parent,YES,QA Documentation
GMG_Enterprise_Repository/02_GQMS_Controlled_Repository/00_Group_Shared/30_BPG/PPM/01_Controlled_Documents/FRM/In_Review,7,PS-GQMS-DOCUMENTS,00_Group_Shared,GMG-REPO-GQMS-DOCUMENTS-GRP,inherit from parent,YES,QA Documentation
GMG_Enterprise_Repository/02_GQMS_Controlled_Repository/00_Group_Shared/30_BPG/PPM/01_Controlled_Documents/FRM/Retired,7,PS-GQMS-DOCUMENTS,00_Group_Shared,GMG-REPO-GQMS-DOCUMENTS-GRP,inherit from parent,YES,QA Documentation
GMG_Enterprise_Repository/02_GQMS_Controlled_Repository/00_Group_Shared/30_BPG/PPM/01_Controlled_Documents/FRM/Superseded,7,PS-GQMS-DOCUMENTS,00_Group_Shared,GMG-REPO-GQMS-DOCUMENTS-GRP,inherit from parent,YES,QA Documentation
GMG_Enterprise_Repository/02_GQMS_Controlled_Repository/00_Group_Shared/30_BPG/PPM/01_Controlled_Documents/LOG,6,PS-GQMS-DOCUMENTS,00_Group_Shared,GMG-REPO-GQMS-DOCUMENTS-GRP,inherit from parent,YES,QA Documentation
GMG_Enterprise_Repository/02_GQMS_Controlled_Repository/00_Group_Shared/30_BPG/PPM/01_Controlled_Documents/LOG/Approved_Pending_Effective,7,PS-GQMS-DOCUMENTS,00_Group_Shared,GMG-REPO-GQMS-DOCUMENTS-GRP,inherit from parent,YES,QA Documentation
GMG_Enterprise_Repository/02_GQMS_Controlled_Repository/00_Group_Shared/30_BPG/PPM/01_Controlled_Documents/LOG/Draft,7,PS-GQMS-DOCUMENTS,00_Group_Shared,GMG-REPO-GQMS-DOCUMENTS-GRP,inherit from parent,YES,QA Documentation
GMG_Enterprise_Repository/02_GQMS_Controlled_Repository/00_Group_Shared/30_BPG/PPM/01_Controlled_Documents/LOG/Effective,7,PS-GQMS-DOCUMENTS,00_Group_Shared,GMG-REPO-GQMS-DOCUMENTS-GRP,inherit from parent,YES,QA Documentation
GMG_Enterprise_Repository/02_GQMS_Controlled_Repository/00_Group_Shared/30_BPG/PPM/01_Controlled_Documents/LOG/In_Review,7,PS-GQMS-DOCUMENTS,00_Group_Shared,GMG-REPO-GQMS-DOCUMENTS-GRP,inherit from parent,YES,QA Documentation
GMG_Enterprise_Repository/02_GQMS_Controlled_Repository/00_Group_Shared/30_BPG/PPM/01_Controlled_Documents/LOG/Retired,7,PS-GQMS-DOCUMENTS,00_Group_Shared,GMG-REPO-GQMS-DOCUMENTS-GRP,inherit from parent,YES,QA Documentation
GMG_Enterprise_Repository/02_GQMS_Controlled_Repository/00_Group_Shared/30_BPG/PPM/01_Controlled_Documents/LOG/Superseded,7,PS-GQMS-DOCUMENTS,00_Group_Shared,GMG-REPO-GQMS-DOCUMENTS-GRP,inherit from parent,YES,QA Documentation
GMG_Enterprise_Repository/02_GQMS_Controlled_Repository/00_Group_Shared/30_BPG/PPM/01_Controlled_Documents/LST,6,PS-GQMS-DOCUMENTS,00_Group_Shared,GMG-REPO-GQMS-DOCUMENTS-GRP,inherit from parent,YES,QA Documentation
GMG_Enterprise_Repository/02_GQMS_Controlled_Repository/00_Group_Shared/30_BPG/PPM/01_Controlled_Documents/LST/Approved_Pending_Effective,7,PS-GQMS-DOCUMENTS,00_Group_Shared,GMG-REPO-GQMS-DOCUMENTS-GRP,inherit from parent,YES,QA Documentation
GMG_Enterprise_Repository/02_GQMS_Controlled_Repository/00_Group_Shared/30_BPG/PPM/01_Controlled_Documents/LST/Draft,7,PS-GQMS-DOCUMENTS,00_Group_Shared,GMG-REPO-GQMS-DOCUMENTS-GRP,inherit from parent,YES,QA Documentation
GMG_Enterprise_Repository/02_GQMS_Controlled_Repository/00_Group_Shared/30_BPG/PPM/01_Controlled_Documents/LST/Effective,7,PS-GQMS-DOCUMENTS,00_Group_Shared,GMG-REPO-GQMS-DOCUMENTS-GRP,inherit from parent,YES,QA Documentation
GMG_Enterprise_Repository/02_GQMS_Controlled_Repository/00_Group_Shared/30_BPG/PPM/01_Controlled_Documents/LST/In_Review,7,PS-GQMS-DOCUMENTS,00_Group_Shared,GMG-REPO-GQMS-DOCUMENTS-GRP,inherit from parent,YES,QA Documentation
GMG_Enterprise_Repository/02_GQMS_Controlled_Repository/00_Group_Shared/30_BPG/PPM/01_Controlled_Documents/LST/Retired,7,PS-GQMS-DOCUMENTS,00_Group_Shared,GMG-REPO-GQMS-DOCUMENTS-GRP,inherit from parent,YES,QA Documentation
GMG_Enterprise_Repository/02_GQMS_Controlled_Repository/00_Group_Shared/30_BPG/PPM/01_Controlled_Documents/LST/Superseded,7,PS-GQMS-DOCUMENTS,00_Group_Shared,GMG-REPO-GQMS-DOCUMENTS-GRP,inherit from parent,YES,QA Documentation
GMG_Enterprise_Repository/02_GQMS_Controlled_Repository/00_Group_Shared/30_BPG/PPM/01_Controlled_Documents/MTX,6,PS-GQMS-DOCUMENTS,00_Group_Shared,GMG-REPO-GQMS-DOCUMENTS-GRP,inherit from parent,YES,QA Documentation
GMG_Enterprise_Repository/02_GQMS_Controlled_Repository/00_Group_Shared/30_BPG/PPM/01_Controlled_Documents/MTX/Approved_Pending_Effective,7,PS-GQMS-DOCUMENTS,00_Group_Shared,GMG-REPO-GQMS-DOCUMENTS-GRP,inherit from parent,YES,QA Documentation
GMG_Enterprise_Repository/02_GQMS_Controlled_Repository/00_Group_Shared/30_BPG/PPM/01_Controlled_Documents/MTX/Draft,7,PS-GQMS-DOCUMENTS,00_Group_Shared,GMG-REPO-GQMS-DOCUMENTS-GRP,inherit from parent,YES,QA Documentation
GMG_Enterprise_Repository/02_GQMS_Controlled_Repository/00_Group_Shared/30_BPG/PPM/01_Controlled_Documents/MTX/Effective,7,PS-GQMS-DOCUMENTS,00_Group_Shared,GMG-REPO-GQMS-DOCUMENTS-GRP,inherit from parent,YES,QA Documentation
GMG_Enterprise_Repository/02_GQMS_Controlled_Repository/00_Group_Shared/30_BPG/PPM/01_Controlled_Documents/MTX/In_Review,7,PS-GQMS-DOCUMENTS,00_Group_Shared,GMG-REPO-GQMS-DOCUMENTS-GRP,inherit from parent,YES,QA Documentation
GMG_Enterprise_Repository/02_GQMS_Controlled_Repository/00_Group_Shared/30_BPG/PPM/01_Controlled_Documents/MTX/Retired,7,PS-GQMS-DOCUMENTS,00_Group_Shared,GMG-REPO-GQMS-DOCUMENTS-GRP,inherit from parent,YES,QA Documentation
GMG_Enterprise_Repository/02_GQMS_Controlled_Repository/00_Group_Shared/30_BPG/PPM/01_Controlled_Documents/MTX/Superseded,7,PS-GQMS-DOCUMENTS,00_Group_Shared,GMG-REPO-GQMS-DOCUMENTS-GRP,inherit from parent,YES,QA Documentation
GMG_Enterprise_Repository/02_GQMS_Controlled_Repository/00_Group_Shared/30_BPG/PPM/01_Controlled_Documents/PLN,6,PS-GQMS-DOCUMENTS,00_Group_Shared,GMG-REPO-GQMS-DOCUMENTS-GRP,inherit from parent,YES,QA Documentation
GMG_Enterprise_Repository/02_GQMS_Controlled_Repository/00_Group_Shared/30_BPG/PPM/01_Controlled_Documents/PLN/Approved_Pending_Effective,7,PS-GQMS-DOCUMENTS,00_Group_Shared,GMG-REPO-GQMS-DOCUMENTS-GRP,inherit from parent,YES,QA Documentation
GMG_Enterprise_Repository/02_GQMS_Controlled_Repository/00_Group_Shared/30_BPG/PPM/01_Controlled_Documents/PLN/Draft,7,PS-GQMS-DOCUMENTS,00_Group_Shared,GMG-REPO-GQMS-DOCUMENTS-GRP,inherit from parent,YES,QA Documentation
GMG_Enterprise_Repository/02_GQMS_Controlled_Repository/00_Group_Shared/30_BPG/PPM/01_Controlled_Documents/PLN/Effective,7,PS-GQMS-DOCUMENTS,00_Group_Shared,GMG-REPO-GQMS-DOCUMENTS-GRP,inherit from parent,YES,QA Documentation
GMG_Enterprise_Repository/02_GQMS_Controlled_Repository/00_Group_Shared/30_BPG/PPM/01_Controlled_Documents/PLN/In_Review,7,PS-GQMS-DOCUMENTS,00_Group_Shared,GMG-REPO-GQMS-DOCUMENTS-GRP,inherit from parent,YES,QA Documentation
GMG_Enterprise_Repository/02_GQMS_Controlled_Repository/00_Group_Shared/30_BPG/PPM/01_Controlled_Documents/PLN/Retired,7,PS-GQMS-DOCUMENTS,00_Group_Shared,GMG-REPO-GQMS-DOCUMENTS-GRP,inherit from parent,YES,QA Documentation
GMG_Enterprise_Repository/02_GQMS_Controlled_Repository/00_Group_Shared/30_BPG/PPM/01_Controlled_Documents/PLN/Superseded,7,PS-GQMS-DOCUMENTS,00_Group_Shared,GMG-REPO-GQMS-DOCUMENTS-GRP,inherit from parent,YES,QA Documentation
GMG_Enterprise_Repository/02_GQMS_Controlled_Repository/00_Group_Shared/30_BPG/PPM/01_Controlled_Documents/POL,6,PS-GQMS-DOCUMENTS,00_Group_Shared,GMG-REPO-GQMS-DOCUMENTS-GRP,inherit from parent,YES,QA Documentation
GMG_Enterprise_Repository/02_GQMS_Controlled_Repository/00_Group_Shared/30_BPG/PPM/01_Controlled_Documents/POL/Approved_Pending_Effective,7,PS-GQMS-DOCUMENTS,00_Group_Shared,GMG-REPO-GQMS-DOCUMENTS-GRP,inherit from parent,YES,QA Documentation
GMG_Enterprise_Repository/02_GQMS_Controlled_Repository/00_Group_Shared/30_BPG/PPM/01_Controlled_Documents/POL/Draft,7,PS-GQMS-DOCUMENTS,00_Group_Shared,GMG-REPO-GQMS-DOCUMENTS-GRP,inherit from parent,YES,QA Documentation
GMG_Enterprise_Repository/02_GQMS_Controlled_Repository/00_Group_Shared/30_BPG/PPM/01_Controlled_Documents/POL/Effective,7,PS-GQMS-DOCUMENTS,00_Group_Shared,GMG-REPO-GQMS-DOCUMENTS-GRP,inherit from parent,YES,QA Documentation
GMG_Enterprise_Repository/02_GQMS_Controlled_Repository/00_Group_Shared/30_BPG/PPM/01_Controlled_Documents/POL/In_Review,7,PS-GQMS-DOCUMENTS,00_Group_Shared,GMG-REPO-GQMS-DOCUMENTS-GRP,inherit from parent,YES,QA Documentation
GMG_Enterprise_Repository/02_GQMS_Controlled_Repository/00_Group_Shared/30_BPG/PPM/01_Controlled_Documents/POL/Retired,7,PS-GQMS-DOCUMENTS,00_Group_Shared,GMG-REPO-GQMS-DOCUMENTS-GRP,inherit from parent,YES,QA Documentation
GMG_Enterprise_Repository/02_GQMS_Controlled_Repository/00_Group_Shared/30_BPG/PPM/01_Controlled_Documents/POL/Superseded,7,PS-GQMS-DOCUMENTS,00_Group_Shared,GMG-REPO-GQMS-DOCUMENTS-GRP,inherit from parent,YES,QA Documentation
GMG_Enterprise_Repository/02_GQMS_Controlled_Repository/00_Group_Shared/30_BPG/PPM/01_Controlled_Documents/RSK,6,PS-GQMS-DOCUMENTS,00_Group_Shared,GMG-REPO-GQMS-DOCUMENTS-GRP,inherit from parent,YES,QA Documentation
GMG_Enterprise_Repository/02_GQMS_Controlled_Repository/00_Group_Shared/30_BPG/PPM/01_Controlled_Documents/RSK/Approved_Pending_Effective,7,PS-GQMS-DOCUMENTS,00_Group_Shared,GMG-REPO-GQMS-DOCUMENTS-GRP,inherit from parent,YES,QA Documentation
GMG_Enterprise_Repository/02_GQMS_Controlled_Repository/00_Group_Shared/30_BPG/PPM/01_Controlled_Documents/RSK/Draft,7,PS-GQMS-DOCUMENTS,00_Group_Shared,GMG-REPO-GQMS-DOCUMENTS-GRP,inherit from parent,YES,QA Documentation
GMG_Enterprise_Repository/02_GQMS_Controlled_Repository/00_Group_Shared/30_BPG/PPM/01_Controlled_Documents/RSK/Effective,7,PS-GQMS-DOCUMENTS,00_Group_Shared,GMG-REPO-GQMS-DOCUMENTS-GRP,inherit from parent,YES,QA Documentation
GMG_Enterprise_Repository/02_GQMS_Controlled_Repository/00_Group_Shared/30_BPG/PPM/01_Controlled_Documents/RSK/In_Review,7,PS-GQMS-DOCUMENTS,00_Group_Shared,GMG-REPO-GQMS-DOCUMENTS-GRP,inherit from parent,YES,QA Documentation
GMG_Enterprise_Repository/02_GQMS_Controlled_Repository/00_Group_Shared/30_BPG/PPM/01_Controlled_Documents/RSK/Retired,7,PS-GQMS-DOCUMENTS,00_Group_Shared,GMG-REPO-GQMS-DOCUMENTS-GRP,inherit from parent,YES,QA Documentation
GMG_Enterprise_Repository/02_GQMS_Controlled_Repository/00_Group_Shared/30_BPG/PPM/01_Controlled_Documents/RSK/Superseded,7,PS-GQMS-DOCUMENTS,00_Group_Shared,GMG-REPO-GQMS-DOCUMENTS-GRP,inherit from parent,YES,QA Documentation
GMG_Enterprise_Repository/02_GQMS_Controlled_Repository/00_Group_Shared/30_BPG/PPM/01_Controlled_Documents/SOP,6,PS-GQMS-DOCUMENTS,00_Group_Shared,GMG-REPO-GQMS-DOCUMENTS-GRP,inherit from parent,YES,QA Documentation
GMG_Enterprise_Repository/02_GQMS_Controlled_Repository/00_Group_Shared/30_BPG/PPM/01_Controlled_Documents/SOP/Approved_Pending_Effective,7,PS-GQMS-DOCUMENTS,00_Group_Shared,GMG-REPO-GQMS-DOCUMENTS-GRP,inherit from parent,YES,QA Documentation
GMG_Enterprise_Repository/02_GQMS_Controlled_Repository/00_Group_Shared/30_BPG/PPM/01_Controlled_Documents/SOP/Draft,7,PS-GQMS-DOCUMENTS,00_Group_Shared,GMG-REPO-GQMS-DOCUMENTS-GRP,inherit from parent,YES,QA Documentation
GMG_Enterprise_Repository/02_GQMS_Controlled_Repository/00_Group_Shared/30_BPG/PPM/01_Controlled_Documents/SOP/Effective,7,PS-GQMS-DOCUMENTS,00_Group_Shared,GMG-REPO-GQMS-DOCUMENTS-GRP,inherit from parent,YES,QA Documentation
GMG_Enterprise_Repository/02_GQMS_Controlled_Repository/00_Group_Shared/30_BPG/PPM/01_Controlled_Documents/SOP/In_Review,7,PS-GQMS-DOCUMENTS,00_Group_Shared,GMG-REPO-GQMS-DOCUMENTS-GRP,inherit from parent,YES,QA Documentation
GMG_Enterprise_Repository/02_GQMS_Controlled_Repository/00_Group_Shared/30_BPG/PPM/01_Controlled_Documents/SOP/Retired,7,PS-GQMS-DOCUMENTS,00_Group_Shared,GMG-REPO-GQMS-DOCUMENTS-GRP,inherit from parent,YES,QA Documentation
GMG_Enterprise_Repository/02_GQMS_Controlled_Repository/00_Group_Shared/30_BPG/PPM/01_Controlled_Documents/SOP/Superseded,7,PS-GQMS-DOCUMENTS,00_Group_Shared,GMG-REPO-GQMS-DOCUMENTS-GRP,inherit from parent,YES,QA Documentation
GMG_Enterprise_Repository/02_GQMS_Controlled_Repository/00_Group_Shared/30_BPG/PPM/01_Controlled_Documents/TPL,6,PS-GQMS-DOCUMENTS,00_Group_Shared,GMG-REPO-GQMS-DOCUMENTS-GRP,inherit from parent,YES,QA Documentation
GMG_Enterprise_Repository/02_GQMS_Controlled_Repository/00_Group_Shared/30_BPG/PPM/01_Controlled_Documents/TPL/Approved_Pending_Effective,7,PS-GQMS-DOCUMENTS,00_Group_Shared,GMG-REPO-GQMS-DOCUMENTS-GRP,inherit from parent,YES,QA Documentation
GMG_Enterprise_Repository/02_GQMS_Controlled_Repository/00_Group_Shared/30_BPG/PPM/01_Controlled_Documents/TPL/Draft,7,PS-GQMS-DOCUMENTS,00_Group_Shared,GMG-REPO-GQMS-DOCUMENTS-GRP,inherit from parent,YES,QA Documentation
GMG_Enterprise_Repository/02_GQMS_Controlled_Repository/00_Group_Shared/30_BPG/PPM/01_Controlled_Documents/TPL/Effective,7,PS-GQMS-DOCUMENTS,00_Group_Shared,GMG-REPO-GQMS-DOCUMENTS-GRP,inherit from parent,YES,QA Documentation
GMG_Enterprise_Repository/02_GQMS_Controlled_Repository/00_Group_Shared/30_BPG/PPM/01_Controlled_Documents/TPL/In_Review,7,PS-GQMS-DOCUMENTS,00_Group_Shared,GMG-REPO-GQMS-DOCUMENTS-GRP,inherit from parent,YES,QA Documentation
GMG_Enterprise_Repository/02_GQMS_Controlled_Repository/00_Group_Shared/30_BPG/PPM/01_Controlled_Documents/TPL/Retired,7,PS-GQMS-DOCUMENTS,00_Group_Shared,GMG-REPO-GQMS-DOCUMENTS-GRP,inherit from parent,YES,QA Documentation
GMG_Enterprise_Repository/02_GQMS_Controlled_Repository/00_Group_Shared/30_BPG/PPM/01_Controlled_Documents/TPL/Superseded,7,PS-GQMS-DOCUMENTS,00_Group_Shared,GMG-REPO-GQMS-DOCUMENTS-GRP,inherit from parent,YES,QA Documentation
GMG_Enterprise_Repository/02_GQMS_Controlled_Repository/00_Group_Shared/30_BPG/PPM/01_Controlled_Documents/WIN,6,PS-GQMS-DOCUMENTS,00_Group_Shared,GMG-REPO-GQMS-DOCUMENTS-GRP,inherit from parent,YES,QA Documentation
GMG_Enterprise_Repository/02_GQMS_Controlled_Repository/00_Group_Shared/30_BPG/PPM/01_Controlled_Documents/WIN/Approved_Pending_Effective,7,PS-GQMS-DOCUMENTS,00_Group_Shared,GMG-REPO-GQMS-DOCUMENTS-GRP,inherit from parent,YES,QA Documentation
GMG_Enterprise_Repository/02_GQMS_Controlled_Repository/00_Group_Shared/30_BPG/PPM/01_Controlled_Documents/WIN/Draft,7,PS-GQMS-DOCUMENTS,00_Group_Shared,GMG-REPO-GQMS-DOCUMENTS-GRP,inherit from parent,YES,QA Documentation
GMG_Enterprise_Repository/02_GQMS_Controlled_Repository/00_Group_Shared/30_BPG/PPM/01_Controlled_Documents/WIN/Effective,7,PS-GQMS-DOCUMENTS,00_Group_Shared,GMG-REPO-GQMS-DOCUMENTS-GRP,inherit from parent,YES,QA Documentation
GMG_Enterprise_Repository/02_GQMS_Controlled_Repository/00_Group_Shared/30_BPG/PPM/01_Controlled_Documents/WIN/In_Review,7,PS-GQMS-DOCUMENTS,00_Group_Shared,GMG-REPO-GQMS-DOCUMENTS-GRP,inherit from parent,YES,QA Documentation
GMG_Enterprise_Repository/02_GQMS_Controlled_Repository/00_Group_Shared/30_BPG/PPM/01_Controlled_Documents/WIN/Retired,7,PS-GQMS-DOCUMENTS,00_Group_Shared,GMG-REPO-GQMS-DOCUMENTS-GRP,inherit from parent,YES,QA Documentation
GMG_Enterprise_Repository/02_GQMS_Controlled_Repository/00_Group_Shared/30_BPG/PPM/01_Controlled_Documents/WIN/Superseded,7,PS-GQMS-DOCUMENTS,00_Group_Shared,GMG-REPO-GQMS-DOCUMENTS-GRP,inherit from parent,YES,QA Documentation
GMG_Enterprise_Repository/02_GQMS_Controlled_Repository/00_Group_Shared/30_BPG/PPM/02_Quality_Records,5,PS-GQMS-DOCUMENTS,00_Group_Shared,GMG-REPO-GQMS-DOCUMENTS-GRP,inherit from parent,YES,QA Documentation
GMG_Enterprise_Repository/02_GQMS_Controlled_Repository/00_Group_Shared/30_BPG/PRC,4,PS-GQMS-DOCUMENTS,00_Group_Shared,GMG-REPO-GQMS-DOCUMENTS-GRP,inherit from parent,YES,QA Documentation
GMG_Enterprise_Repository/02_GQMS_Controlled_Repository/00_Group_Shared/30_BPG/PRC/01_Controlled_Documents,5,PS-GQMS-DOCUMENTS,00_Group_Shared,GMG-REPO-GQMS-DOCUMENTS-GRP,inherit from parent,YES,QA Documentation
GMG_Enterprise_Repository/02_GQMS_Controlled_Repository/00_Group_Shared/30_BPG/PRC/01_Controlled_Documents/AGR,6,PS-GQMS-DOCUMENTS,00_Group_Shared,GMG-REPO-GQMS-DOCUMENTS-GRP,inherit from parent,YES,QA Documentation
GMG_Enterprise_Repository/02_GQMS_Controlled_Repository/00_Group_Shared/30_BPG/PRC/01_Controlled_Documents/AGR/Approved_Pending_Effective,7,PS-GQMS-DOCUMENTS,00_Group_Shared,GMG-REPO-GQMS-DOCUMENTS-GRP,inherit from parent,YES,QA Documentation
GMG_Enterprise_Repository/02_GQMS_Controlled_Repository/00_Group_Shared/30_BPG/PRC/01_Controlled_Documents/AGR/Draft,7,PS-GQMS-DOCUMENTS,00_Group_Shared,GMG-REPO-GQMS-DOCUMENTS-GRP,inherit from parent,YES,QA Documentation
GMG_Enterprise_Repository/02_GQMS_Controlled_Repository/00_Group_Shared/30_BPG/PRC/01_Controlled_Documents/AGR/Effective,7,PS-GQMS-DOCUMENTS,00_Group_Shared,GMG-REPO-GQMS-DOCUMENTS-GRP,inherit from parent,YES,QA Documentation
GMG_Enterprise_Repository/02_GQMS_Controlled_Repository/00_Group_Shared/30_BPG/PRC/01_Controlled_Documents/AGR/In_Review,7,PS-GQMS-DOCUMENTS,00_Group_Shared,GMG-REPO-GQMS-DOCUMENTS-GRP,inherit from parent,YES,QA Documentation
GMG_Enterprise_Repository/02_GQMS_Controlled_Repository/00_Group_Shared/30_BPG/PRC/01_Controlled_Documents/AGR/Retired,7,PS-GQMS-DOCUMENTS,00_Group_Shared,GMG-REPO-GQMS-DOCUMENTS-GRP,inherit from parent,YES,QA Documentation
GMG_Enterprise_Repository/02_GQMS_Controlled_Repository/00_Group_Shared/30_BPG/PRC/01_Controlled_Documents/AGR/Superseded,7,PS-GQMS-DOCUMENTS,00_Group_Shared,GMG-REPO-GQMS-DOCUMENTS-GRP,inherit from parent,YES,QA Documentation
GMG_Enterprise_Repository/02_GQMS_Controlled_Repository/00_Group_Shared/30_BPG/PRC/01_Controlled_Documents/CHK,6,PS-GQMS-DOCUMENTS,00_Group_Shared,GMG-REPO-GQMS-DOCUMENTS-GRP,inherit from parent,YES,QA Documentation
GMG_Enterprise_Repository/02_GQMS_Controlled_Repository/00_Group_Shared/30_BPG/PRC/01_Controlled_Documents/CHK/Approved_Pending_Effective,7,PS-GQMS-DOCUMENTS,00_Group_Shared,GMG-REPO-GQMS-DOCUMENTS-GRP,inherit from parent,YES,QA Documentation
GMG_Enterprise_Repository/02_GQMS_Controlled_Repository/00_Group_Shared/30_BPG/PRC/01_Controlled_Documents/CHK/Draft,7,PS-GQMS-DOCUMENTS,00_Group_Shared,GMG-REPO-GQMS-DOCUMENTS-GRP,inherit from parent,YES,QA Documentation
GMG_Enterprise_Repository/02_GQMS_Controlled_Repository/00_Group_Shared/30_BPG/PRC/01_Controlled_Documents/CHK/Effective,7,PS-GQMS-DOCUMENTS,00_Group_Shared,GMG-REPO-GQMS-DOCUMENTS-GRP,inherit from parent,YES,QA Documentation
GMG_Enterprise_Repository/02_GQMS_Controlled_Repository/00_Group_Shared/30_BPG/PRC/01_Controlled_Documents/CHK/In_Review,7,PS-GQMS-DOCUMENTS,00_Group_Shared,GMG-REPO-GQMS-DOCUMENTS-GRP,inherit from parent,YES,QA Documentation
GMG_Enterprise_Repository/02_GQMS_Controlled_Repository/00_Group_Shared/30_BPG/PRC/01_Controlled_Documents/CHK/Retired,7,PS-GQMS-DOCUMENTS,00_Group_Shared,GMG-REPO-GQMS-DOCUMENTS-GRP,inherit from parent,YES,QA Documentation
GMG_Enterprise_Repository/02_GQMS_Controlled_Repository/00_Group_Shared/30_BPG/PRC/01_Controlled_Documents/CHK/Superseded,7,PS-GQMS-DOCUMENTS,00_Group_Shared,GMG-REPO-GQMS-DOCUMENTS-GRP,inherit from parent,YES,QA Documentation
GMG_Enterprise_Repository/02_GQMS_Controlled_Repository/00_Group_Shared/30_BPG/PRC/01_Controlled_Documents/FRM,6,PS-GQMS-DOCUMENTS,00_Group_Shared,GMG-REPO-GQMS-DOCUMENTS-GRP,inherit from parent,YES,QA Documentation
GMG_Enterprise_Repository/02_GQMS_Controlled_Repository/00_Group_Shared/30_BPG/PRC/01_Controlled_Documents/FRM/Approved_Pending_Effective,7,PS-GQMS-DOCUMENTS,00_Group_Shared,GMG-REPO-GQMS-DOCUMENTS-GRP,inherit from parent,YES,QA Documentation
GMG_Enterprise_Repository/02_GQMS_Controlled_Repository/00_Group_Shared/30_BPG/PRC/01_Controlled_Documents/FRM/Draft,7,PS-GQMS-DOCUMENTS,00_Group_Shared,GMG-REPO-GQMS-DOCUMENTS-GRP,inherit from parent,YES,QA Documentation
GMG_Enterprise_Repository/02_GQMS_Controlled_Repository/00_Group_Shared/30_BPG/PRC/01_Controlled_Documents/FRM/Effective,7,PS-GQMS-DOCUMENTS,00_Group_Shared,GMG-REPO-GQMS-DOCUMENTS-GRP,inherit from parent,YES,QA Documentation
GMG_Enterprise_Repository/02_GQMS_Controlled_Repository/00_Group_Shared/30_BPG/PRC/01_Controlled_Documents/FRM/In_Review,7,PS-GQMS-DOCUMENTS,00_Group_Shared,GMG-REPO-GQMS-DOCUMENTS-GRP,inherit from parent,YES,QA Documentation
GMG_Enterprise_Repository/02_GQMS_Controlled_Repository/00_Group_Shared/30_BPG/PRC/01_Controlled_Documents/FRM/Retired,7,PS-GQMS-DOCUMENTS,00_Group_Shared,GMG-REPO-GQMS-DOCUMENTS-GRP,inherit from parent,YES,QA Documentation
GMG_Enterprise_Repository/02_GQMS_Controlled_Repository/00_Group_Shared/30_BPG/PRC/01_Controlled_Documents/FRM/Superseded,7,PS-GQMS-DOCUMENTS,00_Group_Shared,GMG-REPO-GQMS-DOCUMENTS-GRP,inherit from parent,YES,QA Documentation
GMG_Enterprise_Repository/02_GQMS_Controlled_Repository/00_Group_Shared/30_BPG/PRC/01_Controlled_Documents/LOG,6,PS-GQMS-DOCUMENTS,00_Group_Shared,GMG-REPO-GQMS-DOCUMENTS-GRP,inherit from parent,YES,QA Documentation
GMG_Enterprise_Repository/02_GQMS_Controlled_Repository/00_Group_Shared/30_BPG/PRC/01_Controlled_Documents/LOG/Approved_Pending_Effective,7,PS-GQMS-DOCUMENTS,00_Group_Shared,GMG-REPO-GQMS-DOCUMENTS-GRP,inherit from parent,YES,QA Documentation
GMG_Enterprise_Repository/02_GQMS_Controlled_Repository/00_Group_Shared/30_BPG/PRC/01_Controlled_Documents/LOG/Draft,7,PS-GQMS-DOCUMENTS,00_Group_Shared,GMG-REPO-GQMS-DOCUMENTS-GRP,inherit from parent,YES,QA Documentation
GMG_Enterprise_Repository/02_GQMS_Controlled_Repository/00_Group_Shared/30_BPG/PRC/01_Controlled_Documents/LOG/Effective,7,PS-GQMS-DOCUMENTS,00_Group_Shared,GMG-REPO-GQMS-DOCUMENTS-GRP,inherit from parent,YES,QA Documentation
GMG_Enterprise_Repository/02_GQMS_Controlled_Repository/00_Group_Shared/30_BPG/PRC/01_Controlled_Documents/LOG/In_Review,7,PS-GQMS-DOCUMENTS,00_Group_Shared,GMG-REPO-GQMS-DOCUMENTS-GRP,inherit from parent,YES,QA Documentation
GMG_Enterprise_Repository/02_GQMS_Controlled_Repository/00_Group_Shared/30_BPG/PRC/01_Controlled_Documents/LOG/Retired,7,PS-GQMS-DOCUMENTS,00_Group_Shared,GMG-REPO-GQMS-DOCUMENTS-GRP,inherit from parent,YES,QA Documentation
GMG_Enterprise_Repository/02_GQMS_Controlled_Repository/00_Group_Shared/30_BPG/PRC/01_Controlled_Documents/LOG/Superseded,7,PS-GQMS-DOCUMENTS,00_Group_Shared,GMG-REPO-GQMS-DOCUMENTS-GRP,inherit from parent,YES,QA Documentation
GMG_Enterprise_Repository/02_GQMS_Controlled_Repository/00_Group_Shared/30_BPG/PRC/01_Controlled_Documents/LST,6,PS-GQMS-DOCUMENTS,00_Group_Shared,GMG-REPO-GQMS-DOCUMENTS-GRP,inherit from parent,YES,QA Documentation
GMG_Enterprise_Repository/02_GQMS_Controlled_Repository/00_Group_Shared/30_BPG/PRC/01_Controlled_Documents/LST/Approved_Pending_Effective,7,PS-GQMS-DOCUMENTS,00_Group_Shared,GMG-REPO-GQMS-DOCUMENTS-GRP,inherit from parent,YES,QA Documentation
GMG_Enterprise_Repository/02_GQMS_Controlled_Repository/00_Group_Shared/30_BPG/PRC/01_Controlled_Documents/LST/Draft,7,PS-GQMS-DOCUMENTS,00_Group_Shared,GMG-REPO-GQMS-DOCUMENTS-GRP,inherit from parent,YES,QA Documentation
GMG_Enterprise_Repository/02_GQMS_Controlled_Repository/00_Group_Shared/30_BPG/PRC/01_Controlled_Documents/LST/Effective,7,PS-GQMS-DOCUMENTS,00_Group_Shared,GMG-REPO-GQMS-DOCUMENTS-GRP,inherit from parent,YES,QA Documentation
GMG_Enterprise_Repository/02_GQMS_Controlled_Repository/00_Group_Shared/30_BPG/PRC/01_Controlled_Documents/LST/In_Review,7,PS-GQMS-DOCUMENTS,00_Group_Shared,GMG-REPO-GQMS-DOCUMENTS-GRP,inherit from parent,YES,QA Documentation
GMG_Enterprise_Repository/02_GQMS_Controlled_Repository/00_Group_Shared/30_BPG/PRC/01_Controlled_Documents/LST/Retired,7,PS-GQMS-DOCUMENTS,00_Group_Shared,GMG-REPO-GQMS-DOCUMENTS-GRP,inherit from parent,YES,QA Documentation
GMG_Enterprise_Repository/02_GQMS_Controlled_Repository/00_Group_Shared/30_BPG/PRC/01_Controlled_Documents/LST/Superseded,7,PS-GQMS-DOCUMENTS,00_Group_Shared,GMG-REPO-GQMS-DOCUMENTS-GRP,inherit from parent,YES,QA Documentation
GMG_Enterprise_Repository/02_GQMS_Controlled_Repository/00_Group_Shared/30_BPG/PRC/01_Controlled_Documents/MTX,6,PS-GQMS-DOCUMENTS,00_Group_Shared,GMG-REPO-GQMS-DOCUMENTS-GRP,inherit from parent,YES,QA Documentation
GMG_Enterprise_Repository/02_GQMS_Controlled_Repository/00_Group_Shared/30_BPG/PRC/01_Controlled_Documents/MTX/Approved_Pending_Effective,7,PS-GQMS-DOCUMENTS,00_Group_Shared,GMG-REPO-GQMS-DOCUMENTS-GRP,inherit from parent,YES,QA Documentation
GMG_Enterprise_Repository/02_GQMS_Controlled_Repository/00_Group_Shared/30_BPG/PRC/01_Controlled_Documents/MTX/Draft,7,PS-GQMS-DOCUMENTS,00_Group_Shared,GMG-REPO-GQMS-DOCUMENTS-GRP,inherit from parent,YES,QA Documentation
GMG_Enterprise_Repository/02_GQMS_Controlled_Repository/00_Group_Shared/30_BPG/PRC/01_Controlled_Documents/MTX/Effective,7,PS-GQMS-DOCUMENTS,00_Group_Shared,GMG-REPO-GQMS-DOCUMENTS-GRP,inherit from parent,YES,QA Documentation
GMG_Enterprise_Repository/02_GQMS_Controlled_Repository/00_Group_Shared/30_BPG/PRC/01_Controlled_Documents/MTX/In_Review,7,PS-GQMS-DOCUMENTS,00_Group_Shared,GMG-REPO-GQMS-DOCUMENTS-GRP,inherit from parent,YES,QA Documentation
GMG_Enterprise_Repository/02_GQMS_Controlled_Repository/00_Group_Shared/30_BPG/PRC/01_Controlled_Documents/MTX/Retired,7,PS-GQMS-DOCUMENTS,00_Group_Shared,GMG-REPO-GQMS-DOCUMENTS-GRP,inherit from parent,YES,QA Documentation
GMG_Enterprise_Repository/02_GQMS_Controlled_Repository/00_Group_Shared/30_BPG/PRC/01_Controlled_Documents/MTX/Superseded,7,PS-GQMS-DOCUMENTS,00_Group_Shared,GMG-REPO-GQMS-DOCUMENTS-GRP,inherit from parent,YES,QA Documentation
GMG_Enterprise_Repository/02_GQMS_Controlled_Repository/00_Group_Shared/30_BPG/PRC/01_Controlled_Documents/PLN,6,PS-GQMS-DOCUMENTS,00_Group_Shared,GMG-REPO-GQMS-DOCUMENTS-GRP,inherit from parent,YES,QA Documentation
GMG_Enterprise_Repository/02_GQMS_Controlled_Repository/00_Group_Shared/30_BPG/PRC/01_Controlled_Documents/PLN/Approved_Pending_Effective,7,PS-GQMS-DOCUMENTS,00_Group_Shared,GMG-REPO-GQMS-DOCUMENTS-GRP,inherit from parent,YES,QA Documentation
GMG_Enterprise_Repository/02_GQMS_Controlled_Repository/00_Group_Shared/30_BPG/PRC/01_Controlled_Documents/PLN/Draft,7,PS-GQMS-DOCUMENTS,00_Group_Shared,GMG-REPO-GQMS-DOCUMENTS-GRP,inherit from parent,YES,QA Documentation
GMG_Enterprise_Repository/02_GQMS_Controlled_Repository/00_Group_Shared/30_BPG/PRC/01_Controlled_Documents/PLN/Effective,7,PS-GQMS-DOCUMENTS,00_Group_Shared,GMG-REPO-GQMS-DOCUMENTS-GRP,inherit from parent,YES,QA Documentation
GMG_Enterprise_Repository/02_GQMS_Controlled_Repository/00_Group_Shared/30_BPG/PRC/01_Controlled_Documents/PLN/In_Review,7,PS-GQMS-DOCUMENTS,00_Group_Shared,GMG-REPO-GQMS-DOCUMENTS-GRP,inherit from parent,YES,QA Documentation
GMG_Enterprise_Repository/02_GQMS_Controlled_Repository/00_Group_Shared/30_BPG/PRC/01_Controlled_Documents/PLN/Retired,7,PS-GQMS-DOCUMENTS,00_Group_Shared,GMG-REPO-GQMS-DOCUMENTS-GRP,inherit from parent,YES,QA Documentation
GMG_Enterprise_Repository/02_GQMS_Controlled_Repository/00_Group_Shared/30_BPG/PRC/01_Controlled_Documents/PLN/Superseded,7,PS-GQMS-DOCUMENTS,00_Group_Shared,GMG-REPO-GQMS-DOCUMENTS-GRP,inherit from parent,YES,QA Documentation
GMG_Enterprise_Repository/02_GQMS_Controlled_Repository/00_Group_Shared/30_BPG/PRC/01_Controlled_Documents/POL,6,PS-GQMS-DOCUMENTS,00_Group_Shared,GMG-REPO-GQMS-DOCUMENTS-GRP,inherit from parent,YES,QA Documentation
GMG_Enterprise_Repository/02_GQMS_Controlled_Repository/00_Group_Shared/30_BPG/PRC/01_Controlled_Documents/POL/Approved_Pending_Effective,7,PS-GQMS-DOCUMENTS,00_Group_Shared,GMG-REPO-GQMS-DOCUMENTS-GRP,inherit from parent,YES,QA Documentation
GMG_Enterprise_Repository/02_GQMS_Controlled_Repository/00_Group_Shared/30_BPG/PRC/01_Controlled_Documents/POL/Draft,7,PS-GQMS-DOCUMENTS,00_Group_Shared,GMG-REPO-GQMS-DOCUMENTS-GRP,inherit from parent,YES,QA Documentation
GMG_Enterprise_Repository/02_GQMS_Controlled_Repository/00_Group_Shared/30_BPG/PRC/01_Controlled_Documents/POL/Effective,7,PS-GQMS-DOCUMENTS,00_Group_Shared,GMG-REPO-GQMS-DOCUMENTS-GRP,inherit from parent,YES,QA Documentation
GMG_Enterprise_Repository/02_GQMS_Controlled_Repository/00_Group_Shared/30_BPG/PRC/01_Controlled_Documents/POL/In_Review,7,PS-GQMS-DOCUMENTS,00_Group_Shared,GMG-REPO-GQMS-DOCUMENTS-GRP,inherit from parent,YES,QA Documentation
GMG_Enterprise_Repository/02_GQMS_Controlled_Repository/00_Group_Shared/30_BPG/PRC/01_Controlled_Documents/POL/Retired,7,PS-GQMS-DOCUMENTS,00_Group_Shared,GMG-REPO-GQMS-DOCUMENTS-GRP,inherit from parent,YES,QA Documentation
GMG_Enterprise_Repository/02_GQMS_Controlled_Repository/00_Group_Shared/30_BPG/PRC/01_Controlled_Documents/POL/Superseded,7,PS-GQMS-DOCUMENTS,00_Group_Shared,GMG-REPO-GQMS-DOCUMENTS-GRP,inherit from parent,YES,QA Documentation
GMG_Enterprise_Repository/02_GQMS_Controlled_Repository/00_Group_Shared/30_BPG/PRC/01_Controlled_Documents/RSK,6,PS-GQMS-DOCUMENTS,00_Group_Shared,GMG-REPO-GQMS-DOCUMENTS-GRP,inherit from parent,YES,QA Documentation
GMG_Enterprise_Repository/02_GQMS_Controlled_Repository/00_Group_Shared/30_BPG/PRC/01_Controlled_Documents/RSK/Approved_Pending_Effective,7,PS-GQMS-DOCUMENTS,00_Group_Shared,GMG-REPO-GQMS-DOCUMENTS-GRP,inherit from parent,YES,QA Documentation
GMG_Enterprise_Repository/02_GQMS_Controlled_Repository/00_Group_Shared/30_BPG/PRC/01_Controlled_Documents/RSK/Draft,7,PS-GQMS-DOCUMENTS,00_Group_Shared,GMG-REPO-GQMS-DOCUMENTS-GRP,inherit from parent,YES,QA Documentation
GMG_Enterprise_Repository/02_GQMS_Controlled_Repository/00_Group_Shared/30_BPG/PRC/01_Controlled_Documents/RSK/Effective,7,PS-GQMS-DOCUMENTS,00_Group_Shared,GMG-REPO-GQMS-DOCUMENTS-GRP,inherit from parent,YES,QA Documentation
GMG_Enterprise_Repository/02_GQMS_Controlled_Repository/00_Group_Shared/30_BPG/PRC/01_Controlled_Documents/RSK/In_Review,7,PS-GQMS-DOCUMENTS,00_Group_Shared,GMG-REPO-GQMS-DOCUMENTS-GRP,inherit from parent,YES,QA Documentation
GMG_Enterprise_Repository/02_GQMS_Controlled_Repository/00_Group_Shared/30_BPG/PRC/01_Controlled_Documents/RSK/Retired,7,PS-GQMS-DOCUMENTS,00_Group_Shared,GMG-REPO-GQMS-DOCUMENTS-GRP,inherit from parent,YES,QA Documentation
GMG_Enterprise_Repository/02_GQMS_Controlled_Repository/00_Group_Shared/30_BPG/PRC/01_Controlled_Documents/RSK/Superseded,7,PS-GQMS-DOCUMENTS,00_Group_Shared,GMG-REPO-GQMS-DOCUMENTS-GRP,inherit from parent,YES,QA Documentation
GMG_Enterprise_Repository/02_GQMS_Controlled_Repository/00_Group_Shared/30_BPG/PRC/01_Controlled_Documents/SOP,6,PS-GQMS-DOCUMENTS,00_Group_Shared,GMG-REPO-GQMS-DOCUMENTS-GRP,inherit from parent,YES,QA Documentation
GMG_Enterprise_Repository/02_GQMS_Controlled_Repository/00_Group_Shared/30_BPG/PRC/01_Controlled_Documents/SOP/Approved_Pending_Effective,7,PS-GQMS-DOCUMENTS,00_Group_Shared,GMG-REPO-GQMS-DOCUMENTS-GRP,inherit from parent,YES,QA Documentation
GMG_Enterprise_Repository/02_GQMS_Controlled_Repository/00_Group_Shared/30_BPG/PRC/01_Controlled_Documents/SOP/Draft,7,PS-GQMS-DOCUMENTS,00_Group_Shared,GMG-REPO-GQMS-DOCUMENTS-GRP,inherit from parent,YES,QA Documentation
GMG_Enterprise_Repository/02_GQMS_Controlled_Repository/00_Group_Shared/30_BPG/PRC/01_Controlled_Documents/SOP/Effective,7,PS-GQMS-DOCUMENTS,00_Group_Shared,GMG-REPO-GQMS-DOCUMENTS-GRP,inherit from parent,YES,QA Documentation
GMG_Enterprise_Repository/02_GQMS_Controlled_Repository/00_Group_Shared/30_BPG/PRC/01_Controlled_Documents/SOP/In_Review,7,PS-GQMS-DOCUMENTS,00_Group_Shared,GMG-REPO-GQMS-DOCUMENTS-GRP,inherit from parent,YES,QA Documentation
GMG_Enterprise_Repository/02_GQMS_Controlled_Repository/00_Group_Shared/30_BPG/PRC/01_Controlled_Documents/SOP/Retired,7,PS-GQMS-DOCUMENTS,00_Group_Shared,GMG-REPO-GQMS-DOCUMENTS-GRP,inherit from parent,YES,QA Documentation
GMG_Enterprise_Repository/02_GQMS_Controlled_Repository/00_Group_Shared/30_BPG/PRC/01_Controlled_Documents/SOP/Superseded,7,PS-GQMS-DOCUMENTS,00_Group_Shared,GMG-REPO-GQMS-DOCUMENTS-GRP,inherit from parent,YES,QA Documentation
GMG_Enterprise_Repository/02_GQMS_Controlled_Repository/00_Group_Shared/30_BPG/PRC/01_Controlled_Documents/TPL,6,PS-GQMS-DOCUMENTS,00_Group_Shared,GMG-REPO-GQMS-DOCUMENTS-GRP,inherit from parent,YES,QA Documentation
GMG_Enterprise_Repository/02_GQMS_Controlled_Repository/00_Group_Shared/30_BPG/PRC/01_Controlled_Documents/TPL/Approved_Pending_Effective,7,PS-GQMS-DOCUMENTS,00_Group_Shared,GMG-REPO-GQMS-DOCUMENTS-GRP,inherit from parent,YES,QA Documentation
GMG_Enterprise_Repository/02_GQMS_Controlled_Repository/00_Group_Shared/30_BPG/PRC/01_Controlled_Documents/TPL/Draft,7,PS-GQMS-DOCUMENTS,00_Group_Shared,GMG-REPO-GQMS-DOCUMENTS-GRP,inherit from parent,YES,QA Documentation
GMG_Enterprise_Repository/02_GQMS_Controlled_Repository/00_Group_Shared/30_BPG/PRC/01_Controlled_Documents/TPL/Effective,7,PS-GQMS-DOCUMENTS,00_Group_Shared,GMG-REPO-GQMS-DOCUMENTS-GRP,inherit from parent,YES,QA Documentation
GMG_Enterprise_Repository/02_GQMS_Controlled_Repository/00_Group_Shared/30_BPG/PRC/01_Controlled_Documents/TPL/In_Review,7,PS-GQMS-DOCUMENTS,00_Group_Shared,GMG-REPO-GQMS-DOCUMENTS-GRP,inherit from parent,YES,QA Documentation
GMG_Enterprise_Repository/02_GQMS_Controlled_Repository/00_Group_Shared/30_BPG/PRC/01_Controlled_Documents/TPL/Retired,7,PS-GQMS-DOCUMENTS,00_Group_Shared,GMG-REPO-GQMS-DOCUMENTS-GRP,inherit from parent,YES,QA Documentation
GMG_Enterprise_Repository/02_GQMS_Controlled_Repository/00_Group_Shared/30_BPG/PRC/01_Controlled_Documents/TPL/Superseded,7,PS-GQMS-DOCUMENTS,00_Group_Shared,GMG-REPO-GQMS-DOCUMENTS-GRP,inherit from parent,YES,QA Documentation
GMG_Enterprise_Repository/02_GQMS_Controlled_Repository/00_Group_Shared/30_BPG/PRC/01_Controlled_Documents/WIN,6,PS-GQMS-DOCUMENTS,00_Group_Shared,GMG-REPO-GQMS-DOCUMENTS-GRP,inherit from parent,YES,QA Documentation
GMG_Enterprise_Repository/02_GQMS_Controlled_Repository/00_Group_Shared/30_BPG/PRC/01_Controlled_Documents/WIN/Approved_Pending_Effective,7,PS-GQMS-DOCUMENTS,00_Group_Shared,GMG-REPO-GQMS-DOCUMENTS-GRP,inherit from parent,YES,QA Documentation
GMG_Enterprise_Repository/02_GQMS_Controlled_Repository/00_Group_Shared/30_BPG/PRC/01_Controlled_Documents/WIN/Draft,7,PS-GQMS-DOCUMENTS,00_Group_Shared,GMG-REPO-GQMS-DOCUMENTS-GRP,inherit from parent,YES,QA Documentation
GMG_Enterprise_Repository/02_GQMS_Controlled_Repository/00_Group_Shared/30_BPG/PRC/01_Controlled_Documents/WIN/Effective,7,PS-GQMS-DOCUMENTS,00_Group_Shared,GMG-REPO-GQMS-DOCUMENTS-GRP,inherit from parent,YES,QA Documentation
GMG_Enterprise_Repository/02_GQMS_Controlled_Repository/00_Group_Shared/30_BPG/PRC/01_Controlled_Documents/WIN/In_Review,7,PS-GQMS-DOCUMENTS,00_Group_Shared,GMG-REPO-GQMS-DOCUMENTS-GRP,inherit from parent,YES,QA Documentation
GMG_Enterprise_Repository/02_GQMS_Controlled_Repository/00_Group_Shared/30_BPG/PRC/01_Controlled_Documents/WIN/Retired,7,PS-GQMS-DOCUMENTS,00_Group_Shared,GMG-REPO-GQMS-DOCUMENTS-GRP,inherit from parent,YES,QA Documentation
GMG_Enterprise_Repository/02_GQMS_Controlled_Repository/00_Group_Shared/30_BPG/PRC/01_Controlled_Documents/WIN/Superseded,7,PS-GQMS-DOCUMENTS,00_Group_Shared,GMG-REPO-GQMS-DOCUMENTS-GRP,inherit from parent,YES,QA Documentation
GMG_Enterprise_Repository/02_GQMS_Controlled_Repository/00_Group_Shared/30_BPG/PRC/02_Quality_Records,5,PS-GQMS-DOCUMENTS,00_Group_Shared,GMG-REPO-GQMS-DOCUMENTS-GRP,inherit from parent,YES,QA Documentation
GMG_Enterprise_Repository/02_GQMS_Controlled_Repository/00_Group_Shared/30_BPG/PRF,4,PS-GQMS-DOCUMENTS,00_Group_Shared,GMG-REPO-GQMS-DOCUMENTS-GRP,inherit from parent,YES,QA Documentation
GMG_Enterprise_Repository/02_GQMS_Controlled_Repository/00_Group_Shared/30_BPG/PRF/01_Controlled_Documents,5,PS-GQMS-DOCUMENTS,00_Group_Shared,GMG-REPO-GQMS-DOCUMENTS-GRP,inherit from parent,YES,QA Documentation
GMG_Enterprise_Repository/02_GQMS_Controlled_Repository/00_Group_Shared/30_BPG/PRF/01_Controlled_Documents/AGR,6,PS-GQMS-DOCUMENTS,00_Group_Shared,GMG-REPO-GQMS-DOCUMENTS-GRP,inherit from parent,YES,QA Documentation
GMG_Enterprise_Repository/02_GQMS_Controlled_Repository/00_Group_Shared/30_BPG/PRF/01_Controlled_Documents/AGR/Approved_Pending_Effective,7,PS-GQMS-DOCUMENTS,00_Group_Shared,GMG-REPO-GQMS-DOCUMENTS-GRP,inherit from parent,YES,QA Documentation
GMG_Enterprise_Repository/02_GQMS_Controlled_Repository/00_Group_Shared/30_BPG/PRF/01_Controlled_Documents/AGR/Draft,7,PS-GQMS-DOCUMENTS,00_Group_Shared,GMG-REPO-GQMS-DOCUMENTS-GRP,inherit from parent,YES,QA Documentation
GMG_Enterprise_Repository/02_GQMS_Controlled_Repository/00_Group_Shared/30_BPG/PRF/01_Controlled_Documents/AGR/Effective,7,PS-GQMS-DOCUMENTS,00_Group_Shared,GMG-REPO-GQMS-DOCUMENTS-GRP,inherit from parent,YES,QA Documentation
GMG_Enterprise_Repository/02_GQMS_Controlled_Repository/00_Group_Shared/30_BPG/PRF/01_Controlled_Documents/AGR/In_Review,7,PS-GQMS-DOCUMENTS,00_Group_Shared,GMG-REPO-GQMS-DOCUMENTS-GRP,inherit from parent,YES,QA Documentation
GMG_Enterprise_Repository/02_GQMS_Controlled_Repository/00_Group_Shared/30_BPG/PRF/01_Controlled_Documents/AGR/Retired,7,PS-GQMS-DOCUMENTS,00_Group_Shared,GMG-REPO-GQMS-DOCUMENTS-GRP,inherit from parent,YES,QA Documentation
GMG_Enterprise_Repository/02_GQMS_Controlled_Repository/00_Group_Shared/30_BPG/PRF/01_Controlled_Documents/AGR/Superseded,7,PS-GQMS-DOCUMENTS,00_Group_Shared,GMG-REPO-GQMS-DOCUMENTS-GRP,inherit from parent,YES,QA Documentation
GMG_Enterprise_Repository/02_GQMS_Controlled_Repository/00_Group_Shared/30_BPG/PRF/01_Controlled_Documents/CHK,6,PS-GQMS-DOCUMENTS,00_Group_Shared,GMG-REPO-GQMS-DOCUMENTS-GRP,inherit from parent,YES,QA Documentation
GMG_Enterprise_Repository/02_GQMS_Controlled_Repository/00_Group_Shared/30_BPG/PRF/01_Controlled_Documents/CHK/Approved_Pending_Effective,7,PS-GQMS-DOCUMENTS,00_Group_Shared,GMG-REPO-GQMS-DOCUMENTS-GRP,inherit from parent,YES,QA Documentation
GMG_Enterprise_Repository/02_GQMS_Controlled_Repository/00_Group_Shared/30_BPG/PRF/01_Controlled_Documents/CHK/Draft,7,PS-GQMS-DOCUMENTS,00_Group_Shared,GMG-REPO-GQMS-DOCUMENTS-GRP,inherit from parent,YES,QA Documentation
GMG_Enterprise_Repository/02_GQMS_Controlled_Repository/00_Group_Shared/30_BPG/PRF/01_Controlled_Documents/CHK/Effective,7,PS-GQMS-DOCUMENTS,00_Group_Shared,GMG-REPO-GQMS-DOCUMENTS-GRP,inherit from parent,YES,QA Documentation
GMG_Enterprise_Repository/02_GQMS_Controlled_Repository/00_Group_Shared/30_BPG/PRF/01_Controlled_Documents/CHK/In_Review,7,PS-GQMS-DOCUMENTS,00_Group_Shared,GMG-REPO-GQMS-DOCUMENTS-GRP,inherit from parent,YES,QA Documentation
GMG_Enterprise_Repository/02_GQMS_Controlled_Repository/00_Group_Shared/30_BPG/PRF/01_Controlled_Documents/CHK/Retired,7,PS-GQMS-DOCUMENTS,00_Group_Shared,GMG-REPO-GQMS-DOCUMENTS-GRP,inherit from parent,YES,QA Documentation
GMG_Enterprise_Repository/02_GQMS_Controlled_Repository/00_Group_Shared/30_BPG/PRF/01_Controlled_Documents/CHK/Superseded,7,PS-GQMS-DOCUMENTS,00_Group_Shared,GMG-REPO-GQMS-DOCUMENTS-GRP,inherit from parent,YES,QA Documentation
GMG_Enterprise_Repository/02_GQMS_Controlled_Repository/00_Group_Shared/30_BPG/PRF/01_Controlled_Documents/FRM,6,PS-GQMS-DOCUMENTS,00_Group_Shared,GMG-REPO-GQMS-DOCUMENTS-GRP,inherit from parent,YES,QA Documentation
GMG_Enterprise_Repository/02_GQMS_Controlled_Repository/00_Group_Shared/30_BPG/PRF/01_Controlled_Documents/FRM/Approved_Pending_Effective,7,PS-GQMS-DOCUMENTS,00_Group_Shared,GMG-REPO-GQMS-DOCUMENTS-GRP,inherit from parent,YES,QA Documentation
GMG_Enterprise_Repository/02_GQMS_Controlled_Repository/00_Group_Shared/30_BPG/PRF/01_Controlled_Documents/FRM/Draft,7,PS-GQMS-DOCUMENTS,00_Group_Shared,GMG-REPO-GQMS-DOCUMENTS-GRP,inherit from parent,YES,QA Documentation
GMG_Enterprise_Repository/02_GQMS_Controlled_Repository/00_Group_Shared/30_BPG/PRF/01_Controlled_Documents/FRM/Effective,7,PS-GQMS-DOCUMENTS,00_Group_Shared,GMG-REPO-GQMS-DOCUMENTS-GRP,inherit from parent,YES,QA Documentation
GMG_Enterprise_Repository/02_GQMS_Controlled_Repository/00_Group_Shared/30_BPG/PRF/01_Controlled_Documents/FRM/In_Review,7,PS-GQMS-DOCUMENTS,00_Group_Shared,GMG-REPO-GQMS-DOCUMENTS-GRP,inherit from parent,YES,QA Documentation
GMG_Enterprise_Repository/02_GQMS_Controlled_Repository/00_Group_Shared/30_BPG/PRF/01_Controlled_Documents/FRM/Retired,7,PS-GQMS-DOCUMENTS,00_Group_Shared,GMG-REPO-GQMS-DOCUMENTS-GRP,inherit from parent,YES,QA Documentation
GMG_Enterprise_Repository/02_GQMS_Controlled_Repository/00_Group_Shared/30_BPG/PRF/01_Controlled_Documents/FRM/Superseded,7,PS-GQMS-DOCUMENTS,00_Group_Shared,GMG-REPO-GQMS-DOCUMENTS-GRP,inherit from parent,YES,QA Documentation
GMG_Enterprise_Repository/02_GQMS_Controlled_Repository/00_Group_Shared/30_BPG/PRF/01_Controlled_Documents/LOG,6,PS-GQMS-DOCUMENTS,00_Group_Shared,GMG-REPO-GQMS-DOCUMENTS-GRP,inherit from parent,YES,QA Documentation
GMG_Enterprise_Repository/02_GQMS_Controlled_Repository/00_Group_Shared/30_BPG/PRF/01_Controlled_Documents/LOG/Approved_Pending_Effective,7,PS-GQMS-DOCUMENTS,00_Group_Shared,GMG-REPO-GQMS-DOCUMENTS-GRP,inherit from parent,YES,QA Documentation
GMG_Enterprise_Repository/02_GQMS_Controlled_Repository/00_Group_Shared/30_BPG/PRF/01_Controlled_Documents/LOG/Draft,7,PS-GQMS-DOCUMENTS,00_Group_Shared,GMG-REPO-GQMS-DOCUMENTS-GRP,inherit from parent,YES,QA Documentation
GMG_Enterprise_Repository/02_GQMS_Controlled_Repository/00_Group_Shared/30_BPG/PRF/01_Controlled_Documents/LOG/Effective,7,PS-GQMS-DOCUMENTS,00_Group_Shared,GMG-REPO-GQMS-DOCUMENTS-GRP,inherit from parent,YES,QA Documentation
GMG_Enterprise_Repository/02_GQMS_Controlled_Repository/00_Group_Shared/30_BPG/PRF/01_Controlled_Documents/LOG/In_Review,7,PS-GQMS-DOCUMENTS,00_Group_Shared,GMG-REPO-GQMS-DOCUMENTS-GRP,inherit from parent,YES,QA Documentation
GMG_Enterprise_Repository/02_GQMS_Controlled_Repository/00_Group_Shared/30_BPG/PRF/01_Controlled_Documents/LOG/Retired,7,PS-GQMS-DOCUMENTS,00_Group_Shared,GMG-REPO-GQMS-DOCUMENTS-GRP,inherit from parent,YES,QA Documentation
GMG_Enterprise_Repository/02_GQMS_Controlled_Repository/00_Group_Shared/30_BPG/PRF/01_Controlled_Documents/LOG/Superseded,7,PS-GQMS-DOCUMENTS,00_Group_Shared,GMG-REPO-GQMS-DOCUMENTS-GRP,inherit from parent,YES,QA Documentation
GMG_Enterprise_Repository/02_GQMS_Controlled_Repository/00_Group_Shared/30_BPG/PRF/01_Controlled_Documents/LST,6,PS-GQMS-DOCUMENTS,00_Group_Shared,GMG-REPO-GQMS-DOCUMENTS-GRP,inherit from parent,YES,QA Documentation
GMG_Enterprise_Repository/02_GQMS_Controlled_Repository/00_Group_Shared/30_BPG/PRF/01_Controlled_Documents/LST/Approved_Pending_Effective,7,PS-GQMS-DOCUMENTS,00_Group_Shared,GMG-REPO-GQMS-DOCUMENTS-GRP,inherit from parent,YES,QA Documentation
GMG_Enterprise_Repository/02_GQMS_Controlled_Repository/00_Group_Shared/30_BPG/PRF/01_Controlled_Documents/LST/Draft,7,PS-GQMS-DOCUMENTS,00_Group_Shared,GMG-REPO-GQMS-DOCUMENTS-GRP,inherit from parent,YES,QA Documentation
GMG_Enterprise_Repository/02_GQMS_Controlled_Repository/00_Group_Shared/30_BPG/PRF/01_Controlled_Documents/LST/Effective,7,PS-GQMS-DOCUMENTS,00_Group_Shared,GMG-REPO-GQMS-DOCUMENTS-GRP,inherit from parent,YES,QA Documentation
GMG_Enterprise_Repository/02_GQMS_Controlled_Repository/00_Group_Shared/30_BPG/PRF/01_Controlled_Documents/LST/In_Review,7,PS-GQMS-DOCUMENTS,00_Group_Shared,GMG-REPO-GQMS-DOCUMENTS-GRP,inherit from parent,YES,QA Documentation
GMG_Enterprise_Repository/02_GQMS_Controlled_Repository/00_Group_Shared/30_BPG/PRF/01_Controlled_Documents/LST/Retired,7,PS-GQMS-DOCUMENTS,00_Group_Shared,GMG-REPO-GQMS-DOCUMENTS-GRP,inherit from parent,YES,QA Documentation
GMG_Enterprise_Repository/02_GQMS_Controlled_Repository/00_Group_Shared/30_BPG/PRF/01_Controlled_Documents/LST/Superseded,7,PS-GQMS-DOCUMENTS,00_Group_Shared,GMG-REPO-GQMS-DOCUMENTS-GRP,inherit from parent,YES,QA Documentation
GMG_Enterprise_Repository/02_GQMS_Controlled_Repository/00_Group_Shared/30_BPG/PRF/01_Controlled_Documents/MTX,6,PS-GQMS-DOCUMENTS,00_Group_Shared,GMG-REPO-GQMS-DOCUMENTS-GRP,inherit from parent,YES,QA Documentation
GMG_Enterprise_Repository/02_GQMS_Controlled_Repository/00_Group_Shared/30_BPG/PRF/01_Controlled_Documents/MTX/Approved_Pending_Effective,7,PS-GQMS-DOCUMENTS,00_Group_Shared,GMG-REPO-GQMS-DOCUMENTS-GRP,inherit from parent,YES,QA Documentation
GMG_Enterprise_Repository/02_GQMS_Controlled_Repository/00_Group_Shared/30_BPG/PRF/01_Controlled_Documents/MTX/Draft,7,PS-GQMS-DOCUMENTS,00_Group_Shared,GMG-REPO-GQMS-DOCUMENTS-GRP,inherit from parent,YES,QA Documentation
GMG_Enterprise_Repository/02_GQMS_Controlled_Repository/00_Group_Shared/30_BPG/PRF/01_Controlled_Documents/MTX/Effective,7,PS-GQMS-DOCUMENTS,00_Group_Shared,GMG-REPO-GQMS-DOCUMENTS-GRP,inherit from parent,YES,QA Documentation
GMG_Enterprise_Repository/02_GQMS_Controlled_Repository/00_Group_Shared/30_BPG/PRF/01_Controlled_Documents/MTX/In_Review,7,PS-GQMS-DOCUMENTS,00_Group_Shared,GMG-REPO-GQMS-DOCUMENTS-GRP,inherit from parent,YES,QA Documentation
GMG_Enterprise_Repository/02_GQMS_Controlled_Repository/00_Group_Shared/30_BPG/PRF/01_Controlled_Documents/MTX/Retired,7,PS-GQMS-DOCUMENTS,00_Group_Shared,GMG-REPO-GQMS-DOCUMENTS-GRP,inherit from parent,YES,QA Documentation
GMG_Enterprise_Repository/02_GQMS_Controlled_Repository/00_Group_Shared/30_BPG/PRF/01_Controlled_Documents/MTX/Superseded,7,PS-GQMS-DOCUMENTS,00_Group_Shared,GMG-REPO-GQMS-DOCUMENTS-GRP,inherit from parent,YES,QA Documentation
GMG_Enterprise_Repository/02_GQMS_Controlled_Repository/00_Group_Shared/30_BPG/PRF/01_Controlled_Documents/PLN,6,PS-GQMS-DOCUMENTS,00_Group_Shared,GMG-REPO-GQMS-DOCUMENTS-GRP,inherit from parent,YES,QA Documentation
GMG_Enterprise_Repository/02_GQMS_Controlled_Repository/00_Group_Shared/30_BPG/PRF/01_Controlled_Documents/PLN/Approved_Pending_Effective,7,PS-GQMS-DOCUMENTS,00_Group_Shared,GMG-REPO-GQMS-DOCUMENTS-GRP,inherit from parent,YES,QA Documentation
GMG_Enterprise_Repository/02_GQMS_Controlled_Repository/00_Group_Shared/30_BPG/PRF/01_Controlled_Documents/PLN/Draft,7,PS-GQMS-DOCUMENTS,00_Group_Shared,GMG-REPO-GQMS-DOCUMENTS-GRP,inherit from parent,YES,QA Documentation
GMG_Enterprise_Repository/02_GQMS_Controlled_Repository/00_Group_Shared/30_BPG/PRF/01_Controlled_Documents/PLN/Effective,7,PS-GQMS-DOCUMENTS,00_Group_Shared,GMG-REPO-GQMS-DOCUMENTS-GRP,inherit from parent,YES,QA Documentation
GMG_Enterprise_Repository/02_GQMS_Controlled_Repository/00_Group_Shared/30_BPG/PRF/01_Controlled_Documents/PLN/In_Review,7,PS-GQMS-DOCUMENTS,00_Group_Shared,GMG-REPO-GQMS-DOCUMENTS-GRP,inherit from parent,YES,QA Documentation
GMG_Enterprise_Repository/02_GQMS_Controlled_Repository/00_Group_Shared/30_BPG/PRF/01_Controlled_Documents/PLN/Retired,7,PS-GQMS-DOCUMENTS,00_Group_Shared,GMG-REPO-GQMS-DOCUMENTS-GRP,inherit from parent,YES,QA Documentation
GMG_Enterprise_Repository/02_GQMS_Controlled_Repository/00_Group_Shared/30_BPG/PRF/01_Controlled_Documents/PLN/Superseded,7,PS-GQMS-DOCUMENTS,00_Group_Shared,GMG-REPO-GQMS-DOCUMENTS-GRP,inherit from parent,YES,QA Documentation
GMG_Enterprise_Repository/02_GQMS_Controlled_Repository/00_Group_Shared/30_BPG/PRF/01_Controlled_Documents/POL,6,PS-GQMS-DOCUMENTS,00_Group_Shared,GMG-REPO-GQMS-DOCUMENTS-GRP,inherit from parent,YES,QA Documentation
GMG_Enterprise_Repository/02_GQMS_Controlled_Repository/00_Group_Shared/30_BPG/PRF/01_Controlled_Documents/POL/Approved_Pending_Effective,7,PS-GQMS-DOCUMENTS,00_Group_Shared,GMG-REPO-GQMS-DOCUMENTS-GRP,inherit from parent,YES,QA Documentation
GMG_Enterprise_Repository/02_GQMS_Controlled_Repository/00_Group_Shared/30_BPG/PRF/01_Controlled_Documents/POL/Draft,7,PS-GQMS-DOCUMENTS,00_Group_Shared,GMG-REPO-GQMS-DOCUMENTS-GRP,inherit from parent,YES,QA Documentation
GMG_Enterprise_Repository/02_GQMS_Controlled_Repository/00_Group_Shared/30_BPG/PRF/01_Controlled_Documents/POL/Effective,7,PS-GQMS-DOCUMENTS,00_Group_Shared,GMG-REPO-GQMS-DOCUMENTS-GRP,inherit from parent,YES,QA Documentation
GMG_Enterprise_Repository/02_GQMS_Controlled_Repository/00_Group_Shared/30_BPG/PRF/01_Controlled_Documents/POL/In_Review,7,PS-GQMS-DOCUMENTS,00_Group_Shared,GMG-REPO-GQMS-DOCUMENTS-GRP,inherit from parent,YES,QA Documentation
GMG_Enterprise_Repository/02_GQMS_Controlled_Repository/00_Group_Shared/30_BPG/PRF/01_Controlled_Documents/POL/Retired,7,PS-GQMS-DOCUMENTS,00_Group_Shared,GMG-REPO-GQMS-DOCUMENTS-GRP,inherit from parent,YES,QA Documentation
GMG_Enterprise_Repository/02_GQMS_Controlled_Repository/00_Group_Shared/30_BPG/PRF/01_Controlled_Documents/POL/Superseded,7,PS-GQMS-DOCUMENTS,00_Group_Shared,GMG-REPO-GQMS-DOCUMENTS-GRP,inherit from parent,YES,QA Documentation
GMG_Enterprise_Repository/02_GQMS_Controlled_Repository/00_Group_Shared/30_BPG/PRF/01_Controlled_Documents/RSK,6,PS-GQMS-DOCUMENTS,00_Group_Shared,GMG-REPO-GQMS-DOCUMENTS-GRP,inherit from parent,YES,QA Documentation
GMG_Enterprise_Repository/02_GQMS_Controlled_Repository/00_Group_Shared/30_BPG/PRF/01_Controlled_Documents/RSK/Approved_Pending_Effective,7,PS-GQMS-DOCUMENTS,00_Group_Shared,GMG-REPO-GQMS-DOCUMENTS-GRP,inherit from parent,YES,QA Documentation
GMG_Enterprise_Repository/02_GQMS_Controlled_Repository/00_Group_Shared/30_BPG/PRF/01_Controlled_Documents/RSK/Draft,7,PS-GQMS-DOCUMENTS,00_Group_Shared,GMG-REPO-GQMS-DOCUMENTS-GRP,inherit from parent,YES,QA Documentation
GMG_Enterprise_Repository/02_GQMS_Controlled_Repository/00_Group_Shared/30_BPG/PRF/01_Controlled_Documents/RSK/Effective,7,PS-GQMS-DOCUMENTS,00_Group_Shared,GMG-REPO-GQMS-DOCUMENTS-GRP,inherit from parent,YES,QA Documentation
GMG_Enterprise_Repository/02_GQMS_Controlled_Repository/00_Group_Shared/30_BPG/PRF/01_Controlled_Documents/RSK/In_Review,7,PS-GQMS-DOCUMENTS,00_Group_Shared,GMG-REPO-GQMS-DOCUMENTS-GRP,inherit from parent,YES,QA Documentation
GMG_Enterprise_Repository/02_GQMS_Controlled_Repository/00_Group_Shared/30_BPG/PRF/01_Controlled_Documents/RSK/Retired,7,PS-GQMS-DOCUMENTS,00_Group_Shared,GMG-REPO-GQMS-DOCUMENTS-GRP,inherit from parent,YES,QA Documentation
GMG_Enterprise_Repository/02_GQMS_Controlled_Repository/00_Group_Shared/30_BPG/PRF/01_Controlled_Documents/RSK/Superseded,7,PS-GQMS-DOCUMENTS,00_Group_Shared,GMG-REPO-GQMS-DOCUMENTS-GRP,inherit from parent,YES,QA Documentation
GMG_Enterprise_Repository/02_GQMS_Controlled_Repository/00_Group_Shared/30_BPG/PRF/01_Controlled_Documents/SOP,6,PS-GQMS-DOCUMENTS,00_Group_Shared,GMG-REPO-GQMS-DOCUMENTS-GRP,inherit from parent,YES,QA Documentation
GMG_Enterprise_Repository/02_GQMS_Controlled_Repository/00_Group_Shared/30_BPG/PRF/01_Controlled_Documents/SOP/Approved_Pending_Effective,7,PS-GQMS-DOCUMENTS,00_Group_Shared,GMG-REPO-GQMS-DOCUMENTS-GRP,inherit from parent,YES,QA Documentation
GMG_Enterprise_Repository/02_GQMS_Controlled_Repository/00_Group_Shared/30_BPG/PRF/01_Controlled_Documents/SOP/Draft,7,PS-GQMS-DOCUMENTS,00_Group_Shared,GMG-REPO-GQMS-DOCUMENTS-GRP,inherit from parent,YES,QA Documentation
GMG_Enterprise_Repository/02_GQMS_Controlled_Repository/00_Group_Shared/30_BPG/PRF/01_Controlled_Documents/SOP/Effective,7,PS-GQMS-DOCUMENTS,00_Group_Shared,GMG-REPO-GQMS-DOCUMENTS-GRP,inherit from parent,YES,QA Documentation
GMG_Enterprise_Repository/02_GQMS_Controlled_Repository/00_Group_Shared/30_BPG/PRF/01_Controlled_Documents/SOP/In_Review,7,PS-GQMS-DOCUMENTS,00_Group_Shared,GMG-REPO-GQMS-DOCUMENTS-GRP,inherit from parent,YES,QA Documentation
GMG_Enterprise_Repository/02_GQMS_Controlled_Repository/00_Group_Shared/30_BPG/PRF/01_Controlled_Documents/SOP/Retired,7,PS-GQMS-DOCUMENTS,00_Group_Shared,GMG-REPO-GQMS-DOCUMENTS-GRP,inherit from parent,YES,QA Documentation
GMG_Enterprise_Repository/02_GQMS_Controlled_Repository/00_Group_Shared/30_BPG/PRF/01_Controlled_Documents/SOP/Superseded,7,PS-GQMS-DOCUMENTS,00_Group_Shared,GMG-REPO-GQMS-DOCUMENTS-GRP,inherit from parent,YES,QA Documentation
GMG_Enterprise_Repository/02_GQMS_Controlled_Repository/00_Group_Shared/30_BPG/PRF/01_Controlled_Documents/TPL,6,PS-GQMS-DOCUMENTS,00_Group_Shared,GMG-REPO-GQMS-DOCUMENTS-GRP,inherit from parent,YES,QA Documentation
GMG_Enterprise_Repository/02_GQMS_Controlled_Repository/00_Group_Shared/30_BPG/PRF/01_Controlled_Documents/TPL/Approved_Pending_Effective,7,PS-GQMS-DOCUMENTS,00_Group_Shared,GMG-REPO-GQMS-DOCUMENTS-GRP,inherit from parent,YES,QA Documentation
GMG_Enterprise_Repository/02_GQMS_Controlled_Repository/00_Group_Shared/30_BPG/PRF/01_Controlled_Documents/TPL/Draft,7,PS-GQMS-DOCUMENTS,00_Group_Shared,GMG-REPO-GQMS-DOCUMENTS-GRP,inherit from parent,YES,QA Documentation
GMG_Enterprise_Repository/02_GQMS_Controlled_Repository/00_Group_Shared/30_BPG/PRF/01_Controlled_Documents/TPL/Effective,7,PS-GQMS-DOCUMENTS,00_Group_Shared,GMG-REPO-GQMS-DOCUMENTS-GRP,inherit from parent,YES,QA Documentation
GMG_Enterprise_Repository/02_GQMS_Controlled_Repository/00_Group_Shared/30_BPG/PRF/01_Controlled_Documents/TPL/In_Review,7,PS-GQMS-DOCUMENTS,00_Group_Shared,GMG-REPO-GQMS-DOCUMENTS-GRP,inherit from parent,YES,QA Documentation
GMG_Enterprise_Repository/02_GQMS_Controlled_Repository/00_Group_Shared/30_BPG/PRF/01_Controlled_Documents/TPL/Retired,7,PS-GQMS-DOCUMENTS,00_Group_Shared,GMG-REPO-GQMS-DOCUMENTS-GRP,inherit from parent,YES,QA Documentation
GMG_Enterprise_Repository/02_GQMS_Controlled_Repository/00_Group_Shared/30_BPG/PRF/01_Controlled_Documents/TPL/Superseded,7,PS-GQMS-DOCUMENTS,00_Group_Shared,GMG-REPO-GQMS-DOCUMENTS-GRP,inherit from parent,YES,QA Documentation
GMG_Enterprise_Repository/02_GQMS_Controlled_Repository/00_Group_Shared/30_BPG/PRF/01_Controlled_Documents/WIN,6,PS-GQMS-DOCUMENTS,00_Group_Shared,GMG-REPO-GQMS-DOCUMENTS-GRP,inherit from parent,YES,QA Documentation
GMG_Enterprise_Repository/02_GQMS_Controlled_Repository/00_Group_Shared/30_BPG/PRF/01_Controlled_Documents/WIN/Approved_Pending_Effective,7,PS-GQMS-DOCUMENTS,00_Group_Shared,GMG-REPO-GQMS-DOCUMENTS-GRP,inherit from parent,YES,QA Documentation
GMG_Enterprise_Repository/02_GQMS_Controlled_Repository/00_Group_Shared/30_BPG/PRF/01_Controlled_Documents/WIN/Draft,7,PS-GQMS-DOCUMENTS,00_Group_Shared,GMG-REPO-GQMS-DOCUMENTS-GRP,inherit from parent,YES,QA Documentation
GMG_Enterprise_Repository/02_GQMS_Controlled_Repository/00_Group_Shared/30_BPG/PRF/01_Controlled_Documents/WIN/Effective,7,PS-GQMS-DOCUMENTS,00_Group_Shared,GMG-REPO-GQMS-DOCUMENTS-GRP,inherit from parent,YES,QA Documentation
GMG_Enterprise_Repository/02_GQMS_Controlled_Repository/00_Group_Shared/30_BPG/PRF/01_Controlled_Documents/WIN/In_Review,7,PS-GQMS-DOCUMENTS,00_Group_Shared,GMG-REPO-GQMS-DOCUMENTS-GRP,inherit from parent,YES,QA Documentation
GMG_Enterprise_Repository/02_GQMS_Controlled_Repository/00_Group_Shared/30_BPG/PRF/01_Controlled_Documents/WIN/Retired,7,PS-GQMS-DOCUMENTS,00_Group_Shared,GMG-REPO-GQMS-DOCUMENTS-GRP,inherit from parent,YES,QA Documentation
GMG_Enterprise_Repository/02_GQMS_Controlled_Repository/00_Group_Shared/30_BPG/PRF/01_Controlled_Documents/WIN/Superseded,7,PS-GQMS-DOCUMENTS,00_Group_Shared,GMG-REPO-GQMS-DOCUMENTS-GRP,inherit from parent,YES,QA Documentation
GMG_Enterprise_Repository/02_GQMS_Controlled_Repository/00_Group_Shared/30_BPG/PRF/02_Quality_Records,5,PS-GQMS-DOCUMENTS,00_Group_Shared,GMG-REPO-GQMS-DOCUMENTS-GRP,inherit from parent,YES,QA Documentation
GMG_Enterprise_Repository/02_GQMS_Controlled_Repository/00_Group_Shared/30_BPG/SCM,4,PS-GQMS-DOCUMENTS,00_Group_Shared,GMG-REPO-GQMS-DOCUMENTS-GRP,inherit from parent,YES,SCM Process Owner / QA Documentation
GMG_Enterprise_Repository/02_GQMS_Controlled_Repository/00_Group_Shared/30_BPG/SCM/01_Controlled_Documents,5,PS-GQMS-DOCUMENTS,00_Group_Shared,GMG-REPO-GQMS-DOCUMENTS-GRP,inherit from parent,YES,QA Documentation
GMG_Enterprise_Repository/02_GQMS_Controlled_Repository/00_Group_Shared/30_BPG/SCM/01_Controlled_Documents/AGR,6,PS-GQMS-DOCUMENTS,00_Group_Shared,GMG-REPO-GQMS-DOCUMENTS-GRP,inherit from parent,YES,QA Documentation
GMG_Enterprise_Repository/02_GQMS_Controlled_Repository/00_Group_Shared/30_BPG/SCM/01_Controlled_Documents/AGR/Approved_Pending_Effective,7,PS-GQMS-DOCUMENTS,00_Group_Shared,GMG-REPO-GQMS-DOCUMENTS-GRP,inherit from parent,YES,QA Documentation
GMG_Enterprise_Repository/02_GQMS_Controlled_Repository/00_Group_Shared/30_BPG/SCM/01_Controlled_Documents/AGR/Draft,7,PS-GQMS-DOCUMENTS,00_Group_Shared,GMG-REPO-GQMS-DOCUMENTS-GRP,inherit from parent,YES,QA Documentation
GMG_Enterprise_Repository/02_GQMS_Controlled_Repository/00_Group_Shared/30_BPG/SCM/01_Controlled_Documents/AGR/Effective,7,PS-GQMS-DOCUMENTS,00_Group_Shared,GMG-REPO-GQMS-DOCUMENTS-GRP,inherit from parent,YES,QA Documentation
GMG_Enterprise_Repository/02_GQMS_Controlled_Repository/00_Group_Shared/30_BPG/SCM/01_Controlled_Documents/AGR/In_Review,7,PS-GQMS-DOCUMENTS,00_Group_Shared,GMG-REPO-GQMS-DOCUMENTS-GRP,inherit from parent,YES,QA Documentation
GMG_Enterprise_Repository/02_GQMS_Controlled_Repository/00_Group_Shared/30_BPG/SCM/01_Controlled_Documents/AGR/Retired,7,PS-GQMS-DOCUMENTS,00_Group_Shared,GMG-REPO-GQMS-DOCUMENTS-GRP,inherit from parent,YES,QA Documentation
GMG_Enterprise_Repository/02_GQMS_Controlled_Repository/00_Group_Shared/30_BPG/SCM/01_Controlled_Documents/AGR/Superseded,7,PS-GQMS-DOCUMENTS,00_Group_Shared,GMG-REPO-GQMS-DOCUMENTS-GRP,inherit from parent,YES,QA Documentation
GMG_Enterprise_Repository/02_GQMS_Controlled_Repository/00_Group_Shared/30_BPG/SCM/01_Controlled_Documents/CHK,6,PS-GQMS-DOCUMENTS,00_Group_Shared,GMG-REPO-GQMS-DOCUMENTS-GRP,inherit from parent,YES,QA Documentation
GMG_Enterprise_Repository/02_GQMS_Controlled_Repository/00_Group_Shared/30_BPG/SCM/01_Controlled_Documents/CHK/Approved_Pending_Effective,7,PS-GQMS-DOCUMENTS,00_Group_Shared,GMG-REPO-GQMS-DOCUMENTS-GRP,inherit from parent,YES,QA Documentation
GMG_Enterprise_Repository/02_GQMS_Controlled_Repository/00_Group_Shared/30_BPG/SCM/01_Controlled_Documents/CHK/Draft,7,PS-GQMS-DOCUMENTS,00_Group_Shared,GMG-REPO-GQMS-DOCUMENTS-GRP,inherit from parent,YES,QA Documentation
GMG_Enterprise_Repository/02_GQMS_Controlled_Repository/00_Group_Shared/30_BPG/SCM/01_Controlled_Documents/CHK/Effective,7,PS-GQMS-DOCUMENTS,00_Group_Shared,GMG-REPO-GQMS-DOCUMENTS-GRP,inherit from parent,YES,QA Documentation
GMG_Enterprise_Repository/02_GQMS_Controlled_Repository/00_Group_Shared/30_BPG/SCM/01_Controlled_Documents/CHK/In_Review,7,PS-GQMS-DOCUMENTS,00_Group_Shared,GMG-REPO-GQMS-DOCUMENTS-GRP,inherit from parent,YES,QA Documentation
GMG_Enterprise_Repository/02_GQMS_Controlled_Repository/00_Group_Shared/30_BPG/SCM/01_Controlled_Documents/CHK/Retired,7,PS-GQMS-DOCUMENTS,00_Group_Shared,GMG-REPO-GQMS-DOCUMENTS-GRP,inherit from parent,YES,QA Documentation
GMG_Enterprise_Repository/02_GQMS_Controlled_Repository/00_Group_Shared/30_BPG/SCM/01_Controlled_Documents/CHK/Superseded,7,PS-GQMS-DOCUMENTS,00_Group_Shared,GMG-REPO-GQMS-DOCUMENTS-GRP,inherit from parent,YES,QA Documentation
GMG_Enterprise_Repository/02_GQMS_Controlled_Repository/00_Group_Shared/30_BPG/SCM/01_Controlled_Documents/FRM,6,PS-GQMS-DOCUMENTS,00_Group_Shared,GMG-REPO-GQMS-DOCUMENTS-GRP,inherit from parent,YES,QA Documentation
GMG_Enterprise_Repository/02_GQMS_Controlled_Repository/00_Group_Shared/30_BPG/SCM/01_Controlled_Documents/FRM/Approved_Pending_Effective,7,PS-GQMS-DOCUMENTS,00_Group_Shared,GMG-REPO-GQMS-DOCUMENTS-GRP,inherit from parent,YES,QA Documentation
GMG_Enterprise_Repository/02_GQMS_Controlled_Repository/00_Group_Shared/30_BPG/SCM/01_Controlled_Documents/FRM/Draft,7,PS-GQMS-DOCUMENTS,00_Group_Shared,GMG-REPO-GQMS-DOCUMENTS-GRP,inherit from parent,YES,QA Documentation
GMG_Enterprise_Repository/02_GQMS_Controlled_Repository/00_Group_Shared/30_BPG/SCM/01_Controlled_Documents/FRM/Effective,7,PS-GQMS-DOCUMENTS,00_Group_Shared,GMG-REPO-GQMS-DOCUMENTS-GRP,inherit from parent,YES,QA Documentation
GMG_Enterprise_Repository/02_GQMS_Controlled_Repository/00_Group_Shared/30_BPG/SCM/01_Controlled_Documents/FRM/In_Review,7,PS-GQMS-DOCUMENTS,00_Group_Shared,GMG-REPO-GQMS-DOCUMENTS-GRP,inherit from parent,YES,QA Documentation
GMG_Enterprise_Repository/02_GQMS_Controlled_Repository/00_Group_Shared/30_BPG/SCM/01_Controlled_Documents/FRM/Retired,7,PS-GQMS-DOCUMENTS,00_Group_Shared,GMG-REPO-GQMS-DOCUMENTS-GRP,inherit from parent,YES,QA Documentation
GMG_Enterprise_Repository/02_GQMS_Controlled_Repository/00_Group_Shared/30_BPG/SCM/01_Controlled_Documents/FRM/Superseded,7,PS-GQMS-DOCUMENTS,00_Group_Shared,GMG-REPO-GQMS-DOCUMENTS-GRP,inherit from parent,YES,QA Documentation
GMG_Enterprise_Repository/02_GQMS_Controlled_Repository/00_Group_Shared/30_BPG/SCM/01_Controlled_Documents/LOG,6,PS-GQMS-DOCUMENTS,00_Group_Shared,GMG-REPO-GQMS-DOCUMENTS-GRP,inherit from parent,YES,QA Documentation
GMG_Enterprise_Repository/02_GQMS_Controlled_Repository/00_Group_Shared/30_BPG/SCM/01_Controlled_Documents/LOG/Approved_Pending_Effective,7,PS-GQMS-DOCUMENTS,00_Group_Shared,GMG-REPO-GQMS-DOCUMENTS-GRP,inherit from parent,YES,QA Documentation
GMG_Enterprise_Repository/02_GQMS_Controlled_Repository/00_Group_Shared/30_BPG/SCM/01_Controlled_Documents/LOG/Draft,7,PS-GQMS-DOCUMENTS,00_Group_Shared,GMG-REPO-GQMS-DOCUMENTS-GRP,inherit from parent,YES,QA Documentation
GMG_Enterprise_Repository/02_GQMS_Controlled_Repository/00_Group_Shared/30_BPG/SCM/01_Controlled_Documents/LOG/Effective,7,PS-GQMS-DOCUMENTS,00_Group_Shared,GMG-REPO-GQMS-DOCUMENTS-GRP,inherit from parent,YES,QA Documentation
GMG_Enterprise_Repository/02_GQMS_Controlled_Repository/00_Group_Shared/30_BPG/SCM/01_Controlled_Documents/LOG/In_Review,7,PS-GQMS-DOCUMENTS,00_Group_Shared,GMG-REPO-GQMS-DOCUMENTS-GRP,inherit from parent,YES,QA Documentation
GMG_Enterprise_Repository/02_GQMS_Controlled_Repository/00_Group_Shared/30_BPG/SCM/01_Controlled_Documents/LOG/Retired,7,PS-GQMS-DOCUMENTS,00_Group_Shared,GMG-REPO-GQMS-DOCUMENTS-GRP,inherit from parent,YES,QA Documentation
GMG_Enterprise_Repository/02_GQMS_Controlled_Repository/00_Group_Shared/30_BPG/SCM/01_Controlled_Documents/LOG/Superseded,7,PS-GQMS-DOCUMENTS,00_Group_Shared,GMG-REPO-GQMS-DOCUMENTS-GRP,inherit from parent,YES,QA Documentation
GMG_Enterprise_Repository/02_GQMS_Controlled_Repository/00_Group_Shared/30_BPG/SCM/01_Controlled_Documents/LST,6,PS-GQMS-DOCUMENTS,00_Group_Shared,GMG-REPO-GQMS-DOCUMENTS-GRP,inherit from parent,YES,QA Documentation
GMG_Enterprise_Repository/02_GQMS_Controlled_Repository/00_Group_Shared/30_BPG/SCM/01_Controlled_Documents/LST/Approved_Pending_Effective,7,PS-GQMS-DOCUMENTS,00_Group_Shared,GMG-REPO-GQMS-DOCUMENTS-GRP,inherit from parent,YES,QA Documentation
GMG_Enterprise_Repository/02_GQMS_Controlled_Repository/00_Group_Shared/30_BPG/SCM/01_Controlled_Documents/LST/Draft,7,PS-GQMS-DOCUMENTS,00_Group_Shared,GMG-REPO-GQMS-DOCUMENTS-GRP,inherit from parent,YES,QA Documentation
GMG_Enterprise_Repository/02_GQMS_Controlled_Repository/00_Group_Shared/30_BPG/SCM/01_Controlled_Documents/LST/Effective,7,PS-GQMS-DOCUMENTS,00_Group_Shared,GMG-REPO-GQMS-DOCUMENTS-GRP,inherit from parent,YES,QA Documentation
GMG_Enterprise_Repository/02_GQMS_Controlled_Repository/00_Group_Shared/30_BPG/SCM/01_Controlled_Documents/LST/In_Review,7,PS-GQMS-DOCUMENTS,00_Group_Shared,GMG-REPO-GQMS-DOCUMENTS-GRP,inherit from parent,YES,QA Documentation
GMG_Enterprise_Repository/02_GQMS_Controlled_Repository/00_Group_Shared/30_BPG/SCM/01_Controlled_Documents/LST/Retired,7,PS-GQMS-DOCUMENTS,00_Group_Shared,GMG-REPO-GQMS-DOCUMENTS-GRP,inherit from parent,YES,QA Documentation
GMG_Enterprise_Repository/02_GQMS_Controlled_Repository/00_Group_Shared/30_BPG/SCM/01_Controlled_Documents/LST/Superseded,7,PS-GQMS-DOCUMENTS,00_Group_Shared,GMG-REPO-GQMS-DOCUMENTS-GRP,inherit from parent,YES,QA Documentation
GMG_Enterprise_Repository/02_GQMS_Controlled_Repository/00_Group_Shared/30_BPG/SCM/01_Controlled_Documents/MTX,6,PS-GQMS-DOCUMENTS,00_Group_Shared,GMG-REPO-GQMS-DOCUMENTS-GRP,inherit from parent,YES,QA Documentation
GMG_Enterprise_Repository/02_GQMS_Controlled_Repository/00_Group_Shared/30_BPG/SCM/01_Controlled_Documents/MTX/Approved_Pending_Effective,7,PS-GQMS-DOCUMENTS,00_Group_Shared,GMG-REPO-GQMS-DOCUMENTS-GRP,inherit from parent,YES,QA Documentation
GMG_Enterprise_Repository/02_GQMS_Controlled_Repository/00_Group_Shared/30_BPG/SCM/01_Controlled_Documents/MTX/Draft,7,PS-GQMS-DOCUMENTS,00_Group_Shared,GMG-REPO-GQMS-DOCUMENTS-GRP,inherit from parent,YES,QA Documentation
GMG_Enterprise_Repository/02_GQMS_Controlled_Repository/00_Group_Shared/30_BPG/SCM/01_Controlled_Documents/MTX/Effective,7,PS-GQMS-DOCUMENTS,00_Group_Shared,GMG-REPO-GQMS-DOCUMENTS-GRP,inherit from parent,YES,QA Documentation
GMG_Enterprise_Repository/02_GQMS_Controlled_Repository/00_Group_Shared/30_BPG/SCM/01_Controlled_Documents/MTX/In_Review,7,PS-GQMS-DOCUMENTS,00_Group_Shared,GMG-REPO-GQMS-DOCUMENTS-GRP,inherit from parent,YES,QA Documentation
GMG_Enterprise_Repository/02_GQMS_Controlled_Repository/00_Group_Shared/30_BPG/SCM/01_Controlled_Documents/MTX/Retired,7,PS-GQMS-DOCUMENTS,00_Group_Shared,GMG-REPO-GQMS-DOCUMENTS-GRP,inherit from parent,YES,QA Documentation
GMG_Enterprise_Repository/02_GQMS_Controlled_Repository/00_Group_Shared/30_BPG/SCM/01_Controlled_Documents/MTX/Superseded,7,PS-GQMS-DOCUMENTS,00_Group_Shared,GMG-REPO-GQMS-DOCUMENTS-GRP,inherit from parent,YES,QA Documentation
GMG_Enterprise_Repository/02_GQMS_Controlled_Repository/00_Group_Shared/30_BPG/SCM/01_Controlled_Documents/PLN,6,PS-GQMS-DOCUMENTS,00_Group_Shared,GMG-REPO-GQMS-DOCUMENTS-GRP,inherit from parent,YES,QA Documentation
GMG_Enterprise_Repository/02_GQMS_Controlled_Repository/00_Group_Shared/30_BPG/SCM/01_Controlled_Documents/PLN/Approved_Pending_Effective,7,PS-GQMS-DOCUMENTS,00_Group_Shared,GMG-REPO-GQMS-DOCUMENTS-GRP,inherit from parent,YES,QA Documentation
GMG_Enterprise_Repository/02_GQMS_Controlled_Repository/00_Group_Shared/30_BPG/SCM/01_Controlled_Documents/PLN/Draft,7,PS-GQMS-DOCUMENTS,00_Group_Shared,GMG-REPO-GQMS-DOCUMENTS-GRP,inherit from parent,YES,QA Documentation
GMG_Enterprise_Repository/02_GQMS_Controlled_Repository/00_Group_Shared/30_BPG/SCM/01_Controlled_Documents/PLN/Effective,7,PS-GQMS-DOCUMENTS,00_Group_Shared,GMG-REPO-GQMS-DOCUMENTS-GRP,inherit from parent,YES,QA Documentation
GMG_Enterprise_Repository/02_GQMS_Controlled_Repository/00_Group_Shared/30_BPG/SCM/01_Controlled_Documents/PLN/In_Review,7,PS-GQMS-DOCUMENTS,00_Group_Shared,GMG-REPO-GQMS-DOCUMENTS-GRP,inherit from parent,YES,QA Documentation
GMG_Enterprise_Repository/02_GQMS_Controlled_Repository/00_Group_Shared/30_BPG/SCM/01_Controlled_Documents/PLN/Retired,7,PS-GQMS-DOCUMENTS,00_Group_Shared,GMG-REPO-GQMS-DOCUMENTS-GRP,inherit from parent,YES,QA Documentation
GMG_Enterprise_Repository/02_GQMS_Controlled_Repository/00_Group_Shared/30_BPG/SCM/01_Controlled_Documents/PLN/Superseded,7,PS-GQMS-DOCUMENTS,00_Group_Shared,GMG-REPO-GQMS-DOCUMENTS-GRP,inherit from parent,YES,QA Documentation
GMG_Enterprise_Repository/02_GQMS_Controlled_Repository/00_Group_Shared/30_BPG/SCM/01_Controlled_Documents/POL,6,PS-GQMS-DOCUMENTS,00_Group_Shared,GMG-REPO-GQMS-DOCUMENTS-GRP,inherit from parent,YES,QA Documentation
GMG_Enterprise_Repository/02_GQMS_Controlled_Repository/00_Group_Shared/30_BPG/SCM/01_Controlled_Documents/POL/Approved_Pending_Effective,7,PS-GQMS-DOCUMENTS,00_Group_Shared,GMG-REPO-GQMS-DOCUMENTS-GRP,inherit from parent,YES,QA Documentation
GMG_Enterprise_Repository/02_GQMS_Controlled_Repository/00_Group_Shared/30_BPG/SCM/01_Controlled_Documents/POL/Draft,7,PS-GQMS-DOCUMENTS,00_Group_Shared,GMG-REPO-GQMS-DOCUMENTS-GRP,inherit from parent,YES,QA Documentation
GMG_Enterprise_Repository/02_GQMS_Controlled_Repository/00_Group_Shared/30_BPG/SCM/01_Controlled_Documents/POL/Effective,7,PS-GQMS-DOCUMENTS,00_Group_Shared,GMG-REPO-GQMS-DOCUMENTS-GRP,inherit from parent,YES,QA Documentation
GMG_Enterprise_Repository/02_GQMS_Controlled_Repository/00_Group_Shared/30_BPG/SCM/01_Controlled_Documents/POL/In_Review,7,PS-GQMS-DOCUMENTS,00_Group_Shared,GMG-REPO-GQMS-DOCUMENTS-GRP,inherit from parent,YES,QA Documentation
GMG_Enterprise_Repository/02_GQMS_Controlled_Repository/00_Group_Shared/30_BPG/SCM/01_Controlled_Documents/POL/Retired,7,PS-GQMS-DOCUMENTS,00_Group_Shared,GMG-REPO-GQMS-DOCUMENTS-GRP,inherit from parent,YES,QA Documentation
GMG_Enterprise_Repository/02_GQMS_Controlled_Repository/00_Group_Shared/30_BPG/SCM/01_Controlled_Documents/POL/Superseded,7,PS-GQMS-DOCUMENTS,00_Group_Shared,GMG-REPO-GQMS-DOCUMENTS-GRP,inherit from parent,YES,QA Documentation
GMG_Enterprise_Repository/02_GQMS_Controlled_Repository/00_Group_Shared/30_BPG/SCM/01_Controlled_Documents/RSK,6,PS-GQMS-DOCUMENTS,00_Group_Shared,GMG-REPO-GQMS-DOCUMENTS-GRP,inherit from parent,YES,QA Documentation
GMG_Enterprise_Repository/02_GQMS_Controlled_Repository/00_Group_Shared/30_BPG/SCM/01_Controlled_Documents/RSK/Approved_Pending_Effective,7,PS-GQMS-DOCUMENTS,00_Group_Shared,GMG-REPO-GQMS-DOCUMENTS-GRP,inherit from parent,YES,QA Documentation
GMG_Enterprise_Repository/02_GQMS_Controlled_Repository/00_Group_Shared/30_BPG/SCM/01_Controlled_Documents/RSK/Draft,7,PS-GQMS-DOCUMENTS,00_Group_Shared,GMG-REPO-GQMS-DOCUMENTS-GRP,inherit from parent,YES,QA Documentation
GMG_Enterprise_Repository/02_GQMS_Controlled_Repository/00_Group_Shared/30_BPG/SCM/01_Controlled_Documents/RSK/Effective,7,PS-GQMS-DOCUMENTS,00_Group_Shared,GMG-REPO-GQMS-DOCUMENTS-GRP,inherit from parent,YES,QA Documentation
GMG_Enterprise_Repository/02_GQMS_Controlled_Repository/00_Group_Shared/30_BPG/SCM/01_Controlled_Documents/RSK/In_Review,7,PS-GQMS-DOCUMENTS,00_Group_Shared,GMG-REPO-GQMS-DOCUMENTS-GRP,inherit from parent,YES,QA Documentation
GMG_Enterprise_Repository/02_GQMS_Controlled_Repository/00_Group_Shared/30_BPG/SCM/01_Controlled_Documents/RSK/Retired,7,PS-GQMS-DOCUMENTS,00_Group_Shared,GMG-REPO-GQMS-DOCUMENTS-GRP,inherit from parent,YES,QA Documentation
GMG_Enterprise_Repository/02_GQMS_Controlled_Repository/00_Group_Shared/30_BPG/SCM/01_Controlled_Documents/RSK/Superseded,7,PS-GQMS-DOCUMENTS,00_Group_Shared,GMG-REPO-GQMS-DOCUMENTS-GRP,inherit from parent,YES,QA Documentation
GMG_Enterprise_Repository/02_GQMS_Controlled_Repository/00_Group_Shared/30_BPG/SCM/01_Controlled_Documents/SOP,6,PS-GQMS-DOCUMENTS,00_Group_Shared,GMG-REPO-GQMS-DOCUMENTS-GRP,inherit from parent,YES,QA Documentation
GMG_Enterprise_Repository/02_GQMS_Controlled_Repository/00_Group_Shared/30_BPG/SCM/01_Controlled_Documents/SOP/Approved_Pending_Effective,7,PS-GQMS-DOCUMENTS,00_Group_Shared,GMG-REPO-GQMS-DOCUMENTS-GRP,inherit from parent,YES,QA Documentation
GMG_Enterprise_Repository/02_GQMS_Controlled_Repository/00_Group_Shared/30_BPG/SCM/01_Controlled_Documents/SOP/Draft,7,PS-GQMS-DOCUMENTS,00_Group_Shared,GMG-REPO-GQMS-DOCUMENTS-GRP,inherit from parent,YES,QA Documentation
GMG_Enterprise_Repository/02_GQMS_Controlled_Repository/00_Group_Shared/30_BPG/SCM/01_Controlled_Documents/SOP/Effective,7,PS-GQMS-DOCUMENTS,00_Group_Shared,GMG-REPO-GQMS-DOCUMENTS-GRP,inherit from parent,YES,QA Documentation
GMG_Enterprise_Repository/02_GQMS_Controlled_Repository/00_Group_Shared/30_BPG/SCM/01_Controlled_Documents/SOP/In_Review,7,PS-GQMS-DOCUMENTS,00_Group_Shared,GMG-REPO-GQMS-DOCUMENTS-GRP,inherit from parent,YES,QA Documentation
GMG_Enterprise_Repository/02_GQMS_Controlled_Repository/00_Group_Shared/30_BPG/SCM/01_Controlled_Documents/SOP/Retired,7,PS-GQMS-DOCUMENTS,00_Group_Shared,GMG-REPO-GQMS-DOCUMENTS-GRP,inherit from parent,YES,QA Documentation
GMG_Enterprise_Repository/02_GQMS_Controlled_Repository/00_Group_Shared/30_BPG/SCM/01_Controlled_Documents/SOP/Superseded,7,PS-GQMS-DOCUMENTS,00_Group_Shared,GMG-REPO-GQMS-DOCUMENTS-GRP,inherit from parent,YES,QA Documentation
GMG_Enterprise_Repository/02_GQMS_Controlled_Repository/00_Group_Shared/30_BPG/SCM/01_Controlled_Documents/TPL,6,PS-GQMS-DOCUMENTS,00_Group_Shared,GMG-REPO-GQMS-DOCUMENTS-GRP,inherit from parent,YES,QA Documentation
GMG_Enterprise_Repository/02_GQMS_Controlled_Repository/00_Group_Shared/30_BPG/SCM/01_Controlled_Documents/TPL/Approved_Pending_Effective,7,PS-GQMS-DOCUMENTS,00_Group_Shared,GMG-REPO-GQMS-DOCUMENTS-GRP,inherit from parent,YES,QA Documentation
GMG_Enterprise_Repository/02_GQMS_Controlled_Repository/00_Group_Shared/30_BPG/SCM/01_Controlled_Documents/TPL/Draft,7,PS-GQMS-DOCUMENTS,00_Group_Shared,GMG-REPO-GQMS-DOCUMENTS-GRP,inherit from parent,YES,QA Documentation
GMG_Enterprise_Repository/02_GQMS_Controlled_Repository/00_Group_Shared/30_BPG/SCM/01_Controlled_Documents/TPL/Effective,7,PS-GQMS-DOCUMENTS,00_Group_Shared,GMG-REPO-GQMS-DOCUMENTS-GRP,inherit from parent,YES,QA Documentation
GMG_Enterprise_Repository/02_GQMS_Controlled_Repository/00_Group_Shared/30_BPG/SCM/01_Controlled_Documents/TPL/In_Review,7,PS-GQMS-DOCUMENTS,00_Group_Shared,GMG-REPO-GQMS-DOCUMENTS-GRP,inherit from parent,YES,QA Documentation
GMG_Enterprise_Repository/02_GQMS_Controlled_Repository/00_Group_Shared/30_BPG/SCM/01_Controlled_Documents/TPL/Retired,7,PS-GQMS-DOCUMENTS,00_Group_Shared,GMG-REPO-GQMS-DOCUMENTS-GRP,inherit from parent,YES,QA Documentation
GMG_Enterprise_Repository/02_GQMS_Controlled_Repository/00_Group_Shared/30_BPG/SCM/01_Controlled_Documents/TPL/Superseded,7,PS-GQMS-DOCUMENTS,00_Group_Shared,GMG-REPO-GQMS-DOCUMENTS-GRP,inherit from parent,YES,QA Documentation
GMG_Enterprise_Repository/02_GQMS_Controlled_Repository/00_Group_Shared/30_BPG/SCM/01_Controlled_Documents/WIN,6,PS-GQMS-DOCUMENTS,00_Group_Shared,GMG-REPO-GQMS-DOCUMENTS-GRP,inherit from parent,YES,QA Documentation
GMG_Enterprise_Repository/02_GQMS_Controlled_Repository/00_Group_Shared/30_BPG/SCM/01_Controlled_Documents/WIN/Approved_Pending_Effective,7,PS-GQMS-DOCUMENTS,00_Group_Shared,GMG-REPO-GQMS-DOCUMENTS-GRP,inherit from parent,YES,QA Documentation
GMG_Enterprise_Repository/02_GQMS_Controlled_Repository/00_Group_Shared/30_BPG/SCM/01_Controlled_Documents/WIN/Draft,7,PS-GQMS-DOCUMENTS,00_Group_Shared,GMG-REPO-GQMS-DOCUMENTS-GRP,inherit from parent,YES,QA Documentation
GMG_Enterprise_Repository/02_GQMS_Controlled_Repository/00_Group_Shared/30_BPG/SCM/01_Controlled_Documents/WIN/Effective,7,PS-GQMS-DOCUMENTS,00_Group_Shared,GMG-REPO-GQMS-DOCUMENTS-GRP,inherit from parent,YES,QA Documentation
GMG_Enterprise_Repository/02_GQMS_Controlled_Repository/00_Group_Shared/30_BPG/SCM/01_Controlled_Documents/WIN/In_Review,7,PS-GQMS-DOCUMENTS,00_Group_Shared,GMG-REPO-GQMS-DOCUMENTS-GRP,inherit from parent,YES,QA Documentation
GMG_Enterprise_Repository/02_GQMS_Controlled_Repository/00_Group_Shared/30_BPG/SCM/01_Controlled_Documents/WIN/Retired,7,PS-GQMS-DOCUMENTS,00_Group_Shared,GMG-REPO-GQMS-DOCUMENTS-GRP,inherit from parent,YES,QA Documentation
GMG_Enterprise_Repository/02_GQMS_Controlled_Repository/00_Group_Shared/30_BPG/SCM/01_Controlled_Documents/WIN/Superseded,7,PS-GQMS-DOCUMENTS,00_Group_Shared,GMG-REPO-GQMS-DOCUMENTS-GRP,inherit from parent,YES,QA Documentation
GMG_Enterprise_Repository/02_GQMS_Controlled_Repository/10_GMG_AG_CH,2,PS-GQMS-DOCUMENTS + PS-GQMS-RECORDS,10_GMG_AG_CH,UNRESOLVED,inherit from parent,NO — CANNOT BIND,GQD / QA Documentation / Company QA
GMG_Enterprise_Repository/02_GQMS_Controlled_Repository/10_GMG_AG_CH/00_Local_GQMS_Governance,3,PS-GQMS-DOCUMENTS + PS-GQMS-RECORDS,10_GMG_AG_CH,UNRESOLVED,inherit from parent,NO — CANNOT BIND,GQD / QA Documentation / Company QA
GMG_Enterprise_Repository/02_GQMS_Controlled_Repository/10_GMG_AG_CH/01_Local_Controlled_Document_Variants,3,PS-GQMS-DOCUMENTS + PS-GQMS-RECORDS,10_GMG_AG_CH,UNRESOLVED,inherit from parent,NO — CANNOT BIND,GQD / QA Documentation / Company QA
GMG_Enterprise_Repository/02_GQMS_Controlled_Repository/10_GMG_AG_CH/02_Local_Quality_Records,3,PS-GQMS-DOCUMENTS + PS-GQMS-RECORDS,10_GMG_AG_CH,UNRESOLVED,inherit from parent,NO — CANNOT BIND,GQD / QA Documentation / Company QA
GMG_Enterprise_Repository/02_GQMS_Controlled_Repository/10_GMG_AG_CH/03_Site_and_Licence_Specific_Records,3,PS-GQMS-DOCUMENTS + PS-GQMS-RECORDS,10_GMG_AG_CH,UNRESOLVED,inherit from parent,NO — CANNOT BIND,GQD / QA Documentation / Company QA
GMG_Enterprise_Repository/02_GQMS_Controlled_Repository/10_GMG_AG_CH/04_Local_Registers_and_Evidence,3,PS-GQMS-DOCUMENTS + PS-GQMS-RECORDS,10_GMG_AG_CH,UNRESOLVED,inherit from parent,NO — CANNOT BIND,GQD / QA Documentation / Company QA
GMG_Enterprise_Repository/02_GQMS_Controlled_Repository/30_GM_Poland_PL,2,PS-GQMS-DOCUMENTS + PS-GQMS-RECORDS,30_GM_Poland_PL,UNRESOLVED,inherit from parent,NO — CANNOT BIND,GQD / QA Documentation / Company QA
GMG_Enterprise_Repository/02_GQMS_Controlled_Repository/30_GM_Poland_PL/00_Local_GQMS_Governance,3,PS-GQMS-DOCUMENTS + PS-GQMS-RECORDS,30_GM_Poland_PL,UNRESOLVED,inherit from parent,NO — CANNOT BIND,GQD / QA Documentation / Company QA
GMG_Enterprise_Repository/02_GQMS_Controlled_Repository/30_GM_Poland_PL/01_Local_Controlled_Document_Variants,3,PS-GQMS-DOCUMENTS + PS-GQMS-RECORDS,30_GM_Poland_PL,UNRESOLVED,inherit from parent,NO — CANNOT BIND,GQD / QA Documentation / Company QA
GMG_Enterprise_Repository/02_GQMS_Controlled_Repository/30_GM_Poland_PL/02_Local_Quality_Records,3,PS-GQMS-DOCUMENTS + PS-GQMS-RECORDS,30_GM_Poland_PL,UNRESOLVED,inherit from parent,NO — CANNOT BIND,GQD / QA Documentation / Company QA
GMG_Enterprise_Repository/02_GQMS_Controlled_Repository/30_GM_Poland_PL/03_Site_and_Licence_Specific_Records,3,PS-GQMS-DOCUMENTS + PS-GQMS-RECORDS,30_GM_Poland_PL,UNRESOLVED,inherit from parent,NO — CANNOT BIND,GQD / QA Documentation / Company QA
GMG_Enterprise_Repository/02_GQMS_Controlled_Repository/30_GM_Poland_PL/04_Local_Registers_and_Evidence,3,PS-GQMS-DOCUMENTS + PS-GQMS-RECORDS,30_GM_Poland_PL,UNRESOLVED,inherit from parent,NO — CANNOT BIND,GQD / QA Documentation / Company QA
GMG_Enterprise_Repository/02_GQMS_Controlled_Repository/40_Miquel_y_Garriga_SL_ES,2,PS-GQMS-DOCUMENTS + PS-GQMS-RECORDS,40_Miquel_y_Garriga_SL_ES,UNRESOLVED,inherit from parent,NO — CANNOT BIND,GQD / QA Documentation / Company QA
GMG_Enterprise_Repository/02_GQMS_Controlled_Repository/40_Miquel_y_Garriga_SL_ES/00_Local_GQMS_Governance,3,PS-GQMS-DOCUMENTS + PS-GQMS-RECORDS,40_Miquel_y_Garriga_SL_ES,UNRESOLVED,inherit from parent,NO — CANNOT BIND,GQD / QA Documentation / Company QA
GMG_Enterprise_Repository/02_GQMS_Controlled_Repository/40_Miquel_y_Garriga_SL_ES/01_Local_Controlled_Document_Variants,3,PS-GQMS-DOCUMENTS + PS-GQMS-RECORDS,40_Miquel_y_Garriga_SL_ES,UNRESOLVED,inherit from parent,NO — CANNOT BIND,GQD / QA Documentation / Company QA
GMG_Enterprise_Repository/02_GQMS_Controlled_Repository/40_Miquel_y_Garriga_SL_ES/02_Local_Quality_Records,3,PS-GQMS-DOCUMENTS + PS-GQMS-RECORDS,40_Miquel_y_Garriga_SL_ES,UNRESOLVED,inherit from parent,NO — CANNOT BIND,GQD / QA Documentation / Company QA
GMG_Enterprise_Repository/02_GQMS_Controlled_Repository/40_Miquel_y_Garriga_SL_ES/03_Site_and_Licence_Specific_Records,3,PS-GQMS-DOCUMENTS + PS-GQMS-RECORDS,40_Miquel_y_Garriga_SL_ES,UNRESOLVED,inherit from parent,NO — CANNOT BIND,GQD / QA Documentation / Company QA
GMG_Enterprise_Repository/02_GQMS_Controlled_Repository/40_Miquel_y_Garriga_SL_ES/04_Local_Registers_and_Evidence,3,PS-GQMS-DOCUMENTS + PS-GQMS-RECORDS,40_Miquel_y_Garriga_SL_ES,UNRESOLVED,inherit from parent,NO — CANNOT BIND,GQD / QA Documentation / Company QA
GMG_Enterprise_Repository/02_GQMS_Controlled_Repository/50_GMG_Ilaclari_LTD_TR,2,PS-GQMS-DOCUMENTS + PS-GQMS-RECORDS,50_GMG_Ilaclari_LTD_TR,UNRESOLVED,inherit from parent,NO — CANNOT BIND,GQD / QA Documentation / Company QA
GMG_Enterprise_Repository/02_GQMS_Controlled_Repository/50_GMG_Ilaclari_LTD_TR/00_Local_GQMS_Governance,3,PS-GQMS-DOCUMENTS + PS-GQMS-RECORDS,50_GMG_Ilaclari_LTD_TR,UNRESOLVED,inherit from parent,NO — CANNOT BIND,GQD / QA Documentation / Company QA
GMG_Enterprise_Repository/02_GQMS_Controlled_Repository/50_GMG_Ilaclari_LTD_TR/01_Local_Controlled_Document_Variants,3,PS-GQMS-DOCUMENTS + PS-GQMS-RECORDS,50_GMG_Ilaclari_LTD_TR,UNRESOLVED,inherit from parent,NO — CANNOT BIND,GQD / QA Documentation / Company QA
GMG_Enterprise_Repository/02_GQMS_Controlled_Repository/50_GMG_Ilaclari_LTD_TR/02_Local_Quality_Records,3,PS-GQMS-DOCUMENTS + PS-GQMS-RECORDS,50_GMG_Ilaclari_LTD_TR,UNRESOLVED,inherit from parent,NO — CANNOT BIND,GQD / QA Documentation / Company QA
GMG_Enterprise_Repository/02_GQMS_Controlled_Repository/50_GMG_Ilaclari_LTD_TR/03_Site_and_Licence_Specific_Records,3,PS-GQMS-DOCUMENTS + PS-GQMS-RECORDS,50_GMG_Ilaclari_LTD_TR,UNRESOLVED,inherit from parent,NO — CANNOT BIND,GQD / QA Documentation / Company QA
GMG_Enterprise_Repository/02_GQMS_Controlled_Repository/50_GMG_Ilaclari_LTD_TR/04_Local_Registers_and_Evidence,3,PS-GQMS-DOCUMENTS + PS-GQMS-RECORDS,50_GMG_Ilaclari_LTD_TR,UNRESOLVED,inherit from parent,NO — CANNOT BIND,GQD / QA Documentation / Company QA
GMG_Enterprise_Repository/02_GQMS_Controlled_Repository/80_Cross_Entity,2,PS-GQMS-DOCUMENTS + PS-GQMS-RECORDS,80_Cross_Entity,UNRESOLVED,inherit from parent,NO — CANNOT BIND,GQD / QA Documentation / Company QA
GMG_Enterprise_Repository/02_GQMS_Controlled_Repository/80_Cross_Entity/00_Local_GQMS_Governance,3,PS-GQMS-DOCUMENTS + PS-GQMS-RECORDS,80_Cross_Entity,UNRESOLVED,inherit from parent,NO — CANNOT BIND,GQD / QA Documentation / Company QA
GMG_Enterprise_Repository/02_GQMS_Controlled_Repository/80_Cross_Entity/01_Local_Controlled_Document_Variants,3,PS-GQMS-DOCUMENTS + PS-GQMS-RECORDS,80_Cross_Entity,UNRESOLVED,inherit from parent,NO — CANNOT BIND,GQD / QA Documentation / Company QA
GMG_Enterprise_Repository/02_GQMS_Controlled_Repository/80_Cross_Entity/02_Local_Quality_Records,3,PS-GQMS-DOCUMENTS + PS-GQMS-RECORDS,80_Cross_Entity,UNRESOLVED,inherit from parent,NO — CANNOT BIND,GQD / QA Documentation / Company QA
GMG_Enterprise_Repository/02_GQMS_Controlled_Repository/80_Cross_Entity/03_Site_and_Licence_Specific_Records,3,PS-GQMS-DOCUMENTS + PS-GQMS-RECORDS,80_Cross_Entity,UNRESOLVED,inherit from parent,NO — CANNOT BIND,GQD / QA Documentation / Company QA
GMG_Enterprise_Repository/02_GQMS_Controlled_Repository/80_Cross_Entity/04_Local_Registers_and_Evidence,3,PS-GQMS-DOCUMENTS + PS-GQMS-RECORDS,80_Cross_Entity,UNRESOLVED,inherit from parent,NO — CANNOT BIND,GQD / QA Documentation / Company QA
GMG_Enterprise_Repository/02_GQMS_Controlled_Repository/90_External_or_Joint_Ventures,2,PS-GQMS-DOCUMENTS + PS-GQMS-RECORDS,90_External_or_Joint_Ventures,UNRESOLVED,inherit from parent,NO — CANNOT BIND,GQD / QA Documentation / Company QA
GMG_Enterprise_Repository/02_GQMS_Controlled_Repository/90_External_or_Joint_Ventures/00_Local_GQMS_Governance,3,PS-GQMS-DOCUMENTS + PS-GQMS-RECORDS,90_External_or_Joint_Ventures,UNRESOLVED,inherit from parent,NO — CANNOT BIND,GQD / QA Documentation / Company QA
GMG_Enterprise_Repository/02_GQMS_Controlled_Repository/90_External_or_Joint_Ventures/01_Local_Controlled_Document_Variants,3,PS-GQMS-DOCUMENTS + PS-GQMS-RECORDS,90_External_or_Joint_Ventures,UNRESOLVED,inherit from parent,NO — CANNOT BIND,GQD / QA Documentation / Company QA
GMG_Enterprise_Repository/02_GQMS_Controlled_Repository/90_External_or_Joint_Ventures/02_Local_Quality_Records,3,PS-GQMS-DOCUMENTS + PS-GQMS-RECORDS,90_External_or_Joint_Ventures,UNRESOLVED,inherit from parent,NO — CANNOT BIND,GQD / QA Documentation / Company QA
GMG_Enterprise_Repository/02_GQMS_Controlled_Repository/90_External_or_Joint_Ventures/03_Site_and_Licence_Specific_Records,3,PS-GQMS-DOCUMENTS + PS-GQMS-RECORDS,90_External_or_Joint_Ventures,UNRESOLVED,inherit from parent,NO — CANNOT BIND,GQD / QA Documentation / Company QA
GMG_Enterprise_Repository/02_GQMS_Controlled_Repository/90_External_or_Joint_Ventures/04_Local_Registers_and_Evidence,3,PS-GQMS-DOCUMENTS + PS-GQMS-RECORDS,90_External_or_Joint_Ventures,UNRESOLVED,inherit from parent,NO — CANNOT BIND,GQD / QA Documentation / Company QA
GMG_Enterprise_Repository/03_Business_Functions_and_Operations,1,PS-OPS-STANDARD + restricted profiles,GROUP,UNRESOLVED,BREAK INHERITANCE — apply explicitly,NO — CANNOT BIND,Entity and Function Owners
GMG_Enterprise_Repository/03_Business_Functions_and_Operations/00_Group_Shared,2,PS-OPS-STANDARD,00_Group_Shared,GMG-REPO-OSTANDARD-GRP,BREAK INHERITANCE — apply explicitly,YES,Entity / Function Owners
GMG_Enterprise_Repository/03_Business_Functions_and_Operations/00_Group_Shared/00_Working_and_Collaboration,3,PS-WORKING,00_Group_Shared,GMG-REPO-WORKING-GRP,BREAK INHERITANCE — apply explicitly,YES,Entity / Function Owners
GMG_Enterprise_Repository/03_Business_Functions_and_Operations/10_GMG_AG_CH,2,PS-OPS-STANDARD + restricted profiles,10_GMG_AG_CH,UNRESOLVED,inherit from parent,NO — CANNOT BIND,Entity Records Owner
GMG_Enterprise_Repository/03_Business_Functions_and_Operations/10_GMG_AG_CH/00_Working_and_Collaboration,3,PS-WORKING,10_GMG_AG_CH,GMG-REPO-WORKING-CH,BREAK INHERITANCE — apply explicitly,YES,Entity / Function Owners
GMG_Enterprise_Repository/03_Business_Functions_and_Operations/10_GMG_AG_CH/00_Working_and_Collaboration/COM_Commercial_and_Marketing,4,PS-WORKING,10_GMG_AG_CH,GMG-REPO-WORKING-CH,inherit from parent,YES,Process Owner — TBC
GMG_Enterprise_Repository/03_Business_Functions_and_Operations/10_GMG_AG_CH/00_Working_and_Collaboration/CORP_Communications_PR_and_ESG,4,PS-WORKING,10_GMG_AG_CH,GMG-REPO-WORKING-CH,inherit from parent,YES,Process Owner — TBC
GMG_Enterprise_Repository/03_Business_Functions_and_Operations/10_GMG_AG_CH/00_Working_and_Collaboration/CTY_Country_Operations_Residual,4,PS-WORKING,10_GMG_AG_CH,GMG-REPO-WORKING-CH,inherit from parent,YES,Country Owner — TBC
GMG_Enterprise_Repository/03_Business_Functions_and_Operations/10_GMG_AG_CH/00_Working_and_Collaboration/EHS_Environment_Health_and_Safety,4,PS-WORKING,10_GMG_AG_CH,GMG-REPO-WORKING-CH,inherit from parent,YES,Process Owner — TBC
GMG_Enterprise_Repository/03_Business_Functions_and_Operations/10_GMG_AG_CH/00_Working_and_Collaboration/FAC_Facilities_and_Assets,4,PS-WORKING,10_GMG_AG_CH,GMG-REPO-WORKING-CH,inherit from parent,YES,Process Owner — TBC
GMG_Enterprise_Repository/03_Business_Functions_and_Operations/10_GMG_AG_CH/00_Working_and_Collaboration/FIN_Finance_and_Accounting,4,PS-WORKING,10_GMG_AG_CH,GMG-REPO-WORKING-CH,inherit from parent,YES,Process Owner — TBC
GMG_Enterprise_Repository/03_Business_Functions_and_Operations/10_GMG_AG_CH/00_Working_and_Collaboration/HR_Human_Resources,4,PS-WORKING,10_GMG_AG_CH,GMG-REPO-WORKING-CH,inherit from parent,YES,Process Owner — TBC
GMG_Enterprise_Repository/03_Business_Functions_and_Operations/10_GMG_AG_CH/00_Working_and_Collaboration/ISM_Information_Security,4,PS-WORKING,10_GMG_AG_CH,GMG-REPO-WORKING-CH,inherit from parent,YES,Process Owner — TBC
GMG_Enterprise_Repository/03_Business_Functions_and_Operations/10_GMG_AG_CH/00_Working_and_Collaboration/ITG_Information_Technology,4,PS-WORKING,10_GMG_AG_CH,GMG-REPO-WORKING-CH,inherit from parent,YES,Process Owner — TBC
GMG_Enterprise_Repository/03_Business_Functions_and_Operations/10_GMG_AG_CH/00_Working_and_Collaboration/LEG_Legal_and_Contracts,4,PS-WORKING,10_GMG_AG_CH,GMG-REPO-WORKING-CH,inherit from parent,YES,Process Owner — TBC
GMG_Enterprise_Repository/03_Business_Functions_and_Operations/10_GMG_AG_CH/00_Working_and_Collaboration/MFG_Manufacturing_Business_Operations,4,PS-WORKING,10_GMG_AG_CH,GMG-REPO-WORKING-CH,inherit from parent,YES,PTM / PM
GMG_Enterprise_Repository/03_Business_Functions_and_Operations/10_GMG_AG_CH/00_Working_and_Collaboration/PPM_Projects_and_Portfolios,4,PS-WORKING,10_GMG_AG_CH,GMG-REPO-WORKING-CH,inherit from parent,YES,Process Owner — TBC
GMG_Enterprise_Repository/03_Business_Functions_and_Operations/10_GMG_AG_CH/00_Working_and_Collaboration/PRC_Procurement,4,PS-WORKING,10_GMG_AG_CH,GMG-REPO-WORKING-CH,inherit from parent,YES,Process Owner — TBC
GMG_Enterprise_Repository/03_Business_Functions_and_Operations/10_GMG_AG_CH/00_Working_and_Collaboration/PV_Pharmacovigilance_Administration,4,PS-WORKING,10_GMG_AG_CH,GMG-REPO-WORKING-CH,inherit from parent,YES,QPPV
GMG_Enterprise_Repository/03_Business_Functions_and_Operations/10_GMG_AG_CH/00_Working_and_Collaboration/QUA_Quality_Administration,4,PS-WORKING,10_GMG_AG_CH,GMG-REPO-WORKING-CH,inherit from parent,YES,QA / GQD
GMG_Enterprise_Repository/03_Business_Functions_and_Operations/10_GMG_AG_CH/00_Working_and_Collaboration/RA_Regulatory_Affairs_Administration,4,PS-WORKING,10_GMG_AG_CH,GMG-REPO-WORKING-CH,inherit from parent,YES,GRA
GMG_Enterprise_Repository/03_Business_Functions_and_Operations/10_GMG_AG_CH/00_Working_and_Collaboration/RND_RnD_Business_Operations,4,PS-WORKING,10_GMG_AG_CH,GMG-REPO-WORKING-CH,inherit from parent,YES,R&D
GMG_Enterprise_Repository/03_Business_Functions_and_Operations/10_GMG_AG_CH/00_Working_and_Collaboration/SCM_Supply_Chain,4,PS-WORKING,10_GMG_AG_CH,GMG-REPO-WORKING-CH,inherit from parent,YES,SC
GMG_Enterprise_Repository/03_Business_Functions_and_Operations/10_GMG_AG_CH/COM_Commercial_and_Marketing,3,PS-OPS-STANDARD,10_GMG_AG_CH,GMG-REPO-OSTANDARD-CH,BREAK INHERITANCE — apply explicitly,YES,Process Owner — TBC
GMG_Enterprise_Repository/03_Business_Functions_and_Operations/10_GMG_AG_CH/COM_Commercial_and_Marketing/11_Pricing_and_Profitability,4,PS-OPS-STANDARD,10_GMG_AG_CH,GMG-REPO-OSTANDARD-CH,inherit from parent,YES,Process Owner — TBC
GMG_Enterprise_Repository/03_Business_Functions_and_Operations/10_GMG_AG_CH/COM_Commercial_and_Marketing/12_Sales_Performance,4,PS-OPS-STANDARD,10_GMG_AG_CH,GMG-REPO-OSTANDARD-CH,inherit from parent,YES,Process Owner — TBC
GMG_Enterprise_Repository/03_Business_Functions_and_Operations/10_GMG_AG_CH/CORP_Communications_PR_and_ESG,3,PS-OPS-STANDARD,10_GMG_AG_CH,GMG-REPO-OSTANDARD-CH,BREAK INHERITANCE — apply explicitly,YES,Process Owner — TBC
GMG_Enterprise_Repository/03_Business_Functions_and_Operations/10_GMG_AG_CH/CORP_Communications_PR_and_ESG/01_Corporate_Communications,4,PS-OPS-STANDARD,10_GMG_AG_CH,GMG-REPO-OSTANDARD-CH,inherit from parent,YES,Process Owner — TBC
GMG_Enterprise_Repository/03_Business_Functions_and_Operations/10_GMG_AG_CH/CORP_Communications_PR_and_ESG/02_Public_Relations_and_Media,4,PS-OPS-STANDARD,10_GMG_AG_CH,GMG-REPO-OSTANDARD-CH,inherit from parent,YES,Process Owner — TBC
GMG_Enterprise_Repository/03_Business_Functions_and_Operations/10_GMG_AG_CH/CORP_Communications_PR_and_ESG/03_ESG_and_Sustainability,4,PS-OPS-STANDARD,10_GMG_AG_CH,GMG-REPO-OSTANDARD-CH,inherit from parent,YES,Process Owner — TBC
GMG_Enterprise_Repository/03_Business_Functions_and_Operations/10_GMG_AG_CH/CORP_Communications_PR_and_ESG/04_Brand_and_Events,4,PS-OPS-STANDARD,10_GMG_AG_CH,GMG-REPO-OSTANDARD-CH,inherit from parent,YES,Process Owner — TBC
GMG_Enterprise_Repository/03_Business_Functions_and_Operations/10_GMG_AG_CH/CTY_Country_Operations_Residual,3,PS-OPS-STANDARD,10_GMG_AG_CH,GMG-REPO-OSTANDARD-CH,BREAK INHERITANCE — apply explicitly,YES,Country Owner — TBC
GMG_Enterprise_Repository/03_Business_Functions_and_Operations/10_GMG_AG_CH/CTY_Country_Operations_Residual/01_Residual_Country_Administration,4,PS-OPS-STANDARD,10_GMG_AG_CH,GMG-REPO-OSTANDARD-CH,inherit from parent,YES,Country Owner — TBC
GMG_Enterprise_Repository/03_Business_Functions_and_Operations/10_GMG_AG_CH/EHS_Environment_Health_and_Safety,3,PS-EHS-RESTRICTED,10_GMG_AG_CH,GMG-REPO-EHS-RESTRICTED-CH,BREAK INHERITANCE — apply explicitly,YES,Process Owner — TBC
GMG_Enterprise_Repository/03_Business_Functions_and_Operations/10_GMG_AG_CH/EHS_Environment_Health_and_Safety/01_Risk_Assessments,4,PS-EHS-RESTRICTED,10_GMG_AG_CH,GMG-REPO-EHS-RESTRICTED-CH,inherit from parent,YES,Process Owner — TBC
GMG_Enterprise_Repository/03_Business_Functions_and_Operations/10_GMG_AG_CH/EHS_Environment_Health_and_Safety/02_Incidents_and_Investigations,4,PS-EHS-RESTRICTED,10_GMG_AG_CH,GMG-REPO-EHS-RESTRICTED-CH,inherit from parent,YES,Process Owner — TBC
GMG_Enterprise_Repository/03_Business_Functions_and_Operations/10_GMG_AG_CH/EHS_Environment_Health_and_Safety/03_Training_and_Competence,4,PS-EHS-RESTRICTED,10_GMG_AG_CH,GMG-REPO-EHS-RESTRICTED-CH,inherit from parent,YES,Process Owner — TBC
GMG_Enterprise_Repository/03_Business_Functions_and_Operations/10_GMG_AG_CH/EHS_Environment_Health_and_Safety/04_Environmental_and_Waste,4,PS-EHS-RESTRICTED,10_GMG_AG_CH,GMG-REPO-EHS-RESTRICTED-CH,inherit from parent,YES,Process Owner — TBC
GMG_Enterprise_Repository/03_Business_Functions_and_Operations/10_GMG_AG_CH/EHS_Environment_Health_and_Safety/05_Emergency_Preparedness,4,PS-EHS-RESTRICTED,10_GMG_AG_CH,GMG-REPO-EHS-RESTRICTED-CH,inherit from parent,YES,Process Owner — TBC
GMG_Enterprise_Repository/03_Business_Functions_and_Operations/10_GMG_AG_CH/EHS_Environment_Health_and_Safety/06_Compliance_Reporting,4,PS-EHS-RESTRICTED,10_GMG_AG_CH,GMG-REPO-EHS-RESTRICTED-CH,inherit from parent,YES,Process Owner — TBC
GMG_Enterprise_Repository/03_Business_Functions_and_Operations/10_GMG_AG_CH/FAC_Facilities_and_Assets,3,PS-OPS-STANDARD,10_GMG_AG_CH,GMG-REPO-OSTANDARD-CH,BREAK INHERITANCE — apply explicitly,YES,Process Owner — TBC
GMG_Enterprise_Repository/03_Business_Functions_and_Operations/10_GMG_AG_CH/FAC_Facilities_and_Assets/01_Leases_and_Sites,4,PS-OPS-STANDARD,10_GMG_AG_CH,GMG-REPO-OSTANDARD-CH,inherit from parent,YES,Process Owner — TBC
GMG_Enterprise_Repository/03_Business_Functions_and_Operations/10_GMG_AG_CH/FAC_Facilities_and_Assets/02_Maintenance_NonGMP,4,PS-OPS-STANDARD,10_GMG_AG_CH,GMG-REPO-OSTANDARD-CH,inherit from parent,YES,Process Owner — TBC
GMG_Enterprise_Repository/03_Business_Functions_and_Operations/10_GMG_AG_CH/FAC_Facilities_and_Assets/03_Utilities_NonGMP,4,PS-OPS-STANDARD,10_GMG_AG_CH,GMG-REPO-OSTANDARD-CH,inherit from parent,YES,Process Owner — TBC
GMG_Enterprise_Repository/03_Business_Functions_and_Operations/10_GMG_AG_CH/FAC_Facilities_and_Assets/04_Facility_Assets,4,PS-OPS-STANDARD,10_GMG_AG_CH,GMG-REPO-OSTANDARD-CH,inherit from parent,YES,Process Owner — TBC
GMG_Enterprise_Repository/03_Business_Functions_and_Operations/10_GMG_AG_CH/FAC_Facilities_and_Assets/05_Contractors_and_Services,4,PS-OPS-STANDARD,10_GMG_AG_CH,GMG-REPO-OSTANDARD-CH,inherit from parent,YES,Process Owner — TBC
GMG_Enterprise_Repository/03_Business_Functions_and_Operations/10_GMG_AG_CH/FAC_Facilities_and_Assets/06_Space_Security_and_Access,4,PS-OPS-STANDARD,10_GMG_AG_CH,GMG-REPO-OSTANDARD-CH,inherit from parent,YES,Process Owner — TBC
GMG_Enterprise_Repository/03_Business_Functions_and_Operations/10_GMG_AG_CH/FIN_Finance_and_Accounting,3,PS-FIN-RESTRICTED,10_GMG_AG_CH,GMG-REPO-FIN-RESTRICTED-CH,BREAK INHERITANCE — apply explicitly,YES,Process Owner — TBC
GMG_Enterprise_Repository/03_Business_Functions_and_Operations/10_GMG_AG_CH/FIN_Finance_and_Accounting/01_Accounts_Receivable,4,PS-FIN-RESTRICTED,10_GMG_AG_CH,GMG-REPO-FIN-RESTRICTED-CH,inherit from parent,YES,Process Owner — TBC
GMG_Enterprise_Repository/03_Business_Functions_and_Operations/10_GMG_AG_CH/FIN_Finance_and_Accounting/02_Accounts_Payable,4,PS-FIN-RESTRICTED,10_GMG_AG_CH,GMG-REPO-FIN-RESTRICTED-CH,inherit from parent,YES,Process Owner — TBC
GMG_Enterprise_Repository/03_Business_Functions_and_Operations/10_GMG_AG_CH/FIN_Finance_and_Accounting/03_Banking_and_Treasury,4,PS-FIN-RESTRICTED,10_GMG_AG_CH,GMG-REPO-FIN-RESTRICTED-CH,inherit from parent,YES,Process Owner — TBC
GMG_Enterprise_Repository/03_Business_Functions_and_Operations/10_GMG_AG_CH/FIN_Finance_and_Accounting/04_Expense_Claims,4,PS-FIN-RESTRICTED,10_GMG_AG_CH,GMG-REPO-FIN-RESTRICTED-CH,inherit from parent,YES,Process Owner — TBC
GMG_Enterprise_Repository/03_Business_Functions_and_Operations/10_GMG_AG_CH/FIN_Finance_and_Accounting/05_Budgets_and_Forecasts,4,PS-FIN-RESTRICTED,10_GMG_AG_CH,GMG-REPO-FIN-RESTRICTED-CH,inherit from parent,YES,Process Owner — TBC
GMG_Enterprise_Repository/03_Business_Functions_and_Operations/10_GMG_AG_CH/FIN_Finance_and_Accounting/06_Management_Accounts,4,PS-FIN-RESTRICTED,10_GMG_AG_CH,GMG-REPO-FIN-RESTRICTED-CH,inherit from parent,YES,Process Owner — TBC
GMG_Enterprise_Repository/03_Business_Functions_and_Operations/10_GMG_AG_CH/FIN_Finance_and_Accounting/07_Statutory_Accounts,4,PS-FIN-RESTRICTED,10_GMG_AG_CH,GMG-REPO-FIN-RESTRICTED-CH,inherit from parent,YES,Process Owner — TBC
GMG_Enterprise_Repository/03_Business_Functions_and_Operations/10_GMG_AG_CH/FIN_Finance_and_Accounting/08_Tax,4,PS-FIN-RESTRICTED,10_GMG_AG_CH,GMG-REPO-FIN-RESTRICTED-CH,inherit from parent,YES,Process Owner — TBC
GMG_Enterprise_Repository/03_Business_Functions_and_Operations/10_GMG_AG_CH/FIN_Finance_and_Accounting/09_Payroll_Finance_Outputs,4,PS-FIN-RESTRICTED,10_GMG_AG_CH,GMG-REPO-FIN-RESTRICTED-CH,inherit from parent,YES,Process Owner — TBC
GMG_Enterprise_Repository/03_Business_Functions_and_Operations/10_GMG_AG_CH/FIN_Finance_and_Accounting/10_Intercompany_Transactions,4,PS-FIN-RESTRICTED,10_GMG_AG_CH,GMG-REPO-FIN-RESTRICTED-CH,inherit from parent,YES,Process Owner — TBC
GMG_Enterprise_Repository/03_Business_Functions_and_Operations/10_GMG_AG_CH/FIN_Finance_and_Accounting/11_Fixed_Assets_Accounting,4,PS-FIN-RESTRICTED,10_GMG_AG_CH,GMG-REPO-FIN-RESTRICTED-CH,inherit from parent,YES,Process Owner — TBC
GMG_Enterprise_Repository/03_Business_Functions_and_Operations/10_GMG_AG_CH/FIN_Finance_and_Accounting/12_Audit_Evidence,4,PS-FIN-RESTRICTED,10_GMG_AG_CH,GMG-REPO-FIN-RESTRICTED-CH,inherit from parent,YES,Process Owner — TBC
GMG_Enterprise_Repository/03_Business_Functions_and_Operations/10_GMG_AG_CH/HR_Human_Resources,3,PS-HR-RESTRICTED,10_GMG_AG_CH,GMG-REPO-HR-RESTRICTED-CH,BREAK INHERITANCE — apply explicitly,YES,Process Owner — TBC
GMG_Enterprise_Repository/03_Business_Functions_and_Operations/10_GMG_AG_CH/HR_Human_Resources/01_Workforce_Planning,4,PS-HR-RESTRICTED,10_GMG_AG_CH,GMG-REPO-HR-RESTRICTED-CH,inherit from parent,YES,Process Owner — TBC
GMG_Enterprise_Repository/03_Business_Functions_and_Operations/10_GMG_AG_CH/HR_Human_Resources/02_Recruitment,4,PS-HR-RESTRICTED,10_GMG_AG_CH,GMG-REPO-HR-RESTRICTED-CH,inherit from parent,YES,Process Owner — TBC
GMG_Enterprise_Repository/03_Business_Functions_and_Operations/10_GMG_AG_CH/HR_Human_Resources/03_Employee_Files,4,PS-HR-RESTRICTED,10_GMG_AG_CH,GMG-REPO-HR-RESTRICTED-CH,inherit from parent,YES,Process Owner — TBC
GMG_Enterprise_Repository/03_Business_Functions_and_Operations/10_GMG_AG_CH/HR_Human_Resources/04_Employment_Agreement_Index,4,PS-HR-RESTRICTED,10_GMG_AG_CH,GMG-REPO-HR-RESTRICTED-CH,inherit from parent,YES,Process Owner — TBC
GMG_Enterprise_Repository/03_Business_Functions_and_Operations/10_GMG_AG_CH/HR_Human_Resources/05_Compensation_and_Benefits,4,PS-HR-RESTRICTED,10_GMG_AG_CH,GMG-REPO-HR-RESTRICTED-CH,inherit from parent,YES,Process Owner — TBC
GMG_Enterprise_Repository/03_Business_Functions_and_Operations/10_GMG_AG_CH/HR_Human_Resources/06_Attendance_and_Working_Time,4,PS-HR-RESTRICTED,10_GMG_AG_CH,GMG-REPO-HR-RESTRICTED-CH,inherit from parent,YES,Process Owner — TBC
GMG_Enterprise_Repository/03_Business_Functions_and_Operations/10_GMG_AG_CH/HR_Human_Resources/07_Leave_and_Absence,4,PS-HR-RESTRICTED,10_GMG_AG_CH,GMG-REPO-HR-RESTRICTED-CH,inherit from parent,YES,Process Owner — TBC
GMG_Enterprise_Repository/03_Business_Functions_and_Operations/10_GMG_AG_CH/HR_Human_Resources/08_Performance_Management,4,PS-HR-RESTRICTED,10_GMG_AG_CH,GMG-REPO-HR-RESTRICTED-CH,inherit from parent,YES,Process Owner — TBC
GMG_Enterprise_Repository/03_Business_Functions_and_Operations/10_GMG_AG_CH/HR_Human_Resources/09_Training_Administration,4,PS-HR-RESTRICTED,10_GMG_AG_CH,GMG-REPO-HR-RESTRICTED-CH,inherit from parent,YES,Process Owner — TBC
GMG_Enterprise_Repository/03_Business_Functions_and_Operations/10_GMG_AG_CH/HR_Human_Resources/10_Travel_and_Expense_Administration,4,PS-HR-RESTRICTED,10_GMG_AG_CH,GMG-REPO-HR-RESTRICTED-CH,inherit from parent,YES,Process Owner — TBC
GMG_Enterprise_Repository/03_Business_Functions_and_Operations/10_GMG_AG_CH/HR_Human_Resources/13_Offboarding,4,PS-HR-RESTRICTED,10_GMG_AG_CH,GMG-REPO-HR-RESTRICTED-CH,inherit from parent,YES,Process Owner — TBC
GMG_Enterprise_Repository/03_Business_Functions_and_Operations/10_GMG_AG_CH/HR_Human_Resources/14_HR_Reporting,4,PS-HR-RESTRICTED,10_GMG_AG_CH,GMG-REPO-HR-RESTRICTED-CH,inherit from parent,YES,Process Owner — TBC
GMG_Enterprise_Repository/03_Business_Functions_and_Operations/10_GMG_AG_CH/ISM_Information_Security,3,PS-INFOSEC-RESTRICTED,10_GMG_AG_CH,GMG-REPO-INFOSEC-RESTRICTED-CH,BREAK INHERITANCE — apply explicitly,YES,Process Owner — TBC
GMG_Enterprise_Repository/03_Business_Functions_and_Operations/10_GMG_AG_CH/ISM_Information_Security/01_Access_Governance,4,PS-INFOSEC-RESTRICTED,10_GMG_AG_CH,GMG-REPO-INFOSEC-RESTRICTED-CH,inherit from parent,YES,Process Owner — TBC
GMG_Enterprise_Repository/03_Business_Functions_and_Operations/10_GMG_AG_CH/ISM_Information_Security/03_Vulnerability_and_Patch_Management,4,PS-INFOSEC-RESTRICTED,10_GMG_AG_CH,GMG-REPO-INFOSEC-RESTRICTED-CH,inherit from parent,YES,Process Owner — TBC
GMG_Enterprise_Repository/03_Business_Functions_and_Operations/10_GMG_AG_CH/ISM_Information_Security/04_Security_Risk_Assessments,4,PS-INFOSEC-RESTRICTED,10_GMG_AG_CH,GMG-REPO-INFOSEC-RESTRICTED-CH,inherit from parent,YES,Process Owner — TBC
GMG_Enterprise_Repository/03_Business_Functions_and_Operations/10_GMG_AG_CH/ISM_Information_Security/05_Third_Party_Security,4,PS-INFOSEC-RESTRICTED,10_GMG_AG_CH,GMG-REPO-INFOSEC-RESTRICTED-CH,inherit from parent,YES,Process Owner — TBC
GMG_Enterprise_Repository/03_Business_Functions_and_Operations/10_GMG_AG_CH/ISM_Information_Security/06_Monitoring_and_Reporting,4,PS-INFOSEC-RESTRICTED,10_GMG_AG_CH,GMG-REPO-INFOSEC-RESTRICTED-CH,inherit from parent,YES,Process Owner — TBC
GMG_Enterprise_Repository/03_Business_Functions_and_Operations/10_GMG_AG_CH/ITG_Information_Technology,3,PS-IT-RESTRICTED,10_GMG_AG_CH,GMG-REPO-IT-RESTRICTED-CH,BREAK INHERITANCE — apply explicitly,YES,Process Owner — TBC
GMG_Enterprise_Repository/03_Business_Functions_and_Operations/10_GMG_AG_CH/ITG_Information_Technology/01_Service_Management,4,PS-IT-RESTRICTED,10_GMG_AG_CH,GMG-REPO-IT-RESTRICTED-CH,inherit from parent,YES,Process Owner — TBC
GMG_Enterprise_Repository/03_Business_Functions_and_Operations/10_GMG_AG_CH/ITG_Information_Technology/02_IT_Asset_Management,4,PS-IT-RESTRICTED,10_GMG_AG_CH,GMG-REPO-IT-RESTRICTED-CH,inherit from parent,YES,Process Owner — TBC
GMG_Enterprise_Repository/03_Business_Functions_and_Operations/10_GMG_AG_CH/ITG_Information_Technology/03_Applications_and_Architecture,4,PS-IT-RESTRICTED,10_GMG_AG_CH,GMG-REPO-IT-RESTRICTED-CH,inherit from parent,YES,Process Owner — TBC
GMG_Enterprise_Repository/03_Business_Functions_and_Operations/10_GMG_AG_CH/ITG_Information_Technology/04_IT_Projects,4,PS-IT-RESTRICTED,10_GMG_AG_CH,GMG-REPO-IT-RESTRICTED-CH,inherit from parent,YES,Process Owner — TBC
GMG_Enterprise_Repository/03_Business_Functions_and_Operations/10_GMG_AG_CH/ITG_Information_Technology/05_Vendors_and_Licences,4,PS-IT-RESTRICTED,10_GMG_AG_CH,GMG-REPO-IT-RESTRICTED-CH,inherit from parent,YES,Process Owner — TBC
GMG_Enterprise_Repository/03_Business_Functions_and_Operations/10_GMG_AG_CH/ITG_Information_Technology/06_Backup_Recovery_and_Continuity,4,PS-IT-RESTRICTED,10_GMG_AG_CH,GMG-REPO-IT-RESTRICTED-CH,inherit from parent,YES,Process Owner — TBC
GMG_Enterprise_Repository/03_Business_Functions_and_Operations/10_GMG_AG_CH/ITG_Information_Technology/07_User_Support,4,PS-IT-RESTRICTED,10_GMG_AG_CH,GMG-REPO-IT-RESTRICTED-CH,inherit from parent,YES,Process Owner — TBC
GMG_Enterprise_Repository/03_Business_Functions_and_Operations/10_GMG_AG_CH/LEG_Legal_and_Contracts,3,PS-LEGAL-PRIVILEGED,10_GMG_AG_CH,GMG-REPO-LEGAL-PRIVILEGED-CH,BREAK INHERITANCE — apply explicitly,YES,Process Owner — TBC
GMG_Enterprise_Repository/03_Business_Functions_and_Operations/10_GMG_AG_CH/LEG_Legal_and_Contracts/01_Contract_Register,4,PS-LEGAL-PRIVILEGED,10_GMG_AG_CH,GMG-REPO-LEGAL-PRIVILEGED-CH,inherit from parent,YES,Process Owner — TBC
GMG_Enterprise_Repository/03_Business_Functions_and_Operations/10_GMG_AG_CH/LEG_Legal_and_Contracts/02_Customer_Agreements,4,PS-LEGAL-PRIVILEGED,10_GMG_AG_CH,GMG-REPO-LEGAL-PRIVILEGED-CH,inherit from parent,YES,Process Owner — TBC
GMG_Enterprise_Repository/03_Business_Functions_and_Operations/10_GMG_AG_CH/LEG_Legal_and_Contracts/03_Supplier_and_Service_Agreements,4,PS-LEGAL-PRIVILEGED,10_GMG_AG_CH,GMG-REPO-LEGAL-PRIVILEGED-CH,inherit from parent,YES,Process Owner — TBC
GMG_Enterprise_Repository/03_Business_Functions_and_Operations/10_GMG_AG_CH/LEG_Legal_and_Contracts/04_Quality_Technical_and_PV_Agreements,4,PS-LEGAL-PRIVILEGED,10_GMG_AG_CH,GMG-REPO-LEGAL-PRIVILEGED-CH,inherit from parent,YES,Process Owner — TBC
GMG_Enterprise_Repository/03_Business_Functions_and_Operations/10_GMG_AG_CH/LEG_Legal_and_Contracts/05_Confidentiality_Agreements,4,PS-LEGAL-PRIVILEGED,10_GMG_AG_CH,GMG-REPO-LEGAL-PRIVILEGED-CH,inherit from parent,YES,Process Owner — TBC
GMG_Enterprise_Repository/03_Business_Functions_and_Operations/10_GMG_AG_CH/LEG_Legal_and_Contracts/06_Data_Processing_and_Privacy_Agreements,4,PS-LEGAL-PRIVILEGED,10_GMG_AG_CH,GMG-REPO-LEGAL-PRIVILEGED-CH,inherit from parent,YES,Process Owner — TBC
GMG_Enterprise_Repository/03_Business_Functions_and_Operations/10_GMG_AG_CH/LEG_Legal_and_Contracts/07_Licence_IP_Distribution_and_Agency,4,PS-LEGAL-PRIVILEGED,10_GMG_AG_CH,GMG-REPO-LEGAL-PRIVILEGED-CH,inherit from parent,YES,Process Owner — TBC
GMG_Enterprise_Repository/03_Business_Functions_and_Operations/10_GMG_AG_CH/LEG_Legal_and_Contracts/08_Intercompany_Agreements,4,PS-LEGAL-PRIVILEGED,10_GMG_AG_CH,GMG-REPO-LEGAL-PRIVILEGED-CH,inherit from parent,YES,Process Owner — TBC
GMG_Enterprise_Repository/03_Business_Functions_and_Operations/10_GMG_AG_CH/LEG_Legal_and_Contracts/09_Property_Lease_and_Corporate_Services,4,PS-LEGAL-PRIVILEGED,10_GMG_AG_CH,GMG-REPO-LEGAL-PRIVILEGED-CH,inherit from parent,YES,Process Owner — TBC
GMG_Enterprise_Repository/03_Business_Functions_and_Operations/10_GMG_AG_CH/LEG_Legal_and_Contracts/11_Legal_Advice_and_Compliance,4,PS-LEGAL-PRIVILEGED,10_GMG_AG_CH,GMG-REPO-LEGAL-PRIVILEGED-CH,inherit from parent,YES,Process Owner — TBC
GMG_Enterprise_Repository/03_Business_Functions_and_Operations/10_GMG_AG_CH/LEG_Legal_and_Contracts/12_Corporate_Legal_Records,4,PS-LEGAL-PRIVILEGED,10_GMG_AG_CH,GMG-REPO-LEGAL-PRIVILEGED-CH,inherit from parent,YES,Process Owner — TBC
GMG_Enterprise_Repository/03_Business_Functions_and_Operations/10_GMG_AG_CH/MFG_Manufacturing_Business_Operations,3,PS-OPS-STANDARD,10_GMG_AG_CH,GMG-REPO-OSTANDARD-CH,BREAK INHERITANCE — apply explicitly,YES,PTM / PM
GMG_Enterprise_Repository/03_Business_Functions_and_Operations/10_GMG_AG_CH/MFG_Manufacturing_Business_Operations/01_Capacity_and_Business_Planning,4,PS-OPS-STANDARD,10_GMG_AG_CH,GMG-REPO-OSTANDARD-CH,inherit from parent,YES,PTM / PM
GMG_Enterprise_Repository/03_Business_Functions_and_Operations/10_GMG_AG_CH/MFG_Manufacturing_Business_Operations/02_Cost_and_Performance,4,PS-OPS-STANDARD,10_GMG_AG_CH,GMG-REPO-OSTANDARD-CH,inherit from parent,YES,PTM / PM
GMG_Enterprise_Repository/03_Business_Functions_and_Operations/10_GMG_AG_CH/MFG_Manufacturing_Business_Operations/03_Administrative_Contracts_and_Links,4,PS-OPS-STANDARD,10_GMG_AG_CH,GMG-REPO-OSTANDARD-CH,inherit from parent,YES,PTM / PM
GMG_Enterprise_Repository/03_Business_Functions_and_Operations/10_GMG_AG_CH/PRC_Procurement,3,PS-OPS-STANDARD,10_GMG_AG_CH,GMG-REPO-OSTANDARD-CH,BREAK INHERITANCE — apply explicitly,YES,Process Owner — TBC
GMG_Enterprise_Repository/03_Business_Functions_and_Operations/10_GMG_AG_CH/PRC_Procurement/01_Purchase_Requisitions,4,PS-OPS-STANDARD,10_GMG_AG_CH,GMG-REPO-OSTANDARD-CH,inherit from parent,YES,Process Owner — TBC
GMG_Enterprise_Repository/03_Business_Functions_and_Operations/10_GMG_AG_CH/PRC_Procurement/02_Sourcing_and_Tenders,4,PS-OPS-STANDARD,10_GMG_AG_CH,GMG-REPO-OSTANDARD-CH,inherit from parent,YES,Process Owner — TBC
GMG_Enterprise_Repository/03_Business_Functions_and_Operations/10_GMG_AG_CH/PRC_Procurement/03_Vendor_Onboarding_NonGxP,4,PS-OPS-STANDARD,10_GMG_AG_CH,GMG-REPO-OSTANDARD-CH,inherit from parent,YES,Process Owner — TBC
GMG_Enterprise_Repository/03_Business_Functions_and_Operations/10_GMG_AG_CH/PRC_Procurement/04_Purchase_Orders,4,PS-OPS-STANDARD,10_GMG_AG_CH,GMG-REPO-OSTANDARD-CH,inherit from parent,YES,Process Owner — TBC
GMG_Enterprise_Repository/03_Business_Functions_and_Operations/10_GMG_AG_CH/PRC_Procurement/05_Supplier_Commercial_Performance,4,PS-OPS-STANDARD,10_GMG_AG_CH,GMG-REPO-OSTANDARD-CH,inherit from parent,YES,Process Owner — TBC
GMG_Enterprise_Repository/03_Business_Functions_and_Operations/10_GMG_AG_CH/PRC_Procurement/06_Contract_References,4,PS-OPS-STANDARD,10_GMG_AG_CH,GMG-REPO-OSTANDARD-CH,inherit from parent,YES,Process Owner — TBC
GMG_Enterprise_Repository/03_Business_Functions_and_Operations/10_GMG_AG_CH/PV_Pharmacovigilance_Administration,3,PS-PV-RESTRICTED,10_GMG_AG_CH,GMG-REPO-PV-RESTRICTED-CH,BREAK INHERITANCE — apply explicitly,YES,QPPV
GMG_Enterprise_Repository/03_Business_Functions_and_Operations/10_GMG_AG_CH/PV_Pharmacovigilance_Administration/01_Resources_and_Budget,4,PS-PV-RESTRICTED,10_GMG_AG_CH,GMG-REPO-PV-RESTRICTED-CH,inherit from parent,YES,QPPV
GMG_Enterprise_Repository/03_Business_Functions_and_Operations/10_GMG_AG_CH/PV_Pharmacovigilance_Administration/02_Service_Provider_Administration,4,PS-PV-RESTRICTED,10_GMG_AG_CH,GMG-REPO-PV-RESTRICTED-CH,inherit from parent,YES,QPPV
GMG_Enterprise_Repository/03_Business_Functions_and_Operations/10_GMG_AG_CH/PV_Pharmacovigilance_Administration/03_Team_Operations,4,PS-PV-RESTRICTED,10_GMG_AG_CH,GMG-REPO-PV-RESTRICTED-CH,inherit from parent,YES,QPPV
GMG_Enterprise_Repository/03_Business_Functions_and_Operations/10_GMG_AG_CH/QUA_Quality_Administration,3,PS-OPS-STANDARD,10_GMG_AG_CH,GMG-REPO-OSTANDARD-CH,BREAK INHERITANCE — apply explicitly,YES,QA / GQD
GMG_Enterprise_Repository/03_Business_Functions_and_Operations/10_GMG_AG_CH/QUA_Quality_Administration/01_Resources_and_Budget,4,PS-OPS-STANDARD,10_GMG_AG_CH,GMG-REPO-OSTANDARD-CH,inherit from parent,YES,QA / GQD
GMG_Enterprise_Repository/03_Business_Functions_and_Operations/10_GMG_AG_CH/QUA_Quality_Administration/02_Team_Administration,4,PS-OPS-STANDARD,10_GMG_AG_CH,GMG-REPO-OSTANDARD-CH,inherit from parent,YES,QA / GQD
GMG_Enterprise_Repository/03_Business_Functions_and_Operations/10_GMG_AG_CH/QUA_Quality_Administration/03_NonGxP_Service_Administration,4,PS-OPS-STANDARD,10_GMG_AG_CH,GMG-REPO-OSTANDARD-CH,inherit from parent,YES,QA / GQD
GMG_Enterprise_Repository/03_Business_Functions_and_Operations/10_GMG_AG_CH/QUA_Quality_Administration/04_NonGxP_Reports_and_Meetings,4,PS-OPS-STANDARD,10_GMG_AG_CH,GMG-REPO-OSTANDARD-CH,inherit from parent,YES,QA / GQD
GMG_Enterprise_Repository/03_Business_Functions_and_Operations/10_GMG_AG_CH/RA_Regulatory_Affairs_Administration,3,PS-OPS-STANDARD,10_GMG_AG_CH,GMG-REPO-OSTANDARD-CH,BREAK INHERITANCE — apply explicitly,YES,GRA
GMG_Enterprise_Repository/03_Business_Functions_and_Operations/10_GMG_AG_CH/RA_Regulatory_Affairs_Administration/01_Resources_and_Budget,4,PS-OPS-STANDARD,10_GMG_AG_CH,GMG-REPO-OSTANDARD-CH,inherit from parent,YES,GRA
GMG_Enterprise_Repository/03_Business_Functions_and_Operations/10_GMG_AG_CH/RA_Regulatory_Affairs_Administration/02_Vendor_and_Agency_Administration,4,PS-OPS-STANDARD,10_GMG_AG_CH,GMG-REPO-OSTANDARD-CH,inherit from parent,YES,GRA
GMG_Enterprise_Repository/03_Business_Functions_and_Operations/10_GMG_AG_CH/RA_Regulatory_Affairs_Administration/03_Team_Operations,4,PS-OPS-STANDARD,10_GMG_AG_CH,GMG-REPO-OSTANDARD-CH,inherit from parent,YES,GRA
GMG_Enterprise_Repository/03_Business_Functions_and_Operations/10_GMG_AG_CH/RND_RnD_Business_Operations,3,PS-OPS-STANDARD,10_GMG_AG_CH,GMG-REPO-OSTANDARD-CH,BREAK INHERITANCE — apply explicitly,YES,R&D
GMG_Enterprise_Repository/03_Business_Functions_and_Operations/10_GMG_AG_CH/RND_RnD_Business_Operations/02_Budgets_and_Resources,4,PS-OPS-STANDARD,10_GMG_AG_CH,GMG-REPO-OSTANDARD-CH,inherit from parent,YES,R&D
GMG_Enterprise_Repository/03_Business_Functions_and_Operations/10_GMG_AG_CH/RND_RnD_Business_Operations/03_Partnerships_and_IP_Links,4,PS-OPS-STANDARD,10_GMG_AG_CH,GMG-REPO-OSTANDARD-CH,inherit from parent,YES,R&D
GMG_Enterprise_Repository/03_Business_Functions_and_Operations/10_GMG_AG_CH/SCM_Supply_Chain,3,PS-OPS-STANDARD,10_GMG_AG_CH,GMG-REPO-OSTANDARD-CH,BREAK INHERITANCE — apply explicitly,YES,SC
GMG_Enterprise_Repository/03_Business_Functions_and_Operations/10_GMG_AG_CH/SCM_Supply_Chain/01_Demand_and_Supply_Planning,4,PS-OPS-STANDARD,10_GMG_AG_CH,GMG-REPO-OSTANDARD-CH,inherit from parent,YES,SC
GMG_Enterprise_Repository/03_Business_Functions_and_Operations/10_GMG_AG_CH/SCM_Supply_Chain/02_Logistics_Administration,4,PS-OPS-STANDARD,10_GMG_AG_CH,GMG-REPO-OSTANDARD-CH,inherit from parent,YES,SC
GMG_Enterprise_Repository/03_Business_Functions_and_Operations/10_GMG_AG_CH/SCM_Supply_Chain/03_Inventory_Business_Records,4,PS-OPS-STANDARD,10_GMG_AG_CH,GMG-REPO-OSTANDARD-CH,inherit from parent,YES,SC
GMG_Enterprise_Repository/03_Business_Functions_and_Operations/10_GMG_AG_CH/SCM_Supply_Chain/04_Supplier_Commercial_Performance,4,PS-OPS-STANDARD,10_GMG_AG_CH,GMG-REPO-OSTANDARD-CH,inherit from parent,YES,SC
GMG_Enterprise_Repository/03_Business_Functions_and_Operations/30_GM_Poland_PL,2,PS-OPS-STANDARD + restricted profiles,30_GM_Poland_PL,UNRESOLVED,inherit from parent,NO — CANNOT BIND,Entity Records Owner
GMG_Enterprise_Repository/03_Business_Functions_and_Operations/30_GM_Poland_PL/00_Working_and_Collaboration,3,PS-WORKING,30_GM_Poland_PL,GMG-REPO-WORKING-PL,BREAK INHERITANCE — apply explicitly,YES,Entity / Function Owners
GMG_Enterprise_Repository/03_Business_Functions_and_Operations/30_GM_Poland_PL/00_Working_and_Collaboration/COM_Commercial_and_Marketing,4,PS-WORKING,30_GM_Poland_PL,GMG-REPO-WORKING-PL,inherit from parent,YES,Process Owner — TBC
GMG_Enterprise_Repository/03_Business_Functions_and_Operations/30_GM_Poland_PL/00_Working_and_Collaboration/CORP_Communications_PR_and_ESG,4,PS-WORKING,30_GM_Poland_PL,GMG-REPO-WORKING-PL,inherit from parent,YES,Process Owner — TBC
GMG_Enterprise_Repository/03_Business_Functions_and_Operations/30_GM_Poland_PL/00_Working_and_Collaboration/CTY_Country_Operations_Residual,4,PS-WORKING,30_GM_Poland_PL,GMG-REPO-WORKING-PL,inherit from parent,YES,Country Owner — TBC
GMG_Enterprise_Repository/03_Business_Functions_and_Operations/30_GM_Poland_PL/00_Working_and_Collaboration/EHS_Environment_Health_and_Safety,4,PS-WORKING,30_GM_Poland_PL,GMG-REPO-WORKING-PL,inherit from parent,YES,Process Owner — TBC
GMG_Enterprise_Repository/03_Business_Functions_and_Operations/30_GM_Poland_PL/00_Working_and_Collaboration/FAC_Facilities_and_Assets,4,PS-WORKING,30_GM_Poland_PL,GMG-REPO-WORKING-PL,inherit from parent,YES,Process Owner — TBC
GMG_Enterprise_Repository/03_Business_Functions_and_Operations/30_GM_Poland_PL/00_Working_and_Collaboration/FIN_Finance_and_Accounting,4,PS-WORKING,30_GM_Poland_PL,GMG-REPO-WORKING-PL,inherit from parent,YES,Process Owner — TBC
GMG_Enterprise_Repository/03_Business_Functions_and_Operations/30_GM_Poland_PL/00_Working_and_Collaboration/HR_Human_Resources,4,PS-WORKING,30_GM_Poland_PL,GMG-REPO-WORKING-PL,inherit from parent,YES,Process Owner — TBC
GMG_Enterprise_Repository/03_Business_Functions_and_Operations/30_GM_Poland_PL/00_Working_and_Collaboration/ISM_Information_Security,4,PS-WORKING,30_GM_Poland_PL,GMG-REPO-WORKING-PL,inherit from parent,YES,Process Owner — TBC
GMG_Enterprise_Repository/03_Business_Functions_and_Operations/30_GM_Poland_PL/00_Working_and_Collaboration/ITG_Information_Technology,4,PS-WORKING,30_GM_Poland_PL,GMG-REPO-WORKING-PL,inherit from parent,YES,Process Owner — TBC
GMG_Enterprise_Repository/03_Business_Functions_and_Operations/30_GM_Poland_PL/00_Working_and_Collaboration/LEG_Legal_and_Contracts,4,PS-WORKING,30_GM_Poland_PL,GMG-REPO-WORKING-PL,inherit from parent,YES,Process Owner — TBC
GMG_Enterprise_Repository/03_Business_Functions_and_Operations/30_GM_Poland_PL/00_Working_and_Collaboration/MFG_Manufacturing_Business_Operations,4,PS-WORKING,30_GM_Poland_PL,GMG-REPO-WORKING-PL,inherit from parent,YES,PTM / PM
GMG_Enterprise_Repository/03_Business_Functions_and_Operations/30_GM_Poland_PL/00_Working_and_Collaboration/PPM_Projects_and_Portfolios,4,PS-WORKING,30_GM_Poland_PL,GMG-REPO-WORKING-PL,inherit from parent,YES,Process Owner — TBC
GMG_Enterprise_Repository/03_Business_Functions_and_Operations/30_GM_Poland_PL/00_Working_and_Collaboration/PRC_Procurement,4,PS-WORKING,30_GM_Poland_PL,GMG-REPO-WORKING-PL,inherit from parent,YES,Process Owner — TBC
GMG_Enterprise_Repository/03_Business_Functions_and_Operations/30_GM_Poland_PL/00_Working_and_Collaboration/PV_Pharmacovigilance_Administration,4,PS-WORKING,30_GM_Poland_PL,GMG-REPO-WORKING-PL,inherit from parent,YES,QPPV
GMG_Enterprise_Repository/03_Business_Functions_and_Operations/30_GM_Poland_PL/00_Working_and_Collaboration/QUA_Quality_Administration,4,PS-WORKING,30_GM_Poland_PL,GMG-REPO-WORKING-PL,inherit from parent,YES,QA / GQD
GMG_Enterprise_Repository/03_Business_Functions_and_Operations/30_GM_Poland_PL/00_Working_and_Collaboration/RA_Regulatory_Affairs_Administration,4,PS-WORKING,30_GM_Poland_PL,GMG-REPO-WORKING-PL,inherit from parent,YES,GRA
GMG_Enterprise_Repository/03_Business_Functions_and_Operations/30_GM_Poland_PL/00_Working_and_Collaboration/RND_RnD_Business_Operations,4,PS-WORKING,30_GM_Poland_PL,GMG-REPO-WORKING-PL,inherit from parent,YES,R&D
GMG_Enterprise_Repository/03_Business_Functions_and_Operations/30_GM_Poland_PL/00_Working_and_Collaboration/SCM_Supply_Chain,4,PS-WORKING,30_GM_Poland_PL,GMG-REPO-WORKING-PL,inherit from parent,YES,SC
GMG_Enterprise_Repository/03_Business_Functions_and_Operations/30_GM_Poland_PL/COM_Commercial_and_Marketing,3,PS-OPS-STANDARD,30_GM_Poland_PL,GMG-REPO-OSTANDARD-PL,BREAK INHERITANCE — apply explicitly,YES,Process Owner — TBC
GMG_Enterprise_Repository/03_Business_Functions_and_Operations/30_GM_Poland_PL/COM_Commercial_and_Marketing/11_Pricing_and_Profitability,4,PS-OPS-STANDARD,30_GM_Poland_PL,GMG-REPO-OSTANDARD-PL,inherit from parent,YES,Process Owner — TBC
GMG_Enterprise_Repository/03_Business_Functions_and_Operations/30_GM_Poland_PL/COM_Commercial_and_Marketing/12_Sales_Performance,4,PS-OPS-STANDARD,30_GM_Poland_PL,GMG-REPO-OSTANDARD-PL,inherit from parent,YES,Process Owner — TBC
GMG_Enterprise_Repository/03_Business_Functions_and_Operations/30_GM_Poland_PL/CORP_Communications_PR_and_ESG,3,PS-OPS-STANDARD,30_GM_Poland_PL,GMG-REPO-OSTANDARD-PL,BREAK INHERITANCE — apply explicitly,YES,Process Owner — TBC
GMG_Enterprise_Repository/03_Business_Functions_and_Operations/30_GM_Poland_PL/CORP_Communications_PR_and_ESG/01_Corporate_Communications,4,PS-OPS-STANDARD,30_GM_Poland_PL,GMG-REPO-OSTANDARD-PL,inherit from parent,YES,Process Owner — TBC
GMG_Enterprise_Repository/03_Business_Functions_and_Operations/30_GM_Poland_PL/CORP_Communications_PR_and_ESG/02_Public_Relations_and_Media,4,PS-OPS-STANDARD,30_GM_Poland_PL,GMG-REPO-OSTANDARD-PL,inherit from parent,YES,Process Owner — TBC
GMG_Enterprise_Repository/03_Business_Functions_and_Operations/30_GM_Poland_PL/CORP_Communications_PR_and_ESG/03_ESG_and_Sustainability,4,PS-OPS-STANDARD,30_GM_Poland_PL,GMG-REPO-OSTANDARD-PL,inherit from parent,YES,Process Owner — TBC
GMG_Enterprise_Repository/03_Business_Functions_and_Operations/30_GM_Poland_PL/CORP_Communications_PR_and_ESG/04_Brand_and_Events,4,PS-OPS-STANDARD,30_GM_Poland_PL,GMG-REPO-OSTANDARD-PL,inherit from parent,YES,Process Owner — TBC
GMG_Enterprise_Repository/03_Business_Functions_and_Operations/30_GM_Poland_PL/CTY_Country_Operations_Residual,3,PS-OPS-STANDARD,30_GM_Poland_PL,GMG-REPO-OSTANDARD-PL,BREAK INHERITANCE — apply explicitly,YES,Country Owner — TBC
GMG_Enterprise_Repository/03_Business_Functions_and_Operations/30_GM_Poland_PL/CTY_Country_Operations_Residual/01_Residual_Country_Administration,4,PS-OPS-STANDARD,30_GM_Poland_PL,GMG-REPO-OSTANDARD-PL,inherit from parent,YES,Country Owner — TBC
GMG_Enterprise_Repository/03_Business_Functions_and_Operations/30_GM_Poland_PL/EHS_Environment_Health_and_Safety,3,PS-EHS-RESTRICTED,30_GM_Poland_PL,GMG-REPO-EHS-RESTRICTED-PL,BREAK INHERITANCE — apply explicitly,YES,Process Owner — TBC
GMG_Enterprise_Repository/03_Business_Functions_and_Operations/30_GM_Poland_PL/EHS_Environment_Health_and_Safety/01_Risk_Assessments,4,PS-EHS-RESTRICTED,30_GM_Poland_PL,GMG-REPO-EHS-RESTRICTED-PL,inherit from parent,YES,Process Owner — TBC
GMG_Enterprise_Repository/03_Business_Functions_and_Operations/30_GM_Poland_PL/EHS_Environment_Health_and_Safety/02_Incidents_and_Investigations,4,PS-EHS-RESTRICTED,30_GM_Poland_PL,GMG-REPO-EHS-RESTRICTED-PL,inherit from parent,YES,Process Owner — TBC
GMG_Enterprise_Repository/03_Business_Functions_and_Operations/30_GM_Poland_PL/EHS_Environment_Health_and_Safety/03_Training_and_Competence,4,PS-EHS-RESTRICTED,30_GM_Poland_PL,GMG-REPO-EHS-RESTRICTED-PL,inherit from parent,YES,Process Owner — TBC
GMG_Enterprise_Repository/03_Business_Functions_and_Operations/30_GM_Poland_PL/EHS_Environment_Health_and_Safety/04_Environmental_and_Waste,4,PS-EHS-RESTRICTED,30_GM_Poland_PL,GMG-REPO-EHS-RESTRICTED-PL,inherit from parent,YES,Process Owner — TBC
GMG_Enterprise_Repository/03_Business_Functions_and_Operations/30_GM_Poland_PL/EHS_Environment_Health_and_Safety/05_Emergency_Preparedness,4,PS-EHS-RESTRICTED,30_GM_Poland_PL,GMG-REPO-EHS-RESTRICTED-PL,inherit from parent,YES,Process Owner — TBC
GMG_Enterprise_Repository/03_Business_Functions_and_Operations/30_GM_Poland_PL/EHS_Environment_Health_and_Safety/06_Compliance_Reporting,4,PS-EHS-RESTRICTED,30_GM_Poland_PL,GMG-REPO-EHS-RESTRICTED-PL,inherit from parent,YES,Process Owner — TBC
GMG_Enterprise_Repository/03_Business_Functions_and_Operations/30_GM_Poland_PL/FAC_Facilities_and_Assets,3,PS-OPS-STANDARD,30_GM_Poland_PL,GMG-REPO-OSTANDARD-PL,BREAK INHERITANCE — apply explicitly,YES,Process Owner — TBC
GMG_Enterprise_Repository/03_Business_Functions_and_Operations/30_GM_Poland_PL/FAC_Facilities_and_Assets/01_Leases_and_Sites,4,PS-OPS-STANDARD,30_GM_Poland_PL,GMG-REPO-OSTANDARD-PL,inherit from parent,YES,Process Owner — TBC
GMG_Enterprise_Repository/03_Business_Functions_and_Operations/30_GM_Poland_PL/FAC_Facilities_and_Assets/02_Maintenance_NonGMP,4,PS-OPS-STANDARD,30_GM_Poland_PL,GMG-REPO-OSTANDARD-PL,inherit from parent,YES,Process Owner — TBC
GMG_Enterprise_Repository/03_Business_Functions_and_Operations/30_GM_Poland_PL/FAC_Facilities_and_Assets/03_Utilities_NonGMP,4,PS-OPS-STANDARD,30_GM_Poland_PL,GMG-REPO-OSTANDARD-PL,inherit from parent,YES,Process Owner — TBC
GMG_Enterprise_Repository/03_Business_Functions_and_Operations/30_GM_Poland_PL/FAC_Facilities_and_Assets/04_Facility_Assets,4,PS-OPS-STANDARD,30_GM_Poland_PL,GMG-REPO-OSTANDARD-PL,inherit from parent,YES,Process Owner — TBC
GMG_Enterprise_Repository/03_Business_Functions_and_Operations/30_GM_Poland_PL/FAC_Facilities_and_Assets/05_Contractors_and_Services,4,PS-OPS-STANDARD,30_GM_Poland_PL,GMG-REPO-OSTANDARD-PL,inherit from parent,YES,Process Owner — TBC
GMG_Enterprise_Repository/03_Business_Functions_and_Operations/30_GM_Poland_PL/FAC_Facilities_and_Assets/06_Space_Security_and_Access,4,PS-OPS-STANDARD,30_GM_Poland_PL,GMG-REPO-OSTANDARD-PL,inherit from parent,YES,Process Owner — TBC
GMG_Enterprise_Repository/03_Business_Functions_and_Operations/30_GM_Poland_PL/FIN_Finance_and_Accounting,3,PS-FIN-RESTRICTED,30_GM_Poland_PL,GMG-REPO-FIN-RESTRICTED-PL,BREAK INHERITANCE — apply explicitly,YES,Process Owner — TBC
GMG_Enterprise_Repository/03_Business_Functions_and_Operations/30_GM_Poland_PL/FIN_Finance_and_Accounting/01_Accounts_Receivable,4,PS-FIN-RESTRICTED,30_GM_Poland_PL,GMG-REPO-FIN-RESTRICTED-PL,inherit from parent,YES,Process Owner — TBC
GMG_Enterprise_Repository/03_Business_Functions_and_Operations/30_GM_Poland_PL/FIN_Finance_and_Accounting/02_Accounts_Payable,4,PS-FIN-RESTRICTED,30_GM_Poland_PL,GMG-REPO-FIN-RESTRICTED-PL,inherit from parent,YES,Process Owner — TBC
GMG_Enterprise_Repository/03_Business_Functions_and_Operations/30_GM_Poland_PL/FIN_Finance_and_Accounting/03_Banking_and_Treasury,4,PS-FIN-RESTRICTED,30_GM_Poland_PL,GMG-REPO-FIN-RESTRICTED-PL,inherit from parent,YES,Process Owner — TBC
GMG_Enterprise_Repository/03_Business_Functions_and_Operations/30_GM_Poland_PL/FIN_Finance_and_Accounting/04_Expense_Claims,4,PS-FIN-RESTRICTED,30_GM_Poland_PL,GMG-REPO-FIN-RESTRICTED-PL,inherit from parent,YES,Process Owner — TBC
GMG_Enterprise_Repository/03_Business_Functions_and_Operations/30_GM_Poland_PL/FIN_Finance_and_Accounting/05_Budgets_and_Forecasts,4,PS-FIN-RESTRICTED,30_GM_Poland_PL,GMG-REPO-FIN-RESTRICTED-PL,inherit from parent,YES,Process Owner — TBC
GMG_Enterprise_Repository/03_Business_Functions_and_Operations/30_GM_Poland_PL/FIN_Finance_and_Accounting/06_Management_Accounts,4,PS-FIN-RESTRICTED,30_GM_Poland_PL,GMG-REPO-FIN-RESTRICTED-PL,inherit from parent,YES,Process Owner — TBC
GMG_Enterprise_Repository/03_Business_Functions_and_Operations/30_GM_Poland_PL/FIN_Finance_and_Accounting/07_Statutory_Accounts,4,PS-FIN-RESTRICTED,30_GM_Poland_PL,GMG-REPO-FIN-RESTRICTED-PL,inherit from parent,YES,Process Owner — TBC
GMG_Enterprise_Repository/03_Business_Functions_and_Operations/30_GM_Poland_PL/FIN_Finance_and_Accounting/08_Tax,4,PS-FIN-RESTRICTED,30_GM_Poland_PL,GMG-REPO-FIN-RESTRICTED-PL,inherit from parent,YES,Process Owner — TBC
GMG_Enterprise_Repository/03_Business_Functions_and_Operations/30_GM_Poland_PL/FIN_Finance_and_Accounting/09_Payroll_Finance_Outputs,4,PS-FIN-RESTRICTED,30_GM_Poland_PL,GMG-REPO-FIN-RESTRICTED-PL,inherit from parent,YES,Process Owner — TBC
GMG_Enterprise_Repository/03_Business_Functions_and_Operations/30_GM_Poland_PL/FIN_Finance_and_Accounting/10_Intercompany_Transactions,4,PS-FIN-RESTRICTED,30_GM_Poland_PL,GMG-REPO-FIN-RESTRICTED-PL,inherit from parent,YES,Process Owner — TBC
GMG_Enterprise_Repository/03_Business_Functions_and_Operations/30_GM_Poland_PL/FIN_Finance_and_Accounting/11_Fixed_Assets_Accounting,4,PS-FIN-RESTRICTED,30_GM_Poland_PL,GMG-REPO-FIN-RESTRICTED-PL,inherit from parent,YES,Process Owner — TBC
GMG_Enterprise_Repository/03_Business_Functions_and_Operations/30_GM_Poland_PL/FIN_Finance_and_Accounting/12_Audit_Evidence,4,PS-FIN-RESTRICTED,30_GM_Poland_PL,GMG-REPO-FIN-RESTRICTED-PL,inherit from parent,YES,Process Owner — TBC
GMG_Enterprise_Repository/03_Business_Functions_and_Operations/30_GM_Poland_PL/HR_Human_Resources,3,PS-HR-RESTRICTED,30_GM_Poland_PL,GMG-REPO-HR-RESTRICTED-PL,BREAK INHERITANCE — apply explicitly,YES,Process Owner — TBC
GMG_Enterprise_Repository/03_Business_Functions_and_Operations/30_GM_Poland_PL/HR_Human_Resources/01_Workforce_Planning,4,PS-HR-RESTRICTED,30_GM_Poland_PL,GMG-REPO-HR-RESTRICTED-PL,inherit from parent,YES,Process Owner — TBC
GMG_Enterprise_Repository/03_Business_Functions_and_Operations/30_GM_Poland_PL/HR_Human_Resources/02_Recruitment,4,PS-HR-RESTRICTED,30_GM_Poland_PL,GMG-REPO-HR-RESTRICTED-PL,inherit from parent,YES,Process Owner — TBC
GMG_Enterprise_Repository/03_Business_Functions_and_Operations/30_GM_Poland_PL/HR_Human_Resources/03_Employee_Files,4,PS-HR-RESTRICTED,30_GM_Poland_PL,GMG-REPO-HR-RESTRICTED-PL,inherit from parent,YES,Process Owner — TBC
GMG_Enterprise_Repository/03_Business_Functions_and_Operations/30_GM_Poland_PL/HR_Human_Resources/04_Employment_Agreement_Index,4,PS-HR-RESTRICTED,30_GM_Poland_PL,GMG-REPO-HR-RESTRICTED-PL,inherit from parent,YES,Process Owner — TBC
GMG_Enterprise_Repository/03_Business_Functions_and_Operations/30_GM_Poland_PL/HR_Human_Resources/05_Compensation_and_Benefits,4,PS-HR-RESTRICTED,30_GM_Poland_PL,GMG-REPO-HR-RESTRICTED-PL,inherit from parent,YES,Process Owner — TBC
GMG_Enterprise_Repository/03_Business_Functions_and_Operations/30_GM_Poland_PL/HR_Human_Resources/06_Attendance_and_Working_Time,4,PS-HR-RESTRICTED,30_GM_Poland_PL,GMG-REPO-HR-RESTRICTED-PL,inherit from parent,YES,Process Owner — TBC
GMG_Enterprise_Repository/03_Business_Functions_and_Operations/30_GM_Poland_PL/HR_Human_Resources/07_Leave_and_Absence,4,PS-HR-RESTRICTED,30_GM_Poland_PL,GMG-REPO-HR-RESTRICTED-PL,inherit from parent,YES,Process Owner — TBC
GMG_Enterprise_Repository/03_Business_Functions_and_Operations/30_GM_Poland_PL/HR_Human_Resources/08_Performance_Management,4,PS-HR-RESTRICTED,30_GM_Poland_PL,GMG-REPO-HR-RESTRICTED-PL,inherit from parent,YES,Process Owner — TBC
GMG_Enterprise_Repository/03_Business_Functions_and_Operations/30_GM_Poland_PL/HR_Human_Resources/09_Training_Administration,4,PS-HR-RESTRICTED,30_GM_Poland_PL,GMG-REPO-HR-RESTRICTED-PL,inherit from parent,YES,Process Owner — TBC
GMG_Enterprise_Repository/03_Business_Functions_and_Operations/30_GM_Poland_PL/HR_Human_Resources/10_Travel_and_Expense_Administration,4,PS-HR-RESTRICTED,30_GM_Poland_PL,GMG-REPO-HR-RESTRICTED-PL,inherit from parent,YES,Process Owner — TBC
GMG_Enterprise_Repository/03_Business_Functions_and_Operations/30_GM_Poland_PL/HR_Human_Resources/13_Offboarding,4,PS-HR-RESTRICTED,30_GM_Poland_PL,GMG-REPO-HR-RESTRICTED-PL,inherit from parent,YES,Process Owner — TBC
GMG_Enterprise_Repository/03_Business_Functions_and_Operations/30_GM_Poland_PL/HR_Human_Resources/14_HR_Reporting,4,PS-HR-RESTRICTED,30_GM_Poland_PL,GMG-REPO-HR-RESTRICTED-PL,inherit from parent,YES,Process Owner — TBC
GMG_Enterprise_Repository/03_Business_Functions_and_Operations/30_GM_Poland_PL/ISM_Information_Security,3,PS-INFOSEC-RESTRICTED,30_GM_Poland_PL,GMG-REPO-INFOSEC-RESTRICTED-PL,BREAK INHERITANCE — apply explicitly,YES,Process Owner — TBC
GMG_Enterprise_Repository/03_Business_Functions_and_Operations/30_GM_Poland_PL/ISM_Information_Security/01_Access_Governance,4,PS-INFOSEC-RESTRICTED,30_GM_Poland_PL,GMG-REPO-INFOSEC-RESTRICTED-PL,inherit from parent,YES,Process Owner — TBC
GMG_Enterprise_Repository/03_Business_Functions_and_Operations/30_GM_Poland_PL/ISM_Information_Security/03_Vulnerability_and_Patch_Management,4,PS-INFOSEC-RESTRICTED,30_GM_Poland_PL,GMG-REPO-INFOSEC-RESTRICTED-PL,inherit from parent,YES,Process Owner — TBC
GMG_Enterprise_Repository/03_Business_Functions_and_Operations/30_GM_Poland_PL/ISM_Information_Security/04_Security_Risk_Assessments,4,PS-INFOSEC-RESTRICTED,30_GM_Poland_PL,GMG-REPO-INFOSEC-RESTRICTED-PL,inherit from parent,YES,Process Owner — TBC
GMG_Enterprise_Repository/03_Business_Functions_and_Operations/30_GM_Poland_PL/ISM_Information_Security/05_Third_Party_Security,4,PS-INFOSEC-RESTRICTED,30_GM_Poland_PL,GMG-REPO-INFOSEC-RESTRICTED-PL,inherit from parent,YES,Process Owner — TBC
GMG_Enterprise_Repository/03_Business_Functions_and_Operations/30_GM_Poland_PL/ISM_Information_Security/06_Monitoring_and_Reporting,4,PS-INFOSEC-RESTRICTED,30_GM_Poland_PL,GMG-REPO-INFOSEC-RESTRICTED-PL,inherit from parent,YES,Process Owner — TBC
GMG_Enterprise_Repository/03_Business_Functions_and_Operations/30_GM_Poland_PL/ITG_Information_Technology,3,PS-IT-RESTRICTED,30_GM_Poland_PL,GMG-REPO-IT-RESTRICTED-PL,BREAK INHERITANCE — apply explicitly,YES,Process Owner — TBC
GMG_Enterprise_Repository/03_Business_Functions_and_Operations/30_GM_Poland_PL/ITG_Information_Technology/01_Service_Management,4,PS-IT-RESTRICTED,30_GM_Poland_PL,GMG-REPO-IT-RESTRICTED-PL,inherit from parent,YES,Process Owner — TBC
GMG_Enterprise_Repository/03_Business_Functions_and_Operations/30_GM_Poland_PL/ITG_Information_Technology/02_IT_Asset_Management,4,PS-IT-RESTRICTED,30_GM_Poland_PL,GMG-REPO-IT-RESTRICTED-PL,inherit from parent,YES,Process Owner — TBC
GMG_Enterprise_Repository/03_Business_Functions_and_Operations/30_GM_Poland_PL/ITG_Information_Technology/03_Applications_and_Architecture,4,PS-IT-RESTRICTED,30_GM_Poland_PL,GMG-REPO-IT-RESTRICTED-PL,inherit from parent,YES,Process Owner — TBC
GMG_Enterprise_Repository/03_Business_Functions_and_Operations/30_GM_Poland_PL/ITG_Information_Technology/04_IT_Projects,4,PS-IT-RESTRICTED,30_GM_Poland_PL,GMG-REPO-IT-RESTRICTED-PL,inherit from parent,YES,Process Owner — TBC
GMG_Enterprise_Repository/03_Business_Functions_and_Operations/30_GM_Poland_PL/ITG_Information_Technology/05_Vendors_and_Licences,4,PS-IT-RESTRICTED,30_GM_Poland_PL,GMG-REPO-IT-RESTRICTED-PL,inherit from parent,YES,Process Owner — TBC
GMG_Enterprise_Repository/03_Business_Functions_and_Operations/30_GM_Poland_PL/ITG_Information_Technology/06_Backup_Recovery_and_Continuity,4,PS-IT-RESTRICTED,30_GM_Poland_PL,GMG-REPO-IT-RESTRICTED-PL,inherit from parent,YES,Process Owner — TBC
GMG_Enterprise_Repository/03_Business_Functions_and_Operations/30_GM_Poland_PL/ITG_Information_Technology/07_User_Support,4,PS-IT-RESTRICTED,30_GM_Poland_PL,GMG-REPO-IT-RESTRICTED-PL,inherit from parent,YES,Process Owner — TBC
GMG_Enterprise_Repository/03_Business_Functions_and_Operations/30_GM_Poland_PL/LEG_Legal_and_Contracts,3,PS-LEGAL-PRIVILEGED,30_GM_Poland_PL,GMG-REPO-LEGAL-PRIVILEGED-PL,BREAK INHERITANCE — apply explicitly,YES,Process Owner — TBC
GMG_Enterprise_Repository/03_Business_Functions_and_Operations/30_GM_Poland_PL/LEG_Legal_and_Contracts/01_Contract_Register,4,PS-LEGAL-PRIVILEGED,30_GM_Poland_PL,GMG-REPO-LEGAL-PRIVILEGED-PL,inherit from parent,YES,Process Owner — TBC
GMG_Enterprise_Repository/03_Business_Functions_and_Operations/30_GM_Poland_PL/LEG_Legal_and_Contracts/02_Customer_Agreements,4,PS-LEGAL-PRIVILEGED,30_GM_Poland_PL,GMG-REPO-LEGAL-PRIVILEGED-PL,inherit from parent,YES,Process Owner — TBC
GMG_Enterprise_Repository/03_Business_Functions_and_Operations/30_GM_Poland_PL/LEG_Legal_and_Contracts/03_Supplier_and_Service_Agreements,4,PS-LEGAL-PRIVILEGED,30_GM_Poland_PL,GMG-REPO-LEGAL-PRIVILEGED-PL,inherit from parent,YES,Process Owner — TBC
GMG_Enterprise_Repository/03_Business_Functions_and_Operations/30_GM_Poland_PL/LEG_Legal_and_Contracts/04_Quality_Technical_and_PV_Agreements,4,PS-LEGAL-PRIVILEGED,30_GM_Poland_PL,GMG-REPO-LEGAL-PRIVILEGED-PL,inherit from parent,YES,Process Owner — TBC
GMG_Enterprise_Repository/03_Business_Functions_and_Operations/30_GM_Poland_PL/LEG_Legal_and_Contracts/05_Confidentiality_Agreements,4,PS-LEGAL-PRIVILEGED,30_GM_Poland_PL,GMG-REPO-LEGAL-PRIVILEGED-PL,inherit from parent,YES,Process Owner — TBC
GMG_Enterprise_Repository/03_Business_Functions_and_Operations/30_GM_Poland_PL/LEG_Legal_and_Contracts/06_Data_Processing_and_Privacy_Agreements,4,PS-LEGAL-PRIVILEGED,30_GM_Poland_PL,GMG-REPO-LEGAL-PRIVILEGED-PL,inherit from parent,YES,Process Owner — TBC
GMG_Enterprise_Repository/03_Business_Functions_and_Operations/30_GM_Poland_PL/LEG_Legal_and_Contracts/07_Licence_IP_Distribution_and_Agency,4,PS-LEGAL-PRIVILEGED,30_GM_Poland_PL,GMG-REPO-LEGAL-PRIVILEGED-PL,inherit from parent,YES,Process Owner — TBC
GMG_Enterprise_Repository/03_Business_Functions_and_Operations/30_GM_Poland_PL/LEG_Legal_and_Contracts/08_Intercompany_Agreements,4,PS-LEGAL-PRIVILEGED,30_GM_Poland_PL,GMG-REPO-LEGAL-PRIVILEGED-PL,inherit from parent,YES,Process Owner — TBC
GMG_Enterprise_Repository/03_Business_Functions_and_Operations/30_GM_Poland_PL/LEG_Legal_and_Contracts/09_Property_Lease_and_Corporate_Services,4,PS-LEGAL-PRIVILEGED,30_GM_Poland_PL,GMG-REPO-LEGAL-PRIVILEGED-PL,inherit from parent,YES,Process Owner — TBC
GMG_Enterprise_Repository/03_Business_Functions_and_Operations/30_GM_Poland_PL/LEG_Legal_and_Contracts/11_Legal_Advice_and_Compliance,4,PS-LEGAL-PRIVILEGED,30_GM_Poland_PL,GMG-REPO-LEGAL-PRIVILEGED-PL,inherit from parent,YES,Process Owner — TBC
GMG_Enterprise_Repository/03_Business_Functions_and_Operations/30_GM_Poland_PL/LEG_Legal_and_Contracts/12_Corporate_Legal_Records,4,PS-LEGAL-PRIVILEGED,30_GM_Poland_PL,GMG-REPO-LEGAL-PRIVILEGED-PL,inherit from parent,YES,Process Owner — TBC
GMG_Enterprise_Repository/03_Business_Functions_and_Operations/30_GM_Poland_PL/MFG_Manufacturing_Business_Operations,3,PS-OPS-STANDARD,30_GM_Poland_PL,GMG-REPO-OSTANDARD-PL,BREAK INHERITANCE — apply explicitly,YES,PTM / PM
GMG_Enterprise_Repository/03_Business_Functions_and_Operations/30_GM_Poland_PL/MFG_Manufacturing_Business_Operations/01_Capacity_and_Business_Planning,4,PS-OPS-STANDARD,30_GM_Poland_PL,GMG-REPO-OSTANDARD-PL,inherit from parent,YES,PTM / PM
GMG_Enterprise_Repository/03_Business_Functions_and_Operations/30_GM_Poland_PL/MFG_Manufacturing_Business_Operations/02_Cost_and_Performance,4,PS-OPS-STANDARD,30_GM_Poland_PL,GMG-REPO-OSTANDARD-PL,inherit from parent,YES,PTM / PM
GMG_Enterprise_Repository/03_Business_Functions_and_Operations/30_GM_Poland_PL/MFG_Manufacturing_Business_Operations/03_Administrative_Contracts_and_Links,4,PS-OPS-STANDARD,30_GM_Poland_PL,GMG-REPO-OSTANDARD-PL,inherit from parent,YES,PTM / PM
GMG_Enterprise_Repository/03_Business_Functions_and_Operations/30_GM_Poland_PL/PRC_Procurement,3,PS-OPS-STANDARD,30_GM_Poland_PL,GMG-REPO-OSTANDARD-PL,BREAK INHERITANCE — apply explicitly,YES,Process Owner — TBC
GMG_Enterprise_Repository/03_Business_Functions_and_Operations/30_GM_Poland_PL/PRC_Procurement/01_Purchase_Requisitions,4,PS-OPS-STANDARD,30_GM_Poland_PL,GMG-REPO-OSTANDARD-PL,inherit from parent,YES,Process Owner — TBC
GMG_Enterprise_Repository/03_Business_Functions_and_Operations/30_GM_Poland_PL/PRC_Procurement/02_Sourcing_and_Tenders,4,PS-OPS-STANDARD,30_GM_Poland_PL,GMG-REPO-OSTANDARD-PL,inherit from parent,YES,Process Owner — TBC
GMG_Enterprise_Repository/03_Business_Functions_and_Operations/30_GM_Poland_PL/PRC_Procurement/03_Vendor_Onboarding_NonGxP,4,PS-OPS-STANDARD,30_GM_Poland_PL,GMG-REPO-OSTANDARD-PL,inherit from parent,YES,Process Owner — TBC
GMG_Enterprise_Repository/03_Business_Functions_and_Operations/30_GM_Poland_PL/PRC_Procurement/04_Purchase_Orders,4,PS-OPS-STANDARD,30_GM_Poland_PL,GMG-REPO-OSTANDARD-PL,inherit from parent,YES,Process Owner — TBC
GMG_Enterprise_Repository/03_Business_Functions_and_Operations/30_GM_Poland_PL/PRC_Procurement/05_Supplier_Commercial_Performance,4,PS-OPS-STANDARD,30_GM_Poland_PL,GMG-REPO-OSTANDARD-PL,inherit from parent,YES,Process Owner — TBC
GMG_Enterprise_Repository/03_Business_Functions_and_Operations/30_GM_Poland_PL/PRC_Procurement/06_Contract_References,4,PS-OPS-STANDARD,30_GM_Poland_PL,GMG-REPO-OSTANDARD-PL,inherit from parent,YES,Process Owner — TBC
GMG_Enterprise_Repository/03_Business_Functions_and_Operations/30_GM_Poland_PL/PV_Pharmacovigilance_Administration,3,PS-PV-RESTRICTED,30_GM_Poland_PL,GMG-REPO-PV-RESTRICTED-PL,BREAK INHERITANCE — apply explicitly,YES,QPPV
GMG_Enterprise_Repository/03_Business_Functions_and_Operations/30_GM_Poland_PL/PV_Pharmacovigilance_Administration/01_Resources_and_Budget,4,PS-PV-RESTRICTED,30_GM_Poland_PL,GMG-REPO-PV-RESTRICTED-PL,inherit from parent,YES,QPPV
GMG_Enterprise_Repository/03_Business_Functions_and_Operations/30_GM_Poland_PL/PV_Pharmacovigilance_Administration/02_Service_Provider_Administration,4,PS-PV-RESTRICTED,30_GM_Poland_PL,GMG-REPO-PV-RESTRICTED-PL,inherit from parent,YES,QPPV
GMG_Enterprise_Repository/03_Business_Functions_and_Operations/30_GM_Poland_PL/PV_Pharmacovigilance_Administration/03_Team_Operations,4,PS-PV-RESTRICTED,30_GM_Poland_PL,GMG-REPO-PV-RESTRICTED-PL,inherit from parent,YES,QPPV
GMG_Enterprise_Repository/03_Business_Functions_and_Operations/30_GM_Poland_PL/QUA_Quality_Administration,3,PS-OPS-STANDARD,30_GM_Poland_PL,GMG-REPO-OSTANDARD-PL,BREAK INHERITANCE — apply explicitly,YES,QA / GQD
GMG_Enterprise_Repository/03_Business_Functions_and_Operations/30_GM_Poland_PL/QUA_Quality_Administration/01_Resources_and_Budget,4,PS-OPS-STANDARD,30_GM_Poland_PL,GMG-REPO-OSTANDARD-PL,inherit from parent,YES,QA / GQD
GMG_Enterprise_Repository/03_Business_Functions_and_Operations/30_GM_Poland_PL/QUA_Quality_Administration/02_Team_Administration,4,PS-OPS-STANDARD,30_GM_Poland_PL,GMG-REPO-OSTANDARD-PL,inherit from parent,YES,QA / GQD
GMG_Enterprise_Repository/03_Business_Functions_and_Operations/30_GM_Poland_PL/QUA_Quality_Administration/03_NonGxP_Service_Administration,4,PS-OPS-STANDARD,30_GM_Poland_PL,GMG-REPO-OSTANDARD-PL,inherit from parent,YES,QA / GQD
GMG_Enterprise_Repository/03_Business_Functions_and_Operations/30_GM_Poland_PL/QUA_Quality_Administration/04_NonGxP_Reports_and_Meetings,4,PS-OPS-STANDARD,30_GM_Poland_PL,GMG-REPO-OSTANDARD-PL,inherit from parent,YES,QA / GQD
GMG_Enterprise_Repository/03_Business_Functions_and_Operations/30_GM_Poland_PL/RA_Regulatory_Affairs_Administration,3,PS-OPS-STANDARD,30_GM_Poland_PL,GMG-REPO-OSTANDARD-PL,BREAK INHERITANCE — apply explicitly,YES,GRA
GMG_Enterprise_Repository/03_Business_Functions_and_Operations/30_GM_Poland_PL/RA_Regulatory_Affairs_Administration/01_Resources_and_Budget,4,PS-OPS-STANDARD,30_GM_Poland_PL,GMG-REPO-OSTANDARD-PL,inherit from parent,YES,GRA
GMG_Enterprise_Repository/03_Business_Functions_and_Operations/30_GM_Poland_PL/RA_Regulatory_Affairs_Administration/02_Vendor_and_Agency_Administration,4,PS-OPS-STANDARD,30_GM_Poland_PL,GMG-REPO-OSTANDARD-PL,inherit from parent,YES,GRA
GMG_Enterprise_Repository/03_Business_Functions_and_Operations/30_GM_Poland_PL/RA_Regulatory_Affairs_Administration/03_Team_Operations,4,PS-OPS-STANDARD,30_GM_Poland_PL,GMG-REPO-OSTANDARD-PL,inherit from parent,YES,GRA
GMG_Enterprise_Repository/03_Business_Functions_and_Operations/30_GM_Poland_PL/RND_RnD_Business_Operations,3,PS-OPS-STANDARD,30_GM_Poland_PL,GMG-REPO-OSTANDARD-PL,BREAK INHERITANCE — apply explicitly,YES,R&D
GMG_Enterprise_Repository/03_Business_Functions_and_Operations/30_GM_Poland_PL/RND_RnD_Business_Operations/02_Budgets_and_Resources,4,PS-OPS-STANDARD,30_GM_Poland_PL,GMG-REPO-OSTANDARD-PL,inherit from parent,YES,R&D
GMG_Enterprise_Repository/03_Business_Functions_and_Operations/30_GM_Poland_PL/RND_RnD_Business_Operations/03_Partnerships_and_IP_Links,4,PS-OPS-STANDARD,30_GM_Poland_PL,GMG-REPO-OSTANDARD-PL,inherit from parent,YES,R&D
GMG_Enterprise_Repository/03_Business_Functions_and_Operations/30_GM_Poland_PL/SCM_Supply_Chain,3,PS-OPS-STANDARD,30_GM_Poland_PL,GMG-REPO-OSTANDARD-PL,BREAK INHERITANCE — apply explicitly,YES,SC
GMG_Enterprise_Repository/03_Business_Functions_and_Operations/30_GM_Poland_PL/SCM_Supply_Chain/01_Demand_and_Supply_Planning,4,PS-OPS-STANDARD,30_GM_Poland_PL,GMG-REPO-OSTANDARD-PL,inherit from parent,YES,SC
GMG_Enterprise_Repository/03_Business_Functions_and_Operations/30_GM_Poland_PL/SCM_Supply_Chain/02_Logistics_Administration,4,PS-OPS-STANDARD,30_GM_Poland_PL,GMG-REPO-OSTANDARD-PL,inherit from parent,YES,SC
GMG_Enterprise_Repository/03_Business_Functions_and_Operations/30_GM_Poland_PL/SCM_Supply_Chain/03_Inventory_Business_Records,4,PS-OPS-STANDARD,30_GM_Poland_PL,GMG-REPO-OSTANDARD-PL,inherit from parent,YES,SC
GMG_Enterprise_Repository/03_Business_Functions_and_Operations/30_GM_Poland_PL/SCM_Supply_Chain/04_Supplier_Commercial_Performance,4,PS-OPS-STANDARD,30_GM_Poland_PL,GMG-REPO-OSTANDARD-PL,inherit from parent,YES,SC
GMG_Enterprise_Repository/03_Business_Functions_and_Operations/40_Miquel_y_Garriga_SL_ES,2,PS-OPS-STANDARD + restricted profiles,40_Miquel_y_Garriga_SL_ES,UNRESOLVED,inherit from parent,NO — CANNOT BIND,Entity Records Owner
GMG_Enterprise_Repository/03_Business_Functions_and_Operations/40_Miquel_y_Garriga_SL_ES/00_Working_and_Collaboration,3,PS-WORKING,40_Miquel_y_Garriga_SL_ES,GMG-REPO-WORKING-MYG,BREAK INHERITANCE — apply explicitly,YES,Entity / Function Owners
GMG_Enterprise_Repository/03_Business_Functions_and_Operations/40_Miquel_y_Garriga_SL_ES/00_Working_and_Collaboration/COM_Commercial_and_Marketing,4,PS-WORKING,40_Miquel_y_Garriga_SL_ES,GMG-REPO-WORKING-MYG,inherit from parent,YES,Process Owner — TBC
GMG_Enterprise_Repository/03_Business_Functions_and_Operations/40_Miquel_y_Garriga_SL_ES/00_Working_and_Collaboration/CORP_Communications_PR_and_ESG,4,PS-WORKING,40_Miquel_y_Garriga_SL_ES,GMG-REPO-WORKING-MYG,inherit from parent,YES,Process Owner — TBC
GMG_Enterprise_Repository/03_Business_Functions_and_Operations/40_Miquel_y_Garriga_SL_ES/00_Working_and_Collaboration/CTY_Country_Operations_Residual,4,PS-WORKING,40_Miquel_y_Garriga_SL_ES,GMG-REPO-WORKING-MYG,inherit from parent,YES,Country Owner — TBC
GMG_Enterprise_Repository/03_Business_Functions_and_Operations/40_Miquel_y_Garriga_SL_ES/00_Working_and_Collaboration/EHS_Environment_Health_and_Safety,4,PS-WORKING,40_Miquel_y_Garriga_SL_ES,GMG-REPO-WORKING-MYG,inherit from parent,YES,Process Owner — TBC
GMG_Enterprise_Repository/03_Business_Functions_and_Operations/40_Miquel_y_Garriga_SL_ES/00_Working_and_Collaboration/FAC_Facilities_and_Assets,4,PS-WORKING,40_Miquel_y_Garriga_SL_ES,GMG-REPO-WORKING-MYG,inherit from parent,YES,Process Owner — TBC
GMG_Enterprise_Repository/03_Business_Functions_and_Operations/40_Miquel_y_Garriga_SL_ES/00_Working_and_Collaboration/FIN_Finance_and_Accounting,4,PS-WORKING,40_Miquel_y_Garriga_SL_ES,GMG-REPO-WORKING-MYG,inherit from parent,YES,Process Owner — TBC
GMG_Enterprise_Repository/03_Business_Functions_and_Operations/40_Miquel_y_Garriga_SL_ES/00_Working_and_Collaboration/HR_Human_Resources,4,PS-WORKING,40_Miquel_y_Garriga_SL_ES,GMG-REPO-WORKING-MYG,inherit from parent,YES,Process Owner — TBC
GMG_Enterprise_Repository/03_Business_Functions_and_Operations/40_Miquel_y_Garriga_SL_ES/00_Working_and_Collaboration/ISM_Information_Security,4,PS-WORKING,40_Miquel_y_Garriga_SL_ES,GMG-REPO-WORKING-MYG,inherit from parent,YES,Process Owner — TBC
GMG_Enterprise_Repository/03_Business_Functions_and_Operations/40_Miquel_y_Garriga_SL_ES/00_Working_and_Collaboration/ITG_Information_Technology,4,PS-WORKING,40_Miquel_y_Garriga_SL_ES,GMG-REPO-WORKING-MYG,inherit from parent,YES,Process Owner — TBC
GMG_Enterprise_Repository/03_Business_Functions_and_Operations/40_Miquel_y_Garriga_SL_ES/00_Working_and_Collaboration/LEG_Legal_and_Contracts,4,PS-WORKING,40_Miquel_y_Garriga_SL_ES,GMG-REPO-WORKING-MYG,inherit from parent,YES,Process Owner — TBC
GMG_Enterprise_Repository/03_Business_Functions_and_Operations/40_Miquel_y_Garriga_SL_ES/00_Working_and_Collaboration/MFG_Manufacturing_Business_Operations,4,PS-WORKING,40_Miquel_y_Garriga_SL_ES,GMG-REPO-WORKING-MYG,inherit from parent,YES,PTM / PM
GMG_Enterprise_Repository/03_Business_Functions_and_Operations/40_Miquel_y_Garriga_SL_ES/00_Working_and_Collaboration/PPM_Projects_and_Portfolios,4,PS-WORKING,40_Miquel_y_Garriga_SL_ES,GMG-REPO-WORKING-MYG,inherit from parent,YES,Process Owner — TBC
GMG_Enterprise_Repository/03_Business_Functions_and_Operations/40_Miquel_y_Garriga_SL_ES/00_Working_and_Collaboration/PRC_Procurement,4,PS-WORKING,40_Miquel_y_Garriga_SL_ES,GMG-REPO-WORKING-MYG,inherit from parent,YES,Process Owner — TBC
GMG_Enterprise_Repository/03_Business_Functions_and_Operations/40_Miquel_y_Garriga_SL_ES/00_Working_and_Collaboration/PV_Pharmacovigilance_Administration,4,PS-WORKING,40_Miquel_y_Garriga_SL_ES,GMG-REPO-WORKING-MYG,inherit from parent,YES,QPPV
GMG_Enterprise_Repository/03_Business_Functions_and_Operations/40_Miquel_y_Garriga_SL_ES/00_Working_and_Collaboration/QUA_Quality_Administration,4,PS-WORKING,40_Miquel_y_Garriga_SL_ES,GMG-REPO-WORKING-MYG,inherit from parent,YES,QA / GQD
GMG_Enterprise_Repository/03_Business_Functions_and_Operations/40_Miquel_y_Garriga_SL_ES/00_Working_and_Collaboration/RA_Regulatory_Affairs_Administration,4,PS-WORKING,40_Miquel_y_Garriga_SL_ES,GMG-REPO-WORKING-MYG,inherit from parent,YES,GRA
GMG_Enterprise_Repository/03_Business_Functions_and_Operations/40_Miquel_y_Garriga_SL_ES/00_Working_and_Collaboration/RND_RnD_Business_Operations,4,PS-WORKING,40_Miquel_y_Garriga_SL_ES,GMG-REPO-WORKING-MYG,inherit from parent,YES,R&D
GMG_Enterprise_Repository/03_Business_Functions_and_Operations/40_Miquel_y_Garriga_SL_ES/00_Working_and_Collaboration/SCM_Supply_Chain,4,PS-WORKING,40_Miquel_y_Garriga_SL_ES,GMG-REPO-WORKING-MYG,inherit from parent,YES,SC
GMG_Enterprise_Repository/03_Business_Functions_and_Operations/40_Miquel_y_Garriga_SL_ES/COM_Commercial_and_Marketing,3,PS-OPS-STANDARD,40_Miquel_y_Garriga_SL_ES,GMG-REPO-OSTANDARD-MYG,BREAK INHERITANCE — apply explicitly,YES,Process Owner — TBC
GMG_Enterprise_Repository/03_Business_Functions_and_Operations/40_Miquel_y_Garriga_SL_ES/COM_Commercial_and_Marketing/11_Pricing_and_Profitability,4,PS-OPS-STANDARD,40_Miquel_y_Garriga_SL_ES,GMG-REPO-OSTANDARD-MYG,inherit from parent,YES,Process Owner — TBC
GMG_Enterprise_Repository/03_Business_Functions_and_Operations/40_Miquel_y_Garriga_SL_ES/COM_Commercial_and_Marketing/12_Sales_Performance,4,PS-OPS-STANDARD,40_Miquel_y_Garriga_SL_ES,GMG-REPO-OSTANDARD-MYG,inherit from parent,YES,Process Owner — TBC
GMG_Enterprise_Repository/03_Business_Functions_and_Operations/40_Miquel_y_Garriga_SL_ES/CORP_Communications_PR_and_ESG,3,PS-OPS-STANDARD,40_Miquel_y_Garriga_SL_ES,GMG-REPO-OSTANDARD-MYG,BREAK INHERITANCE — apply explicitly,YES,Process Owner — TBC
GMG_Enterprise_Repository/03_Business_Functions_and_Operations/40_Miquel_y_Garriga_SL_ES/CORP_Communications_PR_and_ESG/01_Corporate_Communications,4,PS-OPS-STANDARD,40_Miquel_y_Garriga_SL_ES,GMG-REPO-OSTANDARD-MYG,inherit from parent,YES,Process Owner — TBC
GMG_Enterprise_Repository/03_Business_Functions_and_Operations/40_Miquel_y_Garriga_SL_ES/CORP_Communications_PR_and_ESG/02_Public_Relations_and_Media,4,PS-OPS-STANDARD,40_Miquel_y_Garriga_SL_ES,GMG-REPO-OSTANDARD-MYG,inherit from parent,YES,Process Owner — TBC
GMG_Enterprise_Repository/03_Business_Functions_and_Operations/40_Miquel_y_Garriga_SL_ES/CORP_Communications_PR_and_ESG/03_ESG_and_Sustainability,4,PS-OPS-STANDARD,40_Miquel_y_Garriga_SL_ES,GMG-REPO-OSTANDARD-MYG,inherit from parent,YES,Process Owner — TBC
GMG_Enterprise_Repository/03_Business_Functions_and_Operations/40_Miquel_y_Garriga_SL_ES/CORP_Communications_PR_and_ESG/04_Brand_and_Events,4,PS-OPS-STANDARD,40_Miquel_y_Garriga_SL_ES,GMG-REPO-OSTANDARD-MYG,inherit from parent,YES,Process Owner — TBC
GMG_Enterprise_Repository/03_Business_Functions_and_Operations/40_Miquel_y_Garriga_SL_ES/CTY_Country_Operations_Residual,3,PS-OPS-STANDARD,40_Miquel_y_Garriga_SL_ES,GMG-REPO-OSTANDARD-MYG,BREAK INHERITANCE — apply explicitly,YES,Country Owner — TBC
GMG_Enterprise_Repository/03_Business_Functions_and_Operations/40_Miquel_y_Garriga_SL_ES/CTY_Country_Operations_Residual/01_Residual_Country_Administration,4,PS-OPS-STANDARD,40_Miquel_y_Garriga_SL_ES,GMG-REPO-OSTANDARD-MYG,inherit from parent,YES,Country Owner — TBC
GMG_Enterprise_Repository/03_Business_Functions_and_Operations/40_Miquel_y_Garriga_SL_ES/EHS_Environment_Health_and_Safety,3,PS-EHS-RESTRICTED,40_Miquel_y_Garriga_SL_ES,GMG-REPO-EHS-RESTRICTED-MYG,BREAK INHERITANCE — apply explicitly,YES,Process Owner — TBC
GMG_Enterprise_Repository/03_Business_Functions_and_Operations/40_Miquel_y_Garriga_SL_ES/EHS_Environment_Health_and_Safety/01_Risk_Assessments,4,PS-EHS-RESTRICTED,40_Miquel_y_Garriga_SL_ES,GMG-REPO-EHS-RESTRICTED-MYG,inherit from parent,YES,Process Owner — TBC
GMG_Enterprise_Repository/03_Business_Functions_and_Operations/40_Miquel_y_Garriga_SL_ES/EHS_Environment_Health_and_Safety/02_Incidents_and_Investigations,4,PS-EHS-RESTRICTED,40_Miquel_y_Garriga_SL_ES,GMG-REPO-EHS-RESTRICTED-MYG,inherit from parent,YES,Process Owner — TBC
GMG_Enterprise_Repository/03_Business_Functions_and_Operations/40_Miquel_y_Garriga_SL_ES/EHS_Environment_Health_and_Safety/03_Training_and_Competence,4,PS-EHS-RESTRICTED,40_Miquel_y_Garriga_SL_ES,GMG-REPO-EHS-RESTRICTED-MYG,inherit from parent,YES,Process Owner — TBC
GMG_Enterprise_Repository/03_Business_Functions_and_Operations/40_Miquel_y_Garriga_SL_ES/EHS_Environment_Health_and_Safety/04_Environmental_and_Waste,4,PS-EHS-RESTRICTED,40_Miquel_y_Garriga_SL_ES,GMG-REPO-EHS-RESTRICTED-MYG,inherit from parent,YES,Process Owner — TBC
GMG_Enterprise_Repository/03_Business_Functions_and_Operations/40_Miquel_y_Garriga_SL_ES/EHS_Environment_Health_and_Safety/05_Emergency_Preparedness,4,PS-EHS-RESTRICTED,40_Miquel_y_Garriga_SL_ES,GMG-REPO-EHS-RESTRICTED-MYG,inherit from parent,YES,Process Owner — TBC
GMG_Enterprise_Repository/03_Business_Functions_and_Operations/40_Miquel_y_Garriga_SL_ES/EHS_Environment_Health_and_Safety/06_Compliance_Reporting,4,PS-EHS-RESTRICTED,40_Miquel_y_Garriga_SL_ES,GMG-REPO-EHS-RESTRICTED-MYG,inherit from parent,YES,Process Owner — TBC
GMG_Enterprise_Repository/03_Business_Functions_and_Operations/40_Miquel_y_Garriga_SL_ES/FAC_Facilities_and_Assets,3,PS-OPS-STANDARD,40_Miquel_y_Garriga_SL_ES,GMG-REPO-OSTANDARD-MYG,BREAK INHERITANCE — apply explicitly,YES,Process Owner — TBC
GMG_Enterprise_Repository/03_Business_Functions_and_Operations/40_Miquel_y_Garriga_SL_ES/FAC_Facilities_and_Assets/01_Leases_and_Sites,4,PS-OPS-STANDARD,40_Miquel_y_Garriga_SL_ES,GMG-REPO-OSTANDARD-MYG,inherit from parent,YES,Process Owner — TBC
GMG_Enterprise_Repository/03_Business_Functions_and_Operations/40_Miquel_y_Garriga_SL_ES/FAC_Facilities_and_Assets/02_Maintenance_NonGMP,4,PS-OPS-STANDARD,40_Miquel_y_Garriga_SL_ES,GMG-REPO-OSTANDARD-MYG,inherit from parent,YES,Process Owner — TBC
GMG_Enterprise_Repository/03_Business_Functions_and_Operations/40_Miquel_y_Garriga_SL_ES/FAC_Facilities_and_Assets/03_Utilities_NonGMP,4,PS-OPS-STANDARD,40_Miquel_y_Garriga_SL_ES,GMG-REPO-OSTANDARD-MYG,inherit from parent,YES,Process Owner — TBC
GMG_Enterprise_Repository/03_Business_Functions_and_Operations/40_Miquel_y_Garriga_SL_ES/FAC_Facilities_and_Assets/04_Facility_Assets,4,PS-OPS-STANDARD,40_Miquel_y_Garriga_SL_ES,GMG-REPO-OSTANDARD-MYG,inherit from parent,YES,Process Owner — TBC
GMG_Enterprise_Repository/03_Business_Functions_and_Operations/40_Miquel_y_Garriga_SL_ES/FAC_Facilities_and_Assets/05_Contractors_and_Services,4,PS-OPS-STANDARD,40_Miquel_y_Garriga_SL_ES,GMG-REPO-OSTANDARD-MYG,inherit from parent,YES,Process Owner — TBC
GMG_Enterprise_Repository/03_Business_Functions_and_Operations/40_Miquel_y_Garriga_SL_ES/FAC_Facilities_and_Assets/06_Space_Security_and_Access,4,PS-OPS-STANDARD,40_Miquel_y_Garriga_SL_ES,GMG-REPO-OSTANDARD-MYG,inherit from parent,YES,Process Owner — TBC
GMG_Enterprise_Repository/03_Business_Functions_and_Operations/40_Miquel_y_Garriga_SL_ES/FIN_Finance_and_Accounting,3,PS-FIN-RESTRICTED,40_Miquel_y_Garriga_SL_ES,GMG-REPO-FIN-RESTRICTED-MYG,BREAK INHERITANCE — apply explicitly,YES,Process Owner — TBC
GMG_Enterprise_Repository/03_Business_Functions_and_Operations/40_Miquel_y_Garriga_SL_ES/FIN_Finance_and_Accounting/01_Accounts_Receivable,4,PS-FIN-RESTRICTED,40_Miquel_y_Garriga_SL_ES,GMG-REPO-FIN-RESTRICTED-MYG,inherit from parent,YES,Process Owner — TBC
GMG_Enterprise_Repository/03_Business_Functions_and_Operations/40_Miquel_y_Garriga_SL_ES/FIN_Finance_and_Accounting/02_Accounts_Payable,4,PS-FIN-RESTRICTED,40_Miquel_y_Garriga_SL_ES,GMG-REPO-FIN-RESTRICTED-MYG,inherit from parent,YES,Process Owner — TBC
GMG_Enterprise_Repository/03_Business_Functions_and_Operations/40_Miquel_y_Garriga_SL_ES/FIN_Finance_and_Accounting/03_Banking_and_Treasury,4,PS-FIN-RESTRICTED,40_Miquel_y_Garriga_SL_ES,GMG-REPO-FIN-RESTRICTED-MYG,inherit from parent,YES,Process Owner — TBC
GMG_Enterprise_Repository/03_Business_Functions_and_Operations/40_Miquel_y_Garriga_SL_ES/FIN_Finance_and_Accounting/04_Expense_Claims,4,PS-FIN-RESTRICTED,40_Miquel_y_Garriga_SL_ES,GMG-REPO-FIN-RESTRICTED-MYG,inherit from parent,YES,Process Owner — TBC
GMG_Enterprise_Repository/03_Business_Functions_and_Operations/40_Miquel_y_Garriga_SL_ES/FIN_Finance_and_Accounting/05_Budgets_and_Forecasts,4,PS-FIN-RESTRICTED,40_Miquel_y_Garriga_SL_ES,GMG-REPO-FIN-RESTRICTED-MYG,inherit from parent,YES,Process Owner — TBC
GMG_Enterprise_Repository/03_Business_Functions_and_Operations/40_Miquel_y_Garriga_SL_ES/FIN_Finance_and_Accounting/06_Management_Accounts,4,PS-FIN-RESTRICTED,40_Miquel_y_Garriga_SL_ES,GMG-REPO-FIN-RESTRICTED-MYG,inherit from parent,YES,Process Owner — TBC
GMG_Enterprise_Repository/03_Business_Functions_and_Operations/40_Miquel_y_Garriga_SL_ES/FIN_Finance_and_Accounting/07_Statutory_Accounts,4,PS-FIN-RESTRICTED,40_Miquel_y_Garriga_SL_ES,GMG-REPO-FIN-RESTRICTED-MYG,inherit from parent,YES,Process Owner — TBC
GMG_Enterprise_Repository/03_Business_Functions_and_Operations/40_Miquel_y_Garriga_SL_ES/FIN_Finance_and_Accounting/08_Tax,4,PS-FIN-RESTRICTED,40_Miquel_y_Garriga_SL_ES,GMG-REPO-FIN-RESTRICTED-MYG,inherit from parent,YES,Process Owner — TBC
GMG_Enterprise_Repository/03_Business_Functions_and_Operations/40_Miquel_y_Garriga_SL_ES/FIN_Finance_and_Accounting/09_Payroll_Finance_Outputs,4,PS-FIN-RESTRICTED,40_Miquel_y_Garriga_SL_ES,GMG-REPO-FIN-RESTRICTED-MYG,inherit from parent,YES,Process Owner — TBC
GMG_Enterprise_Repository/03_Business_Functions_and_Operations/40_Miquel_y_Garriga_SL_ES/FIN_Finance_and_Accounting/10_Intercompany_Transactions,4,PS-FIN-RESTRICTED,40_Miquel_y_Garriga_SL_ES,GMG-REPO-FIN-RESTRICTED-MYG,inherit from parent,YES,Process Owner — TBC
GMG_Enterprise_Repository/03_Business_Functions_and_Operations/40_Miquel_y_Garriga_SL_ES/FIN_Finance_and_Accounting/11_Fixed_Assets_Accounting,4,PS-FIN-RESTRICTED,40_Miquel_y_Garriga_SL_ES,GMG-REPO-FIN-RESTRICTED-MYG,inherit from parent,YES,Process Owner — TBC
GMG_Enterprise_Repository/03_Business_Functions_and_Operations/40_Miquel_y_Garriga_SL_ES/FIN_Finance_and_Accounting/12_Audit_Evidence,4,PS-FIN-RESTRICTED,40_Miquel_y_Garriga_SL_ES,GMG-REPO-FIN-RESTRICTED-MYG,inherit from parent,YES,Process Owner — TBC
GMG_Enterprise_Repository/03_Business_Functions_and_Operations/40_Miquel_y_Garriga_SL_ES/HR_Human_Resources,3,PS-HR-RESTRICTED,40_Miquel_y_Garriga_SL_ES,GMG-REPO-HR-RESTRICTED-MYG,BREAK INHERITANCE — apply explicitly,YES,Process Owner — TBC
GMG_Enterprise_Repository/03_Business_Functions_and_Operations/40_Miquel_y_Garriga_SL_ES/HR_Human_Resources/01_Workforce_Planning,4,PS-HR-RESTRICTED,40_Miquel_y_Garriga_SL_ES,GMG-REPO-HR-RESTRICTED-MYG,inherit from parent,YES,Process Owner — TBC
GMG_Enterprise_Repository/03_Business_Functions_and_Operations/40_Miquel_y_Garriga_SL_ES/HR_Human_Resources/02_Recruitment,4,PS-HR-RESTRICTED,40_Miquel_y_Garriga_SL_ES,GMG-REPO-HR-RESTRICTED-MYG,inherit from parent,YES,Process Owner — TBC
GMG_Enterprise_Repository/03_Business_Functions_and_Operations/40_Miquel_y_Garriga_SL_ES/HR_Human_Resources/03_Employee_Files,4,PS-HR-RESTRICTED,40_Miquel_y_Garriga_SL_ES,GMG-REPO-HR-RESTRICTED-MYG,inherit from parent,YES,Process Owner — TBC
GMG_Enterprise_Repository/03_Business_Functions_and_Operations/40_Miquel_y_Garriga_SL_ES/HR_Human_Resources/04_Employment_Agreement_Index,4,PS-HR-RESTRICTED,40_Miquel_y_Garriga_SL_ES,GMG-REPO-HR-RESTRICTED-MYG,inherit from parent,YES,Process Owner — TBC
GMG_Enterprise_Repository/03_Business_Functions_and_Operations/40_Miquel_y_Garriga_SL_ES/HR_Human_Resources/05_Compensation_and_Benefits,4,PS-HR-RESTRICTED,40_Miquel_y_Garriga_SL_ES,GMG-REPO-HR-RESTRICTED-MYG,inherit from parent,YES,Process Owner — TBC
GMG_Enterprise_Repository/03_Business_Functions_and_Operations/40_Miquel_y_Garriga_SL_ES/HR_Human_Resources/06_Attendance_and_Working_Time,4,PS-HR-RESTRICTED,40_Miquel_y_Garriga_SL_ES,GMG-REPO-HR-RESTRICTED-MYG,inherit from parent,YES,Process Owner — TBC
GMG_Enterprise_Repository/03_Business_Functions_and_Operations/40_Miquel_y_Garriga_SL_ES/HR_Human_Resources/07_Leave_and_Absence,4,PS-HR-RESTRICTED,40_Miquel_y_Garriga_SL_ES,GMG-REPO-HR-RESTRICTED-MYG,inherit from parent,YES,Process Owner — TBC
GMG_Enterprise_Repository/03_Business_Functions_and_Operations/40_Miquel_y_Garriga_SL_ES/HR_Human_Resources/08_Performance_Management,4,PS-HR-RESTRICTED,40_Miquel_y_Garriga_SL_ES,GMG-REPO-HR-RESTRICTED-MYG,inherit from parent,YES,Process Owner — TBC
GMG_Enterprise_Repository/03_Business_Functions_and_Operations/40_Miquel_y_Garriga_SL_ES/HR_Human_Resources/09_Training_Administration,4,PS-HR-RESTRICTED,40_Miquel_y_Garriga_SL_ES,GMG-REPO-HR-RESTRICTED-MYG,inherit from parent,YES,Process Owner — TBC
GMG_Enterprise_Repository/03_Business_Functions_and_Operations/40_Miquel_y_Garriga_SL_ES/HR_Human_Resources/10_Travel_and_Expense_Administration,4,PS-HR-RESTRICTED,40_Miquel_y_Garriga_SL_ES,GMG-REPO-HR-RESTRICTED-MYG,inherit from parent,YES,Process Owner — TBC
GMG_Enterprise_Repository/03_Business_Functions_and_Operations/40_Miquel_y_Garriga_SL_ES/HR_Human_Resources/13_Offboarding,4,PS-HR-RESTRICTED,40_Miquel_y_Garriga_SL_ES,GMG-REPO-HR-RESTRICTED-MYG,inherit from parent,YES,Process Owner — TBC
GMG_Enterprise_Repository/03_Business_Functions_and_Operations/40_Miquel_y_Garriga_SL_ES/HR_Human_Resources/14_HR_Reporting,4,PS-HR-RESTRICTED,40_Miquel_y_Garriga_SL_ES,GMG-REPO-HR-RESTRICTED-MYG,inherit from parent,YES,Process Owner — TBC
GMG_Enterprise_Repository/03_Business_Functions_and_Operations/40_Miquel_y_Garriga_SL_ES/ISM_Information_Security,3,PS-INFOSEC-RESTRICTED,40_Miquel_y_Garriga_SL_ES,GMG-REPO-INFOSEC-RESTRICTED-MYG,BREAK INHERITANCE — apply explicitly,YES,Process Owner — TBC
GMG_Enterprise_Repository/03_Business_Functions_and_Operations/40_Miquel_y_Garriga_SL_ES/ISM_Information_Security/01_Access_Governance,4,PS-INFOSEC-RESTRICTED,40_Miquel_y_Garriga_SL_ES,GMG-REPO-INFOSEC-RESTRICTED-MYG,inherit from parent,YES,Process Owner — TBC
GMG_Enterprise_Repository/03_Business_Functions_and_Operations/40_Miquel_y_Garriga_SL_ES/ISM_Information_Security/03_Vulnerability_and_Patch_Management,4,PS-INFOSEC-RESTRICTED,40_Miquel_y_Garriga_SL_ES,GMG-REPO-INFOSEC-RESTRICTED-MYG,inherit from parent,YES,Process Owner — TBC
GMG_Enterprise_Repository/03_Business_Functions_and_Operations/40_Miquel_y_Garriga_SL_ES/ISM_Information_Security/04_Security_Risk_Assessments,4,PS-INFOSEC-RESTRICTED,40_Miquel_y_Garriga_SL_ES,GMG-REPO-INFOSEC-RESTRICTED-MYG,inherit from parent,YES,Process Owner — TBC
GMG_Enterprise_Repository/03_Business_Functions_and_Operations/40_Miquel_y_Garriga_SL_ES/ISM_Information_Security/05_Third_Party_Security,4,PS-INFOSEC-RESTRICTED,40_Miquel_y_Garriga_SL_ES,GMG-REPO-INFOSEC-RESTRICTED-MYG,inherit from parent,YES,Process Owner — TBC
GMG_Enterprise_Repository/03_Business_Functions_and_Operations/40_Miquel_y_Garriga_SL_ES/ISM_Information_Security/06_Monitoring_and_Reporting,4,PS-INFOSEC-RESTRICTED,40_Miquel_y_Garriga_SL_ES,GMG-REPO-INFOSEC-RESTRICTED-MYG,inherit from parent,YES,Process Owner — TBC
GMG_Enterprise_Repository/03_Business_Functions_and_Operations/40_Miquel_y_Garriga_SL_ES/ITG_Information_Technology,3,PS-IT-RESTRICTED,40_Miquel_y_Garriga_SL_ES,GMG-REPO-IT-RESTRICTED-MYG,BREAK INHERITANCE — apply explicitly,YES,Process Owner — TBC
GMG_Enterprise_Repository/03_Business_Functions_and_Operations/40_Miquel_y_Garriga_SL_ES/ITG_Information_Technology/01_Service_Management,4,PS-IT-RESTRICTED,40_Miquel_y_Garriga_SL_ES,GMG-REPO-IT-RESTRICTED-MYG,inherit from parent,YES,Process Owner — TBC
GMG_Enterprise_Repository/03_Business_Functions_and_Operations/40_Miquel_y_Garriga_SL_ES/ITG_Information_Technology/02_IT_Asset_Management,4,PS-IT-RESTRICTED,40_Miquel_y_Garriga_SL_ES,GMG-REPO-IT-RESTRICTED-MYG,inherit from parent,YES,Process Owner — TBC
GMG_Enterprise_Repository/03_Business_Functions_and_Operations/40_Miquel_y_Garriga_SL_ES/ITG_Information_Technology/03_Applications_and_Architecture,4,PS-IT-RESTRICTED,40_Miquel_y_Garriga_SL_ES,GMG-REPO-IT-RESTRICTED-MYG,inherit from parent,YES,Process Owner — TBC
GMG_Enterprise_Repository/03_Business_Functions_and_Operations/40_Miquel_y_Garriga_SL_ES/ITG_Information_Technology/04_IT_Projects,4,PS-IT-RESTRICTED,40_Miquel_y_Garriga_SL_ES,GMG-REPO-IT-RESTRICTED-MYG,inherit from parent,YES,Process Owner — TBC
GMG_Enterprise_Repository/03_Business_Functions_and_Operations/40_Miquel_y_Garriga_SL_ES/ITG_Information_Technology/05_Vendors_and_Licences,4,PS-IT-RESTRICTED,40_Miquel_y_Garriga_SL_ES,GMG-REPO-IT-RESTRICTED-MYG,inherit from parent,YES,Process Owner — TBC
GMG_Enterprise_Repository/03_Business_Functions_and_Operations/40_Miquel_y_Garriga_SL_ES/ITG_Information_Technology/06_Backup_Recovery_and_Continuity,4,PS-IT-RESTRICTED,40_Miquel_y_Garriga_SL_ES,GMG-REPO-IT-RESTRICTED-MYG,inherit from parent,YES,Process Owner — TBC
GMG_Enterprise_Repository/03_Business_Functions_and_Operations/40_Miquel_y_Garriga_SL_ES/ITG_Information_Technology/07_User_Support,4,PS-IT-RESTRICTED,40_Miquel_y_Garriga_SL_ES,GMG-REPO-IT-RESTRICTED-MYG,inherit from parent,YES,Process Owner — TBC
GMG_Enterprise_Repository/03_Business_Functions_and_Operations/40_Miquel_y_Garriga_SL_ES/LEG_Legal_and_Contracts,3,PS-LEGAL-PRIVILEGED,40_Miquel_y_Garriga_SL_ES,GMG-REPO-LEGAL-PRIVILEGED-MYG,BREAK INHERITANCE — apply explicitly,YES,Process Owner — TBC
GMG_Enterprise_Repository/03_Business_Functions_and_Operations/40_Miquel_y_Garriga_SL_ES/LEG_Legal_and_Contracts/01_Contract_Register,4,PS-LEGAL-PRIVILEGED,40_Miquel_y_Garriga_SL_ES,GMG-REPO-LEGAL-PRIVILEGED-MYG,inherit from parent,YES,Process Owner — TBC
GMG_Enterprise_Repository/03_Business_Functions_and_Operations/40_Miquel_y_Garriga_SL_ES/LEG_Legal_and_Contracts/02_Customer_Agreements,4,PS-LEGAL-PRIVILEGED,40_Miquel_y_Garriga_SL_ES,GMG-REPO-LEGAL-PRIVILEGED-MYG,inherit from parent,YES,Process Owner — TBC
GMG_Enterprise_Repository/03_Business_Functions_and_Operations/40_Miquel_y_Garriga_SL_ES/LEG_Legal_and_Contracts/03_Supplier_and_Service_Agreements,4,PS-LEGAL-PRIVILEGED,40_Miquel_y_Garriga_SL_ES,GMG-REPO-LEGAL-PRIVILEGED-MYG,inherit from parent,YES,Process Owner — TBC
GMG_Enterprise_Repository/03_Business_Functions_and_Operations/40_Miquel_y_Garriga_SL_ES/LEG_Legal_and_Contracts/04_Quality_Technical_and_PV_Agreements,4,PS-LEGAL-PRIVILEGED,40_Miquel_y_Garriga_SL_ES,GMG-REPO-LEGAL-PRIVILEGED-MYG,inherit from parent,YES,Process Owner — TBC
GMG_Enterprise_Repository/03_Business_Functions_and_Operations/40_Miquel_y_Garriga_SL_ES/LEG_Legal_and_Contracts/05_Confidentiality_Agreements,4,PS-LEGAL-PRIVILEGED,40_Miquel_y_Garriga_SL_ES,GMG-REPO-LEGAL-PRIVILEGED-MYG,inherit from parent,YES,Process Owner — TBC
GMG_Enterprise_Repository/03_Business_Functions_and_Operations/40_Miquel_y_Garriga_SL_ES/LEG_Legal_and_Contracts/06_Data_Processing_and_Privacy_Agreements,4,PS-LEGAL-PRIVILEGED,40_Miquel_y_Garriga_SL_ES,GMG-REPO-LEGAL-PRIVILEGED-MYG,inherit from parent,YES,Process Owner — TBC
GMG_Enterprise_Repository/03_Business_Functions_and_Operations/40_Miquel_y_Garriga_SL_ES/LEG_Legal_and_Contracts/07_Licence_IP_Distribution_and_Agency,4,PS-LEGAL-PRIVILEGED,40_Miquel_y_Garriga_SL_ES,GMG-REPO-LEGAL-PRIVILEGED-MYG,inherit from parent,YES,Process Owner — TBC
GMG_Enterprise_Repository/03_Business_Functions_and_Operations/40_Miquel_y_Garriga_SL_ES/LEG_Legal_and_Contracts/08_Intercompany_Agreements,4,PS-LEGAL-PRIVILEGED,40_Miquel_y_Garriga_SL_ES,GMG-REPO-LEGAL-PRIVILEGED-MYG,inherit from parent,YES,Process Owner — TBC
GMG_Enterprise_Repository/03_Business_Functions_and_Operations/40_Miquel_y_Garriga_SL_ES/LEG_Legal_and_Contracts/09_Property_Lease_and_Corporate_Services,4,PS-LEGAL-PRIVILEGED,40_Miquel_y_Garriga_SL_ES,GMG-REPO-LEGAL-PRIVILEGED-MYG,inherit from parent,YES,Process Owner — TBC
GMG_Enterprise_Repository/03_Business_Functions_and_Operations/40_Miquel_y_Garriga_SL_ES/LEG_Legal_and_Contracts/11_Legal_Advice_and_Compliance,4,PS-LEGAL-PRIVILEGED,40_Miquel_y_Garriga_SL_ES,GMG-REPO-LEGAL-PRIVILEGED-MYG,inherit from parent,YES,Process Owner — TBC
GMG_Enterprise_Repository/03_Business_Functions_and_Operations/40_Miquel_y_Garriga_SL_ES/LEG_Legal_and_Contracts/12_Corporate_Legal_Records,4,PS-LEGAL-PRIVILEGED,40_Miquel_y_Garriga_SL_ES,GMG-REPO-LEGAL-PRIVILEGED-MYG,inherit from parent,YES,Process Owner — TBC
GMG_Enterprise_Repository/03_Business_Functions_and_Operations/40_Miquel_y_Garriga_SL_ES/MFG_Manufacturing_Business_Operations,3,PS-OPS-STANDARD,40_Miquel_y_Garriga_SL_ES,GMG-REPO-OSTANDARD-MYG,BREAK INHERITANCE — apply explicitly,YES,PTM / PM
GMG_Enterprise_Repository/03_Business_Functions_and_Operations/40_Miquel_y_Garriga_SL_ES/MFG_Manufacturing_Business_Operations/01_Capacity_and_Business_Planning,4,PS-OPS-STANDARD,40_Miquel_y_Garriga_SL_ES,GMG-REPO-OSTANDARD-MYG,inherit from parent,YES,PTM / PM
GMG_Enterprise_Repository/03_Business_Functions_and_Operations/40_Miquel_y_Garriga_SL_ES/MFG_Manufacturing_Business_Operations/02_Cost_and_Performance,4,PS-OPS-STANDARD,40_Miquel_y_Garriga_SL_ES,GMG-REPO-OSTANDARD-MYG,inherit from parent,YES,PTM / PM
GMG_Enterprise_Repository/03_Business_Functions_and_Operations/40_Miquel_y_Garriga_SL_ES/MFG_Manufacturing_Business_Operations/03_Administrative_Contracts_and_Links,4,PS-OPS-STANDARD,40_Miquel_y_Garriga_SL_ES,GMG-REPO-OSTANDARD-MYG,inherit from parent,YES,PTM / PM
GMG_Enterprise_Repository/03_Business_Functions_and_Operations/40_Miquel_y_Garriga_SL_ES/PRC_Procurement,3,PS-OPS-STANDARD,40_Miquel_y_Garriga_SL_ES,GMG-REPO-OSTANDARD-MYG,BREAK INHERITANCE — apply explicitly,YES,Process Owner — TBC
GMG_Enterprise_Repository/03_Business_Functions_and_Operations/40_Miquel_y_Garriga_SL_ES/PRC_Procurement/01_Purchase_Requisitions,4,PS-OPS-STANDARD,40_Miquel_y_Garriga_SL_ES,GMG-REPO-OSTANDARD-MYG,inherit from parent,YES,Process Owner — TBC
GMG_Enterprise_Repository/03_Business_Functions_and_Operations/40_Miquel_y_Garriga_SL_ES/PRC_Procurement/02_Sourcing_and_Tenders,4,PS-OPS-STANDARD,40_Miquel_y_Garriga_SL_ES,GMG-REPO-OSTANDARD-MYG,inherit from parent,YES,Process Owner — TBC
GMG_Enterprise_Repository/03_Business_Functions_and_Operations/40_Miquel_y_Garriga_SL_ES/PRC_Procurement/03_Vendor_Onboarding_NonGxP,4,PS-OPS-STANDARD,40_Miquel_y_Garriga_SL_ES,GMG-REPO-OSTANDARD-MYG,inherit from parent,YES,Process Owner — TBC
GMG_Enterprise_Repository/03_Business_Functions_and_Operations/40_Miquel_y_Garriga_SL_ES/PRC_Procurement/04_Purchase_Orders,4,PS-OPS-STANDARD,40_Miquel_y_Garriga_SL_ES,GMG-REPO-OSTANDARD-MYG,inherit from parent,YES,Process Owner — TBC
GMG_Enterprise_Repository/03_Business_Functions_and_Operations/40_Miquel_y_Garriga_SL_ES/PRC_Procurement/05_Supplier_Commercial_Performance,4,PS-OPS-STANDARD,40_Miquel_y_Garriga_SL_ES,GMG-REPO-OSTANDARD-MYG,inherit from parent,YES,Process Owner — TBC
GMG_Enterprise_Repository/03_Business_Functions_and_Operations/40_Miquel_y_Garriga_SL_ES/PRC_Procurement/06_Contract_References,4,PS-OPS-STANDARD,40_Miquel_y_Garriga_SL_ES,GMG-REPO-OSTANDARD-MYG,inherit from parent,YES,Process Owner — TBC
GMG_Enterprise_Repository/03_Business_Functions_and_Operations/40_Miquel_y_Garriga_SL_ES/PV_Pharmacovigilance_Administration,3,PS-PV-RESTRICTED,40_Miquel_y_Garriga_SL_ES,GMG-REPO-PV-RESTRICTED-MYG,BREAK INHERITANCE — apply explicitly,YES,QPPV
GMG_Enterprise_Repository/03_Business_Functions_and_Operations/40_Miquel_y_Garriga_SL_ES/PV_Pharmacovigilance_Administration/01_Resources_and_Budget,4,PS-PV-RESTRICTED,40_Miquel_y_Garriga_SL_ES,GMG-REPO-PV-RESTRICTED-MYG,inherit from parent,YES,QPPV
GMG_Enterprise_Repository/03_Business_Functions_and_Operations/40_Miquel_y_Garriga_SL_ES/PV_Pharmacovigilance_Administration/02_Service_Provider_Administration,4,PS-PV-RESTRICTED,40_Miquel_y_Garriga_SL_ES,GMG-REPO-PV-RESTRICTED-MYG,inherit from parent,YES,QPPV
GMG_Enterprise_Repository/03_Business_Functions_and_Operations/40_Miquel_y_Garriga_SL_ES/PV_Pharmacovigilance_Administration/03_Team_Operations,4,PS-PV-RESTRICTED,40_Miquel_y_Garriga_SL_ES,GMG-REPO-PV-RESTRICTED-MYG,inherit from parent,YES,QPPV
GMG_Enterprise_Repository/03_Business_Functions_and_Operations/40_Miquel_y_Garriga_SL_ES/QUA_Quality_Administration,3,PS-OPS-STANDARD,40_Miquel_y_Garriga_SL_ES,GMG-REPO-OSTANDARD-MYG,BREAK INHERITANCE — apply explicitly,YES,QA / GQD
GMG_Enterprise_Repository/03_Business_Functions_and_Operations/40_Miquel_y_Garriga_SL_ES/QUA_Quality_Administration/01_Resources_and_Budget,4,PS-OPS-STANDARD,40_Miquel_y_Garriga_SL_ES,GMG-REPO-OSTANDARD-MYG,inherit from parent,YES,QA / GQD
GMG_Enterprise_Repository/03_Business_Functions_and_Operations/40_Miquel_y_Garriga_SL_ES/QUA_Quality_Administration/02_Team_Administration,4,PS-OPS-STANDARD,40_Miquel_y_Garriga_SL_ES,GMG-REPO-OSTANDARD-MYG,inherit from parent,YES,QA / GQD
GMG_Enterprise_Repository/03_Business_Functions_and_Operations/40_Miquel_y_Garriga_SL_ES/QUA_Quality_Administration/03_NonGxP_Service_Administration,4,PS-OPS-STANDARD,40_Miquel_y_Garriga_SL_ES,GMG-REPO-OSTANDARD-MYG,inherit from parent,YES,QA / GQD
GMG_Enterprise_Repository/03_Business_Functions_and_Operations/40_Miquel_y_Garriga_SL_ES/QUA_Quality_Administration/04_NonGxP_Reports_and_Meetings,4,PS-OPS-STANDARD,40_Miquel_y_Garriga_SL_ES,GMG-REPO-OSTANDARD-MYG,inherit from parent,YES,QA / GQD
GMG_Enterprise_Repository/03_Business_Functions_and_Operations/40_Miquel_y_Garriga_SL_ES/RA_Regulatory_Affairs_Administration,3,PS-OPS-STANDARD,40_Miquel_y_Garriga_SL_ES,GMG-REPO-OSTANDARD-MYG,BREAK INHERITANCE — apply explicitly,YES,GRA
GMG_Enterprise_Repository/03_Business_Functions_and_Operations/40_Miquel_y_Garriga_SL_ES/RA_Regulatory_Affairs_Administration/01_Resources_and_Budget,4,PS-OPS-STANDARD,40_Miquel_y_Garriga_SL_ES,GMG-REPO-OSTANDARD-MYG,inherit from parent,YES,GRA
GMG_Enterprise_Repository/03_Business_Functions_and_Operations/40_Miquel_y_Garriga_SL_ES/RA_Regulatory_Affairs_Administration/02_Vendor_and_Agency_Administration,4,PS-OPS-STANDARD,40_Miquel_y_Garriga_SL_ES,GMG-REPO-OSTANDARD-MYG,inherit from parent,YES,GRA
GMG_Enterprise_Repository/03_Business_Functions_and_Operations/40_Miquel_y_Garriga_SL_ES/RA_Regulatory_Affairs_Administration/03_Team_Operations,4,PS-OPS-STANDARD,40_Miquel_y_Garriga_SL_ES,GMG-REPO-OSTANDARD-MYG,inherit from parent,YES,GRA
GMG_Enterprise_Repository/03_Business_Functions_and_Operations/40_Miquel_y_Garriga_SL_ES/RND_RnD_Business_Operations,3,PS-OPS-STANDARD,40_Miquel_y_Garriga_SL_ES,GMG-REPO-OSTANDARD-MYG,BREAK INHERITANCE — apply explicitly,YES,R&D
GMG_Enterprise_Repository/03_Business_Functions_and_Operations/40_Miquel_y_Garriga_SL_ES/RND_RnD_Business_Operations/02_Budgets_and_Resources,4,PS-OPS-STANDARD,40_Miquel_y_Garriga_SL_ES,GMG-REPO-OSTANDARD-MYG,inherit from parent,YES,R&D
GMG_Enterprise_Repository/03_Business_Functions_and_Operations/40_Miquel_y_Garriga_SL_ES/RND_RnD_Business_Operations/03_Partnerships_and_IP_Links,4,PS-OPS-STANDARD,40_Miquel_y_Garriga_SL_ES,GMG-REPO-OSTANDARD-MYG,inherit from parent,YES,R&D
GMG_Enterprise_Repository/03_Business_Functions_and_Operations/40_Miquel_y_Garriga_SL_ES/SCM_Supply_Chain,3,PS-OPS-STANDARD,40_Miquel_y_Garriga_SL_ES,GMG-REPO-OSTANDARD-MYG,BREAK INHERITANCE — apply explicitly,YES,SC
GMG_Enterprise_Repository/03_Business_Functions_and_Operations/40_Miquel_y_Garriga_SL_ES/SCM_Supply_Chain/01_Demand_and_Supply_Planning,4,PS-OPS-STANDARD,40_Miquel_y_Garriga_SL_ES,GMG-REPO-OSTANDARD-MYG,inherit from parent,YES,SC
GMG_Enterprise_Repository/03_Business_Functions_and_Operations/40_Miquel_y_Garriga_SL_ES/SCM_Supply_Chain/02_Logistics_Administration,4,PS-OPS-STANDARD,40_Miquel_y_Garriga_SL_ES,GMG-REPO-OSTANDARD-MYG,inherit from parent,YES,SC
GMG_Enterprise_Repository/03_Business_Functions_and_Operations/40_Miquel_y_Garriga_SL_ES/SCM_Supply_Chain/03_Inventory_Business_Records,4,PS-OPS-STANDARD,40_Miquel_y_Garriga_SL_ES,GMG-REPO-OSTANDARD-MYG,inherit from parent,YES,SC
GMG_Enterprise_Repository/03_Business_Functions_and_Operations/40_Miquel_y_Garriga_SL_ES/SCM_Supply_Chain/04_Supplier_Commercial_Performance,4,PS-OPS-STANDARD,40_Miquel_y_Garriga_SL_ES,GMG-REPO-OSTANDARD-MYG,inherit from parent,YES,SC
GMG_Enterprise_Repository/03_Business_Functions_and_Operations/50_GMG_Ilaclari_LTD_TR,2,PS-OPS-STANDARD + restricted profiles,50_GMG_Ilaclari_LTD_TR,UNRESOLVED,inherit from parent,NO — CANNOT BIND,Entity Records Owner
GMG_Enterprise_Repository/03_Business_Functions_and_Operations/50_GMG_Ilaclari_LTD_TR/00_Working_and_Collaboration,3,PS-WORKING,50_GMG_Ilaclari_LTD_TR,GMG-REPO-WORKING-TR,BREAK INHERITANCE — apply explicitly,YES,Entity / Function Owners
GMG_Enterprise_Repository/03_Business_Functions_and_Operations/50_GMG_Ilaclari_LTD_TR/00_Working_and_Collaboration/COM_Commercial_and_Marketing,4,PS-WORKING,50_GMG_Ilaclari_LTD_TR,GMG-REPO-WORKING-TR,inherit from parent,YES,Process Owner — TBC
GMG_Enterprise_Repository/03_Business_Functions_and_Operations/50_GMG_Ilaclari_LTD_TR/00_Working_and_Collaboration/CORP_Communications_PR_and_ESG,4,PS-WORKING,50_GMG_Ilaclari_LTD_TR,GMG-REPO-WORKING-TR,inherit from parent,YES,Process Owner — TBC
GMG_Enterprise_Repository/03_Business_Functions_and_Operations/50_GMG_Ilaclari_LTD_TR/00_Working_and_Collaboration/CTY_Country_Operations_Residual,4,PS-WORKING,50_GMG_Ilaclari_LTD_TR,GMG-REPO-WORKING-TR,inherit from parent,YES,Country Owner — TBC
GMG_Enterprise_Repository/03_Business_Functions_and_Operations/50_GMG_Ilaclari_LTD_TR/00_Working_and_Collaboration/EHS_Environment_Health_and_Safety,4,PS-WORKING,50_GMG_Ilaclari_LTD_TR,GMG-REPO-WORKING-TR,inherit from parent,YES,Process Owner — TBC
GMG_Enterprise_Repository/03_Business_Functions_and_Operations/50_GMG_Ilaclari_LTD_TR/00_Working_and_Collaboration/FAC_Facilities_and_Assets,4,PS-WORKING,50_GMG_Ilaclari_LTD_TR,GMG-REPO-WORKING-TR,inherit from parent,YES,Process Owner — TBC
GMG_Enterprise_Repository/03_Business_Functions_and_Operations/50_GMG_Ilaclari_LTD_TR/00_Working_and_Collaboration/FIN_Finance_and_Accounting,4,PS-WORKING,50_GMG_Ilaclari_LTD_TR,GMG-REPO-WORKING-TR,inherit from parent,YES,Process Owner — TBC
GMG_Enterprise_Repository/03_Business_Functions_and_Operations/50_GMG_Ilaclari_LTD_TR/00_Working_and_Collaboration/HR_Human_Resources,4,PS-WORKING,50_GMG_Ilaclari_LTD_TR,GMG-REPO-WORKING-TR,inherit from parent,YES,Process Owner — TBC
GMG_Enterprise_Repository/03_Business_Functions_and_Operations/50_GMG_Ilaclari_LTD_TR/00_Working_and_Collaboration/ISM_Information_Security,4,PS-WORKING,50_GMG_Ilaclari_LTD_TR,GMG-REPO-WORKING-TR,inherit from parent,YES,Process Owner — TBC
GMG_Enterprise_Repository/03_Business_Functions_and_Operations/50_GMG_Ilaclari_LTD_TR/00_Working_and_Collaboration/ITG_Information_Technology,4,PS-WORKING,50_GMG_Ilaclari_LTD_TR,GMG-REPO-WORKING-TR,inherit from parent,YES,Process Owner — TBC
GMG_Enterprise_Repository/03_Business_Functions_and_Operations/50_GMG_Ilaclari_LTD_TR/00_Working_and_Collaboration/LEG_Legal_and_Contracts,4,PS-WORKING,50_GMG_Ilaclari_LTD_TR,GMG-REPO-WORKING-TR,inherit from parent,YES,Process Owner — TBC
GMG_Enterprise_Repository/03_Business_Functions_and_Operations/50_GMG_Ilaclari_LTD_TR/00_Working_and_Collaboration/MFG_Manufacturing_Business_Operations,4,PS-WORKING,50_GMG_Ilaclari_LTD_TR,GMG-REPO-WORKING-TR,inherit from parent,YES,PTM / PM
GMG_Enterprise_Repository/03_Business_Functions_and_Operations/50_GMG_Ilaclari_LTD_TR/00_Working_and_Collaboration/PPM_Projects_and_Portfolios,4,PS-WORKING,50_GMG_Ilaclari_LTD_TR,GMG-REPO-WORKING-TR,inherit from parent,YES,Process Owner — TBC
GMG_Enterprise_Repository/03_Business_Functions_and_Operations/50_GMG_Ilaclari_LTD_TR/00_Working_and_Collaboration/PRC_Procurement,4,PS-WORKING,50_GMG_Ilaclari_LTD_TR,GMG-REPO-WORKING-TR,inherit from parent,YES,Process Owner — TBC
GMG_Enterprise_Repository/03_Business_Functions_and_Operations/50_GMG_Ilaclari_LTD_TR/00_Working_and_Collaboration/PV_Pharmacovigilance_Administration,4,PS-WORKING,50_GMG_Ilaclari_LTD_TR,GMG-REPO-WORKING-TR,inherit from parent,YES,QPPV
GMG_Enterprise_Repository/03_Business_Functions_and_Operations/50_GMG_Ilaclari_LTD_TR/00_Working_and_Collaboration/QUA_Quality_Administration,4,PS-WORKING,50_GMG_Ilaclari_LTD_TR,GMG-REPO-WORKING-TR,inherit from parent,YES,QA / GQD
GMG_Enterprise_Repository/03_Business_Functions_and_Operations/50_GMG_Ilaclari_LTD_TR/00_Working_and_Collaboration/RA_Regulatory_Affairs_Administration,4,PS-WORKING,50_GMG_Ilaclari_LTD_TR,GMG-REPO-WORKING-TR,inherit from parent,YES,GRA
GMG_Enterprise_Repository/03_Business_Functions_and_Operations/50_GMG_Ilaclari_LTD_TR/00_Working_and_Collaboration/RND_RnD_Business_Operations,4,PS-WORKING,50_GMG_Ilaclari_LTD_TR,GMG-REPO-WORKING-TR,inherit from parent,YES,R&D
GMG_Enterprise_Repository/03_Business_Functions_and_Operations/50_GMG_Ilaclari_LTD_TR/00_Working_and_Collaboration/SCM_Supply_Chain,4,PS-WORKING,50_GMG_Ilaclari_LTD_TR,GMG-REPO-WORKING-TR,inherit from parent,YES,SC
GMG_Enterprise_Repository/03_Business_Functions_and_Operations/50_GMG_Ilaclari_LTD_TR/COM_Commercial_and_Marketing,3,PS-OPS-STANDARD,50_GMG_Ilaclari_LTD_TR,GMG-REPO-OSTANDARD-TR,BREAK INHERITANCE — apply explicitly,YES,Process Owner — TBC
GMG_Enterprise_Repository/03_Business_Functions_and_Operations/50_GMG_Ilaclari_LTD_TR/COM_Commercial_and_Marketing/11_Pricing_and_Profitability,4,PS-OPS-STANDARD,50_GMG_Ilaclari_LTD_TR,GMG-REPO-OSTANDARD-TR,inherit from parent,YES,Process Owner — TBC
GMG_Enterprise_Repository/03_Business_Functions_and_Operations/50_GMG_Ilaclari_LTD_TR/COM_Commercial_and_Marketing/12_Sales_Performance,4,PS-OPS-STANDARD,50_GMG_Ilaclari_LTD_TR,GMG-REPO-OSTANDARD-TR,inherit from parent,YES,Process Owner — TBC
GMG_Enterprise_Repository/03_Business_Functions_and_Operations/50_GMG_Ilaclari_LTD_TR/CORP_Communications_PR_and_ESG,3,PS-OPS-STANDARD,50_GMG_Ilaclari_LTD_TR,GMG-REPO-OSTANDARD-TR,BREAK INHERITANCE — apply explicitly,YES,Process Owner — TBC
GMG_Enterprise_Repository/03_Business_Functions_and_Operations/50_GMG_Ilaclari_LTD_TR/CORP_Communications_PR_and_ESG/01_Corporate_Communications,4,PS-OPS-STANDARD,50_GMG_Ilaclari_LTD_TR,GMG-REPO-OSTANDARD-TR,inherit from parent,YES,Process Owner — TBC
GMG_Enterprise_Repository/03_Business_Functions_and_Operations/50_GMG_Ilaclari_LTD_TR/CORP_Communications_PR_and_ESG/02_Public_Relations_and_Media,4,PS-OPS-STANDARD,50_GMG_Ilaclari_LTD_TR,GMG-REPO-OSTANDARD-TR,inherit from parent,YES,Process Owner — TBC
GMG_Enterprise_Repository/03_Business_Functions_and_Operations/50_GMG_Ilaclari_LTD_TR/CORP_Communications_PR_and_ESG/03_ESG_and_Sustainability,4,PS-OPS-STANDARD,50_GMG_Ilaclari_LTD_TR,GMG-REPO-OSTANDARD-TR,inherit from parent,YES,Process Owner — TBC
GMG_Enterprise_Repository/03_Business_Functions_and_Operations/50_GMG_Ilaclari_LTD_TR/CORP_Communications_PR_and_ESG/04_Brand_and_Events,4,PS-OPS-STANDARD,50_GMG_Ilaclari_LTD_TR,GMG-REPO-OSTANDARD-TR,inherit from parent,YES,Process Owner — TBC
GMG_Enterprise_Repository/03_Business_Functions_and_Operations/50_GMG_Ilaclari_LTD_TR/CTY_Country_Operations_Residual,3,PS-OPS-STANDARD,50_GMG_Ilaclari_LTD_TR,GMG-REPO-OSTANDARD-TR,BREAK INHERITANCE — apply explicitly,YES,Country Owner — TBC
GMG_Enterprise_Repository/03_Business_Functions_and_Operations/50_GMG_Ilaclari_LTD_TR/CTY_Country_Operations_Residual/01_Residual_Country_Administration,4,PS-OPS-STANDARD,50_GMG_Ilaclari_LTD_TR,GMG-REPO-OSTANDARD-TR,inherit from parent,YES,Country Owner — TBC
GMG_Enterprise_Repository/03_Business_Functions_and_Operations/50_GMG_Ilaclari_LTD_TR/EHS_Environment_Health_and_Safety,3,PS-EHS-RESTRICTED,50_GMG_Ilaclari_LTD_TR,GMG-REPO-EHS-RESTRICTED-TR,BREAK INHERITANCE — apply explicitly,YES,Process Owner — TBC
GMG_Enterprise_Repository/03_Business_Functions_and_Operations/50_GMG_Ilaclari_LTD_TR/EHS_Environment_Health_and_Safety/01_Risk_Assessments,4,PS-EHS-RESTRICTED,50_GMG_Ilaclari_LTD_TR,GMG-REPO-EHS-RESTRICTED-TR,inherit from parent,YES,Process Owner — TBC
GMG_Enterprise_Repository/03_Business_Functions_and_Operations/50_GMG_Ilaclari_LTD_TR/EHS_Environment_Health_and_Safety/02_Incidents_and_Investigations,4,PS-EHS-RESTRICTED,50_GMG_Ilaclari_LTD_TR,GMG-REPO-EHS-RESTRICTED-TR,inherit from parent,YES,Process Owner — TBC
GMG_Enterprise_Repository/03_Business_Functions_and_Operations/50_GMG_Ilaclari_LTD_TR/EHS_Environment_Health_and_Safety/03_Training_and_Competence,4,PS-EHS-RESTRICTED,50_GMG_Ilaclari_LTD_TR,GMG-REPO-EHS-RESTRICTED-TR,inherit from parent,YES,Process Owner — TBC
GMG_Enterprise_Repository/03_Business_Functions_and_Operations/50_GMG_Ilaclari_LTD_TR/EHS_Environment_Health_and_Safety/04_Environmental_and_Waste,4,PS-EHS-RESTRICTED,50_GMG_Ilaclari_LTD_TR,GMG-REPO-EHS-RESTRICTED-TR,inherit from parent,YES,Process Owner — TBC
GMG_Enterprise_Repository/03_Business_Functions_and_Operations/50_GMG_Ilaclari_LTD_TR/EHS_Environment_Health_and_Safety/05_Emergency_Preparedness,4,PS-EHS-RESTRICTED,50_GMG_Ilaclari_LTD_TR,GMG-REPO-EHS-RESTRICTED-TR,inherit from parent,YES,Process Owner — TBC
GMG_Enterprise_Repository/03_Business_Functions_and_Operations/50_GMG_Ilaclari_LTD_TR/EHS_Environment_Health_and_Safety/06_Compliance_Reporting,4,PS-EHS-RESTRICTED,50_GMG_Ilaclari_LTD_TR,GMG-REPO-EHS-RESTRICTED-TR,inherit from parent,YES,Process Owner — TBC
GMG_Enterprise_Repository/03_Business_Functions_and_Operations/50_GMG_Ilaclari_LTD_TR/FAC_Facilities_and_Assets,3,PS-OPS-STANDARD,50_GMG_Ilaclari_LTD_TR,GMG-REPO-OSTANDARD-TR,BREAK INHERITANCE — apply explicitly,YES,Process Owner — TBC
GMG_Enterprise_Repository/03_Business_Functions_and_Operations/50_GMG_Ilaclari_LTD_TR/FAC_Facilities_and_Assets/01_Leases_and_Sites,4,PS-OPS-STANDARD,50_GMG_Ilaclari_LTD_TR,GMG-REPO-OSTANDARD-TR,inherit from parent,YES,Process Owner — TBC
GMG_Enterprise_Repository/03_Business_Functions_and_Operations/50_GMG_Ilaclari_LTD_TR/FAC_Facilities_and_Assets/02_Maintenance_NonGMP,4,PS-OPS-STANDARD,50_GMG_Ilaclari_LTD_TR,GMG-REPO-OSTANDARD-TR,inherit from parent,YES,Process Owner — TBC
GMG_Enterprise_Repository/03_Business_Functions_and_Operations/50_GMG_Ilaclari_LTD_TR/FAC_Facilities_and_Assets/03_Utilities_NonGMP,4,PS-OPS-STANDARD,50_GMG_Ilaclari_LTD_TR,GMG-REPO-OSTANDARD-TR,inherit from parent,YES,Process Owner — TBC
GMG_Enterprise_Repository/03_Business_Functions_and_Operations/50_GMG_Ilaclari_LTD_TR/FAC_Facilities_and_Assets/04_Facility_Assets,4,PS-OPS-STANDARD,50_GMG_Ilaclari_LTD_TR,GMG-REPO-OSTANDARD-TR,inherit from parent,YES,Process Owner — TBC
GMG_Enterprise_Repository/03_Business_Functions_and_Operations/50_GMG_Ilaclari_LTD_TR/FAC_Facilities_and_Assets/05_Contractors_and_Services,4,PS-OPS-STANDARD,50_GMG_Ilaclari_LTD_TR,GMG-REPO-OSTANDARD-TR,inherit from parent,YES,Process Owner — TBC
GMG_Enterprise_Repository/03_Business_Functions_and_Operations/50_GMG_Ilaclari_LTD_TR/FAC_Facilities_and_Assets/06_Space_Security_and_Access,4,PS-OPS-STANDARD,50_GMG_Ilaclari_LTD_TR,GMG-REPO-OSTANDARD-TR,inherit from parent,YES,Process Owner — TBC
GMG_Enterprise_Repository/03_Business_Functions_and_Operations/50_GMG_Ilaclari_LTD_TR/FIN_Finance_and_Accounting,3,PS-FIN-RESTRICTED,50_GMG_Ilaclari_LTD_TR,GMG-REPO-FIN-RESTRICTED-TR,BREAK INHERITANCE — apply explicitly,YES,Process Owner — TBC
GMG_Enterprise_Repository/03_Business_Functions_and_Operations/50_GMG_Ilaclari_LTD_TR/FIN_Finance_and_Accounting/01_Accounts_Receivable,4,PS-FIN-RESTRICTED,50_GMG_Ilaclari_LTD_TR,GMG-REPO-FIN-RESTRICTED-TR,inherit from parent,YES,Process Owner — TBC
GMG_Enterprise_Repository/03_Business_Functions_and_Operations/50_GMG_Ilaclari_LTD_TR/FIN_Finance_and_Accounting/02_Accounts_Payable,4,PS-FIN-RESTRICTED,50_GMG_Ilaclari_LTD_TR,GMG-REPO-FIN-RESTRICTED-TR,inherit from parent,YES,Process Owner — TBC
GMG_Enterprise_Repository/03_Business_Functions_and_Operations/50_GMG_Ilaclari_LTD_TR/FIN_Finance_and_Accounting/03_Banking_and_Treasury,4,PS-FIN-RESTRICTED,50_GMG_Ilaclari_LTD_TR,GMG-REPO-FIN-RESTRICTED-TR,inherit from parent,YES,Process Owner — TBC
GMG_Enterprise_Repository/03_Business_Functions_and_Operations/50_GMG_Ilaclari_LTD_TR/FIN_Finance_and_Accounting/04_Expense_Claims,4,PS-FIN-RESTRICTED,50_GMG_Ilaclari_LTD_TR,GMG-REPO-FIN-RESTRICTED-TR,inherit from parent,YES,Process Owner — TBC
GMG_Enterprise_Repository/03_Business_Functions_and_Operations/50_GMG_Ilaclari_LTD_TR/FIN_Finance_and_Accounting/05_Budgets_and_Forecasts,4,PS-FIN-RESTRICTED,50_GMG_Ilaclari_LTD_TR,GMG-REPO-FIN-RESTRICTED-TR,inherit from parent,YES,Process Owner — TBC
GMG_Enterprise_Repository/03_Business_Functions_and_Operations/50_GMG_Ilaclari_LTD_TR/FIN_Finance_and_Accounting/06_Management_Accounts,4,PS-FIN-RESTRICTED,50_GMG_Ilaclari_LTD_TR,GMG-REPO-FIN-RESTRICTED-TR,inherit from parent,YES,Process Owner — TBC
GMG_Enterprise_Repository/03_Business_Functions_and_Operations/50_GMG_Ilaclari_LTD_TR/FIN_Finance_and_Accounting/07_Statutory_Accounts,4,PS-FIN-RESTRICTED,50_GMG_Ilaclari_LTD_TR,GMG-REPO-FIN-RESTRICTED-TR,inherit from parent,YES,Process Owner — TBC
GMG_Enterprise_Repository/03_Business_Functions_and_Operations/50_GMG_Ilaclari_LTD_TR/FIN_Finance_and_Accounting/08_Tax,4,PS-FIN-RESTRICTED,50_GMG_Ilaclari_LTD_TR,GMG-REPO-FIN-RESTRICTED-TR,inherit from parent,YES,Process Owner — TBC
GMG_Enterprise_Repository/03_Business_Functions_and_Operations/50_GMG_Ilaclari_LTD_TR/FIN_Finance_and_Accounting/09_Payroll_Finance_Outputs,4,PS-FIN-RESTRICTED,50_GMG_Ilaclari_LTD_TR,GMG-REPO-FIN-RESTRICTED-TR,inherit from parent,YES,Process Owner — TBC
GMG_Enterprise_Repository/03_Business_Functions_and_Operations/50_GMG_Ilaclari_LTD_TR/FIN_Finance_and_Accounting/10_Intercompany_Transactions,4,PS-FIN-RESTRICTED,50_GMG_Ilaclari_LTD_TR,GMG-REPO-FIN-RESTRICTED-TR,inherit from parent,YES,Process Owner — TBC
GMG_Enterprise_Repository/03_Business_Functions_and_Operations/50_GMG_Ilaclari_LTD_TR/FIN_Finance_and_Accounting/11_Fixed_Assets_Accounting,4,PS-FIN-RESTRICTED,50_GMG_Ilaclari_LTD_TR,GMG-REPO-FIN-RESTRICTED-TR,inherit from parent,YES,Process Owner — TBC
GMG_Enterprise_Repository/03_Business_Functions_and_Operations/50_GMG_Ilaclari_LTD_TR/FIN_Finance_and_Accounting/12_Audit_Evidence,4,PS-FIN-RESTRICTED,50_GMG_Ilaclari_LTD_TR,GMG-REPO-FIN-RESTRICTED-TR,inherit from parent,YES,Process Owner — TBC
GMG_Enterprise_Repository/03_Business_Functions_and_Operations/50_GMG_Ilaclari_LTD_TR/HR_Human_Resources,3,PS-HR-RESTRICTED,50_GMG_Ilaclari_LTD_TR,GMG-REPO-HR-RESTRICTED-TR,BREAK INHERITANCE — apply explicitly,YES,Process Owner — TBC
GMG_Enterprise_Repository/03_Business_Functions_and_Operations/50_GMG_Ilaclari_LTD_TR/HR_Human_Resources/01_Workforce_Planning,4,PS-HR-RESTRICTED,50_GMG_Ilaclari_LTD_TR,GMG-REPO-HR-RESTRICTED-TR,inherit from parent,YES,Process Owner — TBC
GMG_Enterprise_Repository/03_Business_Functions_and_Operations/50_GMG_Ilaclari_LTD_TR/HR_Human_Resources/02_Recruitment,4,PS-HR-RESTRICTED,50_GMG_Ilaclari_LTD_TR,GMG-REPO-HR-RESTRICTED-TR,inherit from parent,YES,Process Owner — TBC
GMG_Enterprise_Repository/03_Business_Functions_and_Operations/50_GMG_Ilaclari_LTD_TR/HR_Human_Resources/03_Employee_Files,4,PS-HR-RESTRICTED,50_GMG_Ilaclari_LTD_TR,GMG-REPO-HR-RESTRICTED-TR,inherit from parent,YES,Process Owner — TBC
GMG_Enterprise_Repository/03_Business_Functions_and_Operations/50_GMG_Ilaclari_LTD_TR/HR_Human_Resources/04_Employment_Agreement_Index,4,PS-HR-RESTRICTED,50_GMG_Ilaclari_LTD_TR,GMG-REPO-HR-RESTRICTED-TR,inherit from parent,YES,Process Owner — TBC
GMG_Enterprise_Repository/03_Business_Functions_and_Operations/50_GMG_Ilaclari_LTD_TR/HR_Human_Resources/05_Compensation_and_Benefits,4,PS-HR-RESTRICTED,50_GMG_Ilaclari_LTD_TR,GMG-REPO-HR-RESTRICTED-TR,inherit from parent,YES,Process Owner — TBC
GMG_Enterprise_Repository/03_Business_Functions_and_Operations/50_GMG_Ilaclari_LTD_TR/HR_Human_Resources/06_Attendance_and_Working_Time,4,PS-HR-RESTRICTED,50_GMG_Ilaclari_LTD_TR,GMG-REPO-HR-RESTRICTED-TR,inherit from parent,YES,Process Owner — TBC
GMG_Enterprise_Repository/03_Business_Functions_and_Operations/50_GMG_Ilaclari_LTD_TR/HR_Human_Resources/07_Leave_and_Absence,4,PS-HR-RESTRICTED,50_GMG_Ilaclari_LTD_TR,GMG-REPO-HR-RESTRICTED-TR,inherit from parent,YES,Process Owner — TBC
GMG_Enterprise_Repository/03_Business_Functions_and_Operations/50_GMG_Ilaclari_LTD_TR/HR_Human_Resources/08_Performance_Management,4,PS-HR-RESTRICTED,50_GMG_Ilaclari_LTD_TR,GMG-REPO-HR-RESTRICTED-TR,inherit from parent,YES,Process Owner — TBC
GMG_Enterprise_Repository/03_Business_Functions_and_Operations/50_GMG_Ilaclari_LTD_TR/HR_Human_Resources/09_Training_Administration,4,PS-HR-RESTRICTED,50_GMG_Ilaclari_LTD_TR,GMG-REPO-HR-RESTRICTED-TR,inherit from parent,YES,Process Owner — TBC
GMG_Enterprise_Repository/03_Business_Functions_and_Operations/50_GMG_Ilaclari_LTD_TR/HR_Human_Resources/10_Travel_and_Expense_Administration,4,PS-HR-RESTRICTED,50_GMG_Ilaclari_LTD_TR,GMG-REPO-HR-RESTRICTED-TR,inherit from parent,YES,Process Owner — TBC
GMG_Enterprise_Repository/03_Business_Functions_and_Operations/50_GMG_Ilaclari_LTD_TR/HR_Human_Resources/13_Offboarding,4,PS-HR-RESTRICTED,50_GMG_Ilaclari_LTD_TR,GMG-REPO-HR-RESTRICTED-TR,inherit from parent,YES,Process Owner — TBC
GMG_Enterprise_Repository/03_Business_Functions_and_Operations/50_GMG_Ilaclari_LTD_TR/HR_Human_Resources/14_HR_Reporting,4,PS-HR-RESTRICTED,50_GMG_Ilaclari_LTD_TR,GMG-REPO-HR-RESTRICTED-TR,inherit from parent,YES,Process Owner — TBC
GMG_Enterprise_Repository/03_Business_Functions_and_Operations/50_GMG_Ilaclari_LTD_TR/ISM_Information_Security,3,PS-INFOSEC-RESTRICTED,50_GMG_Ilaclari_LTD_TR,GMG-REPO-INFOSEC-RESTRICTED-TR,BREAK INHERITANCE — apply explicitly,YES,Process Owner — TBC
GMG_Enterprise_Repository/03_Business_Functions_and_Operations/50_GMG_Ilaclari_LTD_TR/ISM_Information_Security/01_Access_Governance,4,PS-INFOSEC-RESTRICTED,50_GMG_Ilaclari_LTD_TR,GMG-REPO-INFOSEC-RESTRICTED-TR,inherit from parent,YES,Process Owner — TBC
GMG_Enterprise_Repository/03_Business_Functions_and_Operations/50_GMG_Ilaclari_LTD_TR/ISM_Information_Security/03_Vulnerability_and_Patch_Management,4,PS-INFOSEC-RESTRICTED,50_GMG_Ilaclari_LTD_TR,GMG-REPO-INFOSEC-RESTRICTED-TR,inherit from parent,YES,Process Owner — TBC
GMG_Enterprise_Repository/03_Business_Functions_and_Operations/50_GMG_Ilaclari_LTD_TR/ISM_Information_Security/04_Security_Risk_Assessments,4,PS-INFOSEC-RESTRICTED,50_GMG_Ilaclari_LTD_TR,GMG-REPO-INFOSEC-RESTRICTED-TR,inherit from parent,YES,Process Owner — TBC
GMG_Enterprise_Repository/03_Business_Functions_and_Operations/50_GMG_Ilaclari_LTD_TR/ISM_Information_Security/05_Third_Party_Security,4,PS-INFOSEC-RESTRICTED,50_GMG_Ilaclari_LTD_TR,GMG-REPO-INFOSEC-RESTRICTED-TR,inherit from parent,YES,Process Owner — TBC
GMG_Enterprise_Repository/03_Business_Functions_and_Operations/50_GMG_Ilaclari_LTD_TR/ISM_Information_Security/06_Monitoring_and_Reporting,4,PS-INFOSEC-RESTRICTED,50_GMG_Ilaclari_LTD_TR,GMG-REPO-INFOSEC-RESTRICTED-TR,inherit from parent,YES,Process Owner — TBC
GMG_Enterprise_Repository/03_Business_Functions_and_Operations/50_GMG_Ilaclari_LTD_TR/ITG_Information_Technology,3,PS-IT-RESTRICTED,50_GMG_Ilaclari_LTD_TR,GMG-REPO-IT-RESTRICTED-TR,BREAK INHERITANCE — apply explicitly,YES,Process Owner — TBC
GMG_Enterprise_Repository/03_Business_Functions_and_Operations/50_GMG_Ilaclari_LTD_TR/ITG_Information_Technology/01_Service_Management,4,PS-IT-RESTRICTED,50_GMG_Ilaclari_LTD_TR,GMG-REPO-IT-RESTRICTED-TR,inherit from parent,YES,Process Owner — TBC
GMG_Enterprise_Repository/03_Business_Functions_and_Operations/50_GMG_Ilaclari_LTD_TR/ITG_Information_Technology/02_IT_Asset_Management,4,PS-IT-RESTRICTED,50_GMG_Ilaclari_LTD_TR,GMG-REPO-IT-RESTRICTED-TR,inherit from parent,YES,Process Owner — TBC
GMG_Enterprise_Repository/03_Business_Functions_and_Operations/50_GMG_Ilaclari_LTD_TR/ITG_Information_Technology/03_Applications_and_Architecture,4,PS-IT-RESTRICTED,50_GMG_Ilaclari_LTD_TR,GMG-REPO-IT-RESTRICTED-TR,inherit from parent,YES,Process Owner — TBC
GMG_Enterprise_Repository/03_Business_Functions_and_Operations/50_GMG_Ilaclari_LTD_TR/ITG_Information_Technology/04_IT_Projects,4,PS-IT-RESTRICTED,50_GMG_Ilaclari_LTD_TR,GMG-REPO-IT-RESTRICTED-TR,inherit from parent,YES,Process Owner — TBC
GMG_Enterprise_Repository/03_Business_Functions_and_Operations/50_GMG_Ilaclari_LTD_TR/ITG_Information_Technology/05_Vendors_and_Licences,4,PS-IT-RESTRICTED,50_GMG_Ilaclari_LTD_TR,GMG-REPO-IT-RESTRICTED-TR,inherit from parent,YES,Process Owner — TBC
GMG_Enterprise_Repository/03_Business_Functions_and_Operations/50_GMG_Ilaclari_LTD_TR/ITG_Information_Technology/06_Backup_Recovery_and_Continuity,4,PS-IT-RESTRICTED,50_GMG_Ilaclari_LTD_TR,GMG-REPO-IT-RESTRICTED-TR,inherit from parent,YES,Process Owner — TBC
GMG_Enterprise_Repository/03_Business_Functions_and_Operations/50_GMG_Ilaclari_LTD_TR/ITG_Information_Technology/07_User_Support,4,PS-IT-RESTRICTED,50_GMG_Ilaclari_LTD_TR,GMG-REPO-IT-RESTRICTED-TR,inherit from parent,YES,Process Owner — TBC
GMG_Enterprise_Repository/03_Business_Functions_and_Operations/50_GMG_Ilaclari_LTD_TR/LEG_Legal_and_Contracts,3,PS-LEGAL-PRIVILEGED,50_GMG_Ilaclari_LTD_TR,GMG-REPO-LEGAL-PRIVILEGED-TR,BREAK INHERITANCE — apply explicitly,YES,Process Owner — TBC
GMG_Enterprise_Repository/03_Business_Functions_and_Operations/50_GMG_Ilaclari_LTD_TR/LEG_Legal_and_Contracts/01_Contract_Register,4,PS-LEGAL-PRIVILEGED,50_GMG_Ilaclari_LTD_TR,GMG-REPO-LEGAL-PRIVILEGED-TR,inherit from parent,YES,Process Owner — TBC
GMG_Enterprise_Repository/03_Business_Functions_and_Operations/50_GMG_Ilaclari_LTD_TR/LEG_Legal_and_Contracts/02_Customer_Agreements,4,PS-LEGAL-PRIVILEGED,50_GMG_Ilaclari_LTD_TR,GMG-REPO-LEGAL-PRIVILEGED-TR,inherit from parent,YES,Process Owner — TBC
GMG_Enterprise_Repository/03_Business_Functions_and_Operations/50_GMG_Ilaclari_LTD_TR/LEG_Legal_and_Contracts/03_Supplier_and_Service_Agreements,4,PS-LEGAL-PRIVILEGED,50_GMG_Ilaclari_LTD_TR,GMG-REPO-LEGAL-PRIVILEGED-TR,inherit from parent,YES,Process Owner — TBC
GMG_Enterprise_Repository/03_Business_Functions_and_Operations/50_GMG_Ilaclari_LTD_TR/LEG_Legal_and_Contracts/04_Quality_Technical_and_PV_Agreements,4,PS-LEGAL-PRIVILEGED,50_GMG_Ilaclari_LTD_TR,GMG-REPO-LEGAL-PRIVILEGED-TR,inherit from parent,YES,Process Owner — TBC
GMG_Enterprise_Repository/03_Business_Functions_and_Operations/50_GMG_Ilaclari_LTD_TR/LEG_Legal_and_Contracts/05_Confidentiality_Agreements,4,PS-LEGAL-PRIVILEGED,50_GMG_Ilaclari_LTD_TR,GMG-REPO-LEGAL-PRIVILEGED-TR,inherit from parent,YES,Process Owner — TBC
GMG_Enterprise_Repository/03_Business_Functions_and_Operations/50_GMG_Ilaclari_LTD_TR/LEG_Legal_and_Contracts/06_Data_Processing_and_Privacy_Agreements,4,PS-LEGAL-PRIVILEGED,50_GMG_Ilaclari_LTD_TR,GMG-REPO-LEGAL-PRIVILEGED-TR,inherit from parent,YES,Process Owner — TBC
GMG_Enterprise_Repository/03_Business_Functions_and_Operations/50_GMG_Ilaclari_LTD_TR/LEG_Legal_and_Contracts/07_Licence_IP_Distribution_and_Agency,4,PS-LEGAL-PRIVILEGED,50_GMG_Ilaclari_LTD_TR,GMG-REPO-LEGAL-PRIVILEGED-TR,inherit from parent,YES,Process Owner — TBC
GMG_Enterprise_Repository/03_Business_Functions_and_Operations/50_GMG_Ilaclari_LTD_TR/LEG_Legal_and_Contracts/08_Intercompany_Agreements,4,PS-LEGAL-PRIVILEGED,50_GMG_Ilaclari_LTD_TR,GMG-REPO-LEGAL-PRIVILEGED-TR,inherit from parent,YES,Process Owner — TBC
GMG_Enterprise_Repository/03_Business_Functions_and_Operations/50_GMG_Ilaclari_LTD_TR/LEG_Legal_and_Contracts/09_Property_Lease_and_Corporate_Services,4,PS-LEGAL-PRIVILEGED,50_GMG_Ilaclari_LTD_TR,GMG-REPO-LEGAL-PRIVILEGED-TR,inherit from parent,YES,Process Owner — TBC
GMG_Enterprise_Repository/03_Business_Functions_and_Operations/50_GMG_Ilaclari_LTD_TR/LEG_Legal_and_Contracts/11_Legal_Advice_and_Compliance,4,PS-LEGAL-PRIVILEGED,50_GMG_Ilaclari_LTD_TR,GMG-REPO-LEGAL-PRIVILEGED-TR,inherit from parent,YES,Process Owner — TBC
GMG_Enterprise_Repository/03_Business_Functions_and_Operations/50_GMG_Ilaclari_LTD_TR/LEG_Legal_and_Contracts/12_Corporate_Legal_Records,4,PS-LEGAL-PRIVILEGED,50_GMG_Ilaclari_LTD_TR,GMG-REPO-LEGAL-PRIVILEGED-TR,inherit from parent,YES,Process Owner — TBC
GMG_Enterprise_Repository/03_Business_Functions_and_Operations/50_GMG_Ilaclari_LTD_TR/MFG_Manufacturing_Business_Operations,3,PS-OPS-STANDARD,50_GMG_Ilaclari_LTD_TR,GMG-REPO-OSTANDARD-TR,BREAK INHERITANCE — apply explicitly,YES,PTM / PM
GMG_Enterprise_Repository/03_Business_Functions_and_Operations/50_GMG_Ilaclari_LTD_TR/MFG_Manufacturing_Business_Operations/01_Capacity_and_Business_Planning,4,PS-OPS-STANDARD,50_GMG_Ilaclari_LTD_TR,GMG-REPO-OSTANDARD-TR,inherit from parent,YES,PTM / PM
GMG_Enterprise_Repository/03_Business_Functions_and_Operations/50_GMG_Ilaclari_LTD_TR/MFG_Manufacturing_Business_Operations/02_Cost_and_Performance,4,PS-OPS-STANDARD,50_GMG_Ilaclari_LTD_TR,GMG-REPO-OSTANDARD-TR,inherit from parent,YES,PTM / PM
GMG_Enterprise_Repository/03_Business_Functions_and_Operations/50_GMG_Ilaclari_LTD_TR/MFG_Manufacturing_Business_Operations/03_Administrative_Contracts_and_Links,4,PS-OPS-STANDARD,50_GMG_Ilaclari_LTD_TR,GMG-REPO-OSTANDARD-TR,inherit from parent,YES,PTM / PM
GMG_Enterprise_Repository/03_Business_Functions_and_Operations/50_GMG_Ilaclari_LTD_TR/PRC_Procurement,3,PS-OPS-STANDARD,50_GMG_Ilaclari_LTD_TR,GMG-REPO-OSTANDARD-TR,BREAK INHERITANCE — apply explicitly,YES,Process Owner — TBC
GMG_Enterprise_Repository/03_Business_Functions_and_Operations/50_GMG_Ilaclari_LTD_TR/PRC_Procurement/01_Purchase_Requisitions,4,PS-OPS-STANDARD,50_GMG_Ilaclari_LTD_TR,GMG-REPO-OSTANDARD-TR,inherit from parent,YES,Process Owner — TBC
GMG_Enterprise_Repository/03_Business_Functions_and_Operations/50_GMG_Ilaclari_LTD_TR/PRC_Procurement/02_Sourcing_and_Tenders,4,PS-OPS-STANDARD,50_GMG_Ilaclari_LTD_TR,GMG-REPO-OSTANDARD-TR,inherit from parent,YES,Process Owner — TBC
GMG_Enterprise_Repository/03_Business_Functions_and_Operations/50_GMG_Ilaclari_LTD_TR/PRC_Procurement/03_Vendor_Onboarding_NonGxP,4,PS-OPS-STANDARD,50_GMG_Ilaclari_LTD_TR,GMG-REPO-OSTANDARD-TR,inherit from parent,YES,Process Owner — TBC
GMG_Enterprise_Repository/03_Business_Functions_and_Operations/50_GMG_Ilaclari_LTD_TR/PRC_Procurement/04_Purchase_Orders,4,PS-OPS-STANDARD,50_GMG_Ilaclari_LTD_TR,GMG-REPO-OSTANDARD-TR,inherit from parent,YES,Process Owner — TBC
GMG_Enterprise_Repository/03_Business_Functions_and_Operations/50_GMG_Ilaclari_LTD_TR/PRC_Procurement/05_Supplier_Commercial_Performance,4,PS-OPS-STANDARD,50_GMG_Ilaclari_LTD_TR,GMG-REPO-OSTANDARD-TR,inherit from parent,YES,Process Owner — TBC
GMG_Enterprise_Repository/03_Business_Functions_and_Operations/50_GMG_Ilaclari_LTD_TR/PRC_Procurement/06_Contract_References,4,PS-OPS-STANDARD,50_GMG_Ilaclari_LTD_TR,GMG-REPO-OSTANDARD-TR,inherit from parent,YES,Process Owner — TBC
GMG_Enterprise_Repository/03_Business_Functions_and_Operations/50_GMG_Ilaclari_LTD_TR/PV_Pharmacovigilance_Administration,3,PS-PV-RESTRICTED,50_GMG_Ilaclari_LTD_TR,GMG-REPO-PV-RESTRICTED-TR,BREAK INHERITANCE — apply explicitly,YES,QPPV
GMG_Enterprise_Repository/03_Business_Functions_and_Operations/50_GMG_Ilaclari_LTD_TR/PV_Pharmacovigilance_Administration/01_Resources_and_Budget,4,PS-PV-RESTRICTED,50_GMG_Ilaclari_LTD_TR,GMG-REPO-PV-RESTRICTED-TR,inherit from parent,YES,QPPV
GMG_Enterprise_Repository/03_Business_Functions_and_Operations/50_GMG_Ilaclari_LTD_TR/PV_Pharmacovigilance_Administration/02_Service_Provider_Administration,4,PS-PV-RESTRICTED,50_GMG_Ilaclari_LTD_TR,GMG-REPO-PV-RESTRICTED-TR,inherit from parent,YES,QPPV
GMG_Enterprise_Repository/03_Business_Functions_and_Operations/50_GMG_Ilaclari_LTD_TR/PV_Pharmacovigilance_Administration/03_Team_Operations,4,PS-PV-RESTRICTED,50_GMG_Ilaclari_LTD_TR,GMG-REPO-PV-RESTRICTED-TR,inherit from parent,YES,QPPV
GMG_Enterprise_Repository/03_Business_Functions_and_Operations/50_GMG_Ilaclari_LTD_TR/QUA_Quality_Administration,3,PS-OPS-STANDARD,50_GMG_Ilaclari_LTD_TR,GMG-REPO-OSTANDARD-TR,BREAK INHERITANCE — apply explicitly,YES,QA / GQD
GMG_Enterprise_Repository/03_Business_Functions_and_Operations/50_GMG_Ilaclari_LTD_TR/QUA_Quality_Administration/01_Resources_and_Budget,4,PS-OPS-STANDARD,50_GMG_Ilaclari_LTD_TR,GMG-REPO-OSTANDARD-TR,inherit from parent,YES,QA / GQD
GMG_Enterprise_Repository/03_Business_Functions_and_Operations/50_GMG_Ilaclari_LTD_TR/QUA_Quality_Administration/02_Team_Administration,4,PS-OPS-STANDARD,50_GMG_Ilaclari_LTD_TR,GMG-REPO-OSTANDARD-TR,inherit from parent,YES,QA / GQD
GMG_Enterprise_Repository/03_Business_Functions_and_Operations/50_GMG_Ilaclari_LTD_TR/QUA_Quality_Administration/03_NonGxP_Service_Administration,4,PS-OPS-STANDARD,50_GMG_Ilaclari_LTD_TR,GMG-REPO-OSTANDARD-TR,inherit from parent,YES,QA / GQD
GMG_Enterprise_Repository/03_Business_Functions_and_Operations/50_GMG_Ilaclari_LTD_TR/QUA_Quality_Administration/04_NonGxP_Reports_and_Meetings,4,PS-OPS-STANDARD,50_GMG_Ilaclari_LTD_TR,GMG-REPO-OSTANDARD-TR,inherit from parent,YES,QA / GQD
GMG_Enterprise_Repository/03_Business_Functions_and_Operations/50_GMG_Ilaclari_LTD_TR/RA_Regulatory_Affairs_Administration,3,PS-OPS-STANDARD,50_GMG_Ilaclari_LTD_TR,GMG-REPO-OSTANDARD-TR,BREAK INHERITANCE — apply explicitly,YES,GRA
GMG_Enterprise_Repository/03_Business_Functions_and_Operations/50_GMG_Ilaclari_LTD_TR/RA_Regulatory_Affairs_Administration/01_Resources_and_Budget,4,PS-OPS-STANDARD,50_GMG_Ilaclari_LTD_TR,GMG-REPO-OSTANDARD-TR,inherit from parent,YES,GRA
GMG_Enterprise_Repository/03_Business_Functions_and_Operations/50_GMG_Ilaclari_LTD_TR/RA_Regulatory_Affairs_Administration/02_Vendor_and_Agency_Administration,4,PS-OPS-STANDARD,50_GMG_Ilaclari_LTD_TR,GMG-REPO-OSTANDARD-TR,inherit from parent,YES,GRA
GMG_Enterprise_Repository/03_Business_Functions_and_Operations/50_GMG_Ilaclari_LTD_TR/RA_Regulatory_Affairs_Administration/03_Team_Operations,4,PS-OPS-STANDARD,50_GMG_Ilaclari_LTD_TR,GMG-REPO-OSTANDARD-TR,inherit from parent,YES,GRA
GMG_Enterprise_Repository/03_Business_Functions_and_Operations/50_GMG_Ilaclari_LTD_TR/RND_RnD_Business_Operations,3,PS-OPS-STANDARD,50_GMG_Ilaclari_LTD_TR,GMG-REPO-OSTANDARD-TR,BREAK INHERITANCE — apply explicitly,YES,R&D
GMG_Enterprise_Repository/03_Business_Functions_and_Operations/50_GMG_Ilaclari_LTD_TR/RND_RnD_Business_Operations/02_Budgets_and_Resources,4,PS-OPS-STANDARD,50_GMG_Ilaclari_LTD_TR,GMG-REPO-OSTANDARD-TR,inherit from parent,YES,R&D
GMG_Enterprise_Repository/03_Business_Functions_and_Operations/50_GMG_Ilaclari_LTD_TR/RND_RnD_Business_Operations/03_Partnerships_and_IP_Links,4,PS-OPS-STANDARD,50_GMG_Ilaclari_LTD_TR,GMG-REPO-OSTANDARD-TR,inherit from parent,YES,R&D
GMG_Enterprise_Repository/03_Business_Functions_and_Operations/50_GMG_Ilaclari_LTD_TR/SCM_Supply_Chain,3,PS-OPS-STANDARD,50_GMG_Ilaclari_LTD_TR,GMG-REPO-OSTANDARD-TR,BREAK INHERITANCE — apply explicitly,YES,SC
GMG_Enterprise_Repository/03_Business_Functions_and_Operations/50_GMG_Ilaclari_LTD_TR/SCM_Supply_Chain/01_Demand_and_Supply_Planning,4,PS-OPS-STANDARD,50_GMG_Ilaclari_LTD_TR,GMG-REPO-OSTANDARD-TR,inherit from parent,YES,SC
GMG_Enterprise_Repository/03_Business_Functions_and_Operations/50_GMG_Ilaclari_LTD_TR/SCM_Supply_Chain/02_Logistics_Administration,4,PS-OPS-STANDARD,50_GMG_Ilaclari_LTD_TR,GMG-REPO-OSTANDARD-TR,inherit from parent,YES,SC
GMG_Enterprise_Repository/03_Business_Functions_and_Operations/50_GMG_Ilaclari_LTD_TR/SCM_Supply_Chain/03_Inventory_Business_Records,4,PS-OPS-STANDARD,50_GMG_Ilaclari_LTD_TR,GMG-REPO-OSTANDARD-TR,inherit from parent,YES,SC
GMG_Enterprise_Repository/03_Business_Functions_and_Operations/50_GMG_Ilaclari_LTD_TR/SCM_Supply_Chain/04_Supplier_Commercial_Performance,4,PS-OPS-STANDARD,50_GMG_Ilaclari_LTD_TR,GMG-REPO-OSTANDARD-TR,inherit from parent,YES,SC
GMG_Enterprise_Repository/03_Business_Functions_and_Operations/80_Cross_Entity,2,PS-OPS-STANDARD + restricted profiles,80_Cross_Entity,UNRESOLVED,inherit from parent,NO — CANNOT BIND,Entity and Function Owners
GMG_Enterprise_Repository/03_Business_Functions_and_Operations/90_External_or_Joint_Ventures,2,PS-OPS-STANDARD + restricted profiles,90_External_or_Joint_Ventures,UNRESOLVED,inherit from parent,NO — CANNOT BIND,Entity and Function Owners
GMG_Enterprise_Repository/04_Products_Brands_and_Dossiers,1,PS-PRODUCT-RESTRICTED,GROUP,GMG-REPO-PRODUCT-RESTRICTED-GRP,BREAK INHERITANCE — apply explicitly,YES,Portfolio / Brand / GRA / Technical Owners
GMG_Enterprise_Repository/04_Products_Brands_and_Dossiers/00_Group_Shared,2,PS-PRODUCT-RESTRICTED,00_Group_Shared,GMG-REPO-PRODUCT-RESTRICTED-GRP,inherit from parent,YES,Portfolio / Brand / GRA / Technical Owners
GMG_Enterprise_Repository/04_Products_Brands_and_Dossiers/00_Group_Shared/01_Product_Portfolio_Register,3,PS-PRODUCT-RESTRICTED,00_Group_Shared,GMG-REPO-PRODUCT-RESTRICTED-GRP,inherit from parent,YES,Portfolio / Brand / GRA / Technical Owners
GMG_Enterprise_Repository/04_Products_Brands_and_Dossiers/00_Group_Shared/02_Product_Master_Files,3,PS-PRODUCT-RESTRICTED,00_Group_Shared,GMG-REPO-PRODUCT-RESTRICTED-GRP,inherit from parent,YES,Portfolio / Brand / GRA / Technical Owners
GMG_Enterprise_Repository/04_Products_Brands_and_Dossiers/00_Group_Shared/03_Brand_Master_Files,3,PS-PRODUCT-RESTRICTED,00_Group_Shared,GMG-REPO-PRODUCT-RESTRICTED-GRP,inherit from parent,YES,Portfolio / Brand / GRA / Technical Owners
GMG_Enterprise_Repository/04_Products_Brands_and_Dossiers/00_Group_Shared/04_Dossier_and_Registration_Lifecycle,3,PS-PRODUCT-RESTRICTED,00_Group_Shared,GMG-REPO-PRODUCT-RESTRICTED-GRP,inherit from parent,YES,Portfolio / Brand / GRA / Technical Owners
GMG_Enterprise_Repository/04_Products_Brands_and_Dossiers/00_Group_Shared/05_Development_and_Technical_Transfer,3,PS-PRODUCT-RESTRICTED,00_Group_Shared,GMG-REPO-PRODUCT-RESTRICTED-GRP,inherit from parent,YES,Portfolio / Brand / GRA / Technical Owners
GMG_Enterprise_Repository/04_Products_Brands_and_Dossiers/00_Group_Shared/06_Manufacturing_and_Supply_Interfaces,3,PS-PRODUCT-RESTRICTED,00_Group_Shared,GMG-REPO-PRODUCT-RESTRICTED-GRP,inherit from parent,YES,Portfolio / Brand / GRA / Technical Owners
GMG_Enterprise_Repository/04_Products_Brands_and_Dossiers/00_Group_Shared/07_Artwork_Claims_and_Market_Variants,3,PS-PRODUCT-RESTRICTED,00_Group_Shared,GMG-REPO-PRODUCT-RESTRICTED-GRP,inherit from parent,YES,Portfolio / Brand / GRA / Technical Owners
GMG_Enterprise_Repository/04_Products_Brands_and_Dossiers/00_Group_Shared/08_Product_Change_and_Discontinuation,3,PS-PRODUCT-RESTRICTED,00_Group_Shared,GMG-REPO-PRODUCT-RESTRICTED-GRP,inherit from parent,YES,Portfolio / Brand / GRA / Technical Owners
GMG_Enterprise_Repository/04_Products_Brands_and_Dossiers/10_GMG_AG_CH,2,PS-PRODUCT-RESTRICTED,10_GMG_AG_CH,GMG-REPO-PRODUCT-RESTRICTED-CH,inherit from parent,YES,Portfolio / Brand / GRA / Technical Owners
GMG_Enterprise_Repository/04_Products_Brands_and_Dossiers/10_GMG_AG_CH/01_Product_Portfolio_Register,3,PS-PRODUCT-RESTRICTED,10_GMG_AG_CH,GMG-REPO-PRODUCT-RESTRICTED-CH,inherit from parent,YES,Portfolio / Brand / GRA / Technical Owners
GMG_Enterprise_Repository/04_Products_Brands_and_Dossiers/10_GMG_AG_CH/02_Product_Master_Files,3,PS-PRODUCT-RESTRICTED,10_GMG_AG_CH,GMG-REPO-PRODUCT-RESTRICTED-CH,inherit from parent,YES,Portfolio / Brand / GRA / Technical Owners
GMG_Enterprise_Repository/04_Products_Brands_and_Dossiers/10_GMG_AG_CH/03_Brand_Master_Files,3,PS-PRODUCT-RESTRICTED,10_GMG_AG_CH,GMG-REPO-PRODUCT-RESTRICTED-CH,inherit from parent,YES,Portfolio / Brand / GRA / Technical Owners
GMG_Enterprise_Repository/04_Products_Brands_and_Dossiers/10_GMG_AG_CH/04_Dossier_and_Registration_Lifecycle,3,PS-PRODUCT-RESTRICTED,10_GMG_AG_CH,GMG-REPO-PRODUCT-RESTRICTED-CH,inherit from parent,YES,Portfolio / Brand / GRA / Technical Owners
GMG_Enterprise_Repository/04_Products_Brands_and_Dossiers/10_GMG_AG_CH/05_Development_and_Technical_Transfer,3,PS-PRODUCT-RESTRICTED,10_GMG_AG_CH,GMG-REPO-PRODUCT-RESTRICTED-CH,inherit from parent,YES,Portfolio / Brand / GRA / Technical Owners
GMG_Enterprise_Repository/04_Products_Brands_and_Dossiers/10_GMG_AG_CH/06_Manufacturing_and_Supply_Interfaces,3,PS-PRODUCT-RESTRICTED,10_GMG_AG_CH,GMG-REPO-PRODUCT-RESTRICTED-CH,inherit from parent,YES,Portfolio / Brand / GRA / Technical Owners
GMG_Enterprise_Repository/04_Products_Brands_and_Dossiers/10_GMG_AG_CH/07_Artwork_Claims_and_Market_Variants,3,PS-PRODUCT-RESTRICTED,10_GMG_AG_CH,GMG-REPO-PRODUCT-RESTRICTED-CH,inherit from parent,YES,Portfolio / Brand / GRA / Technical Owners
GMG_Enterprise_Repository/04_Products_Brands_and_Dossiers/10_GMG_AG_CH/08_Product_Change_and_Discontinuation,3,PS-PRODUCT-RESTRICTED,10_GMG_AG_CH,GMG-REPO-PRODUCT-RESTRICTED-CH,inherit from parent,YES,Portfolio / Brand / GRA / Technical Owners
GMG_Enterprise_Repository/04_Products_Brands_and_Dossiers/10_GMG_AG_CH/COM_Commercial_and_Marketing,3,PS-PRODUCT-RESTRICTED,10_GMG_AG_CH,GMG-REPO-PRODUCT-RESTRICTED-CH,inherit from parent,YES,Portfolio / Brand / GRA / Technical Owners
GMG_Enterprise_Repository/04_Products_Brands_and_Dossiers/10_GMG_AG_CH/COM_Commercial_and_Marketing/13_Marketing_Materials,4,PS-OPS-STANDARD,10_GMG_AG_CH,GMG-REPO-OSTANDARD-CH,BREAK INHERITANCE — apply explicitly,YES,Process Owner — TBC
GMG_Enterprise_Repository/04_Products_Brands_and_Dossiers/10_GMG_AG_CH/COM_Commercial_and_Marketing/16_Portfolio_and_Product_Market_Assessment,4,PS-OPS-STANDARD,10_GMG_AG_CH,GMG-REPO-OSTANDARD-CH,BREAK INHERITANCE — apply explicitly,YES,Commercial / Portfolio Owner — TBC
GMG_Enterprise_Repository/04_Products_Brands_and_Dossiers/10_GMG_AG_CH/COM_Commercial_and_Marketing/16_Portfolio_and_Product_Market_Assessment/01_Market_Intelligence_and_Screening,5,PS-OPS-STANDARD,10_GMG_AG_CH,GMG-REPO-OSTANDARD-CH,inherit from parent,YES,Commercial / Portfolio Owner — TBC
GMG_Enterprise_Repository/04_Products_Brands_and_Dossiers/10_GMG_AG_CH/COM_Commercial_and_Marketing/16_Portfolio_and_Product_Market_Assessment/02_Gate1_Screening_Decisions,5,PS-OPS-STANDARD,10_GMG_AG_CH,GMG-REPO-OSTANDARD-CH,inherit from parent,YES,Commercial / Portfolio Owner — TBC
GMG_Enterprise_Repository/04_Products_Brands_and_Dossiers/10_GMG_AG_CH/COM_Commercial_and_Marketing/16_Portfolio_and_Product_Market_Assessment/03_Product_Market_Opportunity_Assessment,5,PS-OPS-STANDARD,10_GMG_AG_CH,GMG-REPO-OSTANDARD-CH,inherit from parent,YES,Commercial / Portfolio Owner — TBC
GMG_Enterprise_Repository/04_Products_Brands_and_Dossiers/10_GMG_AG_CH/COM_Commercial_and_Marketing/16_Portfolio_and_Product_Market_Assessment/04_Full_Feasibility,5,PS-OPS-STANDARD,10_GMG_AG_CH,GMG-REPO-OSTANDARD-CH,inherit from parent,YES,Commercial / Portfolio Owner — TBC
GMG_Enterprise_Repository/04_Products_Brands_and_Dossiers/10_GMG_AG_CH/COM_Commercial_and_Marketing/16_Portfolio_and_Product_Market_Assessment/05_Go_NoGo_Decisions,5,PS-OPS-STANDARD,10_GMG_AG_CH,GMG-REPO-OSTANDARD-CH,inherit from parent,YES,Commercial / Portfolio Owner — TBC
GMG_Enterprise_Repository/04_Products_Brands_and_Dossiers/10_GMG_AG_CH/COM_Commercial_and_Marketing/16_Portfolio_and_Product_Market_Assessment/06_Portfolio_Register_and_Handover,5,PS-OPS-STANDARD,10_GMG_AG_CH,GMG-REPO-OSTANDARD-CH,inherit from parent,YES,Commercial / Portfolio Owner — TBC
GMG_Enterprise_Repository/04_Products_Brands_and_Dossiers/30_GM_Poland_PL,2,PS-PRODUCT-RESTRICTED,30_GM_Poland_PL,GMG-REPO-PRODUCT-RESTRICTED-PL,inherit from parent,YES,Portfolio / Brand / GRA / Technical Owners
GMG_Enterprise_Repository/04_Products_Brands_and_Dossiers/30_GM_Poland_PL/01_Product_Portfolio_Register,3,PS-PRODUCT-RESTRICTED,30_GM_Poland_PL,GMG-REPO-PRODUCT-RESTRICTED-PL,inherit from parent,YES,Portfolio / Brand / GRA / Technical Owners
GMG_Enterprise_Repository/04_Products_Brands_and_Dossiers/30_GM_Poland_PL/02_Product_Master_Files,3,PS-PRODUCT-RESTRICTED,30_GM_Poland_PL,GMG-REPO-PRODUCT-RESTRICTED-PL,inherit from parent,YES,Portfolio / Brand / GRA / Technical Owners
GMG_Enterprise_Repository/04_Products_Brands_and_Dossiers/30_GM_Poland_PL/03_Brand_Master_Files,3,PS-PRODUCT-RESTRICTED,30_GM_Poland_PL,GMG-REPO-PRODUCT-RESTRICTED-PL,inherit from parent,YES,Portfolio / Brand / GRA / Technical Owners
GMG_Enterprise_Repository/04_Products_Brands_and_Dossiers/30_GM_Poland_PL/04_Dossier_and_Registration_Lifecycle,3,PS-PRODUCT-RESTRICTED,30_GM_Poland_PL,GMG-REPO-PRODUCT-RESTRICTED-PL,inherit from parent,YES,Portfolio / Brand / GRA / Technical Owners
GMG_Enterprise_Repository/04_Products_Brands_and_Dossiers/30_GM_Poland_PL/05_Development_and_Technical_Transfer,3,PS-PRODUCT-RESTRICTED,30_GM_Poland_PL,GMG-REPO-PRODUCT-RESTRICTED-PL,inherit from parent,YES,Portfolio / Brand / GRA / Technical Owners
GMG_Enterprise_Repository/04_Products_Brands_and_Dossiers/30_GM_Poland_PL/06_Manufacturing_and_Supply_Interfaces,3,PS-PRODUCT-RESTRICTED,30_GM_Poland_PL,GMG-REPO-PRODUCT-RESTRICTED-PL,inherit from parent,YES,Portfolio / Brand / GRA / Technical Owners
GMG_Enterprise_Repository/04_Products_Brands_and_Dossiers/30_GM_Poland_PL/07_Artwork_Claims_and_Market_Variants,3,PS-PRODUCT-RESTRICTED,30_GM_Poland_PL,GMG-REPO-PRODUCT-RESTRICTED-PL,inherit from parent,YES,Portfolio / Brand / GRA / Technical Owners
GMG_Enterprise_Repository/04_Products_Brands_and_Dossiers/30_GM_Poland_PL/08_Product_Change_and_Discontinuation,3,PS-PRODUCT-RESTRICTED,30_GM_Poland_PL,GMG-REPO-PRODUCT-RESTRICTED-PL,inherit from parent,YES,Portfolio / Brand / GRA / Technical Owners
GMG_Enterprise_Repository/04_Products_Brands_and_Dossiers/30_GM_Poland_PL/COM_Commercial_and_Marketing,3,PS-PRODUCT-RESTRICTED,30_GM_Poland_PL,GMG-REPO-PRODUCT-RESTRICTED-PL,inherit from parent,YES,Portfolio / Brand / GRA / Technical Owners
GMG_Enterprise_Repository/04_Products_Brands_and_Dossiers/30_GM_Poland_PL/COM_Commercial_and_Marketing/13_Marketing_Materials,4,PS-OPS-STANDARD,30_GM_Poland_PL,GMG-REPO-OSTANDARD-PL,BREAK INHERITANCE — apply explicitly,YES,Process Owner — TBC
GMG_Enterprise_Repository/04_Products_Brands_and_Dossiers/30_GM_Poland_PL/COM_Commercial_and_Marketing/16_Portfolio_and_Product_Market_Assessment,4,PS-OPS-STANDARD,30_GM_Poland_PL,GMG-REPO-OSTANDARD-PL,BREAK INHERITANCE — apply explicitly,YES,Commercial / Portfolio Owner — TBC
GMG_Enterprise_Repository/04_Products_Brands_and_Dossiers/30_GM_Poland_PL/COM_Commercial_and_Marketing/16_Portfolio_and_Product_Market_Assessment/01_Market_Intelligence_and_Screening,5,PS-OPS-STANDARD,30_GM_Poland_PL,GMG-REPO-OSTANDARD-PL,inherit from parent,YES,Commercial / Portfolio Owner — TBC
GMG_Enterprise_Repository/04_Products_Brands_and_Dossiers/30_GM_Poland_PL/COM_Commercial_and_Marketing/16_Portfolio_and_Product_Market_Assessment/02_Gate1_Screening_Decisions,5,PS-OPS-STANDARD,30_GM_Poland_PL,GMG-REPO-OSTANDARD-PL,inherit from parent,YES,Commercial / Portfolio Owner — TBC
GMG_Enterprise_Repository/04_Products_Brands_and_Dossiers/30_GM_Poland_PL/COM_Commercial_and_Marketing/16_Portfolio_and_Product_Market_Assessment/03_Product_Market_Opportunity_Assessment,5,PS-OPS-STANDARD,30_GM_Poland_PL,GMG-REPO-OSTANDARD-PL,inherit from parent,YES,Commercial / Portfolio Owner — TBC
GMG_Enterprise_Repository/04_Products_Brands_and_Dossiers/30_GM_Poland_PL/COM_Commercial_and_Marketing/16_Portfolio_and_Product_Market_Assessment/04_Full_Feasibility,5,PS-OPS-STANDARD,30_GM_Poland_PL,GMG-REPO-OSTANDARD-PL,inherit from parent,YES,Commercial / Portfolio Owner — TBC
GMG_Enterprise_Repository/04_Products_Brands_and_Dossiers/30_GM_Poland_PL/COM_Commercial_and_Marketing/16_Portfolio_and_Product_Market_Assessment/05_Go_NoGo_Decisions,5,PS-OPS-STANDARD,30_GM_Poland_PL,GMG-REPO-OSTANDARD-PL,inherit from parent,YES,Commercial / Portfolio Owner — TBC
GMG_Enterprise_Repository/04_Products_Brands_and_Dossiers/30_GM_Poland_PL/COM_Commercial_and_Marketing/16_Portfolio_and_Product_Market_Assessment/06_Portfolio_Register_and_Handover,5,PS-OPS-STANDARD,30_GM_Poland_PL,GMG-REPO-OSTANDARD-PL,inherit from parent,YES,Commercial / Portfolio Owner — TBC
GMG_Enterprise_Repository/04_Products_Brands_and_Dossiers/40_Miquel_y_Garriga_SL_ES,2,PS-PRODUCT-RESTRICTED,40_Miquel_y_Garriga_SL_ES,GMG-REPO-PRODUCT-RESTRICTED-MYG,inherit from parent,YES,Portfolio / Brand / GRA / Technical Owners
GMG_Enterprise_Repository/04_Products_Brands_and_Dossiers/40_Miquel_y_Garriga_SL_ES/01_Product_Portfolio_Register,3,PS-PRODUCT-RESTRICTED,40_Miquel_y_Garriga_SL_ES,GMG-REPO-PRODUCT-RESTRICTED-MYG,inherit from parent,YES,Portfolio / Brand / GRA / Technical Owners
GMG_Enterprise_Repository/04_Products_Brands_and_Dossiers/40_Miquel_y_Garriga_SL_ES/02_Product_Master_Files,3,PS-PRODUCT-RESTRICTED,40_Miquel_y_Garriga_SL_ES,GMG-REPO-PRODUCT-RESTRICTED-MYG,inherit from parent,YES,Portfolio / Brand / GRA / Technical Owners
GMG_Enterprise_Repository/04_Products_Brands_and_Dossiers/40_Miquel_y_Garriga_SL_ES/03_Brand_Master_Files,3,PS-PRODUCT-RESTRICTED,40_Miquel_y_Garriga_SL_ES,GMG-REPO-PRODUCT-RESTRICTED-MYG,inherit from parent,YES,Portfolio / Brand / GRA / Technical Owners
GMG_Enterprise_Repository/04_Products_Brands_and_Dossiers/40_Miquel_y_Garriga_SL_ES/04_Dossier_and_Registration_Lifecycle,3,PS-PRODUCT-RESTRICTED,40_Miquel_y_Garriga_SL_ES,GMG-REPO-PRODUCT-RESTRICTED-MYG,inherit from parent,YES,Portfolio / Brand / GRA / Technical Owners
GMG_Enterprise_Repository/04_Products_Brands_and_Dossiers/40_Miquel_y_Garriga_SL_ES/05_Development_and_Technical_Transfer,3,PS-PRODUCT-RESTRICTED,40_Miquel_y_Garriga_SL_ES,GMG-REPO-PRODUCT-RESTRICTED-MYG,inherit from parent,YES,Portfolio / Brand / GRA / Technical Owners
GMG_Enterprise_Repository/04_Products_Brands_and_Dossiers/40_Miquel_y_Garriga_SL_ES/06_Manufacturing_and_Supply_Interfaces,3,PS-PRODUCT-RESTRICTED,40_Miquel_y_Garriga_SL_ES,GMG-REPO-PRODUCT-RESTRICTED-MYG,inherit from parent,YES,Portfolio / Brand / GRA / Technical Owners
GMG_Enterprise_Repository/04_Products_Brands_and_Dossiers/40_Miquel_y_Garriga_SL_ES/07_Artwork_Claims_and_Market_Variants,3,PS-PRODUCT-RESTRICTED,40_Miquel_y_Garriga_SL_ES,GMG-REPO-PRODUCT-RESTRICTED-MYG,inherit from parent,YES,Portfolio / Brand / GRA / Technical Owners
GMG_Enterprise_Repository/04_Products_Brands_and_Dossiers/40_Miquel_y_Garriga_SL_ES/08_Product_Change_and_Discontinuation,3,PS-PRODUCT-RESTRICTED,40_Miquel_y_Garriga_SL_ES,GMG-REPO-PRODUCT-RESTRICTED-MYG,inherit from parent,YES,Portfolio / Brand / GRA / Technical Owners
GMG_Enterprise_Repository/04_Products_Brands_and_Dossiers/40_Miquel_y_Garriga_SL_ES/COM_Commercial_and_Marketing,3,PS-PRODUCT-RESTRICTED,40_Miquel_y_Garriga_SL_ES,GMG-REPO-PRODUCT-RESTRICTED-MYG,inherit from parent,YES,Portfolio / Brand / GRA / Technical Owners
GMG_Enterprise_Repository/04_Products_Brands_and_Dossiers/40_Miquel_y_Garriga_SL_ES/COM_Commercial_and_Marketing/13_Marketing_Materials,4,PS-OPS-STANDARD,40_Miquel_y_Garriga_SL_ES,GMG-REPO-OSTANDARD-MYG,BREAK INHERITANCE — apply explicitly,YES,Process Owner — TBC
GMG_Enterprise_Repository/04_Products_Brands_and_Dossiers/40_Miquel_y_Garriga_SL_ES/COM_Commercial_and_Marketing/16_Portfolio_and_Product_Market_Assessment,4,PS-OPS-STANDARD,40_Miquel_y_Garriga_SL_ES,GMG-REPO-OSTANDARD-MYG,BREAK INHERITANCE — apply explicitly,YES,Commercial / Portfolio Owner — TBC
GMG_Enterprise_Repository/04_Products_Brands_and_Dossiers/40_Miquel_y_Garriga_SL_ES/COM_Commercial_and_Marketing/16_Portfolio_and_Product_Market_Assessment/01_Market_Intelligence_and_Screening,5,PS-OPS-STANDARD,40_Miquel_y_Garriga_SL_ES,GMG-REPO-OSTANDARD-MYG,inherit from parent,YES,Commercial / Portfolio Owner — TBC
GMG_Enterprise_Repository/04_Products_Brands_and_Dossiers/40_Miquel_y_Garriga_SL_ES/COM_Commercial_and_Marketing/16_Portfolio_and_Product_Market_Assessment/02_Gate1_Screening_Decisions,5,PS-OPS-STANDARD,40_Miquel_y_Garriga_SL_ES,GMG-REPO-OSTANDARD-MYG,inherit from parent,YES,Commercial / Portfolio Owner — TBC
GMG_Enterprise_Repository/04_Products_Brands_and_Dossiers/40_Miquel_y_Garriga_SL_ES/COM_Commercial_and_Marketing/16_Portfolio_and_Product_Market_Assessment/03_Product_Market_Opportunity_Assessment,5,PS-OPS-STANDARD,40_Miquel_y_Garriga_SL_ES,GMG-REPO-OSTANDARD-MYG,inherit from parent,YES,Commercial / Portfolio Owner — TBC
GMG_Enterprise_Repository/04_Products_Brands_and_Dossiers/40_Miquel_y_Garriga_SL_ES/COM_Commercial_and_Marketing/16_Portfolio_and_Product_Market_Assessment/04_Full_Feasibility,5,PS-OPS-STANDARD,40_Miquel_y_Garriga_SL_ES,GMG-REPO-OSTANDARD-MYG,inherit from parent,YES,Commercial / Portfolio Owner — TBC
GMG_Enterprise_Repository/04_Products_Brands_and_Dossiers/40_Miquel_y_Garriga_SL_ES/COM_Commercial_and_Marketing/16_Portfolio_and_Product_Market_Assessment/05_Go_NoGo_Decisions,5,PS-OPS-STANDARD,40_Miquel_y_Garriga_SL_ES,GMG-REPO-OSTANDARD-MYG,inherit from parent,YES,Commercial / Portfolio Owner — TBC
GMG_Enterprise_Repository/04_Products_Brands_and_Dossiers/40_Miquel_y_Garriga_SL_ES/COM_Commercial_and_Marketing/16_Portfolio_and_Product_Market_Assessment/06_Portfolio_Register_and_Handover,5,PS-OPS-STANDARD,40_Miquel_y_Garriga_SL_ES,GMG-REPO-OSTANDARD-MYG,inherit from parent,YES,Commercial / Portfolio Owner — TBC
GMG_Enterprise_Repository/04_Products_Brands_and_Dossiers/50_GMG_Ilaclari_LTD_TR,2,PS-PRODUCT-RESTRICTED,50_GMG_Ilaclari_LTD_TR,GMG-REPO-PRODUCT-RESTRICTED-TR,inherit from parent,YES,Portfolio / Brand / GRA / Technical Owners
GMG_Enterprise_Repository/04_Products_Brands_and_Dossiers/50_GMG_Ilaclari_LTD_TR/01_Product_Portfolio_Register,3,PS-PRODUCT-RESTRICTED,50_GMG_Ilaclari_LTD_TR,GMG-REPO-PRODUCT-RESTRICTED-TR,inherit from parent,YES,Portfolio / Brand / GRA / Technical Owners
GMG_Enterprise_Repository/04_Products_Brands_and_Dossiers/50_GMG_Ilaclari_LTD_TR/02_Product_Master_Files,3,PS-PRODUCT-RESTRICTED,50_GMG_Ilaclari_LTD_TR,GMG-REPO-PRODUCT-RESTRICTED-TR,inherit from parent,YES,Portfolio / Brand / GRA / Technical Owners
GMG_Enterprise_Repository/04_Products_Brands_and_Dossiers/50_GMG_Ilaclari_LTD_TR/03_Brand_Master_Files,3,PS-PRODUCT-RESTRICTED,50_GMG_Ilaclari_LTD_TR,GMG-REPO-PRODUCT-RESTRICTED-TR,inherit from parent,YES,Portfolio / Brand / GRA / Technical Owners
GMG_Enterprise_Repository/04_Products_Brands_and_Dossiers/50_GMG_Ilaclari_LTD_TR/04_Dossier_and_Registration_Lifecycle,3,PS-PRODUCT-RESTRICTED,50_GMG_Ilaclari_LTD_TR,GMG-REPO-PRODUCT-RESTRICTED-TR,inherit from parent,YES,Portfolio / Brand / GRA / Technical Owners
GMG_Enterprise_Repository/04_Products_Brands_and_Dossiers/50_GMG_Ilaclari_LTD_TR/05_Development_and_Technical_Transfer,3,PS-PRODUCT-RESTRICTED,50_GMG_Ilaclari_LTD_TR,GMG-REPO-PRODUCT-RESTRICTED-TR,inherit from parent,YES,Portfolio / Brand / GRA / Technical Owners
GMG_Enterprise_Repository/04_Products_Brands_and_Dossiers/50_GMG_Ilaclari_LTD_TR/06_Manufacturing_and_Supply_Interfaces,3,PS-PRODUCT-RESTRICTED,50_GMG_Ilaclari_LTD_TR,GMG-REPO-PRODUCT-RESTRICTED-TR,inherit from parent,YES,Portfolio / Brand / GRA / Technical Owners
GMG_Enterprise_Repository/04_Products_Brands_and_Dossiers/50_GMG_Ilaclari_LTD_TR/07_Artwork_Claims_and_Market_Variants,3,PS-PRODUCT-RESTRICTED,50_GMG_Ilaclari_LTD_TR,GMG-REPO-PRODUCT-RESTRICTED-TR,inherit from parent,YES,Portfolio / Brand / GRA / Technical Owners
GMG_Enterprise_Repository/04_Products_Brands_and_Dossiers/50_GMG_Ilaclari_LTD_TR/08_Product_Change_and_Discontinuation,3,PS-PRODUCT-RESTRICTED,50_GMG_Ilaclari_LTD_TR,GMG-REPO-PRODUCT-RESTRICTED-TR,inherit from parent,YES,Portfolio / Brand / GRA / Technical Owners
GMG_Enterprise_Repository/04_Products_Brands_and_Dossiers/50_GMG_Ilaclari_LTD_TR/COM_Commercial_and_Marketing,3,PS-PRODUCT-RESTRICTED,50_GMG_Ilaclari_LTD_TR,GMG-REPO-PRODUCT-RESTRICTED-TR,inherit from parent,YES,Portfolio / Brand / GRA / Technical Owners
GMG_Enterprise_Repository/04_Products_Brands_and_Dossiers/50_GMG_Ilaclari_LTD_TR/COM_Commercial_and_Marketing/13_Marketing_Materials,4,PS-OPS-STANDARD,50_GMG_Ilaclari_LTD_TR,GMG-REPO-OSTANDARD-TR,BREAK INHERITANCE — apply explicitly,YES,Process Owner — TBC
GMG_Enterprise_Repository/04_Products_Brands_and_Dossiers/50_GMG_Ilaclari_LTD_TR/COM_Commercial_and_Marketing/16_Portfolio_and_Product_Market_Assessment,4,PS-OPS-STANDARD,50_GMG_Ilaclari_LTD_TR,GMG-REPO-OSTANDARD-TR,BREAK INHERITANCE — apply explicitly,YES,Commercial / Portfolio Owner — TBC
GMG_Enterprise_Repository/04_Products_Brands_and_Dossiers/50_GMG_Ilaclari_LTD_TR/COM_Commercial_and_Marketing/16_Portfolio_and_Product_Market_Assessment/01_Market_Intelligence_and_Screening,5,PS-OPS-STANDARD,50_GMG_Ilaclari_LTD_TR,GMG-REPO-OSTANDARD-TR,inherit from parent,YES,Commercial / Portfolio Owner — TBC
GMG_Enterprise_Repository/04_Products_Brands_and_Dossiers/50_GMG_Ilaclari_LTD_TR/COM_Commercial_and_Marketing/16_Portfolio_and_Product_Market_Assessment/02_Gate1_Screening_Decisions,5,PS-OPS-STANDARD,50_GMG_Ilaclari_LTD_TR,GMG-REPO-OSTANDARD-TR,inherit from parent,YES,Commercial / Portfolio Owner — TBC
GMG_Enterprise_Repository/04_Products_Brands_and_Dossiers/50_GMG_Ilaclari_LTD_TR/COM_Commercial_and_Marketing/16_Portfolio_and_Product_Market_Assessment/03_Product_Market_Opportunity_Assessment,5,PS-OPS-STANDARD,50_GMG_Ilaclari_LTD_TR,GMG-REPO-OSTANDARD-TR,inherit from parent,YES,Commercial / Portfolio Owner — TBC
GMG_Enterprise_Repository/04_Products_Brands_and_Dossiers/50_GMG_Ilaclari_LTD_TR/COM_Commercial_and_Marketing/16_Portfolio_and_Product_Market_Assessment/04_Full_Feasibility,5,PS-OPS-STANDARD,50_GMG_Ilaclari_LTD_TR,GMG-REPO-OSTANDARD-TR,inherit from parent,YES,Commercial / Portfolio Owner — TBC
GMG_Enterprise_Repository/04_Products_Brands_and_Dossiers/50_GMG_Ilaclari_LTD_TR/COM_Commercial_and_Marketing/16_Portfolio_and_Product_Market_Assessment/05_Go_NoGo_Decisions,5,PS-OPS-STANDARD,50_GMG_Ilaclari_LTD_TR,GMG-REPO-OSTANDARD-TR,inherit from parent,YES,Commercial / Portfolio Owner — TBC
GMG_Enterprise_Repository/04_Products_Brands_and_Dossiers/50_GMG_Ilaclari_LTD_TR/COM_Commercial_and_Marketing/16_Portfolio_and_Product_Market_Assessment/06_Portfolio_Register_and_Handover,5,PS-OPS-STANDARD,50_GMG_Ilaclari_LTD_TR,GMG-REPO-OSTANDARD-TR,inherit from parent,YES,Commercial / Portfolio Owner — TBC
GMG_Enterprise_Repository/04_Products_Brands_and_Dossiers/80_Cross_Entity,2,PS-PRODUCT-RESTRICTED,80_Cross_Entity,GMG-REPO-PRODUCT-RESTRICTED-XE,inherit from parent,YES,Portfolio / Brand / GRA / Technical Owners
GMG_Enterprise_Repository/04_Products_Brands_and_Dossiers/80_Cross_Entity/01_Product_Portfolio_Register,3,PS-PRODUCT-RESTRICTED,80_Cross_Entity,GMG-REPO-PRODUCT-RESTRICTED-XE,inherit from parent,YES,Portfolio / Brand / GRA / Technical Owners
GMG_Enterprise_Repository/04_Products_Brands_and_Dossiers/80_Cross_Entity/02_Product_Master_Files,3,PS-PRODUCT-RESTRICTED,80_Cross_Entity,GMG-REPO-PRODUCT-RESTRICTED-XE,inherit from parent,YES,Portfolio / Brand / GRA / Technical Owners
GMG_Enterprise_Repository/04_Products_Brands_and_Dossiers/80_Cross_Entity/03_Brand_Master_Files,3,PS-PRODUCT-RESTRICTED,80_Cross_Entity,GMG-REPO-PRODUCT-RESTRICTED-XE,inherit from parent,YES,Portfolio / Brand / GRA / Technical Owners
GMG_Enterprise_Repository/04_Products_Brands_and_Dossiers/80_Cross_Entity/04_Dossier_and_Registration_Lifecycle,3,PS-PRODUCT-RESTRICTED,80_Cross_Entity,GMG-REPO-PRODUCT-RESTRICTED-XE,inherit from parent,YES,Portfolio / Brand / GRA / Technical Owners
GMG_Enterprise_Repository/04_Products_Brands_and_Dossiers/80_Cross_Entity/05_Development_and_Technical_Transfer,3,PS-PRODUCT-RESTRICTED,80_Cross_Entity,GMG-REPO-PRODUCT-RESTRICTED-XE,inherit from parent,YES,Portfolio / Brand / GRA / Technical Owners
GMG_Enterprise_Repository/04_Products_Brands_and_Dossiers/80_Cross_Entity/06_Manufacturing_and_Supply_Interfaces,3,PS-PRODUCT-RESTRICTED,80_Cross_Entity,GMG-REPO-PRODUCT-RESTRICTED-XE,inherit from parent,YES,Portfolio / Brand / GRA / Technical Owners
GMG_Enterprise_Repository/04_Products_Brands_and_Dossiers/80_Cross_Entity/07_Artwork_Claims_and_Market_Variants,3,PS-PRODUCT-RESTRICTED,80_Cross_Entity,GMG-REPO-PRODUCT-RESTRICTED-XE,inherit from parent,YES,Portfolio / Brand / GRA / Technical Owners
GMG_Enterprise_Repository/04_Products_Brands_and_Dossiers/80_Cross_Entity/08_Product_Change_and_Discontinuation,3,PS-PRODUCT-RESTRICTED,80_Cross_Entity,GMG-REPO-PRODUCT-RESTRICTED-XE,inherit from parent,YES,Portfolio / Brand / GRA / Technical Owners
GMG_Enterprise_Repository/04_Products_Brands_and_Dossiers/90_External_or_Joint_Ventures,2,PS-PRODUCT-RESTRICTED,90_External_or_Joint_Ventures,GMG-REPO-PRODUCT-RESTRICTED-EXT,inherit from parent,YES,Portfolio / Brand / GRA / Technical Owners
GMG_Enterprise_Repository/04_Products_Brands_and_Dossiers/90_External_or_Joint_Ventures/01_Product_Portfolio_Register,3,PS-PRODUCT-RESTRICTED,90_External_or_Joint_Ventures,GMG-REPO-PRODUCT-RESTRICTED-EXT,inherit from parent,YES,Portfolio / Brand / GRA / Technical Owners
GMG_Enterprise_Repository/04_Products_Brands_and_Dossiers/90_External_or_Joint_Ventures/02_Product_Master_Files,3,PS-PRODUCT-RESTRICTED,90_External_or_Joint_Ventures,GMG-REPO-PRODUCT-RESTRICTED-EXT,inherit from parent,YES,Portfolio / Brand / GRA / Technical Owners
GMG_Enterprise_Repository/04_Products_Brands_and_Dossiers/90_External_or_Joint_Ventures/03_Brand_Master_Files,3,PS-PRODUCT-RESTRICTED,90_External_or_Joint_Ventures,GMG-REPO-PRODUCT-RESTRICTED-EXT,inherit from parent,YES,Portfolio / Brand / GRA / Technical Owners
GMG_Enterprise_Repository/04_Products_Brands_and_Dossiers/90_External_or_Joint_Ventures/04_Dossier_and_Registration_Lifecycle,3,PS-PRODUCT-RESTRICTED,90_External_or_Joint_Ventures,GMG-REPO-PRODUCT-RESTRICTED-EXT,inherit from parent,YES,Portfolio / Brand / GRA / Technical Owners
GMG_Enterprise_Repository/04_Products_Brands_and_Dossiers/90_External_or_Joint_Ventures/05_Development_and_Technical_Transfer,3,PS-PRODUCT-RESTRICTED,90_External_or_Joint_Ventures,GMG-REPO-PRODUCT-RESTRICTED-EXT,inherit from parent,YES,Portfolio / Brand / GRA / Technical Owners
GMG_Enterprise_Repository/04_Products_Brands_and_Dossiers/90_External_or_Joint_Ventures/06_Manufacturing_and_Supply_Interfaces,3,PS-PRODUCT-RESTRICTED,90_External_or_Joint_Ventures,GMG-REPO-PRODUCT-RESTRICTED-EXT,inherit from parent,YES,Portfolio / Brand / GRA / Technical Owners
GMG_Enterprise_Repository/04_Products_Brands_and_Dossiers/90_External_or_Joint_Ventures/07_Artwork_Claims_and_Market_Variants,3,PS-PRODUCT-RESTRICTED,90_External_or_Joint_Ventures,GMG-REPO-PRODUCT-RESTRICTED-EXT,inherit from parent,YES,Portfolio / Brand / GRA / Technical Owners
GMG_Enterprise_Repository/04_Products_Brands_and_Dossiers/90_External_or_Joint_Ventures/08_Product_Change_and_Discontinuation,3,PS-PRODUCT-RESTRICTED,90_External_or_Joint_Ventures,GMG-REPO-PRODUCT-RESTRICTED-EXT,inherit from parent,YES,Portfolio / Brand / GRA / Technical Owners
GMG_Enterprise_Repository/05_Markets_Expansion_and_Countries,1,PS-MARKET,GROUP,GMG-REPO-MARKET-GRP,BREAK INHERITANCE — apply explicitly,YES,Commercial / GRA / Country Owners
GMG_Enterprise_Repository/05_Markets_Expansion_and_Countries/00_Group_Shared,2,PS-MARKET,00_Group_Shared,GMG-REPO-MARKET-GRP,inherit from parent,YES,Commercial / GRA / Country Owners
GMG_Enterprise_Repository/05_Markets_Expansion_and_Countries/00_Group_Shared/01_Market_Intelligence_and_Screening,3,PS-MARKET,00_Group_Shared,GMG-REPO-MARKET-GRP,inherit from parent,YES,Commercial / GRA / Country Owners
GMG_Enterprise_Repository/05_Markets_Expansion_and_Countries/00_Group_Shared/02_Country_and_Market_Prioritisation,3,PS-MARKET,00_Group_Shared,GMG-REPO-MARKET-GRP,inherit from parent,YES,Commercial / GRA / Country Owners
GMG_Enterprise_Repository/05_Markets_Expansion_and_Countries/00_Group_Shared/03_Market_Entry_Business_Cases,3,PS-MARKET,00_Group_Shared,GMG-REPO-MARKET-GRP,inherit from parent,YES,Commercial / GRA / Country Owners
GMG_Enterprise_Repository/05_Markets_Expansion_and_Countries/00_Group_Shared/04_Regulatory_and_Commercial_Readiness,3,PS-MARKET,00_Group_Shared,GMG-REPO-MARKET-GRP,inherit from parent,YES,Commercial / GRA / Country Owners
GMG_Enterprise_Repository/05_Markets_Expansion_and_Countries/00_Group_Shared/05_Country_Launch_and_Implementation,3,PS-MARKET,00_Group_Shared,GMG-REPO-MARKET-GRP,inherit from parent,YES,Commercial / GRA / Country Owners
GMG_Enterprise_Repository/05_Markets_Expansion_and_Countries/00_Group_Shared/06_Expansion_Portfolio,3,PS-MARKET,00_Group_Shared,GMG-REPO-MARKET-GRP,inherit from parent,YES,Commercial / GRA / Country Owners
GMG_Enterprise_Repository/05_Markets_Expansion_and_Countries/00_Group_Shared/07_Closed_or_Deferred_Markets,3,PS-MARKET,00_Group_Shared,GMG-REPO-MARKET-GRP,inherit from parent,YES,Commercial / GRA / Country Owners
GMG_Enterprise_Repository/05_Markets_Expansion_and_Countries/10_GMG_AG_CH,2,PS-MARKET,10_GMG_AG_CH,GMG-REPO-MARKET-CH,inherit from parent,YES,Commercial / GRA / Country Owners
GMG_Enterprise_Repository/05_Markets_Expansion_and_Countries/10_GMG_AG_CH/01_Market_Intelligence_and_Screening,3,PS-MARKET,10_GMG_AG_CH,GMG-REPO-MARKET-CH,inherit from parent,YES,Commercial / GRA / Country Owners
GMG_Enterprise_Repository/05_Markets_Expansion_and_Countries/10_GMG_AG_CH/02_Country_and_Market_Prioritisation,3,PS-MARKET,10_GMG_AG_CH,GMG-REPO-MARKET-CH,inherit from parent,YES,Commercial / GRA / Country Owners
GMG_Enterprise_Repository/05_Markets_Expansion_and_Countries/10_GMG_AG_CH/03_Market_Entry_Business_Cases,3,PS-MARKET,10_GMG_AG_CH,GMG-REPO-MARKET-CH,inherit from parent,YES,Commercial / GRA / Country Owners
GMG_Enterprise_Repository/05_Markets_Expansion_and_Countries/10_GMG_AG_CH/04_Regulatory_and_Commercial_Readiness,3,PS-MARKET,10_GMG_AG_CH,GMG-REPO-MARKET-CH,inherit from parent,YES,Commercial / GRA / Country Owners
GMG_Enterprise_Repository/05_Markets_Expansion_and_Countries/10_GMG_AG_CH/05_Country_Launch_and_Implementation,3,PS-MARKET,10_GMG_AG_CH,GMG-REPO-MARKET-CH,inherit from parent,YES,Commercial / GRA / Country Owners
GMG_Enterprise_Repository/05_Markets_Expansion_and_Countries/10_GMG_AG_CH/06_Expansion_Portfolio,3,PS-MARKET,10_GMG_AG_CH,GMG-REPO-MARKET-CH,inherit from parent,YES,Commercial / GRA / Country Owners
GMG_Enterprise_Repository/05_Markets_Expansion_and_Countries/10_GMG_AG_CH/07_Closed_or_Deferred_Markets,3,PS-MARKET,10_GMG_AG_CH,GMG-REPO-MARKET-CH,inherit from parent,YES,Commercial / GRA / Country Owners
GMG_Enterprise_Repository/05_Markets_Expansion_and_Countries/10_GMG_AG_CH/COM_Commercial_and_Marketing,3,PS-MARKET,10_GMG_AG_CH,GMG-REPO-MARKET-CH,inherit from parent,YES,Commercial / GRA / Country Owners
GMG_Enterprise_Repository/05_Markets_Expansion_and_Countries/10_GMG_AG_CH/COM_Commercial_and_Marketing/01_Target_Markets,4,PS-OPS-STANDARD,10_GMG_AG_CH,GMG-REPO-OSTANDARD-CH,BREAK INHERITANCE — apply explicitly,YES,Process Owner — TBC
GMG_Enterprise_Repository/05_Markets_Expansion_and_Countries/10_GMG_AG_CH/CTY_Country_Operations_Residual,3,PS-MARKET,10_GMG_AG_CH,GMG-REPO-MARKET-CH,inherit from parent,YES,Commercial / GRA / Country Owners
GMG_Enterprise_Repository/05_Markets_Expansion_and_Countries/10_GMG_AG_CH/CTY_Country_Operations_Residual/02_Local_Institutional_Relations,4,PS-OPS-STANDARD,10_GMG_AG_CH,GMG-REPO-OSTANDARD-CH,BREAK INHERITANCE — apply explicitly,YES,Country Owner — TBC
GMG_Enterprise_Repository/05_Markets_Expansion_and_Countries/10_GMG_AG_CH/CTY_Country_Operations_Residual/03_Country_Coordination,4,PS-OPS-STANDARD,10_GMG_AG_CH,GMG-REPO-OSTANDARD-CH,BREAK INHERITANCE — apply explicitly,YES,Country Owner — TBC
GMG_Enterprise_Repository/05_Markets_Expansion_and_Countries/30_GM_Poland_PL,2,PS-MARKET,30_GM_Poland_PL,GMG-REPO-MARKET-PL,inherit from parent,YES,Commercial / GRA / Country Owners
GMG_Enterprise_Repository/05_Markets_Expansion_and_Countries/30_GM_Poland_PL/01_Market_Intelligence_and_Screening,3,PS-MARKET,30_GM_Poland_PL,GMG-REPO-MARKET-PL,inherit from parent,YES,Commercial / GRA / Country Owners
GMG_Enterprise_Repository/05_Markets_Expansion_and_Countries/30_GM_Poland_PL/02_Country_and_Market_Prioritisation,3,PS-MARKET,30_GM_Poland_PL,GMG-REPO-MARKET-PL,inherit from parent,YES,Commercial / GRA / Country Owners
GMG_Enterprise_Repository/05_Markets_Expansion_and_Countries/30_GM_Poland_PL/03_Market_Entry_Business_Cases,3,PS-MARKET,30_GM_Poland_PL,GMG-REPO-MARKET-PL,inherit from parent,YES,Commercial / GRA / Country Owners
GMG_Enterprise_Repository/05_Markets_Expansion_and_Countries/30_GM_Poland_PL/04_Regulatory_and_Commercial_Readiness,3,PS-MARKET,30_GM_Poland_PL,GMG-REPO-MARKET-PL,inherit from parent,YES,Commercial / GRA / Country Owners
GMG_Enterprise_Repository/05_Markets_Expansion_and_Countries/30_GM_Poland_PL/05_Country_Launch_and_Implementation,3,PS-MARKET,30_GM_Poland_PL,GMG-REPO-MARKET-PL,inherit from parent,YES,Commercial / GRA / Country Owners
GMG_Enterprise_Repository/05_Markets_Expansion_and_Countries/30_GM_Poland_PL/06_Expansion_Portfolio,3,PS-MARKET,30_GM_Poland_PL,GMG-REPO-MARKET-PL,inherit from parent,YES,Commercial / GRA / Country Owners
GMG_Enterprise_Repository/05_Markets_Expansion_and_Countries/30_GM_Poland_PL/07_Closed_or_Deferred_Markets,3,PS-MARKET,30_GM_Poland_PL,GMG-REPO-MARKET-PL,inherit from parent,YES,Commercial / GRA / Country Owners
GMG_Enterprise_Repository/05_Markets_Expansion_and_Countries/30_GM_Poland_PL/COM_Commercial_and_Marketing,3,PS-MARKET,30_GM_Poland_PL,GMG-REPO-MARKET-PL,inherit from parent,YES,Commercial / GRA / Country Owners
GMG_Enterprise_Repository/05_Markets_Expansion_and_Countries/30_GM_Poland_PL/COM_Commercial_and_Marketing/01_Target_Markets,4,PS-OPS-STANDARD,30_GM_Poland_PL,GMG-REPO-OSTANDARD-PL,BREAK INHERITANCE — apply explicitly,YES,Process Owner — TBC
GMG_Enterprise_Repository/05_Markets_Expansion_and_Countries/30_GM_Poland_PL/CTY_Country_Operations_Residual,3,PS-MARKET,30_GM_Poland_PL,GMG-REPO-MARKET-PL,inherit from parent,YES,Commercial / GRA / Country Owners
GMG_Enterprise_Repository/05_Markets_Expansion_and_Countries/30_GM_Poland_PL/CTY_Country_Operations_Residual/02_Local_Institutional_Relations,4,PS-OPS-STANDARD,30_GM_Poland_PL,GMG-REPO-OSTANDARD-PL,BREAK INHERITANCE — apply explicitly,YES,Country Owner — TBC
GMG_Enterprise_Repository/05_Markets_Expansion_and_Countries/30_GM_Poland_PL/CTY_Country_Operations_Residual/03_Country_Coordination,4,PS-OPS-STANDARD,30_GM_Poland_PL,GMG-REPO-OSTANDARD-PL,BREAK INHERITANCE — apply explicitly,YES,Country Owner — TBC
GMG_Enterprise_Repository/05_Markets_Expansion_and_Countries/40_Miquel_y_Garriga_SL_ES,2,PS-MARKET,40_Miquel_y_Garriga_SL_ES,GMG-REPO-MARKET-MYG,inherit from parent,YES,Commercial / GRA / Country Owners
GMG_Enterprise_Repository/05_Markets_Expansion_and_Countries/40_Miquel_y_Garriga_SL_ES/01_Market_Intelligence_and_Screening,3,PS-MARKET,40_Miquel_y_Garriga_SL_ES,GMG-REPO-MARKET-MYG,inherit from parent,YES,Commercial / GRA / Country Owners
GMG_Enterprise_Repository/05_Markets_Expansion_and_Countries/40_Miquel_y_Garriga_SL_ES/02_Country_and_Market_Prioritisation,3,PS-MARKET,40_Miquel_y_Garriga_SL_ES,GMG-REPO-MARKET-MYG,inherit from parent,YES,Commercial / GRA / Country Owners
GMG_Enterprise_Repository/05_Markets_Expansion_and_Countries/40_Miquel_y_Garriga_SL_ES/03_Market_Entry_Business_Cases,3,PS-MARKET,40_Miquel_y_Garriga_SL_ES,GMG-REPO-MARKET-MYG,inherit from parent,YES,Commercial / GRA / Country Owners
GMG_Enterprise_Repository/05_Markets_Expansion_and_Countries/40_Miquel_y_Garriga_SL_ES/04_Regulatory_and_Commercial_Readiness,3,PS-MARKET,40_Miquel_y_Garriga_SL_ES,GMG-REPO-MARKET-MYG,inherit from parent,YES,Commercial / GRA / Country Owners
GMG_Enterprise_Repository/05_Markets_Expansion_and_Countries/40_Miquel_y_Garriga_SL_ES/05_Country_Launch_and_Implementation,3,PS-MARKET,40_Miquel_y_Garriga_SL_ES,GMG-REPO-MARKET-MYG,inherit from parent,YES,Commercial / GRA / Country Owners
GMG_Enterprise_Repository/05_Markets_Expansion_and_Countries/40_Miquel_y_Garriga_SL_ES/06_Expansion_Portfolio,3,PS-MARKET,40_Miquel_y_Garriga_SL_ES,GMG-REPO-MARKET-MYG,inherit from parent,YES,Commercial / GRA / Country Owners
GMG_Enterprise_Repository/05_Markets_Expansion_and_Countries/40_Miquel_y_Garriga_SL_ES/07_Closed_or_Deferred_Markets,3,PS-MARKET,40_Miquel_y_Garriga_SL_ES,GMG-REPO-MARKET-MYG,inherit from parent,YES,Commercial / GRA / Country Owners
GMG_Enterprise_Repository/05_Markets_Expansion_and_Countries/40_Miquel_y_Garriga_SL_ES/COM_Commercial_and_Marketing,3,PS-MARKET,40_Miquel_y_Garriga_SL_ES,GMG-REPO-MARKET-MYG,inherit from parent,YES,Commercial / GRA / Country Owners
GMG_Enterprise_Repository/05_Markets_Expansion_and_Countries/40_Miquel_y_Garriga_SL_ES/COM_Commercial_and_Marketing/01_Target_Markets,4,PS-OPS-STANDARD,40_Miquel_y_Garriga_SL_ES,GMG-REPO-OSTANDARD-MYG,BREAK INHERITANCE — apply explicitly,YES,Process Owner — TBC
GMG_Enterprise_Repository/05_Markets_Expansion_and_Countries/40_Miquel_y_Garriga_SL_ES/CTY_Country_Operations_Residual,3,PS-MARKET,40_Miquel_y_Garriga_SL_ES,GMG-REPO-MARKET-MYG,inherit from parent,YES,Commercial / GRA / Country Owners
GMG_Enterprise_Repository/05_Markets_Expansion_and_Countries/40_Miquel_y_Garriga_SL_ES/CTY_Country_Operations_Residual/02_Local_Institutional_Relations,4,PS-OPS-STANDARD,40_Miquel_y_Garriga_SL_ES,GMG-REPO-OSTANDARD-MYG,BREAK INHERITANCE — apply explicitly,YES,Country Owner — TBC
GMG_Enterprise_Repository/05_Markets_Expansion_and_Countries/40_Miquel_y_Garriga_SL_ES/CTY_Country_Operations_Residual/03_Country_Coordination,4,PS-OPS-STANDARD,40_Miquel_y_Garriga_SL_ES,GMG-REPO-OSTANDARD-MYG,BREAK INHERITANCE — apply explicitly,YES,Country Owner — TBC
GMG_Enterprise_Repository/05_Markets_Expansion_and_Countries/50_GMG_Ilaclari_LTD_TR,2,PS-MARKET,50_GMG_Ilaclari_LTD_TR,GMG-REPO-MARKET-TR,inherit from parent,YES,Commercial / GRA / Country Owners
GMG_Enterprise_Repository/05_Markets_Expansion_and_Countries/50_GMG_Ilaclari_LTD_TR/01_Market_Intelligence_and_Screening,3,PS-MARKET,50_GMG_Ilaclari_LTD_TR,GMG-REPO-MARKET-TR,inherit from parent,YES,Commercial / GRA / Country Owners
GMG_Enterprise_Repository/05_Markets_Expansion_and_Countries/50_GMG_Ilaclari_LTD_TR/02_Country_and_Market_Prioritisation,3,PS-MARKET,50_GMG_Ilaclari_LTD_TR,GMG-REPO-MARKET-TR,inherit from parent,YES,Commercial / GRA / Country Owners
GMG_Enterprise_Repository/05_Markets_Expansion_and_Countries/50_GMG_Ilaclari_LTD_TR/03_Market_Entry_Business_Cases,3,PS-MARKET,50_GMG_Ilaclari_LTD_TR,GMG-REPO-MARKET-TR,inherit from parent,YES,Commercial / GRA / Country Owners
GMG_Enterprise_Repository/05_Markets_Expansion_and_Countries/50_GMG_Ilaclari_LTD_TR/04_Regulatory_and_Commercial_Readiness,3,PS-MARKET,50_GMG_Ilaclari_LTD_TR,GMG-REPO-MARKET-TR,inherit from parent,YES,Commercial / GRA / Country Owners
GMG_Enterprise_Repository/05_Markets_Expansion_and_Countries/50_GMG_Ilaclari_LTD_TR/05_Country_Launch_and_Implementation,3,PS-MARKET,50_GMG_Ilaclari_LTD_TR,GMG-REPO-MARKET-TR,inherit from parent,YES,Commercial / GRA / Country Owners
GMG_Enterprise_Repository/05_Markets_Expansion_and_Countries/50_GMG_Ilaclari_LTD_TR/06_Expansion_Portfolio,3,PS-MARKET,50_GMG_Ilaclari_LTD_TR,GMG-REPO-MARKET-TR,inherit from parent,YES,Commercial / GRA / Country Owners
GMG_Enterprise_Repository/05_Markets_Expansion_and_Countries/50_GMG_Ilaclari_LTD_TR/07_Closed_or_Deferred_Markets,3,PS-MARKET,50_GMG_Ilaclari_LTD_TR,GMG-REPO-MARKET-TR,inherit from parent,YES,Commercial / GRA / Country Owners
GMG_Enterprise_Repository/05_Markets_Expansion_and_Countries/50_GMG_Ilaclari_LTD_TR/COM_Commercial_and_Marketing,3,PS-MARKET,50_GMG_Ilaclari_LTD_TR,GMG-REPO-MARKET-TR,inherit from parent,YES,Commercial / GRA / Country Owners
GMG_Enterprise_Repository/05_Markets_Expansion_and_Countries/50_GMG_Ilaclari_LTD_TR/COM_Commercial_and_Marketing/01_Target_Markets,4,PS-OPS-STANDARD,50_GMG_Ilaclari_LTD_TR,GMG-REPO-OSTANDARD-TR,BREAK INHERITANCE — apply explicitly,YES,Process Owner — TBC
GMG_Enterprise_Repository/05_Markets_Expansion_and_Countries/50_GMG_Ilaclari_LTD_TR/CTY_Country_Operations_Residual,3,PS-MARKET,50_GMG_Ilaclari_LTD_TR,GMG-REPO-MARKET-TR,inherit from parent,YES,Commercial / GRA / Country Owners
GMG_Enterprise_Repository/05_Markets_Expansion_and_Countries/50_GMG_Ilaclari_LTD_TR/CTY_Country_Operations_Residual/02_Local_Institutional_Relations,4,PS-OPS-STANDARD,50_GMG_Ilaclari_LTD_TR,GMG-REPO-OSTANDARD-TR,BREAK INHERITANCE — apply explicitly,YES,Country Owner — TBC
GMG_Enterprise_Repository/05_Markets_Expansion_and_Countries/50_GMG_Ilaclari_LTD_TR/CTY_Country_Operations_Residual/03_Country_Coordination,4,PS-OPS-STANDARD,50_GMG_Ilaclari_LTD_TR,GMG-REPO-OSTANDARD-TR,BREAK INHERITANCE — apply explicitly,YES,Country Owner — TBC
GMG_Enterprise_Repository/05_Markets_Expansion_and_Countries/80_Cross_Entity,2,PS-MARKET,80_Cross_Entity,GMG-REPO-MARKET-XE,inherit from parent,YES,Commercial / GRA / Country Owners
GMG_Enterprise_Repository/05_Markets_Expansion_and_Countries/80_Cross_Entity/01_Market_Intelligence_and_Screening,3,PS-MARKET,80_Cross_Entity,GMG-REPO-MARKET-XE,inherit from parent,YES,Commercial / GRA / Country Owners
GMG_Enterprise_Repository/05_Markets_Expansion_and_Countries/80_Cross_Entity/02_Country_and_Market_Prioritisation,3,PS-MARKET,80_Cross_Entity,GMG-REPO-MARKET-XE,inherit from parent,YES,Commercial / GRA / Country Owners
GMG_Enterprise_Repository/05_Markets_Expansion_and_Countries/80_Cross_Entity/03_Market_Entry_Business_Cases,3,PS-MARKET,80_Cross_Entity,GMG-REPO-MARKET-XE,inherit from parent,YES,Commercial / GRA / Country Owners
GMG_Enterprise_Repository/05_Markets_Expansion_and_Countries/80_Cross_Entity/04_Regulatory_and_Commercial_Readiness,3,PS-MARKET,80_Cross_Entity,GMG-REPO-MARKET-XE,inherit from parent,YES,Commercial / GRA / Country Owners
GMG_Enterprise_Repository/05_Markets_Expansion_and_Countries/80_Cross_Entity/05_Country_Launch_and_Implementation,3,PS-MARKET,80_Cross_Entity,GMG-REPO-MARKET-XE,inherit from parent,YES,Commercial / GRA / Country Owners
GMG_Enterprise_Repository/05_Markets_Expansion_and_Countries/80_Cross_Entity/06_Expansion_Portfolio,3,PS-MARKET,80_Cross_Entity,GMG-REPO-MARKET-XE,inherit from parent,YES,Commercial / GRA / Country Owners
GMG_Enterprise_Repository/05_Markets_Expansion_and_Countries/80_Cross_Entity/07_Closed_or_Deferred_Markets,3,PS-MARKET,80_Cross_Entity,GMG-REPO-MARKET-XE,inherit from parent,YES,Commercial / GRA / Country Owners
GMG_Enterprise_Repository/05_Markets_Expansion_and_Countries/90_External_or_Joint_Ventures,2,PS-MARKET,90_External_or_Joint_Ventures,GMG-REPO-MARKET-EXT,inherit from parent,YES,Commercial / GRA / Country Owners
GMG_Enterprise_Repository/05_Markets_Expansion_and_Countries/90_External_or_Joint_Ventures/01_Market_Intelligence_and_Screening,3,PS-MARKET,90_External_or_Joint_Ventures,GMG-REPO-MARKET-EXT,inherit from parent,YES,Commercial / GRA / Country Owners
GMG_Enterprise_Repository/05_Markets_Expansion_and_Countries/90_External_or_Joint_Ventures/02_Country_and_Market_Prioritisation,3,PS-MARKET,90_External_or_Joint_Ventures,GMG-REPO-MARKET-EXT,inherit from parent,YES,Commercial / GRA / Country Owners
GMG_Enterprise_Repository/05_Markets_Expansion_and_Countries/90_External_or_Joint_Ventures/03_Market_Entry_Business_Cases,3,PS-MARKET,90_External_or_Joint_Ventures,GMG-REPO-MARKET-EXT,inherit from parent,YES,Commercial / GRA / Country Owners
GMG_Enterprise_Repository/05_Markets_Expansion_and_Countries/90_External_or_Joint_Ventures/04_Regulatory_and_Commercial_Readiness,3,PS-MARKET,90_External_or_Joint_Ventures,GMG-REPO-MARKET-EXT,inherit from parent,YES,Commercial / GRA / Country Owners
GMG_Enterprise_Repository/05_Markets_Expansion_and_Countries/90_External_or_Joint_Ventures/05_Country_Launch_and_Implementation,3,PS-MARKET,90_External_or_Joint_Ventures,GMG-REPO-MARKET-EXT,inherit from parent,YES,Commercial / GRA / Country Owners
GMG_Enterprise_Repository/05_Markets_Expansion_and_Countries/90_External_or_Joint_Ventures/06_Expansion_Portfolio,3,PS-MARKET,90_External_or_Joint_Ventures,GMG-REPO-MARKET-EXT,inherit from parent,YES,Commercial / GRA / Country Owners
GMG_Enterprise_Repository/05_Markets_Expansion_and_Countries/90_External_or_Joint_Ventures/07_Closed_or_Deferred_Markets,3,PS-MARKET,90_External_or_Joint_Ventures,GMG-REPO-MARKET-EXT,inherit from parent,YES,Commercial / GRA / Country Owners
GMG_Enterprise_Repository/06_Clients_Partners_and_Deals,1,PS-DEALS-CONFIDENTIAL,GROUP,GMG-REPO-DEALS-CONFIDENTIAL-GRP,BREAK INHERITANCE — apply explicitly,YES,Commercial / Legal / Finance
GMG_Enterprise_Repository/06_Clients_Partners_and_Deals/00_Group_Shared,2,PS-DEALS-CONFIDENTIAL,00_Group_Shared,GMG-REPO-DEALS-CONFIDENTIAL-GRP,inherit from parent,YES,Commercial / Legal / Finance
GMG_Enterprise_Repository/06_Clients_Partners_and_Deals/00_Group_Shared/01_Target_Accounts_and_Profiles,3,PS-DEALS-CONFIDENTIAL,00_Group_Shared,GMG-REPO-DEALS-CONFIDENTIAL-GRP,inherit from parent,YES,Commercial / Legal / Finance
GMG_Enterprise_Repository/06_Clients_Partners_and_Deals/00_Group_Shared/02_Partners_and_Due_Diligence,3,PS-DEALS-CONFIDENTIAL,00_Group_Shared,GMG-REPO-DEALS-CONFIDENTIAL-GRP,inherit from parent,YES,Commercial / Legal / Finance
GMG_Enterprise_Repository/06_Clients_Partners_and_Deals/00_Group_Shared/03_Leads_and_Opportunities,3,PS-DEALS-CONFIDENTIAL,00_Group_Shared,GMG-REPO-DEALS-CONFIDENTIAL-GRP,inherit from parent,YES,Commercial / Legal / Finance
GMG_Enterprise_Repository/06_Clients_Partners_and_Deals/00_Group_Shared/04_Feasibility_and_Go_No_Go,3,PS-DEALS-CONFIDENTIAL,00_Group_Shared,GMG-REPO-DEALS-CONFIDENTIAL-GRP,inherit from parent,YES,Commercial / Legal / Finance
GMG_Enterprise_Repository/06_Clients_Partners_and_Deals/00_Group_Shared/05_Proposals_Tenders_and_Quotations,3,PS-DEALS-CONFIDENTIAL,00_Group_Shared,GMG-REPO-DEALS-CONFIDENTIAL-GRP,inherit from parent,YES,Commercial / Legal / Finance
GMG_Enterprise_Repository/06_Clients_Partners_and_Deals/00_Group_Shared/06_Contracts_and_Agreement_References,3,PS-DEALS-CONFIDENTIAL,00_Group_Shared,GMG-REPO-DEALS-CONFIDENTIAL-GRP,inherit from parent,YES,Commercial / Legal / Finance
GMG_Enterprise_Repository/06_Clients_Partners_and_Deals/00_Group_Shared/07_Deal_Execution_and_Onboarding,3,PS-DEALS-CONFIDENTIAL,00_Group_Shared,GMG-REPO-DEALS-CONFIDENTIAL-GRP,inherit from parent,YES,Commercial / Legal / Finance
GMG_Enterprise_Repository/06_Clients_Partners_and_Deals/00_Group_Shared/08_Active_Account_Management,3,PS-DEALS-CONFIDENTIAL,00_Group_Shared,GMG-REPO-DEALS-CONFIDENTIAL-GRP,inherit from parent,YES,Commercial / Legal / Finance
GMG_Enterprise_Repository/06_Clients_Partners_and_Deals/00_Group_Shared/09_Closed_or_Lost,3,PS-DEALS-CONFIDENTIAL,00_Group_Shared,GMG-REPO-DEALS-CONFIDENTIAL-GRP,inherit from parent,YES,Commercial / Legal / Finance
GMG_Enterprise_Repository/06_Clients_Partners_and_Deals/10_GMG_AG_CH,2,PS-DEALS-CONFIDENTIAL,10_GMG_AG_CH,GMG-REPO-DEALS-CONFIDENTIAL-CH,inherit from parent,YES,Commercial / Legal / Finance
GMG_Enterprise_Repository/06_Clients_Partners_and_Deals/10_GMG_AG_CH/01_Target_Accounts_and_Profiles,3,PS-DEALS-CONFIDENTIAL,10_GMG_AG_CH,GMG-REPO-DEALS-CONFIDENTIAL-CH,inherit from parent,YES,Commercial / Legal / Finance
GMG_Enterprise_Repository/06_Clients_Partners_and_Deals/10_GMG_AG_CH/02_Partners_and_Due_Diligence,3,PS-DEALS-CONFIDENTIAL,10_GMG_AG_CH,GMG-REPO-DEALS-CONFIDENTIAL-CH,inherit from parent,YES,Commercial / Legal / Finance
GMG_Enterprise_Repository/06_Clients_Partners_and_Deals/10_GMG_AG_CH/03_Leads_and_Opportunities,3,PS-DEALS-CONFIDENTIAL,10_GMG_AG_CH,GMG-REPO-DEALS-CONFIDENTIAL-CH,inherit from parent,YES,Commercial / Legal / Finance
GMG_Enterprise_Repository/06_Clients_Partners_and_Deals/10_GMG_AG_CH/04_Feasibility_and_Go_No_Go,3,PS-DEALS-CONFIDENTIAL,10_GMG_AG_CH,GMG-REPO-DEALS-CONFIDENTIAL-CH,inherit from parent,YES,Commercial / Legal / Finance
GMG_Enterprise_Repository/06_Clients_Partners_and_Deals/10_GMG_AG_CH/05_Proposals_Tenders_and_Quotations,3,PS-DEALS-CONFIDENTIAL,10_GMG_AG_CH,GMG-REPO-DEALS-CONFIDENTIAL-CH,inherit from parent,YES,Commercial / Legal / Finance
GMG_Enterprise_Repository/06_Clients_Partners_and_Deals/10_GMG_AG_CH/06_Contracts_and_Agreement_References,3,PS-DEALS-CONFIDENTIAL,10_GMG_AG_CH,GMG-REPO-DEALS-CONFIDENTIAL-CH,inherit from parent,YES,Commercial / Legal / Finance
GMG_Enterprise_Repository/06_Clients_Partners_and_Deals/10_GMG_AG_CH/07_Deal_Execution_and_Onboarding,3,PS-DEALS-CONFIDENTIAL,10_GMG_AG_CH,GMG-REPO-DEALS-CONFIDENTIAL-CH,inherit from parent,YES,Commercial / Legal / Finance
GMG_Enterprise_Repository/06_Clients_Partners_and_Deals/10_GMG_AG_CH/08_Active_Account_Management,3,PS-DEALS-CONFIDENTIAL,10_GMG_AG_CH,GMG-REPO-DEALS-CONFIDENTIAL-CH,inherit from parent,YES,Commercial / Legal / Finance
GMG_Enterprise_Repository/06_Clients_Partners_and_Deals/10_GMG_AG_CH/09_Closed_or_Lost,3,PS-DEALS-CONFIDENTIAL,10_GMG_AG_CH,GMG-REPO-DEALS-CONFIDENTIAL-CH,inherit from parent,YES,Commercial / Legal / Finance
GMG_Enterprise_Repository/06_Clients_Partners_and_Deals/10_GMG_AG_CH/COM_Commercial_and_Marketing,3,PS-DEALS-CONFIDENTIAL,10_GMG_AG_CH,GMG-REPO-DEALS-CONFIDENTIAL-CH,inherit from parent,YES,Commercial / Legal / Finance
GMG_Enterprise_Repository/06_Clients_Partners_and_Deals/10_GMG_AG_CH/COM_Commercial_and_Marketing/02_Accounts_and_Prospects,4,PS-OPS-STANDARD,10_GMG_AG_CH,GMG-REPO-OSTANDARD-CH,BREAK INHERITANCE — apply explicitly,YES,Process Owner — TBC
GMG_Enterprise_Repository/06_Clients_Partners_and_Deals/10_GMG_AG_CH/COM_Commercial_and_Marketing/03_Leads_and_Opportunities,4,PS-OPS-STANDARD,10_GMG_AG_CH,GMG-REPO-OSTANDARD-CH,BREAK INHERITANCE — apply explicitly,YES,Process Owner — TBC
GMG_Enterprise_Repository/06_Clients_Partners_and_Deals/10_GMG_AG_CH/COM_Commercial_and_Marketing/04_Discovery_and_Assessment,4,PS-OPS-STANDARD,10_GMG_AG_CH,GMG-REPO-OSTANDARD-CH,BREAK INHERITANCE — apply explicitly,YES,Process Owner — TBC
GMG_Enterprise_Repository/06_Clients_Partners_and_Deals/10_GMG_AG_CH/COM_Commercial_and_Marketing/05_Confidentiality_Agreement_References,4,PS-OPS-STANDARD,10_GMG_AG_CH,GMG-REPO-OSTANDARD-CH,BREAK INHERITANCE — apply explicitly,YES,Process Owner — TBC
GMG_Enterprise_Repository/06_Clients_Partners_and_Deals/10_GMG_AG_CH/COM_Commercial_and_Marketing/06_Proposals_and_Quotations,4,PS-OPS-STANDARD,10_GMG_AG_CH,GMG-REPO-OSTANDARD-CH,BREAK INHERITANCE — apply explicitly,YES,Process Owner — TBC
GMG_Enterprise_Repository/06_Clients_Partners_and_Deals/10_GMG_AG_CH/COM_Commercial_and_Marketing/07_Tenders,4,PS-OPS-STANDARD,10_GMG_AG_CH,GMG-REPO-OSTANDARD-CH,BREAK INHERITANCE — apply explicitly,YES,Process Owner — TBC
GMG_Enterprise_Repository/06_Clients_Partners_and_Deals/10_GMG_AG_CH/COM_Commercial_and_Marketing/08_Contract_and_TA_References,4,PS-OPS-STANDARD,10_GMG_AG_CH,GMG-REPO-OSTANDARD-CH,BREAK INHERITANCE — apply explicitly,YES,Process Owner — TBC
GMG_Enterprise_Repository/06_Clients_Partners_and_Deals/10_GMG_AG_CH/COM_Commercial_and_Marketing/09_Orders_and_Forecasts,4,PS-OPS-STANDARD,10_GMG_AG_CH,GMG-REPO-OSTANDARD-CH,BREAK INHERITANCE — apply explicitly,YES,Process Owner — TBC
GMG_Enterprise_Repository/06_Clients_Partners_and_Deals/10_GMG_AG_CH/COM_Commercial_and_Marketing/10_Customer_Communications,4,PS-OPS-STANDARD,10_GMG_AG_CH,GMG-REPO-OSTANDARD-CH,BREAK INHERITANCE — apply explicitly,YES,Process Owner — TBC
GMG_Enterprise_Repository/06_Clients_Partners_and_Deals/10_GMG_AG_CH/COM_Commercial_and_Marketing/14_Distributors_and_Agents,4,PS-OPS-STANDARD,10_GMG_AG_CH,GMG-REPO-OSTANDARD-CH,BREAK INHERITANCE — apply explicitly,YES,Process Owner — TBC
GMG_Enterprise_Repository/06_Clients_Partners_and_Deals/10_GMG_AG_CH/COM_Commercial_and_Marketing/15_Closed_or_Lost,4,PS-OPS-STANDARD,10_GMG_AG_CH,GMG-REPO-OSTANDARD-CH,BREAK INHERITANCE — apply explicitly,YES,Process Owner — TBC
GMG_Enterprise_Repository/06_Clients_Partners_and_Deals/30_GM_Poland_PL,2,PS-DEALS-CONFIDENTIAL,30_GM_Poland_PL,GMG-REPO-DEALS-CONFIDENTIAL-PL,inherit from parent,YES,Commercial / Legal / Finance
GMG_Enterprise_Repository/06_Clients_Partners_and_Deals/30_GM_Poland_PL/01_Target_Accounts_and_Profiles,3,PS-DEALS-CONFIDENTIAL,30_GM_Poland_PL,GMG-REPO-DEALS-CONFIDENTIAL-PL,inherit from parent,YES,Commercial / Legal / Finance
GMG_Enterprise_Repository/06_Clients_Partners_and_Deals/30_GM_Poland_PL/02_Partners_and_Due_Diligence,3,PS-DEALS-CONFIDENTIAL,30_GM_Poland_PL,GMG-REPO-DEALS-CONFIDENTIAL-PL,inherit from parent,YES,Commercial / Legal / Finance
GMG_Enterprise_Repository/06_Clients_Partners_and_Deals/30_GM_Poland_PL/03_Leads_and_Opportunities,3,PS-DEALS-CONFIDENTIAL,30_GM_Poland_PL,GMG-REPO-DEALS-CONFIDENTIAL-PL,inherit from parent,YES,Commercial / Legal / Finance
GMG_Enterprise_Repository/06_Clients_Partners_and_Deals/30_GM_Poland_PL/04_Feasibility_and_Go_No_Go,3,PS-DEALS-CONFIDENTIAL,30_GM_Poland_PL,GMG-REPO-DEALS-CONFIDENTIAL-PL,inherit from parent,YES,Commercial / Legal / Finance
GMG_Enterprise_Repository/06_Clients_Partners_and_Deals/30_GM_Poland_PL/05_Proposals_Tenders_and_Quotations,3,PS-DEALS-CONFIDENTIAL,30_GM_Poland_PL,GMG-REPO-DEALS-CONFIDENTIAL-PL,inherit from parent,YES,Commercial / Legal / Finance
GMG_Enterprise_Repository/06_Clients_Partners_and_Deals/30_GM_Poland_PL/06_Contracts_and_Agreement_References,3,PS-DEALS-CONFIDENTIAL,30_GM_Poland_PL,GMG-REPO-DEALS-CONFIDENTIAL-PL,inherit from parent,YES,Commercial / Legal / Finance
GMG_Enterprise_Repository/06_Clients_Partners_and_Deals/30_GM_Poland_PL/07_Deal_Execution_and_Onboarding,3,PS-DEALS-CONFIDENTIAL,30_GM_Poland_PL,GMG-REPO-DEALS-CONFIDENTIAL-PL,inherit from parent,YES,Commercial / Legal / Finance
GMG_Enterprise_Repository/06_Clients_Partners_and_Deals/30_GM_Poland_PL/08_Active_Account_Management,3,PS-DEALS-CONFIDENTIAL,30_GM_Poland_PL,GMG-REPO-DEALS-CONFIDENTIAL-PL,inherit from parent,YES,Commercial / Legal / Finance
GMG_Enterprise_Repository/06_Clients_Partners_and_Deals/30_GM_Poland_PL/09_Closed_or_Lost,3,PS-DEALS-CONFIDENTIAL,30_GM_Poland_PL,GMG-REPO-DEALS-CONFIDENTIAL-PL,inherit from parent,YES,Commercial / Legal / Finance
GMG_Enterprise_Repository/06_Clients_Partners_and_Deals/30_GM_Poland_PL/COM_Commercial_and_Marketing,3,PS-DEALS-CONFIDENTIAL,30_GM_Poland_PL,GMG-REPO-DEALS-CONFIDENTIAL-PL,inherit from parent,YES,Commercial / Legal / Finance
GMG_Enterprise_Repository/06_Clients_Partners_and_Deals/30_GM_Poland_PL/COM_Commercial_and_Marketing/02_Accounts_and_Prospects,4,PS-OPS-STANDARD,30_GM_Poland_PL,GMG-REPO-OSTANDARD-PL,BREAK INHERITANCE — apply explicitly,YES,Process Owner — TBC
GMG_Enterprise_Repository/06_Clients_Partners_and_Deals/30_GM_Poland_PL/COM_Commercial_and_Marketing/03_Leads_and_Opportunities,4,PS-OPS-STANDARD,30_GM_Poland_PL,GMG-REPO-OSTANDARD-PL,BREAK INHERITANCE — apply explicitly,YES,Process Owner — TBC
GMG_Enterprise_Repository/06_Clients_Partners_and_Deals/30_GM_Poland_PL/COM_Commercial_and_Marketing/04_Discovery_and_Assessment,4,PS-OPS-STANDARD,30_GM_Poland_PL,GMG-REPO-OSTANDARD-PL,BREAK INHERITANCE — apply explicitly,YES,Process Owner — TBC
GMG_Enterprise_Repository/06_Clients_Partners_and_Deals/30_GM_Poland_PL/COM_Commercial_and_Marketing/05_Confidentiality_Agreement_References,4,PS-OPS-STANDARD,30_GM_Poland_PL,GMG-REPO-OSTANDARD-PL,BREAK INHERITANCE — apply explicitly,YES,Process Owner — TBC
GMG_Enterprise_Repository/06_Clients_Partners_and_Deals/30_GM_Poland_PL/COM_Commercial_and_Marketing/06_Proposals_and_Quotations,4,PS-OPS-STANDARD,30_GM_Poland_PL,GMG-REPO-OSTANDARD-PL,BREAK INHERITANCE — apply explicitly,YES,Process Owner — TBC
GMG_Enterprise_Repository/06_Clients_Partners_and_Deals/30_GM_Poland_PL/COM_Commercial_and_Marketing/07_Tenders,4,PS-OPS-STANDARD,30_GM_Poland_PL,GMG-REPO-OSTANDARD-PL,BREAK INHERITANCE — apply explicitly,YES,Process Owner — TBC
GMG_Enterprise_Repository/06_Clients_Partners_and_Deals/30_GM_Poland_PL/COM_Commercial_and_Marketing/08_Contract_and_TA_References,4,PS-OPS-STANDARD,30_GM_Poland_PL,GMG-REPO-OSTANDARD-PL,BREAK INHERITANCE — apply explicitly,YES,Process Owner — TBC
GMG_Enterprise_Repository/06_Clients_Partners_and_Deals/30_GM_Poland_PL/COM_Commercial_and_Marketing/09_Orders_and_Forecasts,4,PS-OPS-STANDARD,30_GM_Poland_PL,GMG-REPO-OSTANDARD-PL,BREAK INHERITANCE — apply explicitly,YES,Process Owner — TBC
GMG_Enterprise_Repository/06_Clients_Partners_and_Deals/30_GM_Poland_PL/COM_Commercial_and_Marketing/10_Customer_Communications,4,PS-OPS-STANDARD,30_GM_Poland_PL,GMG-REPO-OSTANDARD-PL,BREAK INHERITANCE — apply explicitly,YES,Process Owner — TBC
GMG_Enterprise_Repository/06_Clients_Partners_and_Deals/30_GM_Poland_PL/COM_Commercial_and_Marketing/14_Distributors_and_Agents,4,PS-OPS-STANDARD,30_GM_Poland_PL,GMG-REPO-OSTANDARD-PL,BREAK INHERITANCE — apply explicitly,YES,Process Owner — TBC
GMG_Enterprise_Repository/06_Clients_Partners_and_Deals/30_GM_Poland_PL/COM_Commercial_and_Marketing/15_Closed_or_Lost,4,PS-OPS-STANDARD,30_GM_Poland_PL,GMG-REPO-OSTANDARD-PL,BREAK INHERITANCE — apply explicitly,YES,Process Owner — TBC
GMG_Enterprise_Repository/06_Clients_Partners_and_Deals/40_Miquel_y_Garriga_SL_ES,2,PS-DEALS-CONFIDENTIAL,40_Miquel_y_Garriga_SL_ES,GMG-REPO-DEALS-CONFIDENTIAL-MYG,inherit from parent,YES,Commercial / Legal / Finance
GMG_Enterprise_Repository/06_Clients_Partners_and_Deals/40_Miquel_y_Garriga_SL_ES/01_Target_Accounts_and_Profiles,3,PS-DEALS-CONFIDENTIAL,40_Miquel_y_Garriga_SL_ES,GMG-REPO-DEALS-CONFIDENTIAL-MYG,inherit from parent,YES,Commercial / Legal / Finance
GMG_Enterprise_Repository/06_Clients_Partners_and_Deals/40_Miquel_y_Garriga_SL_ES/02_Partners_and_Due_Diligence,3,PS-DEALS-CONFIDENTIAL,40_Miquel_y_Garriga_SL_ES,GMG-REPO-DEALS-CONFIDENTIAL-MYG,inherit from parent,YES,Commercial / Legal / Finance
GMG_Enterprise_Repository/06_Clients_Partners_and_Deals/40_Miquel_y_Garriga_SL_ES/03_Leads_and_Opportunities,3,PS-DEALS-CONFIDENTIAL,40_Miquel_y_Garriga_SL_ES,GMG-REPO-DEALS-CONFIDENTIAL-MYG,inherit from parent,YES,Commercial / Legal / Finance
GMG_Enterprise_Repository/06_Clients_Partners_and_Deals/40_Miquel_y_Garriga_SL_ES/04_Feasibility_and_Go_No_Go,3,PS-DEALS-CONFIDENTIAL,40_Miquel_y_Garriga_SL_ES,GMG-REPO-DEALS-CONFIDENTIAL-MYG,inherit from parent,YES,Commercial / Legal / Finance
GMG_Enterprise_Repository/06_Clients_Partners_and_Deals/40_Miquel_y_Garriga_SL_ES/05_Proposals_Tenders_and_Quotations,3,PS-DEALS-CONFIDENTIAL,40_Miquel_y_Garriga_SL_ES,GMG-REPO-DEALS-CONFIDENTIAL-MYG,inherit from parent,YES,Commercial / Legal / Finance
GMG_Enterprise_Repository/06_Clients_Partners_and_Deals/40_Miquel_y_Garriga_SL_ES/06_Contracts_and_Agreement_References,3,PS-DEALS-CONFIDENTIAL,40_Miquel_y_Garriga_SL_ES,GMG-REPO-DEALS-CONFIDENTIAL-MYG,inherit from parent,YES,Commercial / Legal / Finance
GMG_Enterprise_Repository/06_Clients_Partners_and_Deals/40_Miquel_y_Garriga_SL_ES/07_Deal_Execution_and_Onboarding,3,PS-DEALS-CONFIDENTIAL,40_Miquel_y_Garriga_SL_ES,GMG-REPO-DEALS-CONFIDENTIAL-MYG,inherit from parent,YES,Commercial / Legal / Finance
GMG_Enterprise_Repository/06_Clients_Partners_and_Deals/40_Miquel_y_Garriga_SL_ES/08_Active_Account_Management,3,PS-DEALS-CONFIDENTIAL,40_Miquel_y_Garriga_SL_ES,GMG-REPO-DEALS-CONFIDENTIAL-MYG,inherit from parent,YES,Commercial / Legal / Finance
GMG_Enterprise_Repository/06_Clients_Partners_and_Deals/40_Miquel_y_Garriga_SL_ES/09_Closed_or_Lost,3,PS-DEALS-CONFIDENTIAL,40_Miquel_y_Garriga_SL_ES,GMG-REPO-DEALS-CONFIDENTIAL-MYG,inherit from parent,YES,Commercial / Legal / Finance
GMG_Enterprise_Repository/06_Clients_Partners_and_Deals/40_Miquel_y_Garriga_SL_ES/COM_Commercial_and_Marketing,3,PS-DEALS-CONFIDENTIAL,40_Miquel_y_Garriga_SL_ES,GMG-REPO-DEALS-CONFIDENTIAL-MYG,inherit from parent,YES,Commercial / Legal / Finance
GMG_Enterprise_Repository/06_Clients_Partners_and_Deals/40_Miquel_y_Garriga_SL_ES/COM_Commercial_and_Marketing/02_Accounts_and_Prospects,4,PS-OPS-STANDARD,40_Miquel_y_Garriga_SL_ES,GMG-REPO-OSTANDARD-MYG,BREAK INHERITANCE — apply explicitly,YES,Process Owner — TBC
GMG_Enterprise_Repository/06_Clients_Partners_and_Deals/40_Miquel_y_Garriga_SL_ES/COM_Commercial_and_Marketing/03_Leads_and_Opportunities,4,PS-OPS-STANDARD,40_Miquel_y_Garriga_SL_ES,GMG-REPO-OSTANDARD-MYG,BREAK INHERITANCE — apply explicitly,YES,Process Owner — TBC
GMG_Enterprise_Repository/06_Clients_Partners_and_Deals/40_Miquel_y_Garriga_SL_ES/COM_Commercial_and_Marketing/04_Discovery_and_Assessment,4,PS-OPS-STANDARD,40_Miquel_y_Garriga_SL_ES,GMG-REPO-OSTANDARD-MYG,BREAK INHERITANCE — apply explicitly,YES,Process Owner — TBC
GMG_Enterprise_Repository/06_Clients_Partners_and_Deals/40_Miquel_y_Garriga_SL_ES/COM_Commercial_and_Marketing/05_Confidentiality_Agreement_References,4,PS-OPS-STANDARD,40_Miquel_y_Garriga_SL_ES,GMG-REPO-OSTANDARD-MYG,BREAK INHERITANCE — apply explicitly,YES,Process Owner — TBC
GMG_Enterprise_Repository/06_Clients_Partners_and_Deals/40_Miquel_y_Garriga_SL_ES/COM_Commercial_and_Marketing/06_Proposals_and_Quotations,4,PS-OPS-STANDARD,40_Miquel_y_Garriga_SL_ES,GMG-REPO-OSTANDARD-MYG,BREAK INHERITANCE — apply explicitly,YES,Process Owner — TBC
GMG_Enterprise_Repository/06_Clients_Partners_and_Deals/40_Miquel_y_Garriga_SL_ES/COM_Commercial_and_Marketing/07_Tenders,4,PS-OPS-STANDARD,40_Miquel_y_Garriga_SL_ES,GMG-REPO-OSTANDARD-MYG,BREAK INHERITANCE — apply explicitly,YES,Process Owner — TBC
GMG_Enterprise_Repository/06_Clients_Partners_and_Deals/40_Miquel_y_Garriga_SL_ES/COM_Commercial_and_Marketing/08_Contract_and_TA_References,4,PS-OPS-STANDARD,40_Miquel_y_Garriga_SL_ES,GMG-REPO-OSTANDARD-MYG,BREAK INHERITANCE — apply explicitly,YES,Process Owner — TBC
GMG_Enterprise_Repository/06_Clients_Partners_and_Deals/40_Miquel_y_Garriga_SL_ES/COM_Commercial_and_Marketing/09_Orders_and_Forecasts,4,PS-OPS-STANDARD,40_Miquel_y_Garriga_SL_ES,GMG-REPO-OSTANDARD-MYG,BREAK INHERITANCE — apply explicitly,YES,Process Owner — TBC
GMG_Enterprise_Repository/06_Clients_Partners_and_Deals/40_Miquel_y_Garriga_SL_ES/COM_Commercial_and_Marketing/10_Customer_Communications,4,PS-OPS-STANDARD,40_Miquel_y_Garriga_SL_ES,GMG-REPO-OSTANDARD-MYG,BREAK INHERITANCE — apply explicitly,YES,Process Owner — TBC
GMG_Enterprise_Repository/06_Clients_Partners_and_Deals/40_Miquel_y_Garriga_SL_ES/COM_Commercial_and_Marketing/14_Distributors_and_Agents,4,PS-OPS-STANDARD,40_Miquel_y_Garriga_SL_ES,GMG-REPO-OSTANDARD-MYG,BREAK INHERITANCE — apply explicitly,YES,Process Owner — TBC
GMG_Enterprise_Repository/06_Clients_Partners_and_Deals/40_Miquel_y_Garriga_SL_ES/COM_Commercial_and_Marketing/15_Closed_or_Lost,4,PS-OPS-STANDARD,40_Miquel_y_Garriga_SL_ES,GMG-REPO-OSTANDARD-MYG,BREAK INHERITANCE — apply explicitly,YES,Process Owner — TBC
GMG_Enterprise_Repository/06_Clients_Partners_and_Deals/50_GMG_Ilaclari_LTD_TR,2,PS-DEALS-CONFIDENTIAL,50_GMG_Ilaclari_LTD_TR,GMG-REPO-DEALS-CONFIDENTIAL-TR,inherit from parent,YES,Commercial / Legal / Finance
GMG_Enterprise_Repository/06_Clients_Partners_and_Deals/50_GMG_Ilaclari_LTD_TR/01_Target_Accounts_and_Profiles,3,PS-DEALS-CONFIDENTIAL,50_GMG_Ilaclari_LTD_TR,GMG-REPO-DEALS-CONFIDENTIAL-TR,inherit from parent,YES,Commercial / Legal / Finance
GMG_Enterprise_Repository/06_Clients_Partners_and_Deals/50_GMG_Ilaclari_LTD_TR/02_Partners_and_Due_Diligence,3,PS-DEALS-CONFIDENTIAL,50_GMG_Ilaclari_LTD_TR,GMG-REPO-DEALS-CONFIDENTIAL-TR,inherit from parent,YES,Commercial / Legal / Finance
GMG_Enterprise_Repository/06_Clients_Partners_and_Deals/50_GMG_Ilaclari_LTD_TR/03_Leads_and_Opportunities,3,PS-DEALS-CONFIDENTIAL,50_GMG_Ilaclari_LTD_TR,GMG-REPO-DEALS-CONFIDENTIAL-TR,inherit from parent,YES,Commercial / Legal / Finance
GMG_Enterprise_Repository/06_Clients_Partners_and_Deals/50_GMG_Ilaclari_LTD_TR/04_Feasibility_and_Go_No_Go,3,PS-DEALS-CONFIDENTIAL,50_GMG_Ilaclari_LTD_TR,GMG-REPO-DEALS-CONFIDENTIAL-TR,inherit from parent,YES,Commercial / Legal / Finance
GMG_Enterprise_Repository/06_Clients_Partners_and_Deals/50_GMG_Ilaclari_LTD_TR/05_Proposals_Tenders_and_Quotations,3,PS-DEALS-CONFIDENTIAL,50_GMG_Ilaclari_LTD_TR,GMG-REPO-DEALS-CONFIDENTIAL-TR,inherit from parent,YES,Commercial / Legal / Finance
GMG_Enterprise_Repository/06_Clients_Partners_and_Deals/50_GMG_Ilaclari_LTD_TR/06_Contracts_and_Agreement_References,3,PS-DEALS-CONFIDENTIAL,50_GMG_Ilaclari_LTD_TR,GMG-REPO-DEALS-CONFIDENTIAL-TR,inherit from parent,YES,Commercial / Legal / Finance
GMG_Enterprise_Repository/06_Clients_Partners_and_Deals/50_GMG_Ilaclari_LTD_TR/07_Deal_Execution_and_Onboarding,3,PS-DEALS-CONFIDENTIAL,50_GMG_Ilaclari_LTD_TR,GMG-REPO-DEALS-CONFIDENTIAL-TR,inherit from parent,YES,Commercial / Legal / Finance
GMG_Enterprise_Repository/06_Clients_Partners_and_Deals/50_GMG_Ilaclari_LTD_TR/08_Active_Account_Management,3,PS-DEALS-CONFIDENTIAL,50_GMG_Ilaclari_LTD_TR,GMG-REPO-DEALS-CONFIDENTIAL-TR,inherit from parent,YES,Commercial / Legal / Finance
GMG_Enterprise_Repository/06_Clients_Partners_and_Deals/50_GMG_Ilaclari_LTD_TR/09_Closed_or_Lost,3,PS-DEALS-CONFIDENTIAL,50_GMG_Ilaclari_LTD_TR,GMG-REPO-DEALS-CONFIDENTIAL-TR,inherit from parent,YES,Commercial / Legal / Finance
GMG_Enterprise_Repository/06_Clients_Partners_and_Deals/50_GMG_Ilaclari_LTD_TR/COM_Commercial_and_Marketing,3,PS-DEALS-CONFIDENTIAL,50_GMG_Ilaclari_LTD_TR,GMG-REPO-DEALS-CONFIDENTIAL-TR,inherit from parent,YES,Commercial / Legal / Finance
GMG_Enterprise_Repository/06_Clients_Partners_and_Deals/50_GMG_Ilaclari_LTD_TR/COM_Commercial_and_Marketing/02_Accounts_and_Prospects,4,PS-OPS-STANDARD,50_GMG_Ilaclari_LTD_TR,GMG-REPO-OSTANDARD-TR,BREAK INHERITANCE — apply explicitly,YES,Process Owner — TBC
GMG_Enterprise_Repository/06_Clients_Partners_and_Deals/50_GMG_Ilaclari_LTD_TR/COM_Commercial_and_Marketing/03_Leads_and_Opportunities,4,PS-OPS-STANDARD,50_GMG_Ilaclari_LTD_TR,GMG-REPO-OSTANDARD-TR,BREAK INHERITANCE — apply explicitly,YES,Process Owner — TBC
GMG_Enterprise_Repository/06_Clients_Partners_and_Deals/50_GMG_Ilaclari_LTD_TR/COM_Commercial_and_Marketing/04_Discovery_and_Assessment,4,PS-OPS-STANDARD,50_GMG_Ilaclari_LTD_TR,GMG-REPO-OSTANDARD-TR,BREAK INHERITANCE — apply explicitly,YES,Process Owner — TBC
GMG_Enterprise_Repository/06_Clients_Partners_and_Deals/50_GMG_Ilaclari_LTD_TR/COM_Commercial_and_Marketing/05_Confidentiality_Agreement_References,4,PS-OPS-STANDARD,50_GMG_Ilaclari_LTD_TR,GMG-REPO-OSTANDARD-TR,BREAK INHERITANCE — apply explicitly,YES,Process Owner — TBC
GMG_Enterprise_Repository/06_Clients_Partners_and_Deals/50_GMG_Ilaclari_LTD_TR/COM_Commercial_and_Marketing/06_Proposals_and_Quotations,4,PS-OPS-STANDARD,50_GMG_Ilaclari_LTD_TR,GMG-REPO-OSTANDARD-TR,BREAK INHERITANCE — apply explicitly,YES,Process Owner — TBC
GMG_Enterprise_Repository/06_Clients_Partners_and_Deals/50_GMG_Ilaclari_LTD_TR/COM_Commercial_and_Marketing/07_Tenders,4,PS-OPS-STANDARD,50_GMG_Ilaclari_LTD_TR,GMG-REPO-OSTANDARD-TR,BREAK INHERITANCE — apply explicitly,YES,Process Owner — TBC
GMG_Enterprise_Repository/06_Clients_Partners_and_Deals/50_GMG_Ilaclari_LTD_TR/COM_Commercial_and_Marketing/08_Contract_and_TA_References,4,PS-OPS-STANDARD,50_GMG_Ilaclari_LTD_TR,GMG-REPO-OSTANDARD-TR,BREAK INHERITANCE — apply explicitly,YES,Process Owner — TBC
GMG_Enterprise_Repository/06_Clients_Partners_and_Deals/50_GMG_Ilaclari_LTD_TR/COM_Commercial_and_Marketing/09_Orders_and_Forecasts,4,PS-OPS-STANDARD,50_GMG_Ilaclari_LTD_TR,GMG-REPO-OSTANDARD-TR,BREAK INHERITANCE — apply explicitly,YES,Process Owner — TBC
GMG_Enterprise_Repository/06_Clients_Partners_and_Deals/50_GMG_Ilaclari_LTD_TR/COM_Commercial_and_Marketing/10_Customer_Communications,4,PS-OPS-STANDARD,50_GMG_Ilaclari_LTD_TR,GMG-REPO-OSTANDARD-TR,BREAK INHERITANCE — apply explicitly,YES,Process Owner — TBC
GMG_Enterprise_Repository/06_Clients_Partners_and_Deals/50_GMG_Ilaclari_LTD_TR/COM_Commercial_and_Marketing/14_Distributors_and_Agents,4,PS-OPS-STANDARD,50_GMG_Ilaclari_LTD_TR,GMG-REPO-OSTANDARD-TR,BREAK INHERITANCE — apply explicitly,YES,Process Owner — TBC
GMG_Enterprise_Repository/06_Clients_Partners_and_Deals/50_GMG_Ilaclari_LTD_TR/COM_Commercial_and_Marketing/15_Closed_or_Lost,4,PS-OPS-STANDARD,50_GMG_Ilaclari_LTD_TR,GMG-REPO-OSTANDARD-TR,BREAK INHERITANCE — apply explicitly,YES,Process Owner — TBC
GMG_Enterprise_Repository/06_Clients_Partners_and_Deals/80_Cross_Entity,2,PS-DEALS-CONFIDENTIAL,80_Cross_Entity,GMG-REPO-DEALS-CONFIDENTIAL-XE,inherit from parent,YES,Commercial / Legal / Finance
GMG_Enterprise_Repository/06_Clients_Partners_and_Deals/80_Cross_Entity/01_Target_Accounts_and_Profiles,3,PS-DEALS-CONFIDENTIAL,80_Cross_Entity,GMG-REPO-DEALS-CONFIDENTIAL-XE,inherit from parent,YES,Commercial / Legal / Finance
GMG_Enterprise_Repository/06_Clients_Partners_and_Deals/80_Cross_Entity/02_Partners_and_Due_Diligence,3,PS-DEALS-CONFIDENTIAL,80_Cross_Entity,GMG-REPO-DEALS-CONFIDENTIAL-XE,inherit from parent,YES,Commercial / Legal / Finance
GMG_Enterprise_Repository/06_Clients_Partners_and_Deals/80_Cross_Entity/03_Leads_and_Opportunities,3,PS-DEALS-CONFIDENTIAL,80_Cross_Entity,GMG-REPO-DEALS-CONFIDENTIAL-XE,inherit from parent,YES,Commercial / Legal / Finance
GMG_Enterprise_Repository/06_Clients_Partners_and_Deals/80_Cross_Entity/04_Feasibility_and_Go_No_Go,3,PS-DEALS-CONFIDENTIAL,80_Cross_Entity,GMG-REPO-DEALS-CONFIDENTIAL-XE,inherit from parent,YES,Commercial / Legal / Finance
GMG_Enterprise_Repository/06_Clients_Partners_and_Deals/80_Cross_Entity/05_Proposals_Tenders_and_Quotations,3,PS-DEALS-CONFIDENTIAL,80_Cross_Entity,GMG-REPO-DEALS-CONFIDENTIAL-XE,inherit from parent,YES,Commercial / Legal / Finance
GMG_Enterprise_Repository/06_Clients_Partners_and_Deals/80_Cross_Entity/06_Contracts_and_Agreement_References,3,PS-DEALS-CONFIDENTIAL,80_Cross_Entity,GMG-REPO-DEALS-CONFIDENTIAL-XE,inherit from parent,YES,Commercial / Legal / Finance
GMG_Enterprise_Repository/06_Clients_Partners_and_Deals/80_Cross_Entity/07_Deal_Execution_and_Onboarding,3,PS-DEALS-CONFIDENTIAL,80_Cross_Entity,GMG-REPO-DEALS-CONFIDENTIAL-XE,inherit from parent,YES,Commercial / Legal / Finance
GMG_Enterprise_Repository/06_Clients_Partners_and_Deals/80_Cross_Entity/08_Active_Account_Management,3,PS-DEALS-CONFIDENTIAL,80_Cross_Entity,GMG-REPO-DEALS-CONFIDENTIAL-XE,inherit from parent,YES,Commercial / Legal / Finance
GMG_Enterprise_Repository/06_Clients_Partners_and_Deals/80_Cross_Entity/09_Closed_or_Lost,3,PS-DEALS-CONFIDENTIAL,80_Cross_Entity,GMG-REPO-DEALS-CONFIDENTIAL-XE,inherit from parent,YES,Commercial / Legal / Finance
GMG_Enterprise_Repository/06_Clients_Partners_and_Deals/90_External_or_Joint_Ventures,2,PS-DEALS-CONFIDENTIAL,90_External_or_Joint_Ventures,GMG-REPO-DEALS-CONFIDENTIAL-EXT,inherit from parent,YES,Commercial / Legal / Finance
GMG_Enterprise_Repository/06_Clients_Partners_and_Deals/90_External_or_Joint_Ventures/01_Target_Accounts_and_Profiles,3,PS-DEALS-CONFIDENTIAL,90_External_or_Joint_Ventures,GMG-REPO-DEALS-CONFIDENTIAL-EXT,inherit from parent,YES,Commercial / Legal / Finance
GMG_Enterprise_Repository/06_Clients_Partners_and_Deals/90_External_or_Joint_Ventures/02_Partners_and_Due_Diligence,3,PS-DEALS-CONFIDENTIAL,90_External_or_Joint_Ventures,GMG-REPO-DEALS-CONFIDENTIAL-EXT,inherit from parent,YES,Commercial / Legal / Finance
GMG_Enterprise_Repository/06_Clients_Partners_and_Deals/90_External_or_Joint_Ventures/03_Leads_and_Opportunities,3,PS-DEALS-CONFIDENTIAL,90_External_or_Joint_Ventures,GMG-REPO-DEALS-CONFIDENTIAL-EXT,inherit from parent,YES,Commercial / Legal / Finance
GMG_Enterprise_Repository/06_Clients_Partners_and_Deals/90_External_or_Joint_Ventures/04_Feasibility_and_Go_No_Go,3,PS-DEALS-CONFIDENTIAL,90_External_or_Joint_Ventures,GMG-REPO-DEALS-CONFIDENTIAL-EXT,inherit from parent,YES,Commercial / Legal / Finance
GMG_Enterprise_Repository/06_Clients_Partners_and_Deals/90_External_or_Joint_Ventures/05_Proposals_Tenders_and_Quotations,3,PS-DEALS-CONFIDENTIAL,90_External_or_Joint_Ventures,GMG-REPO-DEALS-CONFIDENTIAL-EXT,inherit from parent,YES,Commercial / Legal / Finance
GMG_Enterprise_Repository/06_Clients_Partners_and_Deals/90_External_or_Joint_Ventures/06_Contracts_and_Agreement_References,3,PS-DEALS-CONFIDENTIAL,90_External_or_Joint_Ventures,GMG-REPO-DEALS-CONFIDENTIAL-EXT,inherit from parent,YES,Commercial / Legal / Finance
GMG_Enterprise_Repository/06_Clients_Partners_and_Deals/90_External_or_Joint_Ventures/07_Deal_Execution_and_Onboarding,3,PS-DEALS-CONFIDENTIAL,90_External_or_Joint_Ventures,GMG-REPO-DEALS-CONFIDENTIAL-EXT,inherit from parent,YES,Commercial / Legal / Finance
GMG_Enterprise_Repository/06_Clients_Partners_and_Deals/90_External_or_Joint_Ventures/08_Active_Account_Management,3,PS-DEALS-CONFIDENTIAL,90_External_or_Joint_Ventures,GMG-REPO-DEALS-CONFIDENTIAL-EXT,inherit from parent,YES,Commercial / Legal / Finance
GMG_Enterprise_Repository/06_Clients_Partners_and_Deals/90_External_or_Joint_Ventures/09_Closed_or_Lost,3,PS-DEALS-CONFIDENTIAL,90_External_or_Joint_Ventures,GMG-REPO-DEALS-CONFIDENTIAL-EXT,inherit from parent,YES,Commercial / Legal / Finance
GMG_Enterprise_Repository/07_Programmes_and_Projects,1,PS-PROJECT,GROUP,GMG-REPO-PROJECT-GRP,BREAK INHERITANCE — apply explicitly,YES,PMO / Project Sponsors
GMG_Enterprise_Repository/07_Programmes_and_Projects/00_Group_Shared,2,PS-PROJECT,00_Group_Shared,GMG-REPO-PROJECT-GRP,inherit from parent,YES,PMO / Project Sponsors
GMG_Enterprise_Repository/07_Programmes_and_Projects/00_Group_Shared/01_Programme_Portfolio,3,PS-PROJECT,00_Group_Shared,GMG-REPO-PROJECT-GRP,inherit from parent,YES,PMO / Project Sponsors
GMG_Enterprise_Repository/07_Programmes_and_Projects/00_Group_Shared/02_Project_Charters_and_Business_Cases,3,PS-PROJECT,00_Group_Shared,GMG-REPO-PROJECT-GRP,inherit from parent,YES,PMO / Project Sponsors
GMG_Enterprise_Repository/07_Programmes_and_Projects/00_Group_Shared/03_Plans_Deliverables_and_Status,3,PS-PROJECT,00_Group_Shared,GMG-REPO-PROJECT-GRP,inherit from parent,YES,PMO / Project Sponsors
GMG_Enterprise_Repository/07_Programmes_and_Projects/00_Group_Shared/04_Risks_Issues_Decisions_and_Changes,3,PS-PROJECT,00_Group_Shared,GMG-REPO-PROJECT-GRP,inherit from parent,YES,PMO / Project Sponsors
GMG_Enterprise_Repository/07_Programmes_and_Projects/00_Group_Shared/05_Budgets_Resources_and_Procurement,3,PS-PROJECT,00_Group_Shared,GMG-REPO-PROJECT-GRP,inherit from parent,YES,PMO / Project Sponsors
GMG_Enterprise_Repository/07_Programmes_and_Projects/00_Group_Shared/06_Validation_Regulatory_and_Quality_Links,3,PS-PROJECT,00_Group_Shared,GMG-REPO-PROJECT-GRP,inherit from parent,YES,PMO / Project Sponsors
GMG_Enterprise_Repository/07_Programmes_and_Projects/00_Group_Shared/07_Closure_Handover_and_Lessons,3,PS-PROJECT,00_Group_Shared,GMG-REPO-PROJECT-GRP,inherit from parent,YES,PMO / Project Sponsors
GMG_Enterprise_Repository/07_Programmes_and_Projects/10_GMG_AG_CH,2,PS-PROJECT,10_GMG_AG_CH,GMG-REPO-PROJECT-CH,inherit from parent,YES,PMO / Project Sponsors
GMG_Enterprise_Repository/07_Programmes_and_Projects/10_GMG_AG_CH/01_Programme_Portfolio,3,PS-PROJECT,10_GMG_AG_CH,GMG-REPO-PROJECT-CH,inherit from parent,YES,PMO / Project Sponsors
GMG_Enterprise_Repository/07_Programmes_and_Projects/10_GMG_AG_CH/02_Project_Charters_and_Business_Cases,3,PS-PROJECT,10_GMG_AG_CH,GMG-REPO-PROJECT-CH,inherit from parent,YES,PMO / Project Sponsors
GMG_Enterprise_Repository/07_Programmes_and_Projects/10_GMG_AG_CH/03_Plans_Deliverables_and_Status,3,PS-PROJECT,10_GMG_AG_CH,GMG-REPO-PROJECT-CH,inherit from parent,YES,PMO / Project Sponsors
GMG_Enterprise_Repository/07_Programmes_and_Projects/10_GMG_AG_CH/04_Risks_Issues_Decisions_and_Changes,3,PS-PROJECT,10_GMG_AG_CH,GMG-REPO-PROJECT-CH,inherit from parent,YES,PMO / Project Sponsors
GMG_Enterprise_Repository/07_Programmes_and_Projects/10_GMG_AG_CH/05_Budgets_Resources_and_Procurement,3,PS-PROJECT,10_GMG_AG_CH,GMG-REPO-PROJECT-CH,inherit from parent,YES,PMO / Project Sponsors
GMG_Enterprise_Repository/07_Programmes_and_Projects/10_GMG_AG_CH/06_Validation_Regulatory_and_Quality_Links,3,PS-PROJECT,10_GMG_AG_CH,GMG-REPO-PROJECT-CH,inherit from parent,YES,PMO / Project Sponsors
GMG_Enterprise_Repository/07_Programmes_and_Projects/10_GMG_AG_CH/07_Closure_Handover_and_Lessons,3,PS-PROJECT,10_GMG_AG_CH,GMG-REPO-PROJECT-CH,inherit from parent,YES,PMO / Project Sponsors
GMG_Enterprise_Repository/07_Programmes_and_Projects/10_GMG_AG_CH/PPM_Projects_and_Portfolios,3,PS-OPS-STANDARD,10_GMG_AG_CH,GMG-REPO-OSTANDARD-CH,BREAK INHERITANCE — apply explicitly,YES,Process Owner — TBC
GMG_Enterprise_Repository/07_Programmes_and_Projects/10_GMG_AG_CH/PPM_Projects_and_Portfolios/01_Portfolio_Register,4,PS-OPS-STANDARD,10_GMG_AG_CH,GMG-REPO-OSTANDARD-CH,inherit from parent,YES,Process Owner — TBC
GMG_Enterprise_Repository/07_Programmes_and_Projects/10_GMG_AG_CH/PPM_Projects_and_Portfolios/02_Charters_and_Business_Cases,4,PS-OPS-STANDARD,10_GMG_AG_CH,GMG-REPO-OSTANDARD-CH,inherit from parent,YES,Process Owner — TBC
GMG_Enterprise_Repository/07_Programmes_and_Projects/10_GMG_AG_CH/PPM_Projects_and_Portfolios/03_Plans_and_Status,4,PS-OPS-STANDARD,10_GMG_AG_CH,GMG-REPO-OSTANDARD-CH,inherit from parent,YES,Process Owner — TBC
GMG_Enterprise_Repository/07_Programmes_and_Projects/10_GMG_AG_CH/PPM_Projects_and_Portfolios/04_Risks_Issues_and_Decisions,4,PS-OPS-STANDARD,10_GMG_AG_CH,GMG-REPO-OSTANDARD-CH,inherit from parent,YES,Process Owner — TBC
GMG_Enterprise_Repository/07_Programmes_and_Projects/10_GMG_AG_CH/PPM_Projects_and_Portfolios/05_Budgets_and_Resources,4,PS-OPS-STANDARD,10_GMG_AG_CH,GMG-REPO-OSTANDARD-CH,inherit from parent,YES,Process Owner — TBC
GMG_Enterprise_Repository/07_Programmes_and_Projects/10_GMG_AG_CH/PPM_Projects_and_Portfolios/06_Closure_and_Lessons,4,PS-OPS-STANDARD,10_GMG_AG_CH,GMG-REPO-OSTANDARD-CH,inherit from parent,YES,Process Owner — TBC
GMG_Enterprise_Repository/07_Programmes_and_Projects/10_GMG_AG_CH/RND_RnD_Business_Operations,3,PS-PROJECT,10_GMG_AG_CH,GMG-REPO-PROJECT-CH,inherit from parent,YES,PMO / Project Sponsors
GMG_Enterprise_Repository/07_Programmes_and_Projects/10_GMG_AG_CH/RND_RnD_Business_Operations/01_Project_Administration,4,PS-OPS-STANDARD,10_GMG_AG_CH,GMG-REPO-OSTANDARD-CH,BREAK INHERITANCE — apply explicitly,YES,R&D
GMG_Enterprise_Repository/07_Programmes_and_Projects/30_GM_Poland_PL,2,PS-PROJECT,30_GM_Poland_PL,GMG-REPO-PROJECT-PL,inherit from parent,YES,PMO / Project Sponsors
GMG_Enterprise_Repository/07_Programmes_and_Projects/30_GM_Poland_PL/01_Programme_Portfolio,3,PS-PROJECT,30_GM_Poland_PL,GMG-REPO-PROJECT-PL,inherit from parent,YES,PMO / Project Sponsors
GMG_Enterprise_Repository/07_Programmes_and_Projects/30_GM_Poland_PL/02_Project_Charters_and_Business_Cases,3,PS-PROJECT,30_GM_Poland_PL,GMG-REPO-PROJECT-PL,inherit from parent,YES,PMO / Project Sponsors
GMG_Enterprise_Repository/07_Programmes_and_Projects/30_GM_Poland_PL/03_Plans_Deliverables_and_Status,3,PS-PROJECT,30_GM_Poland_PL,GMG-REPO-PROJECT-PL,inherit from parent,YES,PMO / Project Sponsors
GMG_Enterprise_Repository/07_Programmes_and_Projects/30_GM_Poland_PL/04_Risks_Issues_Decisions_and_Changes,3,PS-PROJECT,30_GM_Poland_PL,GMG-REPO-PROJECT-PL,inherit from parent,YES,PMO / Project Sponsors
GMG_Enterprise_Repository/07_Programmes_and_Projects/30_GM_Poland_PL/05_Budgets_Resources_and_Procurement,3,PS-PROJECT,30_GM_Poland_PL,GMG-REPO-PROJECT-PL,inherit from parent,YES,PMO / Project Sponsors
GMG_Enterprise_Repository/07_Programmes_and_Projects/30_GM_Poland_PL/06_Validation_Regulatory_and_Quality_Links,3,PS-PROJECT,30_GM_Poland_PL,GMG-REPO-PROJECT-PL,inherit from parent,YES,PMO / Project Sponsors
GMG_Enterprise_Repository/07_Programmes_and_Projects/30_GM_Poland_PL/07_Closure_Handover_and_Lessons,3,PS-PROJECT,30_GM_Poland_PL,GMG-REPO-PROJECT-PL,inherit from parent,YES,PMO / Project Sponsors
GMG_Enterprise_Repository/07_Programmes_and_Projects/30_GM_Poland_PL/PPM_Projects_and_Portfolios,3,PS-OPS-STANDARD,30_GM_Poland_PL,GMG-REPO-OSTANDARD-PL,BREAK INHERITANCE — apply explicitly,YES,Process Owner — TBC
GMG_Enterprise_Repository/07_Programmes_and_Projects/30_GM_Poland_PL/PPM_Projects_and_Portfolios/01_Portfolio_Register,4,PS-OPS-STANDARD,30_GM_Poland_PL,GMG-REPO-OSTANDARD-PL,inherit from parent,YES,Process Owner — TBC
GMG_Enterprise_Repository/07_Programmes_and_Projects/30_GM_Poland_PL/PPM_Projects_and_Portfolios/02_Charters_and_Business_Cases,4,PS-OPS-STANDARD,30_GM_Poland_PL,GMG-REPO-OSTANDARD-PL,inherit from parent,YES,Process Owner — TBC
GMG_Enterprise_Repository/07_Programmes_and_Projects/30_GM_Poland_PL/PPM_Projects_and_Portfolios/03_Plans_and_Status,4,PS-OPS-STANDARD,30_GM_Poland_PL,GMG-REPO-OSTANDARD-PL,inherit from parent,YES,Process Owner — TBC
GMG_Enterprise_Repository/07_Programmes_and_Projects/30_GM_Poland_PL/PPM_Projects_and_Portfolios/04_Risks_Issues_and_Decisions,4,PS-OPS-STANDARD,30_GM_Poland_PL,GMG-REPO-OSTANDARD-PL,inherit from parent,YES,Process Owner — TBC
GMG_Enterprise_Repository/07_Programmes_and_Projects/30_GM_Poland_PL/PPM_Projects_and_Portfolios/05_Budgets_and_Resources,4,PS-OPS-STANDARD,30_GM_Poland_PL,GMG-REPO-OSTANDARD-PL,inherit from parent,YES,Process Owner — TBC
GMG_Enterprise_Repository/07_Programmes_and_Projects/30_GM_Poland_PL/PPM_Projects_and_Portfolios/06_Closure_and_Lessons,4,PS-OPS-STANDARD,30_GM_Poland_PL,GMG-REPO-OSTANDARD-PL,inherit from parent,YES,Process Owner — TBC
GMG_Enterprise_Repository/07_Programmes_and_Projects/30_GM_Poland_PL/RND_RnD_Business_Operations,3,PS-PROJECT,30_GM_Poland_PL,GMG-REPO-PROJECT-PL,inherit from parent,YES,PMO / Project Sponsors
GMG_Enterprise_Repository/07_Programmes_and_Projects/30_GM_Poland_PL/RND_RnD_Business_Operations/01_Project_Administration,4,PS-OPS-STANDARD,30_GM_Poland_PL,GMG-REPO-OSTANDARD-PL,BREAK INHERITANCE — apply explicitly,YES,R&D
GMG_Enterprise_Repository/07_Programmes_and_Projects/40_Miquel_y_Garriga_SL_ES,2,PS-PROJECT,40_Miquel_y_Garriga_SL_ES,GMG-REPO-PROJECT-MYG,inherit from parent,YES,PMO / Project Sponsors
GMG_Enterprise_Repository/07_Programmes_and_Projects/40_Miquel_y_Garriga_SL_ES/01_Programme_Portfolio,3,PS-PROJECT,40_Miquel_y_Garriga_SL_ES,GMG-REPO-PROJECT-MYG,inherit from parent,YES,PMO / Project Sponsors
GMG_Enterprise_Repository/07_Programmes_and_Projects/40_Miquel_y_Garriga_SL_ES/02_Project_Charters_and_Business_Cases,3,PS-PROJECT,40_Miquel_y_Garriga_SL_ES,GMG-REPO-PROJECT-MYG,inherit from parent,YES,PMO / Project Sponsors
GMG_Enterprise_Repository/07_Programmes_and_Projects/40_Miquel_y_Garriga_SL_ES/03_Plans_Deliverables_and_Status,3,PS-PROJECT,40_Miquel_y_Garriga_SL_ES,GMG-REPO-PROJECT-MYG,inherit from parent,YES,PMO / Project Sponsors
GMG_Enterprise_Repository/07_Programmes_and_Projects/40_Miquel_y_Garriga_SL_ES/04_Risks_Issues_Decisions_and_Changes,3,PS-PROJECT,40_Miquel_y_Garriga_SL_ES,GMG-REPO-PROJECT-MYG,inherit from parent,YES,PMO / Project Sponsors
GMG_Enterprise_Repository/07_Programmes_and_Projects/40_Miquel_y_Garriga_SL_ES/05_Budgets_Resources_and_Procurement,3,PS-PROJECT,40_Miquel_y_Garriga_SL_ES,GMG-REPO-PROJECT-MYG,inherit from parent,YES,PMO / Project Sponsors
GMG_Enterprise_Repository/07_Programmes_and_Projects/40_Miquel_y_Garriga_SL_ES/06_Validation_Regulatory_and_Quality_Links,3,PS-PROJECT,40_Miquel_y_Garriga_SL_ES,GMG-REPO-PROJECT-MYG,inherit from parent,YES,PMO / Project Sponsors
GMG_Enterprise_Repository/07_Programmes_and_Projects/40_Miquel_y_Garriga_SL_ES/07_Closure_Handover_and_Lessons,3,PS-PROJECT,40_Miquel_y_Garriga_SL_ES,GMG-REPO-PROJECT-MYG,inherit from parent,YES,PMO / Project Sponsors
GMG_Enterprise_Repository/07_Programmes_and_Projects/40_Miquel_y_Garriga_SL_ES/PPM_Projects_and_Portfolios,3,PS-OPS-STANDARD,40_Miquel_y_Garriga_SL_ES,GMG-REPO-OSTANDARD-MYG,BREAK INHERITANCE — apply explicitly,YES,Process Owner — TBC
GMG_Enterprise_Repository/07_Programmes_and_Projects/40_Miquel_y_Garriga_SL_ES/PPM_Projects_and_Portfolios/01_Portfolio_Register,4,PS-OPS-STANDARD,40_Miquel_y_Garriga_SL_ES,GMG-REPO-OSTANDARD-MYG,inherit from parent,YES,Process Owner — TBC
GMG_Enterprise_Repository/07_Programmes_and_Projects/40_Miquel_y_Garriga_SL_ES/PPM_Projects_and_Portfolios/02_Charters_and_Business_Cases,4,PS-OPS-STANDARD,40_Miquel_y_Garriga_SL_ES,GMG-REPO-OSTANDARD-MYG,inherit from parent,YES,Process Owner — TBC
GMG_Enterprise_Repository/07_Programmes_and_Projects/40_Miquel_y_Garriga_SL_ES/PPM_Projects_and_Portfolios/03_Plans_and_Status,4,PS-OPS-STANDARD,40_Miquel_y_Garriga_SL_ES,GMG-REPO-OSTANDARD-MYG,inherit from parent,YES,Process Owner — TBC
GMG_Enterprise_Repository/07_Programmes_and_Projects/40_Miquel_y_Garriga_SL_ES/PPM_Projects_and_Portfolios/04_Risks_Issues_and_Decisions,4,PS-OPS-STANDARD,40_Miquel_y_Garriga_SL_ES,GMG-REPO-OSTANDARD-MYG,inherit from parent,YES,Process Owner — TBC
GMG_Enterprise_Repository/07_Programmes_and_Projects/40_Miquel_y_Garriga_SL_ES/PPM_Projects_and_Portfolios/05_Budgets_and_Resources,4,PS-OPS-STANDARD,40_Miquel_y_Garriga_SL_ES,GMG-REPO-OSTANDARD-MYG,inherit from parent,YES,Process Owner — TBC
GMG_Enterprise_Repository/07_Programmes_and_Projects/40_Miquel_y_Garriga_SL_ES/PPM_Projects_and_Portfolios/06_Closure_and_Lessons,4,PS-OPS-STANDARD,40_Miquel_y_Garriga_SL_ES,GMG-REPO-OSTANDARD-MYG,inherit from parent,YES,Process Owner — TBC
GMG_Enterprise_Repository/07_Programmes_and_Projects/40_Miquel_y_Garriga_SL_ES/RND_RnD_Business_Operations,3,PS-PROJECT,40_Miquel_y_Garriga_SL_ES,GMG-REPO-PROJECT-MYG,inherit from parent,YES,PMO / Project Sponsors
GMG_Enterprise_Repository/07_Programmes_and_Projects/40_Miquel_y_Garriga_SL_ES/RND_RnD_Business_Operations/01_Project_Administration,4,PS-OPS-STANDARD,40_Miquel_y_Garriga_SL_ES,GMG-REPO-OSTANDARD-MYG,BREAK INHERITANCE — apply explicitly,YES,R&D
GMG_Enterprise_Repository/07_Programmes_and_Projects/50_GMG_Ilaclari_LTD_TR,2,PS-PROJECT,50_GMG_Ilaclari_LTD_TR,GMG-REPO-PROJECT-TR,inherit from parent,YES,PMO / Project Sponsors
GMG_Enterprise_Repository/07_Programmes_and_Projects/50_GMG_Ilaclari_LTD_TR/01_Programme_Portfolio,3,PS-PROJECT,50_GMG_Ilaclari_LTD_TR,GMG-REPO-PROJECT-TR,inherit from parent,YES,PMO / Project Sponsors
GMG_Enterprise_Repository/07_Programmes_and_Projects/50_GMG_Ilaclari_LTD_TR/02_Project_Charters_and_Business_Cases,3,PS-PROJECT,50_GMG_Ilaclari_LTD_TR,GMG-REPO-PROJECT-TR,inherit from parent,YES,PMO / Project Sponsors
GMG_Enterprise_Repository/07_Programmes_and_Projects/50_GMG_Ilaclari_LTD_TR/03_Plans_Deliverables_and_Status,3,PS-PROJECT,50_GMG_Ilaclari_LTD_TR,GMG-REPO-PROJECT-TR,inherit from parent,YES,PMO / Project Sponsors
GMG_Enterprise_Repository/07_Programmes_and_Projects/50_GMG_Ilaclari_LTD_TR/04_Risks_Issues_Decisions_and_Changes,3,PS-PROJECT,50_GMG_Ilaclari_LTD_TR,GMG-REPO-PROJECT-TR,inherit from parent,YES,PMO / Project Sponsors
GMG_Enterprise_Repository/07_Programmes_and_Projects/50_GMG_Ilaclari_LTD_TR/05_Budgets_Resources_and_Procurement,3,PS-PROJECT,50_GMG_Ilaclari_LTD_TR,GMG-REPO-PROJECT-TR,inherit from parent,YES,PMO / Project Sponsors
GMG_Enterprise_Repository/07_Programmes_and_Projects/50_GMG_Ilaclari_LTD_TR/06_Validation_Regulatory_and_Quality_Links,3,PS-PROJECT,50_GMG_Ilaclari_LTD_TR,GMG-REPO-PROJECT-TR,inherit from parent,YES,PMO / Project Sponsors
GMG_Enterprise_Repository/07_Programmes_and_Projects/50_GMG_Ilaclari_LTD_TR/07_Closure_Handover_and_Lessons,3,PS-PROJECT,50_GMG_Ilaclari_LTD_TR,GMG-REPO-PROJECT-TR,inherit from parent,YES,PMO / Project Sponsors
GMG_Enterprise_Repository/07_Programmes_and_Projects/50_GMG_Ilaclari_LTD_TR/PPM_Projects_and_Portfolios,3,PS-OPS-STANDARD,50_GMG_Ilaclari_LTD_TR,GMG-REPO-OSTANDARD-TR,BREAK INHERITANCE — apply explicitly,YES,Process Owner — TBC
GMG_Enterprise_Repository/07_Programmes_and_Projects/50_GMG_Ilaclari_LTD_TR/PPM_Projects_and_Portfolios/01_Portfolio_Register,4,PS-OPS-STANDARD,50_GMG_Ilaclari_LTD_TR,GMG-REPO-OSTANDARD-TR,inherit from parent,YES,Process Owner — TBC
GMG_Enterprise_Repository/07_Programmes_and_Projects/50_GMG_Ilaclari_LTD_TR/PPM_Projects_and_Portfolios/02_Charters_and_Business_Cases,4,PS-OPS-STANDARD,50_GMG_Ilaclari_LTD_TR,GMG-REPO-OSTANDARD-TR,inherit from parent,YES,Process Owner — TBC
GMG_Enterprise_Repository/07_Programmes_and_Projects/50_GMG_Ilaclari_LTD_TR/PPM_Projects_and_Portfolios/03_Plans_and_Status,4,PS-OPS-STANDARD,50_GMG_Ilaclari_LTD_TR,GMG-REPO-OSTANDARD-TR,inherit from parent,YES,Process Owner — TBC
GMG_Enterprise_Repository/07_Programmes_and_Projects/50_GMG_Ilaclari_LTD_TR/PPM_Projects_and_Portfolios/04_Risks_Issues_and_Decisions,4,PS-OPS-STANDARD,50_GMG_Ilaclari_LTD_TR,GMG-REPO-OSTANDARD-TR,inherit from parent,YES,Process Owner — TBC
GMG_Enterprise_Repository/07_Programmes_and_Projects/50_GMG_Ilaclari_LTD_TR/PPM_Projects_and_Portfolios/05_Budgets_and_Resources,4,PS-OPS-STANDARD,50_GMG_Ilaclari_LTD_TR,GMG-REPO-OSTANDARD-TR,inherit from parent,YES,Process Owner — TBC
GMG_Enterprise_Repository/07_Programmes_and_Projects/50_GMG_Ilaclari_LTD_TR/PPM_Projects_and_Portfolios/06_Closure_and_Lessons,4,PS-OPS-STANDARD,50_GMG_Ilaclari_LTD_TR,GMG-REPO-OSTANDARD-TR,inherit from parent,YES,Process Owner — TBC
GMG_Enterprise_Repository/07_Programmes_and_Projects/50_GMG_Ilaclari_LTD_TR/RND_RnD_Business_Operations,3,PS-PROJECT,50_GMG_Ilaclari_LTD_TR,GMG-REPO-PROJECT-TR,inherit from parent,YES,PMO / Project Sponsors
GMG_Enterprise_Repository/07_Programmes_and_Projects/50_GMG_Ilaclari_LTD_TR/RND_RnD_Business_Operations/01_Project_Administration,4,PS-OPS-STANDARD,50_GMG_Ilaclari_LTD_TR,GMG-REPO-OSTANDARD-TR,BREAK INHERITANCE — apply explicitly,YES,R&D
GMG_Enterprise_Repository/07_Programmes_and_Projects/80_Cross_Entity,2,PS-PROJECT,80_Cross_Entity,GMG-REPO-PROJECT-XE,inherit from parent,YES,PMO / Project Sponsors
GMG_Enterprise_Repository/07_Programmes_and_Projects/80_Cross_Entity/01_Programme_Portfolio,3,PS-PROJECT,80_Cross_Entity,GMG-REPO-PROJECT-XE,inherit from parent,YES,PMO / Project Sponsors
GMG_Enterprise_Repository/07_Programmes_and_Projects/80_Cross_Entity/02_Project_Charters_and_Business_Cases,3,PS-PROJECT,80_Cross_Entity,GMG-REPO-PROJECT-XE,inherit from parent,YES,PMO / Project Sponsors
GMG_Enterprise_Repository/07_Programmes_and_Projects/80_Cross_Entity/03_Plans_Deliverables_and_Status,3,PS-PROJECT,80_Cross_Entity,GMG-REPO-PROJECT-XE,inherit from parent,YES,PMO / Project Sponsors
GMG_Enterprise_Repository/07_Programmes_and_Projects/80_Cross_Entity/04_Risks_Issues_Decisions_and_Changes,3,PS-PROJECT,80_Cross_Entity,GMG-REPO-PROJECT-XE,inherit from parent,YES,PMO / Project Sponsors
GMG_Enterprise_Repository/07_Programmes_and_Projects/80_Cross_Entity/05_Budgets_Resources_and_Procurement,3,PS-PROJECT,80_Cross_Entity,GMG-REPO-PROJECT-XE,inherit from parent,YES,PMO / Project Sponsors
GMG_Enterprise_Repository/07_Programmes_and_Projects/80_Cross_Entity/06_Validation_Regulatory_and_Quality_Links,3,PS-PROJECT,80_Cross_Entity,GMG-REPO-PROJECT-XE,inherit from parent,YES,PMO / Project Sponsors
GMG_Enterprise_Repository/07_Programmes_and_Projects/80_Cross_Entity/07_Closure_Handover_and_Lessons,3,PS-PROJECT,80_Cross_Entity,GMG-REPO-PROJECT-XE,inherit from parent,YES,PMO / Project Sponsors
GMG_Enterprise_Repository/07_Programmes_and_Projects/90_External_or_Joint_Ventures,2,PS-PROJECT,90_External_or_Joint_Ventures,GMG-REPO-PROJECT-EXT,inherit from parent,YES,PMO / Project Sponsors
GMG_Enterprise_Repository/07_Programmes_and_Projects/90_External_or_Joint_Ventures/01_Programme_Portfolio,3,PS-PROJECT,90_External_or_Joint_Ventures,GMG-REPO-PROJECT-EXT,inherit from parent,YES,PMO / Project Sponsors
GMG_Enterprise_Repository/07_Programmes_and_Projects/90_External_or_Joint_Ventures/02_Project_Charters_and_Business_Cases,3,PS-PROJECT,90_External_or_Joint_Ventures,GMG-REPO-PROJECT-EXT,inherit from parent,YES,PMO / Project Sponsors
GMG_Enterprise_Repository/07_Programmes_and_Projects/90_External_or_Joint_Ventures/03_Plans_Deliverables_and_Status,3,PS-PROJECT,90_External_or_Joint_Ventures,GMG-REPO-PROJECT-EXT,inherit from parent,YES,PMO / Project Sponsors
GMG_Enterprise_Repository/07_Programmes_and_Projects/90_External_or_Joint_Ventures/04_Risks_Issues_Decisions_and_Changes,3,PS-PROJECT,90_External_or_Joint_Ventures,GMG-REPO-PROJECT-EXT,inherit from parent,YES,PMO / Project Sponsors
GMG_Enterprise_Repository/07_Programmes_and_Projects/90_External_or_Joint_Ventures/05_Budgets_Resources_and_Procurement,3,PS-PROJECT,90_External_or_Joint_Ventures,GMG-REPO-PROJECT-EXT,inherit from parent,YES,PMO / Project Sponsors
GMG_Enterprise_Repository/07_Programmes_and_Projects/90_External_or_Joint_Ventures/06_Validation_Regulatory_and_Quality_Links,3,PS-PROJECT,90_External_or_Joint_Ventures,GMG-REPO-PROJECT-EXT,inherit from parent,YES,PMO / Project Sponsors
GMG_Enterprise_Repository/07_Programmes_and_Projects/90_External_or_Joint_Ventures/07_Closure_Handover_and_Lessons,3,PS-PROJECT,90_External_or_Joint_Ventures,GMG-REPO-PROJECT-EXT,inherit from parent,YES,PMO / Project Sponsors
GMG_Enterprise_Repository/08_Knowledge_Templates_and_Reference,1,PS-KNOWLEDGE-READ,GROUP,GMG-REPO-KNOWLEDGE-READ-GRP,BREAK INHERITANCE — apply explicitly,YES,Knowledge Owners / Records Management
GMG_Enterprise_Repository/08_Knowledge_Templates_and_Reference/00_Group_Shared,2,PS-KNOWLEDGE-READ,00_Group_Shared,GMG-REPO-KNOWLEDGE-READ-GRP,inherit from parent,YES,Knowledge Owners / Records Management
GMG_Enterprise_Repository/08_Knowledge_Templates_and_Reference/00_Group_Shared/01_Non_Controlled_Guidance,3,PS-KNOWLEDGE-READ,00_Group_Shared,GMG-REPO-KNOWLEDGE-READ-GRP,inherit from parent,YES,Knowledge Owners / Records Management
GMG_Enterprise_Repository/08_Knowledge_Templates_and_Reference/00_Group_Shared/02_Methodologies_and_Playbooks,3,PS-KNOWLEDGE-READ,00_Group_Shared,GMG-REPO-KNOWLEDGE-READ-GRP,inherit from parent,YES,Knowledge Owners / Records Management
GMG_Enterprise_Repository/08_Knowledge_Templates_and_Reference/00_Group_Shared/03_Reusable_Templates,3,PS-KNOWLEDGE-READ,00_Group_Shared,GMG-REPO-KNOWLEDGE-READ-GRP,inherit from parent,YES,Knowledge Owners / Records Management
GMG_Enterprise_Repository/08_Knowledge_Templates_and_Reference/00_Group_Shared/04_Working_Instructions,3,PS-KNOWLEDGE-READ,00_Group_Shared,GMG-REPO-KNOWLEDGE-READ-GRP,inherit from parent,YES,Knowledge Owners / Records Management
GMG_Enterprise_Repository/08_Knowledge_Templates_and_Reference/00_Group_Shared/05_External_Reference_Materials,3,PS-KNOWLEDGE-READ,00_Group_Shared,GMG-REPO-KNOWLEDGE-READ-GRP,inherit from parent,YES,Knowledge Owners / Records Management
GMG_Enterprise_Repository/08_Knowledge_Templates_and_Reference/00_Group_Shared/06_Knowledge_Base_and_Lessons,3,PS-KNOWLEDGE-READ,00_Group_Shared,GMG-REPO-KNOWLEDGE-READ-GRP,inherit from parent,YES,Knowledge Owners / Records Management
GMG_Enterprise_Repository/08_Knowledge_Templates_and_Reference/00_Group_Shared/07_Training_Reference_Materials,3,PS-KNOWLEDGE-READ,00_Group_Shared,GMG-REPO-KNOWLEDGE-READ-GRP,inherit from parent,YES,Knowledge Owners / Records Management
GMG_Enterprise_Repository/08_Knowledge_Templates_and_Reference/00_Group_Shared/08_Enterprise_Master_Reference,3,PS-KNOWLEDGE-READ,00_Group_Shared,GMG-REPO-KNOWLEDGE-READ-GRP,inherit from parent,YES,Records Management / Data Governance
GMG_Enterprise_Repository/08_Knowledge_Templates_and_Reference/00_Group_Shared/08_Enterprise_Master_Reference/01_Data_Dictionaries_and_Integration_Maps,4,PS-MASTER-DATA,00_Group_Shared,GMG-REPO-MASTER-DATA-GRP,BREAK INHERITANCE — apply explicitly,YES,Data Governance — TBC
GMG_Enterprise_Repository/08_Knowledge_Templates_and_Reference/00_Group_Shared/08_Enterprise_Master_Reference/02_Entity_Site_and_Organisation_Master_Data,4,PS-MASTER-DATA,00_Group_Shared,GMG-REPO-MASTER-DATA-GRP,BREAK INHERITANCE — apply explicitly,YES,Data Governance — TBC
GMG_Enterprise_Repository/08_Knowledge_Templates_and_Reference/00_Group_Shared/08_Enterprise_Master_Reference/03_Governed_Master_Data,4,PS-MASTER-DATA,00_Group_Shared,GMG-REPO-MASTER-DATA-GRP,BREAK INHERITANCE — apply explicitly,YES,Data Governance
GMG_Enterprise_Repository/08_Knowledge_Templates_and_Reference/00_Group_Shared/08_Enterprise_Master_Reference/04_Product_Market_Brand_and_Partner_Reference_Data,4,PS-MASTER-DATA,00_Group_Shared,GMG-REPO-MASTER-DATA-GRP,BREAK INHERITANCE — apply explicitly,YES,Data Governance — TBC
GMG_Enterprise_Repository/08_Knowledge_Templates_and_Reference/10_GMG_AG_CH,2,PS-KNOWLEDGE-READ,10_GMG_AG_CH,GMG-REPO-KNOWLEDGE-READ-CH,inherit from parent,YES,Knowledge Owners / Records Management
GMG_Enterprise_Repository/08_Knowledge_Templates_and_Reference/10_GMG_AG_CH/01_Non_Controlled_Guidance,3,PS-KNOWLEDGE-READ,10_GMG_AG_CH,GMG-REPO-KNOWLEDGE-READ-CH,inherit from parent,YES,Knowledge Owners / Records Management
GMG_Enterprise_Repository/08_Knowledge_Templates_and_Reference/10_GMG_AG_CH/02_Methodologies_and_Playbooks,3,PS-KNOWLEDGE-READ,10_GMG_AG_CH,GMG-REPO-KNOWLEDGE-READ-CH,inherit from parent,YES,Knowledge Owners / Records Management
GMG_Enterprise_Repository/08_Knowledge_Templates_and_Reference/10_GMG_AG_CH/03_Reusable_Templates,3,PS-KNOWLEDGE-READ,10_GMG_AG_CH,GMG-REPO-KNOWLEDGE-READ-CH,inherit from parent,YES,Knowledge Owners / Records Management
GMG_Enterprise_Repository/08_Knowledge_Templates_and_Reference/10_GMG_AG_CH/04_Working_Instructions,3,PS-KNOWLEDGE-READ,10_GMG_AG_CH,GMG-REPO-KNOWLEDGE-READ-CH,inherit from parent,YES,Knowledge Owners / Records Management
GMG_Enterprise_Repository/08_Knowledge_Templates_and_Reference/10_GMG_AG_CH/05_External_Reference_Materials,3,PS-KNOWLEDGE-READ,10_GMG_AG_CH,GMG-REPO-KNOWLEDGE-READ-CH,inherit from parent,YES,Knowledge Owners / Records Management
GMG_Enterprise_Repository/08_Knowledge_Templates_and_Reference/10_GMG_AG_CH/06_Knowledge_Base_and_Lessons,3,PS-KNOWLEDGE-READ,10_GMG_AG_CH,GMG-REPO-KNOWLEDGE-READ-CH,inherit from parent,YES,Knowledge Owners / Records Management
GMG_Enterprise_Repository/08_Knowledge_Templates_and_Reference/10_GMG_AG_CH/07_Training_Reference_Materials,3,PS-KNOWLEDGE-READ,10_GMG_AG_CH,GMG-REPO-KNOWLEDGE-READ-CH,inherit from parent,YES,Knowledge Owners / Records Management
GMG_Enterprise_Repository/08_Knowledge_Templates_and_Reference/30_GM_Poland_PL,2,PS-KNOWLEDGE-READ,30_GM_Poland_PL,GMG-REPO-KNOWLEDGE-READ-PL,inherit from parent,YES,Knowledge Owners / Records Management
GMG_Enterprise_Repository/08_Knowledge_Templates_and_Reference/30_GM_Poland_PL/01_Non_Controlled_Guidance,3,PS-KNOWLEDGE-READ,30_GM_Poland_PL,GMG-REPO-KNOWLEDGE-READ-PL,inherit from parent,YES,Knowledge Owners / Records Management
GMG_Enterprise_Repository/08_Knowledge_Templates_and_Reference/30_GM_Poland_PL/02_Methodologies_and_Playbooks,3,PS-KNOWLEDGE-READ,30_GM_Poland_PL,GMG-REPO-KNOWLEDGE-READ-PL,inherit from parent,YES,Knowledge Owners / Records Management
GMG_Enterprise_Repository/08_Knowledge_Templates_and_Reference/30_GM_Poland_PL/03_Reusable_Templates,3,PS-KNOWLEDGE-READ,30_GM_Poland_PL,GMG-REPO-KNOWLEDGE-READ-PL,inherit from parent,YES,Knowledge Owners / Records Management
GMG_Enterprise_Repository/08_Knowledge_Templates_and_Reference/30_GM_Poland_PL/04_Working_Instructions,3,PS-KNOWLEDGE-READ,30_GM_Poland_PL,GMG-REPO-KNOWLEDGE-READ-PL,inherit from parent,YES,Knowledge Owners / Records Management
GMG_Enterprise_Repository/08_Knowledge_Templates_and_Reference/30_GM_Poland_PL/05_External_Reference_Materials,3,PS-KNOWLEDGE-READ,30_GM_Poland_PL,GMG-REPO-KNOWLEDGE-READ-PL,inherit from parent,YES,Knowledge Owners / Records Management
GMG_Enterprise_Repository/08_Knowledge_Templates_and_Reference/30_GM_Poland_PL/06_Knowledge_Base_and_Lessons,3,PS-KNOWLEDGE-READ,30_GM_Poland_PL,GMG-REPO-KNOWLEDGE-READ-PL,inherit from parent,YES,Knowledge Owners / Records Management
GMG_Enterprise_Repository/08_Knowledge_Templates_and_Reference/30_GM_Poland_PL/07_Training_Reference_Materials,3,PS-KNOWLEDGE-READ,30_GM_Poland_PL,GMG-REPO-KNOWLEDGE-READ-PL,inherit from parent,YES,Knowledge Owners / Records Management
GMG_Enterprise_Repository/08_Knowledge_Templates_and_Reference/40_Miquel_y_Garriga_SL_ES,2,PS-KNOWLEDGE-READ,40_Miquel_y_Garriga_SL_ES,GMG-REPO-KNOWLEDGE-READ-MYG,inherit from parent,YES,Knowledge Owners / Records Management
GMG_Enterprise_Repository/08_Knowledge_Templates_and_Reference/40_Miquel_y_Garriga_SL_ES/01_Non_Controlled_Guidance,3,PS-KNOWLEDGE-READ,40_Miquel_y_Garriga_SL_ES,GMG-REPO-KNOWLEDGE-READ-MYG,inherit from parent,YES,Knowledge Owners / Records Management
GMG_Enterprise_Repository/08_Knowledge_Templates_and_Reference/40_Miquel_y_Garriga_SL_ES/02_Methodologies_and_Playbooks,3,PS-KNOWLEDGE-READ,40_Miquel_y_Garriga_SL_ES,GMG-REPO-KNOWLEDGE-READ-MYG,inherit from parent,YES,Knowledge Owners / Records Management
GMG_Enterprise_Repository/08_Knowledge_Templates_and_Reference/40_Miquel_y_Garriga_SL_ES/03_Reusable_Templates,3,PS-KNOWLEDGE-READ,40_Miquel_y_Garriga_SL_ES,GMG-REPO-KNOWLEDGE-READ-MYG,inherit from parent,YES,Knowledge Owners / Records Management
GMG_Enterprise_Repository/08_Knowledge_Templates_and_Reference/40_Miquel_y_Garriga_SL_ES/04_Working_Instructions,3,PS-KNOWLEDGE-READ,40_Miquel_y_Garriga_SL_ES,GMG-REPO-KNOWLEDGE-READ-MYG,inherit from parent,YES,Knowledge Owners / Records Management
GMG_Enterprise_Repository/08_Knowledge_Templates_and_Reference/40_Miquel_y_Garriga_SL_ES/05_External_Reference_Materials,3,PS-KNOWLEDGE-READ,40_Miquel_y_Garriga_SL_ES,GMG-REPO-KNOWLEDGE-READ-MYG,inherit from parent,YES,Knowledge Owners / Records Management
GMG_Enterprise_Repository/08_Knowledge_Templates_and_Reference/40_Miquel_y_Garriga_SL_ES/06_Knowledge_Base_and_Lessons,3,PS-KNOWLEDGE-READ,40_Miquel_y_Garriga_SL_ES,GMG-REPO-KNOWLEDGE-READ-MYG,inherit from parent,YES,Knowledge Owners / Records Management
GMG_Enterprise_Repository/08_Knowledge_Templates_and_Reference/40_Miquel_y_Garriga_SL_ES/07_Training_Reference_Materials,3,PS-KNOWLEDGE-READ,40_Miquel_y_Garriga_SL_ES,GMG-REPO-KNOWLEDGE-READ-MYG,inherit from parent,YES,Knowledge Owners / Records Management
GMG_Enterprise_Repository/08_Knowledge_Templates_and_Reference/50_GMG_Ilaclari_LTD_TR,2,PS-KNOWLEDGE-READ,50_GMG_Ilaclari_LTD_TR,GMG-REPO-KNOWLEDGE-READ-TR,inherit from parent,YES,Knowledge Owners / Records Management
GMG_Enterprise_Repository/08_Knowledge_Templates_and_Reference/50_GMG_Ilaclari_LTD_TR/01_Non_Controlled_Guidance,3,PS-KNOWLEDGE-READ,50_GMG_Ilaclari_LTD_TR,GMG-REPO-KNOWLEDGE-READ-TR,inherit from parent,YES,Knowledge Owners / Records Management
GMG_Enterprise_Repository/08_Knowledge_Templates_and_Reference/50_GMG_Ilaclari_LTD_TR/02_Methodologies_and_Playbooks,3,PS-KNOWLEDGE-READ,50_GMG_Ilaclari_LTD_TR,GMG-REPO-KNOWLEDGE-READ-TR,inherit from parent,YES,Knowledge Owners / Records Management
GMG_Enterprise_Repository/08_Knowledge_Templates_and_Reference/50_GMG_Ilaclari_LTD_TR/03_Reusable_Templates,3,PS-KNOWLEDGE-READ,50_GMG_Ilaclari_LTD_TR,GMG-REPO-KNOWLEDGE-READ-TR,inherit from parent,YES,Knowledge Owners / Records Management
GMG_Enterprise_Repository/08_Knowledge_Templates_and_Reference/50_GMG_Ilaclari_LTD_TR/04_Working_Instructions,3,PS-KNOWLEDGE-READ,50_GMG_Ilaclari_LTD_TR,GMG-REPO-KNOWLEDGE-READ-TR,inherit from parent,YES,Knowledge Owners / Records Management
GMG_Enterprise_Repository/08_Knowledge_Templates_and_Reference/50_GMG_Ilaclari_LTD_TR/05_External_Reference_Materials,3,PS-KNOWLEDGE-READ,50_GMG_Ilaclari_LTD_TR,GMG-REPO-KNOWLEDGE-READ-TR,inherit from parent,YES,Knowledge Owners / Records Management
GMG_Enterprise_Repository/08_Knowledge_Templates_and_Reference/50_GMG_Ilaclari_LTD_TR/06_Knowledge_Base_and_Lessons,3,PS-KNOWLEDGE-READ,50_GMG_Ilaclari_LTD_TR,GMG-REPO-KNOWLEDGE-READ-TR,inherit from parent,YES,Knowledge Owners / Records Management
GMG_Enterprise_Repository/08_Knowledge_Templates_and_Reference/50_GMG_Ilaclari_LTD_TR/07_Training_Reference_Materials,3,PS-KNOWLEDGE-READ,50_GMG_Ilaclari_LTD_TR,GMG-REPO-KNOWLEDGE-READ-TR,inherit from parent,YES,Knowledge Owners / Records Management
GMG_Enterprise_Repository/08_Knowledge_Templates_and_Reference/80_Cross_Entity,2,PS-KNOWLEDGE-READ,80_Cross_Entity,GMG-REPO-KNOWLEDGE-READ-XE,inherit from parent,YES,Knowledge Owners / Records Management
GMG_Enterprise_Repository/08_Knowledge_Templates_and_Reference/80_Cross_Entity/01_Non_Controlled_Guidance,3,PS-KNOWLEDGE-READ,80_Cross_Entity,GMG-REPO-KNOWLEDGE-READ-XE,inherit from parent,YES,Knowledge Owners / Records Management
GMG_Enterprise_Repository/08_Knowledge_Templates_and_Reference/80_Cross_Entity/02_Methodologies_and_Playbooks,3,PS-KNOWLEDGE-READ,80_Cross_Entity,GMG-REPO-KNOWLEDGE-READ-XE,inherit from parent,YES,Knowledge Owners / Records Management
GMG_Enterprise_Repository/08_Knowledge_Templates_and_Reference/80_Cross_Entity/03_Reusable_Templates,3,PS-KNOWLEDGE-READ,80_Cross_Entity,GMG-REPO-KNOWLEDGE-READ-XE,inherit from parent,YES,Knowledge Owners / Records Management
GMG_Enterprise_Repository/08_Knowledge_Templates_and_Reference/80_Cross_Entity/04_Working_Instructions,3,PS-KNOWLEDGE-READ,80_Cross_Entity,GMG-REPO-KNOWLEDGE-READ-XE,inherit from parent,YES,Knowledge Owners / Records Management
GMG_Enterprise_Repository/08_Knowledge_Templates_and_Reference/80_Cross_Entity/05_External_Reference_Materials,3,PS-KNOWLEDGE-READ,80_Cross_Entity,GMG-REPO-KNOWLEDGE-READ-XE,inherit from parent,YES,Knowledge Owners / Records Management
GMG_Enterprise_Repository/08_Knowledge_Templates_and_Reference/80_Cross_Entity/06_Knowledge_Base_and_Lessons,3,PS-KNOWLEDGE-READ,80_Cross_Entity,GMG-REPO-KNOWLEDGE-READ-XE,inherit from parent,YES,Knowledge Owners / Records Management
GMG_Enterprise_Repository/08_Knowledge_Templates_and_Reference/80_Cross_Entity/07_Training_Reference_Materials,3,PS-KNOWLEDGE-READ,80_Cross_Entity,GMG-REPO-KNOWLEDGE-READ-XE,inherit from parent,YES,Knowledge Owners / Records Management
GMG_Enterprise_Repository/08_Knowledge_Templates_and_Reference/90_External_or_Joint_Ventures,2,PS-KNOWLEDGE-READ,90_External_or_Joint_Ventures,GMG-REPO-KNOWLEDGE-READ-EXT,inherit from parent,YES,Knowledge Owners / Records Management
GMG_Enterprise_Repository/08_Knowledge_Templates_and_Reference/90_External_or_Joint_Ventures/01_Non_Controlled_Guidance,3,PS-KNOWLEDGE-READ,90_External_or_Joint_Ventures,GMG-REPO-KNOWLEDGE-READ-EXT,inherit from parent,YES,Knowledge Owners / Records Management
GMG_Enterprise_Repository/08_Knowledge_Templates_and_Reference/90_External_or_Joint_Ventures/02_Methodologies_and_Playbooks,3,PS-KNOWLEDGE-READ,90_External_or_Joint_Ventures,GMG-REPO-KNOWLEDGE-READ-EXT,inherit from parent,YES,Knowledge Owners / Records Management
GMG_Enterprise_Repository/08_Knowledge_Templates_and_Reference/90_External_or_Joint_Ventures/03_Reusable_Templates,3,PS-KNOWLEDGE-READ,90_External_or_Joint_Ventures,GMG-REPO-KNOWLEDGE-READ-EXT,inherit from parent,YES,Knowledge Owners / Records Management
GMG_Enterprise_Repository/08_Knowledge_Templates_and_Reference/90_External_or_Joint_Ventures/04_Working_Instructions,3,PS-KNOWLEDGE-READ,90_External_or_Joint_Ventures,GMG-REPO-KNOWLEDGE-READ-EXT,inherit from parent,YES,Knowledge Owners / Records Management
GMG_Enterprise_Repository/08_Knowledge_Templates_and_Reference/90_External_or_Joint_Ventures/05_External_Reference_Materials,3,PS-KNOWLEDGE-READ,90_External_or_Joint_Ventures,GMG-REPO-KNOWLEDGE-READ-EXT,inherit from parent,YES,Knowledge Owners / Records Management
GMG_Enterprise_Repository/08_Knowledge_Templates_and_Reference/90_External_or_Joint_Ventures/06_Knowledge_Base_and_Lessons,3,PS-KNOWLEDGE-READ,90_External_or_Joint_Ventures,GMG-REPO-KNOWLEDGE-READ-EXT,inherit from parent,YES,Knowledge Owners / Records Management
GMG_Enterprise_Repository/08_Knowledge_Templates_and_Reference/90_External_or_Joint_Ventures/07_Training_Reference_Materials,3,PS-KNOWLEDGE-READ,90_External_or_Joint_Ventures,GMG-REPO-KNOWLEDGE-READ-EXT,inherit from parent,YES,Knowledge Owners / Records Management
GMG_Enterprise_Repository/09_Restricted_Corporate_Records,1,PS-CORP-HIGHLY-RESTRICTED,GROUP,GMG-REPO-CORP-HIGHLY-RESTRICTED-GRP,BREAK INHERITANCE — apply explicitly,YES,Legal / Corporate Secretary / HR / ISM
GMG_Enterprise_Repository/09_Restricted_Corporate_Records/00_Group_Shared,2,PS-CORP-HIGHLY-RESTRICTED,00_Group_Shared,GMG-REPO-CORP-HIGHLY-RESTRICTED-GRP,inherit from parent,YES,Legal / Corporate Secretary / HR / ISM
GMG_Enterprise_Repository/09_Restricted_Corporate_Records/00_Group_Shared/01_Board_and_Shareholder,3,PS-CORP-HIGHLY-RESTRICTED,00_Group_Shared,GMG-REPO-CORP-HIGHLY-RESTRICTED-GRP,inherit from parent,YES,Legal / Corporate Secretary / HR / ISM
GMG_Enterprise_Repository/09_Restricted_Corporate_Records/00_Group_Shared/02_Mergers_Acquisitions_and_Corporate_Development,3,PS-CORP-HIGHLY-RESTRICTED,00_Group_Shared,GMG-REPO-CORP-HIGHLY-RESTRICTED-GRP,inherit from parent,YES,Legal / Corporate Secretary / HR / ISM
GMG_Enterprise_Repository/09_Restricted_Corporate_Records/00_Group_Shared/03_Litigation_and_Legal_Privilege,3,PS-CORP-HIGHLY-RESTRICTED,00_Group_Shared,GMG-REPO-CORP-HIGHLY-RESTRICTED-GRP,inherit from parent,YES,Legal / Corporate Secretary / HR / ISM
GMG_Enterprise_Repository/09_Restricted_Corporate_Records/00_Group_Shared/04_Investigations_and_Whistleblowing,3,PS-CORP-HIGHLY-RESTRICTED,00_Group_Shared,GMG-REPO-CORP-HIGHLY-RESTRICTED-GRP,inherit from parent,YES,Legal / Corporate Secretary / HR / ISM
GMG_Enterprise_Repository/09_Restricted_Corporate_Records/00_Group_Shared/05_Sensitive_HR_and_Occupational_Health,3,PS-CORP-HIGHLY-RESTRICTED,00_Group_Shared,GMG-REPO-CORP-HIGHLY-RESTRICTED-GRP,inherit from parent,YES,Legal / Corporate Secretary / HR / ISM
GMG_Enterprise_Repository/09_Restricted_Corporate_Records/00_Group_Shared/06_Information_Security_Incidents,3,PS-CORP-HIGHLY-RESTRICTED,00_Group_Shared,GMG-REPO-CORP-HIGHLY-RESTRICTED-GRP,inherit from parent,YES,Legal / Corporate Secretary / HR / ISM
GMG_Enterprise_Repository/09_Restricted_Corporate_Records/00_Group_Shared/07_Executive_Confidential,3,PS-CORP-HIGHLY-RESTRICTED,00_Group_Shared,GMG-REPO-CORP-HIGHLY-RESTRICTED-GRP,inherit from parent,YES,Legal / Corporate Secretary / HR / ISM
GMG_Enterprise_Repository/09_Restricted_Corporate_Records/00_Group_Shared/08_Data_Rooms_and_Due_Diligence,3,PS-CORP-HIGHLY-RESTRICTED,00_Group_Shared,GMG-REPO-CORP-HIGHLY-RESTRICTED-GRP,inherit from parent,YES,Legal / Corporate Secretary / HR / ISM
GMG_Enterprise_Repository/09_Restricted_Corporate_Records/10_GMG_AG_CH,2,PS-CORP-HIGHLY-RESTRICTED,10_GMG_AG_CH,GMG-REPO-CORP-HIGHLY-RESTRICTED-CH,inherit from parent,YES,Legal / Corporate Secretary / HR / ISM
GMG_Enterprise_Repository/09_Restricted_Corporate_Records/10_GMG_AG_CH/01_Board_and_Shareholder_Restricted,3,PS-CORP-HIGHLY-RESTRICTED,10_GMG_AG_CH,GMG-REPO-CORP-HIGHLY-RESTRICTED-CH,inherit from parent,YES,Legal / Corporate Secretary / HR / ISM
GMG_Enterprise_Repository/09_Restricted_Corporate_Records/10_GMG_AG_CH/02_Mergers_Acquisitions_and_Corporate_Development,3,PS-CORP-HIGHLY-RESTRICTED,10_GMG_AG_CH,GMG-REPO-CORP-HIGHLY-RESTRICTED-CH,inherit from parent,YES,Legal / Corporate Secretary / HR / ISM
GMG_Enterprise_Repository/09_Restricted_Corporate_Records/10_GMG_AG_CH/03_Litigation_and_Legal_Privilege,3,PS-CORP-HIGHLY-RESTRICTED,10_GMG_AG_CH,GMG-REPO-CORP-HIGHLY-RESTRICTED-CH,inherit from parent,YES,Legal / Corporate Secretary / HR / ISM
GMG_Enterprise_Repository/09_Restricted_Corporate_Records/10_GMG_AG_CH/04_Investigations_and_Whistleblowing,3,PS-CORP-HIGHLY-RESTRICTED,10_GMG_AG_CH,GMG-REPO-CORP-HIGHLY-RESTRICTED-CH,inherit from parent,YES,Legal / Corporate Secretary / HR / ISM
GMG_Enterprise_Repository/09_Restricted_Corporate_Records/10_GMG_AG_CH/05_Sensitive_HR_and_Occupational_Health,3,PS-CORP-HIGHLY-RESTRICTED,10_GMG_AG_CH,GMG-REPO-CORP-HIGHLY-RESTRICTED-CH,inherit from parent,YES,Legal / Corporate Secretary / HR / ISM
GMG_Enterprise_Repository/09_Restricted_Corporate_Records/10_GMG_AG_CH/06_Information_Security_Incidents,3,PS-CORP-HIGHLY-RESTRICTED,10_GMG_AG_CH,GMG-REPO-CORP-HIGHLY-RESTRICTED-CH,inherit from parent,YES,Legal / Corporate Secretary / HR / ISM
GMG_Enterprise_Repository/09_Restricted_Corporate_Records/10_GMG_AG_CH/07_Executive_Confidential,3,PS-CORP-HIGHLY-RESTRICTED,10_GMG_AG_CH,GMG-REPO-CORP-HIGHLY-RESTRICTED-CH,inherit from parent,YES,Legal / Corporate Secretary / HR / ISM
GMG_Enterprise_Repository/09_Restricted_Corporate_Records/10_GMG_AG_CH/08_Data_Rooms_and_Due_Diligence,3,PS-CORP-HIGHLY-RESTRICTED,10_GMG_AG_CH,GMG-REPO-CORP-HIGHLY-RESTRICTED-CH,inherit from parent,YES,Legal / Corporate Secretary / HR / ISM
GMG_Enterprise_Repository/09_Restricted_Corporate_Records/10_GMG_AG_CH/HR_Human_Resources,3,PS-CORP-HIGHLY-RESTRICTED,10_GMG_AG_CH,GMG-REPO-CORP-HIGHLY-RESTRICTED-CH,inherit from parent,YES,Legal / Corporate Secretary / HR / ISM
GMG_Enterprise_Repository/09_Restricted_Corporate_Records/10_GMG_AG_CH/HR_Human_Resources/11_Disciplinary_and_Grievance_Restricted,4,PS-HR-RESTRICTED,10_GMG_AG_CH,GMG-REPO-HR-RESTRICTED-CH,BREAK INHERITANCE — apply explicitly,YES,Process Owner — TBC
GMG_Enterprise_Repository/09_Restricted_Corporate_Records/10_GMG_AG_CH/HR_Human_Resources/12_Medical_and_Occupational_Health_Restricted,4,PS-HR-RESTRICTED,10_GMG_AG_CH,GMG-REPO-HR-RESTRICTED-CH,BREAK INHERITANCE — apply explicitly,YES,Process Owner — TBC
GMG_Enterprise_Repository/09_Restricted_Corporate_Records/10_GMG_AG_CH/ISM_Information_Security,3,PS-CORP-HIGHLY-RESTRICTED,10_GMG_AG_CH,GMG-REPO-CORP-HIGHLY-RESTRICTED-CH,inherit from parent,YES,Legal / Corporate Secretary / HR / ISM
GMG_Enterprise_Repository/09_Restricted_Corporate_Records/10_GMG_AG_CH/ISM_Information_Security/02_Security_Incidents,4,PS-INFOSEC-RESTRICTED,10_GMG_AG_CH,GMG-REPO-INFOSEC-RESTRICTED-CH,BREAK INHERITANCE — apply explicitly,YES,Process Owner — TBC
GMG_Enterprise_Repository/09_Restricted_Corporate_Records/10_GMG_AG_CH/LEG_Legal_and_Contracts,3,PS-CORP-HIGHLY-RESTRICTED,10_GMG_AG_CH,GMG-REPO-CORP-HIGHLY-RESTRICTED-CH,inherit from parent,YES,Legal / Corporate Secretary / HR / ISM
GMG_Enterprise_Repository/09_Restricted_Corporate_Records/10_GMG_AG_CH/LEG_Legal_and_Contracts/10_Disputes_Claims_and_Legal_Holds,4,PS-LEGAL-PRIVILEGED,10_GMG_AG_CH,GMG-REPO-LEGAL-PRIVILEGED-CH,BREAK INHERITANCE — apply explicitly,YES,Process Owner — TBC
GMG_Enterprise_Repository/09_Restricted_Corporate_Records/30_GM_Poland_PL,2,PS-CORP-HIGHLY-RESTRICTED,30_GM_Poland_PL,GMG-REPO-CORP-HIGHLY-RESTRICTED-PL,inherit from parent,YES,Legal / Corporate Secretary / HR / ISM
GMG_Enterprise_Repository/09_Restricted_Corporate_Records/30_GM_Poland_PL/01_Board_and_Shareholder_Restricted,3,PS-CORP-HIGHLY-RESTRICTED,30_GM_Poland_PL,GMG-REPO-CORP-HIGHLY-RESTRICTED-PL,inherit from parent,YES,Legal / Corporate Secretary / HR / ISM
GMG_Enterprise_Repository/09_Restricted_Corporate_Records/30_GM_Poland_PL/02_Mergers_Acquisitions_and_Corporate_Development,3,PS-CORP-HIGHLY-RESTRICTED,30_GM_Poland_PL,GMG-REPO-CORP-HIGHLY-RESTRICTED-PL,inherit from parent,YES,Legal / Corporate Secretary / HR / ISM
GMG_Enterprise_Repository/09_Restricted_Corporate_Records/30_GM_Poland_PL/03_Litigation_and_Legal_Privilege,3,PS-CORP-HIGHLY-RESTRICTED,30_GM_Poland_PL,GMG-REPO-CORP-HIGHLY-RESTRICTED-PL,inherit from parent,YES,Legal / Corporate Secretary / HR / ISM
GMG_Enterprise_Repository/09_Restricted_Corporate_Records/30_GM_Poland_PL/04_Investigations_and_Whistleblowing,3,PS-CORP-HIGHLY-RESTRICTED,30_GM_Poland_PL,GMG-REPO-CORP-HIGHLY-RESTRICTED-PL,inherit from parent,YES,Legal / Corporate Secretary / HR / ISM
GMG_Enterprise_Repository/09_Restricted_Corporate_Records/30_GM_Poland_PL/05_Sensitive_HR_and_Occupational_Health,3,PS-CORP-HIGHLY-RESTRICTED,30_GM_Poland_PL,GMG-REPO-CORP-HIGHLY-RESTRICTED-PL,inherit from parent,YES,Legal / Corporate Secretary / HR / ISM
GMG_Enterprise_Repository/09_Restricted_Corporate_Records/30_GM_Poland_PL/06_Information_Security_Incidents,3,PS-CORP-HIGHLY-RESTRICTED,30_GM_Poland_PL,GMG-REPO-CORP-HIGHLY-RESTRICTED-PL,inherit from parent,YES,Legal / Corporate Secretary / HR / ISM
GMG_Enterprise_Repository/09_Restricted_Corporate_Records/30_GM_Poland_PL/07_Executive_Confidential,3,PS-CORP-HIGHLY-RESTRICTED,30_GM_Poland_PL,GMG-REPO-CORP-HIGHLY-RESTRICTED-PL,inherit from parent,YES,Legal / Corporate Secretary / HR / ISM
GMG_Enterprise_Repository/09_Restricted_Corporate_Records/30_GM_Poland_PL/08_Data_Rooms_and_Due_Diligence,3,PS-CORP-HIGHLY-RESTRICTED,30_GM_Poland_PL,GMG-REPO-CORP-HIGHLY-RESTRICTED-PL,inherit from parent,YES,Legal / Corporate Secretary / HR / ISM
GMG_Enterprise_Repository/09_Restricted_Corporate_Records/30_GM_Poland_PL/HR_Human_Resources,3,PS-CORP-HIGHLY-RESTRICTED,30_GM_Poland_PL,GMG-REPO-CORP-HIGHLY-RESTRICTED-PL,inherit from parent,YES,Legal / Corporate Secretary / HR / ISM
GMG_Enterprise_Repository/09_Restricted_Corporate_Records/30_GM_Poland_PL/HR_Human_Resources/11_Disciplinary_and_Grievance_Restricted,4,PS-HR-RESTRICTED,30_GM_Poland_PL,GMG-REPO-HR-RESTRICTED-PL,BREAK INHERITANCE — apply explicitly,YES,Process Owner — TBC
GMG_Enterprise_Repository/09_Restricted_Corporate_Records/30_GM_Poland_PL/HR_Human_Resources/12_Medical_and_Occupational_Health_Restricted,4,PS-HR-RESTRICTED,30_GM_Poland_PL,GMG-REPO-HR-RESTRICTED-PL,BREAK INHERITANCE — apply explicitly,YES,Process Owner — TBC
GMG_Enterprise_Repository/09_Restricted_Corporate_Records/30_GM_Poland_PL/ISM_Information_Security,3,PS-CORP-HIGHLY-RESTRICTED,30_GM_Poland_PL,GMG-REPO-CORP-HIGHLY-RESTRICTED-PL,inherit from parent,YES,Legal / Corporate Secretary / HR / ISM
GMG_Enterprise_Repository/09_Restricted_Corporate_Records/30_GM_Poland_PL/ISM_Information_Security/02_Security_Incidents,4,PS-INFOSEC-RESTRICTED,30_GM_Poland_PL,GMG-REPO-INFOSEC-RESTRICTED-PL,BREAK INHERITANCE — apply explicitly,YES,Process Owner — TBC
GMG_Enterprise_Repository/09_Restricted_Corporate_Records/30_GM_Poland_PL/LEG_Legal_and_Contracts,3,PS-CORP-HIGHLY-RESTRICTED,30_GM_Poland_PL,GMG-REPO-CORP-HIGHLY-RESTRICTED-PL,inherit from parent,YES,Legal / Corporate Secretary / HR / ISM
GMG_Enterprise_Repository/09_Restricted_Corporate_Records/30_GM_Poland_PL/LEG_Legal_and_Contracts/10_Disputes_Claims_and_Legal_Holds,4,PS-LEGAL-PRIVILEGED,30_GM_Poland_PL,GMG-REPO-LEGAL-PRIVILEGED-PL,BREAK INHERITANCE — apply explicitly,YES,Process Owner — TBC
GMG_Enterprise_Repository/09_Restricted_Corporate_Records/40_Miquel_y_Garriga_SL_ES,2,PS-CORP-HIGHLY-RESTRICTED,40_Miquel_y_Garriga_SL_ES,GMG-REPO-CORP-HIGHLY-RESTRICTED-MYG,inherit from parent,YES,Legal / Corporate Secretary / HR / ISM
GMG_Enterprise_Repository/09_Restricted_Corporate_Records/40_Miquel_y_Garriga_SL_ES/01_Board_and_Shareholder_Restricted,3,PS-CORP-HIGHLY-RESTRICTED,40_Miquel_y_Garriga_SL_ES,GMG-REPO-CORP-HIGHLY-RESTRICTED-MYG,inherit from parent,YES,Legal / Corporate Secretary / HR / ISM
GMG_Enterprise_Repository/09_Restricted_Corporate_Records/40_Miquel_y_Garriga_SL_ES/02_Mergers_Acquisitions_and_Corporate_Development,3,PS-CORP-HIGHLY-RESTRICTED,40_Miquel_y_Garriga_SL_ES,GMG-REPO-CORP-HIGHLY-RESTRICTED-MYG,inherit from parent,YES,Legal / Corporate Secretary / HR / ISM
GMG_Enterprise_Repository/09_Restricted_Corporate_Records/40_Miquel_y_Garriga_SL_ES/03_Litigation_and_Legal_Privilege,3,PS-CORP-HIGHLY-RESTRICTED,40_Miquel_y_Garriga_SL_ES,GMG-REPO-CORP-HIGHLY-RESTRICTED-MYG,inherit from parent,YES,Legal / Corporate Secretary / HR / ISM
GMG_Enterprise_Repository/09_Restricted_Corporate_Records/40_Miquel_y_Garriga_SL_ES/04_Investigations_and_Whistleblowing,3,PS-CORP-HIGHLY-RESTRICTED,40_Miquel_y_Garriga_SL_ES,GMG-REPO-CORP-HIGHLY-RESTRICTED-MYG,inherit from parent,YES,Legal / Corporate Secretary / HR / ISM
GMG_Enterprise_Repository/09_Restricted_Corporate_Records/40_Miquel_y_Garriga_SL_ES/05_Sensitive_HR_and_Occupational_Health,3,PS-CORP-HIGHLY-RESTRICTED,40_Miquel_y_Garriga_SL_ES,GMG-REPO-CORP-HIGHLY-RESTRICTED-MYG,inherit from parent,YES,Legal / Corporate Secretary / HR / ISM
GMG_Enterprise_Repository/09_Restricted_Corporate_Records/40_Miquel_y_Garriga_SL_ES/06_Information_Security_Incidents,3,PS-CORP-HIGHLY-RESTRICTED,40_Miquel_y_Garriga_SL_ES,GMG-REPO-CORP-HIGHLY-RESTRICTED-MYG,inherit from parent,YES,Legal / Corporate Secretary / HR / ISM
GMG_Enterprise_Repository/09_Restricted_Corporate_Records/40_Miquel_y_Garriga_SL_ES/07_Executive_Confidential,3,PS-CORP-HIGHLY-RESTRICTED,40_Miquel_y_Garriga_SL_ES,GMG-REPO-CORP-HIGHLY-RESTRICTED-MYG,inherit from parent,YES,Legal / Corporate Secretary / HR / ISM
GMG_Enterprise_Repository/09_Restricted_Corporate_Records/40_Miquel_y_Garriga_SL_ES/08_Data_Rooms_and_Due_Diligence,3,PS-CORP-HIGHLY-RESTRICTED,40_Miquel_y_Garriga_SL_ES,GMG-REPO-CORP-HIGHLY-RESTRICTED-MYG,inherit from parent,YES,Legal / Corporate Secretary / HR / ISM
GMG_Enterprise_Repository/09_Restricted_Corporate_Records/40_Miquel_y_Garriga_SL_ES/HR_Human_Resources,3,PS-CORP-HIGHLY-RESTRICTED,40_Miquel_y_Garriga_SL_ES,GMG-REPO-CORP-HIGHLY-RESTRICTED-MYG,inherit from parent,YES,Legal / Corporate Secretary / HR / ISM
GMG_Enterprise_Repository/09_Restricted_Corporate_Records/40_Miquel_y_Garriga_SL_ES/HR_Human_Resources/11_Disciplinary_and_Grievance_Restricted,4,PS-HR-RESTRICTED,40_Miquel_y_Garriga_SL_ES,GMG-REPO-HR-RESTRICTED-MYG,BREAK INHERITANCE — apply explicitly,YES,Process Owner — TBC
GMG_Enterprise_Repository/09_Restricted_Corporate_Records/40_Miquel_y_Garriga_SL_ES/HR_Human_Resources/12_Medical_and_Occupational_Health_Restricted,4,PS-HR-RESTRICTED,40_Miquel_y_Garriga_SL_ES,GMG-REPO-HR-RESTRICTED-MYG,BREAK INHERITANCE — apply explicitly,YES,Process Owner — TBC
GMG_Enterprise_Repository/09_Restricted_Corporate_Records/40_Miquel_y_Garriga_SL_ES/ISM_Information_Security,3,PS-CORP-HIGHLY-RESTRICTED,40_Miquel_y_Garriga_SL_ES,GMG-REPO-CORP-HIGHLY-RESTRICTED-MYG,inherit from parent,YES,Legal / Corporate Secretary / HR / ISM
GMG_Enterprise_Repository/09_Restricted_Corporate_Records/40_Miquel_y_Garriga_SL_ES/ISM_Information_Security/02_Security_Incidents,4,PS-INFOSEC-RESTRICTED,40_Miquel_y_Garriga_SL_ES,GMG-REPO-INFOSEC-RESTRICTED-MYG,BREAK INHERITANCE — apply explicitly,YES,Process Owner — TBC
GMG_Enterprise_Repository/09_Restricted_Corporate_Records/40_Miquel_y_Garriga_SL_ES/LEG_Legal_and_Contracts,3,PS-CORP-HIGHLY-RESTRICTED,40_Miquel_y_Garriga_SL_ES,GMG-REPO-CORP-HIGHLY-RESTRICTED-MYG,inherit from parent,YES,Legal / Corporate Secretary / HR / ISM
GMG_Enterprise_Repository/09_Restricted_Corporate_Records/40_Miquel_y_Garriga_SL_ES/LEG_Legal_and_Contracts/10_Disputes_Claims_and_Legal_Holds,4,PS-LEGAL-PRIVILEGED,40_Miquel_y_Garriga_SL_ES,GMG-REPO-LEGAL-PRIVILEGED-MYG,BREAK INHERITANCE — apply explicitly,YES,Process Owner — TBC
GMG_Enterprise_Repository/09_Restricted_Corporate_Records/50_GMG_Ilaclari_LTD_TR,2,PS-CORP-HIGHLY-RESTRICTED,50_GMG_Ilaclari_LTD_TR,GMG-REPO-CORP-HIGHLY-RESTRICTED-TR,inherit from parent,YES,Legal / Corporate Secretary / HR / ISM
GMG_Enterprise_Repository/09_Restricted_Corporate_Records/50_GMG_Ilaclari_LTD_TR/01_Board_and_Shareholder_Restricted,3,PS-CORP-HIGHLY-RESTRICTED,50_GMG_Ilaclari_LTD_TR,GMG-REPO-CORP-HIGHLY-RESTRICTED-TR,inherit from parent,YES,Legal / Corporate Secretary / HR / ISM
GMG_Enterprise_Repository/09_Restricted_Corporate_Records/50_GMG_Ilaclari_LTD_TR/02_Mergers_Acquisitions_and_Corporate_Development,3,PS-CORP-HIGHLY-RESTRICTED,50_GMG_Ilaclari_LTD_TR,GMG-REPO-CORP-HIGHLY-RESTRICTED-TR,inherit from parent,YES,Legal / Corporate Secretary / HR / ISM
GMG_Enterprise_Repository/09_Restricted_Corporate_Records/50_GMG_Ilaclari_LTD_TR/03_Litigation_and_Legal_Privilege,3,PS-CORP-HIGHLY-RESTRICTED,50_GMG_Ilaclari_LTD_TR,GMG-REPO-CORP-HIGHLY-RESTRICTED-TR,inherit from parent,YES,Legal / Corporate Secretary / HR / ISM
GMG_Enterprise_Repository/09_Restricted_Corporate_Records/50_GMG_Ilaclari_LTD_TR/04_Investigations_and_Whistleblowing,3,PS-CORP-HIGHLY-RESTRICTED,50_GMG_Ilaclari_LTD_TR,GMG-REPO-CORP-HIGHLY-RESTRICTED-TR,inherit from parent,YES,Legal / Corporate Secretary / HR / ISM
GMG_Enterprise_Repository/09_Restricted_Corporate_Records/50_GMG_Ilaclari_LTD_TR/05_Sensitive_HR_and_Occupational_Health,3,PS-CORP-HIGHLY-RESTRICTED,50_GMG_Ilaclari_LTD_TR,GMG-REPO-CORP-HIGHLY-RESTRICTED-TR,inherit from parent,YES,Legal / Corporate Secretary / HR / ISM
GMG_Enterprise_Repository/09_Restricted_Corporate_Records/50_GMG_Ilaclari_LTD_TR/06_Information_Security_Incidents,3,PS-CORP-HIGHLY-RESTRICTED,50_GMG_Ilaclari_LTD_TR,GMG-REPO-CORP-HIGHLY-RESTRICTED-TR,inherit from parent,YES,Legal / Corporate Secretary / HR / ISM
GMG_Enterprise_Repository/09_Restricted_Corporate_Records/50_GMG_Ilaclari_LTD_TR/07_Executive_Confidential,3,PS-CORP-HIGHLY-RESTRICTED,50_GMG_Ilaclari_LTD_TR,GMG-REPO-CORP-HIGHLY-RESTRICTED-TR,inherit from parent,YES,Legal / Corporate Secretary / HR / ISM
GMG_Enterprise_Repository/09_Restricted_Corporate_Records/50_GMG_Ilaclari_LTD_TR/08_Data_Rooms_and_Due_Diligence,3,PS-CORP-HIGHLY-RESTRICTED,50_GMG_Ilaclari_LTD_TR,GMG-REPO-CORP-HIGHLY-RESTRICTED-TR,inherit from parent,YES,Legal / Corporate Secretary / HR / ISM
GMG_Enterprise_Repository/09_Restricted_Corporate_Records/50_GMG_Ilaclari_LTD_TR/HR_Human_Resources,3,PS-CORP-HIGHLY-RESTRICTED,50_GMG_Ilaclari_LTD_TR,GMG-REPO-CORP-HIGHLY-RESTRICTED-TR,inherit from parent,YES,Legal / Corporate Secretary / HR / ISM
GMG_Enterprise_Repository/09_Restricted_Corporate_Records/50_GMG_Ilaclari_LTD_TR/HR_Human_Resources/11_Disciplinary_and_Grievance_Restricted,4,PS-HR-RESTRICTED,50_GMG_Ilaclari_LTD_TR,GMG-REPO-HR-RESTRICTED-TR,BREAK INHERITANCE — apply explicitly,YES,Process Owner — TBC
GMG_Enterprise_Repository/09_Restricted_Corporate_Records/50_GMG_Ilaclari_LTD_TR/HR_Human_Resources/12_Medical_and_Occupational_Health_Restricted,4,PS-HR-RESTRICTED,50_GMG_Ilaclari_LTD_TR,GMG-REPO-HR-RESTRICTED-TR,BREAK INHERITANCE — apply explicitly,YES,Process Owner — TBC
GMG_Enterprise_Repository/09_Restricted_Corporate_Records/50_GMG_Ilaclari_LTD_TR/ISM_Information_Security,3,PS-CORP-HIGHLY-RESTRICTED,50_GMG_Ilaclari_LTD_TR,GMG-REPO-CORP-HIGHLY-RESTRICTED-TR,inherit from parent,YES,Legal / Corporate Secretary / HR / ISM
GMG_Enterprise_Repository/09_Restricted_Corporate_Records/50_GMG_Ilaclari_LTD_TR/ISM_Information_Security/02_Security_Incidents,4,PS-INFOSEC-RESTRICTED,50_GMG_Ilaclari_LTD_TR,GMG-REPO-INFOSEC-RESTRICTED-TR,BREAK INHERITANCE — apply explicitly,YES,Process Owner — TBC
GMG_Enterprise_Repository/09_Restricted_Corporate_Records/50_GMG_Ilaclari_LTD_TR/LEG_Legal_and_Contracts,3,PS-CORP-HIGHLY-RESTRICTED,50_GMG_Ilaclari_LTD_TR,GMG-REPO-CORP-HIGHLY-RESTRICTED-TR,inherit from parent,YES,Legal / Corporate Secretary / HR / ISM
GMG_Enterprise_Repository/09_Restricted_Corporate_Records/50_GMG_Ilaclari_LTD_TR/LEG_Legal_and_Contracts/10_Disputes_Claims_and_Legal_Holds,4,PS-LEGAL-PRIVILEGED,50_GMG_Ilaclari_LTD_TR,GMG-REPO-LEGAL-PRIVILEGED-TR,BREAK INHERITANCE — apply explicitly,YES,Process Owner — TBC
GMG_Enterprise_Repository/09_Restricted_Corporate_Records/80_Cross_Entity,2,PS-CORP-HIGHLY-RESTRICTED,80_Cross_Entity,GMG-REPO-CORP-HIGHLY-RESTRICTED-XE,inherit from parent,YES,Legal / Corporate Secretary / HR / ISM
GMG_Enterprise_Repository/09_Restricted_Corporate_Records/80_Cross_Entity/01_Board_and_Shareholder_Restricted,3,PS-CORP-HIGHLY-RESTRICTED,80_Cross_Entity,GMG-REPO-CORP-HIGHLY-RESTRICTED-XE,inherit from parent,YES,Legal / Corporate Secretary / HR / ISM
GMG_Enterprise_Repository/09_Restricted_Corporate_Records/80_Cross_Entity/02_Mergers_Acquisitions_and_Corporate_Development,3,PS-CORP-HIGHLY-RESTRICTED,80_Cross_Entity,GMG-REPO-CORP-HIGHLY-RESTRICTED-XE,inherit from parent,YES,Legal / Corporate Secretary / HR / ISM
GMG_Enterprise_Repository/09_Restricted_Corporate_Records/80_Cross_Entity/03_Litigation_and_Legal_Privilege,3,PS-CORP-HIGHLY-RESTRICTED,80_Cross_Entity,GMG-REPO-CORP-HIGHLY-RESTRICTED-XE,inherit from parent,YES,Legal / Corporate Secretary / HR / ISM
GMG_Enterprise_Repository/09_Restricted_Corporate_Records/80_Cross_Entity/04_Investigations_and_Whistleblowing,3,PS-CORP-HIGHLY-RESTRICTED,80_Cross_Entity,GMG-REPO-CORP-HIGHLY-RESTRICTED-XE,inherit from parent,YES,Legal / Corporate Secretary / HR / ISM
GMG_Enterprise_Repository/09_Restricted_Corporate_Records/80_Cross_Entity/05_Sensitive_HR_and_Occupational_Health,3,PS-CORP-HIGHLY-RESTRICTED,80_Cross_Entity,GMG-REPO-CORP-HIGHLY-RESTRICTED-XE,inherit from parent,YES,Legal / Corporate Secretary / HR / ISM
GMG_Enterprise_Repository/09_Restricted_Corporate_Records/80_Cross_Entity/06_Information_Security_Incidents,3,PS-CORP-HIGHLY-RESTRICTED,80_Cross_Entity,GMG-REPO-CORP-HIGHLY-RESTRICTED-XE,inherit from parent,YES,Legal / Corporate Secretary / HR / ISM
GMG_Enterprise_Repository/09_Restricted_Corporate_Records/80_Cross_Entity/07_Executive_Confidential,3,PS-CORP-HIGHLY-RESTRICTED,80_Cross_Entity,GMG-REPO-CORP-HIGHLY-RESTRICTED-XE,inherit from parent,YES,Legal / Corporate Secretary / HR / ISM
GMG_Enterprise_Repository/09_Restricted_Corporate_Records/80_Cross_Entity/08_Data_Rooms_and_Due_Diligence,3,PS-CORP-HIGHLY-RESTRICTED,80_Cross_Entity,GMG-REPO-CORP-HIGHLY-RESTRICTED-XE,inherit from parent,YES,Legal / Corporate Secretary / HR / ISM
GMG_Enterprise_Repository/09_Restricted_Corporate_Records/90_External_or_Joint_Ventures,2,PS-CORP-HIGHLY-RESTRICTED,90_External_or_Joint_Ventures,GMG-REPO-CORP-HIGHLY-RESTRICTED-EXT,inherit from parent,YES,Legal / Corporate Secretary / HR / ISM
GMG_Enterprise_Repository/09_Restricted_Corporate_Records/90_External_or_Joint_Ventures/01_Board_and_Shareholder_Restricted,3,PS-CORP-HIGHLY-RESTRICTED,90_External_or_Joint_Ventures,GMG-REPO-CORP-HIGHLY-RESTRICTED-EXT,inherit from parent,YES,Legal / Corporate Secretary / HR / ISM
GMG_Enterprise_Repository/09_Restricted_Corporate_Records/90_External_or_Joint_Ventures/02_Mergers_Acquisitions_and_Corporate_Development,3,PS-CORP-HIGHLY-RESTRICTED,90_External_or_Joint_Ventures,GMG-REPO-CORP-HIGHLY-RESTRICTED-EXT,inherit from parent,YES,Legal / Corporate Secretary / HR / ISM
GMG_Enterprise_Repository/09_Restricted_Corporate_Records/90_External_or_Joint_Ventures/03_Litigation_and_Legal_Privilege,3,PS-CORP-HIGHLY-RESTRICTED,90_External_or_Joint_Ventures,GMG-REPO-CORP-HIGHLY-RESTRICTED-EXT,inherit from parent,YES,Legal / Corporate Secretary / HR / ISM
GMG_Enterprise_Repository/09_Restricted_Corporate_Records/90_External_or_Joint_Ventures/04_Investigations_and_Whistleblowing,3,PS-CORP-HIGHLY-RESTRICTED,90_External_or_Joint_Ventures,GMG-REPO-CORP-HIGHLY-RESTRICTED-EXT,inherit from parent,YES,Legal / Corporate Secretary / HR / ISM
GMG_Enterprise_Repository/09_Restricted_Corporate_Records/90_External_or_Joint_Ventures/05_Sensitive_HR_and_Occupational_Health,3,PS-CORP-HIGHLY-RESTRICTED,90_External_or_Joint_Ventures,GMG-REPO-CORP-HIGHLY-RESTRICTED-EXT,inherit from parent,YES,Legal / Corporate Secretary / HR / ISM
GMG_Enterprise_Repository/09_Restricted_Corporate_Records/90_External_or_Joint_Ventures/06_Information_Security_Incidents,3,PS-CORP-HIGHLY-RESTRICTED,90_External_or_Joint_Ventures,GMG-REPO-CORP-HIGHLY-RESTRICTED-EXT,inherit from parent,YES,Legal / Corporate Secretary / HR / ISM
GMG_Enterprise_Repository/09_Restricted_Corporate_Records/90_External_or_Joint_Ventures/07_Executive_Confidential,3,PS-CORP-HIGHLY-RESTRICTED,90_External_or_Joint_Ventures,GMG-REPO-CORP-HIGHLY-RESTRICTED-EXT,inherit from parent,YES,Legal / Corporate Secretary / HR / ISM
GMG_Enterprise_Repository/09_Restricted_Corporate_Records/90_External_or_Joint_Ventures/08_Data_Rooms_and_Due_Diligence,3,PS-CORP-HIGHLY-RESTRICTED,90_External_or_Joint_Ventures,GMG-REPO-CORP-HIGHLY-RESTRICTED-EXT,inherit from parent,YES,Legal / Corporate Secretary / HR / ISM
GMG_Enterprise_Repository/95_Records_Archive,1,PS-ARCHIVE-READONLY,GROUP,GMG-REPO-ARCHIVE-READONLY-GRP,BREAK INHERITANCE — apply explicitly,YES,Records Management / Legal
GMG_Enterprise_Repository/95_Records_Archive/00_Group_Shared,2,PS-ARCHIVE-READONLY,00_Group_Shared,GMG-REPO-ARCHIVE-READONLY-GRP,inherit from parent,YES,Records Management / Legal
GMG_Enterprise_Repository/95_Records_Archive/00_Group_Shared/01_GQMS_Historical_Archive,3,PS-ARCHIVE-READONLY,00_Group_Shared,GMG-REPO-ARCHIVE-READONLY-GRP,inherit from parent,YES,Records Management / Legal
GMG_Enterprise_Repository/95_Records_Archive/00_Group_Shared/02_Corporate_and_Legal_Archive,3,PS-ARCHIVE-READONLY,00_Group_Shared,GMG-REPO-ARCHIVE-READONLY-GRP,inherit from parent,YES,Records Management / Legal
GMG_Enterprise_Repository/95_Records_Archive/00_Group_Shared/03_Operational_Records_Archive,3,PS-ARCHIVE-READONLY,00_Group_Shared,GMG-REPO-ARCHIVE-READONLY-GRP,inherit from parent,YES,Records Management / Legal
GMG_Enterprise_Repository/95_Records_Archive/00_Group_Shared/04_Product_Market_Client_Project_Archive,3,PS-ARCHIVE-READONLY,00_Group_Shared,GMG-REPO-ARCHIVE-READONLY-GRP,inherit from parent,YES,Records Management / Legal
GMG_Enterprise_Repository/95_Records_Archive/00_Group_Shared/05_Legal_Hold,3,PS-ARCHIVE-READONLY,00_Group_Shared,GMG-REPO-ARCHIVE-READONLY-GRP,inherit from parent,YES,Records Management / Legal
GMG_Enterprise_Repository/95_Records_Archive/00_Group_Shared/06_Disposal_Evidence,3,PS-ARCHIVE-READONLY,00_Group_Shared,GMG-REPO-ARCHIVE-READONLY-GRP,inherit from parent,YES,Records Management / Legal
GMG_Enterprise_Repository/95_Records_Archive/10_GMG_AG_CH,2,PS-ARCHIVE-READONLY,10_GMG_AG_CH,GMG-REPO-ARCHIVE-READONLY-CH,inherit from parent,YES,Records Management / Legal
GMG_Enterprise_Repository/95_Records_Archive/10_GMG_AG_CH/01_GQMS_Historical_Archive,3,PS-ARCHIVE-READONLY,10_GMG_AG_CH,GMG-REPO-ARCHIVE-READONLY-CH,inherit from parent,YES,Records Management / Legal
GMG_Enterprise_Repository/95_Records_Archive/10_GMG_AG_CH/02_Corporate_and_Legal_Archive,3,PS-ARCHIVE-READONLY,10_GMG_AG_CH,GMG-REPO-ARCHIVE-READONLY-CH,inherit from parent,YES,Records Management / Legal
GMG_Enterprise_Repository/95_Records_Archive/10_GMG_AG_CH/03_Operational_Records_Archive,3,PS-ARCHIVE-READONLY,10_GMG_AG_CH,GMG-REPO-ARCHIVE-READONLY-CH,inherit from parent,YES,Records Management / Legal
GMG_Enterprise_Repository/95_Records_Archive/10_GMG_AG_CH/04_Product_Market_Client_Project_Archive,3,PS-ARCHIVE-READONLY,10_GMG_AG_CH,GMG-REPO-ARCHIVE-READONLY-CH,inherit from parent,YES,Records Management / Legal
GMG_Enterprise_Repository/95_Records_Archive/10_GMG_AG_CH/05_Legal_Hold,3,PS-ARCHIVE-READONLY,10_GMG_AG_CH,GMG-REPO-ARCHIVE-READONLY-CH,inherit from parent,YES,Records Management / Legal
GMG_Enterprise_Repository/95_Records_Archive/10_GMG_AG_CH/06_Disposal_Evidence,3,PS-ARCHIVE-READONLY,10_GMG_AG_CH,GMG-REPO-ARCHIVE-READONLY-CH,inherit from parent,YES,Records Management / Legal
GMG_Enterprise_Repository/95_Records_Archive/30_GM_Poland_PL,2,PS-ARCHIVE-READONLY,30_GM_Poland_PL,GMG-REPO-ARCHIVE-READONLY-PL,inherit from parent,YES,Records Management / Legal
GMG_Enterprise_Repository/95_Records_Archive/30_GM_Poland_PL/01_GQMS_Historical_Archive,3,PS-ARCHIVE-READONLY,30_GM_Poland_PL,GMG-REPO-ARCHIVE-READONLY-PL,inherit from parent,YES,Records Management / Legal
GMG_Enterprise_Repository/95_Records_Archive/30_GM_Poland_PL/02_Corporate_and_Legal_Archive,3,PS-ARCHIVE-READONLY,30_GM_Poland_PL,GMG-REPO-ARCHIVE-READONLY-PL,inherit from parent,YES,Records Management / Legal
GMG_Enterprise_Repository/95_Records_Archive/30_GM_Poland_PL/03_Operational_Records_Archive,3,PS-ARCHIVE-READONLY,30_GM_Poland_PL,GMG-REPO-ARCHIVE-READONLY-PL,inherit from parent,YES,Records Management / Legal
GMG_Enterprise_Repository/95_Records_Archive/30_GM_Poland_PL/04_Product_Market_Client_Project_Archive,3,PS-ARCHIVE-READONLY,30_GM_Poland_PL,GMG-REPO-ARCHIVE-READONLY-PL,inherit from parent,YES,Records Management / Legal
GMG_Enterprise_Repository/95_Records_Archive/30_GM_Poland_PL/05_Legal_Hold,3,PS-ARCHIVE-READONLY,30_GM_Poland_PL,GMG-REPO-ARCHIVE-READONLY-PL,inherit from parent,YES,Records Management / Legal
GMG_Enterprise_Repository/95_Records_Archive/30_GM_Poland_PL/06_Disposal_Evidence,3,PS-ARCHIVE-READONLY,30_GM_Poland_PL,GMG-REPO-ARCHIVE-READONLY-PL,inherit from parent,YES,Records Management / Legal
GMG_Enterprise_Repository/95_Records_Archive/40_Miquel_y_Garriga_SL_ES,2,PS-ARCHIVE-READONLY,40_Miquel_y_Garriga_SL_ES,GMG-REPO-ARCHIVE-READONLY-MYG,inherit from parent,YES,Records Management / Legal
GMG_Enterprise_Repository/95_Records_Archive/40_Miquel_y_Garriga_SL_ES/01_GQMS_Historical_Archive,3,PS-ARCHIVE-READONLY,40_Miquel_y_Garriga_SL_ES,GMG-REPO-ARCHIVE-READONLY-MYG,inherit from parent,YES,Records Management / Legal
GMG_Enterprise_Repository/95_Records_Archive/40_Miquel_y_Garriga_SL_ES/02_Corporate_and_Legal_Archive,3,PS-ARCHIVE-READONLY,40_Miquel_y_Garriga_SL_ES,GMG-REPO-ARCHIVE-READONLY-MYG,inherit from parent,YES,Records Management / Legal
GMG_Enterprise_Repository/95_Records_Archive/40_Miquel_y_Garriga_SL_ES/03_Operational_Records_Archive,3,PS-ARCHIVE-READONLY,40_Miquel_y_Garriga_SL_ES,GMG-REPO-ARCHIVE-READONLY-MYG,inherit from parent,YES,Records Management / Legal
GMG_Enterprise_Repository/95_Records_Archive/40_Miquel_y_Garriga_SL_ES/04_Product_Market_Client_Project_Archive,3,PS-ARCHIVE-READONLY,40_Miquel_y_Garriga_SL_ES,GMG-REPO-ARCHIVE-READONLY-MYG,inherit from parent,YES,Records Management / Legal
GMG_Enterprise_Repository/95_Records_Archive/40_Miquel_y_Garriga_SL_ES/05_Legal_Hold,3,PS-ARCHIVE-READONLY,40_Miquel_y_Garriga_SL_ES,GMG-REPO-ARCHIVE-READONLY-MYG,inherit from parent,YES,Records Management / Legal
GMG_Enterprise_Repository/95_Records_Archive/40_Miquel_y_Garriga_SL_ES/06_Disposal_Evidence,3,PS-ARCHIVE-READONLY,40_Miquel_y_Garriga_SL_ES,GMG-REPO-ARCHIVE-READONLY-MYG,inherit from parent,YES,Records Management / Legal
GMG_Enterprise_Repository/95_Records_Archive/50_GMG_Ilaclari_LTD_TR,2,PS-ARCHIVE-READONLY,50_GMG_Ilaclari_LTD_TR,GMG-REPO-ARCHIVE-READONLY-TR,inherit from parent,YES,Records Management / Legal
GMG_Enterprise_Repository/95_Records_Archive/50_GMG_Ilaclari_LTD_TR/01_GQMS_Historical_Archive,3,PS-ARCHIVE-READONLY,50_GMG_Ilaclari_LTD_TR,GMG-REPO-ARCHIVE-READONLY-TR,inherit from parent,YES,Records Management / Legal
GMG_Enterprise_Repository/95_Records_Archive/50_GMG_Ilaclari_LTD_TR/02_Corporate_and_Legal_Archive,3,PS-ARCHIVE-READONLY,50_GMG_Ilaclari_LTD_TR,GMG-REPO-ARCHIVE-READONLY-TR,inherit from parent,YES,Records Management / Legal
GMG_Enterprise_Repository/95_Records_Archive/50_GMG_Ilaclari_LTD_TR/03_Operational_Records_Archive,3,PS-ARCHIVE-READONLY,50_GMG_Ilaclari_LTD_TR,GMG-REPO-ARCHIVE-READONLY-TR,inherit from parent,YES,Records Management / Legal
GMG_Enterprise_Repository/95_Records_Archive/50_GMG_Ilaclari_LTD_TR/04_Product_Market_Client_Project_Archive,3,PS-ARCHIVE-READONLY,50_GMG_Ilaclari_LTD_TR,GMG-REPO-ARCHIVE-READONLY-TR,inherit from parent,YES,Records Management / Legal
GMG_Enterprise_Repository/95_Records_Archive/50_GMG_Ilaclari_LTD_TR/05_Legal_Hold,3,PS-ARCHIVE-READONLY,50_GMG_Ilaclari_LTD_TR,GMG-REPO-ARCHIVE-READONLY-TR,inherit from parent,YES,Records Management / Legal
GMG_Enterprise_Repository/95_Records_Archive/50_GMG_Ilaclari_LTD_TR/06_Disposal_Evidence,3,PS-ARCHIVE-READONLY,50_GMG_Ilaclari_LTD_TR,GMG-REPO-ARCHIVE-READONLY-TR,inherit from parent,YES,Records Management / Legal
GMG_Enterprise_Repository/95_Records_Archive/80_Cross_Entity,2,PS-ARCHIVE-READONLY,80_Cross_Entity,GMG-REPO-ARCHIVE-READONLY-XE,inherit from parent,YES,Records Management / Legal
GMG_Enterprise_Repository/95_Records_Archive/80_Cross_Entity/01_GQMS_Historical_Archive,3,PS-ARCHIVE-READONLY,80_Cross_Entity,GMG-REPO-ARCHIVE-READONLY-XE,inherit from parent,YES,Records Management / Legal
GMG_Enterprise_Repository/95_Records_Archive/80_Cross_Entity/02_Corporate_and_Legal_Archive,3,PS-ARCHIVE-READONLY,80_Cross_Entity,GMG-REPO-ARCHIVE-READONLY-XE,inherit from parent,YES,Records Management / Legal
GMG_Enterprise_Repository/95_Records_Archive/80_Cross_Entity/03_Operational_Records_Archive,3,PS-ARCHIVE-READONLY,80_Cross_Entity,GMG-REPO-ARCHIVE-READONLY-XE,inherit from parent,YES,Records Management / Legal
GMG_Enterprise_Repository/95_Records_Archive/80_Cross_Entity/04_Product_Market_Client_Project_Archive,3,PS-ARCHIVE-READONLY,80_Cross_Entity,GMG-REPO-ARCHIVE-READONLY-XE,inherit from parent,YES,Records Management / Legal
GMG_Enterprise_Repository/95_Records_Archive/80_Cross_Entity/05_Legal_Hold,3,PS-ARCHIVE-READONLY,80_Cross_Entity,GMG-REPO-ARCHIVE-READONLY-XE,inherit from parent,YES,Records Management / Legal
GMG_Enterprise_Repository/95_Records_Archive/80_Cross_Entity/06_Disposal_Evidence,3,PS-ARCHIVE-READONLY,80_Cross_Entity,GMG-REPO-ARCHIVE-READONLY-XE,inherit from parent,YES,Records Management / Legal
GMG_Enterprise_Repository/95_Records_Archive/90_External_or_Joint_Ventures,2,PS-ARCHIVE-READONLY,90_External_or_Joint_Ventures,GMG-REPO-ARCHIVE-READONLY-EXT,inherit from parent,YES,Records Management / Legal
GMG_Enterprise_Repository/95_Records_Archive/90_External_or_Joint_Ventures/01_GQMS_Historical_Archive,3,PS-ARCHIVE-READONLY,90_External_or_Joint_Ventures,GMG-REPO-ARCHIVE-READONLY-EXT,inherit from parent,YES,Records Management / Legal
GMG_Enterprise_Repository/95_Records_Archive/90_External_or_Joint_Ventures/02_Corporate_and_Legal_Archive,3,PS-ARCHIVE-READONLY,90_External_or_Joint_Ventures,GMG-REPO-ARCHIVE-READONLY-EXT,inherit from parent,YES,Records Management / Legal
GMG_Enterprise_Repository/95_Records_Archive/90_External_or_Joint_Ventures/03_Operational_Records_Archive,3,PS-ARCHIVE-READONLY,90_External_or_Joint_Ventures,GMG-REPO-ARCHIVE-READONLY-EXT,inherit from parent,YES,Records Management / Legal
GMG_Enterprise_Repository/95_Records_Archive/90_External_or_Joint_Ventures/04_Product_Market_Client_Project_Archive,3,PS-ARCHIVE-READONLY,90_External_or_Joint_Ventures,GMG-REPO-ARCHIVE-READONLY-EXT,inherit from parent,YES,Records Management / Legal
GMG_Enterprise_Repository/95_Records_Archive/90_External_or_Joint_Ventures/05_Legal_Hold,3,PS-ARCHIVE-READONLY,90_External_or_Joint_Ventures,GMG-REPO-ARCHIVE-READONLY-EXT,inherit from parent,YES,Records Management / Legal
GMG_Enterprise_Repository/95_Records_Archive/90_External_or_Joint_Ventures/06_Disposal_Evidence,3,PS-ARCHIVE-READONLY,90_External_or_Joint_Ventures,GMG-REPO-ARCHIVE-READONLY-EXT,inherit from parent,YES,Records Management / Legal
GMG_Enterprise_Repository/98_Legacy_Migration,1,PS-LEGACY-READONLY,GROUP,GMG-REPO-LEGACY-READONLY-GRP,BREAK INHERITANCE — apply explicitly,YES,Records Management / IT / QA
GMG_Enterprise_Repository/98_Legacy_Migration/00_Group_Shared,2,PS-INTAKE,00_Group_Shared,GMG-REPO-INTAKE-GRP,BREAK INHERITANCE — apply explicitly,YES,Records Management
GMG_Enterprise_Repository/98_Legacy_Migration/00_Group_Shared/01_v022_Structural_Staging,3,PS-INTAKE,00_Group_Shared,GMG-REPO-INTAKE-GRP,inherit from parent,YES,Records Management / IT
GMG_Enterprise_Repository/98_Legacy_Migration/00_Group_Shared/02_File_Manifest_and_Hashes,3,PS-INTAKE,00_Group_Shared,GMG-REPO-INTAKE-GRP,inherit from parent,YES,Records Management / IT
GMG_Enterprise_Repository/98_Legacy_Migration/00_Group_Shared/03_Lifecycle_Classification,3,PS-INTAKE,00_Group_Shared,GMG-REPO-INTAKE-GRP,inherit from parent,YES,Records Management / QA Documentation
GMG_Enterprise_Repository/98_Legacy_Migration/00_Group_Shared/04_Exceptions,3,PS-INTAKE,00_Group_Shared,GMG-REPO-INTAKE-GRP,inherit from parent,YES,Records Management / QA
GMG_Enterprise_Repository/98_Legacy_Migration/00_Group_Shared/05_Approved_For_Promotion,3,PS-INTAKE,00_Group_Shared,GMG-REPO-INTAKE-GRP,inherit from parent,YES,Records Management / QA
GMG_Enterprise_Repository/98_Legacy_Migration/00_Group_Shared/06_Rollback_Packages,3,PS-INTAKE,00_Group_Shared,GMG-REPO-INTAKE-GRP,inherit from parent,YES,Records Management / IT
GMG_Enterprise_Repository/98_Legacy_Migration/00_Group_Shared/07_Unmigrated_Legacy_Content,3,PS-LEGACY-READONLY,00_Group_Shared,GMG-REPO-LEGACY-READONLY-GRP,BREAK INHERITANCE — apply explicitly,YES,Records Management / IT / QA
GMG_Enterprise_Repository/98_Legacy_Migration/00_Group_Shared/08_Closed_Migration_Evidence,3,PS-LEGACY-READONLY,00_Group_Shared,GMG-REPO-LEGACY-READONLY-GRP,BREAK INHERITANCE — apply explicitly,YES,Records Management / IT / QA
GMG_Enterprise_Repository/98_Legacy_Migration/00_Group_Shared/90_v028_Legacy_Context,3,PS-LEGACY-READONLY,00_Group_Shared,GMG-REPO-LEGACY-READONLY-GRP,BREAK INHERITANCE — apply explicitly,YES,Records Management
GMG_Enterprise_Repository/98_Legacy_Migration/00_Group_Shared/90_v028_Legacy_Context/01_v022_Unmigrated,4,PS-LEGACY-READONLY,00_Group_Shared,GMG-REPO-LEGACY-READONLY-GRP,inherit from parent,YES,Records Management
GMG_Enterprise_Repository/98_Legacy_Migration/00_Group_Shared/90_v028_Legacy_Context/02_Unresolved_Record_Class_or_Entity,4,PS-LEGACY-READONLY,00_Group_Shared,GMG-REPO-LEGACY-READONLY-GRP,inherit from parent,YES,Records Management
GMG_Enterprise_Repository/98_Legacy_Migration/00_Group_Shared/90_v028_Legacy_Context/03_Unsupported_or_Inaccessible_Content,4,PS-LEGACY-READONLY,00_Group_Shared,GMG-REPO-LEGACY-READONLY-GRP,inherit from parent,YES,Records Management
GMG_Enterprise_Repository/98_Legacy_Migration/10_GMG_AG_CH,2,PS-LEGACY-READONLY,10_GMG_AG_CH,GMG-REPO-LEGACY-READONLY-CH,inherit from parent,YES,Records Management / IT / QA
GMG_Enterprise_Repository/98_Legacy_Migration/10_GMG_AG_CH/01_v022_Structural_Staging,3,PS-LEGACY-READONLY,10_GMG_AG_CH,GMG-REPO-LEGACY-READONLY-CH,inherit from parent,YES,Records Management / IT / QA
GMG_Enterprise_Repository/98_Legacy_Migration/10_GMG_AG_CH/02_File_Manifest_and_Hashes,3,PS-LEGACY-READONLY,10_GMG_AG_CH,GMG-REPO-LEGACY-READONLY-CH,inherit from parent,YES,Records Management / IT / QA
GMG_Enterprise_Repository/98_Legacy_Migration/10_GMG_AG_CH/03_Lifecycle_Classification,3,PS-LEGACY-READONLY,10_GMG_AG_CH,GMG-REPO-LEGACY-READONLY-CH,inherit from parent,YES,Records Management / IT / QA
GMG_Enterprise_Repository/98_Legacy_Migration/10_GMG_AG_CH/04_Exceptions,3,PS-LEGACY-READONLY,10_GMG_AG_CH,GMG-REPO-LEGACY-READONLY-CH,inherit from parent,YES,Records Management / IT / QA
GMG_Enterprise_Repository/98_Legacy_Migration/10_GMG_AG_CH/05_Approved_For_Promotion,3,PS-LEGACY-READONLY,10_GMG_AG_CH,GMG-REPO-LEGACY-READONLY-CH,inherit from parent,YES,Records Management / IT / QA
GMG_Enterprise_Repository/98_Legacy_Migration/10_GMG_AG_CH/06_Rollback_Packages,3,PS-LEGACY-READONLY,10_GMG_AG_CH,GMG-REPO-LEGACY-READONLY-CH,inherit from parent,YES,Records Management / IT / QA
GMG_Enterprise_Repository/98_Legacy_Migration/10_GMG_AG_CH/07_Unmigrated_Legacy_Content,3,PS-LEGACY-READONLY,10_GMG_AG_CH,GMG-REPO-LEGACY-READONLY-CH,inherit from parent,YES,Records Management / IT / QA
GMG_Enterprise_Repository/98_Legacy_Migration/10_GMG_AG_CH/08_Closed_Migration_Evidence,3,PS-LEGACY-READONLY,10_GMG_AG_CH,GMG-REPO-LEGACY-READONLY-CH,inherit from parent,YES,Records Management / IT / QA
GMG_Enterprise_Repository/98_Legacy_Migration/30_GM_Poland_PL,2,PS-LEGACY-READONLY,30_GM_Poland_PL,GMG-REPO-LEGACY-READONLY-PL,inherit from parent,YES,Records Management / IT / QA
GMG_Enterprise_Repository/98_Legacy_Migration/30_GM_Poland_PL/01_v022_Structural_Staging,3,PS-LEGACY-READONLY,30_GM_Poland_PL,GMG-REPO-LEGACY-READONLY-PL,inherit from parent,YES,Records Management / IT / QA
GMG_Enterprise_Repository/98_Legacy_Migration/30_GM_Poland_PL/02_File_Manifest_and_Hashes,3,PS-LEGACY-READONLY,30_GM_Poland_PL,GMG-REPO-LEGACY-READONLY-PL,inherit from parent,YES,Records Management / IT / QA
GMG_Enterprise_Repository/98_Legacy_Migration/30_GM_Poland_PL/03_Lifecycle_Classification,3,PS-LEGACY-READONLY,30_GM_Poland_PL,GMG-REPO-LEGACY-READONLY-PL,inherit from parent,YES,Records Management / IT / QA
GMG_Enterprise_Repository/98_Legacy_Migration/30_GM_Poland_PL/04_Exceptions,3,PS-LEGACY-READONLY,30_GM_Poland_PL,GMG-REPO-LEGACY-READONLY-PL,inherit from parent,YES,Records Management / IT / QA
GMG_Enterprise_Repository/98_Legacy_Migration/30_GM_Poland_PL/05_Approved_For_Promotion,3,PS-LEGACY-READONLY,30_GM_Poland_PL,GMG-REPO-LEGACY-READONLY-PL,inherit from parent,YES,Records Management / IT / QA
GMG_Enterprise_Repository/98_Legacy_Migration/30_GM_Poland_PL/06_Rollback_Packages,3,PS-LEGACY-READONLY,30_GM_Poland_PL,GMG-REPO-LEGACY-READONLY-PL,inherit from parent,YES,Records Management / IT / QA
GMG_Enterprise_Repository/98_Legacy_Migration/30_GM_Poland_PL/07_Unmigrated_Legacy_Content,3,PS-LEGACY-READONLY,30_GM_Poland_PL,GMG-REPO-LEGACY-READONLY-PL,inherit from parent,YES,Records Management / IT / QA
GMG_Enterprise_Repository/98_Legacy_Migration/30_GM_Poland_PL/08_Closed_Migration_Evidence,3,PS-LEGACY-READONLY,30_GM_Poland_PL,GMG-REPO-LEGACY-READONLY-PL,inherit from parent,YES,Records Management / IT / QA
GMG_Enterprise_Repository/98_Legacy_Migration/40_Miquel_y_Garriga_SL_ES,2,PS-LEGACY-READONLY,40_Miquel_y_Garriga_SL_ES,GMG-REPO-LEGACY-READONLY-MYG,inherit from parent,YES,Records Management / IT / QA
GMG_Enterprise_Repository/98_Legacy_Migration/40_Miquel_y_Garriga_SL_ES/01_v022_Structural_Staging,3,PS-LEGACY-READONLY,40_Miquel_y_Garriga_SL_ES,GMG-REPO-LEGACY-READONLY-MYG,inherit from parent,YES,Records Management / IT / QA
GMG_Enterprise_Repository/98_Legacy_Migration/40_Miquel_y_Garriga_SL_ES/02_File_Manifest_and_Hashes,3,PS-LEGACY-READONLY,40_Miquel_y_Garriga_SL_ES,GMG-REPO-LEGACY-READONLY-MYG,inherit from parent,YES,Records Management / IT / QA
GMG_Enterprise_Repository/98_Legacy_Migration/40_Miquel_y_Garriga_SL_ES/03_Lifecycle_Classification,3,PS-LEGACY-READONLY,40_Miquel_y_Garriga_SL_ES,GMG-REPO-LEGACY-READONLY-MYG,inherit from parent,YES,Records Management / IT / QA
GMG_Enterprise_Repository/98_Legacy_Migration/40_Miquel_y_Garriga_SL_ES/04_Exceptions,3,PS-LEGACY-READONLY,40_Miquel_y_Garriga_SL_ES,GMG-REPO-LEGACY-READONLY-MYG,inherit from parent,YES,Records Management / IT / QA
GMG_Enterprise_Repository/98_Legacy_Migration/40_Miquel_y_Garriga_SL_ES/05_Approved_For_Promotion,3,PS-LEGACY-READONLY,40_Miquel_y_Garriga_SL_ES,GMG-REPO-LEGACY-READONLY-MYG,inherit from parent,YES,Records Management / IT / QA
GMG_Enterprise_Repository/98_Legacy_Migration/40_Miquel_y_Garriga_SL_ES/06_Rollback_Packages,3,PS-LEGACY-READONLY,40_Miquel_y_Garriga_SL_ES,GMG-REPO-LEGACY-READONLY-MYG,inherit from parent,YES,Records Management / IT / QA
GMG_Enterprise_Repository/98_Legacy_Migration/40_Miquel_y_Garriga_SL_ES/07_Unmigrated_Legacy_Content,3,PS-LEGACY-READONLY,40_Miquel_y_Garriga_SL_ES,GMG-REPO-LEGACY-READONLY-MYG,inherit from parent,YES,Records Management / IT / QA
GMG_Enterprise_Repository/98_Legacy_Migration/40_Miquel_y_Garriga_SL_ES/08_Closed_Migration_Evidence,3,PS-LEGACY-READONLY,40_Miquel_y_Garriga_SL_ES,GMG-REPO-LEGACY-READONLY-MYG,inherit from parent,YES,Records Management / IT / QA
GMG_Enterprise_Repository/98_Legacy_Migration/50_GMG_Ilaclari_LTD_TR,2,PS-LEGACY-READONLY,50_GMG_Ilaclari_LTD_TR,GMG-REPO-LEGACY-READONLY-TR,inherit from parent,YES,Records Management / IT / QA
GMG_Enterprise_Repository/98_Legacy_Migration/50_GMG_Ilaclari_LTD_TR/01_v022_Structural_Staging,3,PS-LEGACY-READONLY,50_GMG_Ilaclari_LTD_TR,GMG-REPO-LEGACY-READONLY-TR,inherit from parent,YES,Records Management / IT / QA
GMG_Enterprise_Repository/98_Legacy_Migration/50_GMG_Ilaclari_LTD_TR/02_File_Manifest_and_Hashes,3,PS-LEGACY-READONLY,50_GMG_Ilaclari_LTD_TR,GMG-REPO-LEGACY-READONLY-TR,inherit from parent,YES,Records Management / IT / QA
GMG_Enterprise_Repository/98_Legacy_Migration/50_GMG_Ilaclari_LTD_TR/03_Lifecycle_Classification,3,PS-LEGACY-READONLY,50_GMG_Ilaclari_LTD_TR,GMG-REPO-LEGACY-READONLY-TR,inherit from parent,YES,Records Management / IT / QA
GMG_Enterprise_Repository/98_Legacy_Migration/50_GMG_Ilaclari_LTD_TR/04_Exceptions,3,PS-LEGACY-READONLY,50_GMG_Ilaclari_LTD_TR,GMG-REPO-LEGACY-READONLY-TR,inherit from parent,YES,Records Management / IT / QA
GMG_Enterprise_Repository/98_Legacy_Migration/50_GMG_Ilaclari_LTD_TR/05_Approved_For_Promotion,3,PS-LEGACY-READONLY,50_GMG_Ilaclari_LTD_TR,GMG-REPO-LEGACY-READONLY-TR,inherit from parent,YES,Records Management / IT / QA
GMG_Enterprise_Repository/98_Legacy_Migration/50_GMG_Ilaclari_LTD_TR/06_Rollback_Packages,3,PS-LEGACY-READONLY,50_GMG_Ilaclari_LTD_TR,GMG-REPO-LEGACY-READONLY-TR,inherit from parent,YES,Records Management / IT / QA
GMG_Enterprise_Repository/98_Legacy_Migration/50_GMG_Ilaclari_LTD_TR/07_Unmigrated_Legacy_Content,3,PS-LEGACY-READONLY,50_GMG_Ilaclari_LTD_TR,GMG-REPO-LEGACY-READONLY-TR,inherit from parent,YES,Records Management / IT / QA
GMG_Enterprise_Repository/98_Legacy_Migration/50_GMG_Ilaclari_LTD_TR/08_Closed_Migration_Evidence,3,PS-LEGACY-READONLY,50_GMG_Ilaclari_LTD_TR,GMG-REPO-LEGACY-READONLY-TR,inherit from parent,YES,Records Management / IT / QA
GMG_Enterprise_Repository/98_Legacy_Migration/80_Cross_Entity,2,PS-LEGACY-READONLY,80_Cross_Entity,GMG-REPO-LEGACY-READONLY-XE,inherit from parent,YES,Records Management / IT / QA
GMG_Enterprise_Repository/98_Legacy_Migration/80_Cross_Entity/01_v022_Structural_Staging,3,PS-LEGACY-READONLY,80_Cross_Entity,GMG-REPO-LEGACY-READONLY-XE,inherit from parent,YES,Records Management / IT / QA
GMG_Enterprise_Repository/98_Legacy_Migration/80_Cross_Entity/02_File_Manifest_and_Hashes,3,PS-LEGACY-READONLY,80_Cross_Entity,GMG-REPO-LEGACY-READONLY-XE,inherit from parent,YES,Records Management / IT / QA
GMG_Enterprise_Repository/98_Legacy_Migration/80_Cross_Entity/03_Lifecycle_Classification,3,PS-LEGACY-READONLY,80_Cross_Entity,GMG-REPO-LEGACY-READONLY-XE,inherit from parent,YES,Records Management / IT / QA
GMG_Enterprise_Repository/98_Legacy_Migration/80_Cross_Entity/04_Exceptions,3,PS-LEGACY-READONLY,80_Cross_Entity,GMG-REPO-LEGACY-READONLY-XE,inherit from parent,YES,Records Management / IT / QA
GMG_Enterprise_Repository/98_Legacy_Migration/80_Cross_Entity/05_Approved_For_Promotion,3,PS-LEGACY-READONLY,80_Cross_Entity,GMG-REPO-LEGACY-READONLY-XE,inherit from parent,YES,Records Management / IT / QA
GMG_Enterprise_Repository/98_Legacy_Migration/80_Cross_Entity/06_Rollback_Packages,3,PS-LEGACY-READONLY,80_Cross_Entity,GMG-REPO-LEGACY-READONLY-XE,inherit from parent,YES,Records Management / IT / QA
GMG_Enterprise_Repository/98_Legacy_Migration/80_Cross_Entity/07_Unmigrated_Legacy_Content,3,PS-LEGACY-READONLY,80_Cross_Entity,GMG-REPO-LEGACY-READONLY-XE,inherit from parent,YES,Records Management / IT / QA
GMG_Enterprise_Repository/98_Legacy_Migration/80_Cross_Entity/08_Closed_Migration_Evidence,3,PS-LEGACY-READONLY,80_Cross_Entity,GMG-REPO-LEGACY-READONLY-XE,inherit from parent,YES,Records Management / IT / QA
GMG_Enterprise_Repository/98_Legacy_Migration/90_External_or_Joint_Ventures,2,PS-LEGACY-READONLY,90_External_or_Joint_Ventures,GMG-REPO-LEGACY-READONLY-EXT,inherit from parent,YES,Records Management / IT / QA
GMG_Enterprise_Repository/98_Legacy_Migration/90_External_or_Joint_Ventures/01_v022_Structural_Staging,3,PS-LEGACY-READONLY,90_External_or_Joint_Ventures,GMG-REPO-LEGACY-READONLY-EXT,inherit from parent,YES,Records Management / IT / QA
GMG_Enterprise_Repository/98_Legacy_Migration/90_External_or_Joint_Ventures/02_File_Manifest_and_Hashes,3,PS-LEGACY-READONLY,90_External_or_Joint_Ventures,GMG-REPO-LEGACY-READONLY-EXT,inherit from parent,YES,Records Management / IT / QA
GMG_Enterprise_Repository/98_Legacy_Migration/90_External_or_Joint_Ventures/03_Lifecycle_Classification,3,PS-LEGACY-READONLY,90_External_or_Joint_Ventures,GMG-REPO-LEGACY-READONLY-EXT,inherit from parent,YES,Records Management / IT / QA
GMG_Enterprise_Repository/98_Legacy_Migration/90_External_or_Joint_Ventures/04_Exceptions,3,PS-LEGACY-READONLY,90_External_or_Joint_Ventures,GMG-REPO-LEGACY-READONLY-EXT,inherit from parent,YES,Records Management / IT / QA
GMG_Enterprise_Repository/98_Legacy_Migration/90_External_or_Joint_Ventures/05_Approved_For_Promotion,3,PS-LEGACY-READONLY,90_External_or_Joint_Ventures,GMG-REPO-LEGACY-READONLY-EXT,inherit from parent,YES,Records Management / IT / QA
GMG_Enterprise_Repository/98_Legacy_Migration/90_External_or_Joint_Ventures/06_Rollback_Packages,3,PS-LEGACY-READONLY,90_External_or_Joint_Ventures,GMG-REPO-LEGACY-READONLY-EXT,inherit from parent,YES,Records Management / IT / QA
GMG_Enterprise_Repository/98_Legacy_Migration/90_External_or_Joint_Ventures/07_Unmigrated_Legacy_Content,3,PS-LEGACY-READONLY,90_External_or_Joint_Ventures,GMG-REPO-LEGACY-READONLY-EXT,inherit from parent,YES,Records Management / IT / QA
GMG_Enterprise_Repository/98_Legacy_Migration/90_External_or_Joint_Ventures/08_Closed_Migration_Evidence,3,PS-LEGACY-READONLY,90_External_or_Joint_Ventures,GMG-REPO-LEGACY-READONLY-EXT,inherit from parent,YES,Records Management / IT / QA
GMG_Enterprise_Repository/99_Inbox_and_Quarantine,1,PS-QUARANTINE,GROUP,GMG-REPO-QUARANTINE-GRP,BREAK INHERITANCE — apply explicitly,YES,Records Management / IT / Source Owner
GMG_Enterprise_Repository/99_Inbox_and_Quarantine/00_Group_Shared,2,PS-QUARANTINE,00_Group_Shared,GMG-REPO-QUARANTINE-GRP,inherit from parent,YES,Records Management / IT / Source Owner
GMG_Enterprise_Repository/99_Inbox_and_Quarantine/00_Group_Shared/01_New_Content_Intake,3,PS-QUARANTINE,00_Group_Shared,GMG-REPO-QUARANTINE-GRP,inherit from parent,YES,Records Management / IT / Source Owner
GMG_Enterprise_Repository/99_Inbox_and_Quarantine/00_Group_Shared/02_Unclassified_Content,3,PS-QUARANTINE,00_Group_Shared,GMG-REPO-QUARANTINE-GRP,inherit from parent,YES,Records Management / IT / Source Owner
GMG_Enterprise_Repository/99_Inbox_and_Quarantine/00_Group_Shared/03_Malware_or_Integrity_Quarantine,3,PS-QUARANTINE,00_Group_Shared,GMG-REPO-QUARANTINE-GRP,inherit from parent,YES,Records Management / IT / Source Owner
GMG_Enterprise_Repository/99_Inbox_and_Quarantine/00_Group_Shared/04_Metadata_or_Naming_Exceptions,3,PS-QUARANTINE,00_Group_Shared,GMG-REPO-QUARANTINE-GRP,inherit from parent,YES,Records Management / IT / Source Owner
GMG_Enterprise_Repository/99_Inbox_and_Quarantine/00_Group_Shared/05_Duplicate_and_Conflict_Review,3,PS-QUARANTINE,00_Group_Shared,GMG-REPO-QUARANTINE-GRP,inherit from parent,YES,Records Management / IT / Source Owner
GMG_Enterprise_Repository/99_Inbox_and_Quarantine/00_Group_Shared/06_Rejected_or_Returned,3,PS-QUARANTINE,00_Group_Shared,GMG-REPO-QUARANTINE-GRP,inherit from parent,YES,Records Management / IT / Source Owner
GMG_Enterprise_Repository/99_Inbox_and_Quarantine/00_Group_Shared/07_Approved_For_Assignment,3,PS-QUARANTINE,00_Group_Shared,GMG-REPO-QUARANTINE-GRP,inherit from parent,YES,Records Management / IT / Source Owner
GMG_Enterprise_Repository/99_Inbox_and_Quarantine/00_Group_Shared/08_Closed_Intake_Evidence,3,PS-QUARANTINE,00_Group_Shared,GMG-REPO-QUARANTINE-GRP,inherit from parent,YES,Records Management / IT / Source Owner
GMG_Enterprise_Repository/99_Inbox_and_Quarantine/10_GMG_AG_CH,2,PS-QUARANTINE,10_GMG_AG_CH,GMG-REPO-QUARANTINE-CH,inherit from parent,YES,Records Management / IT / Source Owner
GMG_Enterprise_Repository/99_Inbox_and_Quarantine/10_GMG_AG_CH/01_New_Content_Intake,3,PS-QUARANTINE,10_GMG_AG_CH,GMG-REPO-QUARANTINE-CH,inherit from parent,YES,Records Management / IT / Source Owner
GMG_Enterprise_Repository/99_Inbox_and_Quarantine/10_GMG_AG_CH/02_Unclassified_Content,3,PS-QUARANTINE,10_GMG_AG_CH,GMG-REPO-QUARANTINE-CH,inherit from parent,YES,Records Management / IT / Source Owner
GMG_Enterprise_Repository/99_Inbox_and_Quarantine/10_GMG_AG_CH/03_Malware_or_Integrity_Quarantine,3,PS-QUARANTINE,10_GMG_AG_CH,GMG-REPO-QUARANTINE-CH,inherit from parent,YES,Records Management / IT / Source Owner
GMG_Enterprise_Repository/99_Inbox_and_Quarantine/10_GMG_AG_CH/04_Metadata_or_Naming_Exceptions,3,PS-QUARANTINE,10_GMG_AG_CH,GMG-REPO-QUARANTINE-CH,inherit from parent,YES,Records Management / IT / Source Owner
GMG_Enterprise_Repository/99_Inbox_and_Quarantine/10_GMG_AG_CH/05_Duplicate_and_Conflict_Review,3,PS-QUARANTINE,10_GMG_AG_CH,GMG-REPO-QUARANTINE-CH,inherit from parent,YES,Records Management / IT / Source Owner
GMG_Enterprise_Repository/99_Inbox_and_Quarantine/10_GMG_AG_CH/06_Rejected_or_Returned,3,PS-QUARANTINE,10_GMG_AG_CH,GMG-REPO-QUARANTINE-CH,inherit from parent,YES,Records Management / IT / Source Owner
GMG_Enterprise_Repository/99_Inbox_and_Quarantine/10_GMG_AG_CH/07_Approved_For_Assignment,3,PS-QUARANTINE,10_GMG_AG_CH,GMG-REPO-QUARANTINE-CH,inherit from parent,YES,Records Management / IT / Source Owner
GMG_Enterprise_Repository/99_Inbox_and_Quarantine/10_GMG_AG_CH/08_Closed_Intake_Evidence,3,PS-QUARANTINE,10_GMG_AG_CH,GMG-REPO-QUARANTINE-CH,inherit from parent,YES,Records Management / IT / Source Owner
GMG_Enterprise_Repository/99_Inbox_and_Quarantine/30_GM_Poland_PL,2,PS-QUARANTINE,30_GM_Poland_PL,GMG-REPO-QUARANTINE-PL,inherit from parent,YES,Records Management / IT / Source Owner
GMG_Enterprise_Repository/99_Inbox_and_Quarantine/30_GM_Poland_PL/01_New_Content_Intake,3,PS-QUARANTINE,30_GM_Poland_PL,GMG-REPO-QUARANTINE-PL,inherit from parent,YES,Records Management / IT / Source Owner
GMG_Enterprise_Repository/99_Inbox_and_Quarantine/30_GM_Poland_PL/02_Unclassified_Content,3,PS-QUARANTINE,30_GM_Poland_PL,GMG-REPO-QUARANTINE-PL,inherit from parent,YES,Records Management / IT / Source Owner
GMG_Enterprise_Repository/99_Inbox_and_Quarantine/30_GM_Poland_PL/03_Malware_or_Integrity_Quarantine,3,PS-QUARANTINE,30_GM_Poland_PL,GMG-REPO-QUARANTINE-PL,inherit from parent,YES,Records Management / IT / Source Owner
GMG_Enterprise_Repository/99_Inbox_and_Quarantine/30_GM_Poland_PL/04_Metadata_or_Naming_Exceptions,3,PS-QUARANTINE,30_GM_Poland_PL,GMG-REPO-QUARANTINE-PL,inherit from parent,YES,Records Management / IT / Source Owner
GMG_Enterprise_Repository/99_Inbox_and_Quarantine/30_GM_Poland_PL/05_Duplicate_and_Conflict_Review,3,PS-QUARANTINE,30_GM_Poland_PL,GMG-REPO-QUARANTINE-PL,inherit from parent,YES,Records Management / IT / Source Owner
GMG_Enterprise_Repository/99_Inbox_and_Quarantine/30_GM_Poland_PL/06_Rejected_or_Returned,3,PS-QUARANTINE,30_GM_Poland_PL,GMG-REPO-QUARANTINE-PL,inherit from parent,YES,Records Management / IT / Source Owner
GMG_Enterprise_Repository/99_Inbox_and_Quarantine/30_GM_Poland_PL/07_Approved_For_Assignment,3,PS-QUARANTINE,30_GM_Poland_PL,GMG-REPO-QUARANTINE-PL,inherit from parent,YES,Records Management / IT / Source Owner
GMG_Enterprise_Repository/99_Inbox_and_Quarantine/30_GM_Poland_PL/08_Closed_Intake_Evidence,3,PS-QUARANTINE,30_GM_Poland_PL,GMG-REPO-QUARANTINE-PL,inherit from parent,YES,Records Management / IT / Source Owner
GMG_Enterprise_Repository/99_Inbox_and_Quarantine/40_Miquel_y_Garriga_SL_ES,2,PS-QUARANTINE,40_Miquel_y_Garriga_SL_ES,GMG-REPO-QUARANTINE-MYG,inherit from parent,YES,Records Management / IT / Source Owner
GMG_Enterprise_Repository/99_Inbox_and_Quarantine/40_Miquel_y_Garriga_SL_ES/01_New_Content_Intake,3,PS-QUARANTINE,40_Miquel_y_Garriga_SL_ES,GMG-REPO-QUARANTINE-MYG,inherit from parent,YES,Records Management / IT / Source Owner
GMG_Enterprise_Repository/99_Inbox_and_Quarantine/40_Miquel_y_Garriga_SL_ES/02_Unclassified_Content,3,PS-QUARANTINE,40_Miquel_y_Garriga_SL_ES,GMG-REPO-QUARANTINE-MYG,inherit from parent,YES,Records Management / IT / Source Owner
GMG_Enterprise_Repository/99_Inbox_and_Quarantine/40_Miquel_y_Garriga_SL_ES/03_Malware_or_Integrity_Quarantine,3,PS-QUARANTINE,40_Miquel_y_Garriga_SL_ES,GMG-REPO-QUARANTINE-MYG,inherit from parent,YES,Records Management / IT / Source Owner
GMG_Enterprise_Repository/99_Inbox_and_Quarantine/40_Miquel_y_Garriga_SL_ES/04_Metadata_or_Naming_Exceptions,3,PS-QUARANTINE,40_Miquel_y_Garriga_SL_ES,GMG-REPO-QUARANTINE-MYG,inherit from parent,YES,Records Management / IT / Source Owner
GMG_Enterprise_Repository/99_Inbox_and_Quarantine/40_Miquel_y_Garriga_SL_ES/05_Duplicate_and_Conflict_Review,3,PS-QUARANTINE,40_Miquel_y_Garriga_SL_ES,GMG-REPO-QUARANTINE-MYG,inherit from parent,YES,Records Management / IT / Source Owner
GMG_Enterprise_Repository/99_Inbox_and_Quarantine/40_Miquel_y_Garriga_SL_ES/06_Rejected_or_Returned,3,PS-QUARANTINE,40_Miquel_y_Garriga_SL_ES,GMG-REPO-QUARANTINE-MYG,inherit from parent,YES,Records Management / IT / Source Owner
GMG_Enterprise_Repository/99_Inbox_and_Quarantine/40_Miquel_y_Garriga_SL_ES/07_Approved_For_Assignment,3,PS-QUARANTINE,40_Miquel_y_Garriga_SL_ES,GMG-REPO-QUARANTINE-MYG,inherit from parent,YES,Records Management / IT / Source Owner
GMG_Enterprise_Repository/99_Inbox_and_Quarantine/40_Miquel_y_Garriga_SL_ES/08_Closed_Intake_Evidence,3,PS-QUARANTINE,40_Miquel_y_Garriga_SL_ES,GMG-REPO-QUARANTINE-MYG,inherit from parent,YES,Records Management / IT / Source Owner
GMG_Enterprise_Repository/99_Inbox_and_Quarantine/50_GMG_Ilaclari_LTD_TR,2,PS-QUARANTINE,50_GMG_Ilaclari_LTD_TR,GMG-REPO-QUARANTINE-TR,inherit from parent,YES,Records Management / IT / Source Owner
GMG_Enterprise_Repository/99_Inbox_and_Quarantine/50_GMG_Ilaclari_LTD_TR/01_New_Content_Intake,3,PS-QUARANTINE,50_GMG_Ilaclari_LTD_TR,GMG-REPO-QUARANTINE-TR,inherit from parent,YES,Records Management / IT / Source Owner
GMG_Enterprise_Repository/99_Inbox_and_Quarantine/50_GMG_Ilaclari_LTD_TR/02_Unclassified_Content,3,PS-QUARANTINE,50_GMG_Ilaclari_LTD_TR,GMG-REPO-QUARANTINE-TR,inherit from parent,YES,Records Management / IT / Source Owner
GMG_Enterprise_Repository/99_Inbox_and_Quarantine/50_GMG_Ilaclari_LTD_TR/03_Malware_or_Integrity_Quarantine,3,PS-QUARANTINE,50_GMG_Ilaclari_LTD_TR,GMG-REPO-QUARANTINE-TR,inherit from parent,YES,Records Management / IT / Source Owner
GMG_Enterprise_Repository/99_Inbox_and_Quarantine/50_GMG_Ilaclari_LTD_TR/04_Metadata_or_Naming_Exceptions,3,PS-QUARANTINE,50_GMG_Ilaclari_LTD_TR,GMG-REPO-QUARANTINE-TR,inherit from parent,YES,Records Management / IT / Source Owner
GMG_Enterprise_Repository/99_Inbox_and_Quarantine/50_GMG_Ilaclari_LTD_TR/05_Duplicate_and_Conflict_Review,3,PS-QUARANTINE,50_GMG_Ilaclari_LTD_TR,GMG-REPO-QUARANTINE-TR,inherit from parent,YES,Records Management / IT / Source Owner
GMG_Enterprise_Repository/99_Inbox_and_Quarantine/50_GMG_Ilaclari_LTD_TR/06_Rejected_or_Returned,3,PS-QUARANTINE,50_GMG_Ilaclari_LTD_TR,GMG-REPO-QUARANTINE-TR,inherit from parent,YES,Records Management / IT / Source Owner
GMG_Enterprise_Repository/99_Inbox_and_Quarantine/50_GMG_Ilaclari_LTD_TR/07_Approved_For_Assignment,3,PS-QUARANTINE,50_GMG_Ilaclari_LTD_TR,GMG-REPO-QUARANTINE-TR,inherit from parent,YES,Records Management / IT / Source Owner
GMG_Enterprise_Repository/99_Inbox_and_Quarantine/50_GMG_Ilaclari_LTD_TR/08_Closed_Intake_Evidence,3,PS-QUARANTINE,50_GMG_Ilaclari_LTD_TR,GMG-REPO-QUARANTINE-TR,inherit from parent,YES,Records Management / IT / Source Owner
GMG_Enterprise_Repository/99_Inbox_and_Quarantine/80_Cross_Entity,2,PS-QUARANTINE,80_Cross_Entity,GMG-REPO-QUARANTINE-XE,inherit from parent,YES,Records Management / IT / Source Owner
GMG_Enterprise_Repository/99_Inbox_and_Quarantine/80_Cross_Entity/01_New_Content_Intake,3,PS-QUARANTINE,80_Cross_Entity,GMG-REPO-QUARANTINE-XE,inherit from parent,YES,Records Management / IT / Source Owner
GMG_Enterprise_Repository/99_Inbox_and_Quarantine/80_Cross_Entity/02_Unclassified_Content,3,PS-QUARANTINE,80_Cross_Entity,GMG-REPO-QUARANTINE-XE,inherit from parent,YES,Records Management / IT / Source Owner
GMG_Enterprise_Repository/99_Inbox_and_Quarantine/80_Cross_Entity/03_Malware_or_Integrity_Quarantine,3,PS-QUARANTINE,80_Cross_Entity,GMG-REPO-QUARANTINE-XE,inherit from parent,YES,Records Management / IT / Source Owner
GMG_Enterprise_Repository/99_Inbox_and_Quarantine/80_Cross_Entity/04_Metadata_or_Naming_Exceptions,3,PS-QUARANTINE,80_Cross_Entity,GMG-REPO-QUARANTINE-XE,inherit from parent,YES,Records Management / IT / Source Owner
GMG_Enterprise_Repository/99_Inbox_and_Quarantine/80_Cross_Entity/05_Duplicate_and_Conflict_Review,3,PS-QUARANTINE,80_Cross_Entity,GMG-REPO-QUARANTINE-XE,inherit from parent,YES,Records Management / IT / Source Owner
GMG_Enterprise_Repository/99_Inbox_and_Quarantine/80_Cross_Entity/06_Rejected_or_Returned,3,PS-QUARANTINE,80_Cross_Entity,GMG-REPO-QUARANTINE-XE,inherit from parent,YES,Records Management / IT / Source Owner
GMG_Enterprise_Repository/99_Inbox_and_Quarantine/80_Cross_Entity/07_Approved_For_Assignment,3,PS-QUARANTINE,80_Cross_Entity,GMG-REPO-QUARANTINE-XE,inherit from parent,YES,Records Management / IT / Source Owner
GMG_Enterprise_Repository/99_Inbox_and_Quarantine/80_Cross_Entity/08_Closed_Intake_Evidence,3,PS-QUARANTINE,80_Cross_Entity,GMG-REPO-QUARANTINE-XE,inherit from parent,YES,Records Management / IT / Source Owner
GMG_Enterprise_Repository/99_Inbox_and_Quarantine/90_External_or_Joint_Ventures,2,PS-QUARANTINE,90_External_or_Joint_Ventures,GMG-REPO-QUARANTINE-EXT,inherit from parent,YES,Records Management / IT / Source Owner
GMG_Enterprise_Repository/99_Inbox_and_Quarantine/90_External_or_Joint_Ventures/01_New_Content_Intake,3,PS-QUARANTINE,90_External_or_Joint_Ventures,GMG-REPO-QUARANTINE-EXT,inherit from parent,YES,Records Management / IT / Source Owner
GMG_Enterprise_Repository/99_Inbox_and_Quarantine/90_External_or_Joint_Ventures/02_Unclassified_Content,3,PS-QUARANTINE,90_External_or_Joint_Ventures,GMG-REPO-QUARANTINE-EXT,inherit from parent,YES,Records Management / IT / Source Owner
GMG_Enterprise_Repository/99_Inbox_and_Quarantine/90_External_or_Joint_Ventures/03_Malware_or_Integrity_Quarantine,3,PS-QUARANTINE,90_External_or_Joint_Ventures,GMG-REPO-QUARANTINE-EXT,inherit from parent,YES,Records Management / IT / Source Owner
GMG_Enterprise_Repository/99_Inbox_and_Quarantine/90_External_or_Joint_Ventures/04_Metadata_or_Naming_Exceptions,3,PS-QUARANTINE,90_External_or_Joint_Ventures,GMG-REPO-QUARANTINE-EXT,inherit from parent,YES,Records Management / IT / Source Owner
GMG_Enterprise_Repository/99_Inbox_and_Quarantine/90_External_or_Joint_Ventures/05_Duplicate_and_Conflict_Review,3,PS-QUARANTINE,90_External_or_Joint_Ventures,GMG-REPO-QUARANTINE-EXT,inherit from parent,YES,Records Management / IT / Source Owner
GMG_Enterprise_Repository/99_Inbox_and_Quarantine/90_External_or_Joint_Ventures/06_Rejected_or_Returned,3,PS-QUARANTINE,90_External_or_Joint_Ventures,GMG-REPO-QUARANTINE-EXT,inherit from parent,YES,Records Management / IT / Source Owner
GMG_Enterprise_Repository/99_Inbox_and_Quarantine/90_External_or_Joint_Ventures/07_Approved_For_Assignment,3,PS-QUARANTINE,90_External_or_Joint_Ventures,GMG-REPO-QUARANTINE-EXT,inherit from parent,YES,Records Management / IT / Source Owner
GMG_Enterprise_Repository/99_Inbox_and_Quarantine/90_External_or_Joint_Ventures/08_Closed_Intake_Evidence,3,PS-QUARANTINE,90_External_or_Joint_Ventures,GMG-REPO-QUARANTINE-EXT,inherit from parent,YES,Records Management / IT / Source Owner
