Branch,Source Path,SHA-256,Disposition,Target Path,Held Reason / Evidence
GQMS domains 00-18,01_QMS/FRM/Draft/GMG-QMS-FRM-0023_v0.1_DRAFT_2026-07-18.xlsx,004ea2100d86f5ba947dac1623fc4affd488387a14c5f7eb8f1f53105c777cd6,PROMOTED,01_QMS/01_Controlled_Documents/FRM/Draft/GMG-QMS-FRM-0023_v0.1_DRAFT_2026-07-18.xlsx,
GQMS domains 00-18,04_PV/MAN/Annex/GMG-PV-MAN-0002-G_v0.4_DRAFT_2026-08-08.docx,01560718d931a5326eb6485bed33c9622bba3bce480770cdcd28f4d7d5b8df26,HELD,,NO TARGET TYPE FOLDER — MAN absent from v0.31 04_PV type set
GQMS domains 00-18,04_PV/MTX/Superseded_Retired/GMG-PV-MTX-0006_v0.2_DRAFT_2026-07-17.xlsx,018fe6a5c53f69a2c9b2b0f1215261b1d479d5a813342944f62720e98c150da1,HELD,,LIFECYCLE UNDETERMINED — in Superseded_Retired with no status token | likely: Superseded — GMG-PV-MTX-0006 exists at higher version v0.5
GQMS domains 00-18,04_PV/MAN/Superseded_Retired/GMG-PV-MAN-0001_v0.13_DRAFT_2026-07-21.docx,01d0d539329cc91d11dbc1f20997580dd05d14df21284a693acd56ae5bfed8d8,HELD,,NO TARGET TYPE FOLDER — MAN absent from v0.31 04_PV type set
GQMS domains 00-18,04_PV/MAN/Draft/GMG-PV-MAN-0001_v0.29_DRAFT_2026-08-07.docx,026965a9bcc98ac881920f534c81590e558264f9af557c89de1ee068263239c1,PROMOTED (v0.32 type addition),02_GQMS_Controlled_Repository/00_Group_Shared/04_PV/01_Controlled_Documents/MAN/Draft/GMG-PV-MAN-0001_v0.29_DRAFT_2026-08-07.docx,
GQMS domains 00-18,01_QMS/SOP/Superseded_Retired/GMG-QMS-SOP-0006_v0.6_DRAFT_2026-07-17.docx,028d0387dc872f21a32138701d0904886d035b01d9cf62f61f68de4b3e839189,HELD,,LIFECYCLE UNDETERMINED — in Superseded_Retired with no status token | likely: Superseded — GMG-QMS-SOP-0006 exists at higher version v0.8
GQMS domains 00-18,04_PV/AGR/Superseded_Retired/GMG-PV-AGR-0001_v0.4_DRAFT_2026-07-25.docx,031f3641ea52889f5119f20f446510577b393043814189d08727b2afae8008d5,HELD,,LIFECYCLE UNDETERMINED — in Superseded_Retired with no status token | likely: Superseded — GMG-PV-AGR-0001 exists at higher version v0.6
GQMS domains 00-18,04_PV/SOP/Draft/Superseded_Retired/GMG-PV-SOP-0008_v0.3_DRAFT_2026-08-05.docx,03b5f808ba0a73b2976b74ed892b1dba0e9f875809651ce7db5a1d9db8634ca9,PROMOTED,04_PV/01_Controlled_Documents/SOP/Draft/Superseded_Retired/GMG-PV-SOP-0008_v0.3_DRAFT_2026-08-05.docx,
GQMS domains 00-18,08_CSV/Di10-PV_Validation_2024-12/System Qualification.pdf,03d7ca7a70368b2d423c52227ad92e2ce15510d82a5ae32de7b638593ad1bb79,HELD,,NO TARGET TYPE FOLDER — Di10-PV_Validation_2024-12 absent from v0.31 08_CSV type set
GQMS domains 00-18,04_PV/SOP/Draft/Superseded_Retired/GMG-PV-SOP-0019_v0.3_DRAFT_2026-08-05.docx,04226abcb414b771abd5b4f4d86bdb8566d3f6eb3ac8a727632535ec9d5cb340,PROMOTED,04_PV/01_Controlled_Documents/SOP/Draft/Superseded_Retired/GMG-PV-SOP-0019_v0.3_DRAFT_2026-08-05.docx,
GQMS domains 00-18,04_PV/SOP/Draft/Superseded_Retired/GMG-PV-SOP-0022_v0.3_DRAFT_2026-08-05.docx,04c7abeb1bb0f69b60c29d9bf4ee06e92381420a2127dd0d20589efac6e49c41,PROMOTED,04_PV/01_Controlled_Documents/SOP/Draft/Superseded_Retired/GMG-PV-SOP-0022_v0.3_DRAFT_2026-08-05.docx,
GQMS domains 00-18,04_PV/LST/Draft/Superseded_Retired/GMG-PV-LST-0002_v0.3_DRAFT_2026-08-07.xlsx,04cdf0e7cdfe6b772d0943a0b0830c739ac51e4dc3ce702cbc8f766c26d3e7e9,PROMOTED (v0.32 type addition),02_GQMS_Controlled_Repository/00_Group_Shared/04_PV/01_Controlled_Documents/LST/Draft/Superseded_Retired/GMG-PV-LST-0002_v0.3_DRAFT_2026-08-07.xlsx,
GQMS domains 00-18,06_NUT/FRM/Draft/GMG-NUT-FRM-0005_v0.2_DRAFT_2026-08-01.docx,0535271c947ae9484533ec159de37f582d6083173dfda4816f57c6a9f8256ca8,PROMOTED,06_NUT/01_Controlled_Documents/FRM/Draft/GMG-NUT-FRM-0005_v0.2_DRAFT_2026-08-01.docx,
GQMS domains 00-18,04_PV/FRM/Draft/GMG-PV-FRM-0010-SET_Mandate-Setonda_v0.4_DRAFT_2026-08-08.docx,0597c014198db25616fe63147f7fd1688cc4a251bc13260ec3ab4e8054159b91,PROMOTED,04_PV/01_Controlled_Documents/FRM/Draft/GMG-PV-FRM-0010-SET_Mandate-Setonda_v0.4_DRAFT_2026-08-08.docx,
GQMS domains 00-18,04_PV/FRM/Draft/GMG-PV-FRM-0002_v0.1_DRAFT_2026-07-16.docx,05a488bb35e01759d28db655afd5959788ce84de6b4a12dbad33de75cd738f73,PROMOTED,04_PV/01_Controlled_Documents/FRM/Draft/GMG-PV-FRM-0002_v0.1_DRAFT_2026-07-16.docx,
GQMS domains 00-18,04_PV/LST/Draft/GMG-PV-EU-Reference-Data-Draft_v0.1_DRAFT_2026-08-03.xlsx,05ac56bf2e7138c4c1d7d043c2737b0006cf8d432a40c7d469c73973a8ea45e7,PROMOTED (v0.32 type addition),02_GQMS_Controlled_Repository/00_Group_Shared/04_PV/01_Controlled_Documents/LST/Draft/GMG-PV-EU-Reference-Data-Draft_v0.1_DRAFT_2026-08-03.xlsx,
GQMS domains 00-18,04_PV/LOG/Superseded_Retired/GMG-PV-LST-0001_v0.6_DRAFT_2026-07-21.xlsx,06410bedf00f9bec73b686b029aaf1e1435b6c58855248d64fc4741ebd7e2cb0,HELD,,LIFECYCLE UNDETERMINED — in Superseded_Retired with no status token | likely: Superseded — GMG-PV-LST-0001 exists at higher version v0.10
GQMS domains 00-18,04_PV/MAN/Annex/Superseded_Retired/GMG-PV-MAN-0002-C_v0.2_DRAFT_2026-08-07.docx,070e3bc8ed6454821a2b8774c7923c3da93b4443490eae3b8d507517f2725c17,HELD,,NO TARGET TYPE FOLDER — MAN absent from v0.31 04_PV type set
GQMS domains 00-18,04_PV/FRM/Draft/Superseded_Retired/GMG-PV-FRM-0009_v0.3_DRAFT_2026-08-05.docx,07c429f2c3c421fac765e045fa5520fa1c3eb642e1a999c812bf2ca0a3c2a2b1,PROMOTED,04_PV/01_Controlled_Documents/FRM/Draft/Superseded_Retired/GMG-PV-FRM-0009_v0.3_DRAFT_2026-08-05.docx,
GQMS domains 00-18,04_PV/SOP/Draft/Superseded_Retired/GMG-PV-SOP-0013_v0.6_DRAFT_2026-08-05.docx,0806ff668e2f58bc84fff2880814949d68e25ba38a602eb99019dcaa6d914e99,PROMOTED,04_PV/01_Controlled_Documents/SOP/Draft/Superseded_Retired/GMG-PV-SOP-0013_v0.6_DRAFT_2026-08-05.docx,
GQMS domains 00-18,04_PV/MAN/Superseded_Retired/GMG-PV-MAN-0001_v0.17_DRAFT_2026-08-03.docx,08b257a535f4e9453a4b641213a20831e8a143c353afbe42a68d873876f8633b,HELD,,NO TARGET TYPE FOLDER — MAN absent from v0.31 04_PV type set
GQMS domains 00-18,04_PV/FRM/Draft/GMG-PV-FRM-0006_v0.2_DRAFT_2026-07-16.docx,08b69637cdfa9dfacbef4ef795ffd8d8b0826b860dfdca09885ac3516ea9f599,PROMOTED,04_PV/01_Controlled_Documents/FRM/Draft/GMG-PV-FRM-0006_v0.2_DRAFT_2026-07-16.docx,
GQMS domains 00-18,04_PV/SOP/Draft/Superseded_Retired/GMG-PV-SOP-0004_v0.10_DRAFT_2026-08-07.docx,08c356f30a604fae7e6c022b4309f210c01457d36fc4713910838a78a726b027,PROMOTED,04_PV/01_Controlled_Documents/SOP/Draft/Superseded_Retired/GMG-PV-SOP-0004_v0.10_DRAFT_2026-08-07.docx,
GQMS domains 00-18,04_PV/SOP/Draft/Superseded_Retired/GMG-PV-SOP-0024_v0.2_DRAFT_2026-07-16.docx,099d048554469d7bf80d75c31e4b30646ecb1ecba280f99f84a5cd58145cca3d,PROMOTED,04_PV/01_Controlled_Documents/SOP/Draft/Superseded_Retired/GMG-PV-SOP-0024_v0.2_DRAFT_2026-07-16.docx,
GQMS domains 00-18,04_PV/WIN/Draft/Superseded_Retired/GMG-PV-WIN-0001_v0.2_DRAFT_2026-07-15.docx,09a170d16141c1bc402cd394cf327945b536253fcf2936ee66e4e1c723bf2f7b,PROMOTED,04_PV/01_Controlled_Documents/WIN/Draft/Superseded_Retired/GMG-PV-WIN-0001_v0.2_DRAFT_2026-07-15.docx,
GQMS domains 00-18,04_PV/SOP/Draft/Superseded_Retired/GMG-PV-SOP-0002_v0.3_DRAFT_2026-07-16.docx,09d8cd351a8b4fb5b1a5e7b36011e515515bc11530ed327b077b4404409ac447,PROMOTED,04_PV/01_Controlled_Documents/SOP/Draft/Superseded_Retired/GMG-PV-SOP-0002_v0.3_DRAFT_2026-07-16.docx,
GQMS domains 00-18,04_PV/SOP/Draft/Superseded_Retired/GMG-PV-SOP-0004_v0.7_DRAFT_2026-08-05.docx,0a1848c481bef40311758f2466558da78f7a46ca32e6b1766619eae9167b8051,PROMOTED,04_PV/01_Controlled_Documents/SOP/Draft/Superseded_Retired/GMG-PV-SOP-0004_v0.7_DRAFT_2026-08-05.docx,
GQMS domains 00-18,04_PV/LOG/Draft/Superseded_Retired/GMG-PV-Consolidated-Deviation-Register_v0.12_DRAFT_2026-08-07.xlsx,0a432ccfed12d1feb1a1e131d85bad4d8716eda145381e2b633025e38d524434,PROMOTED,04_PV/01_Controlled_Documents/LOG/Draft/Superseded_Retired/GMG-PV-Consolidated-Deviation-Register_v0.12_DRAFT_2026-08-07.xlsx,
GQMS domains 00-18,04_PV/LOG/Superseded_Retired/GMG-PV-LOG-0005_v0.1_DRAFT_2026-07-16.xlsx,0abab4930bf176a5c49515b473e0423cb0dde3e72ecc3e1baa93a87160fd489a,HELD,,LIFECYCLE UNDETERMINED — in Superseded_Retired with no status token | likely: Superseded — GMG-PV-LOG-0005 exists at higher version v0.3
GQMS domains 00-18,04_PV/MTX/Superseded_Retired/GMG-PV-MTX-0001_v0.6_DRAFT_2026-07-25.xlsx,0ad3d5bad522e991ce4a483be9f313a741131eea75967126879d2bc15758d7be,HELD,,LIFECYCLE UNDETERMINED — in Superseded_Retired with no status token | likely: Superseded — GMG-PV-MTX-0001 exists at higher version v0.9
GQMS domains 00-18,04_PV/SOP/Draft/Superseded_Retired/GMG-PV-SOP-0004_v0.9_DRAFT_2026-08-05.docx,0b1f7ade6a27f9197f19f696cf815df49c91ba79c1e29fe0136a3da2ffbbc7ca,PROMOTED,04_PV/01_Controlled_Documents/SOP/Draft/Superseded_Retired/GMG-PV-SOP-0004_v0.9_DRAFT_2026-08-05.docx,
GQMS domains 00-18,01_QMS/FRM/Draft/GMG-QMS-FRM-0008_v0.4_DRAFT_2026-07-18.docx,0b7486795161d6349ec840e523a7653c85a5ebdf457091d1d73de6e14c57f8ff,PROMOTED,01_QMS/01_Controlled_Documents/FRM/Draft/GMG-QMS-FRM-0008_v0.4_DRAFT_2026-07-18.docx,
GQMS domains 00-18,01_QMS/PLN/Superseded_Retired/GMG-QMS-PLN-0004_v1.0_DRAFT_2026-07-11.docx,0bce0b1696900402d9e046a36b9ef3f86ca45100e1399c03f4f3798b6d59d4be,HELD,,LIFECYCLE UNDETERMINED — in Superseded_Retired with no status token | likely: Superseded — GMG-QMS-PLN-0004 exists at higher version v1.1
GQMS domains 00-18,04_PV/PLN/Superseded_Retired/GMG-PV-PLN-0003_v0.2_DRAFT_2026-07-14.docx,0bdafe8e4c6feba4e99344c7db57af0ccf19234143f5031cdb597200c9da0ac2,HELD,,LIFECYCLE UNDETERMINED — in Superseded_Retired with no status token | likely: Superseded — GMG-PV-PLN-0003 exists at higher version v0.4
GQMS domains 00-18,01_QMS/FRM/Draft/GMG-QMS-FRM-0024_v0.2_DRAFT_2026-08-08.xlsx,0c295ea89117aeb7e764c2de630a6e99cbbaad83b2b04457f9b1eabd0079cdb8,PROMOTED,01_QMS/01_Controlled_Documents/FRM/Draft/GMG-QMS-FRM-0024_v0.2_DRAFT_2026-08-08.xlsx,
GQMS domains 00-18,04_PV/SOP/Draft/Superseded_Retired/GMG-PV-SOP-0018_v0.4_DRAFT_2026-08-07.docx,0c96ecce3b4182b2d43818644055cccd24b8e9f2ff8602124af9890e61005e6f,PROMOTED,04_PV/01_Controlled_Documents/SOP/Draft/Superseded_Retired/GMG-PV-SOP-0018_v0.4_DRAFT_2026-08-07.docx,
GQMS domains 00-18,04_PV/PLN/Draft/Superseded_Retired/GMG-PV-PLN-0005_v0.4_DRAFT_2026-07-25.docx,0cf4c8742863ce38f01af28c6868b7c02b277004b9478b221ae6ced68bb5f94f,PROMOTED,04_PV/01_Controlled_Documents/PLN/Draft/Superseded_Retired/GMG-PV-PLN-0005_v0.4_DRAFT_2026-07-25.docx,
GQMS domains 00-18,00_Governance/MAN/Draft/Superseded_Retired/GMG-QMS-MAN-0001_v1.15_DRAFT_2026-08-07.docx,0d297a8df0493af187d6b325529c8d9d92342c2dc86eb6c25ae40b5fa627a1d5,PROMOTED (v0.32 type addition),02_GQMS_Controlled_Repository/00_Group_Shared/00_Governance/01_Controlled_Documents/MAN/Draft/Superseded_Retired/GMG-QMS-MAN-0001_v1.15_DRAFT_2026-08-07.docx,
GQMS domains 00-18,04_PV/SOP/Superseded_Retired/GMG-PV-SOP-0015_v0.1_DRAFT_2026-07-16_SUPERSEDED.docx,0d3ec9e805be089e532b2f87e007ead8818c0a9f203eddd7f3bf6f404ac3265c,PROMOTED,04_PV/01_Controlled_Documents/SOP/Superseded/GMG-PV-SOP-0015_v0.1_DRAFT_2026-07-16_SUPERSEDED.docx,
GQMS domains 00-18,01_QMS/FRM/Draft/GMG-QMS-FRM-0025_v0.1_DRAFT_2026-07-18.xlsx,0d9912a3546bc38518240689a20eedfbc521fef4e58888715a7eac74eeb9b12f,PROMOTED,01_QMS/01_Controlled_Documents/FRM/Draft/GMG-QMS-FRM-0025_v0.1_DRAFT_2026-07-18.xlsx,
GQMS domains 00-18,04_PV/WIN/Draft/Superseded_Retired/GMG-PV-WIN-0005_v0.2_DRAFT_2026-07-16.docx,0e8bdf05f3ec6bcbb96be392e7bf7516483bb1d53285002ee4bdd66b2e610e24,PROMOTED,04_PV/01_Controlled_Documents/WIN/Draft/Superseded_Retired/GMG-PV-WIN-0005_v0.2_DRAFT_2026-07-16.docx,
GQMS domains 00-18,04_PV/PLN/Superseded_Retired/GMG-PV-PLN-0007_PV-System-Development-and-Implementation-Plan_v0.4_DRAFT_2026-08-01.docx,0f06529cefa3aed81c0309304cc36fb661dfce43c5ff041c10542a33b5274c3a,HELD,,LIFECYCLE UNDETERMINED — in Superseded_Retired with no status token | likely: Superseded — GMG-PV-PLN-0007 exists at higher version v0.8
GQMS domains 00-18,04_PV/PLN/Draft/Superseded_Retired/GMG-PV-Interim-Intake-Control-A53_v0.1_DRAFT_2026-08-03.docx,0f2510f5b194e98df22be1286ceada738a98b48e3e4b4cfe4738eecf513a832d,PROMOTED,04_PV/01_Controlled_Documents/PLN/Draft/Superseded_Retired/GMG-PV-Interim-Intake-Control-A53_v0.1_DRAFT_2026-08-03.docx,
GQMS domains 00-18,04_PV/AGR/Draft/GMG-PV-Authority-Notifications-A05_v0.1_DRAFT_2026-08-03.pdf,0f33b95136eb811668ba8a79117d08a7ff23a19735e89fe8514b5d1b8bcf66a0,PROMOTED,04_PV/01_Controlled_Documents/AGR/Draft/GMG-PV-Authority-Notifications-A05_v0.1_DRAFT_2026-08-03.pdf,
GQMS domains 00-18,01_QMS/FRM/Draft/GMG-QMS-FRM-0003_v1.0_DRAFT_2026-07-11.docx,0f6676012b64d514636bec094d2eee3bf929358a9a98c63bf625eead84049a43,PROMOTED,01_QMS/01_Controlled_Documents/FRM/Draft/GMG-QMS-FRM-0003_v1.0_DRAFT_2026-07-11.docx,
GQMS domains 00-18,04_PV/LOG/Superseded_Retired/GMG-PV-LOG-0001_v0.6_DRAFT_2026-07-21.xlsx,0fbdbf44517a6154cdabc20c2c88df6c02e101fa62537ca0e03b22644c4e1761,HELD,,LIFECYCLE UNDETERMINED — in Superseded_Retired with no status token | likely: Superseded — GMG-PV-LOG-0001 exists at higher version v0.9
GQMS domains 00-18,01_QMS/SOP/Superseded_Retired/GMG-QMS-SOP-0003_v0.12_DRAFT_2026-07-18.docx,1008d8dbf1815ab0c4df11f79948ebebf49ea1bb2e506ef8e5d84d7d7ce6d296,HELD,,LIFECYCLE UNDETERMINED — in Superseded_Retired with no status token | likely: Superseded — GMG-QMS-SOP-0003 exists at higher version v0.14
GQMS domains 00-18,08_CSV/Di10-PV_Validation_2024-12/PV & CRO SERVICE AGREEMENT.pdf,1103977c8eed22cfa7a944944b2d1978cb8bf60f1a50ad985349b300ee170bb3,HELD,,NO TARGET TYPE FOLDER — Di10-PV_Validation_2024-12 absent from v0.31 08_CSV type set
GQMS domains 00-18,04_PV/WIN/Draft/GMG-PV-WIN-0001_v0.4_DRAFT_2026-07-15.docx,113ad8d97d05295edc9b6466e0983acab6020de4317957e998f843a80710ab33,PROMOTED,04_PV/01_Controlled_Documents/WIN/Draft/GMG-PV-WIN-0001_v0.4_DRAFT_2026-07-15.docx,
GQMS domains 00-18,04_PV/PLN/Superseded_Retired/GMG-PV-PLN-0004_v0.5_DRAFT_2026-07-21.docx,1194df2bbed750c7d428a6f13af7a03c78022ad7a67873263303ffb1cb587c18,HELD,,LIFECYCLE UNDETERMINED — in Superseded_Retired with no status token | likely: Superseded — GMG-PV-PLN-0004 exists at higher version v0.8
GQMS domains 00-18,04_PV/PLN/Superseded_Retired/GMG-PV-PLN-0005_v0.3_DRAFT_2026-07-21.docx,11c3a86a66917ae3be452927997d09a5e60b82d7debb24306a5636554028a0fe,HELD,,LIFECYCLE UNDETERMINED — in Superseded_Retired with no status token | likely: Superseded — GMG-PV-PLN-0005 exists at higher version v0.8
GQMS domains 00-18,04_PV/WIN/Draft/GMG-PV-WIN-0005_v0.3_DRAFT_2026-07-16.docx,11eac03688eef8c7177acb1c855546baa701a25eee10fa1ace3f13c5ddbfdf32,PROMOTED,04_PV/01_Controlled_Documents/WIN/Draft/GMG-PV-WIN-0005_v0.3_DRAFT_2026-07-16.docx,
GQMS domains 00-18,10_RND/SOP/Draft/GMG-RND-SOP-0001_v0.4_DRAFT_2026-07-11.docx,125396edd5ac32d1c3cf16e7f6c20263fc1c7758ce14877f8614f907d27c4bce,PROMOTED,10_RND/01_Controlled_Documents/SOP/Draft/GMG-RND-SOP-0001_v0.4_DRAFT_2026-07-11.docx,
GQMS domains 00-18,02_GMP/TPL/Draft/GMG-GMP-TPL-0001_v1.0_DRAFT_2026-07-11.docx,12c598df52079fc5334d837831bc232393435daf9f4dafdd1d4fa18ac692f1d2,PROMOTED,02_GMP/01_Controlled_Documents/TPL/Draft/GMG-GMP-TPL-0001_v1.0_DRAFT_2026-07-11.docx,
GQMS domains 00-18,04_PV/PLN/Draft/GMG-PV-PLN-0007-A_PV-Development-Action-Tracker_v0.4_DRAFT_2026-08-07.xlsx,14693630b86fd5aaf3a88febe40bbcf40d09b03572baf17307ee987981e084c9,PROMOTED,04_PV/01_Controlled_Documents/PLN/Draft/GMG-PV-PLN-0007-A_PV-Development-Action-Tracker_v0.4_DRAFT_2026-08-07.xlsx,
GQMS domains 00-18,04_PV/SOP/Draft/GMG-PV-SOP-0002_v0.9_DRAFT_2026-08-07.docx,14d8bcc993f5db4db1f0f25b52ffdeb1972ad65cf91fc0c0748ce82ca3510d80,PROMOTED,04_PV/01_Controlled_Documents/SOP/Draft/GMG-PV-SOP-0002_v0.9_DRAFT_2026-08-07.docx,
GQMS domains 00-18,04_PV/SOP/Draft/Superseded_Retired/GMG-PV-SOP-0006_v0.8_DRAFT_2026-08-07.docx,15feb9c1d3fe968d6d1ae5492b52f0b960eb948bb7c061cde2ce29286a9f0109,PROMOTED,04_PV/01_Controlled_Documents/SOP/Draft/Superseded_Retired/GMG-PV-SOP-0006_v0.8_DRAFT_2026-08-07.docx,
GQMS domains 00-18,04_PV/PLN/Draft/Superseded_Retired/GMG-PV-PLN-0005_v0.6_DRAFT_2026-08-07.docx,161041ba3df265cf16e5b14c869ef60dc2f23b1f4eda1a7453d2da7d4ff3f0cb,PROMOTED,04_PV/01_Controlled_Documents/PLN/Draft/Superseded_Retired/GMG-PV-PLN-0005_v0.6_DRAFT_2026-08-07.docx,
GQMS domains 00-18,04_PV/SOP/Draft/Superseded_Retired/GMG-PV-SOP-0017_v0.2_DRAFT_2026-07-16.docx,16401c68127d736286a08eee5519c99be58b3d98244ca784e48466d6a73e2dd3,PROMOTED,04_PV/01_Controlled_Documents/SOP/Draft/Superseded_Retired/GMG-PV-SOP-0017_v0.2_DRAFT_2026-07-16.docx,
GQMS domains 00-18,04_PV/MAN/Superseded_Retired/GMG-PV-MAN-0002_v0.4_DRAFT_2026-07-18.docx,16459d0427f831f5179e7c0b9f0763e04943315ef8d10899917f9959efe2b116,HELD,,NO TARGET TYPE FOLDER — MAN absent from v0.31 04_PV type set
GQMS domains 00-18,04_PV/AGR/Effective/Executed_SDEAs/GMG-PV-SDEA-UA-Otipharm_executed.pdf,16fab1d8eb74cfc5c5fae36dc7fdfbc9d7168086c7f06fca2b60e340cb8bd1b1,PROMOTED,04_PV/01_Controlled_Documents/AGR/Effective/Executed_SDEAs/GMG-PV-SDEA-UA-Otipharm_executed.pdf,
GQMS domains 00-18,06_NUT/TPL/Draft/GMG-NUT-TPL-0002_v0.1_DRAFT_2026-08-01.docx,1761bc523121de02788b72d369dbd23b3ab3fd7e084a066f988dbc9d0f3a4417,PROMOTED,06_NUT/01_Controlled_Documents/TPL/Draft/GMG-NUT-TPL-0002_v0.1_DRAFT_2026-08-01.docx,
GQMS domains 00-18,01_QMS/SOP/Draft/GMG-QMS-SOP-0010_v0.7_DRAFT_2026-07-21.docx,17e4c6bd204780671156c87bd082a4a1cbb08f7524b1bd02b72c1c2d478c25da,PROMOTED,01_QMS/01_Controlled_Documents/SOP/Draft/GMG-QMS-SOP-0010_v0.7_DRAFT_2026-07-21.docx,
GQMS domains 00-18,04_PV/SOP/Draft/Superseded_Retired/GMG-PV-SOP-0013_v0.5_DRAFT_2026-08-05.docx,1898a60b140d33b32c135d02af1041c65373a2749ecfe5a803b20fcf83f18d2d,PROMOTED,04_PV/01_Controlled_Documents/SOP/Draft/Superseded_Retired/GMG-PV-SOP-0013_v0.5_DRAFT_2026-08-05.docx,
GQMS domains 00-18,04_PV/SOP/Superseded_Retired/GMG-PV-SOP-0017_v0.1_DRAFT_2026-07-16_SUPERSEDED.docx,18b303e7e8f4bc25eccf77905bfa2042372949ad44eab1bcba376057c810dde9,PROMOTED,04_PV/01_Controlled_Documents/SOP/Superseded/GMG-PV-SOP-0017_v0.1_DRAFT_2026-07-16_SUPERSEDED.docx,
GQMS domains 00-18,04_PV/RSK/Superseded_Retired/GMG-PV-RSK-0001_v0.1_DRAFT_2026-07-14_SUPERSEDED.docx,18e01c0d63310c7c87532ecd8021fbe335a9d42c285c0e0d9525e688a726168f,PROMOTED (v0.32 type addition),02_GQMS_Controlled_Repository/00_Group_Shared/04_PV/01_Controlled_Documents/RSK/Superseded/GMG-PV-RSK-0001_v0.1_DRAFT_2026-07-14_SUPERSEDED.docx,
GQMS domains 00-18,04_PV/AGR/Superseded_Retired/GMG-PV-AGR-0004_v0.2_DRAFT_2026-07-21.docx,194aec816daf738b8d8475664c976d5e6289cc2be736cbf85e99e360bf4f6d2c,HELD,,LIFECYCLE UNDETERMINED — in Superseded_Retired with no status token | likely: Superseded — GMG-PV-AGR-0004 exists at higher version v0.3
GQMS domains 00-18,04_PV/MTX/Draft/Superseded_Retired/GMG-PV-MTX-0007_v0.2_DRAFT_2026-07-25.xlsx,19d5385ed88d67b89e12b0adac06fd2423b8a1a74d76cf2180b9d31b28f925c5,PROMOTED,04_PV/01_Controlled_Documents/MTX/Draft/Superseded_Retired/GMG-PV-MTX-0007_v0.2_DRAFT_2026-07-25.xlsx,
GQMS domains 00-18,04_PV/SOP/Draft/Superseded_Retired/GMG-PV-SOP-0007_v0.4_DRAFT_2026-08-05.docx,19fc9f28693e9ea41aa142baadccff6086638056d0a93dc91de3dac264c33a98,PROMOTED,04_PV/01_Controlled_Documents/SOP/Draft/Superseded_Retired/GMG-PV-SOP-0007_v0.4_DRAFT_2026-08-05.docx,
GQMS domains 00-18,01_QMS/SOP/Draft/GMG-QMS-SOP-0008_v0.5_DRAFT_2026-07-21.docx,1a773b960a945f292a61b6c94f6a6330af5f7ed3673267825216d7db8d6d85b5,PROMOTED,01_QMS/01_Controlled_Documents/SOP/Draft/GMG-QMS-SOP-0008_v0.5_DRAFT_2026-07-21.docx,
GQMS domains 00-18,04_PV/MAN/Superseded_Retired/GMG-PV-MAN-0002_v0.11_DRAFT_2026-07-25.docx,1a8be349b8f90e06ba6eef2e5f6cc0f45ef4403c46912d88914e2450f7a4fd69,HELD,,NO TARGET TYPE FOLDER — MAN absent from v0.31 04_PV type set
GQMS domains 00-18,01_QMS/SOP/Draft/GMG-QMS-SOP-0003_v0.14_DRAFT_2026-07-18.docx,1adfe577fff9a9f07237849f76bb36faac99104370add9ed233915b6c1980b77,PROMOTED,01_QMS/01_Controlled_Documents/SOP/Draft/GMG-QMS-SOP-0003_v0.14_DRAFT_2026-07-18.docx,
GQMS domains 00-18,04_PV/LOG/Draft/Superseded_Retired/GMG-PV-LOG-0007_v0.1_DRAFT_2026-08-08.xlsx,1afd6d422d4f791234cbf2582b03c8f3ad0022903f38ae0f8a8fd61044165d70,PROMOTED,04_PV/01_Controlled_Documents/LOG/Draft/Superseded_Retired/GMG-PV-LOG-0007_v0.1_DRAFT_2026-08-08.xlsx,
GQMS domains 00-18,04_PV/SOP/Draft/Superseded_Retired/GMG-PV-SOP-0023_v0.4_DRAFT_2026-08-05.docx,1bb3c43e8b601d2e29e08058b5465b69db2ba67ab43c73ae91576a003e67e07a,PROMOTED,04_PV/01_Controlled_Documents/SOP/Draft/Superseded_Retired/GMG-PV-SOP-0023_v0.4_DRAFT_2026-08-05.docx,
GQMS domains 00-18,04_PV/MTX/Superseded_Retired/GMG-PV-MTX-0002_v0.3_DRAFT_2026-07-21.xlsx,1c3dbf9a277a1d1be23b31535b0935135c2d7f318ccd2293085ebda7f13444f2,HELD,,LIFECYCLE UNDETERMINED — in Superseded_Retired with no status token | likely: Superseded — GMG-PV-MTX-0002 exists at higher version v0.8
GQMS domains 00-18,06_NUT/TPL/Draft/GMG-NUT-TPL-0001_v0.1_DRAFT_2026-08-01.docx,1c3e76fc33feca9cc7c56f63de68a67e983ef11c43e8f8c6f62fc1702f786bec,PROMOTED,06_NUT/01_Controlled_Documents/TPL/Draft/GMG-NUT-TPL-0001_v0.1_DRAFT_2026-08-01.docx,
GQMS domains 00-18,04_PV/MAN/Superseded_Retired/GMG-PV-MAN-0002_v0.16_DRAFT_2026-08-01.docx,1c3eba763a77d2139a850754ff5f77377b26dbf3bf254fa9eb5be0ba8fe8a930,HELD,,NO TARGET TYPE FOLDER — MAN absent from v0.31 04_PV type set
GQMS domains 00-18,04_PV/PLN/Draft/Superseded_Retired/GMG-PV-PLN-0005_v0.5_DRAFT_2026-08-05.docx,1c5ee95d15dd95f76dc0c9059ff10f3a1e65d36c5f7ef5117019de32be6b27d2,PROMOTED,04_PV/01_Controlled_Documents/PLN/Draft/Superseded_Retired/GMG-PV-PLN-0005_v0.5_DRAFT_2026-08-05.docx,
GQMS domains 00-18,04_PV/RSK/Superseded_Retired/GMG-PV-RSK-0001_v0.3_DRAFT_2026-07-18.docx,1c8b9291f24be6a1338c1cb5bf87e0e56480650aa04f40a20329fd1d56c78262,HELD,,NO TARGET TYPE FOLDER — RSK absent from v0.31 04_PV type set
GQMS domains 00-18,04_PV/MAN/Draft/Superseded_Retired/GMG-PV-MAN-0001_v0.23_DRAFT_2026-08-07.docx,1caf69f9407c4d081153ff276e804e7058f473e13808e331ced0fb666c338a8a,PROMOTED (v0.32 type addition),02_GQMS_Controlled_Repository/00_Group_Shared/04_PV/01_Controlled_Documents/MAN/Draft/Superseded_Retired/GMG-PV-MAN-0001_v0.23_DRAFT_2026-08-07.docx,
GQMS domains 00-18,04_PV/RSK/Draft/GMG-PV-Risk-Acceptance-KZ-Local-Role_v0.1_DRAFT_2026-08-08.docx,1d6958bf67bf033b62f36f4161737f215754c6585468422add6766521b098c04,PROMOTED (v0.32 type addition),02_GQMS_Controlled_Repository/00_Group_Shared/04_PV/01_Controlled_Documents/RSK/Draft/GMG-PV-Risk-Acceptance-KZ-Local-Role_v0.1_DRAFT_2026-08-08.docx,
GQMS domains 00-18,04_PV/PLN/Draft/GMG-PV-Audit-Notification-Letter-ELM_v0.2_DRAFT_2026-08-01.docx,1d7c49deff8fdb38202e1c6f5715dbb04de639259de407e01273a400d164f3fd,PROMOTED,04_PV/01_Controlled_Documents/PLN/Draft/GMG-PV-Audit-Notification-Letter-ELM_v0.2_DRAFT_2026-08-01.docx,
GQMS domains 00-18,04_PV/SOP/Draft/Superseded_Retired/GMG-PV-SOP-0023_v0.5_DRAFT_2026-08-07.docx,1d830e3df86622438f647c857120d8ac35735cb2292a9707eea56f6a35f9772e,PROMOTED,04_PV/01_Controlled_Documents/SOP/Draft/Superseded_Retired/GMG-PV-SOP-0023_v0.5_DRAFT_2026-08-07.docx,
GQMS domains 00-18,04_PV/MAN/Superseded_Retired/GMG-PV-MAN-0001_v0.11-parallel_DRAFT_2026-07-21_SUPERSEDED-BY-v0.13.docx,1e307ec7ba32a6eadcfa6de1917ae87016f2737a532dcd527159991b276cb23d,PROMOTED (v0.32 type addition),02_GQMS_Controlled_Repository/00_Group_Shared/04_PV/01_Controlled_Documents/MAN/Superseded/GMG-PV-MAN-0001_v0.11-parallel_DRAFT_2026-07-21_SUPERSEDED-BY-v0.13.docx,
GQMS domains 00-18,04_PV/PLN/Draft/GMG-PV-PLN-0006_v0.1_DRAFT_2026-07-16.xlsx,1e42479063a8cd5625f12c91b67db4b21dc3b32796f44f8bbd66aea183ab776c,PROMOTED,04_PV/01_Controlled_Documents/PLN/Draft/GMG-PV-PLN-0006_v0.1_DRAFT_2026-07-16.xlsx,
GQMS domains 00-18,01_QMS/STD/Superseded_Retired/GMG-QMS-STD-0001_v0.7_DRAFT_2026-07-16_SUPERSEDED.docx,1e68649dc82acc4bacc3205ba98988b9bb7ef5559217cbe84a907de6b7e08a25,PROMOTED,01_QMS/01_Controlled_Documents/STD/Superseded/GMG-QMS-STD-0001_v0.7_DRAFT_2026-07-16_SUPERSEDED.docx,
GQMS domains 00-18,04_PV/CHK/Superseded_Retired/GMG-PV-CHK-0006_ELM-Supplier-Audit-Checklist_v0.1_DRAFT_2026-08-01.xlsx,1ebbed086350f4f5dbfc4ba18001a36325d09027c9cff532e77c5c10ad542ac3,HELD,,LIFECYCLE UNDETERMINED — in Superseded_Retired with no status token | likely: Superseded — GMG-PV-CHK-0006 exists at higher version v0.2
GQMS domains 00-18,04_PV/TPL/Draft/GMG-PV-TPL-0002_v1.3_DRAFT_2026-07-14.docx,1efa7c1f0bccba8c2dbfed0b51fb9ce3fdd33542242424017adc908b99ff6d6e,PROMOTED,04_PV/01_Controlled_Documents/TPL/Draft/GMG-PV-TPL-0002_v1.3_DRAFT_2026-07-14.docx,
GQMS domains 00-18,04_PV/LST/Superseded_Retired/GMG-PV-LST-0003_v0.4_DRAFT_2026-07-27.xlsx,1ff85613b8661228a3d10deb5b568d0a98b2e564770615e4eac4d4feac7e25f5,HELD,,NO TARGET TYPE FOLDER — LST absent from v0.31 04_PV type set
GQMS domains 00-18,00_Governance/MAN/Draft/Superseded_Retired/GMG-QMS-MAN-0001_v1.14_DRAFT_2026-08-03.docx,213e8d2b20d66a703c6ae9c3898daaa52e80ed987bfda6d9f608f41f019dd7c5,PROMOTED (v0.32 type addition),02_GQMS_Controlled_Repository/00_Group_Shared/00_Governance/01_Controlled_Documents/MAN/Draft/Superseded_Retired/GMG-QMS-MAN-0001_v1.14_DRAFT_2026-08-03.docx,
GQMS domains 00-18,04_PV/SOP/Draft/Superseded_Retired/GMG-PV-SOP-0022_v0.4_DRAFT_2026-08-07.docx,217f94d1768e1931031b73ec2209975f8cba9215595ba24097a344c7ea549107,PROMOTED,04_PV/01_Controlled_Documents/SOP/Draft/Superseded_Retired/GMG-PV-SOP-0022_v0.4_DRAFT_2026-08-07.docx,
GQMS domains 00-18,04_PV/SOP/Superseded_Retired/GMG-PV-SOP-0004_v0.4_DRAFT_2026-07-16.docx,21d9a733737f5f5d8fde43f05d671b1631cb24660e8ecbe05b60dcb8f67ab955,HELD,,LIFECYCLE UNDETERMINED — in Superseded_Retired with no status token | likely: Superseded — GMG-PV-SOP-0004 exists at higher version v0.14
GQMS domains 00-18,04_PV/SOP/Draft/Superseded_Retired/GMG-PV-SOP-0001_v0.12_DRAFT_2026-08-07.docx,22ab44841903e75157e96be230a07f404a0cd86e321e0b221570aca70497c7ca,PROMOTED,04_PV/01_Controlled_Documents/SOP/Draft/Superseded_Retired/GMG-PV-SOP-0001_v0.12_DRAFT_2026-08-07.docx,
GQMS domains 00-18,04_PV/AGR/Superseded_Retired/GMG-PV-AGR-0004_v0.1_DRAFT_2026-07-16.docx,2301129490f5fc7223cd7b268d4d68b88235768924497f94e9cef203536dae7d,HELD,,LIFECYCLE UNDETERMINED — in Superseded_Retired with no status token | likely: Superseded — GMG-PV-AGR-0004 exists at higher version v0.3
GQMS domains 00-18,04_PV/WIN/Superseded_Retired/GMG-PVG-WIN-0004_v0.1_DRAFT_2026-07-14.docx,23068d441e858ce371707915354ffd20112ed0f04e3d9d23dcff8ab706d4ee8b,HELD,,LIFECYCLE UNDETERMINED — in Superseded_Retired with no status token | likely: UNRESOLVED — No higher version found
GQMS domains 00-18,01_QMS/STD/Superseded_Retired/GMG-QMS-STD-0001_v0.10_DRAFT_2026-07-18_SUPERSEDED.docx,23425310c9b35ed9d4efe2eee2c5010174e27fb208b7aaadf45579777ba21c25,PROMOTED,01_QMS/01_Controlled_Documents/STD/Superseded/GMG-QMS-STD-0001_v0.10_DRAFT_2026-07-18_SUPERSEDED.docx,
GQMS domains 00-18,04_PV/LOG/Superseded_Retired/GMG-PV-LST-0001_v0.7_DRAFT_2026-07-21.xlsx,23b8c4de6f0e789346c8bd998d830d5724993f948f41293efb04c867e89ce32a,HELD,,LIFECYCLE UNDETERMINED — in Superseded_Retired with no status token | likely: Superseded — GMG-PV-LST-0001 exists at higher version v0.10
GQMS domains 00-18,04_PV/SOP/Draft/Superseded_Retired/GMG-PV-SOP-0015_v0.6_DRAFT_2026-08-07.docx,24277d9e06cb16b3528278c7cf43364d410bb5e2043d31f4fb51d12e4c1aec0b,PROMOTED,04_PV/01_Controlled_Documents/SOP/Draft/Superseded_Retired/GMG-PV-SOP-0015_v0.6_DRAFT_2026-08-07.docx,
GQMS domains 00-18,04_PV/CHK/Draft/Superseded_Retired/GMG-PV-CHK-0004_v0.2_DRAFT_2026-07-25.docx,252caaaad7111b32fe2eff57e90c60d5ea15868c64b4001dbf116448c1369ec6,PROMOTED,04_PV/01_Controlled_Documents/CHK/Draft/Superseded_Retired/GMG-PV-CHK-0004_v0.2_DRAFT_2026-07-25.docx,
GQMS domains 00-18,04_PV/SOP/Draft/Superseded_Retired/GMG-PV-SOP-0002_v0.8_DRAFT_2026-08-07.docx,25378f41f6f87766fcfd1a616edc01f2c5544ea873ef7ee0a93d7033d169e794,PROMOTED,04_PV/01_Controlled_Documents/SOP/Draft/Superseded_Retired/GMG-PV-SOP-0002_v0.8_DRAFT_2026-08-07.docx,
GQMS domains 00-18,04_PV/AGR/Draft/GMG-PV-Information-Request-Miquel-y-Garriga_v0.1_DRAFT_2026-08-03.pdf,25637e1cc216e792438135ced50bf15600081bedfa1e5d4aac0cf3723cdd4871,PROMOTED,04_PV/01_Controlled_Documents/AGR/Draft/GMG-PV-Information-Request-Miquel-y-Garriga_v0.1_DRAFT_2026-08-03.pdf,
GQMS domains 00-18,04_PV/SOP/Draft/Superseded_Retired/GMG-PV-SOP-0017_v0.5_DRAFT_2026-08-07.docx,25adc0b1789dc51306651aaad1de4c22f5c5a0441d03714a6e0541b63fa8028f,PROMOTED,04_PV/01_Controlled_Documents/SOP/Draft/Superseded_Retired/GMG-PV-SOP-0017_v0.5_DRAFT_2026-08-07.docx,
GQMS domains 00-18,04_PV/SOP/Draft/Superseded_Retired/GMG-PV-SOP-0020_v0.3_DRAFT_2026-08-05.docx,26d1e948ad4909b833bfc4d7298c816db60d467f38925069d06a8323e119336e,PROMOTED,04_PV/01_Controlled_Documents/SOP/Draft/Superseded_Retired/GMG-PV-SOP-0020_v0.3_DRAFT_2026-08-05.docx,
GQMS domains 00-18,01_QMS/FRM/Draft/GMG-QMS-FRM-0004_v1.0_DRAFT_2026-07-11.docx,2762755794f6736bba58f0133023b79ab0e5b89f8f3d8483e1608a77de09e746,PROMOTED,01_QMS/01_Controlled_Documents/FRM/Draft/GMG-QMS-FRM-0004_v1.0_DRAFT_2026-07-11.docx,
GQMS domains 00-18,01_QMS/FRM/Draft/GMG-QMS-FRM-0035_v0.1_DRAFT_2026-07-18.xlsx,278e26ae32bbbdf5668946023c5a2a29c629815c4aabb59fa3d411bb04c80b3d,PROMOTED,01_QMS/01_Controlled_Documents/FRM/Draft/GMG-QMS-FRM-0035_v0.1_DRAFT_2026-07-18.xlsx,
GQMS domains 00-18,04_PV/MAN/Annex/Superseded_Retired/GMG-PV-MAN-0002-I_v0.2_DRAFT_2026-08-01.xlsx,28ef792cb8e84e1ee1b3ccc569fbda6b12d7b51d2ea8b21829b8f841719cf203,HELD,,NO TARGET TYPE FOLDER — MAN absent from v0.31 04_PV type set
GQMS domains 00-18,04_PV/SOP/Draft/Superseded_Retired/GMG-PV-SOP-0018_v0.3_DRAFT_2026-08-05.docx,28fc12f9d651a67ce1c477b2bed31289c216bf9ad320dfb5a644b63d4f666ef6,PROMOTED,04_PV/01_Controlled_Documents/SOP/Draft/Superseded_Retired/GMG-PV-SOP-0018_v0.3_DRAFT_2026-08-05.docx,
GQMS domains 00-18,04_PV/CHK/Superseded_Retired/GMG-PVG-CHK-0001_v0.5_SUPERSEDED_2026-07-14.xlsx,291ec82f83ebb30b0831a2faf564013f5d648726289b9e4d220347ad7a076882,PROMOTED,04_PV/01_Controlled_Documents/CHK/Superseded/GMG-PVG-CHK-0001_v0.5_SUPERSEDED_2026-07-14.xlsx,
GQMS domains 00-18,04_PV/LOG/Superseded_Retired/GMG-PV-LOG-0003_v0.1_DRAFT_2026-07-16.xlsx,2a9a23bd767cd4d634d36de6d338f83d644a6b8a4abb0c2045e4aa9371675648,HELD,,LIFECYCLE UNDETERMINED — in Superseded_Retired with no status token | likely: Superseded — GMG-PV-LOG-0003 exists at higher version v0.2
GQMS domains 00-18,04_PV/MAN/Superseded_Retired/GMG-PV-MAN-0001-H_v0.1_DRAFT_2026-07-15.xlsx,2aea41d49a5d92eba8c6c75b8092c5121c0d6abc5927ae4ec0fd72fc5e75d9c8,HELD,,NO TARGET TYPE FOLDER — MAN absent from v0.31 04_PV type set
GQMS domains 00-18,04_PV/LOG/Draft/Superseded_Retired/GMG-PV-LOGB-0001_v0.1_DRAFT_2026-07-16.xlsx,2af63459e75b6acd9642ec76a4010dbc3b0dcd62eadac8fccc76f8922522839b,PROMOTED,04_PV/01_Controlled_Documents/LOG/Draft/Superseded_Retired/GMG-PV-LOGB-0001_v0.1_DRAFT_2026-07-16.xlsx,
GQMS domains 00-18,04_PV/LOG/Draft/Superseded_Retired/GMG-PV-Consolidated-Deviation-Register_v0.7_DRAFT_2026-08-07.xlsx,2bd8c56bfe2261ed6f57c744670f24ecc14fcf8599ad7a7c5c86abc205ed3638,PROMOTED,04_PV/01_Controlled_Documents/LOG/Draft/Superseded_Retired/GMG-PV-Consolidated-Deviation-Register_v0.7_DRAFT_2026-08-07.xlsx,
GQMS domains 00-18,04_PV/MTX/Superseded_Retired/GMG-PV-MTX-0006_v0.3_DRAFT_2026-07-25.xlsx,2c0ac3aaa722e208802899c2343ee2f4419acd8928e6e512a527f35ce496a04d,HELD,,LIFECYCLE UNDETERMINED — in Superseded_Retired with no status token | likely: Superseded — GMG-PV-MTX-0006 exists at higher version v0.5
GQMS domains 00-18,04_PV/LST/Superseded_Retired/GMG-PV-LST-0002_v0.1_DRAFT_2026-07-16.xlsx,2cc34866a62b1b2800a6d2b0b647ff3702912bd77e2c6b89bb211e0b13b9ee34,HELD,,NO TARGET TYPE FOLDER — LST absent from v0.31 04_PV type set
GQMS domains 00-18,04_PV/MAN/Annex/Superseded_Retired/GMG-PV-MAN-0002-H_v0.3_DRAFT_2026-07-21.xlsx,2d047963d221cd87db0005c1246d857bab819da6cabdd14c38a4b2ebcabcbaae,HELD,,NO TARGET TYPE FOLDER — MAN absent from v0.31 04_PV type set
GQMS domains 00-18,04_PV/MAN/Draft/Superseded_Retired/GMG-PV-MAN-0001_v0.22_DRAFT_2026-08-07.docx,2d14c2650372a4969ce99f4096c371456f8d633fb7598311ec3ded114b217f97,PROMOTED (v0.32 type addition),02_GQMS_Controlled_Repository/00_Group_Shared/04_PV/01_Controlled_Documents/MAN/Draft/Superseded_Retired/GMG-PV-MAN-0001_v0.22_DRAFT_2026-08-07.docx,
GQMS domains 00-18,04_PV/PLN/Superseded_Retired/GMG-PV-PLN-0004_v0.3_DRAFT_2026-07-16.docx,2d5682d624ca21dc1ab8872e340c5b57f81c78e059616a112898f9bb34087f39,HELD,,LIFECYCLE UNDETERMINED — in Superseded_Retired with no status token | likely: Superseded — GMG-PV-PLN-0004 exists at higher version v0.8
GQMS domains 00-18,04_PV/LOG/Draft/GMG-PV-LOG-0006_v0.2_DRAFT_2026-07-16.xlsx,2d7552ba37882262bbad2bfbb41884c060560b03db7394f610f79c1d7ed5813e,PROMOTED,04_PV/01_Controlled_Documents/LOG/Draft/GMG-PV-LOG-0006_v0.2_DRAFT_2026-07-16.xlsx,
GQMS domains 00-18,04_PV/FRM/Superseded_Retired/GMG-PVG-FRM-0005-BATCH-01_v0.1_DRAFT_2026-07-14.docx,2d8dd496d80dc73dde3d52f4dab7cfc29d236a02712fa3cf8cfca972c06f35f7,HELD,,LIFECYCLE UNDETERMINED — in Superseded_Retired with no status token | likely: UNRESOLVED — No higher version found
GQMS domains 00-18,04_PV/MAN/Annex/Superseded_Retired/GMG-PV-MAN-0001-H_v0.6_DRAFT_2026-08-07.xlsx,2d91b29889f99e4818fbcf1a35ea03415194c0e4e68e00c1c0cbb619740b71a7,HELD,,NO TARGET TYPE FOLDER — MAN absent from v0.31 04_PV type set
GQMS domains 00-18,04_PV/FRM/Superseded_Retired/GMG-PV-FRM-0010-AG_Mandate-GMG-AG_v0.1_DRAFT_2026-08-03.docx,2de7739c79f5589637183d6300e3ac5c3c829dd2695c9ab13982051aa96c9b19,HELD,,LIFECYCLE UNDETERMINED — in Superseded_Retired with no status token | likely: Superseded — GMG-PV-FRM-0010 exists at higher version v0.4
GQMS domains 00-18,04_PV/AGR/Draft/GMG-PV-Counsel-Instruction-Note_v0.1_DRAFT_2026-08-03.docx,2e2c6d4d5418723b44fcb064090e8e4b25c3bb96ffd8e73a1a63b7e8a16c3748,PROMOTED,04_PV/01_Controlled_Documents/AGR/Draft/GMG-PV-Counsel-Instruction-Note_v0.1_DRAFT_2026-08-03.docx,
GQMS domains 00-18,04_PV/SOP/Superseded_Retired/GMG-PV-SOP-0018_v0.1_DRAFT_2026-07-16_SUPERSEDED.docx,2e2f3f539c0dc7fd0f63bd0a1036c9f61d351c02960583bde2e034ed64eee753,PROMOTED,04_PV/01_Controlled_Documents/SOP/Superseded/GMG-PV-SOP-0018_v0.1_DRAFT_2026-07-16_SUPERSEDED.docx,
GQMS domains 00-18,04_PV/MTX/Draft/Superseded_Retired/GMG-PV-MTX-0003_v0.2_DRAFT_2026-07-14.docx,2e956a3275f98bbe13838416d3edc46328284f6a5b99f7473a20551efc22e8f3,PROMOTED,04_PV/01_Controlled_Documents/MTX/Draft/Superseded_Retired/GMG-PV-MTX-0003_v0.2_DRAFT_2026-07-14.docx,
GQMS domains 00-18,04_PV/AGR/Draft/GMG-PV-Information-Request-Diten_v0.1_DRAFT_2026-08-03.pdf,2efb46d1bedc0a2e04fafe4c5eb803736fbcba7cae607942af1dae5c91d22647,PROMOTED,04_PV/01_Controlled_Documents/AGR/Draft/GMG-PV-Information-Request-Diten_v0.1_DRAFT_2026-08-03.pdf,
GQMS domains 00-18,04_PV/LOG/Superseded_Retired/GMG-PV-LOG-0004_v0.1_DRAFT_2026-07-16.xlsx,2f42f907fe0a665ada3bdb496a5fa50e5301f828cb4a9a74cc3c6c004187774d,HELD,,LIFECYCLE UNDETERMINED — in Superseded_Retired with no status token | likely: Superseded — GMG-PV-LOG-0004 exists at higher version v0.4
GQMS domains 00-18,04_PV/MAN/Annex/Superseded_Retired/GMG-PV-MAN-0002-B_v0.4_DRAFT_2026-08-03.docx,2f7341ee095ccdc66e31681b1179332b0393ce2f5a15e6fa4e245d328b947df1,HELD,,NO TARGET TYPE FOLDER — MAN absent from v0.31 04_PV type set
GQMS domains 00-18,01_QMS/FRM/Draft/GMG-QMS-FRM-0032_v0.1_DRAFT_2026-07-18.xlsx,2fb2fd03a2b3bfaf3a712b29d9e0ed03eaa70cd949dd9f5ec03f5f47592ca675,PROMOTED,01_QMS/01_Controlled_Documents/FRM/Draft/GMG-QMS-FRM-0032_v0.1_DRAFT_2026-07-18.xlsx,
GQMS domains 00-18,04_PV/SOP/Draft/GMG-PV-SOP-0005_v0.9_DRAFT_2026-08-07.docx,309e7374d30a6b1c8c844f5ec5d0ac146fb930ac1812c66f88960da2a33495af,PROMOTED,04_PV/01_Controlled_Documents/SOP/Draft/GMG-PV-SOP-0005_v0.9_DRAFT_2026-08-07.docx,
GQMS domains 00-18,04_PV/PLN/Superseded_Retired/GMG-PV-PLN-0004_v0.2_DRAFT_2026-07-14_SUPERSEDED.docx,30c5e99efde58e0915f2c7279644fbd0050c15b51724f1df890325743dbe82b4,PROMOTED,04_PV/01_Controlled_Documents/PLN/Superseded/GMG-PV-PLN-0004_v0.2_DRAFT_2026-07-14_SUPERSEDED.docx,
GQMS domains 00-18,08_CSV/Di10-PV_Validation_2024-12/27001_1 (1).pdf,3174094b5b82dcd886ab91b7daaecb402102f8ac5bbe70d3afe08ff9ab00e968,HELD,,NO TARGET TYPE FOLDER — Di10-PV_Validation_2024-12 absent from v0.31 08_CSV type set
GQMS domains 00-18,04_PV/MAN/Draft/Superseded_Retired/GMG-PV-MAN-0001_v0.24_DRAFT_2026-08-07.docx,3177b1008a3ead5570ba0a5997359cbcaea7743e5e6293db39fae5aa15f59a95,PROMOTED (v0.32 type addition),02_GQMS_Controlled_Repository/00_Group_Shared/04_PV/01_Controlled_Documents/MAN/Draft/Superseded_Retired/GMG-PV-MAN-0001_v0.24_DRAFT_2026-08-07.docx,
GQMS domains 00-18,01_QMS/PLN/Draft/Superseded_Retired/GMG-QMS-PLN-0007_v0.3_DRAFT_2026-07-16.docx,3178683a5ec01796398db50f9a9d111e4b7b1dff7ab4c0a86e8465a07254953a,PROMOTED,01_QMS/01_Controlled_Documents/PLN/Draft/Superseded_Retired/GMG-QMS-PLN-0007_v0.3_DRAFT_2026-07-16.docx,
GQMS domains 00-18,01_QMS/FRM/Draft/GMG-QMS-FRM-0016_v1.0_DRAFT_2026-07-11.docx,31984788b68fc1ac84c2ba055f853ec4e0c471adb928fdb3da8234cd07881510,PROMOTED,01_QMS/01_Controlled_Documents/FRM/Draft/GMG-QMS-FRM-0016_v1.0_DRAFT_2026-07-11.docx,
GQMS domains 00-18,04_PV/SOP/Superseded_Retired/GMG-PV-SOP-0004_v0.5_DRAFT_2026-07-25.docx,31e93c174094a39cc56f487130c725df28dc0d35a0828243f63ec24fee34dc3c,HELD,,LIFECYCLE UNDETERMINED — in Superseded_Retired with no status token | likely: Superseded — GMG-PV-SOP-0004 exists at higher version v0.14
GQMS domains 00-18,04_PV/MTX/Draft/Superseded_Retired/GMG-PV-MTX-0002_v0.5_DRAFT_2026-08-01.xlsx,33068cc7e52caced66de17c738b2ffb241147ee232babb8c27017e9b2a8cca37,PROMOTED,04_PV/01_Controlled_Documents/MTX/Draft/Superseded_Retired/GMG-PV-MTX-0002_v0.5_DRAFT_2026-08-01.xlsx,
GQMS domains 00-18,04_PV/LOG/Draft/GMG-PV-LST-0001_v0.10_DRAFT_2026-08-01.xlsx,334abd7b533e071443d6b2712de77b40db374cb0b9c4427c22677fe71b39cf1c,PROMOTED,04_PV/01_Controlled_Documents/LOG/Draft/GMG-PV-LST-0001_v0.10_DRAFT_2026-08-01.xlsx,
GQMS domains 00-18,04_PV/LOG/Draft/GMG-PV-Consolidated-Deviation-Register_v0.19_DRAFT_2026-08-08.xlsx,33cb5ca23d974055ff9d539d3cb1fd10318be195308c1faab556e43227e1f477,PROMOTED,04_PV/01_Controlled_Documents/LOG/Draft/GMG-PV-Consolidated-Deviation-Register_v0.19_DRAFT_2026-08-08.xlsx,
GQMS domains 00-18,04_PV/SOP/Draft/Superseded_Retired/GMG-PV-SOP-0005_v0.5_DRAFT_2026-08-05.docx,33de520602dc02ba0ecff70f6ca536c759b62e18e597985abcd5ced10f5532f6,PROMOTED,04_PV/01_Controlled_Documents/SOP/Draft/Superseded_Retired/GMG-PV-SOP-0005_v0.5_DRAFT_2026-08-05.docx,
GQMS domains 00-18,04_PV/MAN/Annex/Superseded_Retired/GMG-PV-MAN-0002-B_v0.2_DRAFT_2026-08-01.docx,33e4c5192801ad7584a326eeb7212f7fbf89f94d6c7d936a23d6a210b1f7e623,HELD,,NO TARGET TYPE FOLDER — MAN absent from v0.31 04_PV type set
GQMS domains 00-18,04_PV/FRM/Draft/GMG-PV-FRM-0010-AG_Mandate-GMG-AG_v0.4_DRAFT_2026-08-07.docx,341273672d860f977f155c20b7d7e0ae441da37994c5b0ef5d5012051b54b9bb,PROMOTED,04_PV/01_Controlled_Documents/FRM/Draft/GMG-PV-FRM-0010-AG_Mandate-GMG-AG_v0.4_DRAFT_2026-08-07.docx,
GQMS domains 00-18,04_PV/PLN/Draft/Superseded_Retired/GMG-PV-PLN-0005_v0.7_DRAFT_2026-08-07.docx,34926139ed3b3be4bd46bb0fa8fc2a5636feb02be5d7775b45d1a0c829eac5f1,PROMOTED,04_PV/01_Controlled_Documents/PLN/Draft/Superseded_Retired/GMG-PV-PLN-0005_v0.7_DRAFT_2026-08-07.docx,
GQMS domains 00-18,04_PV/LOG/Superseded_Retired/GMG-PV-LOG-0005_v0.2_DRAFT_2026-07-25.xlsx,3595c9df4b90e20a74992ab571b5cb8bd2ec5c0a29e653b7ec8df888a0711989,HELD,,LIFECYCLE UNDETERMINED — in Superseded_Retired with no status token | likely: Superseded — GMG-PV-LOG-0005 exists at higher version v0.3
GQMS domains 00-18,04_PV/MAN/Annex/Superseded_Retired/GMG-PV-MAN-0002-G_v0.2_DRAFT_2026-08-01.docx,3596751b566956941c0bd22d2fcea2121d23e87a531c3c2ca0868e118950c444,HELD,,NO TARGET TYPE FOLDER — MAN absent from v0.31 04_PV type set
GQMS domains 00-18,04_PV/MAN/Superseded_Retired/GMG-PV-MAN-0001_v0.18_DRAFT_2026-08-03.docx,35db33d77bda5acacf7f11ac86ad2e8f36743d578f2049bd483150f9012d2620,HELD,,NO TARGET TYPE FOLDER — MAN absent from v0.31 04_PV type set
GQMS domains 00-18,05_RAF/PLN/Draft/GMG-RAF-PLN-0001_v0.1_DRAFT_2026-07-19.docx,3654768eb005bb6536de8f3b0469be5a1598ba12e10c3bec0b5537cdce7df2f4,PROMOTED,05_RAF/01_Controlled_Documents/PLN/Draft/GMG-RAF-PLN-0001_v0.1_DRAFT_2026-07-19.docx,
GQMS domains 00-18,04_PV/AGR/Draft/GMG-PV-Article-28-Data-Processing-Terms_v0.1_DRAFT_2026-08-01.pdf,3691c3fa4e149bf3396d235a5fa4c35624c41611fc84d34481c8f29f9bef5fa7,PROMOTED,04_PV/01_Controlled_Documents/AGR/Draft/GMG-PV-Article-28-Data-Processing-Terms_v0.1_DRAFT_2026-08-01.pdf,
GQMS domains 00-18,04_PV/MAN/Superseded_Retired/GMG-PV-MAN-0002_v0.13_DRAFT_2026-08-01.docx,36a8796172d6918d37150988123018919ae4ccb73fa576015e33939fc7efd679,HELD,,NO TARGET TYPE FOLDER — MAN absent from v0.31 04_PV type set
GQMS domains 00-18,04_PV/SOP/Draft/Superseded_Retired/GMG-PV-SOP-0003_v0.7_DRAFT_2026-08-05.docx,36ebef58024912c17cab57d55340170aa194e511492c1293d5d09c4bc0fd6583,PROMOTED,04_PV/01_Controlled_Documents/SOP/Draft/Superseded_Retired/GMG-PV-SOP-0003_v0.7_DRAFT_2026-08-05.docx,
GQMS domains 00-18,04_PV/SOP/Draft/Superseded_Retired/GMG-PV-SOP-0007_v0.5_DRAFT_2026-08-07.docx,36f9471d58d5191e3cbeb7256ba65beba5e850074d95d83682b383718b32819f,PROMOTED,04_PV/01_Controlled_Documents/SOP/Draft/Superseded_Retired/GMG-PV-SOP-0007_v0.5_DRAFT_2026-08-07.docx,
GQMS domains 00-18,04_PV/PLN/Superseded_Retired/GMG-PV-PLN-0002_v0.2_DRAFT_2026-08-08_SUPERSEDED.docx,371e79aa2e54389e315a447550e5a61a2b687eec1f57f03bb4e343ad981221de,PROMOTED,04_PV/01_Controlled_Documents/PLN/Superseded/GMG-PV-PLN-0002_v0.2_DRAFT_2026-08-08_SUPERSEDED.docx,
GQMS domains 00-18,08_CSV/PLN/Draft/GMG-CSV-PLN-0001_v0.1_DRAFT_2026-07-19.docx,3755bed47fb707ed77044f181b6b291382f94608df0bcee30aafcdbf5f646fd4,PROMOTED,08_CSV/01_Controlled_Documents/PLN/Draft/GMG-CSV-PLN-0001_v0.1_DRAFT_2026-07-19.docx,
GQMS domains 00-18,04_PV/MTX/Draft/Superseded_Retired/GMG-PV-MTX-0002_v0.7_DRAFT_2026-08-07.xlsx,37f1e08943d684f0c81df279872db337af30488197738faf40542ef9c6ddcf37,PROMOTED,04_PV/01_Controlled_Documents/MTX/Draft/Superseded_Retired/GMG-PV-MTX-0002_v0.7_DRAFT_2026-08-07.xlsx,
GQMS domains 00-18,00_Governance/MTX/Draft/GMG-QMS-MTX-0001_v0.1_DRAFT_2026-07-15.docx,37f8f2cf4e237195270affd0e84a4832220ad73b60290f0cb5a5a616e08928b3,PROMOTED,00_Governance/01_Controlled_Documents/MTX/Draft/GMG-QMS-MTX-0001_v0.1_DRAFT_2026-07-15.docx,
GQMS domains 00-18,04_PV/MAN/Superseded_Retired/GMG-PV-MAN-0002_v0.9_DRAFT_2026-07-25.docx,3814ce7a14b5984b48fff25658b9c21c09d470f38ccae9409afa7732b44d1163,HELD,,NO TARGET TYPE FOLDER — MAN absent from v0.31 04_PV type set
GQMS domains 00-18,06_NUT/SOP/Draft/GMG-NUT-SOP-0003_v0.4_DRAFT_2026-08-01.docx,38241941bb1253b41afa6dc515e7da4feba790b7c1674f2e45451b7eb4a44d30,PROMOTED,06_NUT/01_Controlled_Documents/SOP/Draft/GMG-NUT-SOP-0003_v0.4_DRAFT_2026-08-01.docx,
GQMS domains 00-18,04_PV/AGR/Draft/Superseded_Retired/GMG-PV-AGR-0006_v0.3_DRAFT_2026-08-07.docx,3868cb06919eaf4238ec0d18aad6d0d239d1ea4af12f4a724b4e7a58e8d7e219,PROMOTED,04_PV/01_Controlled_Documents/AGR/Draft/Superseded_Retired/GMG-PV-AGR-0006_v0.3_DRAFT_2026-08-07.docx,
GQMS domains 00-18,04_PV/SOP/Draft/Superseded_Retired/GMG-PV-SOP-0007_v0.3_DRAFT_2026-08-05.docx,3871550c51dfb8f6bde86353d3fc4c602dd7ce2018caf3ad360a40af7e562dca,PROMOTED,04_PV/01_Controlled_Documents/SOP/Draft/Superseded_Retired/GMG-PV-SOP-0007_v0.3_DRAFT_2026-08-05.docx,
GQMS domains 00-18,04_PV/SOP/Draft/Superseded_Retired/GMG-PV-SOP-0016_v0.2_DRAFT_2026-07-16.docx,38799201f2797385aac3eece6f390e1feaf5213b59b67f05007387b04a6e2612,PROMOTED,04_PV/01_Controlled_Documents/SOP/Draft/Superseded_Retired/GMG-PV-SOP-0016_v0.2_DRAFT_2026-07-16.docx,
GQMS domains 00-18,01_QMS/PLN/Draft/GMG-QMS-PLN-0004_v1.1_DRAFT_2026-07-21.docx,389d6604ce3a81d2231ec2f5fe3466bee74cc167ce15774a0e1d4de99b4815b3,PROMOTED,01_QMS/01_Controlled_Documents/PLN/Draft/GMG-QMS-PLN-0004_v1.1_DRAFT_2026-07-21.docx,
GQMS domains 00-18,04_PV/WIN/Draft/GMG-PV-WIN-0004-M7_PV-Training-Session-Pack-Module-7_v0.1_DRAFT_2026-08-08.docx,38c21ae4a1d9255315671a01dbf6cb235f2a636080e271311735e864ea232250,PROMOTED,04_PV/01_Controlled_Documents/WIN/Draft/GMG-PV-WIN-0004-M7_PV-Training-Session-Pack-Module-7_v0.1_DRAFT_2026-08-08.docx,
GQMS domains 00-18,04_PV/PLN/Superseded_Retired/GMG-PV-PLN-0007-B_PV-Execution-List_v0.2_DRAFT_2026-07-27.xlsx,38ecd63c924962e129a5c8ebc0f45ae448010868427c871b1e64988abff0bc91,HELD,,LIFECYCLE UNDETERMINED — in Superseded_Retired with no status token | likely: Superseded — GMG-PV-PLN-0007 exists at higher version v0.8
GQMS domains 00-18,04_PV/CHK/Draft/GMG-PV-CHK-0003_v0.1_DRAFT_2026-07-14.docx,3914f1232fc5475249427235db12f76ec7bf83d26807d82b4fad0d4be8bdc58b,PROMOTED,04_PV/01_Controlled_Documents/CHK/Draft/GMG-PV-CHK-0003_v0.1_DRAFT_2026-07-14.docx,
GQMS domains 00-18,04_PV/FRM/Draft/GMG-PV-FRM-0005-BATCH-01_v0.2_DRAFT_2026-07-14.docx,392d1039daabee077b236c5b8da0cce8d7f42502966ca7429feab116e4be7245,PROMOTED,04_PV/01_Controlled_Documents/FRM/Draft/GMG-PV-FRM-0005-BATCH-01_v0.2_DRAFT_2026-07-14.docx,
GQMS domains 00-18,04_PV/MAN/Annex/Superseded_Retired/GMG-PV-MAN-0002-D_v0.2_DRAFT_2026-08-01.docx,392e5dfe9e7924c27fb77c57895f9688448292fd35e8a88e27eee6caaffd2423,HELD,,NO TARGET TYPE FOLDER — MAN absent from v0.31 04_PV type set
GQMS domains 00-18,04_PV/SOP/Draft/Superseded_Retired/GMG-PV-SOP-0021_v0.2_DRAFT_2026-07-16.docx,3937f663b8ac8f22c849e3d717021d869c575616e9833dc9658bc01f1e33b2df,PROMOTED,04_PV/01_Controlled_Documents/SOP/Draft/Superseded_Retired/GMG-PV-SOP-0021_v0.2_DRAFT_2026-07-16.docx,
GQMS domains 00-18,04_PV/MAN/Draft/Superseded_Retired/GMG-PV-MAN-0001_v0.20_DRAFT_2026-08-03.pdf,3953384d77a7c87a708a374c8731fb31c236b3d98c35386814dd7fc036b8fee4,PROMOTED (v0.32 type addition),02_GQMS_Controlled_Repository/00_Group_Shared/04_PV/01_Controlled_Documents/MAN/Draft/Superseded_Retired/GMG-PV-MAN-0001_v0.20_DRAFT_2026-08-03.pdf,
GQMS domains 00-18,04_PV/SOP/Superseded_Retired/GMG-PV-SOP-0020_v0.1_DRAFT_2026-07-16_SUPERSEDED.docx,3a05edef06ffda23fbfbbb92100f883247c78c285aff05a9e0759d6ad59b596b,PROMOTED,04_PV/01_Controlled_Documents/SOP/Superseded/GMG-PV-SOP-0020_v0.1_DRAFT_2026-07-16_SUPERSEDED.docx,
GQMS domains 00-18,04_PV/MAN/Draft/Superseded_Retired/GMG-PV-MAN-0001_v0.28_DRAFT_2026-08-07.docx,3a30dea2f4abe2c0fdea208baf0d741eed5eabd0d905ed2577de9ddb67130334,PROMOTED (v0.32 type addition),02_GQMS_Controlled_Repository/00_Group_Shared/04_PV/01_Controlled_Documents/MAN/Draft/Superseded_Retired/GMG-PV-MAN-0001_v0.28_DRAFT_2026-08-07.docx,
GQMS domains 00-18,04_PV/MTX/Draft/Superseded_Retired/GMG-PV-MTX-0001_v0.8_DRAFT_2026-08-07.xlsx,3a72361a85d6fbc725e8c79c884f7d77d398fe929c1a6c6cfc00adde2667bfa8,PROMOTED,04_PV/01_Controlled_Documents/MTX/Draft/Superseded_Retired/GMG-PV-MTX-0001_v0.8_DRAFT_2026-08-07.xlsx,
GQMS domains 00-18,04_PV/FRM/Draft/Superseded_Retired/GMG-PV-FRM-0010-SET_Mandate-Setonda_v0.2_DRAFT_2026-08-03.docx,3a89980db3f3f49f9a0bba93ae7d36f65bc14982b39eeeff0512786ba970956b,PROMOTED,04_PV/01_Controlled_Documents/FRM/Draft/Superseded_Retired/GMG-PV-FRM-0010-SET_Mandate-Setonda_v0.2_DRAFT_2026-08-03.docx,
GQMS domains 00-18,10_RND/FRM/Draft/GMG-RND-FRM-0002_v1.0_DRAFT_2026-07-11.docx,3b1bd4635f5e62e29d74f3f805b5377281681661f1171816e344e943fbf996e1,PROMOTED,10_RND/01_Controlled_Documents/FRM/Draft/GMG-RND-FRM-0002_v1.0_DRAFT_2026-07-11.docx,
GQMS domains 00-18,08_CSV/GMG-PV-Di10-PV-Acceptance-Criteria_v0.1_DRAFT_2026-08-03.pdf,3b85314890fadcef36059665979fd0e367a536d856434a43cef2c97995b5a097,HELD,,NO TYPE FOLDER — file sits at the domain root
GQMS domains 00-18,06_NUT/SOP/Draft/GMG-NUT-SOP-0008_v0.5_DRAFT_2026-08-01.docx,3bdfbe5e03841e57a24dd50bf6d76894c651b835311fbed637c4cb091ad43b7d,PROMOTED,06_NUT/01_Controlled_Documents/SOP/Draft/GMG-NUT-SOP-0008_v0.5_DRAFT_2026-08-01.docx,
GQMS domains 00-18,04_PV/LOG/Superseded_Retired/GMG-PV-LST-0001_v0.3_DRAFT_2026-07-21.xlsx,3c526a030e0329779163455cade17c3fe19a98347cd34983e50aa99d1995af4d,HELD,,LIFECYCLE UNDETERMINED — in Superseded_Retired with no status token | likely: Superseded — GMG-PV-LST-0001 exists at higher version v0.10
GQMS domains 00-18,04_PV/MTX/Draft/GMG-PV-MTX-0006_v0.5_DRAFT_2026-08-01.xlsx,3d3f64a556b8176ed79078e2ab12da42f56c76560435533d64fc8f40d8fd918e,PROMOTED,04_PV/01_Controlled_Documents/MTX/Draft/GMG-PV-MTX-0006_v0.5_DRAFT_2026-08-01.xlsx,
GQMS domains 00-18,04_PV/SOP/Superseded_Retired/GMG-PVG-SOP-0006_v0.1_SUPERSEDED_2026-07-14.docx,3d98bc641b4539b0a67ba1716747ae753fd7406f5704f7530d4f29c27eb4187c,PROMOTED,04_PV/01_Controlled_Documents/SOP/Superseded/GMG-PVG-SOP-0006_v0.1_SUPERSEDED_2026-07-14.docx,
GQMS domains 00-18,04_PV/MAN/Annex/GMG-PV-MAN-0002-I_v0.4_DRAFT_2026-08-07.xlsx,3dc282f8c316ffebaf4f35e1262102408dc1c131fc4963a3053059360be6bc01,HELD,,NO TARGET TYPE FOLDER — MAN absent from v0.31 04_PV type set
GQMS domains 00-18,01_QMS/TPL/Draft/GMG-QMS-TPL-0001_v2.0_DRAFT_2026-07-11.docx,3ebabab241679c2f965706265c19c534c7c1c75c9c2186cf7d9cb65d741e6ab1,PROMOTED,01_QMS/01_Controlled_Documents/TPL/Draft/GMG-QMS-TPL-0001_v2.0_DRAFT_2026-07-11.docx,
GQMS domains 00-18,01_QMS/FRM/Draft/GMG-QMS-FRM-0006_v1.0_DRAFT_2026-07-11.docx,3ef7f1a62a72a3af8cf0938b5d73492793c46859767329a2a30a10f37ffd1e8e,PROMOTED,01_QMS/01_Controlled_Documents/FRM/Draft/GMG-QMS-FRM-0006_v1.0_DRAFT_2026-07-11.docx,
GQMS domains 00-18,04_PV/SOP/Draft/Superseded_Retired/GMG-PV-SOP-0004_v0.11_DRAFT_2026-08-07.docx,3f82ad1b3631caf58e1c1271cc9d2557a317d35a69e1fa94a1aebf6cb5dc3db3,PROMOTED,04_PV/01_Controlled_Documents/SOP/Draft/Superseded_Retired/GMG-PV-SOP-0004_v0.11_DRAFT_2026-08-07.docx,
GQMS domains 00-18,04_PV/SOP/Draft/GMG-PV-SOP-0010_v0.6_DRAFT_2026-08-07.docx,3f91ecb6a2f92b4cc955b9aa53c76eccbd16fbb22bcee87420135007d7697f2e,PROMOTED,04_PV/01_Controlled_Documents/SOP/Draft/GMG-PV-SOP-0010_v0.6_DRAFT_2026-08-07.docx,
GQMS domains 00-18,04_PV/SOP/Draft/Superseded_Retired/GMG-PV-SOP-0003_v0.9_DRAFT_2026-08-07.docx,411a69fd92ac167900b3295ac3261db8039bb25dfc83b90be006862b46f9db70,PROMOTED,04_PV/01_Controlled_Documents/SOP/Draft/Superseded_Retired/GMG-PV-SOP-0003_v0.9_DRAFT_2026-08-07.docx,
GQMS domains 00-18,04_PV/MAN/Draft/Superseded_Retired/GMG-PV-MAN-0001_v0.25_DRAFT_2026-08-07.docx,4171014870e080be53939d1519663d3fdef3fd6f4f9aa4f69454cf952c3e7219,PROMOTED (v0.32 type addition),02_GQMS_Controlled_Repository/00_Group_Shared/04_PV/01_Controlled_Documents/MAN/Draft/Superseded_Retired/GMG-PV-MAN-0001_v0.25_DRAFT_2026-08-07.docx,
GQMS domains 00-18,04_PV/SOP/Draft/Superseded_Retired/GMG-PV-SOP-0016_v0.4_DRAFT_2026-08-07.docx,4237b53f3cef2ca0e6c7c9de9526c8c0e5fc1c435f8d4f21d37ba8f3945e18fd,PROMOTED,04_PV/01_Controlled_Documents/SOP/Draft/Superseded_Retired/GMG-PV-SOP-0016_v0.4_DRAFT_2026-08-07.docx,
GQMS domains 00-18,04_PV/MAN/Annex/GMG-PV-MAN-0002-A_v0.3_DRAFT_2026-08-07.docx,426eede82fa8ed3faa097fda2071fe653800b23f717fcfb62ea0ac0a6884dab3,HELD,,NO TARGET TYPE FOLDER — MAN absent from v0.31 04_PV type set
GQMS domains 00-18,04_PV/SOP/Draft/Superseded_Retired/GMG-PV-SOP-0013_v0.7_DRAFT_2026-08-05.docx,43fc2f650ce55a0cc136a3ca78e8e2ce6d321b907e4741c570d6e43d3230d941,PROMOTED,04_PV/01_Controlled_Documents/SOP/Draft/Superseded_Retired/GMG-PV-SOP-0013_v0.7_DRAFT_2026-08-05.docx,
GQMS domains 00-18,04_PV/CHK/Draft/GMG-PV-CHK-0004_v0.3_DRAFT_2026-08-07.docx,44391ed573040d3712582d93ac9b95476ffc9e90da6d929002421cde5e4bcfe3,PROMOTED,04_PV/01_Controlled_Documents/CHK/Draft/GMG-PV-CHK-0004_v0.3_DRAFT_2026-08-07.docx,
GQMS domains 00-18,01_QMS/FRM/Superseded_Retired/GMG-QMS-FRM-0003-BATCH-01_v0.1_DRAFT_2026-08-08_SUPERSEDED.pdf,44688c9aced8927a49e63bd9c7f3039cb63a834be5e8926606ca9292b8b4cd8b,PROMOTED,01_QMS/01_Controlled_Documents/FRM/Superseded/GMG-QMS-FRM-0003-BATCH-01_v0.1_DRAFT_2026-08-08_SUPERSEDED.pdf,
GQMS domains 00-18,04_PV/SOP/Superseded_Retired/GMG-PV-SOP-0001_v0.7_DRAFT_2026-07-25.docx,447a49f59781c57f17722ecd30b23906da840886a111e62a6952bf6fe9142636,HELD,,LIFECYCLE UNDETERMINED — in Superseded_Retired with no status token | likely: Superseded — GMG-PV-SOP-0001 exists at higher version v0.13
GQMS domains 00-18,04_PV/MTX/Draft/GMG-PV-Complaints-PV-Interface_v0.1_DRAFT_2026-08-03.docx,44d979fb30cc7ddc90dd9e7333cf690aa21bac671c17b861b0bb327dd23c6924,PROMOTED,04_PV/01_Controlled_Documents/MTX/Draft/GMG-PV-Complaints-PV-Interface_v0.1_DRAFT_2026-08-03.docx,
GQMS domains 00-18,04_PV/PLN/Superseded_Retired/GMG-PV-PLN-0007-B_PV-Execution-List_v0.1_DRAFT_2026-07-27.xlsx,45780a59621e115b167f4daa0c5cd2d6a8146b7b70fdc8aedceb620f06ac4a08,HELD,,LIFECYCLE UNDETERMINED — in Superseded_Retired with no status token | likely: Superseded — GMG-PV-PLN-0007 exists at higher version v0.8
GQMS domains 00-18,04_PV/LOG/Superseded_Retired/GMG-PVG-LOG-0009_v0.1_DRAFT_2026-07-14.docx,45ef9ab868f577173ab6150f7bf662bebd5a3772539bebaf5a276a4a1acb8daf,HELD,,LIFECYCLE UNDETERMINED — in Superseded_Retired with no status token | likely: UNRESOLVED — No higher version found
GQMS domains 00-18,04_PV/MAN/Annex/Superseded_Retired/GMG-PV-MAN-0002-B_v0.3_DRAFT_2026-08-01.docx,465787ba655a070ffbeb932f2d175a5e03572c5a9f3c19d8e7bfebf5b320c98b,HELD,,NO TARGET TYPE FOLDER — MAN absent from v0.31 04_PV type set
GQMS domains 00-18,04_PV/CHK/Draft/Superseded_Retired/GMG-PV-CHK-0002_v0.2_DRAFT_2026-08-07.docx,468441e7764dc6a164277db18efd0e15d7844070a87365243bb6c26fa10664e8,PROMOTED,04_PV/01_Controlled_Documents/CHK/Draft/Superseded_Retired/GMG-PV-CHK-0002_v0.2_DRAFT_2026-08-07.docx,
GQMS domains 00-18,04_PV/WIN/Draft/GMG-PV-WIN-0006_v0.2_DRAFT_2026-07-16.docx,46f3955b0ea152d24a8845dc6a36f96b762b1da995bf479c5131911c474eb8e8,PROMOTED,04_PV/01_Controlled_Documents/WIN/Draft/GMG-PV-WIN-0006_v0.2_DRAFT_2026-07-16.docx,
GQMS domains 00-18,04_PV/SOP/Draft/Superseded_Retired/GMG-PV-SOP-0024_v0.5_DRAFT_2026-08-05.docx,4712660db473f0caee10bd74e0df4873acfaa2d47e03c97213f1924d2d2171bd,PROMOTED,04_PV/01_Controlled_Documents/SOP/Draft/Superseded_Retired/GMG-PV-SOP-0024_v0.5_DRAFT_2026-08-05.docx,
GQMS domains 00-18,04_PV/MAN/Superseded_Retired/GMG-PV-MAN-0002_v0.14_DRAFT_2026-08-01.docx,472427fdb0f66ab8e1d4307ea9ee8d5b43c8c67ee7972f1acf407bcc6009657d,HELD,,NO TARGET TYPE FOLDER — MAN absent from v0.31 04_PV type set
GQMS domains 00-18,01_QMS/MTX/Draft/GMG-QMS-MTX-0008_v0.6_DRAFT_2026-08-03.docx,474cb621f4123d79244ec93f0c624ef3ea3259d4bd6f28a544ae24162bb13a6b,PROMOTED,01_QMS/01_Controlled_Documents/MTX/Draft/GMG-QMS-MTX-0008_v0.6_DRAFT_2026-08-03.docx,
GQMS domains 00-18,04_PV/MAN/Superseded_Retired/GMG-PV-MAN-0001_v0.14_DRAFT_2026-07-25.docx,475e1ecc20df6bc33876725c813ec61ea6f05e23146c6ac1b7dd47a31ebf1044,HELD,,NO TARGET TYPE FOLDER — MAN absent from v0.31 04_PV type set
GQMS domains 00-18,04_PV/SOP/Draft/Superseded_Retired/GMG-PV-SOP-0010_v0.5_DRAFT_2026-08-07.docx,47e8f34d3e606ad695cdd451ff9f5e93dc470aae55881c6353b8cc79a344cc68,PROMOTED,04_PV/01_Controlled_Documents/SOP/Draft/Superseded_Retired/GMG-PV-SOP-0010_v0.5_DRAFT_2026-08-07.docx,
GQMS domains 00-18,04_PV/FRM/Superseded_Retired/GMG-PV-FRM-0010_PV-Accountability-Mandate-and-Appointment_v0.1_DRAFT_2026-08-01.docx,4833d56c7eba6c19b8cff4f62cc4482164945b7c0989e10dca6cc8f4a75a12a9,HELD,,LIFECYCLE UNDETERMINED — in Superseded_Retired with no status token | likely: Superseded — GMG-PV-FRM-0010 exists at higher version v0.4
GQMS domains 00-18,04_PV/FRM/Draft/Superseded_Retired/GMG-PV-FRM-0009_v0.2_DRAFT_2026-08-05.docx,4839e62125248c6fa930230854afad2bdfdf335a3a5d6ea5908b997d778cb377,PROMOTED,04_PV/01_Controlled_Documents/FRM/Draft/Superseded_Retired/GMG-PV-FRM-0009_v0.2_DRAFT_2026-08-05.docx,
GQMS domains 00-18,04_PV/WIN/Draft/GMG-PV-WIN-0003_v0.1_DRAFT_2026-08-08.docx,48a9532df9c1f980c6ec26fddaa7d30689d9dffb7c1b8f60476a4b33715d2cf3,PROMOTED,04_PV/01_Controlled_Documents/WIN/Draft/GMG-PV-WIN-0003_v0.1_DRAFT_2026-08-08.docx,
GQMS domains 00-18,06_NUT/CHK/Draft/GMG-NUT-CHK-0001_v0.1_DRAFT_2026-08-01.docx,48d8363cd074676738995ef75f1521a85e7ec2ef5e148d9856c45a47fbd1b362,PROMOTED,06_NUT/01_Controlled_Documents/CHK/Draft/GMG-NUT-CHK-0001_v0.1_DRAFT_2026-08-01.docx,
GQMS domains 00-18,01_QMS/TPL/Draft/GMG-QMS-TPL-0002_v1.0_DRAFT_2026-07-11.docx,48ec5940248c0dc67bd9e37d58e4185269aee09619d82814ea0e2df61d5e7aec,PROMOTED,01_QMS/01_Controlled_Documents/TPL/Draft/GMG-QMS-TPL-0002_v1.0_DRAFT_2026-07-11.docx,
GQMS domains 00-18,04_PV/CHK/Draft/GMG-PV-CHK-0001_v0.8_DRAFT_2026-07-14.xlsx,48fba28c6f0ea3e3ad7246dc457d0c141a03c097c7e022797d11716d956c0ffb,PROMOTED,04_PV/01_Controlled_Documents/CHK/Draft/GMG-PV-CHK-0001_v0.8_DRAFT_2026-07-14.xlsx,
GQMS domains 00-18,04_PV/SOP/Draft/Superseded_Retired/GMG-PV-SOP-0008_v0.4_DRAFT_2026-08-05.docx,49e186318a53794818ed481658b145ffe7f36a7208c7f4f8bbed7fc464db3ec2,PROMOTED,04_PV/01_Controlled_Documents/SOP/Draft/Superseded_Retired/GMG-PV-SOP-0008_v0.4_DRAFT_2026-08-05.docx,
GQMS domains 00-18,04_PV/SOP/Draft/Superseded_Retired/GMG-PV-SOP-0001_v0.9_DRAFT_2026-08-03.docx,49ec0cb47cc62cd51e0f401ffe8a1beafe49a74e6c39a573bd246c63dc9d8e11,PROMOTED,04_PV/01_Controlled_Documents/SOP/Draft/Superseded_Retired/GMG-PV-SOP-0001_v0.9_DRAFT_2026-08-03.docx,
GQMS domains 00-18,04_PV/SOP/Draft/GMG-PV-SOP-0016_v0.6_DRAFT_2026-08-07.docx,4a06ea7a5d663ea86357f885f5dafec5ff3efdf1cd98c656f9c330fd692f49f4,PROMOTED,04_PV/01_Controlled_Documents/SOP/Draft/GMG-PV-SOP-0016_v0.6_DRAFT_2026-08-07.docx,
GQMS domains 00-18,01_QMS/FRM/Superseded_Retired/GMG-QMS-FRM-0003-BATCH-01_v0.2_DRAFT_2026-08-08_SUPERSEDED.xlsx,4acbf12f78ee0ffe0aeaf804f6562b010dcf24ca9396237cbaf0e73d4597525b,PROMOTED,01_QMS/01_Controlled_Documents/FRM/Superseded/GMG-QMS-FRM-0003-BATCH-01_v0.2_DRAFT_2026-08-08_SUPERSEDED.xlsx,
GQMS domains 00-18,01_QMS/STD/Draft/GMG-QMS-STD-0001_v0.16_DRAFT_2026-08-07.docx,4b0c52dc1bea3854a514f41de3b9724ed2e1493fc78370c785bef79d3d914160,PROMOTED,01_QMS/01_Controlled_Documents/STD/Draft/GMG-QMS-STD-0001_v0.16_DRAFT_2026-08-07.docx,
GQMS domains 00-18,04_PV/SOP/Superseded_Retired/GMG-PV-SOP-0010_v0.1_DRAFT_2026-07-16_SUPERSEDED.docx,4b724c0e6f0eb43caece35e69a3d4e218dbcc62035249d1c9860a5f9e640aa40,PROMOTED,04_PV/01_Controlled_Documents/SOP/Superseded/GMG-PV-SOP-0010_v0.1_DRAFT_2026-07-16_SUPERSEDED.docx,
GQMS domains 00-18,01_QMS/PLN/Draft/GMG-QMS-PLN-0001_v0.8_DRAFT_2026-07-21.xlsx,4c3968d9cb52d0d0cb437322b7c7107f9be4b8aa3d28a2329b5b028cb8a6db39,PROMOTED,01_QMS/01_Controlled_Documents/PLN/Draft/GMG-QMS-PLN-0001_v0.8_DRAFT_2026-07-21.xlsx,
GQMS domains 00-18,04_PV/AGR/Draft/GMG-PV-Setonda-ELM-Anexo-III-and-7.3-Amendment_v0.3_DRAFT_2026-08-03.docx,4c621634d4052fcfe26983e74b57569b93cdde2a284ad85b7f001056e9498a6c,PROMOTED,04_PV/01_Controlled_Documents/AGR/Draft/GMG-PV-Setonda-ELM-Anexo-III-and-7.3-Amendment_v0.3_DRAFT_2026-08-03.docx,
GQMS domains 00-18,04_PV/SOP/Draft/Superseded_Retired/GMG-PV-SOP-0015_v0.7_DRAFT_2026-08-07.docx,4ca9b3a2c9e018bdc8c5ac2ef3cca08ed0a5fe056f5ff06f666a7d7a69b1115c,PROMOTED,04_PV/01_Controlled_Documents/SOP/Draft/Superseded_Retired/GMG-PV-SOP-0015_v0.7_DRAFT_2026-08-07.docx,
GQMS domains 00-18,04_PV/PLN/Superseded_Retired/GMG-PV-PLN-0007-A_PV-Development-Action-Tracker_v0.2_DRAFT_2026-07-25.xlsx,4d1c3c723654ca990c7e6c9a23fe76394322ec4c52c0e0b318d8919a1c7db501,HELD,,LIFECYCLE UNDETERMINED — in Superseded_Retired with no status token | likely: Superseded — GMG-PV-PLN-0007 exists at higher version v0.8
GQMS domains 00-18,01_QMS/FRM/Draft/GMG-QMS-FRM-0026_v0.1_DRAFT_2026-07-18.xlsx,4d6ad16a0fcdf3d981448be8e4b1fa431b431d08414dc5be1995f1929db20532,PROMOTED,01_QMS/01_Controlled_Documents/FRM/Draft/GMG-QMS-FRM-0026_v0.1_DRAFT_2026-07-18.xlsx,
GQMS domains 00-18,04_PV/TPL/Draft/Superseded_Retired/GMG-PV-TPL-0002_v1.2_DRAFT_2026-07-14.docx,4d88f4d637268a0d1e0f08c3c07aab2cd39b25c3cd07649da77b079e3a3ee9f6,PROMOTED,04_PV/01_Controlled_Documents/TPL/Draft/Superseded_Retired/GMG-PV-TPL-0002_v1.2_DRAFT_2026-07-14.docx,
GQMS domains 00-18,04_PV/SOP/Superseded_Retired/GMG-PV-SOP-0001_v0.6_DRAFT_2026-07-21.docx,4dc50eb2de26efd64a3e4ecf50ff0fde4b72fd118ba43c3c7fccf28677158fd9,HELD,,LIFECYCLE UNDETERMINED — in Superseded_Retired with no status token | likely: Superseded — GMG-PV-SOP-0001 exists at higher version v0.13
GQMS domains 00-18,08_CSV/Di10-PV_Validation_2024-12/Installation Qualification (IQ).pdf,4e4374f2bfeb99e8bc8a4e74d5bd0e41f422e5bdae80972efa349e592b1859b6,HELD,,NO TARGET TYPE FOLDER — Di10-PV_Validation_2024-12 absent from v0.31 08_CSV type set
GQMS domains 00-18,04_PV/MAN/Annex/Superseded_Retired/GMG-PV-MAN-0002-A_v0.2_DRAFT_2026-08-01.docx,4e63da5341c9af54ff64ed76c77ce4ea43ff0eedc6e71e74a51b449eb3edb72c,HELD,,NO TARGET TYPE FOLDER — MAN absent from v0.31 04_PV type set
GQMS domains 00-18,04_PV/MAN/Annex/Superseded_Retired/GMG-PV-MAN-0001-H_v0.5_DRAFT_2026-08-05.xlsx,4e72b8d6e0883f6304a508fc3a177b05a43de86c0b94b2e3bcec2add321629c0,HELD,,NO TARGET TYPE FOLDER — MAN absent from v0.31 04_PV type set
GQMS domains 00-18,04_PV/LOG/Draft/GMG-PV-LOG-0009_v0.2_DRAFT_2026-07-14.docx,4e9cb239777699bd04f0167509bc98ce15f16eb84ec323ca77d1aab09de6f4cd,PROMOTED,04_PV/01_Controlled_Documents/LOG/Draft/GMG-PV-LOG-0009_v0.2_DRAFT_2026-07-14.docx,
GQMS domains 00-18,04_PV/SOP/Draft/GMG-PV-SOP-0023_v0.6_DRAFT_2026-08-07.docx,4eb3eaf167821495c728d10091357c9cf2f077472478544b6766aa3d517c0fd6,PROMOTED,04_PV/01_Controlled_Documents/SOP/Draft/GMG-PV-SOP-0023_v0.6_DRAFT_2026-08-07.docx,
GQMS domains 00-18,04_PV/AGR/Effective/Executed_SDEAs/GMG-PV-SDEA-KZ-Delegation-GlobalPV_executed.pdf,4edfff0cfad6064f90de54b5416943c3209f93bff1e02725edf2420e0461edc0,PROMOTED,04_PV/01_Controlled_Documents/AGR/Effective/Executed_SDEAs/GMG-PV-SDEA-KZ-Delegation-GlobalPV_executed.pdf,
GQMS domains 00-18,00_Governance/MAN/Superseded_Retired/GMG-QMS-MAN-0001_v1.10_DRAFT_2026-07-16.docx,4effc4f0183e212f6b98f93f8cabb385bb4984e27c0f66f316445fb8859de4e2,HELD,,NO TARGET TYPE FOLDER — MAN absent from v0.31 00_Governance type set
GQMS domains 00-18,01_QMS/SOP/Draft/GMG-QMS-SOP-0015_v0.5_DRAFT_2026-08-07.docx,4fc63c2d1c83c119279b4b28ce1947f57712197637ebc351a655e5509c911aca,PROMOTED,01_QMS/01_Controlled_Documents/SOP/Draft/GMG-QMS-SOP-0015_v0.5_DRAFT_2026-08-07.docx,
GQMS domains 00-18,04_PV/SOP/Draft/Superseded_Retired/GMG-PV-SOP-0021_v0.4_DRAFT_2026-08-05.docx,4fdad755882b648151de60ab46c2ea36b4dc4ba2bf52fec8e300f3953db5f8d4,PROMOTED,04_PV/01_Controlled_Documents/SOP/Draft/Superseded_Retired/GMG-PV-SOP-0021_v0.4_DRAFT_2026-08-05.docx,
GQMS domains 00-18,04_PV/SOP/Superseded_Retired/GMG-PV-SOP-0006_v0.3_DRAFT_2026-07-16.docx,5019874e877bb651d8b07b8763d292c140bfc8551e96825c5a29ae270b18deb4,HELD,,LIFECYCLE UNDETERMINED — in Superseded_Retired with no status token | likely: Superseded — GMG-PV-SOP-0006 exists at higher version v0.10
GQMS domains 00-18,04_PV/MAN/Superseded_Retired/GMG-PV-MAN-0001_v0.12_DRAFT_2026-07-21.docx,506db789e4141c192a23045119e615c764f5c28375c4902cf640731d84348b1f,HELD,,NO TARGET TYPE FOLDER — MAN absent from v0.31 04_PV type set
GQMS domains 00-18,01_QMS/FRM/Superseded_Retired/GMG-QMS-FRM-0020_v1.0_DRAFT_2026-07-11.docx,50c3149d86a863e1703bf80c2e00dec3a782122464b356468bc332270f4a39c4,HELD,,LIFECYCLE UNDETERMINED — in Superseded_Retired with no status token | likely: Superseded — GMG-QMS-FRM-0020 exists at higher version v1.1
GQMS domains 00-18,01_QMS/SOP/Superseded_Retired/GMG-QMS-SOP-0003_v0.6_DRAFT_2026-07-13.docx,50e7e50ea892354cf3db860a8e031873846ca1c3ed8fce6fe7d88227e1254120,HELD,,LIFECYCLE UNDETERMINED — in Superseded_Retired with no status token | likely: Superseded — GMG-QMS-SOP-0003 exists at higher version v0.14
GQMS domains 00-18,04_PV/MAN/Annex/Superseded_Retired/GMG-PV-MAN-0002-H_v0.7_DRAFT_2026-07-27.xlsx,517df31467a66bbdb23713efa967df3bf1066f2df705faf6b872751536489b9e,HELD,,NO TARGET TYPE FOLDER — MAN absent from v0.31 04_PV type set
GQMS domains 00-18,04_PV/SOP/Superseded_Retired/GMG-PV-SOP-0003_v0.4_DRAFT_2026-07-25.docx,518762bd22ec21084a4b180f7bd0267b5355186e9d76ddb845a8f4d7d3818314,HELD,,LIFECYCLE UNDETERMINED — in Superseded_Retired with no status token | likely: Superseded — GMG-PV-SOP-0003 exists at higher version v0.11
GQMS domains 00-18,04_PV/LOG/Superseded_Retired/GMG-PV-LST-0001_v0.2_DRAFT_2026-07-21.xlsx,51b3cd5f928116af366cc8f257ad207255194aaa7b7d31c4e175a469c219b534,HELD,,LIFECYCLE UNDETERMINED — in Superseded_Retired with no status token | likely: Superseded — GMG-PV-LST-0001 exists at higher version v0.10
GQMS domains 00-18,04_PV/SOP/Draft/Superseded_Retired/GMG-PV-SOP-0011_v0.5_DRAFT_2026-08-07.docx,51b40d644970a3c34585168634cb7f5286df51ce9441e731252b88362f89bd42,PROMOTED,04_PV/01_Controlled_Documents/SOP/Draft/Superseded_Retired/GMG-PV-SOP-0011_v0.5_DRAFT_2026-08-07.docx,
GQMS domains 00-18,06_NUT/PLN/Draft/GMG-NUT-PLN-0001_v0.2_DRAFT_2026-08-01.docx,51cedc4fb148139edba7f650ceaa84f8fb0b11895a7716402c718fd40f640d71,PROMOTED,06_NUT/01_Controlled_Documents/PLN/Draft/GMG-NUT-PLN-0001_v0.2_DRAFT_2026-08-01.docx,
GQMS domains 00-18,04_PV/SOP/Superseded_Retired/GMG-PV-SOP-0005_v0.2_SUPERSEDED_2026-07-16.docx,5204e6fbd589d03d46a685bcebc965cfd2afc7bff4fd3de318e5d54211ad8792,PROMOTED,04_PV/01_Controlled_Documents/SOP/Superseded/GMG-PV-SOP-0005_v0.2_SUPERSEDED_2026-07-16.docx,
GQMS domains 00-18,01_QMS/SOP/Draft/GMG-QMS-SOP-0004_v0.4_DRAFT_2026-07-11.docx,524749b034564b628e8b6ff901036f14c50d595bdc7fbf564f73abfe9e7d6e3f,PROMOTED,01_QMS/01_Controlled_Documents/SOP/Draft/GMG-QMS-SOP-0004_v0.4_DRAFT_2026-07-11.docx,
GQMS domains 00-18,04_PV/SOP/Draft/Superseded_Retired/GMG-PV-SOP-0021_v0.6_DRAFT_2026-08-07.docx,525d56998a84015584bdfbfd36779ce19cbeab8136401891606047e9dfd7fb4a,PROMOTED,04_PV/01_Controlled_Documents/SOP/Draft/Superseded_Retired/GMG-PV-SOP-0021_v0.6_DRAFT_2026-08-07.docx,
GQMS domains 00-18,04_PV/SOP/Draft/Superseded_Retired/GMG-PV-SOP-0005_v0.4_DRAFT_2026-07-25.docx,52f0619e62f04696d1ac8100ce11bc7614ea7f701b433bab74f1d08d3af39f21,PROMOTED,04_PV/01_Controlled_Documents/SOP/Draft/Superseded_Retired/GMG-PV-SOP-0005_v0.4_DRAFT_2026-07-25.docx,
GQMS domains 00-18,08_CSV/Di10-PV_Validation_2024-12/_MANIFEST.md,539ac01ecad0b153b7ef37bfd8cabb21bd123259d06e7d4eca928460c9272b72,HELD,,NO TARGET TYPE FOLDER — Di10-PV_Validation_2024-12 absent from v0.31 08_CSV type set
GQMS domains 00-18,04_PV/SOP/Draft/Superseded_Retired/GMG-PV-SOP-0016_v0.3_DRAFT_2026-08-05.docx,53a55530a11a40bb708dae8cd108352a64ed0893d27af131a54638b53b4166a6,PROMOTED,04_PV/01_Controlled_Documents/SOP/Draft/Superseded_Retired/GMG-PV-SOP-0016_v0.3_DRAFT_2026-08-05.docx,
GQMS domains 00-18,04_PV/LOG/Superseded_Retired/GMG-PV-Consolidated-Deviation-Register_v0.4_DRAFT_2026-08-03.xlsx,53f9f2b149691bce4f002e00148d3e196cf8ad065f29ae4a00b901375a9136d6,HELD,,LIFECYCLE UNDETERMINED — in Superseded_Retired with no status token | likely: NOT A CONTROLLED DOCUMENT — No document code — likely a quality record
GQMS domains 00-18,04_PV/PLN/Draft/GMG-PV-PLN-0003_v0.3_DRAFT_2026-08-01.docx,5406ea01f98ebec7774b9a4e058ed26ad3bfdf9972bf8d70a8d4092d1ea62e5a,PROMOTED,04_PV/01_Controlled_Documents/PLN/Draft/GMG-PV-PLN-0003_v0.3_DRAFT_2026-08-01.docx,
GQMS domains 00-18,04_PV/SOP/Superseded_Retired/GMG-PV-SOP-0004_v0.2_DRAFT_2026-07-14_SUPERSEDED.docx,540b8132af7c10d0156c974e449144a21663641804cc950e5e59f8329bcd9769,PROMOTED,04_PV/01_Controlled_Documents/SOP/Superseded/GMG-PV-SOP-0004_v0.2_DRAFT_2026-07-14_SUPERSEDED.docx,
GQMS domains 00-18,01_QMS/FRM/Draft/GMG-QMS-FRM-0031_v0.2_DRAFT_2026-08-08.xlsx,548bcd1394f67f980fab92b273149b5a145e3b0cb202d6a24d8b8b881aee5d84,PROMOTED,01_QMS/01_Controlled_Documents/FRM/Draft/GMG-QMS-FRM-0031_v0.2_DRAFT_2026-08-08.xlsx,
GQMS domains 00-18,04_PV/LST/Superseded_Retired/GMG-PV-LST-0003_v0.1_DRAFT_2026-07-16.xlsx,54e3cf27a3fdb96ac02403d29a7152a6a3058c15bb6654272a5d712f2aca6e90,HELD,,NO TARGET TYPE FOLDER — LST absent from v0.31 04_PV type set
GQMS domains 00-18,06_NUT/SOP/Draft/GMG-NUT-SOP-0007_v0.5_DRAFT_2026-08-01.docx,54ebed3f70b034ca929c937805d971d7fc99db9380df92ad9abd60564eff5c4e,PROMOTED,06_NUT/01_Controlled_Documents/SOP/Draft/GMG-NUT-SOP-0007_v0.5_DRAFT_2026-08-01.docx,
GQMS domains 00-18,04_PV/WIN/Draft/Superseded_Retired/GMG-PV-WIN-0006_v0.1_DRAFT_2026-07-16.docx,5575ed8ce1383db93d37d2b3933badd89df75c782d0cda52f8b38f53bf961da9,PROMOTED,04_PV/01_Controlled_Documents/WIN/Draft/Superseded_Retired/GMG-PV-WIN-0006_v0.1_DRAFT_2026-07-16.docx,
GQMS domains 00-18,04_PV/MAN/Draft/Superseded_Retired/GMG-PV-MAN-0001_v0.20_DRAFT_2026-08-03.docx,564f6f3bac93f7a1cc7c8cd7bf005b15e01880d8fcecbcfc1a9c662ab991966f,PROMOTED (v0.32 type addition),02_GQMS_Controlled_Repository/00_Group_Shared/04_PV/01_Controlled_Documents/MAN/Draft/Superseded_Retired/GMG-PV-MAN-0001_v0.20_DRAFT_2026-08-03.docx,
GQMS domains 00-18,04_PV/SOP/Superseded_Retired/GMG-PV-SOP-0001_v0.2_SUPERSEDED_2026-07-16.docx,5775f44261b54cb45f5cdd53bbc10c024c6eeb00e264ca532f5a1dbbb2d39926,PROMOTED,04_PV/01_Controlled_Documents/SOP/Superseded/GMG-PV-SOP-0001_v0.2_SUPERSEDED_2026-07-16.docx,
GQMS domains 00-18,01_QMS/MTX/Draft/GMG-QMS-MTX-0004_v1.4_DRAFT_2026-07-21.xlsx,57a6581b7307d00d3325f8037344e56052a67b6347a55c7cb5b435540fa768ac,PROMOTED,01_QMS/01_Controlled_Documents/MTX/Draft/GMG-QMS-MTX-0004_v1.4_DRAFT_2026-07-21.xlsx,
GQMS domains 00-18,04_PV/SOP/Draft/Superseded_Retired/GMG-PV-SOP-0005_v0.8_DRAFT_2026-08-07.docx,57e7a5ccb5b2124b61e3014c33331718b8184de9f3c26e645e83d520fa70ebf9,PROMOTED,04_PV/01_Controlled_Documents/SOP/Draft/Superseded_Retired/GMG-PV-SOP-0005_v0.8_DRAFT_2026-08-07.docx,
GQMS domains 00-18,04_PV/MAN/Superseded_Retired/GMG-PV-MAN-0001_v0.6_DRAFT_2026-07-18.docx,5880ce51723a222ea13350ab371f9c149c4e299f58097b58cf72331609902843,HELD,,NO TARGET TYPE FOLDER — MAN absent from v0.31 04_PV type set
GQMS domains 00-18,04_PV/LOG/Draft/GMG-PV-LOG-0008_v0.1_DRAFT_2026-07-16.xlsx,58c4a464543700e5cebced3e89585ccdb363fe9e5aaac02ff554ad0e03befc7b,PROMOTED,04_PV/01_Controlled_Documents/LOG/Draft/GMG-PV-LOG-0008_v0.1_DRAFT_2026-07-16.xlsx,
GQMS domains 00-18,04_PV/FRM/Draft/Superseded_Retired/GMG-PV-FRM-0010_PV-Accountability-Mandate-and-Appointment_v0.2_DRAFT_2026-08-03.docx,58e3230901fe7e265b9c29a022b23d0e6a41170d0e26a1b126f61aba641b3f8a,PROMOTED,04_PV/01_Controlled_Documents/FRM/Draft/Superseded_Retired/GMG-PV-FRM-0010_PV-Accountability-Mandate-and-Appointment_v0.2_DRAFT_2026-08-03.docx,
GQMS domains 00-18,04_PV/SOP/Draft/Superseded_Retired/GMG-PV-SOP-0021_v0.5_DRAFT_2026-08-07.docx,59d0692301e5fe892c63aaea94487ddfbe7a1fbc06ec3c81d2a7a6958c580d5e,PROMOTED,04_PV/01_Controlled_Documents/SOP/Draft/Superseded_Retired/GMG-PV-SOP-0021_v0.5_DRAFT_2026-08-07.docx,
GQMS domains 00-18,04_PV/SOP/Draft/Superseded_Retired/GMG-PV-SOP-0011_v0.4_DRAFT_2026-08-05.docx,59d152cd678186a147b193bd71bfc7c27ff58ecc49360ebb4d9025557275ed7a,PROMOTED,04_PV/01_Controlled_Documents/SOP/Draft/Superseded_Retired/GMG-PV-SOP-0011_v0.4_DRAFT_2026-08-05.docx,
GQMS domains 00-18,04_PV/LST/Draft/Superseded_Retired/GMG-PV-LST-0002_v0.2_DRAFT_2026-07-25.xlsx,5a2048ab2954ff7fb5a991bb39c242bfe1d6bd75dbe88300a8e5ed3771b20267,PROMOTED (v0.32 type addition),02_GQMS_Controlled_Repository/00_Group_Shared/04_PV/01_Controlled_Documents/LST/Draft/Superseded_Retired/GMG-PV-LST-0002_v0.2_DRAFT_2026-07-25.xlsx,
GQMS domains 00-18,06_NUT/CHK/Draft/GMG-NUT-CHK-0002_v0.1_DRAFT_2026-08-01.docx,5a23cf67e06b97870147e7b2289533b9a3b15b12b63bc8db493bc4b24dec417e,PROMOTED,06_NUT/01_Controlled_Documents/CHK/Draft/GMG-NUT-CHK-0002_v0.1_DRAFT_2026-08-01.docx,
GQMS domains 00-18,04_PV/SOP/Draft/GMG-PV-SOP-0011_v0.8_DRAFT_2026-08-07.docx,5a6d64aa77a083275342a7249588c7f38e0d4229a816ca5f01173514ebad9ccf,PROMOTED,04_PV/01_Controlled_Documents/SOP/Draft/GMG-PV-SOP-0011_v0.8_DRAFT_2026-08-07.docx,
GQMS domains 00-18,04_PV/MAN/Superseded_Retired/GMG-PV-MAN-0002_v0.19_DRAFT_2026-08-03.pdf,5aa2776ece8c1493ce412254e59aa4c77b6f39162b7887f450586928652a0e04,HELD,,NO TARGET TYPE FOLDER — MAN absent from v0.31 04_PV type set
GQMS domains 00-18,04_PV/PLN/Draft/GMG-PV-Interim-Intake-Control-A53_v0.2_DRAFT_2026-08-03.docx,5b4f81943cf1b2e8bc32c65793b6402e1e1b6fd27335229b63aff05247b033e5,PROMOTED,04_PV/01_Controlled_Documents/PLN/Draft/GMG-PV-Interim-Intake-Control-A53_v0.2_DRAFT_2026-08-03.docx,
GQMS domains 00-18,04_PV/LST/Superseded_Retired/GMG-PV-LST-0003_v0.5_DRAFT_2026-08-01.xlsx,5b74b340279ec0b445d546bba297acb2813da25b9aaecd717c7106823e8e13bb,HELD,,NO TARGET TYPE FOLDER — LST absent from v0.31 04_PV type set
GQMS domains 00-18,04_PV/SOP/Draft/GMG-PV-SOP-0013_v0.11_DRAFT_2026-08-07.docx,5ba21b33a5bf5b0be5b5b3a7c8157f01408c437e6f9c53064053e11d3c158f99,PROMOTED,04_PV/01_Controlled_Documents/SOP/Draft/GMG-PV-SOP-0013_v0.11_DRAFT_2026-08-07.docx,
GQMS domains 00-18,04_PV/LST/Superseded_Retired/GMG-PV-LST-0003_v0.3_DRAFT_2026-07-25.xlsx,5ba22f313fa7f3982dbf6995e071b0c0de586063b1a9b0620d49b34d43bc3abc,HELD,,NO TARGET TYPE FOLDER — LST absent from v0.31 04_PV type set
GQMS domains 00-18,04_PV/CHK/Superseded_Retired/GMG-PVG-CHK-0001_v0.3_SUPERSEDED_2026-07-14.xlsx,5bb83fb014377be7a75144db875eea56d8039a9072be4b987f3a881f23bce3ad,PROMOTED,04_PV/01_Controlled_Documents/CHK/Superseded/GMG-PVG-CHK-0001_v0.3_SUPERSEDED_2026-07-14.xlsx,
GQMS domains 00-18,04_PV/FRM/Superseded_Retired/GMG-PV-FRM-0010-SET_Mandate-Setonda_v0.1_DRAFT_2026-08-03.docx,5bd39bed21641d2434438a2ffa2b1bc6f78b070607c72082b03deec44030e574,HELD,,LIFECYCLE UNDETERMINED — in Superseded_Retired with no status token | likely: Superseded — GMG-PV-FRM-0010 exists at higher version v0.4
GQMS domains 00-18,05_RAF/LOG/Superseded_Retired/GMG-RAF-LOG-0001_v0.1_DRAFT_2026-07-16.xlsx,5c7991fcc41aee0397e3947d72c4a1c8a8abc21a0eb4ff90d3af71019c3dd9dc,HELD,,LIFECYCLE UNDETERMINED — in Superseded_Retired with no status token | likely: Superseded — GMG-RAF-LOG-0001 exists at higher version v0.2
GQMS domains 00-18,04_PV/MTX/Draft/GMG-PV-MTX-0002_v0.8_DRAFT_2026-08-08.xlsx,5d8acd3ec20e8e3d466e4c2e716546dcba9b3205c71502d8f7b10d7a5af10018,PROMOTED,04_PV/01_Controlled_Documents/MTX/Draft/GMG-PV-MTX-0002_v0.8_DRAFT_2026-08-08.xlsx,
GQMS domains 00-18,04_PV/LST/Draft/GMG-PV-LST-0002_v0.4_DRAFT_2026-08-08.xlsx,5e2b886aa8279760ed83d5cf5aa00948f7c1d92883aa93f266ac25b81122ebab,PROMOTED (v0.32 type addition),02_GQMS_Controlled_Repository/00_Group_Shared/04_PV/01_Controlled_Documents/LST/Draft/GMG-PV-LST-0002_v0.4_DRAFT_2026-08-08.xlsx,
GQMS domains 00-18,04_PV/LOG/Superseded_Retired/GMG-PV-LOG-0004_v0.2_DRAFT_2026-07-25.xlsx,5e5b06d41676eff7d377ec52de279724f7da913fb498baf3f25aefae137ebfec,HELD,,LIFECYCLE UNDETERMINED — in Superseded_Retired with no status token | likely: Superseded — GMG-PV-LOG-0004 exists at higher version v0.4
GQMS domains 00-18,00_Governance/MAN/Superseded_Retired/GMG-QMS-MAN-0001_v1.12_SUPERSEDED_2026-08-03.docx,5e9b8e7110bedaeb392e23984333482a34bd7d5f12c15fc786c709d69128ae9e,PROMOTED (v0.32 type addition),02_GQMS_Controlled_Repository/00_Group_Shared/00_Governance/01_Controlled_Documents/MAN/Superseded/GMG-QMS-MAN-0001_v1.12_SUPERSEDED_2026-08-03.docx,
GQMS domains 00-18,04_PV/MAN/Superseded_Retired/GMG-PV-MAN-0001_v0.16_DRAFT_2026-08-01.docx,5ec656aac0efbce7ca4abb7cb1727013d43718c502d8f178a73e1c8d371cf154,HELD,,NO TARGET TYPE FOLDER — MAN absent from v0.31 04_PV type set
GQMS domains 00-18,03_GDP/PLN/Draft/GMG-GDP-PLN-0001_v0.1_DRAFT_2026-07-19.docx,5f06ce7e41335c67e26db7c17456db84fc150ffb4d12db1d5e9db53f7a048c8d,PROMOTED,03_GDP/01_Controlled_Documents/PLN/Draft/GMG-GDP-PLN-0001_v0.1_DRAFT_2026-07-19.docx,
GQMS domains 00-18,04_PV/CHK/Superseded_Retired/GMG-PVG-CHK-0001_v0.1_SUPERSEDED_2026-07-14.xlsx,60186ac621a8f424e6c6310ddd2bbb26ded6feae6d1430d079a2805df46f31e1,PROMOTED,04_PV/01_Controlled_Documents/CHK/Superseded/GMG-PVG-CHK-0001_v0.1_SUPERSEDED_2026-07-14.xlsx,
GQMS domains 00-18,04_PV/SOP/Draft/Superseded_Retired/GMG-PV-SOP-0011_v0.7_DRAFT_2026-08-07.docx,60328cfe662976eeb7a1fab9f29ec0df36342d848b0bcbaf795ffc1956fa3bd6,PROMOTED,04_PV/01_Controlled_Documents/SOP/Draft/Superseded_Retired/GMG-PV-SOP-0011_v0.7_DRAFT_2026-08-07.docx,
GQMS domains 00-18,04_PV/PLN/Draft/Superseded_Retired/GMG-PV-PLN-0004_v0.7_DRAFT_2026-08-01.docx,61764f853250192a28d929aa7551d4fc0306b01abecf08a76570f01044c63013,PROMOTED,04_PV/01_Controlled_Documents/PLN/Draft/Superseded_Retired/GMG-PV-PLN-0004_v0.7_DRAFT_2026-08-01.docx,
GQMS domains 00-18,04_PV/AGR/Superseded_Retired/GMG-PV-AGR-0001_v0.1_DRAFT_2026-07-16.docx,61a6d8af5907a8be3ee36b259ecbb9cd90bdc03dea20145e17d950d6482a871d,HELD,,LIFECYCLE UNDETERMINED — in Superseded_Retired with no status token | likely: Superseded — GMG-PV-AGR-0001 exists at higher version v0.6
GQMS domains 00-18,04_PV/AGR/Draft/Superseded_Retired/GMG-PV-AGR-0001_v0.5_DRAFT_2026-08-01.docx,61b6b9c30b62c5af6853db22d553d8f06d147e4a2f986732c0fe5b1f2e41fd50,PROMOTED,04_PV/01_Controlled_Documents/AGR/Draft/Superseded_Retired/GMG-PV-AGR-0001_v0.5_DRAFT_2026-08-01.docx,
GQMS domains 00-18,04_PV/SOP/Draft/Superseded_Retired/GMG-PV-SOP-0019_v0.2_DRAFT_2026-07-16.docx,624a8926d6bb67cf54e5cb6b1d7ff94629ef52f840369d992b15aa4f630f9f56,PROMOTED,04_PV/01_Controlled_Documents/SOP/Draft/Superseded_Retired/GMG-PV-SOP-0019_v0.2_DRAFT_2026-07-16.docx,
GQMS domains 00-18,04_PV/SOP/Draft/GMG-PV-SOP-0001_v0.13_DRAFT_2026-08-07.docx,62946240f30a874a8a0ae69e011588fc981a7b9c60b99385085486663895ed1b,PROMOTED,04_PV/01_Controlled_Documents/SOP/Draft/GMG-PV-SOP-0001_v0.13_DRAFT_2026-08-07.docx,
GQMS domains 00-18,04_PV/AGR/Draft/GMG-PV-Ek1-Revision-Instruction_v0.1_DRAFT_2026-08-03.docx,62d0365d06c470ff860e299e5d5c1ab25bb151e82c45ee24cd75e4bff2cbfd96,PROMOTED,04_PV/01_Controlled_Documents/AGR/Draft/GMG-PV-Ek1-Revision-Instruction_v0.1_DRAFT_2026-08-03.docx,
GQMS domains 00-18,04_PV/WIN/Draft/Superseded_Retired/GMG-PV-WIN-0001_v0.3_DRAFT_2026-07-15.docx,6334fc5a0d2244f3a858147b919c7de983d9be81ca49418ebd7bf2f6c3a9aad2,PROMOTED,04_PV/01_Controlled_Documents/WIN/Draft/Superseded_Retired/GMG-PV-WIN-0001_v0.3_DRAFT_2026-07-15.docx,
GQMS domains 00-18,04_PV/MAN/Annex/GMG-PV-MAN-0002-C_v0.2_DRAFT_2026-08-07.pdf,6354ac763bdc1c78b4a355399f97bdaf7e3b08d99595fe7d01e065d267e67775,HELD,,NO TARGET TYPE FOLDER — MAN absent from v0.31 04_PV type set
GQMS domains 00-18,04_PV/MAN/Annex/Superseded_Retired/GMG-PV-MAN-0001-H_v0.4_DRAFT_2026-08-01.xlsx,63565efbeff53942fd947406612e63a34e13dbf99bcebf1d16c27ebe7227b012,HELD,,NO TARGET TYPE FOLDER — MAN absent from v0.31 04_PV type set
GQMS domains 00-18,06_NUT/SOP/Draft/GMG-NUT-SOP-0006_v0.4_DRAFT_2026-08-01.docx,635b0289ba71654ea7f3fb2dab33ea640aa063268bb80634c59311200d7a4af6,PROMOTED,06_NUT/01_Controlled_Documents/SOP/Draft/GMG-NUT-SOP-0006_v0.4_DRAFT_2026-08-01.docx,
GQMS domains 00-18,04_PV/SOP/Draft/Superseded_Retired/GMG-PV-SOP-0002_v0.5_DRAFT_2026-08-05.docx,635fc1df84dc8bf0a3964e7f8203bd59c5aae0e0f1fdc391e55501d59f656e6d,PROMOTED,04_PV/01_Controlled_Documents/SOP/Draft/Superseded_Retired/GMG-PV-SOP-0002_v0.5_DRAFT_2026-08-05.docx,
GQMS domains 00-18,04_PV/MAN/Draft/Superseded_Retired/GMG-PV-MAN-0001_v0.27_DRAFT_2026-08-07.docx,63b966f882d8245f0abd3be231933cf0055bbed6358be8836f8beb4dd02cc9f7,PROMOTED (v0.32 type addition),02_GQMS_Controlled_Repository/00_Group_Shared/04_PV/01_Controlled_Documents/MAN/Draft/Superseded_Retired/GMG-PV-MAN-0001_v0.27_DRAFT_2026-08-07.docx,
GQMS domains 00-18,04_PV/LOG/Superseded_Retired/GMG-PV-Consolidated-Deviation-Register_v0.2_DRAFT_2026-08-03.xlsx,63c3b2eb3826928ef9cce87c8414f0873f82a11ea30c400fdb4e213dac6064ae,HELD,,LIFECYCLE UNDETERMINED — in Superseded_Retired with no status token | likely: NOT A CONTROLLED DOCUMENT — No document code — likely a quality record
GQMS domains 00-18,04_PV/SOP/Draft/Superseded_Retired/GMG-PV-SOP-0002_v0.6_DRAFT_2026-08-07.docx,650b54ef631b6b6ff5d8e333f4104c3abb0a67c3b3b37027f4b44dc61c074169,PROMOTED,04_PV/01_Controlled_Documents/SOP/Draft/Superseded_Retired/GMG-PV-SOP-0002_v0.6_DRAFT_2026-08-07.docx,
GQMS domains 00-18,04_PV/SOP/Draft/GMG-PV-Oversight-Overlap-Record_v0.1_DRAFT_2026-08-03.pdf,6535428a9cfe3abc2643677410919d9c2921527573f7bbfe23fb66af70eeb9dc,PROMOTED,04_PV/01_Controlled_Documents/SOP/Draft/GMG-PV-Oversight-Overlap-Record_v0.1_DRAFT_2026-08-03.pdf,
GQMS domains 00-18,04_PV/MTX/Draft/Superseded_Retired/GMG-PV-MTX-0002_v0.6_DRAFT_2026-08-07.xlsx,65a3cd15ce3d4ea133ec6e4801c46fd52223406d5997b6bf04ef11404e969cd7,PROMOTED,04_PV/01_Controlled_Documents/MTX/Draft/Superseded_Retired/GMG-PV-MTX-0002_v0.6_DRAFT_2026-08-07.xlsx,
GQMS domains 00-18,04_PV/SOP/Draft/Superseded_Retired/GMG-PV-SOP-0005_v0.7_DRAFT_2026-08-05.docx,667e96e4ce7fbbf7ffd80da20ee3a92776da7c952ae9aeabf0fef92cbc61abc9,PROMOTED,04_PV/01_Controlled_Documents/SOP/Draft/Superseded_Retired/GMG-PV-SOP-0005_v0.7_DRAFT_2026-08-05.docx,
GQMS domains 00-18,04_PV/CHK/Draft/GMG-PV-CHK-0005_v0.2_DRAFT_2026-07-16.docx,66e796ae45903a78b12258a3796387f93c2c03e245b690e8d42679b359498116,PROMOTED,04_PV/01_Controlled_Documents/CHK/Draft/GMG-PV-CHK-0005_v0.2_DRAFT_2026-07-16.docx,
GQMS domains 00-18,04_PV/SOP/Draft/GMG-PV-SOP-0003_v0.11_DRAFT_2026-08-07.docx,67a5243c94b20999c359d26d96e027cb08bddb82bebd72263d1a9ea6434b2d08,PROMOTED,04_PV/01_Controlled_Documents/SOP/Draft/GMG-PV-SOP-0003_v0.11_DRAFT_2026-08-07.docx,
GQMS domains 00-18,04_PV/FRM/Draft/Superseded_Retired/GMG-PV-FRM-0007_v0.1_DRAFT_2026-07-16.docx,687ddb2c561111ed9928599707ab9bf1563361f74de07aca10ec7c91addb4b5b,PROMOTED,04_PV/01_Controlled_Documents/FRM/Draft/Superseded_Retired/GMG-PV-FRM-0007_v0.1_DRAFT_2026-07-16.docx,
GQMS domains 00-18,08_CSV/GMG-PV-Di10-PV-Acceptance-Criteria_v0.1_DRAFT_2026-08-03.docx,68ac9a49257d50eb719deb216d5c5c7e6591b127d733fff7fdfd129990383f64,HELD,,NO TYPE FOLDER — file sits at the domain root
GQMS domains 00-18,04_PV/SOP/Draft/Superseded_Retired/GMG-PV-SOP-0018_v0.2_DRAFT_2026-07-16.docx,68d282210bf5b165ea5fc6fbc565c3eee7daeccffcb05aae397b1c21e59c3cac,PROMOTED,04_PV/01_Controlled_Documents/SOP/Draft/Superseded_Retired/GMG-PV-SOP-0018_v0.2_DRAFT_2026-07-16.docx,
GQMS domains 00-18,04_PV/MAN/Annex/Superseded_Retired/GMG-PV-MAN-0002-F_v0.1_DRAFT_2026-08-07.docx,68e16f7d2829c21b966ad067f12b7a612f30d8fab2a2cf32271af9fc021e6729,HELD,,NO TARGET TYPE FOLDER — MAN absent from v0.31 04_PV type set
GQMS domains 00-18,01_QMS/SOP/Superseded_Retired/GMG-QMS-SOP-0003_v0.7_DRAFT_2026-07-18.docx,69733d1969ebc83060c0c2b7de9efcc05bcad78b48a64360730f8fc9683ccc83,HELD,,LIFECYCLE UNDETERMINED — in Superseded_Retired with no status token | likely: Superseded — GMG-QMS-SOP-0003 exists at higher version v0.14
GQMS domains 00-18,04_PV/AGR/Draft/GMG-PV-AGR-0001_v0.6_DRAFT_2026-08-07.docx,69d02dda9f13cb3f63de0633411cc2919902c82f5606dcdf7fe55293f69c3975,PROMOTED,04_PV/01_Controlled_Documents/AGR/Draft/GMG-PV-AGR-0001_v0.6_DRAFT_2026-08-07.docx,
GQMS domains 00-18,04_PV/WIN/Draft/GMG-PV-WIN-0002_v0.1_DRAFT_2026-08-08.docx,69fed5d8e962b3f9f5ec2110bbc2dfe23e6cb0ee907410ff65f46f9bc62c12c1,PROMOTED,04_PV/01_Controlled_Documents/WIN/Draft/GMG-PV-WIN-0002_v0.1_DRAFT_2026-08-08.docx,
GQMS domains 00-18,04_PV/PLN/Draft/Superseded_Retired/GMG-PV-PLN-0007-A_PV-Development-Action-Tracker_v0.3_DRAFT_2026-07-25.xlsx,6aaa4c5d04cd04498f5972db115a10b98023ff941a6010817cad8177f283395d,PROMOTED,04_PV/01_Controlled_Documents/PLN/Draft/Superseded_Retired/GMG-PV-PLN-0007-A_PV-Development-Action-Tracker_v0.3_DRAFT_2026-07-25.xlsx,
GQMS domains 00-18,01_QMS/FRM/Draft/GMG-QMS-FRM-0022_v0.1_DRAFT_2026-07-18.xlsx,6b07a198758cc9ebf1336de0d38d7ce3c271511a110caa675b8c79aa6dc3c68a,PROMOTED,01_QMS/01_Controlled_Documents/FRM/Draft/GMG-QMS-FRM-0022_v0.1_DRAFT_2026-07-18.xlsx,
GQMS domains 00-18,04_PV/MAN/Superseded_Retired/GMG-PV-MAN-0002_v0.8_DRAFT_2026-07-21.docx,6b161f321be5671ee40b0027695677fdc6b0dde355c4bec1d93792b72c00c793,HELD,,NO TARGET TYPE FOLDER — MAN absent from v0.31 04_PV type set
GQMS domains 00-18,04_PV/SOP/Superseded_Retired/GMG-PV-SOP-0006_v0.2_SUPERSEDED_2026-07-16.docx,6b5e162c8da01b790a0f7cbb8913b0d6c1b37bdee8b31b772dcf57ff1bf5fd01,PROMOTED,04_PV/01_Controlled_Documents/SOP/Superseded/GMG-PV-SOP-0006_v0.2_SUPERSEDED_2026-07-16.docx,
GQMS domains 00-18,01_QMS/FRM/Draft/GMG-QMS-FRM-0027_v0.1_DRAFT_2026-07-18.xlsx,6bdf267062ee0985ab7def6f560438405a0cec39a4dfd6fe556eeab1dcd8b2c1,PROMOTED,01_QMS/01_Controlled_Documents/FRM/Draft/GMG-QMS-FRM-0027_v0.1_DRAFT_2026-07-18.xlsx,
GQMS domains 00-18,04_PV/MAN/Superseded_Retired/GMG-PV-MAN-0001_v0.19_DRAFT_2026-08-03.docx,6c5ad7a042d8295761837e36f61b6ede966b592b832a920f23230ec51649de72,HELD,,NO TARGET TYPE FOLDER — MAN absent from v0.31 04_PV type set
GQMS domains 00-18,04_PV/LST/Draft/Superseded_Retired/GMG-PV-LST-0003_v0.7_DRAFT_2026-08-01.xlsx,6c71b9a711ac7769e768425fc6e9535d3d904fafc5472e93c232f0984a79a9f4,PROMOTED (v0.32 type addition),02_GQMS_Controlled_Repository/00_Group_Shared/04_PV/01_Controlled_Documents/LST/Draft/Superseded_Retired/GMG-PV-LST-0003_v0.7_DRAFT_2026-08-01.xlsx,
GQMS domains 00-18,06_NUT/SOP/Draft/GMG-NUT-SOP-0004_v0.5_DRAFT_2026-08-01.docx,6d11b3cf2ee88125ab0f161e52fcc170d9a7ed097c3244472dd0e38e9c96ca98,PROMOTED,06_NUT/01_Controlled_Documents/SOP/Draft/GMG-NUT-SOP-0004_v0.5_DRAFT_2026-08-01.docx,
GQMS domains 00-18,04_PV/AGR/Effective/Executed_SDEAs/GMG-PV-SDEA-AZ-Makromed_executed.pdf,6d2bd09d2f6adad49ab0a0a7a573770d7ecdcef8db005db8976cfad59f780ee6,PROMOTED,04_PV/01_Controlled_Documents/AGR/Effective/Executed_SDEAs/GMG-PV-SDEA-AZ-Makromed_executed.pdf,
GQMS domains 00-18,01_QMS/FRM/Draft/GMG-QMS-FRM-0002_v1.0_DRAFT_2026-07-11.docx,6dac303cebe9b5c3b7f31741705aedc286b63ed55542174b9cd11a60769eeb9e,PROMOTED,01_QMS/01_Controlled_Documents/FRM/Draft/GMG-QMS-FRM-0002_v1.0_DRAFT_2026-07-11.docx,
GQMS domains 00-18,04_PV/SOP/Draft/Superseded_Retired/GMG-PV-SOP-0019_v0.6_DRAFT_2026-08-07.docx,6dc651f3a7c96c37511375be2b7e764b01affcd56eeda53b972afd1dee5512f6,PROMOTED,04_PV/01_Controlled_Documents/SOP/Draft/Superseded_Retired/GMG-PV-SOP-0019_v0.6_DRAFT_2026-08-07.docx,
GQMS domains 00-18,04_PV/MAN/Annex/Superseded_Retired/GMG-PV-MAN-0002-H_v0.9_DRAFT_2026-08-01.xlsx,6dda0ebcafe153f1be70df533998b3375cdaed27dbca0978688f274c3788f4eb,HELD,,NO TARGET TYPE FOLDER — MAN absent from v0.31 04_PV type set
GQMS domains 00-18,04_PV/SOP/Draft/Superseded_Retired/GMG-PV-SOP-0013_v0.8_DRAFT_2026-08-07.docx,6e94b72ce4f59020a3ed177b2186ff2b5eebfcc91939d81f1ad6a8339143a066,PROMOTED,04_PV/01_Controlled_Documents/SOP/Draft/Superseded_Retired/GMG-PV-SOP-0013_v0.8_DRAFT_2026-08-07.docx,
GQMS domains 00-18,06_NUT/FRM/Draft/GMG-NUT-FRM-0007_v0.2_DRAFT_2026-08-01.docx,6efa7e3150599b359e3f50de6f33dc26e58535d1bceb85e67e495b0fc7425e0b,PROMOTED,06_NUT/01_Controlled_Documents/FRM/Draft/GMG-NUT-FRM-0007_v0.2_DRAFT_2026-08-01.docx,
GQMS domains 00-18,04_PV/PLN/Superseded_Retired/GMG-PV-PLN-0007-B_PV-Execution-List_v0.3_DRAFT_2026-08-01.xlsx,70c038c57f41c0fe29c68c74cbedba8760bfb2123ba6a53d5cb16a3c96da5b4f,HELD,,LIFECYCLE UNDETERMINED — in Superseded_Retired with no status token | likely: Superseded — GMG-PV-PLN-0007 exists at higher version v0.8
GQMS domains 00-18,04_PV/LOG/Draft/GMG-PV-LOG-0005_v0.3_DRAFT_2026-08-01.xlsx,713a7f7526af17dbad03ff29cf97a305a9bf801bc94fe2d92e86a61fc9f4e21d,PROMOTED,04_PV/01_Controlled_Documents/LOG/Draft/GMG-PV-LOG-0005_v0.3_DRAFT_2026-08-01.xlsx,
GQMS domains 00-18,04_PV/LOG/Draft/GMG-PV-LOG-0001_v0.9_DRAFT_2026-08-01.xlsx,733a24be3744fdc3b2d3a18e3f144245fe23e878c2b08b04d1672356c70bfe05,PROMOTED,04_PV/01_Controlled_Documents/LOG/Draft/GMG-PV-LOG-0001_v0.9_DRAFT_2026-08-01.xlsx,
GQMS domains 00-18,04_PV/PLN/Superseded_Retired/GMG-PV-PLN-0004_v0.6_DRAFT_2026-07-25.docx,73a740f3269f02174a677c770052ed9537708e07b72092fcd068e9d7f00880a2,HELD,,LIFECYCLE UNDETERMINED — in Superseded_Retired with no status token | likely: Superseded — GMG-PV-PLN-0004 exists at higher version v0.8
GQMS domains 00-18,01_QMS/PLN/Draft/GMG-QMS-PLN-0005_v1.2_DRAFT_2026-07-11.docx,73b98776905266661e3c720bc9cb3e674d1668af718c7f88b7963c915d463ab5,PROMOTED,01_QMS/01_Controlled_Documents/PLN/Draft/GMG-QMS-PLN-0005_v1.2_DRAFT_2026-07-11.docx,
GQMS domains 00-18,00_Governance/MAN/Superseded_Retired/GMG-QMS-MAN-0001_v1.13_SUPERSEDED_2026-08-03.docx,73cd87eeb06655c5e211631d42990bfe0378a0c4c10314f4a480fc5552839c43,PROMOTED (v0.32 type addition),02_GQMS_Controlled_Repository/00_Group_Shared/00_Governance/01_Controlled_Documents/MAN/Superseded/GMG-QMS-MAN-0001_v1.13_SUPERSEDED_2026-08-03.docx,
GQMS domains 00-18,04_PV/MAN/Annex/GMG-PV-MAN-0001-H_v0.7_DRAFT_2026-08-07.xlsx,754cf5c29814d098f7a13af60a5355ebe21aa8487ddd840e3847e9c67aab773e,HELD,,NO TARGET TYPE FOLDER — MAN absent from v0.31 04_PV type set
GQMS domains 00-18,04_PV/TIA/Draft/GMG-PV-TIA-0001_Transfer-Impact-Assessment-Di10-PV_v0.1_DRAFT_2026-08-01.docx,75a9701e6a24ac510ab6592f50b09c329ac64368ee7eb341562705091dd3271a,PROMOTED,04_PV/01_Controlled_Documents/TIA/Draft/GMG-PV-TIA-0001_Transfer-Impact-Assessment-Di10-PV_v0.1_DRAFT_2026-08-01.docx,
GQMS domains 00-18,04_PV/SOP/Superseded_Retired/GMG-PVG-SOP-0013_v0.1_SUPERSEDED_2026-07-14.docx,75feccdb98e57ab7ff798cb1cb6c4c3ea67220d5e9f9377cae191a217d32a565,PROMOTED,04_PV/01_Controlled_Documents/SOP/Superseded/GMG-PVG-SOP-0013_v0.1_SUPERSEDED_2026-07-14.docx,
GQMS domains 00-18,04_PV/SOP/Superseded_Retired/GMG-PV-SOP-0011_v0.1_SUPERSEDED_2026-07-16.docx,76634d4af8cd6d2de9d51cf28c315a1f9b303719402ce46ac00eb8f4fd41deb4,PROMOTED,04_PV/01_Controlled_Documents/SOP/Superseded/GMG-PV-SOP-0011_v0.1_SUPERSEDED_2026-07-16.docx,
GQMS domains 00-18,04_PV/SOP/Draft/Superseded_Retired/GMG-PV-SOP-0023_v0.2_DRAFT_2026-07-16.docx,76f90bfac89617a24b99649b0e0dda42ff7e8ac10d46ee7d50348b391a295a70,PROMOTED,04_PV/01_Controlled_Documents/SOP/Draft/Superseded_Retired/GMG-PV-SOP-0023_v0.2_DRAFT_2026-07-16.docx,
GQMS domains 00-18,04_PV/CHK/Draft/GMG-PV-CHK-0002_v0.4_DRAFT_2026-08-07.docx,7714c3ef84ff45fa9d9731f31655223c7d5f1875c9428d9a363dbf058b37c414,PROMOTED,04_PV/01_Controlled_Documents/CHK/Draft/GMG-PV-CHK-0002_v0.4_DRAFT_2026-08-07.docx,
GQMS domains 00-18,04_PV/MAN/Annex/ORG-SET-v02_Setonda-PV-Organisation_2026-08-03.svg,773f16494c243c0b23a6ef3a313c1a528c3707a4af64e5f45b16edc97abb33f9,HELD,,NO TARGET TYPE FOLDER — MAN absent from v0.31 04_PV type set
GQMS domains 00-18,04_PV/WIN/Draft/GMG-PV-WIN-0004-M3_PV-Training-Session-Pack-Module-3_v0.1_DRAFT_2026-08-08.docx,77852a21d0482393a0d670a67ac86f612f5d14062d09753aebef24121b82f032,PROMOTED,04_PV/01_Controlled_Documents/WIN/Draft/GMG-PV-WIN-0004-M3_PV-Training-Session-Pack-Module-3_v0.1_DRAFT_2026-08-08.docx,
GQMS domains 00-18,01_QMS/STD/Draft/GMG-QMS-STD-0002_v0.5_DRAFT_2026-08-03.docx,778ccef0f6ace8c42c680094598c9bb086e56b1ea335989569f79f3ebd6946c5,PROMOTED,01_QMS/01_Controlled_Documents/STD/Draft/GMG-QMS-STD-0002_v0.5_DRAFT_2026-08-03.docx,
GQMS domains 00-18,01_QMS/FRM/Draft/GMG-QMS-FRM-0030_v0.1_DRAFT_2026-07-18.xlsx,77cfd60bff71699e89e98f983689d5d14c3fd8e4955cab7239b00238b0c53280,PROMOTED,01_QMS/01_Controlled_Documents/FRM/Draft/GMG-QMS-FRM-0030_v0.1_DRAFT_2026-07-18.xlsx,
GQMS domains 00-18,04_PV/MAN/Superseded_Retired/GMG-PV-MAN-0002_v0.17_DRAFT_2026-08-01.docx,78761092213daa78d1407c7af4ae0b211ccde704273f7c3b6446e94f3d341c57,HELD,,NO TARGET TYPE FOLDER — MAN absent from v0.31 04_PV type set
GQMS domains 00-18,01_QMS/SOP/Draft/GMG-QMS-SOP-0002_v0.5_DRAFT_2026-07-11.docx,78a8d97e03512942d18e2f8c827d1b9262936eb03e86b6553913ac819843d1c6,PROMOTED,01_QMS/01_Controlled_Documents/SOP/Draft/GMG-QMS-SOP-0002_v0.5_DRAFT_2026-07-11.docx,
GQMS domains 00-18,04_PV/MAN/Superseded_Retired/GMG-PV-MAN-0002_v0.5_DRAFT_2026-07-21.docx,78b8419c5654a1f85422cf8af6d623c663e81a1b4f2a5bad0c185034ece32aa2,HELD,,NO TARGET TYPE FOLDER — MAN absent from v0.31 04_PV type set
GQMS domains 00-18,04_PV/MAN/Annex/GMG-PV-MAN-0002-F_v0.1_DRAFT_2026-08-07.pdf,796d8aea4be7fca2f31357449a3c5e748cdaf1bf286114e167c90d940546b296,HELD,,NO TARGET TYPE FOLDER — MAN absent from v0.31 04_PV type set
GQMS domains 00-18,04_PV/MAN/Annex/Superseded_Retired/GMG-PV-MAN-0002-B_v0.6_DRAFT_2026-08-03.docx,79913f634038b4bbe55f340c8006a57b8a08a322b7e617bb0004201f03cc7341,HELD,,NO TARGET TYPE FOLDER — MAN absent from v0.31 04_PV type set
GQMS domains 00-18,04_PV/SOP/Draft/Superseded_Retired/GMG-PV-SOP-0004_v0.6_DRAFT_2026-08-03.docx,79bf885170c8ce76e40539a3609f0b355714db447d280dbf30afa7c7d5b11920,PROMOTED,04_PV/01_Controlled_Documents/SOP/Draft/Superseded_Retired/GMG-PV-SOP-0004_v0.6_DRAFT_2026-08-03.docx,
GQMS domains 00-18,01_QMS/PLN/Draft/GMG-QMS-PLN-0008_v0.1_DRAFT_2026-07-19.docx,7a4faa7942c0545403475495c118fcebd41cbd9737e4e027bb044bdfef6d10a2,PROMOTED,01_QMS/01_Controlled_Documents/PLN/Draft/GMG-QMS-PLN-0008_v0.1_DRAFT_2026-07-19.docx,
GQMS domains 00-18,04_PV/PLN/Draft/GMG-PV-Interim-Intake-Control-A53_v0.1_DRAFT_2026-08-03.pdf,7a7c94a137d13c750780265a6a6da163c4cad162b9e3239e3fa38f80a6df0430,PROMOTED,04_PV/01_Controlled_Documents/PLN/Draft/GMG-PV-Interim-Intake-Control-A53_v0.1_DRAFT_2026-08-03.pdf,
GQMS domains 00-18,06_NUT/SOP/Draft/GMG-NUT-SOP-0002_v0.5_DRAFT_2026-08-01.docx,7a9fc0ff607430cb3b98bb51d733fb47c43b1d2854b4b86fe46971d228d6af04,PROMOTED,06_NUT/01_Controlled_Documents/SOP/Draft/GMG-NUT-SOP-0002_v0.5_DRAFT_2026-08-01.docx,
GQMS domains 00-18,04_PV/MTX/Draft/Superseded_Retired/GMG-PV-MTX-0001_v0.7_DRAFT_2026-08-01.xlsx,7b722c3fb41865f1ab0522f070cc24dbdcc440fa89a898543d9feca0cb7011d7,PROMOTED,04_PV/01_Controlled_Documents/MTX/Draft/Superseded_Retired/GMG-PV-MTX-0001_v0.7_DRAFT_2026-08-01.xlsx,
GQMS domains 00-18,01_QMS/LOG/Superseded_Retired/GMG-QMS-LOG-0003_v0.3_DRAFT_2026-07-13.xlsx,7bbb8b231bcb864ead669afd301b69504345ebe989345e0e56070b8ed499f9e5,HELD,,LIFECYCLE UNDETERMINED — in Superseded_Retired with no status token | likely: Superseded — GMG-QMS-LOG-0003 exists at higher version v0.5
GQMS domains 00-18,04_PV/LOG/Superseded_Retired/GMG-PV-LST-0001_v0.1_DRAFT_2026-07-11.xlsx,7c8d0afd7d5c57249999b8a81267f584d8c15a3e4a2d5f7e612f7017447e85f0,HELD,,LIFECYCLE UNDETERMINED — in Superseded_Retired with no status token | likely: Superseded — GMG-PV-LST-0001 exists at higher version v0.10
GQMS domains 00-18,04_PV/AGR/Draft/GMG-PV-Ek1-Revision-Instruction_v0.1_DRAFT_2026-08-03.pdf,7c8f87ee76508a252055c335c44383c677c16207fd2c0816a3bdd406f54a895d,PROMOTED,04_PV/01_Controlled_Documents/AGR/Draft/GMG-PV-Ek1-Revision-Instruction_v0.1_DRAFT_2026-08-03.pdf,
GQMS domains 00-18,01_QMS/FRM/Draft/GMG-QMS-FRM-0003-BATCH-01_v0.3_DRAFT_2026-08-08.xlsx,7d0521686d016892f68bd5a504b8a99362b681b861d8e57682b06053218661f8,PROMOTED,01_QMS/01_Controlled_Documents/FRM/Draft/GMG-QMS-FRM-0003-BATCH-01_v0.3_DRAFT_2026-08-08.xlsx,
GQMS domains 00-18,04_PV/SOP/Draft/Superseded_Retired/GMG-PV-SOP-0010_v0.2_DRAFT_2026-07-16.docx,7d15d0d19c5c7de7a9703e443de79e7bdc2fd48fd67bd2c89c86ec333ce1b9e2,PROMOTED,04_PV/01_Controlled_Documents/SOP/Draft/Superseded_Retired/GMG-PV-SOP-0010_v0.2_DRAFT_2026-07-16.docx,
GQMS domains 00-18,04_PV/WIN/Draft/GMG-PV-WIN-0004_v0.3_DRAFT_2026-07-14.docx,7d4621ec640a5f4be4f8295dde1401793027962212921e4105af8a9e0ca4a5f0,PROMOTED,04_PV/01_Controlled_Documents/WIN/Draft/GMG-PV-WIN-0004_v0.3_DRAFT_2026-07-14.docx,
GQMS domains 00-18,01_QMS/WIN/Draft/GMG-QMS-WIN-0001_v0.1_DRAFT_2026-07-15.docx,7d821898a7c638a875e730f371d12eaa3e8d9414585fbd780e60caa06f194194,PROMOTED,01_QMS/01_Controlled_Documents/WIN/Draft/GMG-QMS-WIN-0001_v0.1_DRAFT_2026-07-15.docx,
GQMS domains 00-18,04_PV/MAN/Superseded_Retired/GMG-PV-MAN-0001_v0.8_DRAFT_2026-07-21.docx,7d8c27d4ce353576386af66503af33b039c0f253f55d4ea928a81111cd1cdaec,HELD,,NO TARGET TYPE FOLDER — MAN absent from v0.31 04_PV type set
GQMS domains 00-18,04_PV/SOP/Draft/Superseded_Retired/GMG-PV-SOP-0017_v0.3_DRAFT_2026-08-05.docx,7ec9439c06b6d4a78297c3414ad5b6988c321f7260204daaf20c622e902f2bd8,PROMOTED,04_PV/01_Controlled_Documents/SOP/Draft/Superseded_Retired/GMG-PV-SOP-0017_v0.3_DRAFT_2026-08-05.docx,
GQMS domains 00-18,04_PV/RSK/Superseded_Retired/GMG-PV-RSK-0001_v0.2_DRAFT_2026-07-16.docx,7f00446d6566ac14e4b6ed419b8fe446e5c6dd11aa93984f515b03d8f1dbdaec,HELD,,NO TARGET TYPE FOLDER — RSK absent from v0.31 04_PV type set
GQMS domains 00-18,04_PV/AGR/Draft/GMG-PV-AGR-0004_v0.3_DRAFT_2026-07-21.docx,7f90850ac7b6b72a7298f7c63d74a8d342315d876f5ee850ad32bc5782f9eee4,PROMOTED,04_PV/01_Controlled_Documents/AGR/Draft/GMG-PV-AGR-0004_v0.3_DRAFT_2026-07-21.docx,
GQMS domains 00-18,01_QMS/MTX/Draft/GMG-QMS-MTX-0002_v1.0_DRAFT_2026-07-11.docx,7fcaca8b8261da735fd72f513c36ca22d8767a72822e3a41879a94d13548798e,PROMOTED,01_QMS/01_Controlled_Documents/MTX/Draft/GMG-QMS-MTX-0002_v1.0_DRAFT_2026-07-11.docx,
GQMS domains 00-18,04_PV/SOP/Draft/GMG-PV-SOP-0021_v0.8_DRAFT_2026-08-07.docx,7fe7ee314b7f93bb4eab255f484d77af45bf65c716d9d301b04e32c3422ad875,PROMOTED,04_PV/01_Controlled_Documents/SOP/Draft/GMG-PV-SOP-0021_v0.8_DRAFT_2026-08-07.docx,
GQMS domains 00-18,04_PV/PLN/Superseded_Retired/GMG-PV-PLN-0007_PV-System-Development-and-Implementation-Plan_v0.2_DRAFT_2026-07-25.docx,804cd7ce15061c883deedad639f67f3c6ade32d1ceb768e2a32f041b885f0253,HELD,,LIFECYCLE UNDETERMINED — in Superseded_Retired with no status token | likely: Superseded — GMG-PV-PLN-0007 exists at higher version v0.8
GQMS domains 00-18,04_PV/LOG/Draft/GMG-PV-LOG-0002_v0.2_DRAFT_2026-08-01.xlsx,80b594576939fbc73647d4b481f68675764237d5dd0112fc482607730219c646,PROMOTED,04_PV/01_Controlled_Documents/LOG/Draft/GMG-PV-LOG-0002_v0.2_DRAFT_2026-08-01.xlsx,
GQMS domains 00-18,01_QMS/RSK/Superseded_Retired/GMG-QMS-RSK-0001_v0.2_DRAFT_2026-07-11.docx,80e85b2b029e8cba1605dbc1c97b389807539fb89d5e076510174246f269185a,HELD,,NO TARGET TYPE FOLDER — RSK absent from v0.31 01_QMS type set
GQMS domains 00-18,04_PV/LOG/Draft/GMG-PV-LOG-0010_v0.1_DRAFT_2026-08-08.xlsx,816365a0355fda7b4ef7b867f6a3dfb068853b0b620a8b66c62d8cf2536c1b5a,PROMOTED,04_PV/01_Controlled_Documents/LOG/Draft/GMG-PV-LOG-0010_v0.1_DRAFT_2026-08-08.xlsx,
GQMS domains 00-18,04_PV/MAN/Draft/GMG-PV-MAN-0002_v0.23_DRAFT_2026-08-07.docx,819a5895a3d25fa10ffc6c56699b0a2f0cc9283b6c443ac38d4bd5388373b9e4,PROMOTED (v0.32 type addition),02_GQMS_Controlled_Repository/00_Group_Shared/04_PV/01_Controlled_Documents/MAN/Draft/GMG-PV-MAN-0002_v0.23_DRAFT_2026-08-07.docx,
GQMS domains 00-18,04_PV/PLN/Draft/GMG-PV-PLN-0001_v0.1_DRAFT_2026-07-14.docx,824f7118aad12648f5f87f24a6522f6417970d55fe88a974c21882630702d041,PROMOTED,04_PV/01_Controlled_Documents/PLN/Draft/GMG-PV-PLN-0001_v0.1_DRAFT_2026-07-14.docx,
GQMS domains 00-18,04_PV/PLN/Superseded_Retired/GMG-PVG-PLN-0001_v0.1_preHouseStyle_2026-07-14.docx,82910f34ed78d06fe9fa6224060293e26ce39139b1652e77550c928ccbf56c04,HELD,,LIFECYCLE UNDETERMINED — in Superseded_Retired with no status token | likely: UNRESOLVED — No higher version found
GQMS domains 00-18,04_PV/PLN/Draft/GMG-PV-PLN-0002_v0.3_DRAFT_2026-08-08.docx,829a1bb6c3f845871b85cfd22faa27efe2f42c18401190b014d0f8505c1b35a1,PROMOTED,04_PV/01_Controlled_Documents/PLN/Draft/GMG-PV-PLN-0002_v0.3_DRAFT_2026-08-08.docx,
GQMS domains 00-18,04_PV/MAN/Superseded_Retired/GMG-PV-MAN-0001_v0.5_DRAFT_2026-07-18.docx,82f1ceeb0572712ec5e6b59793c0db9b11baaf1b23750419fcc307abd2a2fde9,HELD,,NO TARGET TYPE FOLDER — MAN absent from v0.31 04_PV type set
GQMS domains 00-18,10_RND/STD/Draft/GMG-RND-STD-0001_Finished-Product-ND-Content-and-Format-Standard_v0.2_DRAFT_2026-07-21.docx,83044727ceb3e39511255f0ee79c96d6f417fc6b8979ddcf5ce3c60d804eedf2,PROMOTED,10_RND/01_Controlled_Documents/STD/Draft/GMG-RND-STD-0001_Finished-Product-ND-Content-and-Format-Standard_v0.2_DRAFT_2026-07-21.docx,
GQMS domains 00-18,04_PV/MTX/Draft/GMG-PV-MTX-0003_v0.3_DRAFT_2026-08-08.docx,830ef3fbe53ae326da4e50a842cd862fc3b89ec7d4b929bcfbbb9bdc341a1ceb,PROMOTED,04_PV/01_Controlled_Documents/MTX/Draft/GMG-PV-MTX-0003_v0.3_DRAFT_2026-08-08.docx,
GQMS domains 00-18,08_CSV/Di10-PV_Validation_2024-12/Performance Report.pdf,833dfb77bff8f068ac8239144006b08ea938f046ab084cd417e70d940eadfe82,HELD,,NO TARGET TYPE FOLDER — Di10-PV_Validation_2024-12 absent from v0.31 08_CSV type set
GQMS domains 00-18,04_PV/LOG/Superseded_Retired/GMG-PV-Consolidated-Deviation-Register_v0.5_DRAFT_2026-08-03.xlsx,835b188c8245558379bb21c87578db2e8ef1ffe1b34f6db38bb332e63ad074c5,HELD,,LIFECYCLE UNDETERMINED — in Superseded_Retired with no status token | likely: NOT A CONTROLLED DOCUMENT — No document code — likely a quality record
GQMS domains 00-18,04_PV/SOP/Draft/Superseded_Retired/GMG-PV-SOP-0002_v0.7_DRAFT_2026-08-07.docx,83bfc071aeb60b7b2847ad0964ad5cd8e003c9f35d94e4d24d0993d03ae9c80f,PROMOTED,04_PV/01_Controlled_Documents/SOP/Draft/Superseded_Retired/GMG-PV-SOP-0002_v0.7_DRAFT_2026-08-07.docx,
GQMS domains 00-18,04_PV/MTX/Superseded_Retired/GMG-PV-MTX-0001_v0.5_DRAFT_2026-07-21.xlsx,83bfe3f5879d8844ac6dcacf92911d43121911dcf8497a6495a702d430922178,HELD,,LIFECYCLE UNDETERMINED — in Superseded_Retired with no status token | likely: Superseded — GMG-PV-MTX-0001 exists at higher version v0.9
GQMS domains 00-18,04_PV/LOG/Draft/GMG-PV-LOG-0011_v0.1_DRAFT_2026-07-16.xlsx,83c3923052c3baeb9b21ae2223ef4e7e6e09ddda87c699e77cdd0023f2747f40,PROMOTED,04_PV/01_Controlled_Documents/LOG/Draft/GMG-PV-LOG-0011_v0.1_DRAFT_2026-07-16.xlsx,
GQMS domains 00-18,01_QMS/MTX/Draft/GMG-QMS-MTX-0007_v0.1_DRAFT_2026-07-18.xlsx,83c684015ec243b18d9d802f39f83bf16532113fec03859a44dc6b5d1f88e910,PROMOTED,01_QMS/01_Controlled_Documents/MTX/Draft/GMG-QMS-MTX-0007_v0.1_DRAFT_2026-07-18.xlsx,
GQMS domains 00-18,10_RND/FRM/Draft/GMG-RND-FRM-0003_v1.0_DRAFT_2026-07-11.docx,83ca7273f18a50908359585e00e3d0af15206e98159106c20e1a54666fcb03f3,PROMOTED,10_RND/01_Controlled_Documents/FRM/Draft/GMG-RND-FRM-0003_v1.0_DRAFT_2026-07-11.docx,
GQMS domains 00-18,01_QMS/SOP/Draft/GMG-QMS-SOP-0001_v0.34_DRAFT_2026-07-18.docx,8406994347f1021c9f43d1f7fe9ea2f2471adf54c03d93df196ce043e43350ab,PROMOTED,01_QMS/01_Controlled_Documents/SOP/Draft/GMG-QMS-SOP-0001_v0.34_DRAFT_2026-07-18.docx,
GQMS domains 00-18,06_NUT/FRM/Draft/GMG-NUT-FRM-0002_v0.4_DRAFT_2026-08-01.docx,8452c9c4ff704c7cfa8864ecfd70f40f8c309461b0d5a132d261f31c67908ea4,PROMOTED,06_NUT/01_Controlled_Documents/FRM/Draft/GMG-NUT-FRM-0002_v0.4_DRAFT_2026-08-01.docx,
GQMS domains 00-18,01_QMS/FRM/Draft/GMG-QMS-FRM-0028_v0.1_DRAFT_2026-07-18.xlsx,847f668309b6cf9030a873dbe8179f55455361e1cd2d1e14e99100d109399232,PROMOTED,01_QMS/01_Controlled_Documents/FRM/Draft/GMG-QMS-FRM-0028_v0.1_DRAFT_2026-07-18.xlsx,
GQMS domains 00-18,04_PV/MTX/Draft/GMG-PV-MTX-0005_v0.1_DRAFT_2026-07-16.xlsx,8481499ef293a3d7acf0858005d2b12c913dfe24aac72774e9f03f222c5a5708,PROMOTED,04_PV/01_Controlled_Documents/MTX/Draft/GMG-PV-MTX-0005_v0.1_DRAFT_2026-07-16.xlsx,
GQMS domains 00-18,04_PV/SOP/Superseded_Retired/GMG-PVG-SOP-0001_v0.1_SUPERSEDED_2026-07-14.docx,8674951fd452dba99859d8da3f7e21c5bf25ea638e9654f362b881987fcd83be,PROMOTED,04_PV/01_Controlled_Documents/SOP/Superseded/GMG-PVG-SOP-0001_v0.1_SUPERSEDED_2026-07-14.docx,
GQMS domains 00-18,04_PV/LOG/Draft/Superseded_Retired/GMG-PV-LOGB-0001_v0.2_DRAFT_2026-08-07.xlsx,86d224da1d533de3f816a5b2364a9c7ba3798731cd78d842dda61caf0d12d119,PROMOTED,04_PV/01_Controlled_Documents/LOG/Draft/Superseded_Retired/GMG-PV-LOGB-0001_v0.2_DRAFT_2026-08-07.xlsx,
GQMS domains 00-18,04_PV/MAN/Superseded_Retired/GMG-PV-MAN-0001_v0.19_DRAFT_2026-08-03.pdf,86d3d083d616e19048ac132a34805d4060711eac8c672320977e6e25c922e046,HELD,,NO TARGET TYPE FOLDER — MAN absent from v0.31 04_PV type set
GQMS domains 00-18,01_QMS/FRM/Draft/GMG-QMS-FRM-0010_v1.0_DRAFT_2026-07-11.docx,8715b0017a1e75df0adb36b2f29cd6662b555d207e0568627a68a3b92a109a1e,PROMOTED,01_QMS/01_Controlled_Documents/FRM/Draft/GMG-QMS-FRM-0010_v1.0_DRAFT_2026-07-11.docx,
GQMS domains 00-18,01_QMS/SOP/Draft/GMG-QMS-SOP-0012_v0.6_DRAFT_2026-07-21.docx,8728c4fb0464ba9ba8551b5bd20bebca637ae4e3f6be04e8648d8d66d9952179,PROMOTED,01_QMS/01_Controlled_Documents/SOP/Draft/GMG-QMS-SOP-0012_v0.6_DRAFT_2026-07-21.docx,
GQMS domains 00-18,04_PV/SOP/Draft/GMG-PV-SOP-0019_v0.7_DRAFT_2026-08-07.docx,875f94d13d6d4930c53813cc327822bcf2e51101ed5b492bbf26cc46754679b2,PROMOTED,04_PV/01_Controlled_Documents/SOP/Draft/GMG-PV-SOP-0019_v0.7_DRAFT_2026-08-07.docx,
GQMS domains 00-18,06_NUT/FRM/Draft/GMG-NUT-FRM-0003_v0.2_DRAFT_2026-08-01.docx,877f03c99c7f4c334ca0b7b305395d0e6805bdd378006b2442e1af584d4ca98f,PROMOTED,06_NUT/01_Controlled_Documents/FRM/Draft/GMG-NUT-FRM-0003_v0.2_DRAFT_2026-08-01.docx,
GQMS domains 00-18,04_PV/JDS/Draft/GMG-PV-JDS-0001_PV-Role-Descriptions_v0.1_DRAFT_2026-08-01.docx,87a14fecdbfe91735912231a9d27e7e8ac46fd7b9a6550b18e1b0cef2ce56c1b,PROMOTED,04_PV/01_Controlled_Documents/JDS/Draft/GMG-PV-JDS-0001_PV-Role-Descriptions_v0.1_DRAFT_2026-08-01.docx,
GQMS domains 00-18,04_PV/LOG/Draft/Superseded_Retired/GMG-PV-Consolidated-Deviation-Register_v0.15_DRAFT_2026-08-07.xlsx,8a128e732efa58d39e49c5b9a8fe105cbf03e36e93483274b50c2f2702eaa727,PROMOTED,04_PV/01_Controlled_Documents/LOG/Draft/Superseded_Retired/GMG-PV-Consolidated-Deviation-Register_v0.15_DRAFT_2026-08-07.xlsx,
GQMS domains 00-18,06_NUT/MTX/Draft/GMG-NUT-MTX-0002_v0.2_DRAFT_2026-08-01.xlsx,8aa2ceca91428fa9680356f9c0d818d6299dfc16d4005fa7f55f083f24cfd5f5,PROMOTED,06_NUT/01_Controlled_Documents/MTX/Draft/GMG-NUT-MTX-0002_v0.2_DRAFT_2026-08-01.xlsx,
GQMS domains 00-18,04_PV/AGR/Draft/GMG-PV-Article-28-Data-Processing-Terms_v0.1_DRAFT_2026-08-01.docx,8ab708bd31781b8dc6e1097cac7aac963e1d1934142a5cbe84a8983afcafbb8f,PROMOTED,04_PV/01_Controlled_Documents/AGR/Draft/GMG-PV-Article-28-Data-Processing-Terms_v0.1_DRAFT_2026-08-01.docx,
GQMS domains 00-18,04_PV/SOP/Draft/Superseded_Retired/GMG-PV-SOP-0006_v0.5_DRAFT_2026-08-05.docx,8ad6f5b47c61c1f71bf81e6111097352d92e722676edf15fd30f06b9cb736e9a,PROMOTED,04_PV/01_Controlled_Documents/SOP/Draft/Superseded_Retired/GMG-PV-SOP-0006_v0.5_DRAFT_2026-08-05.docx,
GQMS domains 00-18,04_PV/LOG/Superseded_Retired/GMG-PV-LOG-0001_v0.4_DRAFT_2026-07-21.xlsx,8b23c878acd491c0fd2deff284ad971a1909e83c89fe024949b4bf77c78f9643,HELD,,LIFECYCLE UNDETERMINED — in Superseded_Retired with no status token | likely: Superseded — GMG-PV-LOG-0001 exists at higher version v0.9
GQMS domains 00-18,04_PV/AGR/Superseded_Retired/GMG-PV-AGR-0001_v0.2_DRAFT_2026-07-17.docx,8b685010103e2023149d161b7ca625b8359e8c4cfc4250b837617d6188758b6b,HELD,,LIFECYCLE UNDETERMINED — in Superseded_Retired with no status token | likely: Superseded — GMG-PV-AGR-0001 exists at higher version v0.6
GQMS domains 00-18,04_PV/RSK/Draft/GMG-PV-RSK-0001_v0.6_DRAFT_2026-08-01.docx,8b78e399e2b707f570a66a26a94b52aa0972d6329d1b59d29419aa5d5edd4f3d,PROMOTED (v0.32 type addition),02_GQMS_Controlled_Repository/00_Group_Shared/04_PV/01_Controlled_Documents/RSK/Draft/GMG-PV-RSK-0001_v0.6_DRAFT_2026-08-01.docx,
GQMS domains 00-18,04_PV/SOP/Draft/Superseded_Retired/GMG-PV-SOP-0005_v0.6_DRAFT_2026-08-05.docx,8b9a1c36280fe93918eb65c38ae1bbff3bdb57f61902a867cb9c09c0881d7168,PROMOTED,04_PV/01_Controlled_Documents/SOP/Draft/Superseded_Retired/GMG-PV-SOP-0005_v0.6_DRAFT_2026-08-05.docx,
GQMS domains 00-18,04_PV/MAN/Superseded_Retired/GMG-PV-MAN-0002_v0.15_DRAFT_2026-08-01.docx,8c0739bcd3461ecb37b3188471384b269a3afb210b70d28eefcab010130f3101,HELD,,NO TARGET TYPE FOLDER — MAN absent from v0.31 04_PV type set
GQMS domains 00-18,08_CSV/Di10-PV_Validation_2024-12/Eclit_Server_Information (1).docx,8c0baab7d8e69cf2f35cfb9895bd2cc576edbc45c226093195719211271a8586,HELD,,NO TARGET TYPE FOLDER — Di10-PV_Validation_2024-12 absent from v0.31 08_CSV type set
GQMS domains 00-18,04_PV/MTX/Superseded_Retired/GMG-PV-MTX-0006_v0.1_DRAFT_2026-07-16.xlsx,8cdf40159ae533ef0ebc90b37a11603b63533f1736520f99e3146f933c91ccac,HELD,,LIFECYCLE UNDETERMINED — in Superseded_Retired with no status token | likely: Superseded — GMG-PV-MTX-0006 exists at higher version v0.5
GQMS domains 00-18,04_PV/MAN/Superseded_Retired/GMG-PV-MAN-0002_v0.18_DRAFT_2026-08-01.docx,8d8edfd8207c3b863b3da77e4d0df5d4cf9093c13d5f41fce453493c03599842,HELD,,NO TARGET TYPE FOLDER — MAN absent from v0.31 04_PV type set
GQMS domains 00-18,04_PV/SOP/Draft/Superseded_Retired/GMG-PV-SOP-0013_v0.4_DRAFT_2026-07-16.docx,8db164ddbee2907458d27b719cf87f27fc49a3bfe48995b41650289d4e53ff71,PROMOTED,04_PV/01_Controlled_Documents/SOP/Draft/Superseded_Retired/GMG-PV-SOP-0013_v0.4_DRAFT_2026-07-16.docx,
GQMS domains 00-18,01_QMS/STD/Draft/Superseded_Retired/GMG-QMS-STD-0001_v0.15_DRAFT_2026-07-21.docx,8e31376cdd4c98a2a55b83cbcb3f4c22d06071b141e9d21f4e97ce5d3ccf57a0,PROMOTED,01_QMS/01_Controlled_Documents/STD/Draft/Superseded_Retired/GMG-QMS-STD-0001_v0.15_DRAFT_2026-07-21.docx,
GQMS domains 00-18,01_QMS/SOP/Superseded_Retired/GMG-QMS-SOP-0012_v0.5_DRAFT_2026-07-21.docx,8ebca2535a222db936d1b4d4744c87c354eb8c519290656586e478759a7c8e24,HELD,,LIFECYCLE UNDETERMINED — in Superseded_Retired with no status token | likely: Superseded — GMG-QMS-SOP-0012 exists at higher version v0.6
GQMS domains 00-18,01_QMS/FRM/Superseded_Retired/GMG-QMS-FRM-0003-BATCH-01_v0.1_DRAFT_2026-08-08_SUPERSEDED.xlsx,8ff81372066a3fb9404d6d76c0f726d4ca1ebc04130d297ee20d88f655929153,PROMOTED,01_QMS/01_Controlled_Documents/FRM/Superseded/GMG-QMS-FRM-0003-BATCH-01_v0.1_DRAFT_2026-08-08_SUPERSEDED.xlsx,
GQMS domains 00-18,05_RAF/MEM/Superseded_Retired/GMG-RAF-MEM-0001_v0.1_DRAFT_2026-07-11.docx,90599c1803ed5eb7d51769b08b6ca3e9e58d75c60ce64294f57307a64ff0a2b2,HELD,,NO TARGET TYPE FOLDER — MEM absent from v0.31 05_RAF type set
GQMS domains 00-18,04_PV/PLN/Draft/GMG-PV-PLN-0007-B_PV-Execution-List_v0.7_DRAFT_2026-08-07.xlsx,90e32935ef759befc8ef1f547ca8b444f22c07da52a682e4c9339777e6cd9c5d,PROMOTED,04_PV/01_Controlled_Documents/PLN/Draft/GMG-PV-PLN-0007-B_PV-Execution-List_v0.7_DRAFT_2026-08-07.xlsx,
GQMS domains 00-18,04_PV/SOP/Draft/Superseded_Retired/GMG-PV-SOP-0003_v0.5_DRAFT_2026-08-01.docx,9102a29d1dfdad5d7f1b6dd6d91d6fcdb61c28c6ccbc8b42c69cad1b47a45f89,PROMOTED,04_PV/01_Controlled_Documents/SOP/Draft/Superseded_Retired/GMG-PV-SOP-0003_v0.5_DRAFT_2026-08-01.docx,
GQMS domains 00-18,04_PV/MAN/Superseded_Retired/GMG-PV-MAN-0001_v0.7_DRAFT_2026-07-18.docx,91cf29ea7a0d2ee6040d9c82a0b3683d0a245043a61fab5555165150ee431412,HELD,,NO TARGET TYPE FOLDER — MAN absent from v0.31 04_PV type set
GQMS domains 00-18,04_PV/SOP/Draft/Superseded_Retired/GMG-PV-SOP-0021_v0.7_DRAFT_2026-08-07.docx,921f33ab61059aff5fa46b6a5fee66b636ebfddf4b4e9e2f9b753987b1d6e060,PROMOTED,04_PV/01_Controlled_Documents/SOP/Draft/Superseded_Retired/GMG-PV-SOP-0021_v0.7_DRAFT_2026-08-07.docx,
GQMS domains 00-18,01_QMS/SOP/Superseded_Retired/GMG-QMS-SOP-0006_v0.7_DRAFT_2026-07-17.docx,9288a7d72ab4b092ac84186777dd58d9baa4345c1b1fcbf4eb2d89d855bd0b21,HELD,,LIFECYCLE UNDETERMINED — in Superseded_Retired with no status token | likely: Superseded — GMG-QMS-SOP-0006 exists at higher version v0.8
GQMS domains 00-18,04_PV/RSK/Superseded_Retired/GMG-PV-RSK-0001_v0.4_DRAFT_2026-07-21.docx,92ccc116d3b8e2e8490b04eae9b9488fb5bce2e0dd53eb942ab73b3f22054cce,HELD,,NO TARGET TYPE FOLDER — RSK absent from v0.31 04_PV type set
GQMS domains 00-18,04_PV/MAN/Superseded_Retired/GMG-PV-MAN-0001_v0.10_DRAFT_2026-07-21.docx,94e3d008c62939d1e6fc03898ced2d9c7e1bd9a58c1fe4f793cc8c2126c138f0,HELD,,NO TARGET TYPE FOLDER — MAN absent from v0.31 04_PV type set
GQMS domains 00-18,04_PV/LOG/Draft/GMG-PV-LOGB-0001_v0.3_DRAFT_2026-08-07.xlsx,953bc4f75afad0ffbe53031b685672d5e109f13979873a130cbbbf41f598674c,PROMOTED,04_PV/01_Controlled_Documents/LOG/Draft/GMG-PV-LOGB-0001_v0.3_DRAFT_2026-08-07.xlsx,
GQMS domains 00-18,04_PV/SOP/Draft/Superseded_Retired/GMG-PV-SOP-0003_v0.10_DRAFT_2026-08-07.docx,9599e74de25b52939199de9f1c10b0f19f7ec8a7e5887b242300abc139a69697,PROMOTED,04_PV/01_Controlled_Documents/SOP/Draft/Superseded_Retired/GMG-PV-SOP-0003_v0.10_DRAFT_2026-08-07.docx,
GQMS domains 00-18,04_PV/LOG/Superseded_Retired/GMG-PV-LST-0001_v0.5_DRAFT_2026-07-21.xlsx,95f75d2606d1c03a2d076aadf7a2e198a1ce752bce3a9d7b68a0d0aa14ff6deb,HELD,,LIFECYCLE UNDETERMINED — in Superseded_Retired with no status token | likely: Superseded — GMG-PV-LST-0001 exists at higher version v0.10
GQMS domains 00-18,04_PV/SOP/Superseded_Retired/GMG-PV-SOP-0003_v0.2_SUPERSEDED_2026-07-16.docx,965f8bde89a00a197c818eaecbe6d2fdf1f8a4d7cd980452d69ddfcf75eb0060,PROMOTED,04_PV/01_Controlled_Documents/SOP/Superseded/GMG-PV-SOP-0003_v0.2_SUPERSEDED_2026-07-16.docx,
GQMS domains 00-18,01_QMS/STD/Superseded_Retired/GMG-QMS-STD-0001_v0.11_DRAFT_2026-07-18_SUPERSEDED.docx,96841e3aa8fdf3233622132de1de11c7a9955398e22f41b1ffe225fe99afc811,PROMOTED,01_QMS/01_Controlled_Documents/STD/Superseded/GMG-QMS-STD-0001_v0.11_DRAFT_2026-07-18_SUPERSEDED.docx,
GQMS domains 00-18,04_PV/LST/Superseded_Retired/GMG-PV-LST-0003_v0.6_DRAFT_2026-08-01.xlsx,970468bbe5b38d2c08225a48131943be77b39f4b44fb976ca437d569ca52d206,HELD,,NO TARGET TYPE FOLDER — LST absent from v0.31 04_PV type set
GQMS domains 00-18,04_PV/MAN/Draft/Superseded_Retired/GMG-PV-MAN-0002_v0.20_DRAFT_2026-08-03.pdf,9796821d9967068ef167b074fc8c9e0acd2174bb2fb296acabf488b4e12a10d1,PROMOTED (v0.32 type addition),02_GQMS_Controlled_Repository/00_Group_Shared/04_PV/01_Controlled_Documents/MAN/Draft/Superseded_Retired/GMG-PV-MAN-0002_v0.20_DRAFT_2026-08-03.pdf,
GQMS domains 00-18,01_QMS/PLN/Superseded_Retired/GMG-QMS-PLN-0001_v0.7_DRAFT_2026-07-21.xlsx,9798863f443d7b6595854017b5a1adb2f45e0e8d9a943b5bb36c042acf4977eb,HELD,,LIFECYCLE UNDETERMINED — in Superseded_Retired with no status token | likely: Superseded — GMG-QMS-PLN-0001 exists at higher version v0.8
GQMS domains 00-18,04_PV/SOP/Draft/Superseded_Retired/GMG-PV-SOP-0008_v0.6_DRAFT_2026-08-07.docx,97e9fc2b8168a4f8aa7325da3f4bebf78ae36ca33c0f721eae1a9b8f40d22c88,PROMOTED,04_PV/01_Controlled_Documents/SOP/Draft/Superseded_Retired/GMG-PV-SOP-0008_v0.6_DRAFT_2026-08-07.docx,
GQMS domains 00-18,04_PV/MAN/Annex/Superseded_Retired/ORG-SET-v01_Setonda-PV-Organisation_2026-08-03.svg,98182d309129e09cd8b2298bc79074a950bd347622fd96e8052334f370ba2431,HELD,,NO TARGET TYPE FOLDER — MAN absent from v0.31 04_PV type set
GQMS domains 00-18,04_PV/MAN/Superseded_Retired/GMG-PV-MAN-0001_v0.3_DRAFT_2026-07-14.docx,987d3184f0c95117bc5e5f82e82eca1773778402e2d107678ae23217e6a68fa3,HELD,,NO TARGET TYPE FOLDER — MAN absent from v0.31 04_PV type set
GQMS domains 00-18,04_PV/AGR/Draft/GMG-PV-Information-Request-Diten_v0.1_DRAFT_2026-08-03.docx,9890282b6c8324dade39c48752c9e27fa9f4fa61c467ff71bd54ccb90991b5db,PROMOTED,04_PV/01_Controlled_Documents/AGR/Draft/GMG-PV-Information-Request-Diten_v0.1_DRAFT_2026-08-03.docx,
GQMS domains 00-18,02_GMP/PLN/Draft/GMG-GMP-PLN-0001_v0.1_DRAFT_2026-07-19.docx,98f6103dd33368cc364e38089f59d705cc1269ebeeefdcd254ee96915e65f865,PROMOTED,02_GMP/01_Controlled_Documents/PLN/Draft/GMG-GMP-PLN-0001_v0.1_DRAFT_2026-07-19.docx,
GQMS domains 00-18,01_QMS/MTX/Superseded_Retired/GMG-QMS-MTX-0003_v1.4_DRAFT_2026-07-16.xlsx,9985c7ed524dbf814ada656bb83e48ac6b5a588623bcba711dda84ce458ee1f0,HELD,,LIFECYCLE UNDETERMINED — in Superseded_Retired with no status token | likely: Superseded — GMG-QMS-MTX-0003 exists at higher version v1.5
GQMS domains 00-18,04_PV/MAN/Superseded_Retired/GMG-PV-MAN-0001_v0.4_DRAFT_2026-07-18.docx,99ab428629f4b4855792759235505fae14c83b327c60215a61098991dfc1fffb,HELD,,NO TARGET TYPE FOLDER — MAN absent from v0.31 04_PV type set
GQMS domains 00-18,01_QMS/SOP/Superseded_Retired/GMG-QMS-SOP-0003_v0.11_DRAFT_2026-07-18.docx,9b0f86d2933d404686cb96ab8c7aac3be18865d5b78d0d0685981c98d4943e1e,HELD,,LIFECYCLE UNDETERMINED — in Superseded_Retired with no status token | likely: Superseded — GMG-QMS-SOP-0003 exists at higher version v0.14
GQMS domains 00-18,04_PV/FRM/Draft/GMG-PV-FRM-0001_v0.2_DRAFT_2026-08-01.docx,9b599635652e59679cb5c0a2eaba853cf7d201adb4ea49a5addd8038dfd9be09,PROMOTED,04_PV/01_Controlled_Documents/FRM/Draft/GMG-PV-FRM-0001_v0.2_DRAFT_2026-08-01.docx,
GQMS domains 00-18,01_QMS/FRM/Draft/GMG-QMS-FRM-0029_v0.1_DRAFT_2026-07-18.xlsx,9bacaee00ca3f8505dda348df37bf249829239dc6dd66b9d25ea684a39305d9e,PROMOTED,01_QMS/01_Controlled_Documents/FRM/Draft/GMG-QMS-FRM-0029_v0.1_DRAFT_2026-07-18.xlsx,
GQMS domains 00-18,04_PV/SOP/Draft/Superseded_Retired/GMG-PV-SOP-0007_v0.2_DRAFT_2026-07-16.docx,9bc52738d4c23eaf22f1b8973e5900b0889878b30600f7ab47a32d459e94aeaf,PROMOTED,04_PV/01_Controlled_Documents/SOP/Draft/Superseded_Retired/GMG-PV-SOP-0007_v0.2_DRAFT_2026-07-16.docx,
GQMS domains 00-18,04_PV/MAN/Annex/GMG-PV-MAN-0002-B_v0.8_DRAFT_2026-08-07.docx,9be5395cc4fff62535a32cdf9acd4de0c3093b60ea8e9e64f71b5fbb6340a97f,HELD,,NO TARGET TYPE FOLDER — MAN absent from v0.31 04_PV type set
GQMS domains 00-18,04_PV/LOG/Draft/Superseded_Retired/GMG-PV-Consolidated-Deviation-Register_v0.14_DRAFT_2026-08-07.xlsx,9c0f9010ea316fb795a4d6db2dac64f1398adfc6795a3e0ae5e408145a596e8c,PROMOTED,04_PV/01_Controlled_Documents/LOG/Draft/Superseded_Retired/GMG-PV-Consolidated-Deviation-Register_v0.14_DRAFT_2026-08-07.xlsx,
GQMS domains 00-18,01_QMS/LOG/Superseded_Retired/GMG-QMS-LOG-0003_v0.4_DRAFT_2026-07-21.xlsx,9d10407d1e6628a6e500aac207743c410e581e0a9f8264c310b90430998bfa13,HELD,,LIFECYCLE UNDETERMINED — in Superseded_Retired with no status token | likely: Superseded — GMG-QMS-LOG-0003 exists at higher version v0.5
GQMS domains 00-18,01_QMS/FRM/Draft/GMG-QMS-FRM-0034_v0.1_DRAFT_2026-07-18.xlsx,9d50f54b596e3d8f0f3da6539fe004a5d51ea292213d8e3cba439af30edb3e0f,PROMOTED,01_QMS/01_Controlled_Documents/FRM/Draft/GMG-QMS-FRM-0034_v0.1_DRAFT_2026-07-18.xlsx,
GQMS domains 00-18,04_PV/MTX/Superseded_Retired/GMG-PV-MTX-0002_v0.4_DRAFT_2026-07-21.xlsx,9d6af671f19881e870267e5f1e836c825f7b8bcab6b200f10ba42280a3997720,HELD,,LIFECYCLE UNDETERMINED — in Superseded_Retired with no status token | likely: Superseded — GMG-PV-MTX-0002 exists at higher version v0.8
GQMS domains 00-18,04_PV/SOP/Draft/Superseded_Retired/GMG-PV-SOP-0004_v0.13_DRAFT_2026-08-07.docx,9d7d00c81161ea4b3a81c504c5948f2b9958e6877497a2458a45831714f801fc,PROMOTED,04_PV/01_Controlled_Documents/SOP/Draft/Superseded_Retired/GMG-PV-SOP-0004_v0.13_DRAFT_2026-08-07.docx,
GQMS domains 00-18,04_PV/SOP/Draft/Superseded_Retired/GMG-PV-SOP-0002_v0.4_DRAFT_2026-08-05.docx,9da739bc3ad1d525ce4125e226a249d395d8c55b5a502a6ebbfbe78787b3cf95,PROMOTED,04_PV/01_Controlled_Documents/SOP/Draft/Superseded_Retired/GMG-PV-SOP-0002_v0.4_DRAFT_2026-08-05.docx,
GQMS domains 00-18,04_PV/SOP/Draft/GMG-PV-SOP-0022_v0.6_DRAFT_2026-08-08.pdf,9e4bf75020c129a959bc772fae286c605a0d143ebd37bc5fdeec75aca04357a1,PROMOTED,04_PV/01_Controlled_Documents/SOP/Draft/GMG-PV-SOP-0022_v0.6_DRAFT_2026-08-08.pdf,
GQMS domains 00-18,04_PV/MAN/Draft/Superseded_Retired/GMG-PV-MAN-0001_v0.21_DRAFT_2026-08-07.docx,9e5e52bbd2f203685e43eeecd7dda17c3453bf145006d72fe6d7be019e5747f5,PROMOTED (v0.32 type addition),02_GQMS_Controlled_Repository/00_Group_Shared/04_PV/01_Controlled_Documents/MAN/Draft/Superseded_Retired/GMG-PV-MAN-0001_v0.21_DRAFT_2026-08-07.docx,
GQMS domains 00-18,04_PV/MAN/Superseded_Retired/GMG-PV-MAN-0002_v0.2_DRAFT_2026-07-14_SUPERSEDED.docx,9ec651755670c8e893a78ec3fb45d3b2a652c22b374d5c2af2952799d8aff511,PROMOTED (v0.32 type addition),02_GQMS_Controlled_Repository/00_Group_Shared/04_PV/01_Controlled_Documents/MAN/Superseded/GMG-PV-MAN-0002_v0.2_DRAFT_2026-07-14_SUPERSEDED.docx,
GQMS domains 00-18,04_PV/MAN/Superseded_Retired/GMG-PV-MAN-0002_v0.19_DRAFT_2026-08-03.docx,9ed11640571ff996439e6b75bdb8c5325ab61995b5aab3786622b90763c74cb9,HELD,,NO TARGET TYPE FOLDER — MAN absent from v0.31 04_PV type set
GQMS domains 00-18,04_PV/PLN/Superseded_Retired/GMG-PV-PLN-0005_v0.1_DRAFT_2026-07-14.docx,9f16f2bd401b001c06c6953bee9f1b49bfa541ceac2a11a71bc7cca0014b44bb,HELD,,LIFECYCLE UNDETERMINED — in Superseded_Retired with no status token | likely: Superseded — GMG-PV-PLN-0005 exists at higher version v0.8
GQMS domains 00-18,04_PV/MAN/Annex/Superseded_Retired/GMG-PV-MAN-0002-G_v0.3_DRAFT_2026-08-07.docx,9f172e874e110450791c7b8728eabf14e9895798e41dafe2d63d58a63b4f2199,HELD,,NO TARGET TYPE FOLDER — MAN absent from v0.31 04_PV type set
GQMS domains 00-18,04_PV/LOG/Draft/Superseded_Retired/GMG-PV-Consolidated-Deviation-Register_v0.8_DRAFT_2026-08-07.xlsx,9f17697f0ab082fd731013ab12b215ddef00cfc3de3cb172b243daaa92d8dd51,PROMOTED,04_PV/01_Controlled_Documents/LOG/Draft/Superseded_Retired/GMG-PV-Consolidated-Deviation-Register_v0.8_DRAFT_2026-08-07.xlsx,
GQMS domains 00-18,04_PV/LOG/Superseded_Retired/GMG-PV-Consolidated-Deviation-Register_v0.6_DRAFT_2026-08-03.xlsx,9f3677c1d4328ab673fe21b6c1b93d5eede3baffb53ab41037ef7fd4c43f2e92,HELD,,LIFECYCLE UNDETERMINED — in Superseded_Retired with no status token | likely: NOT A CONTROLLED DOCUMENT — No document code — likely a quality record
GQMS domains 00-18,01_QMS/SOP/Superseded_Retired/GMG-QMS-SOP-0012_v0.4_DRAFT_2026-07-11.docx,9fddfdd13776ffd8e77ebaef11eff31ed20571c1478f8ea9fe4be2877ceadf88,HELD,,LIFECYCLE UNDETERMINED — in Superseded_Retired with no status token | likely: Superseded — GMG-QMS-SOP-0012 exists at higher version v0.6
GQMS domains 00-18,04_PV/MAN/Annex/GMG-PV-MAN-0002-C_v0.3_DRAFT_2026-08-07.docx,a017b61a7c4878e1c43e3f6270caef68706a9c177f8e653c542531cae48bae9a,HELD,,NO TARGET TYPE FOLDER — MAN absent from v0.31 04_PV type set
GQMS domains 00-18,04_PV/PLN/Draft/GMG-PV-PLN-0004_v0.8_DRAFT_2026-08-07.docx,a0cb4fa8db66a4544c596dcb5afb61bba6f776737903a64050b76bc4a485143b,PROMOTED,04_PV/01_Controlled_Documents/PLN/Draft/GMG-PV-PLN-0004_v0.8_DRAFT_2026-08-07.docx,
GQMS domains 00-18,04_PV/WIN/Draft/GMG-PV-WIN-0004-M2_PV-Training-Session-Pack-Module-2_v0.1_DRAFT_2026-08-08.docx,a1440f847d69d772fea07774c9afe66c3369726abdfb72394f48bdc765d650e6,PROMOTED,04_PV/01_Controlled_Documents/WIN/Draft/GMG-PV-WIN-0004-M2_PV-Training-Session-Pack-Module-2_v0.1_DRAFT_2026-08-08.docx,
GQMS domains 00-18,04_PV/LOG/Superseded_Retired/GMG-PV-LST-0001_v0.4_DRAFT_2026-07-21.xlsx,a17ae80a409af43892d52440e1aecb38075b8e1b73c4f7c2caed2935a072e221,HELD,,LIFECYCLE UNDETERMINED — in Superseded_Retired with no status token | likely: Superseded — GMG-PV-LST-0001 exists at higher version v0.10
GQMS domains 00-18,04_PV/PLN/Superseded_Retired/GMG-PV-PLN-0007-B_PV-Execution-List_v0.4_DRAFT_2026-08-01.xlsx,a1d4e695ccdaeb0238614340a59995926ac3e18dfba825528ae4af8364d544cc,HELD,,LIFECYCLE UNDETERMINED — in Superseded_Retired with no status token | likely: Superseded — GMG-PV-PLN-0007 exists at higher version v0.8
GQMS domains 00-18,04_PV/SOP/Draft/Superseded_Retired/GMG-PV-SOP-0013_v0.10_DRAFT_2026-08-07.docx,a1e9b7256d508ab10a06cff927712119f1ca9ec2d542703bfca970b67e753448,PROMOTED,04_PV/01_Controlled_Documents/SOP/Draft/Superseded_Retired/GMG-PV-SOP-0013_v0.10_DRAFT_2026-08-07.docx,
GQMS domains 00-18,04_PV/TPL/Draft/GMG-PV-TPL-0004_v0.1_DRAFT_2026-07-16.docx,a21ce6b3b48e2b4e59fb8aba5dfe49d2e3f7d83b33d77607c3a30a88f3c35513,PROMOTED,04_PV/01_Controlled_Documents/TPL/Draft/GMG-PV-TPL-0004_v0.1_DRAFT_2026-07-16.docx,
GQMS domains 00-18,04_PV/FRM/Draft/Superseded_Retired/GMG-PV-FRM-0009_v0.4_DRAFT_2026-08-05.docx,a21ed63a3efe504aab4b48c9d318c12ac47fc79e9452e24d07036eb8b30c2359,PROMOTED,04_PV/01_Controlled_Documents/FRM/Draft/Superseded_Retired/GMG-PV-FRM-0009_v0.4_DRAFT_2026-08-05.docx,
GQMS domains 00-18,04_PV/SOP/Superseded_Retired/GMG-PVG-SOP-0004_v0.1_SUPERSEDED_2026-07-14.docx,a252a80043ebd1c82d915fd40227978a0441b59cd7d1b77e29d277fa4817d3ef,PROMOTED,04_PV/01_Controlled_Documents/SOP/Superseded/GMG-PVG-SOP-0004_v0.1_SUPERSEDED_2026-07-14.docx,
GQMS domains 00-18,04_PV/SOP/Superseded_Retired/GMG-PV-SOP-0015_v0.3_DRAFT_2026-07-17.docx,a26677610beedf1e536e0b4e9fb4b417fed8a69c43450e02b591d5b403e9a2c3,HELD,,LIFECYCLE UNDETERMINED — in Superseded_Retired with no status token | likely: Superseded — GMG-PV-SOP-0015 exists at higher version v0.8
GQMS domains 00-18,04_PV/MAN/Annex/Superseded_Retired/GMG-PV-MAN-0002-H_v0.2_DRAFT_2026-07-21.xlsx,a28355083ecbdbc6596d3aaa8077acc0cf641646f6e5cda4d3561af79522497f,HELD,,NO TARGET TYPE FOLDER — MAN absent from v0.31 04_PV type set
GQMS domains 00-18,04_PV/WIN/Draft/Superseded_Retired/GMG-PV-WIN-0001_v0.1_DRAFT_2026-07-15.docx,a2985623d1584cc1c2a96788e3faf3ab00311b02a3834c807d257ade03288248,PROMOTED,04_PV/01_Controlled_Documents/WIN/Draft/Superseded_Retired/GMG-PV-WIN-0001_v0.1_DRAFT_2026-07-15.docx,
GQMS domains 00-18,04_PV/SOP/Draft/Superseded_Retired/GMG-PV-SOP-0008_v0.5_DRAFT_2026-08-07.docx,a3114c850ae42619b51f78daeff2e035469df858433e9cfc39e65ec42729b66b,PROMOTED,04_PV/01_Controlled_Documents/SOP/Draft/Superseded_Retired/GMG-PV-SOP-0008_v0.5_DRAFT_2026-08-07.docx,
GQMS domains 00-18,04_PV/MAN/Draft/Superseded_Retired/GMG-PV-MAN-0001_v0.26_DRAFT_2026-08-07.docx,a31b21fd1a51acc238954fa2ccf778bec9574670886e7352875c9086afd52730,PROMOTED (v0.32 type addition),02_GQMS_Controlled_Repository/00_Group_Shared/04_PV/01_Controlled_Documents/MAN/Draft/Superseded_Retired/GMG-PV-MAN-0001_v0.26_DRAFT_2026-08-07.docx,
GQMS domains 00-18,04_PV/WIN/Draft/GMG-PV-WIN-0004-M4_PV-Training-Session-Pack-Module-4_v0.1_DRAFT_2026-08-08.docx,a33747f37415512c12fcbb9b3ec6e2c732da20284224c05e3997830e4cd4fa4d,PROMOTED,04_PV/01_Controlled_Documents/WIN/Draft/GMG-PV-WIN-0004-M4_PV-Training-Session-Pack-Module-4_v0.1_DRAFT_2026-08-08.docx,
GQMS domains 00-18,04_PV/SOP/Superseded_Retired/GMG-PV-SOP-0001_v0.4_DRAFT_2026-07-21.docx,a38b9b837ff20f8f76c3584a7718b7c7e8a20ff9ad00c66e759cd483c5c60d81,HELD,,LIFECYCLE UNDETERMINED — in Superseded_Retired with no status token | likely: Superseded — GMG-PV-SOP-0001 exists at higher version v0.13
GQMS domains 00-18,01_QMS/SOP/Draft/GMG-QMS-SOP-0011_v0.1_DRAFT_2026-07-15.docx,a3c7c4a52de4bb3ccb21a7da2c9b237b940aa3ee8cfbfe610b06c4a76c6f140b,PROMOTED,01_QMS/01_Controlled_Documents/SOP/Draft/GMG-QMS-SOP-0011_v0.1_DRAFT_2026-07-15.docx,
GQMS domains 00-18,04_PV/MAN/Annex/Superseded_Retired/GMG-PV-MAN-0002-H_v0.6_DRAFT_2026-07-25.xlsx,a4a50ff071cc20c69028b15cc3e1e60c212e905d077d6eb7339d75d657d370c9,HELD,,NO TARGET TYPE FOLDER — MAN absent from v0.31 04_PV type set
GQMS domains 00-18,04_PV/SOP/Draft/Superseded_Retired/GMG-PV-SOP-0001_v0.11_DRAFT_2026-08-07.docx,a4a589bace5553da84e548bd4994227be8ea1c27e16d02920522a9194d998e5b,PROMOTED,04_PV/01_Controlled_Documents/SOP/Draft/Superseded_Retired/GMG-PV-SOP-0001_v0.11_DRAFT_2026-08-07.docx,
GQMS domains 00-18,04_PV/WIN/Draft/Superseded_Retired/GMG-PV-WIN-0005_v0.1_DRAFT_2026-07-16.docx,a50f8380a5c9cfcded2e21ff727c0656100a7f46fafce5c693f2fb736017f683,PROMOTED,04_PV/01_Controlled_Documents/WIN/Draft/Superseded_Retired/GMG-PV-WIN-0005_v0.1_DRAFT_2026-07-16.docx,
GQMS domains 00-18,04_PV/SOP/Superseded_Retired/GMG-PV-SOP-0002_v0.2_SUPERSEDED_2026-07-16.docx,a57b40c293ae220f932b0365d8727cc0b7bfc3a9865040ddd06b489a9aef673d,PROMOTED,04_PV/01_Controlled_Documents/SOP/Superseded/GMG-PV-SOP-0002_v0.2_SUPERSEDED_2026-07-16.docx,
GQMS domains 00-18,10_RND/PLN/Draft/GMG-RND-PLN-0001_v0.1_DRAFT_2026-07-19.docx,a5848b968823f320dfc22abb99a7fd36210bcd9e2fbe2e4dd0c53c9a57ecae69,PROMOTED,10_RND/01_Controlled_Documents/PLN/Draft/GMG-RND-PLN-0001_v0.1_DRAFT_2026-07-19.docx,
GQMS domains 00-18,01_QMS/FRM/Draft/GMG-QMS-FRM-0021_v1.0_DRAFT_2026-07-11.docx,a592bf83e16f7039c9f3bcbf2a98954623d749aaf59a937ce38a1afc799a717b,PROMOTED,01_QMS/01_Controlled_Documents/FRM/Draft/GMG-QMS-FRM-0021_v1.0_DRAFT_2026-07-11.docx,
GQMS domains 00-18,04_PV/CHK/Superseded_Retired/GMG-PVG-CHK-0001_v0.4_SUPERSEDED_2026-07-14.xlsx,a59d2d42731c6018adcdc64dae67be9e91f4add1e0eef3e2fe64d1cf98388204,PROMOTED,04_PV/01_Controlled_Documents/CHK/Superseded/GMG-PVG-CHK-0001_v0.4_SUPERSEDED_2026-07-14.xlsx,
GQMS domains 00-18,04_PV/MTX/Draft/GMG-PV-MTX-0001_v0.9_DRAFT_2026-08-07.xlsx,a5b558a80ed8611e12d58636835ab41725a92505bdece5200abbcda900bfe35e,PROMOTED,04_PV/01_Controlled_Documents/MTX/Draft/GMG-PV-MTX-0001_v0.9_DRAFT_2026-08-07.xlsx,
GQMS domains 00-18,04_PV/WIN/Draft/GMG-PV-WIN-0004-M5_PV-Training-Session-Pack-Module-5_v0.1_DRAFT_2026-08-08.docx,a5c3178716e7521ff3afc754fbece8b74075d9dc488a4b5727a2114617ad16db,PROMOTED,04_PV/01_Controlled_Documents/WIN/Draft/GMG-PV-WIN-0004-M5_PV-Training-Session-Pack-Module-5_v0.1_DRAFT_2026-08-08.docx,
GQMS domains 00-18,04_PV/PLN/Draft/GMG-PV-PLN-0008_ELM-Supplier-Audit-Plan_v0.3_DRAFT_2026-08-03.docx,a5d245900c015303262548cf4ec4ee78bbafade9d9b7a14afaa5e4abfcb00979,PROMOTED,04_PV/01_Controlled_Documents/PLN/Draft/GMG-PV-PLN-0008_ELM-Supplier-Audit-Plan_v0.3_DRAFT_2026-08-03.docx,
GQMS domains 00-18,01_QMS/FRM/Draft/GMG-QMS-FRM-0001_v1.0_DRAFT_2026-07-11.docx,a65272acf6ad1f20f4f34485e15e4f8644bc186f8daf289e4919974724c4cdd7,PROMOTED,01_QMS/01_Controlled_Documents/FRM/Draft/GMG-QMS-FRM-0001_v1.0_DRAFT_2026-07-11.docx,
GQMS domains 00-18,00_Governance/MAN/Draft/GMG-QMS-MAN-0001_v1.16_DRAFT_2026-08-07.docx,a6d667e32629ca0de50d9327dc5a21136e4becc935974fcc37e1e8ca2da04e77,PROMOTED (v0.32 type addition),02_GQMS_Controlled_Repository/00_Group_Shared/00_Governance/01_Controlled_Documents/MAN/Draft/GMG-QMS-MAN-0001_v1.16_DRAFT_2026-08-07.docx,
GQMS domains 00-18,04_PV/CHK/Superseded_Retired/GMG-PVG-CHK-0001_v0.2_SUPERSEDED_2026-07-14.xlsx,a70c297374f70aab36ca346041c575b236ca1f0d606f5fc2918628bd2886b05e,PROMOTED,04_PV/01_Controlled_Documents/CHK/Superseded/GMG-PVG-CHK-0001_v0.2_SUPERSEDED_2026-07-14.xlsx,
GQMS domains 00-18,06_NUT/RSK/Draft/GMG-NUT-RSK-0001_v0.1_DRAFT_2026-08-01.docx,a726a3981e4b1ab05f7b306f8e0ef7a8889e699f1380dc8ca07345004f691705,PROMOTED (v0.32 type addition),02_GQMS_Controlled_Repository/00_Group_Shared/06_NUT/01_Controlled_Documents/RSK/Draft/GMG-NUT-RSK-0001_v0.1_DRAFT_2026-08-01.docx,
GQMS domains 00-18,04_PV/AGR/Draft/GMG-PV-Information-Request-ELM-No3_v0.1_DRAFT_2026-08-03.docx,a73ca0ad8180a22a01ca240d32f8f8a2d6a69ba66a660430109ebf61b1c0833c,PROMOTED,04_PV/01_Controlled_Documents/AGR/Draft/GMG-PV-Information-Request-ELM-No3_v0.1_DRAFT_2026-08-03.docx,
GQMS domains 00-18,01_QMS/FRM/Draft/GMG-QMS-FRM-0011_v1.0_DRAFT_2026-07-11.xlsx,a740c1ee2823742fd3ee85d13df386f7f2cafaec1d297e8675fb70401dda9415,PROMOTED,01_QMS/01_Controlled_Documents/FRM/Draft/GMG-QMS-FRM-0011_v1.0_DRAFT_2026-07-11.xlsx,
GQMS domains 00-18,06_NUT/SOP/Draft/GMG-NUT-SOP-0010_v0.1_DRAFT_2026-08-01.docx,a7db398a13e7f4dacc6d51a385f1eb960b9b45b14c3e068b8ec30fe7ed48c76e,PROMOTED,06_NUT/01_Controlled_Documents/SOP/Draft/GMG-NUT-SOP-0010_v0.1_DRAFT_2026-08-01.docx,
GQMS domains 00-18,01_QMS/STD/Superseded_Retired/GMG-QMS-STD-0001_v0.13_DRAFT_2026-07-18_SUPERSEDED.docx,a819a7c4bd3bf20475563ce9555dad6f62e1db24bc71a385f9fc470a9b649982,PROMOTED,01_QMS/01_Controlled_Documents/STD/Superseded/GMG-QMS-STD-0001_v0.13_DRAFT_2026-07-18_SUPERSEDED.docx,
GQMS domains 00-18,04_PV/SOP/Draft/Superseded_Retired/GMG-PV-SOP-0018_v0.5_DRAFT_2026-08-07.docx,a93973805b817eacaa041c367c48e741c218910ac85e8890838632b0de7f9a32,PROMOTED,04_PV/01_Controlled_Documents/SOP/Draft/Superseded_Retired/GMG-PV-SOP-0018_v0.5_DRAFT_2026-08-07.docx,
GQMS domains 00-18,00_Governance/MAN/Draft/GMG-QMS-MAN-0001_Fig6-1_OrgChart.png,aa4d837e64069b6829e532969c84ec475c5ba2c95653eecb620971bec1a9c382,PROMOTED (v0.32 type addition),02_GQMS_Controlled_Repository/00_Group_Shared/00_Governance/01_Controlled_Documents/MAN/Draft/GMG-QMS-MAN-0001_Fig6-1_OrgChart.png,
GQMS domains 00-18,04_PV/LOG/Draft/Superseded_Retired/GMG-PV-Consolidated-Deviation-Register_v0.10_DRAFT_2026-08-07.xlsx,aabc18b2f3bd48af545aaf569b1c93893245f0cc8753ae5c874a3fe3e5b0acdd,PROMOTED,04_PV/01_Controlled_Documents/LOG/Draft/Superseded_Retired/GMG-PV-Consolidated-Deviation-Register_v0.10_DRAFT_2026-08-07.xlsx,
GQMS domains 00-18,04_PV/PLN/Draft/Superseded_Retired/GMG-PV-PLN-0007_PV-System-Development-and-Implementation-Plan_v0.6_DRAFT_2026-08-07.docx,aaec31fb984c02acf8ee3bae7c6e4705235a1d31788c421fbe98e5ad5fc2911f,PROMOTED,04_PV/01_Controlled_Documents/PLN/Draft/Superseded_Retired/GMG-PV-PLN-0007_PV-System-Development-and-Implementation-Plan_v0.6_DRAFT_2026-08-07.docx,
GQMS domains 00-18,04_PV/MTX/Superseded_Retired/GMG-PV-MTX-0001_v0.1_DRAFT_2026-07-11.xlsx,ab6fb51aea0bc27217740d15fd81ed66985775ba0da609d52b36cc2637401f89,HELD,,LIFECYCLE UNDETERMINED — in Superseded_Retired with no status token | likely: Superseded — GMG-PV-MTX-0001 exists at higher version v0.9
GQMS domains 00-18,04_PV/SOP/Draft/GMG-PV-SOP-0007_v0.7_DRAFT_2026-08-07.docx,ab7fb8fe5c484d54064747bf294b6c5c2c3ce459c5a7ead28f79dac5c5821e5a,PROMOTED,04_PV/01_Controlled_Documents/SOP/Draft/GMG-PV-SOP-0007_v0.7_DRAFT_2026-08-07.docx,
GQMS domains 00-18,01_QMS/RSK/Draft/GMG-QMS-RSK-0001_v0.3_DRAFT_2026-07-21.docx,ac04330e60f33f3eee2b68ecd073ce9feccd1bec3f8ddbe898c2dee5bbeceb6b,PROMOTED (v0.32 type addition),02_GQMS_Controlled_Repository/00_Group_Shared/01_QMS/01_Controlled_Documents/RSK/Draft/GMG-QMS-RSK-0001_v0.3_DRAFT_2026-07-21.docx,
GQMS domains 00-18,08_CSV/Di10-PV_Validation_2024-12/Functional Requirements (FR).pdf,acafc555c90a1d25698c3373b3caa8387ae23a8c2921619001913b793bf81c82,HELD,,NO TARGET TYPE FOLDER — Di10-PV_Validation_2024-12 absent from v0.31 08_CSV type set
GQMS domains 00-18,04_PV/SOP/Draft/Superseded_Retired/GMG-PV-SOP-0024_v0.4_DRAFT_2026-08-05.docx,acb07937ee8f48e82c2738cab699f89ae0d968a7cdc3077d8f3ec7ed2e774c72,PROMOTED,04_PV/01_Controlled_Documents/SOP/Draft/Superseded_Retired/GMG-PV-SOP-0024_v0.4_DRAFT_2026-08-05.docx,
GQMS domains 00-18,01_QMS/SOP/Superseded_Retired/GMG-QMS-SOP-0003_v0.9_DRAFT_2026-07-18.docx,ae037181d5bb3dbfd293a3fa13df58a595e73dcb96b75928fc722e4bc764d60b,HELD,,LIFECYCLE UNDETERMINED — in Superseded_Retired with no status token | likely: Superseded — GMG-QMS-SOP-0003 exists at higher version v0.14
GQMS domains 00-18,04_PV/PLN/Draft/Superseded_Retired/GMG-PV-PLN-0007-B_PV-Execution-List_v0.6_DRAFT_2026-08-03.xlsx,ae06cb5445bd3d2834c6b5cfaf1d977eccd3ae81b3b2256497022e6b542d5d64,PROMOTED,04_PV/01_Controlled_Documents/PLN/Draft/Superseded_Retired/GMG-PV-PLN-0007-B_PV-Execution-List_v0.6_DRAFT_2026-08-03.xlsx,
GQMS domains 00-18,01_QMS/SOP/Draft/Superseded_Retired/GMG-QMS-SOP-0005_v0.4_DRAFT_2026-07-11.docx,ae083d84c79ea19dab135afd9f61b18461c8541b350a62728ed162828aa02239,PROMOTED,01_QMS/01_Controlled_Documents/SOP/Draft/Superseded_Retired/GMG-QMS-SOP-0005_v0.4_DRAFT_2026-07-11.docx,
GQMS domains 00-18,05_RAF/LOG/Draft/GMG-RAF-LOG-0001_v0.2_DRAFT_2026-07-21.xlsx,ae61f13048b7378231ad3fcd2cdf91f9adfb7d6c32b56cdaaf037f9a25f82a6b,PROMOTED,05_RAF/01_Controlled_Documents/LOG/Draft/GMG-RAF-LOG-0001_v0.2_DRAFT_2026-07-21.xlsx,
GQMS domains 00-18,04_PV/LOG/Draft/GMG-PV-LOG-0007_v0.2_DRAFT_2026-08-08.xlsx,af74a691bc251bcf4c45acb2c3da6dec07ff0bed11611243e32a326ac793a555,PROMOTED,04_PV/01_Controlled_Documents/LOG/Draft/GMG-PV-LOG-0007_v0.2_DRAFT_2026-08-08.xlsx,
GQMS domains 00-18,04_PV/MAN/Annex/GMG-PV-Setonda-Organisation-Decision-Paper_v0.1_DRAFT_2026-08-01.docx,af8c81f465072e11789212b282c6e9e56f2eaf0a8c01b63bef5654da0862b511,HELD,,NO TARGET TYPE FOLDER — MAN absent from v0.31 04_PV type set
GQMS domains 00-18,04_PV/FRM/Draft/Superseded_Retired/GMG-PV-FRM-0006_v0.1_DRAFT_2026-07-16.docx,afe45718448b34bac9dfe8ded29ef1e472ddfa40f7992f25f153f09f8d847146,PROMOTED,04_PV/01_Controlled_Documents/FRM/Draft/Superseded_Retired/GMG-PV-FRM-0006_v0.1_DRAFT_2026-07-16.docx,
GQMS domains 00-18,04_PV/SOP/Draft/Superseded_Retired/GMG-PV-SOP-0003_v0.8_DRAFT_2026-08-07.docx,b0128fc141fe5b3fc04bfee612de0f22e5676b9371e9c03582114b77cdb44819,PROMOTED,04_PV/01_Controlled_Documents/SOP/Draft/Superseded_Retired/GMG-PV-SOP-0003_v0.8_DRAFT_2026-08-07.docx,
GQMS domains 00-18,04_PV/MAN/Superseded_Retired/GMG-PVG-MAN-0002_v0.1_RECLASSIFIED_2026-07-14.docx,b04d3a0700efcb2a50e676005657ea72f18db64dd657434a5cbe1a761bcbfdcd,HELD,,NO TARGET TYPE FOLDER — MAN absent from v0.31 04_PV type set
GQMS domains 00-18,04_PV/MAN/Superseded_Retired/GMG-PV-MAN-0002_v0.6_DRAFT_2026-07-21.docx,b04fc436a30aa3057f4eeb2bd1e0f35d36b246dea8099b7890ff6d842e9f4698,HELD,,NO TARGET TYPE FOLDER — MAN absent from v0.31 04_PV type set
GQMS domains 00-18,04_PV/LOG/Draft/Superseded_Retired/GMG-PV-Consolidated-Deviation-Register_v0.17_DRAFT_2026-08-08.xlsx,b05eeb08f092baca74536b304151324743f1a816225c7565f479288a50b79b77,PROMOTED,04_PV/01_Controlled_Documents/LOG/Draft/Superseded_Retired/GMG-PV-Consolidated-Deviation-Register_v0.17_DRAFT_2026-08-08.xlsx,
GQMS domains 00-18,04_PV/WIN/Draft/GMG-PV-WIN-0004-M1_PV-Training-Session-Pack-Module-1_v0.2_DRAFT_2026-08-08.docx,b0b4662b42d450fdd409418f4e009e7b83267db7a9661e61ba4d6603a4907741,PROMOTED,04_PV/01_Controlled_Documents/WIN/Draft/GMG-PV-WIN-0004-M1_PV-Training-Session-Pack-Module-1_v0.2_DRAFT_2026-08-08.docx,
GQMS domains 00-18,04_PV/SOP/Draft/GMG-PV-Oversight-Overlap-Record_v0.1_DRAFT_2026-08-03.docx,b19503434d62a245f7cc79ac623bfc1484527f8c6d33f58ec9d7902308d9d085,PROMOTED,04_PV/01_Controlled_Documents/SOP/Draft/GMG-PV-Oversight-Overlap-Record_v0.1_DRAFT_2026-08-03.docx,
GQMS domains 00-18,00_Governance/POL/Draft/GMG-QMS-POL-0001_v0.2_DRAFT_2026-07-15.docx,b1c9e372da3d0d74b40604d8f88b4a071fba3f859cc1c61b9e52482f6b3c374e,PROMOTED (v0.32 type addition),02_GQMS_Controlled_Repository/00_Group_Shared/00_Governance/01_Controlled_Documents/POL/Draft/GMG-QMS-POL-0001_v0.2_DRAFT_2026-07-15.docx,
GQMS domains 00-18,04_PV/FRM/Superseded_Retired/GMG-PV-FRM-0008_v0.1_DRAFT_2026-07-17.xlsx,b1dc7d9fbc55ee5703e5e136f4d3e5069c21d79f1fde107629f57767e498e2d3,HELD,,LIFECYCLE UNDETERMINED — in Superseded_Retired with no status token | likely: Superseded — GMG-PV-FRM-0008 exists at higher version v0.2
GQMS domains 00-18,04_PV/LOG/Superseded_Retired/GMG-PV-LOG-0004_v0.3_DRAFT_2026-07-27.xlsx,b1e376abcff25043c9148c5c6c2993a7242f4359275ee83ee7c391d3c63d5e5f,HELD,,LIFECYCLE UNDETERMINED — in Superseded_Retired with no status token | likely: Superseded — GMG-PV-LOG-0004 exists at higher version v0.4
GQMS domains 00-18,04_PV/MTX/Superseded_Retired/GMG-PV-MTX-0007_v0.1_DRAFT_2026-07-16.xlsx,b227c99b7bb2bfc6365ed562385f64454b02ffb888706972329109e194102b49,HELD,,LIFECYCLE UNDETERMINED — in Superseded_Retired with no status token | likely: Superseded — GMG-PV-MTX-0007 exists at higher version v0.4
GQMS domains 00-18,04_PV/FRM/Draft/Superseded_Retired/GMG-PV-FRM-0009_v0.5_DRAFT_2026-08-07.docx,b26a4f8a109424fdacd734a2decf2ca4746491977dbc614c028775f67a593c07,PROMOTED,04_PV/01_Controlled_Documents/FRM/Draft/Superseded_Retired/GMG-PV-FRM-0009_v0.5_DRAFT_2026-08-07.docx,
GQMS domains 00-18,04_PV/FRM/Draft/GMG-PV-FRM-0008_v0.2_DRAFT_2026-08-01.xlsx,b28511f0d64249d623917796e715afe0c88b70e71169d90a230da17376646f95,PROMOTED,04_PV/01_Controlled_Documents/FRM/Draft/GMG-PV-FRM-0008_v0.2_DRAFT_2026-08-01.xlsx,
GQMS domains 00-18,04_PV/MAN/Annex/GMG-PV-MAN-0002-F_v0.2_DRAFT_2026-08-07.docx,b2ea7b25159ef23bd7cdb70062a306b09b06cd0b80544d714f78748e2f8fdb11,HELD,,NO TARGET TYPE FOLDER — MAN absent from v0.31 04_PV type set
GQMS domains 00-18,04_PV/PLN/Superseded_Retired/GMG-PV-PLN-0007-A_PV-Development-Action-Tracker_v0.1_DRAFT_2026-07-25.xlsx,b354b1cef64d6a4162385299b0cbcaf0714a02114f9e16fc371effe04ed2563d,HELD,,LIFECYCLE UNDETERMINED — in Superseded_Retired with no status token | likely: Superseded — GMG-PV-PLN-0007 exists at higher version v0.8
GQMS domains 00-18,04_PV/MAN/Annex/Superseded_Retired/GMG-PV-MAN-0002-I_v0.3_DRAFT_2026-08-01.xlsx,b37876db428ad5f05dad411ad528f01e7fcd902b6cfb82bdf2e478d15b821d83,HELD,,NO TARGET TYPE FOLDER — MAN absent from v0.31 04_PV type set
GQMS domains 00-18,01_QMS/MTX/Superseded_Retired/GMG-QMS-MTX-0004_v1.3_DRAFT_2026-07-14.xlsx,b3a05c5ae527464d7d65de78eb80f8ca6a04ffa8154dff5fc61429e0ef63a8b3,HELD,,LIFECYCLE UNDETERMINED — in Superseded_Retired with no status token | likely: Superseded — GMG-QMS-MTX-0004 exists at higher version v1.4
GQMS domains 00-18,04_PV/AGR/Draft/Superseded_Retired/GMG-PV-AGR-0006_v0.2_DRAFT_2026-07-25.docx,b3bbac20081a8677c065b268e91292d84dfd1788b67bcce597c079c42eb790d6,PROMOTED,04_PV/01_Controlled_Documents/AGR/Draft/Superseded_Retired/GMG-PV-AGR-0006_v0.2_DRAFT_2026-07-25.docx,
GQMS domains 00-18,04_PV/FRM/Draft/Superseded_Retired/GMG-PV-FRM-0010-AG_Mandate-GMG-AG_v0.2_DRAFT_2026-08-03.docx,b3cae577e4580f91cef9122f22230d0d540d5470d7d1e22de84ea179d2085397,PROMOTED,04_PV/01_Controlled_Documents/FRM/Draft/Superseded_Retired/GMG-PV-FRM-0010-AG_Mandate-GMG-AG_v0.2_DRAFT_2026-08-03.docx,
GQMS domains 00-18,04_PV/SOP/Draft/Superseded_Retired/GMG-PV-SOP-0020_v0.4_RETIRED_2026-08-05.docx,b401b71120fa8177abb19b598a91a9b03ea73f60581ad6a7d35a90c158cfe13d,PROMOTED,04_PV/01_Controlled_Documents/SOP/Draft/Superseded_Retired/GMG-PV-SOP-0020_v0.4_RETIRED_2026-08-05.docx,
GQMS domains 00-18,01_QMS/SOP/Superseded_Retired/GMG-QMS-SOP-0008_v0.4_DRAFT_2026-07-11.docx,b467d63932645aa836a9d3a093c06d75f5f22ec6f8463a5a034a05a35a07823f,HELD,,LIFECYCLE UNDETERMINED — in Superseded_Retired with no status token | likely: Superseded — GMG-QMS-SOP-0008 exists at higher version v0.5
GQMS domains 00-18,04_PV/SOP/Draft/Superseded_Retired/GMG-PV-SOP-0011_v0.2_DRAFT_2026-07-16.docx,b474f5b64f17dff327cd0e94beb48b9b9160bd63e724c1b1245dddb40430c76c,PROMOTED,04_PV/01_Controlled_Documents/SOP/Draft/Superseded_Retired/GMG-PV-SOP-0011_v0.2_DRAFT_2026-07-16.docx,
GQMS domains 00-18,01_QMS/FRM/Draft/GMG-QMS-FRM-0007_v0.1_DRAFT_2026-07-11.docx,b4971a0da8ce797d55cbb871285e5ea5549eed306134441fcd008bdf15a3c5ab,PROMOTED,01_QMS/01_Controlled_Documents/FRM/Draft/GMG-QMS-FRM-0007_v0.1_DRAFT_2026-07-11.docx,
GQMS domains 00-18,04_PV/CHK/Draft/GMG-PV-CHK-0006_ELM-Supplier-Audit-Checklist_v0.2_DRAFT_2026-08-03.xlsx,b49c488ee1b70b10d2b11c30ac9aa61be8a5105f6b5a2dacff4b134071345b34,PROMOTED,04_PV/01_Controlled_Documents/CHK/Draft/GMG-PV-CHK-0006_ELM-Supplier-Audit-Checklist_v0.2_DRAFT_2026-08-03.xlsx,
GQMS domains 00-18,04_PV/FRM/Draft/GMG-PV-FRM-0010_PV-Accountability-Mandate-and-Appointment_v0.3_DRAFT_2026-08-07.docx,b505f3797190c4baed38582abc4179c4eeee28691d8d4c382e52e506c022017f,PROMOTED,04_PV/01_Controlled_Documents/FRM/Draft/GMG-PV-FRM-0010_PV-Accountability-Mandate-and-Appointment_v0.3_DRAFT_2026-08-07.docx,
GQMS domains 00-18,04_PV/PLN/Superseded_Retired/GMG-PV-PLN-0007_PV-System-Development-and-Implementation-Plan_v0.4_DRAFT_2026-08-01.pdf,b55549b392c51b8ee2a23088c104371aa180f0ae3241649cc3c6620795dbb857,HELD,,LIFECYCLE UNDETERMINED — in Superseded_Retired with no status token | likely: Superseded — GMG-PV-PLN-0007 exists at higher version v0.8
GQMS domains 00-18,04_PV/CHK/Draft/Superseded_Retired/GMG-PV-CHK-0001_v0.7_DRAFT_2026-07-14.xlsx,b5b2c24fc906310d2618d630d2c5e7bd8f12fb299c18e8c999f5bf64fdffc480,PROMOTED,04_PV/01_Controlled_Documents/CHK/Draft/Superseded_Retired/GMG-PV-CHK-0001_v0.7_DRAFT_2026-07-14.xlsx,
GQMS domains 00-18,01_QMS/SOP/Draft/GMG-QMS-SOP-0014_v0.1_DRAFT_2026-07-15.docx,b64737ed1652fd3a58fd9a73904236ee430c8831706364df015cbf8af1e7bc4b,PROMOTED,01_QMS/01_Controlled_Documents/SOP/Draft/GMG-QMS-SOP-0014_v0.1_DRAFT_2026-07-15.docx,
GQMS domains 00-18,04_PV/LOG/Superseded_Retired/GMG-PV-LST-0001_v0.8_DRAFT_2026-07-25.xlsx,b689dc719efe2ee96416d3078959590833aef9620025933d1e001501142c34cb,HELD,,LIFECYCLE UNDETERMINED — in Superseded_Retired with no status token | likely: Superseded — GMG-PV-LST-0001 exists at higher version v0.10
GQMS domains 00-18,04_PV/MAN/Draft/Superseded_Retired/GMG-PV-MAN-0002_v0.22_DRAFT_2026-08-07.docx,b71f8a918a7417f316eab3077a54182432da52e2c690a67b2b46f3243f6635d2,PROMOTED (v0.32 type addition),02_GQMS_Controlled_Repository/00_Group_Shared/04_PV/01_Controlled_Documents/MAN/Draft/Superseded_Retired/GMG-PV-MAN-0002_v0.22_DRAFT_2026-08-07.docx,
GQMS domains 00-18,01_QMS/PLN/Draft/GMG-QMS-PLN-0003_v1.0_DRAFT_2026-07-11.docx,b731461b1dcc2a7d439508c4e381b82712805f9f0ec2d0df9804cb07f718c55e,PROMOTED,01_QMS/01_Controlled_Documents/PLN/Draft/GMG-QMS-PLN-0003_v1.0_DRAFT_2026-07-11.docx,
GQMS domains 00-18,04_PV/SOP/Draft/GMG-PV-SOP-0024_v0.6_DRAFT_2026-08-05.docx,b73ec29c29a511df3e25e846890f3fe14d7dc54768e57b74f7800a007cfa817b,PROMOTED,04_PV/01_Controlled_Documents/SOP/Draft/GMG-PV-SOP-0024_v0.6_DRAFT_2026-08-05.docx,
GQMS domains 00-18,01_QMS/FRM/Draft/GMG-QMS-FRM-0033_v0.1_DRAFT_2026-07-18.xlsx,b75a75f293c848c0a52a724f8287f4b408866ee47b6cc8cd3657cfccfb83b07b,PROMOTED,01_QMS/01_Controlled_Documents/FRM/Draft/GMG-QMS-FRM-0033_v0.1_DRAFT_2026-07-18.xlsx,
GQMS domains 00-18,04_PV/LOG/Draft/Superseded_Retired/GMG-PV-Consolidated-Deviation-Register_v0.18_DRAFT_2026-08-08.xlsx,b7ed72a7a31644524c58e7d46983e5f0f209905e0e7f4df042db2c2ebe56cb06,PROMOTED,04_PV/01_Controlled_Documents/LOG/Draft/Superseded_Retired/GMG-PV-Consolidated-Deviation-Register_v0.18_DRAFT_2026-08-08.xlsx,
GQMS domains 00-18,04_PV/AGR/Draft/GMG-PV-Information-Request-ELM-No3_v0.1_DRAFT_2026-08-03.pdf,b80c92d6cd2050724cfde9ecb5ab64feeacb3eb0c99d166f7eb481d292678bc5,PROMOTED,04_PV/01_Controlled_Documents/AGR/Draft/GMG-PV-Information-Request-ELM-No3_v0.1_DRAFT_2026-08-03.pdf,
GQMS domains 00-18,01_QMS/FRM/Superseded_Retired/GMG-QMS-FRM-0031_v0.1_DRAFT_2026-07-18_SUPERSEDED.xlsx,b81de49bbdffd5d5fc38b9e1543cdb2daa216bba3feebfd38f3d4de06b8b93a2,PROMOTED,01_QMS/01_Controlled_Documents/FRM/Superseded/GMG-QMS-FRM-0031_v0.1_DRAFT_2026-07-18_SUPERSEDED.xlsx,
GQMS domains 00-18,04_PV/MAN/Superseded_Retired/GMG-PV-MAN-0001_v0.15_DRAFT_2026-07-25.docx,b8522adb09b33652b04f7e4009f63baa1405e0042fba9125b7cb191246f6e54b,HELD,,NO TARGET TYPE FOLDER — MAN absent from v0.31 04_PV type set
GQMS domains 00-18,04_PV/WIN/Draft/GMG-PV-WIN-0003_v0.1_DRAFT_2026-08-08.pdf,b8b7711edec8274ae300becaf7588591576d2293a5a52f50776aa1a3348e100a,PROMOTED,04_PV/01_Controlled_Documents/WIN/Draft/GMG-PV-WIN-0003_v0.1_DRAFT_2026-08-08.pdf,
GQMS domains 00-18,01_QMS/MTX/Superseded_Retired/GMG-QMS-MTX-0008_v0.5_SUPERSEDED_2026-08-03.docx,b9e75165525cf7da399e949df8f1de628316a21dd51d6ab3752b44513df4e472,PROMOTED,01_QMS/01_Controlled_Documents/MTX/Superseded/GMG-QMS-MTX-0008_v0.5_SUPERSEDED_2026-08-03.docx,
GQMS domains 00-18,04_PV/MTX/Draft/Superseded_Retired/GMG-PV-MTX-0007_v0.3_DRAFT_2026-07-25.xlsx,ba2710eafbfbb0bfc1d518608f5b224f3012c4a96e06d58ff10a9343800a650e,PROMOTED,04_PV/01_Controlled_Documents/MTX/Draft/Superseded_Retired/GMG-PV-MTX-0007_v0.3_DRAFT_2026-07-25.xlsx,
GQMS domains 00-18,04_PV/SOP/Superseded_Retired/GMG-PV-SOP-0003_v0.3_DRAFT_2026-07-16.docx,ba9b4dab65a9027eba95b042f15d49a67a4ce6cc638217ba43b54cf03d2317be,HELD,,LIFECYCLE UNDETERMINED — in Superseded_Retired with no status token | likely: Superseded — GMG-PV-SOP-0003 exists at higher version v0.11
GQMS domains 00-18,10_RND/LOG/Draft/GMG-RND-LOG-0001_v0.4_DRAFT_2026-07-11.xlsx,baa42276a7160454a032d08a73d57fa808a71b48b8c803d667cea6c59e97f4e5,PROMOTED,10_RND/01_Controlled_Documents/LOG/Draft/GMG-RND-LOG-0001_v0.4_DRAFT_2026-07-11.xlsx,
GQMS domains 00-18,04_PV/SOP/Superseded_Retired/GMG-PV-SOP-0015_v0.2_DRAFT_2026-07-16.docx,baab6b6cb5dd4f5d4c82966250800531afc774dc1fb8eb180a1137809f647144,HELD,,LIFECYCLE UNDETERMINED — in Superseded_Retired with no status token | likely: Superseded — GMG-PV-SOP-0015 exists at higher version v0.8
GQMS domains 00-18,04_PV/LST/Superseded_Retired/GMG-PV-LST-0003_v0.2_DRAFT_2026-07-25.xlsx,bab0651ba298f27e4b8735e23ebc620a20ebdb7847a552672da78acfc65a2ed1,HELD,,NO TARGET TYPE FOLDER — LST absent from v0.31 04_PV type set
GQMS domains 00-18,04_PV/SOP/Draft/Superseded_Retired/GMG-PV-SOP-0011_v0.3_DRAFT_2026-08-05.docx,bc3a798ea7789a8953e8bf58e7c167c87c38308ff20f7f39bd49ebd7358d4950,PROMOTED,04_PV/01_Controlled_Documents/SOP/Draft/Superseded_Retired/GMG-PV-SOP-0011_v0.3_DRAFT_2026-08-05.docx,
GQMS domains 00-18,04_PV/SOP/Draft/Superseded_Retired/GMG-PV-SOP-0007_v0.6_DRAFT_2026-08-07.docx,bc6ef9b5f04b2310f24b52f9fd043de9d1049f3d4a1eee14498d2fc922cb8c4c,PROMOTED,04_PV/01_Controlled_Documents/SOP/Draft/Superseded_Retired/GMG-PV-SOP-0007_v0.6_DRAFT_2026-08-07.docx,
GQMS domains 00-18,04_PV/LOG/Draft/Superseded_Retired/GMG-PV-Consolidated-Deviation-Register_v0.13_DRAFT_2026-08-07.xlsx,bc8f4eec824f8202536c257348447dc23a181540d04dc78f67f72fb3ec967b4e,PROMOTED,04_PV/01_Controlled_Documents/LOG/Draft/Superseded_Retired/GMG-PV-Consolidated-Deviation-Register_v0.13_DRAFT_2026-08-07.xlsx,
GQMS domains 00-18,04_PV/AGR/Draft/GMG-PV-AGR-0005_v0.2_DRAFT_2026-08-01.docx,bcd1e6f37476b53c22783aba244de0f48be4d5d6751892809c107505283b769a,PROMOTED,04_PV/01_Controlled_Documents/AGR/Draft/GMG-PV-AGR-0005_v0.2_DRAFT_2026-08-01.docx,
GQMS domains 00-18,01_QMS/SOP/Superseded_Retired/GMG-QMS-SOP-0003_v0.8_DRAFT_2026-07-18.docx,bce78c877aae68580990795501b89c08bfb3356803485db83eed7d08d6b02a35,HELD,,LIFECYCLE UNDETERMINED — in Superseded_Retired with no status token | likely: Superseded — GMG-QMS-SOP-0003 exists at higher version v0.14
GQMS domains 00-18,04_PV/SOP/Draft/Superseded_Retired/GMG-PV-SOP-0017_v0.4_DRAFT_2026-08-05.docx,bce9485310ad4c870f38099535875a542f46b3d03af812cef7bcf3bd188656ee,PROMOTED,04_PV/01_Controlled_Documents/SOP/Draft/Superseded_Retired/GMG-PV-SOP-0017_v0.4_DRAFT_2026-08-05.docx,
GQMS domains 00-18,04_PV/MTX/Superseded_Retired/GMG-PV-MTX-0002_v0.1_DRAFT_2026-07-14.xlsx,bd469d3787980b5efd2f6fbf9872711eeb777c19c359d135aa3575956008cfdf,HELD,,LIFECYCLE UNDETERMINED — in Superseded_Retired with no status token | likely: Superseded — GMG-PV-MTX-0002 exists at higher version v0.8
GQMS domains 00-18,06_NUT/AGR/Draft/GMG-NUT-AGR-0001_v0.1_DRAFT_2026-08-01.docx,bd99855695dfd631f574dd241017ff0a9da161612bb6b0e3c1eef81393b13f49,PROMOTED,06_NUT/01_Controlled_Documents/AGR/Draft/GMG-NUT-AGR-0001_v0.1_DRAFT_2026-08-01.docx,
GQMS domains 00-18,04_PV/SOP/Superseded_Retired/GMG-PV-SOP-0008_v0.1_DRAFT_2026-07-16_SUPERSEDED.docx,bdeda01533644732ace6b98d6182b4b46621774d9302c604bb10422004b50e86,PROMOTED,04_PV/01_Controlled_Documents/SOP/Superseded/GMG-PV-SOP-0008_v0.1_DRAFT_2026-07-16_SUPERSEDED.docx,
GQMS domains 00-18,04_PV/MTX/Superseded_Retired/GMG-PV-MTX-0002_v0.2_DRAFT_2026-07-21.xlsx,be4be3b92aed952625702bc320d7fb11c639c50eab4fe4d9b58e80277976cb0b,HELD,,LIFECYCLE UNDETERMINED — in Superseded_Retired with no status token | likely: Superseded — GMG-PV-MTX-0002 exists at higher version v0.8
GQMS domains 00-18,04_PV/LOG/Draft/Superseded_Retired/GMG-PV-LOG-0006_v0.1_DRAFT_2026-07-16.xlsx,be4cb316c67ef024b1a44450f3234885ee5dd4cbe45b821ed8b4fcce0b9d445b,PROMOTED,04_PV/01_Controlled_Documents/LOG/Draft/Superseded_Retired/GMG-PV-LOG-0006_v0.1_DRAFT_2026-07-16.xlsx,
GQMS domains 00-18,04_PV/MAN/Annex/Superseded_Retired/GMG-PV-MAN-0002-B_v0.5_DRAFT_2026-08-03.docx,be596d978f54b0a619c25f479270d13d9fdcc42c76c69cc5696cca483eac9ccb,HELD,,NO TARGET TYPE FOLDER — MAN absent from v0.31 04_PV type set
GQMS domains 00-18,01_QMS/SOP/Draft/Superseded_Retired/GMG-QMS-SOP-0015_v0.4_DRAFT_2026-07-15.docx,be5a7cfa0efdbbd7df30a1e1fb27eb6852c53df95302c9604059a9a292fddde2,PROMOTED,01_QMS/01_Controlled_Documents/SOP/Draft/Superseded_Retired/GMG-QMS-SOP-0015_v0.4_DRAFT_2026-07-15.docx,
GQMS domains 00-18,04_PV/FRM/Draft/Superseded_Retired/GMG-PV-FRM-0009_v0.1_DRAFT_2026-07-21.docx,be7aa4180bd8ea3c21d5d783ebdcf394e0cbdac3922a247a0891e493fdc3b227,PROMOTED,04_PV/01_Controlled_Documents/FRM/Draft/Superseded_Retired/GMG-PV-FRM-0009_v0.1_DRAFT_2026-07-21.docx,
GQMS domains 00-18,04_PV/PLN/Superseded_Retired/GMG-PV-PLN-0004_v0.4_DRAFT_2026-07-18.docx,bf3eb8fe0cfe501ffe82f762a550d3b5a2dce7202a1e0cb4fb4c03dd72593486,HELD,,LIFECYCLE UNDETERMINED — in Superseded_Retired with no status token | likely: Superseded — GMG-PV-PLN-0004 exists at higher version v0.8
GQMS domains 00-18,04_PV/SOP/Draft/Superseded_Retired/GMG-PV-SOP-0003_v0.6_DRAFT_2026-08-05.docx,bf539d462e2242bfbec64f24adc036e62c498a1803c8c383733eaf316ca2e976,PROMOTED,04_PV/01_Controlled_Documents/SOP/Draft/Superseded_Retired/GMG-PV-SOP-0003_v0.6_DRAFT_2026-08-05.docx,
GQMS domains 00-18,04_PV/MAN/Annex/Superseded_Retired/GMG-PV-MAN-0002-H_v0.4_DRAFT_2026-07-25.xlsx,bf7f2b7b4ba9d14d53d13286c312201c7943ccb3545c9148ffe8bc54ce200a66,HELD,,NO TARGET TYPE FOLDER — MAN absent from v0.31 04_PV type set
GQMS domains 00-18,04_PV/MAN/Superseded_Retired/GMG-PVG-MAN-0001_v0.1_SUPERSEDED_2026-07-14.docx,bf82a30f839c6b2059f17e2c158f0188a23bdca1338459f88a8fcce1d0b09560,PROMOTED (v0.32 type addition),02_GQMS_Controlled_Repository/00_Group_Shared/04_PV/01_Controlled_Documents/MAN/Superseded/GMG-PVG-MAN-0001_v0.1_SUPERSEDED_2026-07-14.docx,
GQMS domains 00-18,01_QMS/SOP/Draft/GMG-QMS-SOP-0013_v0.1_DRAFT_2026-07-15.docx,bfcfc4e950ddc8f37776b9fcc6aa58aca864cffae39ea26d6f4eef381ad5abdb,PROMOTED,01_QMS/01_Controlled_Documents/SOP/Draft/GMG-QMS-SOP-0013_v0.1_DRAFT_2026-07-15.docx,
GQMS domains 00-18,01_QMS/STD/Superseded_Retired/GMG-QMS-STD-0001_v0.12_DRAFT_2026-07-18_SUPERSEDED.docx,bff622eb838c94e4772ee5630737863fce9d80048ac5adf456fa7d72462989d5,PROMOTED,01_QMS/01_Controlled_Documents/STD/Superseded/GMG-QMS-STD-0001_v0.12_DRAFT_2026-07-18_SUPERSEDED.docx,
GQMS domains 00-18,04_PV/SOP/Draft/Superseded_Retired/GMG-PV-SOP-0006_v0.6_DRAFT_2026-08-05.docx,c01126228ac4a828ee0246fc29f2e297266c11944ec4f9bcad706b78c78aec58,PROMOTED,04_PV/01_Controlled_Documents/SOP/Draft/Superseded_Retired/GMG-PV-SOP-0006_v0.6_DRAFT_2026-08-05.docx,
GQMS domains 00-18,04_PV/FRM/Draft/GMG-PV-FRM-0009_v0.6_DRAFT_2026-08-07.docx,c057552150556d01b76734777ea664e08c6c03f73a92a9d7ffef9f9a2a6af042,PROMOTED,04_PV/01_Controlled_Documents/FRM/Draft/GMG-PV-FRM-0009_v0.6_DRAFT_2026-08-07.docx,
GQMS domains 00-18,08_CSV/Di10-PV_Validation_2024-12/USER REQUIREMENTS SPECIFICATION (URS).pdf,c08b94d4c5abed9c07b4c9569106df1919ec68548faced46ae79bc96edb8fc4a,HELD,,NO TARGET TYPE FOLDER — Di10-PV_Validation_2024-12 absent from v0.31 08_CSV type set
GQMS domains 00-18,04_PV/PLN/Draft/GMG-PV-PLN-0007_PV-System-Development-and-Implementation-Plan_v0.8_DRAFT_2026-08-07.docx,c0a41445e617c387c359c8dfd89b3d58efe812d78d3742d89f39e75cfe7b4052,PROMOTED,04_PV/01_Controlled_Documents/PLN/Draft/GMG-PV-PLN-0007_PV-System-Development-and-Implementation-Plan_v0.8_DRAFT_2026-08-07.docx,
GQMS domains 00-18,04_PV/SOP/Draft/GMG-PV-SOP-0006_v0.10_DRAFT_2026-08-07.docx,c192a02fe6ff3582b704ad3075eace2faecc8f74a389ea1a84a3d356c358fb5f,PROMOTED,04_PV/01_Controlled_Documents/SOP/Draft/GMG-PV-SOP-0006_v0.10_DRAFT_2026-08-07.docx,
GQMS domains 00-18,05_RAF/MEM/Draft/GMG-RAF-MEM-0001_v0.2_DRAFT_2026-07-21.docx,c237f1bef0e10170a9d9339c91469fa8ac97aa8dbe1d3f73c2ac1fc0c4feaa05,PROMOTED (v0.32 type addition),02_GQMS_Controlled_Repository/00_Group_Shared/05_RAF/01_Controlled_Documents/MEM/Draft/GMG-RAF-MEM-0001_v0.2_DRAFT_2026-07-21.docx,
GQMS domains 00-18,04_PV/SOP/Draft/Superseded_Retired/GMG-PV-SOP-0019_v0.4_DRAFT_2026-08-05.docx,c24237b489840a26adf887b08da321a802b2e80c6c012fe135a063b9ebb544ee,PROMOTED,04_PV/01_Controlled_Documents/SOP/Draft/Superseded_Retired/GMG-PV-SOP-0019_v0.4_DRAFT_2026-08-05.docx,
GQMS domains 00-18,04_PV/PLN/Superseded_Retired/GMG-PV-PLN-0002_v0.1_DRAFT_2026-07-16_SUPERSEDED.docx,c370b624d1b996a5f980686457e268f2a500b075c6aa60c6a2f6537b69713dee,PROMOTED,04_PV/01_Controlled_Documents/PLN/Superseded/GMG-PV-PLN-0002_v0.1_DRAFT_2026-07-16_SUPERSEDED.docx,
GQMS domains 00-18,04_PV/PLN/Superseded_Retired/GMG-PV-PLN-0005_v0.2_DRAFT_2026-07-21.docx,c3a8dcc0ac329e38f263c579af38ad23539613b2f5fab0c45373f429bd0ede84,HELD,,LIFECYCLE UNDETERMINED — in Superseded_Retired with no status token | likely: Superseded — GMG-PV-PLN-0005 exists at higher version v0.8
GQMS domains 00-18,04_PV/PLN/Superseded_Retired/GMG-PVG-PLN-0004_v0.1_DRAFT_2026-07-14.docx,c3f9b74e4d7f2c3a72a79811aea32d5b92f62114669d73b8fd3fac970473153d,HELD,,LIFECYCLE UNDETERMINED — in Superseded_Retired with no status token | likely: UNRESOLVED — No higher version found
GQMS domains 00-18,01_QMS/SOP/Superseded_Retired/GMG-QMS-SOP-0010_v0.5_DRAFT_2026-07-11.docx,c412d1006466e729a7e03cfc3a7c861e98558a2dc14acbcf9546a14893417502,HELD,,LIFECYCLE UNDETERMINED — in Superseded_Retired with no status token | likely: Superseded — GMG-QMS-SOP-0010 exists at higher version v0.7
GQMS domains 00-18,04_PV/SOP/Draft/Superseded_Retired/GMG-PV-SOP-0008_v0.2_DRAFT_2026-07-16.docx,c4b5dc656eacb62aa1b1f309069c793a34f1fba3c3237b915126ccb70c007b52,PROMOTED,04_PV/01_Controlled_Documents/SOP/Draft/Superseded_Retired/GMG-PV-SOP-0008_v0.2_DRAFT_2026-07-16.docx,
GQMS domains 00-18,04_PV/LOG/Draft/GMG-PV-LOG-0003_v0.2_DRAFT_2026-08-01.xlsx,c554e0adc9abaced783e0e3d839ab812802140f98a363809946931fa3ede862e,PROMOTED,04_PV/01_Controlled_Documents/LOG/Draft/GMG-PV-LOG-0003_v0.2_DRAFT_2026-08-01.xlsx,
GQMS domains 00-18,01_QMS/SOP/Draft/GMG-QMS-SOP-0007_v0.6_DRAFT_2026-07-11.docx,c62136fb91c6c7d546e489facb61fe5d1796a0003dc5b0c70a5343ec465d235d,PROMOTED,01_QMS/01_Controlled_Documents/SOP/Draft/GMG-QMS-SOP-0007_v0.6_DRAFT_2026-07-11.docx,
GQMS domains 00-18,04_PV/MTX/Superseded_Retired/GMG-PVG-MTX-0003_v0.1_DRAFT_2026-07-14.docx,c62b540e6381ee2e84963299578d4513b91cdd20af5639201cf3965cc68da6b5,HELD,,LIFECYCLE UNDETERMINED — in Superseded_Retired with no status token | likely: UNRESOLVED — No higher version found
GQMS domains 00-18,04_PV/FRM/Superseded_Retired/GMG-PV-FRM-0001_v0.1_DRAFT_2026-07-16.docx,c633ee0102a9457e505d178aa0bdcd4b4e7eaa774f47514886930bd3351ba1a4,HELD,,LIFECYCLE UNDETERMINED — in Superseded_Retired with no status token | likely: Superseded — GMG-PV-FRM-0001 exists at higher version v0.2
GQMS domains 00-18,04_PV/MAN/Annex/Superseded_Retired/GMG-PV-MAN-0002-C_v0.1_DRAFT_2026-08-03.docx,c6854b2623c7b671dd1a065561ff0a25ffa5968eab3a8efdcbbb9b8db711e59c,HELD,,NO TARGET TYPE FOLDER — MAN absent from v0.31 04_PV type set
GQMS domains 00-18,06_NUT/LOG/Draft/GMG-NUT-LOG-0001_v0.3_DRAFT_2026-08-01.xlsx,c6b35eb303626eed1e7fd87f69384da06375dfe295b7b5c2437d0d2f8f906c7f,PROMOTED,06_NUT/01_Controlled_Documents/LOG/Draft/GMG-NUT-LOG-0001_v0.3_DRAFT_2026-08-01.xlsx,
GQMS domains 00-18,01_QMS/FRM/Draft/GMG-QMS-FRM-0036_v0.1_DRAFT_2026-07-18.xlsx,c757fdaf4550aa6bd8a1d4006e6b232fb4beca6cf7d58982f4247d7d8a8a9f70,PROMOTED,01_QMS/01_Controlled_Documents/FRM/Draft/GMG-QMS-FRM-0036_v0.1_DRAFT_2026-07-18.xlsx,
GQMS domains 00-18,04_PV/SOP/Superseded_Retired/GMG-PV-SOP-0007_v0.1_DRAFT_2026-07-16_SUPERSEDED.docx,c76b9c7237a232389cfdd56cf556b56ea0a671cf9baf6496168d4b9329045489,PROMOTED,04_PV/01_Controlled_Documents/SOP/Superseded/GMG-PV-SOP-0007_v0.1_DRAFT_2026-07-16_SUPERSEDED.docx,
GQMS domains 00-18,04_PV/SOP/Draft/Superseded_Retired/GMG-PV-SOP-0004_v0.8_DRAFT_2026-08-05.docx,c76fa817930c87146a5c70ae2693ede71a4c6dee90f4b19cdbb2854d833fe62f,PROMOTED,04_PV/01_Controlled_Documents/SOP/Draft/Superseded_Retired/GMG-PV-SOP-0004_v0.8_DRAFT_2026-08-05.docx,
GQMS domains 00-18,04_PV/PLN/Draft/GMG-PV-PLN-0003_v0.4_DRAFT_2026-08-03.docx,c7e0ff1788bb5d781c45669f92f65b3f9880ce1efedee7f49a4560fa673a83b8,PROMOTED,04_PV/01_Controlled_Documents/PLN/Draft/GMG-PV-PLN-0003_v0.4_DRAFT_2026-08-03.docx,
GQMS domains 00-18,04_PV/MTX/Draft/GMG-PV-MTX-0007_v0.4_DRAFT_2026-08-08.xlsx,c832ad1c61e6ee414cbafe04b0454b2dad5b6759a6f2fe168a519aae29e632bc,PROMOTED,04_PV/01_Controlled_Documents/MTX/Draft/GMG-PV-MTX-0007_v0.4_DRAFT_2026-08-08.xlsx,
GQMS domains 00-18,04_PV/LOG/Draft/Superseded_Retired/GMG-PV-Consolidated-Deviation-Register_v0.11_DRAFT_2026-08-07.xlsx,c854254fb5075f855a2c47fbf467aec0ca3fffbd77f7b07986bd13ec7afac3d8,PROMOTED,04_PV/01_Controlled_Documents/LOG/Draft/Superseded_Retired/GMG-PV-Consolidated-Deviation-Register_v0.11_DRAFT_2026-08-07.xlsx,
GQMS domains 00-18,01_QMS/MTX/Draft/GMG-QMS-MTX-0003_v1.5_DRAFT_2026-07-21.xlsx,c8de3c6fa11f216a5f2b18db089ce00764f19e11931993456d19dede70b57014,PROMOTED,01_QMS/01_Controlled_Documents/MTX/Draft/GMG-QMS-MTX-0003_v1.5_DRAFT_2026-07-21.xlsx,
GQMS domains 00-18,04_PV/SOP/Superseded_Retired/GMG-PV-SOP-0022_v0.5_DRAFT_2026-08-07_SUPERSEDED.docx,c94bbe5d4f2be57e893de524448b77c1905227bf5f927d11d72620aecaea1cfb,PROMOTED,04_PV/01_Controlled_Documents/SOP/Superseded/GMG-PV-SOP-0022_v0.5_DRAFT_2026-08-07_SUPERSEDED.docx,
GQMS domains 00-18,01_QMS/SOP/Superseded_Retired/GMG-QMS-SOP-0003_v0.10_DRAFT_2026-07-18.docx,c9784145c1496cd56f08df2fd2c59c7605d73191b881eddb8ad1b1e61c7f0887,HELD,,LIFECYCLE UNDETERMINED — in Superseded_Retired with no status token | likely: Superseded — GMG-QMS-SOP-0003 exists at higher version v0.14
GQMS domains 00-18,01_QMS/LOG/Draft/GMG-QMS-LOG-0003_v0.5_DRAFT_2026-07-21.xlsx,c98f531efeaedf36b1d0d4a146d7b251b2d4cff4d37d971292c12d5b7c9c4d7e,PROMOTED,01_QMS/01_Controlled_Documents/LOG/Draft/GMG-QMS-LOG-0003_v0.5_DRAFT_2026-07-21.xlsx,
GQMS domains 00-18,04_PV/SOP/Draft/Superseded_Retired/GMG-PV-SOP-0019_v0.5_DRAFT_2026-08-07.docx,c9944492d2047686d2b4b0a6e1e62fb35cde0d6f9116833ff43a5160cb6d0b8f,PROMOTED,04_PV/01_Controlled_Documents/SOP/Draft/Superseded_Retired/GMG-PV-SOP-0019_v0.5_DRAFT_2026-08-07.docx,
GQMS domains 00-18,04_PV/FRM/Draft/GMG-PV-FRM-0007_v0.2_DRAFT_2026-07-16.docx,ca34f085b83f85ebc43a6637d559361026d3cb359e259ecab6d77cd04fe26049,PROMOTED,04_PV/01_Controlled_Documents/FRM/Draft/GMG-PV-FRM-0007_v0.2_DRAFT_2026-07-16.docx,
GQMS domains 00-18,01_QMS/FRM/Draft/GMG-QMS-FRM-0005_v1.0_DRAFT_2026-07-11.docx,cad7cdacb50895cc96a84797e47105f7a5421bcfecd0aee563527a379270bd32,PROMOTED,01_QMS/01_Controlled_Documents/FRM/Draft/GMG-QMS-FRM-0005_v1.0_DRAFT_2026-07-11.docx,
GQMS domains 00-18,04_PV/PLN/Draft/GMG-PV-Audit-Notification-Letter-ELM_v0.2_DRAFT_2026-08-01.pdf,cadaedc5773d94359a92da8496118f4963b66197920334c23d6a0398a05e49d1,PROMOTED,04_PV/01_Controlled_Documents/PLN/Draft/GMG-PV-Audit-Notification-Letter-ELM_v0.2_DRAFT_2026-08-01.pdf,
GQMS domains 00-18,04_PV/RSK/Draft/Superseded_Retired/GMG-PV-RSK-0001_v0.5_DRAFT_2026-08-01.docx,caf6a0e0574892fdcd24899f9b13c6a498a8508d174f26906ab53df9f90d378c,PROMOTED (v0.32 type addition),02_GQMS_Controlled_Repository/00_Group_Shared/04_PV/01_Controlled_Documents/RSK/Draft/Superseded_Retired/GMG-PV-RSK-0001_v0.5_DRAFT_2026-08-01.docx,
GQMS domains 00-18,04_PV/SOP/Superseded_Retired/GMG-PV-SOP-0013_v0.3_SUPERSEDED_2026-07-16.docx,cb33f9e8845d7786da31650dace47fca7108ceadacc5378777d1181166151ba3,PROMOTED,04_PV/01_Controlled_Documents/SOP/Superseded/GMG-PV-SOP-0013_v0.3_SUPERSEDED_2026-07-16.docx,
GQMS domains 00-18,04_PV/MTX/Draft/GMG-PV-MTX-0004_v0.1_DRAFT_2026-07-16.xlsx,cb630203a763ea1fbb2c740753871f60516041a3afa7fcae96254c77c14d0547,PROMOTED,04_PV/01_Controlled_Documents/MTX/Draft/GMG-PV-MTX-0004_v0.1_DRAFT_2026-07-16.xlsx,
GQMS domains 00-18,04_PV/CHK/Superseded_Retired/GMG-PVG-CHK-0001_v0.6_SUPERSEDED_2026-07-14.xlsx,cb66145191139f8b95a66b77c9bf11a0599ffdaeefded748284d2391b5cceb98,PROMOTED,04_PV/01_Controlled_Documents/CHK/Superseded/GMG-PVG-CHK-0001_v0.6_SUPERSEDED_2026-07-14.xlsx,
GQMS domains 00-18,04_PV/MTX/Superseded_Retired/GMG-PV-MTX-0001_v0.3_DRAFT_2026-07-21.xlsx,cbd4c649be734883ccb9b3388d2fde4b2717c705c5274b83376e03e2882a2b4e,HELD,,LIFECYCLE UNDETERMINED — in Superseded_Retired with no status token | likely: Superseded — GMG-PV-MTX-0001 exists at higher version v0.9
GQMS domains 00-18,00_Governance/MAN/Draft/GMG-QMS-MAN-0001_Completion_Checklist.xlsx,cc2fb2ec55cadc47a2d477b45b6ecdbc73d88b354b1504952596d94f621f7155,PROMOTED (v0.32 type addition),02_GQMS_Controlled_Repository/00_Group_Shared/00_Governance/01_Controlled_Documents/MAN/Draft/GMG-QMS-MAN-0001_Completion_Checklist.xlsx,
GQMS domains 00-18,04_PV/LOG/Superseded_Retired/GMG-PV-LOG-0001_v0.1_DRAFT_2026-07-14.xlsx,cd00ed22c2222d5c108fd27f1928ac2d49fba0dfe51b280cbc6ebbd9a856f273,HELD,,LIFECYCLE UNDETERMINED — in Superseded_Retired with no status token | likely: Superseded — GMG-PV-LOG-0001 exists at higher version v0.9
GQMS domains 00-18,04_PV/AGR/Draft/GMG-PV-AGR-0006_v0.4_DRAFT_2026-08-07.docx,cd180f93e9e0c3bf97cd81b73a38d3a2d756560c0f05ac2588eb3b248414a9a4,PROMOTED,04_PV/01_Controlled_Documents/AGR/Draft/GMG-PV-AGR-0006_v0.4_DRAFT_2026-08-07.docx,
GQMS domains 00-18,04_PV/SOP/Draft/Superseded_Retired/GMG-PV-SOP-0024_v0.3_DRAFT_2026-08-05.docx,cd35a7fccbdca6d8982c57e2011ee2068a2906776655dbd1a420c966434d1190,PROMOTED,04_PV/01_Controlled_Documents/SOP/Draft/Superseded_Retired/GMG-PV-SOP-0024_v0.3_DRAFT_2026-08-05.docx,
GQMS domains 00-18,04_PV/PLN/Superseded_Retired/GMG-PV-PLN-0007-B_PV-Execution-List_v0.5_DRAFT_2026-08-01.xlsx,cd9289208d2af6edc1ac16cedcb90b2ca1909ec4dac7cd186c127b5c6890683a,HELD,,LIFECYCLE UNDETERMINED — in Superseded_Retired with no status token | likely: Superseded — GMG-PV-PLN-0007 exists at higher version v0.8
GQMS domains 00-18,01_QMS/FRM/Superseded_Retired/GMG-QMS-FRM-0024_v0.1_DRAFT_2026-07-18_SUPERSEDED.xlsx,cdeba51d982d00adea5b161c44633b79d1f1d6818e7dfbe97011661ee3002ff9,PROMOTED,01_QMS/01_Controlled_Documents/FRM/Superseded/GMG-QMS-FRM-0024_v0.1_DRAFT_2026-07-18_SUPERSEDED.xlsx,
GQMS domains 00-18,04_PV/SOP/Superseded_Retired/GMG-PVG-SOP-0003_v0.1_SUPERSEDED_2026-07-14.docx,cdf38dd0dddf680aa13b0b095f3f8ebc26c01c5dc2e081a42c5a3c92177777b4,PROMOTED,04_PV/01_Controlled_Documents/SOP/Superseded/GMG-PVG-SOP-0003_v0.1_SUPERSEDED_2026-07-14.docx,
GQMS domains 00-18,01_QMS/STD/Superseded_Retired/GMG-QMS-STD-0001_v0.8_DRAFT_2026-07-16_SUPERSEDED.docx,ce06589d2bbb9475b909d14858919f413fbb2bb42ed6a74cb0933ebce0085d9c,PROMOTED,01_QMS/01_Controlled_Documents/STD/Superseded/GMG-QMS-STD-0001_v0.8_DRAFT_2026-07-16_SUPERSEDED.docx,
GQMS domains 00-18,04_PV/PLN/Draft/Superseded_Retired/GMG-PV-PLN-0007_PV-System-Development-and-Implementation-Plan_v0.5_DRAFT_2026-08-03.docx,ce72b74407724a1e9e6272150e2fb005b76a52715bb55fb0553b3465fa7db7ea,PROMOTED,04_PV/01_Controlled_Documents/PLN/Draft/Superseded_Retired/GMG-PV-PLN-0007_PV-System-Development-and-Implementation-Plan_v0.5_DRAFT_2026-08-03.docx,
GQMS domains 00-18,04_PV/SOP/Draft/Superseded_Retired/GMG-PV-SOP-0020_v0.2_DRAFT_2026-07-16.docx,ceb9a125c5785ac54762498a4c5c5a1cf8830ba329dc5444021dcc6506c8c4c8,PROMOTED,04_PV/01_Controlled_Documents/SOP/Draft/Superseded_Retired/GMG-PV-SOP-0020_v0.2_DRAFT_2026-07-16.docx,
GQMS domains 00-18,04_PV/AGR/Draft/GMG-PV-Setonda-ELM-Anexo-III-and-7.3-Amendment_v0.3_DRAFT_2026-08-03.pdf,cf410f62eb3601898360ca8f4a0f55e35f17ebe503e758894720b41a18f28651,PROMOTED,04_PV/01_Controlled_Documents/AGR/Draft/GMG-PV-Setonda-ELM-Anexo-III-and-7.3-Amendment_v0.3_DRAFT_2026-08-03.pdf,
GQMS domains 00-18,04_PV/SOP/Draft/Superseded_Retired/GMG-PV-SOP-0021_v0.3_DRAFT_2026-08-05.docx,cf45df31afc6da7650b0e995da22f1758f65e9c9036b44a64689fc46831c9697,PROMOTED,04_PV/01_Controlled_Documents/SOP/Draft/Superseded_Retired/GMG-PV-SOP-0021_v0.3_DRAFT_2026-08-05.docx,
GQMS domains 00-18,01_QMS/STD/Superseded_Retired/GMG-QMS-STD-0001_v0.6_DRAFT_2026-07-16.docx,cfc57ffb9ba15693545d892a65374f7a5126b0d61344b1382d4bd0073dc31a01,HELD,,LIFECYCLE UNDETERMINED — in Superseded_Retired with no status token | likely: Superseded — GMG-QMS-STD-0001 exists at higher version v0.16
GQMS domains 00-18,01_QMS/WIN/Draft/GMG-QMS-WIN-0002_v0.1_DRAFT_2026-07-15.docx,d02562bf28392d7b56a35e335eb3953296a15d944783eb7bb03ecbe2a60e3126,PROMOTED,01_QMS/01_Controlled_Documents/WIN/Draft/GMG-QMS-WIN-0002_v0.1_DRAFT_2026-07-15.docx,
GQMS domains 00-18,04_PV/WIN/Superseded_Retired/GMG-PV-WIN-0004-M1_v0.1_DRAFT_2026-08-08_SUPERSEDED.pdf,d0355974516a60ac1d85365e77a542e2cd83d879d82905f0545106d8107f260f,PROMOTED,04_PV/01_Controlled_Documents/WIN/Superseded/GMG-PV-WIN-0004-M1_v0.1_DRAFT_2026-08-08_SUPERSEDED.pdf,
GQMS domains 00-18,04_PV/AGR/Draft/GMG-PV-Information-Request-Miquel-y-Garriga_v0.1_DRAFT_2026-08-03.docx,d0623ee7450df8ca4f2bcf508e300e0e7969193c8e4bd5164b36085709148200,PROMOTED,04_PV/01_Controlled_Documents/AGR/Draft/GMG-PV-Information-Request-Miquel-y-Garriga_v0.1_DRAFT_2026-08-03.docx,
GQMS domains 00-18,06_NUT/FRM/Draft/GMG-NUT-FRM-0001_v0.2_DRAFT_2026-08-01.docx,d1090afda8f033755aaabbac311d0dbcc368c58af487b4093aebc4d25321e79a,PROMOTED,06_NUT/01_Controlled_Documents/FRM/Draft/GMG-NUT-FRM-0001_v0.2_DRAFT_2026-08-01.docx,
GQMS domains 00-18,04_PV/LOG/Superseded_Retired/GMG-PV-LOG-0001_v0.7_DRAFT_2026-07-21.xlsx,d11cd196beadac96220c700d2a6a93d34e3048844d6c53a762827732d3ec99fe,HELD,,LIFECYCLE UNDETERMINED — in Superseded_Retired with no status token | likely: Superseded — GMG-PV-LOG-0001 exists at higher version v0.9
GQMS domains 00-18,04_PV/MAN/Superseded_Retired/GMG-PV-MAN-0002_v0.7_DRAFT_2026-07-21.docx,d1564970d6ba2df205d5d7459827a7645d8047a5327d5e6c556e2d8476125745,HELD,,NO TARGET TYPE FOLDER — MAN absent from v0.31 04_PV type set
GQMS domains 00-18,04_PV/LOG/Superseded_Retired/GMG-PV-LOG-0001_v0.3_DRAFT_2026-07-21.xlsx,d1edd80c1c4104636bb70b67ebee16217cac27cb0b58027bc6c44b19c8ba73bb,HELD,,LIFECYCLE UNDETERMINED — in Superseded_Retired with no status token | likely: Superseded — GMG-PV-LOG-0001 exists at higher version v0.9
GQMS domains 00-18,04_PV/PLN/Superseded_Retired/GMG-PV-PLN-0007_PV-System-Development-and-Implementation-Plan_v0.3_DRAFT_2026-07-25.docx,d24767f9b606aa96ba8a34c708c2c3762543b01a2791216d934a752bb8ac1f8e,HELD,,LIFECYCLE UNDETERMINED — in Superseded_Retired with no status token | likely: Superseded — GMG-PV-PLN-0007 exists at higher version v0.8
GQMS domains 00-18,04_PV/SOP/Superseded_Retired/GMG-PV-SOP-0023_v0.1_DRAFT_2026-07-16_SUPERSEDED.docx,d2569c0c35546bf37af2250cf8bb6c3613b388067341aa7a7c36fe7a3a546549,PROMOTED,04_PV/01_Controlled_Documents/SOP/Superseded/GMG-PV-SOP-0023_v0.1_DRAFT_2026-07-16_SUPERSEDED.docx,
GQMS domains 00-18,04_PV/MAN/Superseded_Retired/GMG-PV-MAN-0002_v0.10_DRAFT_2026-07-25.docx,d2635547605194bf2d21a63dc64a4f2a11d790e3e47663dcda1eb1eea17ceb58,HELD,,NO TARGET TYPE FOLDER — MAN absent from v0.31 04_PV type set
GQMS domains 00-18,04_PV/SOP/Draft/Superseded_Retired/GMG-PV-SOP-0023_v0.3_DRAFT_2026-08-05.docx,d3a7141286e4bc12fa7e5f2cc7fb09b66edda9bfd2e823ded3f4d339f6c629b0,PROMOTED,04_PV/01_Controlled_Documents/SOP/Draft/Superseded_Retired/GMG-PV-SOP-0023_v0.3_DRAFT_2026-08-05.docx,
GQMS domains 00-18,04_PV/PLN/Superseded_Retired/GMG-PV-PLN-0008_ELM-Supplier-Audit-Plan_v0.1_DRAFT_2026-08-01.docx,d3d19dfb20b570bfd2ed4bea0d92e8e36377fc9ad34b786c6cd9193c38518128,HELD,,LIFECYCLE UNDETERMINED — in Superseded_Retired with no status token | likely: Superseded — GMG-PV-PLN-0008 exists at higher version v0.3
GQMS domains 00-18,01_QMS/MTX/Superseded_Retired/GMG-QMS-MTX-0005_v0.1_DRAFT_2026-07-18_SUPERSEDED.xlsx,d3df11d61f7c5a4ba376aa885c9016708f50284b51fe4e4577c9739365dd81db,PROMOTED,01_QMS/01_Controlled_Documents/MTX/Superseded/GMG-QMS-MTX-0005_v0.1_DRAFT_2026-07-18_SUPERSEDED.xlsx,
GQMS domains 00-18,04_PV/SOP/Superseded_Retired/GMG-PV-SOP-0021_v0.1_DRAFT_2026-07-16_SUPERSEDED.docx,d420bad5d69c4759653b58241bfbeb1ecb70b0d061046692bc03304cbea2f229,PROMOTED,04_PV/01_Controlled_Documents/SOP/Superseded/GMG-PV-SOP-0021_v0.1_DRAFT_2026-07-16_SUPERSEDED.docx,
GQMS domains 00-18,00_Governance/MAN/Superseded_Retired/GMG-QMS-MAN-0001_v1.11_DRAFT_2026-07-21.docx,d43745f65b6f07b00367b202b1819d857c639f87d036ec0630f6b422947ddb87,HELD,,NO TARGET TYPE FOLDER — MAN absent from v0.31 00_Governance type set
GQMS domains 00-18,06_NUT/SOP/Draft/GMG-NUT-SOP-0005_v0.4_DRAFT_2026-08-01.docx,d465b9f731171b7aedb003381e3811754c16d40ee120690db805effb57c63c7b,PROMOTED,06_NUT/01_Controlled_Documents/SOP/Draft/GMG-NUT-SOP-0005_v0.4_DRAFT_2026-08-01.docx,
GQMS domains 00-18,04_PV/FRM/Draft/Superseded_Retired/GMG-PV-FRM-0010-AG_Mandate-GMG-AG_v0.3_DRAFT_2026-08-05.docx,d47414a4310b5f52fcdaf367ae06dc58ad4d4d31bdcda48b2af5cae73bfc5190,PROMOTED,04_PV/01_Controlled_Documents/FRM/Draft/Superseded_Retired/GMG-PV-FRM-0010-AG_Mandate-GMG-AG_v0.3_DRAFT_2026-08-05.docx,
GQMS domains 00-18,04_PV/SOP/Draft/Superseded_Retired/GMG-PV-SOP-0006_v0.9_DRAFT_2026-08-07.docx,d4bf65267bedc29d02ba411094187194187d853a0cefcfcbccfff944a977bae8,PROMOTED,04_PV/01_Controlled_Documents/SOP/Draft/Superseded_Retired/GMG-PV-SOP-0006_v0.9_DRAFT_2026-08-07.docx,
GQMS domains 00-18,04_PV/SOP/Draft/Superseded_Retired/GMG-PV-SOP-0016_v0.5_DRAFT_2026-08-07.docx,d556f2c71e65cd600f3d5b84c4feca9881f6d51c095636cf3584850430382b12,PROMOTED,04_PV/01_Controlled_Documents/SOP/Draft/Superseded_Retired/GMG-PV-SOP-0016_v0.5_DRAFT_2026-08-07.docx,
GQMS domains 00-18,04_PV/MAN/Superseded_Retired/GMG-PVG-MAN-0002_v0.1_SUPERSEDED_2026-07-14.docx,d5c56258131d42fc987dd4969994f407f2b3edd45c7a81f97953990d1a61ca0b,PROMOTED (v0.32 type addition),02_GQMS_Controlled_Repository/00_Group_Shared/04_PV/01_Controlled_Documents/MAN/Superseded/GMG-PVG-MAN-0002_v0.1_SUPERSEDED_2026-07-14.docx,
GQMS domains 00-18,04_PV/MAN/Annex/Superseded_Retired/GMG-PV-MAN-0002-E_v0.2_DRAFT_2026-08-01.docx,d61d587f56a12b3ece6e01fc0d7d76b6136d07401dd1401cd895f15052ac5e8e,HELD,,NO TARGET TYPE FOLDER — MAN absent from v0.31 04_PV type set
GQMS domains 00-18,04_PV/MTX/Superseded_Retired/GMG-PV-MTX-0001_v0.4_DRAFT_2026-07-21.xlsx,d65b296e15cc446afd207a55ac8477d80759ee35ad378da72b40921a10832bf3,HELD,,LIFECYCLE UNDETERMINED — in Superseded_Retired with no status token | likely: Superseded — GMG-PV-MTX-0001 exists at higher version v0.9
GQMS domains 00-18,01_QMS/STD/Superseded_Retired/GMG-QMS-STD-0001_v0.9_DRAFT_2026-07-18_SUPERSEDED.docx,d67151b784261299fd9678a45a88bba66b84dc868a66df85fc2612ecde827cac,PROMOTED,01_QMS/01_Controlled_Documents/STD/Superseded/GMG-QMS-STD-0001_v0.9_DRAFT_2026-07-18_SUPERSEDED.docx,
GQMS domains 00-18,04_PV/PLN/Draft/GMG-PV-PLN-0007_PV-System-Development-and-Implementation-Plan_v0.5_DRAFT_2026-08-03.pdf,d74bfcf409dc7b0fc7685e2416273d704a1a72f73f02fe53b48ca78e6190bdd7,PROMOTED,04_PV/01_Controlled_Documents/PLN/Draft/GMG-PV-PLN-0007_PV-System-Development-and-Implementation-Plan_v0.5_DRAFT_2026-08-03.pdf,
GQMS domains 00-18,01_QMS/TPL/Draft/GMG-QMS-TPL-0004_v0.2_DRAFT_2026-08-08.xlsx,d7730d228f0a5c581f6826889d710807e18e0749b2413128a87d41d718fc0f85,PROMOTED,01_QMS/01_Controlled_Documents/TPL/Draft/GMG-QMS-TPL-0004_v0.2_DRAFT_2026-08-08.xlsx,
GQMS domains 00-18,04_PV/SOP/Draft/GMG-PV-SOP-0017_v0.6_DRAFT_2026-08-07.docx,d7996646d5eef99f08cc5d42e46ece520bcf85afc47d1db2697d015fa655e102,PROMOTED,04_PV/01_Controlled_Documents/SOP/Draft/GMG-PV-SOP-0017_v0.6_DRAFT_2026-08-07.docx,
GQMS domains 00-18,01_QMS/FRM/Draft/GMG-QMS-FRM-0020_v1.1_DRAFT_2026-07-21.docx,d7d0afa34a62aa29131004892953d73aa5374c70e7b778b089e41fb592f754cf,PROMOTED,01_QMS/01_Controlled_Documents/FRM/Draft/GMG-QMS-FRM-0020_v1.1_DRAFT_2026-07-21.docx,
GQMS domains 00-18,04_PV/MAN/Superseded_Retired/GMG-PV-MAN-0001_v0.11_DRAFT_2026-07-21.docx,d8615a8d837bc2102c3961943ca169bc229f9f8b9465fca6b16f3fc9abfb8890,HELD,,NO TARGET TYPE FOLDER — MAN absent from v0.31 04_PV type set
GQMS domains 00-18,04_PV/AGR/Effective/Executed_SDEAs/GMG-PV-SDEA-AZ-Makromed-Annex_executed.pdf,d8681239063b7fcec7b6ce20df35c579d312d9b0fe6b6e13844f9b72ae8b36b0,PROMOTED,04_PV/01_Controlled_Documents/AGR/Effective/Executed_SDEAs/GMG-PV-SDEA-AZ-Makromed-Annex_executed.pdf,
GQMS domains 00-18,04_PV/MAN/Annex/GMG-PV-MAN-0002-D_v0.3_DRAFT_2026-08-07.docx,d887783b8f02dcb89ea1d79c99cf42b4f7656e34166c2e3ba1de4e81904a7c13,HELD,,NO TARGET TYPE FOLDER — MAN absent from v0.31 04_PV type set
GQMS domains 00-18,04_PV/SOP/Draft/GMG-PV-SOP-0004_v0.14_DRAFT_2026-08-07.docx,d9c7dbdcb93824bef5e2e6bc9c57cc3ea1634a2ee04164420d2b1319b8ba3370,PROMOTED,04_PV/01_Controlled_Documents/SOP/Draft/GMG-PV-SOP-0004_v0.14_DRAFT_2026-08-07.docx,
GQMS domains 00-18,01_QMS/FRM/Draft/GMG-QMS-FRM-0021-BATCH-01_v0.1_DRAFT_2026-08-08.xlsx,d9db7406f33803ac2c15a816bcd2d0f3eb307f5bdf3b67f21cd0c77582027573,PROMOTED,01_QMS/01_Controlled_Documents/FRM/Draft/GMG-QMS-FRM-0021-BATCH-01_v0.1_DRAFT_2026-08-08.xlsx,
GQMS domains 00-18,04_PV/MAN/Annex/Superseded_Retired/GMG-PV-MAN-0002-B_v0.7_DRAFT_2026-08-07.docx,db7557e454358ba5d6a139304ea8c5a8e3589fce7fb8a75cf50fabd8bb95bf7b,HELD,,NO TARGET TYPE FOLDER — MAN absent from v0.31 04_PV type set
GQMS domains 00-18,04_PV/MAN/Annex/Superseded_Retired/GMG-PV-MAN-0002-H_v0.5_DRAFT_2026-07-25.xlsx,dbd897b938e5ec038f09312af49523e31d8cd7e4c2564068206bb82c0e84770d,HELD,,NO TARGET TYPE FOLDER — MAN absent from v0.31 04_PV type set
GQMS domains 00-18,01_QMS/PLN/Draft/GMG-QMS-PLN-0002_v1.0_DRAFT_2026-07-11.docx,dc64d0492985b2e092b62ba04e61da1ebd799b2358a023aacb2c921d40ab0152,PROMOTED,01_QMS/01_Controlled_Documents/PLN/Draft/GMG-QMS-PLN-0002_v1.0_DRAFT_2026-07-11.docx,
GQMS domains 00-18,01_QMS/PLN/Draft/GMG-QMS-PLN-0007_v0.4_DRAFT_2026-08-07.docx,dd6b24e2aa8c8c507042764c7ce2af1381b8e45462394c5acbcc3cfa25a2effb,PROMOTED,01_QMS/01_Controlled_Documents/PLN/Draft/GMG-QMS-PLN-0007_v0.4_DRAFT_2026-08-07.docx,
GQMS domains 00-18,04_PV/SOP/Superseded_Retired/GMG-PV-SOP-0005_v0.3_DRAFT_2026-07-16.docx,dedaa21a0b7daaf0c3638c90180fbb83974825a15331996641a8554c1f3a9294,HELD,,LIFECYCLE UNDETERMINED — in Superseded_Retired with no status token | likely: Superseded — GMG-PV-SOP-0005 exists at higher version v0.9
GQMS domains 00-18,04_PV/SOP/Draft/Superseded_Retired/GMG-PV-SOP-0010_v0.4_DRAFT_2026-08-05.docx,df1f6e8168b23fe8d8db1f55916527a3c2587eed3c0941e667748dceba36bed5,PROMOTED,04_PV/01_Controlled_Documents/SOP/Draft/Superseded_Retired/GMG-PV-SOP-0010_v0.4_DRAFT_2026-08-05.docx,
GQMS domains 00-18,04_PV/SOP/Draft/Superseded_Retired/GMG-PV-SOP-0006_v0.7_DRAFT_2026-08-05.docx,df5a13252ec87c9af3b76659b0e8aa6babc30396b0789065f12fa603d018c929,PROMOTED,04_PV/01_Controlled_Documents/SOP/Draft/Superseded_Retired/GMG-PV-SOP-0006_v0.7_DRAFT_2026-08-05.docx,
GQMS domains 00-18,04_PV/AGR/Effective/Executed_SDEAs/GMG-PV-SDEA-TR-PVigi-FSAD_executed.pdf,df8148509d6f2499bddf4f12ad18ee09b39be23c398ef5dbb61869a5c93ddcf0,PROMOTED,04_PV/01_Controlled_Documents/AGR/Effective/Executed_SDEAs/GMG-PV-SDEA-TR-PVigi-FSAD_executed.pdf,
GQMS domains 00-18,04_PV/SOP/Draft/GMG-PV-SOP-0015_v0.8_DRAFT_2026-08-07.docx,e0115fd61979a2b2b938c418873585ca08b707ae7ef6462a0d749916d9007dee,PROMOTED,04_PV/01_Controlled_Documents/SOP/Draft/GMG-PV-SOP-0015_v0.8_DRAFT_2026-08-07.docx,
GQMS domains 00-18,04_PV/PLN/Draft/GMG-PV-PLN-0008_ELM-Supplier-Audit-Plan_v0.2_DRAFT_2026-08-01.docx,e05fa1774249816418ca7c2d8871759d84ee19cb62198304dea83806bd6af8d4,PROMOTED,04_PV/01_Controlled_Documents/PLN/Draft/GMG-PV-PLN-0008_ELM-Supplier-Audit-Plan_v0.2_DRAFT_2026-08-01.docx,
GQMS domains 00-18,10_RND/STD/Superseded_Retired/GMG-RND-STD-0001_Livselon-FP-Quality-Standard_v0.1_SUPERSEDED_2026-07-21.docx,e0a02a414ce0007554d05d2aa5f949d779ffd7cd471a0a4b5686c284338bc8bb,PROMOTED,10_RND/01_Controlled_Documents/STD/Superseded/GMG-RND-STD-0001_Livselon-FP-Quality-Standard_v0.1_SUPERSEDED_2026-07-21.docx,
GQMS domains 00-18,06_NUT/SOP/Draft/GMG-NUT-SOP-0009_v0.3_DRAFT_2026-08-01.docx,e0fb33d77dc35251a660d59ec1d69fbd3d97870cabb51eef7b3fb7013f038f9f,PROMOTED,06_NUT/01_Controlled_Documents/SOP/Draft/GMG-NUT-SOP-0009_v0.3_DRAFT_2026-08-01.docx,
GQMS domains 00-18,01_QMS/SOP/Draft/GMG-QMS-SOP-0005_v0.5_DRAFT_2026-08-05.docx,e1230b197e1ed0a3b73316d1d8521d38ba8c78c1d245d10b0fa104aa47d36dba,PROMOTED,01_QMS/01_Controlled_Documents/SOP/Draft/GMG-QMS-SOP-0005_v0.5_DRAFT_2026-08-05.docx,
GQMS domains 00-18,04_PV/MAN/Draft/Superseded_Retired/GMG-PV-MAN-0002_v0.21_DRAFT_2026-08-07.docx,e1261e174a94e2b407ecb59f74316d5dd0b69d6ad7499565e453d8060e9d1ce7,PROMOTED (v0.32 type addition),02_GQMS_Controlled_Repository/00_Group_Shared/04_PV/01_Controlled_Documents/MAN/Draft/Superseded_Retired/GMG-PV-MAN-0002_v0.21_DRAFT_2026-08-07.docx,
GQMS domains 00-18,04_PV/PLN/Superseded_Retired/GMG-PV-PLN-0007_PV-System-Development-and-Implementation-Plan_v0.1_DRAFT_2026-07-25.docx,e14ffd4f510ef52fccfbb46196c6142ff74b478c5f77dc9bcdd5abcefb8116a1,HELD,,LIFECYCLE UNDETERMINED — in Superseded_Retired with no status token | likely: Superseded — GMG-PV-PLN-0007 exists at higher version v0.8
GQMS domains 00-18,04_PV/MAN/Superseded_Retired/GMG-PV-MAN-0002-H_v0.1_DRAFT_2026-07-15.xlsx,e15fa77404b1be6851481c5fef8b392c7907ad43853e39a6cb97385417849472,HELD,,NO TARGET TYPE FOLDER — MAN absent from v0.31 04_PV type set
GQMS domains 00-18,04_PV/LOG/Superseded_Retired/GMG-PV-LOG-0001_v0.2_DRAFT_2026-07-21.xlsx,e16228a1847a8adc919b9b9b97321fca051ffd0fa0bdb2fbcf638d86aefe60c4,HELD,,LIFECYCLE UNDETERMINED — in Superseded_Retired with no status token | likely: Superseded — GMG-PV-LOG-0001 exists at higher version v0.9
GQMS domains 00-18,04_PV/SOP/Draft/Superseded_Retired/GMG-PV-SOP-0015_v0.5_DRAFT_2026-08-07.docx,e204e37806207552cfd861f5ef124b08bbc5592fb41368c0ea5f04f9d6c693ac,PROMOTED,04_PV/01_Controlled_Documents/SOP/Draft/Superseded_Retired/GMG-PV-SOP-0015_v0.5_DRAFT_2026-08-07.docx,
GQMS domains 00-18,04_PV/LOG/Draft/GMG-PV-LOG-0004_v0.4_DRAFT_2026-08-01.xlsx,e34527f15a31f6ac9f0cd8480e83793968876f78bf6eb809a992f76ea69e78fe,PROMOTED,04_PV/01_Controlled_Documents/LOG/Draft/GMG-PV-LOG-0004_v0.4_DRAFT_2026-08-01.xlsx,
GQMS domains 00-18,04_PV/SOP/Superseded_Retired/GMG-PVG-SOP-0005_v0.1_SUPERSEDED_2026-07-14.docx,e3c24c53ffdbfae3a3f867fbaf16638f80a2e30177b96389444d8fe7840c3f00,PROMOTED,04_PV/01_Controlled_Documents/SOP/Superseded/GMG-PVG-SOP-0005_v0.1_SUPERSEDED_2026-07-14.docx,
GQMS domains 00-18,01_QMS/FRM/Draft/GMG-QMS-FRM-0015_v1.0_DRAFT_2026-07-11.docx,e3e472693759f23c1f5bf21093ce5edb6b7d0247d3bacc57a86e54bad314ab4c,PROMOTED,01_QMS/01_Controlled_Documents/FRM/Draft/GMG-QMS-FRM-0015_v1.0_DRAFT_2026-07-11.docx,
GQMS domains 00-18,01_QMS/SOP/Draft/GMG-QMS-SOP-0006_v0.8_DRAFT_2026-07-18.docx,e4242934269baf08deb601a18ecde1a60ad4b4081a17b6babe4aa83ea4e0d38f,PROMOTED,01_QMS/01_Controlled_Documents/SOP/Draft/GMG-QMS-SOP-0006_v0.8_DRAFT_2026-07-18.docx,
GQMS domains 00-18,04_PV/SOP/Superseded_Retired/GMG-PV-SOP-0004_v0.3_SUPERSEDED_2026-07-16.docx,e4cf3cb4decd3dbf0f872d1e282abf1ca0c049af4fbbd0326656ed29ee9ddde5,PROMOTED,04_PV/01_Controlled_Documents/SOP/Superseded/GMG-PV-SOP-0004_v0.3_SUPERSEDED_2026-07-16.docx,
GQMS domains 00-18,01_QMS/SOP/Superseded_Retired/GMG-QMS-SOP-0010_v0.6_DRAFT_2026-07-21.docx,e4fae0dfb868effd5200a52b54128d984ae1a381eca7b0865b706bac5349241a,HELD,,LIFECYCLE UNDETERMINED — in Superseded_Retired with no status token | likely: Superseded — GMG-QMS-SOP-0010 exists at higher version v0.7
GQMS domains 00-18,04_PV/SOP/Superseded_Retired/GMG-PV-SOP-0001_v0.3_DRAFT_2026-07-16.docx,e55d086db6b89616c578960fff5d78f066f1083b655a7465c838c6bc6b5d2b44,HELD,,LIFECYCLE UNDETERMINED — in Superseded_Retired with no status token | likely: Superseded — GMG-PV-SOP-0001 exists at higher version v0.13
GQMS domains 00-18,06_NUT/FRM/Draft/GMG-NUT-FRM-0008_v0.2_DRAFT_2026-08-01.docx,e5920549a480ad0f5a811ba6e2f61be34b3e8f966c41266f2f86d2f5c6a6d2c0,PROMOTED,06_NUT/01_Controlled_Documents/FRM/Draft/GMG-NUT-FRM-0008_v0.2_DRAFT_2026-08-01.docx,
GQMS domains 00-18,04_PV/WIN/Superseded_Retired/GMG-PV-WIN-0004-M1_v0.1_DRAFT_2026-08-08_SUPERSEDED.docx,e5ce499587268f640f17d0457e4d33b5c4124fccff19828155fa520f6dfb4a7d,PROMOTED,04_PV/01_Controlled_Documents/WIN/Superseded/GMG-PV-WIN-0004-M1_v0.1_DRAFT_2026-08-08_SUPERSEDED.docx,
GQMS domains 00-18,04_PV/SOP/Draft/Superseded_Retired/GMG-PV-SOP-0011_v0.6_DRAFT_2026-08-07.docx,e6793c13bfd94c1ae5c15857fa4403adb3a443f83c89f66b592c39db54de4a85,PROMOTED,04_PV/01_Controlled_Documents/SOP/Draft/Superseded_Retired/GMG-PV-SOP-0011_v0.6_DRAFT_2026-08-07.docx,
GQMS domains 00-18,04_PV/MAN/Superseded_Retired/GMG-PV-MAN-0002_v0.3_DRAFT_2026-07-16.docx,e6c1ec49d1ba71bf17db3d3476c3ba6b533ecb7d044e0f0168051528c43f1bfe,HELD,,NO TARGET TYPE FOLDER — MAN absent from v0.31 04_PV type set
GQMS domains 00-18,04_PV/SOP/Superseded_Retired/GMG-PV-SOP-0016_v0.1_DRAFT_2026-07-16_SUPERSEDED.docx,e6f1f416a1ba7f829d23d9536c9d30447ca37536fb930eb21ae9966e1864f9cb,PROMOTED,04_PV/01_Controlled_Documents/SOP/Superseded/GMG-PV-SOP-0016_v0.1_DRAFT_2026-07-16_SUPERSEDED.docx,
GQMS domains 00-18,04_PV/MAN/Superseded_Retired/GMG-PV-MAN-0001_v0.9_DRAFT_2026-07-21.docx,e703df2044d45e9c7105f996d7fbc33c0aac2dd13c4df82cadf16e14e905bda4,HELD,,NO TARGET TYPE FOLDER — MAN absent from v0.31 04_PV type set
GQMS domains 00-18,04_PV/LOG/Superseded_Retired/GMG-PV-LOG-0001_v0.5_DRAFT_2026-07-21.xlsx,e723beb81788c0eca1fb16cd29d2904fb5be1fac4b67eeda99eeca0a4cc36697,HELD,,LIFECYCLE UNDETERMINED — in Superseded_Retired with no status token | likely: Superseded — GMG-PV-LOG-0001 exists at higher version v0.9
GQMS domains 00-18,04_PV/MTX/Draft/GMG-PV-Complaints-PV-Interface_v0.1_DRAFT_2026-08-03.pdf,e76e207a8f16f713a36bfdf651ff4f9c1c25cfd290595e3591941ffbb1341841,PROMOTED,04_PV/01_Controlled_Documents/MTX/Draft/GMG-PV-Complaints-PV-Interface_v0.1_DRAFT_2026-08-03.pdf,
GQMS domains 00-18,01_QMS/TPL/Superseded_Retired/GMG-QMS-TPL-0004_v0.1_DRAFT_2026-07-18_SUPERSEDED.xlsx,e7fe797b1de2231d87cd64e839c9d5816c077b8b74e46d82aae0a051302326dc,PROMOTED,01_QMS/01_Controlled_Documents/TPL/Superseded/GMG-QMS-TPL-0004_v0.1_DRAFT_2026-07-18_SUPERSEDED.xlsx,
GQMS domains 00-18,04_PV/SOP/Superseded_Retired/GMG-PV-SOP-0001_v0.5_DRAFT_2026-07-21.docx,e8b114342a26a4eac27243a19d912c843af6c576de9044d35c40cc1df11e3e3f,HELD,,LIFECYCLE UNDETERMINED — in Superseded_Retired with no status token | likely: Superseded — GMG-PV-SOP-0001 exists at higher version v0.13
GQMS domains 00-18,04_PV/LOG/Draft/Superseded_Retired/GMG-PV-Consolidated-Deviation-Register_v0.9_DRAFT_2026-08-07.xlsx,e8fe6731c0d9fe1130608a9579ec7ea8527c04a476a70cb3eb9a181fb5879763,PROMOTED,04_PV/01_Controlled_Documents/LOG/Draft/Superseded_Retired/GMG-PV-Consolidated-Deviation-Register_v0.9_DRAFT_2026-08-07.xlsx,
GQMS domains 00-18,04_PV/SOP/Draft/GMG-PV-SOP-0022_v0.6_DRAFT_2026-08-08.docx,e9aca5f305826d1cce4d9052b53cd7d697f1746e6754428722cf20e1658f7b55,PROMOTED,04_PV/01_Controlled_Documents/SOP/Draft/GMG-PV-SOP-0022_v0.6_DRAFT_2026-08-08.docx,
GQMS domains 00-18,04_PV/LST/Draft/GMG-PV-LST-0003_v0.8_DRAFT_2026-08-01.xlsx,e9ce3016121abaf38a061f90ecdc8149c1a4a6a4e9a7199c2fc3564ed771769d,PROMOTED (v0.32 type addition),02_GQMS_Controlled_Repository/00_Group_Shared/04_PV/01_Controlled_Documents/LST/Draft/GMG-PV-LST-0003_v0.8_DRAFT_2026-08-01.xlsx,
GQMS domains 00-18,04_PV/SOP/Superseded_Retired/GMG-PV-SOP-0001_v0.8_DRAFT_2026-08-01.docx,ea28284c03e34d2c07df00ec87667aa5c12153ce5eb128a2f982f4c4188f0713,HELD,,LIFECYCLE UNDETERMINED — in Superseded_Retired with no status token | likely: Superseded — GMG-PV-SOP-0001 exists at higher version v0.13
GQMS domains 00-18,04_PV/WIN/Draft/GMG-PV-WIN-0004-M6_PV-Training-Session-Pack-Module-6_v0.1_DRAFT_2026-08-08.docx,ea5208971d9ff42326e3d70021e92db7041c4dcc1f5d9a2a07e2900659e08247,PROMOTED,04_PV/01_Controlled_Documents/WIN/Draft/GMG-PV-WIN-0004-M6_PV-Training-Session-Pack-Module-6_v0.1_DRAFT_2026-08-08.docx,
GQMS domains 00-18,04_PV/PLN/Superseded_Retired/GMG-PVG-PLN-0003_v0.1_DRAFT_2026-07-14.docx,ea875ef41dfeac0ac0e2df129b69ac8ad6b92be13f530a1a9620f7981d53104c,HELD,,LIFECYCLE UNDETERMINED — in Superseded_Retired with no status token | likely: UNRESOLVED — No higher version found
GQMS domains 00-18,04_PV/SOP/Draft/GMG-PV-SOP-0008_v0.7_DRAFT_2026-08-07.docx,ea8e2737a870b7bb91e5862d15fdf716afe1b72f9c1ca28dde7352027f898e78,PROMOTED,04_PV/01_Controlled_Documents/SOP/Draft/GMG-PV-SOP-0008_v0.7_DRAFT_2026-08-07.docx,
GQMS domains 00-18,04_PV/AGR/Draft/GMG-PV-Authority-Notifications-A05_v0.1_DRAFT_2026-08-03.docx,eaa791fc396f1e63782ce4a23bd44b8768f44949604d51e3d2c10ec846728bd1,PROMOTED,04_PV/01_Controlled_Documents/AGR/Draft/GMG-PV-Authority-Notifications-A05_v0.1_DRAFT_2026-08-03.docx,
GQMS domains 00-18,04_PV/MAN/Superseded_Retired/GMG-PV-MAN-0002_v0.12_DRAFT_2026-07-27.docx,eae1127efe25b9b09d78a1d87e8d25984d968c6f82902ea0b33627939526828a,HELD,,NO TARGET TYPE FOLDER — MAN absent from v0.31 04_PV type set
GQMS domains 00-18,01_QMS/SOP/Draft/GMG-QMS-SOP-0009_v0.1_DRAFT_2026-07-15.docx,eb4f7bd8efafc7b2edb2d8065617bef77e19b1efc2b34096e0c0fee8daec114a,PROMOTED,01_QMS/01_Controlled_Documents/SOP/Draft/GMG-QMS-SOP-0009_v0.1_DRAFT_2026-07-15.docx,
GQMS domains 00-18,04_PV/LOG/Draft/Superseded_Retired/GMG-PV-LOG-0001_v0.8_DRAFT_2026-08-01.xlsx,eb8a49ac8f851891b96a666782ac43be3b7bc34a2ddedfa220464c20dfb85fa9,PROMOTED,04_PV/01_Controlled_Documents/LOG/Draft/Superseded_Retired/GMG-PV-LOG-0001_v0.8_DRAFT_2026-08-01.xlsx,
GQMS domains 00-18,04_PV/LOG/Superseded_Retired/GMG-PV-LST-0001_v0.5-parallel_DRAFT_2026-07-21_SUPERSEDED-BY-v0.7.xlsx,ec049197cbb6dcaceadaf16ff01c24d189651f8dc0687349b4dfcd5038ce46dc,PROMOTED,04_PV/01_Controlled_Documents/LOG/Superseded/GMG-PV-LST-0001_v0.5-parallel_DRAFT_2026-07-21_SUPERSEDED-BY-v0.7.xlsx,
GQMS domains 00-18,04_PV/MAN/Annex/GMG-PV-MAN-0002-E_v0.3_DRAFT_2026-08-07.docx,ecb856230bccbdd4d2e917d64e4736ff885980e3d3b0457c0713c4873c7d0eac,HELD,,NO TARGET TYPE FOLDER — MAN absent from v0.31 04_PV type set
GQMS domains 00-18,04_PV/MAN/Annex/Superseded_Retired/GMG-PV-MAN-0002-H_v0.8_DRAFT_2026-08-01.xlsx,ed399e47316ebd8e5e3258a83526e5b8e0262f1601df951eeae43de89fe38659,HELD,,NO TARGET TYPE FOLDER — MAN absent from v0.31 04_PV type set
GQMS domains 00-18,01_QMS/FRM/Draft/GMG-QMS-FRM-0012_v1.0_DRAFT_2026-07-11.xlsx,edc720e1163993c76c2f2b89a20a27130c175067aeab162659bdc12c4f9a7d83,PROMOTED,01_QMS/01_Controlled_Documents/FRM/Draft/GMG-QMS-FRM-0012_v1.0_DRAFT_2026-07-11.xlsx,
GQMS domains 00-18,04_PV/FRM/Draft/Superseded_Retired/GMG-PV-FRM-0010-SET_Mandate-Setonda_v0.3_DRAFT_2026-08-07.docx,edf7475047643c9383111249977035b93f2dcef872375121aa4cfccf8e0bfd03,PROMOTED,04_PV/01_Controlled_Documents/FRM/Draft/Superseded_Retired/GMG-PV-FRM-0010-SET_Mandate-Setonda_v0.3_DRAFT_2026-08-07.docx,
GQMS domains 00-18,04_PV/SOP/Draft/Superseded_Retired/GMG-PV-SOP-0004_v0.12_DRAFT_2026-08-07.docx,ee1d140c75d3203f59d5da8f289ef7682d02b1d1fb0a68e5e7f4d7b14ad735fc,PROMOTED,04_PV/01_Controlled_Documents/SOP/Draft/Superseded_Retired/GMG-PV-SOP-0004_v0.12_DRAFT_2026-08-07.docx,
GQMS domains 00-18,04_PV/MAN/Annex/GMG-PV-MAN-0002-H_v0.10_DRAFT_2026-08-07.xlsx,efcd2bf0ffb46d29115a4345f379a19934d331bca2d05eb7fcb08c0d7f9c5bd2,HELD,,NO TARGET TYPE FOLDER — MAN absent from v0.31 04_PV type set
GQMS domains 00-18,04_PV/LOG/Draft/Superseded_Retired/GMG-PV-Consolidated-Deviation-Register_v0.16_DRAFT_2026-08-07.xlsx,f013fdaafe30afe6a2e8652c88a11296f117876b260e1946c27d5e2356172582,PROMOTED,04_PV/01_Controlled_Documents/LOG/Draft/Superseded_Retired/GMG-PV-Consolidated-Deviation-Register_v0.16_DRAFT_2026-08-07.xlsx,
GQMS domains 00-18,06_NUT/FRM/Draft/GMG-NUT-FRM-0006_v0.2_DRAFT_2026-08-01.docx,f16dfb9c98a419ddd5a8cfaf699db88b8d01bbb81f127c43b5406833b4effb15,PROMOTED,06_NUT/01_Controlled_Documents/FRM/Draft/GMG-NUT-FRM-0006_v0.2_DRAFT_2026-08-01.docx,
GQMS domains 00-18,04_PV/PLN/Draft/Superseded_Retired/GMG-PV-PLN-0007_PV-System-Development-and-Implementation-Plan_v0.7_DRAFT_2026-08-07.docx,f231328a1b388b31c43df61470a7ff9780d9fb17a66167ab8c71ce5af588543a,PROMOTED,04_PV/01_Controlled_Documents/PLN/Draft/Superseded_Retired/GMG-PV-PLN-0007_PV-System-Development-and-Implementation-Plan_v0.7_DRAFT_2026-08-07.docx,
GQMS domains 00-18,04_PV/WIN/Draft/Superseded_Retired/GMG-PV-WIN-0004_v0.2_DRAFT_2026-07-14.docx,f26971809242ebffc689eb936c7f25ba093a5e08eb20c41e6ceb1c4c9bb4b5a9,PROMOTED,04_PV/01_Controlled_Documents/WIN/Draft/Superseded_Retired/GMG-PV-WIN-0004_v0.2_DRAFT_2026-07-14.docx,
GQMS domains 00-18,04_PV/MTX/Draft/Superseded_Retired/GMG-PV-MTX-0006_v0.4_DRAFT_2026-08-01.xlsx,f275e7f9e38ce608d08c5d1f0db227cb05702120422ab4dec593f729a5b43e40,PROMOTED,04_PV/01_Controlled_Documents/MTX/Draft/Superseded_Retired/GMG-PV-MTX-0006_v0.4_DRAFT_2026-08-01.xlsx,
GQMS domains 00-18,04_PV/SOP/Draft/Superseded_Retired/GMG-PV-SOP-0010_v0.3_DRAFT_2026-08-05.docx,f27c57e84e49f09aa630f37b5844d56c75d0fd41e21fc6cfd59ee21917c2c92f,PROMOTED,04_PV/01_Controlled_Documents/SOP/Draft/Superseded_Retired/GMG-PV-SOP-0010_v0.3_DRAFT_2026-08-05.docx,
GQMS domains 00-18,04_PV/AGR/Superseded_Retired/GMG-PV-AGR-0001_v0.3_DRAFT_2026-07-21.docx,f2bdf7adf4071c3e9a0b70176793655759b4c3268c5fabb5b8e1f106e1978f42,HELD,,LIFECYCLE UNDETERMINED — in Superseded_Retired with no status token | likely: Superseded — GMG-PV-AGR-0001 exists at higher version v0.6
GQMS domains 00-18,04_PV/SOP/Draft/Superseded_Retired/GMG-PV-SOP-0006_v0.4_DRAFT_2026-07-25.docx,f390c38ccb429c483fff2e4ba35e04f85eff7d4f87bad709dc73e192490f0dd4,PROMOTED,04_PV/01_Controlled_Documents/SOP/Draft/Superseded_Retired/GMG-PV-SOP-0006_v0.4_DRAFT_2026-07-25.docx,
GQMS domains 00-18,04_PV/SOP/Draft/Superseded_Retired/GMG-PV-SOP-0022_v0.2_DRAFT_2026-07-16.docx,f3defd7eaac0124b23ea6516014b211898d07d896338d4f76867385ef6bc0b5c,PROMOTED,04_PV/01_Controlled_Documents/SOP/Draft/Superseded_Retired/GMG-PV-SOP-0022_v0.2_DRAFT_2026-07-16.docx,
GQMS domains 00-18,06_NUT/FRM/Draft/GMG-NUT-FRM-0004_v0.2_DRAFT_2026-08-01.docx,f3f231b12ffdf42cd5b7f769fb14b1270d2602bc0c3ed8ded407573a7dd36f7b,PROMOTED,06_NUT/01_Controlled_Documents/FRM/Draft/GMG-NUT-FRM-0004_v0.2_DRAFT_2026-08-01.docx,
GQMS domains 00-18,04_PV/SOP/Superseded_Retired/GMG-PV-SOP-0024_v0.1_DRAFT_2026-07-16_SUPERSEDED.docx,f4e19f7ff2278fb5338207b98787c302a82e6fc79e773584c19129359a4b2401,PROMOTED,04_PV/01_Controlled_Documents/SOP/Superseded/GMG-PV-SOP-0024_v0.1_DRAFT_2026-07-16_SUPERSEDED.docx,
GQMS domains 00-18,04_PV/SOP/Superseded_Retired/GMG-PV-SOP-0022_v0.1_DRAFT_2026-07-16_SUPERSEDED.docx,f4e3be92e1d0d47662105284d544cec1cc901995fcdd78d53745dd398464f6a8,PROMOTED,04_PV/01_Controlled_Documents/SOP/Superseded/GMG-PV-SOP-0022_v0.1_DRAFT_2026-07-16_SUPERSEDED.docx,
GQMS domains 00-18,06_NUT/MTX/Draft/GMG-NUT-MTX-0001_v0.4_DRAFT_2026-08-01.xlsx,f55589c2b1aa5da46dbbc9d8276a6dc00af78c40e8e3adf09281cfccc45b7657,PROMOTED,06_NUT/01_Controlled_Documents/MTX/Draft/GMG-NUT-MTX-0001_v0.4_DRAFT_2026-08-01.xlsx,
GQMS domains 00-18,04_PV/SOP/Draft/Superseded_Retired/GMG-PV-SOP-0001_v0.10_DRAFT_2026-08-05.docx,f56979eee6e8e31fc9dffba7f866531e5a2f685177306f6ed643c7f8e83fcf13,PROMOTED,04_PV/01_Controlled_Documents/SOP/Draft/Superseded_Retired/GMG-PV-SOP-0001_v0.10_DRAFT_2026-08-05.docx,
GQMS domains 00-18,04_PV/PLN/Draft/GMG-PV-PLN-0005_v0.8_DRAFT_2026-08-07.docx,f5db17d2a258a0717fc1421b545b9ede327804d17a530a17c15c86a2bfdde3ad,PROMOTED,04_PV/01_Controlled_Documents/PLN/Draft/GMG-PV-PLN-0005_v0.8_DRAFT_2026-08-07.docx,
GQMS domains 00-18,04_PV/SOP/Draft/Superseded_Retired/GMG-PV-SOP-0015_v0.4_DRAFT_2026-08-01.docx,f77cfbad3a3be3610529af9e838b5aebbdfe1ed57df583415901292daeefcf5c,PROMOTED,04_PV/01_Controlled_Documents/SOP/Draft/Superseded_Retired/GMG-PV-SOP-0015_v0.4_DRAFT_2026-08-01.docx,
GQMS domains 00-18,04_PV/AGR/Superseded_Retired/GMG-PV-AGR-0006_v0.1_DRAFT_2026-07-21.docx,f794124898cc4d59979b8fe9dce367d6b03d47d1974652ebad1f8188ba112f1a,HELD,,LIFECYCLE UNDETERMINED — in Superseded_Retired with no status token | likely: Superseded — GMG-PV-AGR-0006 exists at higher version v0.4
GQMS domains 00-18,04_PV/CHK/Draft/Superseded_Retired/GMG-PV-CHK-0002_v0.3_DRAFT_2026-08-07.docx,f7988de39386ddb0fb40a57e10cb7624880bdaa5243b585d63bd3314941accbf,PROMOTED,04_PV/01_Controlled_Documents/CHK/Draft/Superseded_Retired/GMG-PV-CHK-0002_v0.3_DRAFT_2026-08-07.docx,
GQMS domains 00-18,04_PV/AGR/Superseded_Retired/GMG-PV-AGR-0005_v0.1_DRAFT_2026-07-21.docx,f7efa396e7afc60a03aabfff21a0521ccb9bcc47e254b31e8fe084f80d08eb03,HELD,,LIFECYCLE UNDETERMINED — in Superseded_Retired with no status token | likely: Superseded — GMG-PV-AGR-0005 exists at higher version v0.2
GQMS domains 00-18,01_QMS/SOP/Superseded_Retired/GMG-QMS-SOP-0003_v0.13_DRAFT_2026-07-18.docx,f8d16ee5dbee0dbee8bc384a31a49ee0a59f21c1f551c1b5caf7d76df99f0e4e,HELD,,LIFECYCLE UNDETERMINED — in Superseded_Retired with no status token | likely: Superseded — GMG-QMS-SOP-0003 exists at higher version v0.14
GQMS domains 00-18,04_PV/SOP/Draft/Superseded_Retired/GMG-PV-SOP-0013_v0.9_DRAFT_2026-08-07.docx,f92af2217888a0f4379fd538fca0e0b45b8455066763c127d0ceae3519c093e3,PROMOTED,04_PV/01_Controlled_Documents/SOP/Draft/Superseded_Retired/GMG-PV-SOP-0013_v0.9_DRAFT_2026-08-07.docx,
GQMS domains 00-18,04_PV/MTX/Superseded_Retired/GMG-PV-MTX-0001_v0.2_DRAFT_2026-07-21.xlsx,f9ab1ad20b1d2ddbb9b76ed8d578dc882d7bbd303eb8351b2f2b530d5d0ed4ef,HELD,,LIFECYCLE UNDETERMINED — in Superseded_Retired with no status token | likely: Superseded — GMG-PV-MTX-0001 exists at higher version v0.9
GQMS domains 00-18,04_PV/LOG/Superseded_Retired/GMG-PV-LOG-0002_v0.1_DRAFT_2026-07-16.xlsx,f9b2b23fa02c95e0202a3410fdf2d0199a936382aa92faaf618877afe2d53511,HELD,,LIFECYCLE UNDETERMINED — in Superseded_Retired with no status token | likely: Superseded — GMG-PV-LOG-0002 exists at higher version v0.2
GQMS domains 00-18,06_NUT/SOP/Draft/GMG-NUT-SOP-0001_v0.5_DRAFT_2026-08-01.docx,f9dc5da7a8e802492b2a0581909635df07582277d223e1668e28fd6e5f36304d,PROMOTED,06_NUT/01_Controlled_Documents/SOP/Draft/GMG-NUT-SOP-0001_v0.5_DRAFT_2026-08-01.docx,
GQMS domains 00-18,01_QMS/PLN/Draft/GMG-QMS-PLN-0006_v1.0_DRAFT_2026-07-11.docx,fa3f4f3aee39ff7949a82615705b834b85ec059108265257a4b4135d998f97b3,PROMOTED,01_QMS/01_Controlled_Documents/PLN/Draft/GMG-QMS-PLN-0006_v1.0_DRAFT_2026-07-11.docx,
GQMS domains 00-18,04_PV/MAN/Annex/Superseded_Retired/GMG-PV-MAN-0001-H_v0.2_DRAFT_2026-07-21.xlsx,fab35e55d39c74e3bc0fcf8f0e4e96c987ea9ab3293968cab4b638f68a9229ac,HELD,,NO TARGET TYPE FOLDER — MAN absent from v0.31 04_PV type set
GQMS domains 00-18,04_PV/MAN/Draft/Superseded_Retired/GMG-PV-MAN-0002_v0.20_DRAFT_2026-08-03.docx,fabfd8980ebdf170e097a360ca3f879820442f6200b01cadec75c2027bede75d,PROMOTED (v0.32 type addition),02_GQMS_Controlled_Repository/00_Group_Shared/04_PV/01_Controlled_Documents/MAN/Draft/Superseded_Retired/GMG-PV-MAN-0002_v0.20_DRAFT_2026-08-03.docx,
GQMS domains 00-18,04_PV/SOP/Superseded_Retired/GMG-PV-SOP-0013_v0.2_DRAFT_2026-07-14_SUPERSEDED.docx,fb6ebc25a9c6b20d380e3a40fd5a0e9d294b25a91a89969b677af48bfdc521ea,PROMOTED,04_PV/01_Controlled_Documents/SOP/Superseded/GMG-PV-SOP-0013_v0.2_DRAFT_2026-07-14_SUPERSEDED.docx,
GQMS domains 00-18,04_PV/MAN/Superseded_Retired/GMG-PVG-MAN-0001_v0.2_SUPERSEDED_2026-07-14.docx,fbb670af01a7c5df41ea50965b1ae2e09f35d8d9afba97f771b0f0604867a558,PROMOTED (v0.32 type addition),02_GQMS_Controlled_Repository/00_Group_Shared/04_PV/01_Controlled_Documents/MAN/Superseded/GMG-PVG-MAN-0001_v0.2_SUPERSEDED_2026-07-14.docx,
GQMS domains 00-18,04_PV/CHK/Draft/Superseded_Retired/GMG-PV-CHK-0002_v0.1_DRAFT_2026-07-14.docx,fc21bc97fa4440352bb7c384b51e1c22d0a368351e7ddc8d299be35f4f5cc1e6,PROMOTED,04_PV/01_Controlled_Documents/CHK/Draft/Superseded_Retired/GMG-PV-CHK-0002_v0.1_DRAFT_2026-07-14.docx,
GQMS domains 00-18,04_PV/SOP/Draft/GMG-PV-SOP-0018_v0.6_DRAFT_2026-08-07.docx,fc2c4dcdf136348d7e49f5b95e9255b65a0e11bc37ee3363c74f2186e4fa7915,PROMOTED,04_PV/01_Controlled_Documents/SOP/Draft/GMG-PV-SOP-0018_v0.6_DRAFT_2026-08-07.docx,
GQMS domains 00-18,04_PV/RPT/Draft/GMG-PV-RPT-0001_v0.1_DRAFT_2026-08-08.docx,fd0a39053a63c1f41b476be5b905bd9c1d8b537b59fcfb9c649aff8579c8eb31,PROMOTED (v0.32 type addition),02_GQMS_Controlled_Repository/00_Group_Shared/04_PV/01_Controlled_Documents/RPT/Draft/GMG-PV-RPT-0001_v0.1_DRAFT_2026-08-08.docx,
GQMS domains 00-18,04_PV/MAN/Annex/Superseded_Retired/GMG-PV-MAN-0001-H_v0.3_DRAFT_2026-07-21.xlsx,fd1442cfea3c85e21f34937f069e6a4f53c58412692716d1a332edef156aeb51,HELD,,NO TARGET TYPE FOLDER — MAN absent from v0.31 04_PV type set
GQMS domains 00-18,04_PV/CHK/Superseded_Retired/GMG-PV-CHK-0004_v0.1_DRAFT_2026-07-16.docx,fda4435b329b9ab3d021603d6d4944251de56e6b527a37cac75cbbed32f6067a,HELD,,LIFECYCLE UNDETERMINED — in Superseded_Retired with no status token | likely: Superseded — GMG-PV-CHK-0004 exists at higher version v0.3
GQMS domains 00-18,04_PV/SOP/Superseded_Retired/GMG-PV-SOP-0019_v0.1_DRAFT_2026-07-16_SUPERSEDED.docx,fe198acf440ccd465df52b2a6f3af48873e7620847abbbeef583e6985810ad7d,PROMOTED,04_PV/01_Controlled_Documents/SOP/Superseded/GMG-PV-SOP-0019_v0.1_DRAFT_2026-07-16_SUPERSEDED.docx,
GQMS domains 00-18,01_QMS/SOP/Superseded_Retired/GMG-QMS-SOP-0006_v0.5_DRAFT_2026-07-11.docx,feb4393f3e715709449301edc8c0d3510062b4db48b4b9f61b2c9fbe5db1c4fa,HELD,,LIFECYCLE UNDETERMINED — in Superseded_Retired with no status token | likely: Superseded — GMG-QMS-SOP-0006 exists at higher version v0.8
GQMS domains 00-18,04_PV/CHK/Draft/Superseded_Retired/GMG-PV-CHK-0005_v0.1_DRAFT_2026-07-16.docx,fec73d1c82e97a9aed8f581f61bd920a9cca6154629b64344a51b13364883a97,PROMOTED,04_PV/01_Controlled_Documents/CHK/Draft/Superseded_Retired/GMG-PV-CHK-0005_v0.1_DRAFT_2026-07-16.docx,
GQMS domains 00-18,01_QMS/PLN/Superseded_Retired/GMG-QMS-PLN-0001_v0.6_DRAFT_2026-07-14.xlsx,fef493f4bcd92c426de7b6ac00a980da3b792d78071f6dd378786fe2defbba0e,HELD,,LIFECYCLE UNDETERMINED — in Superseded_Retired with no status token | likely: Superseded — GMG-QMS-PLN-0001 exists at higher version v0.8
GQMS domains 00-18,04_PV/LOG/Draft/Superseded_Retired/GMG-PV-LST-0001_v0.9_DRAFT_2026-08-01.xlsx,ff593605339eb89f0b3a5823eb96029831a7113040d754a31065ade45a615e48,PROMOTED,04_PV/01_Controlled_Documents/LOG/Draft/Superseded_Retired/GMG-PV-LST-0001_v0.9_DRAFT_2026-08-01.xlsx,
GQMS domains 00-18,01_QMS/MTX/Draft/GMG-QMS-MTX-0005_v0.2_DRAFT_2026-08-08.xlsx,ffc2b27fbd21207bf7ae2c12fe1eaf98f83234459f8da0c1b9d578a3a76ba9bc,PROMOTED,01_QMS/01_Controlled_Documents/MTX/Draft/GMG-QMS-MTX-0005_v0.2_DRAFT_2026-08-08.xlsx,
30_BPG/COM,30_BPG/COM/AGR/Draft/GMG-COM-AGR-0001_v0.2_DRAFT_2026-08-10.docx,6711a9ff1d836d7dd9023fb263fb936d13d9d95b5150e25329348be62f6e7612,PROMOTED,AGR/Draft/GMG-COM-AGR-0001_v0.2_DRAFT_2026-08-10.docx,
30_BPG/COM,30_BPG/COM/AGR/Draft/GMG-COM-AGR-0002_v0.3_DRAFT_2026-08-10.docx,2bf2be43a84d1ae4875580cc201f000d39a905c807353949ce09487833758cab,PROMOTED,AGR/Draft/GMG-COM-AGR-0002_v0.3_DRAFT_2026-08-10.docx,
30_BPG/COM,30_BPG/COM/AGR/Draft/GMG-COM-AGR-0003_v0.2_DRAFT_2026-08-10.docx,29f9de91c9679a8af80e9c12f76ae1614ec2763e886ee6183c4c79237d767fd6,PROMOTED,AGR/Draft/GMG-COM-AGR-0003_v0.2_DRAFT_2026-08-10.docx,
30_BPG/COM,30_BPG/COM/AGR/Draft/GMG-COM-AGR-0004_v0.2_DRAFT_2026-08-10.docx,c2cc4a86f9f24e1ced50a00b5e0a5c7c4483dfd0c862e3461e36d3eb712ea199,PROMOTED,AGR/Draft/GMG-COM-AGR-0004_v0.2_DRAFT_2026-08-10.docx,
30_BPG/COM,30_BPG/COM/AGR/Draft/GMG-COM-AGR-0005_v0.2_DRAFT_2026-08-10.docx,7a7be89e6a824e3bb8faadbc0ee0aa827faf96796f3d57a892f5350974ef474b,PROMOTED,AGR/Draft/GMG-COM-AGR-0005_v0.2_DRAFT_2026-08-10.docx,
30_BPG/COM,30_BPG/COM/AGR/Draft/GMG-COM-AGR-0006_v0.2_DRAFT_2026-08-10.docx,acf1689b846704a8690159cc7b0d29a10c30ab202f00142c3267fa494ca3f134,PROMOTED,AGR/Draft/GMG-COM-AGR-0006_v0.2_DRAFT_2026-08-10.docx,
30_BPG/COM,30_BPG/COM/AGR/Draft/GMG-COM-AGR-0007_v0.2_DRAFT_2026-08-10.docx,e1db2787a98b56791756a28d9c3cc0475f1e00e42e5108632697cb24d89da8ce,PROMOTED,AGR/Draft/GMG-COM-AGR-0007_v0.2_DRAFT_2026-08-10.docx,
30_BPG/COM,30_BPG/COM/AGR/Superseded_Retired/GMG-COM-AGR-0001_v0.1_DRAFT_2026-08-07_SUPERSEDED.docx,b4ecb4cf45c7a1ee98e0ef5a6e50ad31833507300780cd8301757b8ab7451611,PROMOTED,AGR/Superseded/GMG-COM-AGR-0001_v0.1_DRAFT_2026-08-07_SUPERSEDED.docx,
30_BPG/COM,30_BPG/COM/AGR/Superseded_Retired/GMG-COM-AGR-0002_v0.1_DRAFT_2026-08-08_SUPERSEDED.docx,cfff2c5c6f53adbe33002a795841a48c887234d80bb51927d83ef6834ebf24d2,PROMOTED,AGR/Superseded/GMG-COM-AGR-0002_v0.1_DRAFT_2026-08-08_SUPERSEDED.docx,
30_BPG/COM,30_BPG/COM/AGR/Superseded_Retired/GMG-COM-AGR-0002_v0.2_DRAFT_2026-08-10_SUPERSEDED.docx,83c4440761e307bc0d5673725919b1244f6cfc8cd62fd2c0d57a41716731aa50,PROMOTED,AGR/Superseded/GMG-COM-AGR-0002_v0.2_DRAFT_2026-08-10_SUPERSEDED.docx,
30_BPG/COM,30_BPG/COM/AGR/Superseded_Retired/GMG-COM-AGR-0003_v0.1_DRAFT_2026-08-08_SUPERSEDED.docx,4618767d9e3ee42105a7b10fa4451568282d99b64611c8db88427d077b2e1684,PROMOTED,AGR/Superseded/GMG-COM-AGR-0003_v0.1_DRAFT_2026-08-08_SUPERSEDED.docx,
30_BPG/COM,30_BPG/COM/AGR/Superseded_Retired/GMG-COM-AGR-0004_v0.1_DRAFT_2026-08-08_SUPERSEDED.docx,298ac10f6d2e00c9d0eefd1ba17e3889f07856e7c65d32c085531d8236074063,PROMOTED,AGR/Superseded/GMG-COM-AGR-0004_v0.1_DRAFT_2026-08-08_SUPERSEDED.docx,
30_BPG/COM,30_BPG/COM/AGR/Superseded_Retired/GMG-COM-AGR-0005_v0.1_DRAFT_2026-08-08_SUPERSEDED.docx,5ae0d751f31e0bedabbf053aa5b7fb04e86a1515aabff9847fb1589f0f2e3bc1,PROMOTED,AGR/Superseded/GMG-COM-AGR-0005_v0.1_DRAFT_2026-08-08_SUPERSEDED.docx,
30_BPG/COM,30_BPG/COM/AGR/Superseded_Retired/GMG-COM-AGR-0006_v0.1_DRAFT_2026-08-08_SUPERSEDED.docx,24726d9cec3131ab5f314f9f1876803910f4055bc651a1ac9f76fdc5c0085a72,PROMOTED,AGR/Superseded/GMG-COM-AGR-0006_v0.1_DRAFT_2026-08-08_SUPERSEDED.docx,
30_BPG/COM,30_BPG/COM/AGR/Superseded_Retired/GMG-COM-AGR-0007_v0.1_DRAFT_2026-08-10_SUPERSEDED.docx,e1ab422e1f0fb25be76e7aaba60ba566609b9a6f18ed1e354eb3b095fd2c0cab,PROMOTED,AGR/Superseded/GMG-COM-AGR-0007_v0.1_DRAFT_2026-08-10_SUPERSEDED.docx,
30_BPG/COM,30_BPG/COM/CHK/Draft/GMG-COM-CHK-0001_v0.3_DRAFT_2026-08-10.docx,aa1ad6df555fde220a5b602fd72566d704c72e8d939e5ef468078ef4763ef7d1,PROMOTED,CHK/Draft/GMG-COM-CHK-0001_v0.3_DRAFT_2026-08-10.docx,
30_BPG/COM,30_BPG/COM/CHK/Superseded_Retired/GMG-COM-CHK-0001_v0.1_DRAFT_2026-08-06_SUPERSEDED.docx,6455a339a041e2479d0ab9e6a23d7619693747a0f794ba2e71943f4bcf30112c,PROMOTED,CHK/Superseded/GMG-COM-CHK-0001_v0.1_DRAFT_2026-08-06_SUPERSEDED.docx,
30_BPG/COM,30_BPG/COM/CHK/Superseded_Retired/GMG-COM-CHK-0001_v0.2_DRAFT_2026-08-09_SUPERSEDED.docx,b8e8ae8ad4e51ed325180ba0f22fa41aa7de2ca7edc2350c065b22b95196d497,PROMOTED,CHK/Superseded/GMG-COM-CHK-0001_v0.2_DRAFT_2026-08-09_SUPERSEDED.docx,
30_BPG/COM,30_BPG/COM/COM_UID_and_version_inventory_2026-08-08.xlsx,69df817afbb43309ecbda82299d64e421a2c7b811a3239f410953119bd060135,HELD,,see COM held exceptions
30_BPG/COM,30_BPG/COM/FRM/Draft/GMG-COM-FRM-0001_v0.2_DRAFT_2026-08-09.docx,c06215e2aefc95efd372b83ef80c1c821d78db8009c6fa0447846b406d62ab7a,PROMOTED,FRM/Draft/GMG-COM-FRM-0001_v0.2_DRAFT_2026-08-09.docx,
30_BPG/COM,30_BPG/COM/FRM/Draft/GMG-COM-FRM-0002_v0.2_DRAFT_2026-08-10.docx,cc31ef59246c8286e02f06577722d5473de51ffc2c27aea714201c344bb3d166,PROMOTED,FRM/Draft/GMG-COM-FRM-0002_v0.2_DRAFT_2026-08-10.docx,
30_BPG/COM,30_BPG/COM/FRM/Draft/GMG-COM-FRM-0003_v0.2_DRAFT_2026-08-10.docx,5ba4f4116c710fdfca22b3a6e958a4e310602c00ce45af9fbcc2641111cf4521,PROMOTED,FRM/Draft/GMG-COM-FRM-0003_v0.2_DRAFT_2026-08-10.docx,
30_BPG/COM,30_BPG/COM/FRM/Draft/GMG-COM-FRM-0004_v0.3_DRAFT_2026-08-10.docx,f26b1edc1f6b08a258c43dc5cacf7c1362eac634eae7008752e4ea63eac44251,PROMOTED,FRM/Draft/GMG-COM-FRM-0004_v0.3_DRAFT_2026-08-10.docx,
30_BPG/COM,30_BPG/COM/FRM/Draft/GMG-COM-FRM-0005_v0.3_DRAFT_2026-08-10.docx,e2f2f986994afd902b94334c65fccbad4c8d17eac3e59f5995bb978ca4035447,PROMOTED,FRM/Draft/GMG-COM-FRM-0005_v0.3_DRAFT_2026-08-10.docx,
30_BPG/COM,30_BPG/COM/FRM/Draft/GMG-COM-FRM-0006_v0.3_DRAFT_2026-08-10.docx,4991bab2db94f8eb9246d91c4744be10c09daf7a39279738e5e992d8c340cd12,PROMOTED,FRM/Draft/GMG-COM-FRM-0006_v0.3_DRAFT_2026-08-10.docx,
30_BPG/COM,30_BPG/COM/FRM/Draft/GMG-COM-FRM-0007_v0.2_DRAFT_2026-08-09.xlsx,8472dce1bbc2dadf9d9e46fe17e9ea7eed6734a924d1e305335f5138786edbef,PROMOTED,FRM/Draft/GMG-COM-FRM-0007_v0.2_DRAFT_2026-08-09.xlsx,
30_BPG/COM,30_BPG/COM/FRM/Draft/GMG-COM-FRM-0008_v0.2_DRAFT_2026-08-09.docx,e8b51a396e0f9d6c038fb1dd6e3120f1eae13b413755a3146e732e5a60c8c514,PROMOTED,FRM/Draft/GMG-COM-FRM-0008_v0.2_DRAFT_2026-08-09.docx,
30_BPG/COM,30_BPG/COM/FRM/Draft/GMG-COM-FRM-0009_v0.2_DRAFT_2026-08-10.docx,57ab56f5ec6517111e4a6396f535509e6c5555516e235416e9fcece4f9c9b19a,PROMOTED,FRM/Draft/GMG-COM-FRM-0009_v0.2_DRAFT_2026-08-10.docx,
30_BPG/COM,30_BPG/COM/FRM/Draft/GMG-COM-FRM-0010_v0.2_DRAFT_2026-08-10.docx,7c1bea3a687704345cc2e61401f819f7ed5579148c1c795b6856385aa63ccfc2,PROMOTED,FRM/Draft/GMG-COM-FRM-0010_v0.2_DRAFT_2026-08-10.docx,
30_BPG/COM,30_BPG/COM/FRM/Draft/GMG-COM-FRM-0011_v0.3_DRAFT_2026-08-10.docx,b70a4bc7fc1d2d2357ff4f7f167102141d397fa086cec207f36f540d7335c48c,PROMOTED,FRM/Draft/GMG-COM-FRM-0011_v0.3_DRAFT_2026-08-10.docx,
30_BPG/COM,30_BPG/COM/FRM/Superseded_Retired/C1_CLOSURE_RECORD_2026-08-08.txt,a809b1a69839a607476347a1caa7ef7330d550deb80685bd7731df5048a4bb35,HELD,,see COM held exceptions
30_BPG/COM,30_BPG/COM/FRM/Superseded_Retired/GMG-COM-FRM-0001_v0.1_DRAFT_2026-08-04_SUPERSEDED.docx,b471a47b8285c9da8640afab5981efac22f5d2a1b81bce972cd0d78b93903ce6,PROMOTED,FRM/Superseded/GMG-COM-FRM-0001_v0.1_DRAFT_2026-08-04_SUPERSEDED.docx,
30_BPG/COM,30_BPG/COM/FRM/Superseded_Retired/GMG-COM-FRM-0002_v0.1_DRAFT_2026-08-09_SUPERSEDED.docx,f07d3553c5207710f51e14100926af41064ef6c7f0581dcb12241a70b2bf8fb9,PROMOTED,FRM/Superseded/GMG-COM-FRM-0002_v0.1_DRAFT_2026-08-09_SUPERSEDED.docx,
30_BPG/COM,30_BPG/COM/FRM/Superseded_Retired/GMG-COM-FRM-0003_v0.1_DRAFT_2026-08-09_SUPERSEDED.docx,29946c2c76c9a8800f717fc8b761d7a738e3a8e5821779957142de0363d06244,PROMOTED,FRM/Superseded/GMG-COM-FRM-0003_v0.1_DRAFT_2026-08-09_SUPERSEDED.docx,
30_BPG/COM,30_BPG/COM/FRM/Superseded_Retired/GMG-COM-FRM-0004_v0.1_DRAFT_2026-08-06_SUPERSEDED.docx,be12329a7ea3dd2cf35ddcd300587f65895450f4a5e3fbd3569c43dbb64713e0,PROMOTED,FRM/Superseded/GMG-COM-FRM-0004_v0.1_DRAFT_2026-08-06_SUPERSEDED.docx,
30_BPG/COM,30_BPG/COM/FRM/Superseded_Retired/GMG-COM-FRM-0004_v0.2_DRAFT_2026-08-08_SUPERSEDED.docx,8316d9fc40f3b3de71b62cf7c51d2b25dfe2f6b6aa136cc035bf4cc1857f40c7,PROMOTED,FRM/Superseded/GMG-COM-FRM-0004_v0.2_DRAFT_2026-08-08_SUPERSEDED.docx,
30_BPG/COM,30_BPG/COM/FRM/Superseded_Retired/GMG-COM-FRM-0005_v0.1_DRAFT_2026-08-07_SUPERSEDED.docx,91746cfb9bdad58eaa66b50c6ecbff9759768ee497b8cf746d88a949ae4b9c78,PROMOTED,FRM/Superseded/GMG-COM-FRM-0005_v0.1_DRAFT_2026-08-07_SUPERSEDED.docx,
30_BPG/COM,30_BPG/COM/FRM/Superseded_Retired/GMG-COM-FRM-0005_v0.2_DRAFT_2026-08-10_SUPERSEDED.docx,afbc6e16a0792a7cc6e7cc7bfc385032741dbb9f2a4bcf30a6f280a4a724b129,PROMOTED,FRM/Superseded/GMG-COM-FRM-0005_v0.2_DRAFT_2026-08-10_SUPERSEDED.docx,
30_BPG/COM,30_BPG/COM/FRM/Superseded_Retired/GMG-COM-FRM-0006_v0.1_DRAFT_2026-08-08_SUPERSEDED.docx,e588d94498ca28ae1ed57ade923d91070e84dd0a57595b7d83efe1411febd02b,PROMOTED,FRM/Superseded/GMG-COM-FRM-0006_v0.1_DRAFT_2026-08-08_SUPERSEDED.docx,
30_BPG/COM,30_BPG/COM/FRM/Superseded_Retired/GMG-COM-FRM-0006_v0.2_DRAFT_2026-08-10_SUPERSEDED.docx,3c20a6b156df76842ca30b10a9b580e87f6a2b7b7542849bbbec6fbd05480a2c,PROMOTED,FRM/Superseded/GMG-COM-FRM-0006_v0.2_DRAFT_2026-08-10_SUPERSEDED.docx,
30_BPG/COM,30_BPG/COM/FRM/Superseded_Retired/GMG-COM-FRM-0007_v0.1_DRAFT_2026-08-06_SUPERSEDED.xlsx,070a3eebe51a8fa5a24b30bc775d3a53031bcacd34ca0a7d5d1fe95863680a22,PROMOTED,FRM/Superseded/GMG-COM-FRM-0007_v0.1_DRAFT_2026-08-06_SUPERSEDED.xlsx,
30_BPG/COM,30_BPG/COM/FRM/Superseded_Retired/GMG-COM-FRM-0007_v0.1_DRAFT_2026-08-08_SUPERSEDED.docx,50f55109c80869165510419c02f7ef7cd35e2141e35499c9e63b3be49a1e6ab4,PROMOTED,FRM/Superseded/GMG-COM-FRM-0007_v0.1_DRAFT_2026-08-08_SUPERSEDED.docx,
30_BPG/COM,30_BPG/COM/FRM/Superseded_Retired/GMG-COM-FRM-0008_v0.1_DRAFT_2026-08-06_SUPERSEDED.docx,c28ca09b9a826d34bf64944d2e55b5966df36428b1998b5aa8d37d463d401eaf,PROMOTED,FRM/Superseded/GMG-COM-FRM-0008_v0.1_DRAFT_2026-08-06_SUPERSEDED.docx,
30_BPG/COM,30_BPG/COM/FRM/Superseded_Retired/GMG-COM-FRM-0009_v0.1_DRAFT_2026-08-08_SUPERSEDED.docx,faa6e7fb78293eddff728ffa792117722fc22bac95282053d1ef64fe00bee47a,PROMOTED,FRM/Superseded/GMG-COM-FRM-0009_v0.1_DRAFT_2026-08-08_SUPERSEDED.docx,
30_BPG/COM,30_BPG/COM/FRM/Superseded_Retired/GMG-COM-FRM-0010_v0.1_DRAFT_2026-08-08_SUPERSEDED.docx,7e1f8988dae28e0d7c668ca365ad7db422a03f578d720b78a65f4b9933f7ff1b,PROMOTED,FRM/Superseded/GMG-COM-FRM-0010_v0.1_DRAFT_2026-08-08_SUPERSEDED.docx,
30_BPG/COM,30_BPG/COM/FRM/Superseded_Retired/GMG-COM-FRM-0011_v0.1_DRAFT_2026-08-08_SUPERSEDED.docx,0b1c5f45aa1ef5af3a252d006ef1c5d8b9db1bc5647f59bddcca72d458382154,PROMOTED,FRM/Superseded/GMG-COM-FRM-0011_v0.1_DRAFT_2026-08-08_SUPERSEDED.docx,
30_BPG/COM,30_BPG/COM/FRM/Superseded_Retired/GMG-COM-FRM-0011_v0.2_DRAFT_2026-08-09_SUPERSEDED.docx,afe6cf25cc907fb7d02a64c70f951ca9f55c509aac0e1d18aa42419ec553e474,PROMOTED,FRM/Superseded/GMG-COM-FRM-0011_v0.2_DRAFT_2026-08-09_SUPERSEDED.docx,
30_BPG/COM,30_BPG/COM/FWK/Draft/GMG-COM-FWK-0001_v0.9_DRAFT_2026-08-09.docx,986d2009f5ca158b11d2168d222354bbc9f5773c6b2a60c9086aa64a89c00268,HELD,,see COM held exceptions
30_BPG/COM,30_BPG/COM/FWK/Draft/GMG-COM-FWK-0002_v0.3_DRAFT_2026-08-10.docx,2ab54519bf5f3943a3f81a1e5a24aa9e8039584b6f6860f85c541ee64e7dafc9,HELD,,see COM held exceptions
30_BPG/COM,30_BPG/COM/FWK/Superseded_Retired/GMG-COM-FWK-0001_v0.7_DRAFT_2026-08-06.docx,6620733008c957bfa6208735faa08ec8db59b7ac0e0c7a2a58ab25306ced605f,HELD,,see COM held exceptions
30_BPG/COM,30_BPG/COM/FWK/Superseded_Retired/GMG-COM-FWK-0001_v0.8_DRAFT_2026-08-06_SUPERSEDED.docx,ea884d5c8cb1e6abf222aff4e9523cf253b7d3c12afe10d4c1800b55f6408072,HELD,,see COM held exceptions
30_BPG/COM,30_BPG/COM/FWK/Superseded_Retired/GMG-COM-FWK-0002_v0.1_DRAFT_2026-08-07_SUPERSEDED.docx,12bf7b4bfbadeafdd157ed303593c1736c5800d88b50740556b55875ef7395d2,HELD,,see COM held exceptions
30_BPG/COM,30_BPG/COM/FWK/Superseded_Retired/GMG-COM-FWK-0002_v0.2_DRAFT_2026-08-10_SUPERSEDED.docx,f6460ff423c05bb12d417e874172339eb4e1888359cdb4160da11d8a8a8e437e,HELD,,see COM held exceptions
30_BPG/COM,30_BPG/COM/LOG/Draft/GMG-COM-LOG-0001_v0.2_DRAFT_2026-08-09.xlsx,6fe509f7272c0d949c635ecc26299dc6e706d97ba154604388adb446666af1f9,PROMOTED,LOG/Draft/GMG-COM-LOG-0001_v0.2_DRAFT_2026-08-09.xlsx,
30_BPG/COM,30_BPG/COM/LOG/Draft/GMG-COM-LOG-0002_v0.2_DRAFT_2026-08-09.xlsx,ed4599da39b11711b6f81d33b315dd913c3581c192003be240b106ad12109aa8,PROMOTED,LOG/Draft/GMG-COM-LOG-0002_v0.2_DRAFT_2026-08-09.xlsx,
30_BPG/COM,30_BPG/COM/LOG/Draft/GMG-COM-LOG-0003_v0.1_DRAFT_2026-08-05.docx,69be2fa48e57a24c756cd7bb2afb579833ea08543c2dbe677b453298fb20e0f8,PROMOTED,LOG/Draft/GMG-COM-LOG-0003_v0.1_DRAFT_2026-08-05.docx,
30_BPG/COM,30_BPG/COM/LOG/Draft/GMG-COM-LOG-0004_v0.2_DRAFT_2026-08-10.xlsx,fdbbea6c8041ce797ff1a07006ad07f2813de0d2d4141e838b6e9bcb3ed674de,PROMOTED,LOG/Draft/GMG-COM-LOG-0004_v0.2_DRAFT_2026-08-10.xlsx,
30_BPG/COM,30_BPG/COM/LOG/Draft/GMG-COM-LOG-0005_v0.3_DRAFT_2026-08-10.xlsx,c1dd44acc39783ee90510087f535f0a5f2d39a10998746512a571d4c34797991,PROMOTED,LOG/Draft/GMG-COM-LOG-0005_v0.3_DRAFT_2026-08-10.xlsx,
30_BPG/COM,30_BPG/COM/LOG/Draft/GMG-COM-LOG-0006_v0.3_DRAFT_2026-08-10.xlsx,25ad65465a20f2dd58b1b676ab960a720d0ca115e6057fe0fee5ebd3992ab803,PROMOTED,LOG/Draft/GMG-COM-LOG-0006_v0.3_DRAFT_2026-08-10.xlsx,
30_BPG/COM,30_BPG/COM/LOG/Draft/GMG-COM-LOG-0007_v0.1_DRAFT_2026-08-10.docx,2603c4f197d7430942fa31ef383c91968ed3fa89f746fb16e4cc93cbe4cdd5c1,PROMOTED,LOG/Draft/GMG-COM-LOG-0007_v0.1_DRAFT_2026-08-10.docx,
30_BPG/COM,30_BPG/COM/LOG/Draft/GMG-COM-LOG-0008_v0.2_DRAFT_2026-08-10.docx,54ae6fe8957d2ee4c4c097084c8c6513535e29a4b9330a66e27628af430d5ada,PROMOTED,LOG/Draft/GMG-COM-LOG-0008_v0.2_DRAFT_2026-08-10.docx,
30_BPG/COM,30_BPG/COM/LOG/Draft/GMG-COM-LOG-0009_v0.1_DRAFT_2026-08-10.docx,99eb9a78fe572740903b62df4b5650c8e035443b84be45ee562875ff21b974c6,PROMOTED,LOG/Draft/GMG-COM-LOG-0009_v0.1_DRAFT_2026-08-10.docx,
30_BPG/COM,30_BPG/COM/LOG/Superseded_Retired/GMG-COM-LOG-0001_v0.1_DRAFT_2026-08-08_SUPERSEDED.xlsx,a4bbb0cb89a871422257daaade2a1b3d7f4c78a072a6bd482c89d34260616a0e,PROMOTED,LOG/Superseded/GMG-COM-LOG-0001_v0.1_DRAFT_2026-08-08_SUPERSEDED.xlsx,
30_BPG/COM,30_BPG/COM/LOG/Superseded_Retired/GMG-COM-LOG-0002_v0.1_DRAFT_2026-08-08_SUPERSEDED.xlsx,799ab6f04a30a3652749158d2170c85c39ea9fc63b396b71f7d374177ba7d227,PROMOTED,LOG/Superseded/GMG-COM-LOG-0002_v0.1_DRAFT_2026-08-08_SUPERSEDED.xlsx,
30_BPG/COM,30_BPG/COM/LOG/Superseded_Retired/GMG-COM-LOG-0004_v0.1_DRAFT_2026-08-07_SUPERSEDED.xlsx,91b30616896eff9b1311c91e9332702269f9af1ad73a8b0992f924e03aa860f2,PROMOTED,LOG/Superseded/GMG-COM-LOG-0004_v0.1_DRAFT_2026-08-07_SUPERSEDED.xlsx,
30_BPG/COM,30_BPG/COM/LOG/Superseded_Retired/GMG-COM-LOG-0005_v0.1_DRAFT_2026-08-08_SUPERSEDED.xlsx,a1efeffbefa5f1b0b4c8db544bbae37fa141c8e460c5fcadd228ec1e7cd63648,PROMOTED,LOG/Superseded/GMG-COM-LOG-0005_v0.1_DRAFT_2026-08-08_SUPERSEDED.xlsx,
30_BPG/COM,30_BPG/COM/LOG/Superseded_Retired/GMG-COM-LOG-0005_v0.2_DRAFT_2026-08-09_SUPERSEDED.xlsx,1f0e140b93641f0c00aeb772b77e429b589046be57e64ad14a6e72324685ad96,PROMOTED,LOG/Superseded/GMG-COM-LOG-0005_v0.2_DRAFT_2026-08-09_SUPERSEDED.xlsx,
30_BPG/COM,30_BPG/COM/LOG/Superseded_Retired/GMG-COM-LOG-0006_v0.1_DRAFT_2026-08-08_SUPERSEDED.xlsx,f0ac68dc6444721621c34bbe7cf62901e4532851646f03773987857510835d2b,PROMOTED,LOG/Superseded/GMG-COM-LOG-0006_v0.1_DRAFT_2026-08-08_SUPERSEDED.xlsx,
30_BPG/COM,30_BPG/COM/LOG/Superseded_Retired/GMG-COM-LOG-0006_v0.2_DRAFT_2026-08-09_SUPERSEDED.xlsx,29456a49a8073b66e585c40cd0789f8cafc4d86cd66d5a40c59fdcde8bc48e6e,PROMOTED,LOG/Superseded/GMG-COM-LOG-0006_v0.2_DRAFT_2026-08-09_SUPERSEDED.xlsx,
30_BPG/COM,30_BPG/COM/LOG/Superseded_Retired/GMG-COM-LOG-0008_v0.1_DRAFT_2026-08-10_SUPERSEDED.docx,946da69fe5f76fe9b344bb32096788999ce9d0157a44913868e0fef1a6978d0c,PROMOTED,LOG/Superseded/GMG-COM-LOG-0008_v0.1_DRAFT_2026-08-10_SUPERSEDED.docx,
30_BPG/COM,30_BPG/COM/LST/Draft/GMG-COM-LST-0001_v0.21_DRAFT_2026-08-10.docx,3951ea72e80309b67d767efac622a616ce8f8690e15f0e06ddc19198f9a77531,PROMOTED,LST/Draft/GMG-COM-LST-0001_v0.21_DRAFT_2026-08-10.docx,
30_BPG/COM,30_BPG/COM/LST/Draft/GMG-COM-LST-0002_v0.1_DRAFT_2026-08-10.docx,1149674c60fd49fd6701d80dba8f70dbc001db8d291ca403227247e9c214ef43,PROMOTED,LST/Draft/GMG-COM-LST-0002_v0.1_DRAFT_2026-08-10.docx,
30_BPG/COM,30_BPG/COM/LST/Draft/GMG-COM-LST-0003_v0.2_DRAFT_2026-08-10.docx,3517452ec95a6e8d3ecedc10bded91b8b20da3bdc2bee43c09c459a42fc90d5f,PROMOTED,LST/Draft/GMG-COM-LST-0003_v0.2_DRAFT_2026-08-10.docx,
30_BPG/COM,30_BPG/COM/LST/Superseded_Retired/C11_CLOSURE_RECORD_2026-08-08.txt,585db0bb85a67c4c07f7d9ca7e42107442cf93970c50efbb310daf0c3a6db657,HELD,,see COM held exceptions
30_BPG/COM,30_BPG/COM/LST/Superseded_Retired/GMG-COM-LST-0001_v0.10_DRAFT_2026-08-09_SUPERSEDED.docx,ebcb6fc07bd44964a3b5ad5141fffe9b85f528e30446e6eefd2b0169bc1ddba8,PROMOTED,LST/Superseded/GMG-COM-LST-0001_v0.10_DRAFT_2026-08-09_SUPERSEDED.docx,
30_BPG/COM,30_BPG/COM/LST/Superseded_Retired/GMG-COM-LST-0001_v0.11_DRAFT_2026-08-09_SUPERSEDED.docx,5fed22e71705585c4e9181223bc323bfb52796736c2c2e463a4def3c93b648b2,PROMOTED,LST/Superseded/GMG-COM-LST-0001_v0.11_DRAFT_2026-08-09_SUPERSEDED.docx,
30_BPG/COM,30_BPG/COM/LST/Superseded_Retired/GMG-COM-LST-0001_v0.12_DRAFT_2026-08-09_SUPERSEDED.docx,7ff78986f45aee5f28ffadf074d8d26d99861cbdfd9efceae4a1f0ff64844e6a,PROMOTED,LST/Superseded/GMG-COM-LST-0001_v0.12_DRAFT_2026-08-09_SUPERSEDED.docx,
30_BPG/COM,30_BPG/COM/LST/Superseded_Retired/GMG-COM-LST-0001_v0.13_DRAFT_2026-08-09_SUPERSEDED.docx,a7aea78da6170f4c3136290403a31636db9bcf0e20a30409ace6c4ffe7721b3e,PROMOTED,LST/Superseded/GMG-COM-LST-0001_v0.13_DRAFT_2026-08-09_SUPERSEDED.docx,
30_BPG/COM,30_BPG/COM/LST/Superseded_Retired/GMG-COM-LST-0001_v0.14_DRAFT_2026-08-10_SUPERSEDED.docx,37654424a6f7b6fa963cff6e0fa094c286b82a81fd33bbaacbce0b192c6e25d0,PROMOTED,LST/Superseded/GMG-COM-LST-0001_v0.14_DRAFT_2026-08-10_SUPERSEDED.docx,
30_BPG/COM,30_BPG/COM/LST/Superseded_Retired/GMG-COM-LST-0001_v0.15_DRAFT_2026-08-10_SUPERSEDED.docx,0c44a5b3861c74d1e814727d283bf2c53df0a685aa0a3d410acff3602bec7e6c,PROMOTED,LST/Superseded/GMG-COM-LST-0001_v0.15_DRAFT_2026-08-10_SUPERSEDED.docx,
30_BPG/COM,30_BPG/COM/LST/Superseded_Retired/GMG-COM-LST-0001_v0.16_DRAFT_2026-08-10_SUPERSEDED.docx,8dbcba245d72f30dd8608e3093b8a195b7f9a50a1aa20cd716ec770b5fadafa6,PROMOTED,LST/Superseded/GMG-COM-LST-0001_v0.16_DRAFT_2026-08-10_SUPERSEDED.docx,
30_BPG/COM,30_BPG/COM/LST/Superseded_Retired/GMG-COM-LST-0001_v0.17_DRAFT_2026-08-10_SUPERSEDED.docx,c210adf84dd530c2d70fb291bb991ea0d1c796e41cf4515a3ccfb5c2ee6b71cf,PROMOTED,LST/Superseded/GMG-COM-LST-0001_v0.17_DRAFT_2026-08-10_SUPERSEDED.docx,
30_BPG/COM,30_BPG/COM/LST/Superseded_Retired/GMG-COM-LST-0001_v0.18_DRAFT_2026-08-10_SUPERSEDED.docx,de0ea7f6b3b8c616c5b1a3251ff431ec82c7f51d98b206bcc91602d924e8e5e3,PROMOTED,LST/Superseded/GMG-COM-LST-0001_v0.18_DRAFT_2026-08-10_SUPERSEDED.docx,
30_BPG/COM,30_BPG/COM/LST/Superseded_Retired/GMG-COM-LST-0001_v0.19_DRAFT_2026-08-10_SUPERSEDED.docx,e654279b61da54b3cf901b99391bf3b7c60b3d7f54ab07f17f57eba3eb4d6f5c,PROMOTED,LST/Superseded/GMG-COM-LST-0001_v0.19_DRAFT_2026-08-10_SUPERSEDED.docx,
30_BPG/COM,30_BPG/COM/LST/Superseded_Retired/GMG-COM-LST-0001_v0.1_DRAFT_2026-08-06.docx,5bf5184eb9e49338ad5cf9abe48a49a7fb5897aa5a9ec74dbca604bcef4555f4,HELD,,see COM held exceptions
30_BPG/COM,30_BPG/COM/LST/Superseded_Retired/GMG-COM-LST-0001_v0.1_DRAFT_2026-08-08_SUPERSEDED.xlsx,6b61cea5247169588513891d664c83d63a426a0c4c27d997bc209dc3e64cb7ea,PROMOTED,LST/Superseded/GMG-COM-LST-0001_v0.1_DRAFT_2026-08-08_SUPERSEDED.xlsx,
30_BPG/COM,30_BPG/COM/LST/Superseded_Retired/GMG-COM-LST-0001_v0.20_DRAFT_2026-08-10_SUPERSEDED.docx,2711116203e3be12e084b8fc41275f5ee310a598f7e4d6bff3368d8086f4eead,PROMOTED,LST/Superseded/GMG-COM-LST-0001_v0.20_DRAFT_2026-08-10_SUPERSEDED.docx,
30_BPG/COM,30_BPG/COM/LST/Superseded_Retired/GMG-COM-LST-0001_v0.2_DRAFT_2026-08-06.docx,2321e9d5bc37ad0f1765c8a3c4bd7f080b2009518a06d42df08469167709a3a5,HELD,,see COM held exceptions
30_BPG/COM,30_BPG/COM/LST/Superseded_Retired/GMG-COM-LST-0001_v0.3_DRAFT_2026-08-06.docx,e35721e7be17296b4af39e86567feaf07ea7e6fb8dfbeff77d54f59756de2a57,HELD,,see COM held exceptions
30_BPG/COM,30_BPG/COM/LST/Superseded_Retired/GMG-COM-LST-0001_v0.4_DRAFT_2026-08-06.docx,8919aaeac310bc87ba4c865c83709436ac5a11868fe9044dd57dee43ed7f8bfe,HELD,,see COM held exceptions
30_BPG/COM,30_BPG/COM/LST/Superseded_Retired/GMG-COM-LST-0001_v0.5_DRAFT_2026-08-06.docx,3e1b4676dc5f23703c9bb57f61204dce8ba3d6607f3e0b60b367987987874ac0,HELD,,see COM held exceptions
30_BPG/COM,30_BPG/COM/LST/Superseded_Retired/GMG-COM-LST-0001_v0.6_DRAFT_2026-08-06.docx,f8138cd64378ca673d2e5653dbc6f43c7a13efd8e6f6dfe53e26405dc797d7f7,HELD,,see COM held exceptions
30_BPG/COM,30_BPG/COM/LST/Superseded_Retired/GMG-COM-LST-0001_v0.7_DRAFT_2026-08-06.docx,aa52719997d3fa9932ad9ff0f5e7ad537d57e23a46c6e5422212a578843e292a,HELD,,see COM held exceptions
30_BPG/COM,30_BPG/COM/LST/Superseded_Retired/GMG-COM-LST-0001_v0.8_DRAFT_2026-08-07_SUPERSEDED.docx,0aec8b1d91eda2db0d761955ed3a8b6f342e880e73333fad4ee62aa6eff6079e,PROMOTED,LST/Superseded/GMG-COM-LST-0001_v0.8_DRAFT_2026-08-07_SUPERSEDED.docx,
30_BPG/COM,30_BPG/COM/LST/Superseded_Retired/GMG-COM-LST-0001_v0.9_DRAFT_2026-08-08_SUPERSEDED.docx,091251aaaf12627068a4ee26f9b1bb22de3fbb0a8fc255084280096fa300865e,PROMOTED,LST/Superseded/GMG-COM-LST-0001_v0.9_DRAFT_2026-08-08_SUPERSEDED.docx,
30_BPG/COM,30_BPG/COM/LST/Superseded_Retired/GMG-COM-LST-0003_v0.1_DRAFT_2026-08-10_SUPERSEDED.docx,9e1ac5fc066c5508666d86fd2c24c48cf3aef644bed89803ec6b2486ff9c063b,PROMOTED,LST/Superseded/GMG-COM-LST-0003_v0.1_DRAFT_2026-08-10_SUPERSEDED.docx,
30_BPG/COM,30_BPG/COM/MAN/Draft/GMG-COM-MAN-0002_v0.8_DRAFT_2026-08-09.docx,20a98a6cb2c53cba00fe7da95614a999244f94382e7490df69be5a1c9831a508,HELD,,see COM held exceptions
30_BPG/COM,30_BPG/COM/MAN/Draft/GMG-COM-MAN-0003_v0.2_DRAFT_2026-08-10.docx,7c13992af15444fe7a39f6aae06a53fea317c3eddd9fade710a566d9f03ae853,HELD,,see COM held exceptions
30_BPG/COM,30_BPG/COM/MAN/Superseded_Retired/GMG-COM-MAN-0002_v0.5_DRAFT_2026-08-06_SUPERSEDED.docx,18001461ce651aa0d76193b6012847221d56a8cdc7f5546b00eaa8c91008aa60,HELD,,see COM held exceptions
30_BPG/COM,30_BPG/COM/MAN/Superseded_Retired/GMG-COM-MAN-0002_v0.6_DRAFT_2026-08-08_SUPERSEDED.docx,cb06cd9d82363a61ef951df69b8272f40aca4aeb3253f6c1354d7b6892230bb4,HELD,,see COM held exceptions
30_BPG/COM,30_BPG/COM/MAN/Superseded_Retired/GMG-COM-MAN-0002_v0.7_DRAFT_2026-08-09_SUPERSEDED.docx,2f85fe189b64c285787ba2d9334c4d7086bca4c0cb544777a0f9c8162dd4a2ab,HELD,,see COM held exceptions
30_BPG/COM,30_BPG/COM/MAN/Superseded_Retired/GMG-COM-MAN-0003_v0.1_DRAFT_2026-08-10_SUPERSEDED.docx,dde9cb02b4d756ffb8e08a8883e8dbee58ed09c27f165df108aa966c4403850b,HELD,,see COM held exceptions
30_BPG/COM,30_BPG/COM/MTX/Draft/GMG-COM-MTX-0001_v0.4_DRAFT_2026-08-09.docx,710a6e6653346a14bcdd3e2fef9413c2b7807ce100697bb52454aff68677156e,PROMOTED,MTX/Draft/GMG-COM-MTX-0001_v0.4_DRAFT_2026-08-09.docx,
30_BPG/COM,30_BPG/COM/MTX/Draft/GMG-COM-MTX-0002_v0.4_DRAFT_2026-08-09.docx,18b80fe2e9e2e0eeb8f3e0d0a624c57317b9873edda4e9453060d2595e3477c3,PROMOTED,MTX/Draft/GMG-COM-MTX-0002_v0.4_DRAFT_2026-08-09.docx,
30_BPG/COM,30_BPG/COM/MTX/Draft/GMG-COM-MTX-0003_v0.4_DRAFT_2026-08-09.docx,670395f4a8ebd6474e9855b56ed333cd38802aacad530bb9ebddf5b1b3b8bdf4,PROMOTED,MTX/Draft/GMG-COM-MTX-0003_v0.4_DRAFT_2026-08-09.docx,
30_BPG/COM,30_BPG/COM/MTX/Draft/GMG-COM-MTX-0005_v0.4_DRAFT_2026-08-09.docx,64ec88d381fb99294d3e62d338f20a67291067f49305f9e786e10c5a7bc133af,PROMOTED,MTX/Draft/GMG-COM-MTX-0005_v0.4_DRAFT_2026-08-09.docx,
30_BPG/COM,30_BPG/COM/MTX/Draft/GMG-COM-MTX-0006_v0.4_DRAFT_2026-08-09.docx,4f3f3fc4a8ea944174e5cedf7d731f525920110733fafd5f10bfaa965b350cd4,PROMOTED,MTX/Draft/GMG-COM-MTX-0006_v0.4_DRAFT_2026-08-09.docx,
30_BPG/COM,30_BPG/COM/MTX/Draft/GMG-COM-MTX-0007_v0.9_DRAFT_2026-08-09.docx,685ddb39de77b0813c2520e250ea322333f48aa28cb84fd6ef7b91780da56ea8,PROMOTED,MTX/Draft/GMG-COM-MTX-0007_v0.9_DRAFT_2026-08-09.docx,
30_BPG/COM,30_BPG/COM/MTX/Draft/GMG-COM-MTX-0009_v0.7_DRAFT_2026-08-10.docx,5ee7fa2d587bd422e3bf4607c2f3ed950adfb9489b0899263360fe007dce6348,PROMOTED,MTX/Draft/GMG-COM-MTX-0009_v0.7_DRAFT_2026-08-10.docx,
30_BPG/COM,30_BPG/COM/MTX/Draft/GMG-COM-MTX-0010_v0.5_DRAFT_2026-08-10.docx,99fbcc1fcf7e32989171d417a38dc4c00d896cdbd0e2b75811a7bcf8e3746ad8,PROMOTED,MTX/Draft/GMG-COM-MTX-0010_v0.5_DRAFT_2026-08-10.docx,
30_BPG/COM,30_BPG/COM/MTX/Draft/GMG-COM-MTX-0012_v0.3_DRAFT_2026-08-10.docx,fa8b9f92765c307ec2574b2f3ce5cc66bd5202569cbe11c30446f372378c7628,PROMOTED,MTX/Draft/GMG-COM-MTX-0012_v0.3_DRAFT_2026-08-10.docx,
30_BPG/COM,30_BPG/COM/MTX/Draft/GMG-COM-MTX-0013_v0.1_DRAFT_2026-08-08.docx,12c1b02b8fdffcbaa5eea664e14c422d603d41a2f88809a0342f93403ca25414,PROMOTED,MTX/Draft/GMG-COM-MTX-0013_v0.1_DRAFT_2026-08-08.docx,
30_BPG/COM,30_BPG/COM/MTX/Draft/GMG-COM-MTX-0014_v0.1_DRAFT_2026-08-10.docx,951cf8cc552beb37002c7ce28e36b07011645738bbd8aafa4acf32cae2c94049,PROMOTED,MTX/Draft/GMG-COM-MTX-0014_v0.1_DRAFT_2026-08-10.docx,
30_BPG/COM,30_BPG/COM/MTX/Draft/GMG-COM-MTX-0015_v0.1_DRAFT_2026-08-10.docx,7727a595c908523351d10fc48be985fbc74507a9135bbd760b30b876c728e9e0,PROMOTED,MTX/Draft/GMG-COM-MTX-0015_v0.1_DRAFT_2026-08-10.docx,
30_BPG/COM,30_BPG/COM/MTX/Draft/GMG-COM-MTX-0016_v0.3_DRAFT_2026-08-10.docx,01a230fd3c160b3246be1bcc22c567e2cebf4cda173a5b480016a3394eb65170,PROMOTED,MTX/Draft/GMG-COM-MTX-0016_v0.3_DRAFT_2026-08-10.docx,
30_BPG/COM,30_BPG/COM/MTX/Draft/GMG-COM-MTX-0017_v0.2_DRAFT_2026-08-10.docx,db17a4c89e9dd558f73b4306d9eb367580f693bf13ca1e6c935377ce2ae17c47,PROMOTED,MTX/Draft/GMG-COM-MTX-0017_v0.2_DRAFT_2026-08-10.docx,
30_BPG/COM,30_BPG/COM/MTX/Superseded_Retired/GMG-COM-MTX-0001_v0.1_DRAFT_2026-08-04.docx,7ae0dcd8ef7d5c8321a454f2a425d8a2ca9be3f0341f56b723887eabe4f28f6a,HELD,,see COM held exceptions
30_BPG/COM,30_BPG/COM/MTX/Superseded_Retired/GMG-COM-MTX-0001_v0.2_DRAFT_2026-08-04_SUPERSEDED.docx,e9cfaa095bb17d29cdec88a376589292adeca2181fe0da890aa9153fb6ee6699,PROMOTED,MTX/Superseded/GMG-COM-MTX-0001_v0.2_DRAFT_2026-08-04_SUPERSEDED.docx,
30_BPG/COM,30_BPG/COM/MTX/Superseded_Retired/GMG-COM-MTX-0001_v0.3_DRAFT_2026-08-06_SUPERSEDED.docx,e3f88e9679ff2e27b9fcabed58baeac7c11b6b3732f86f0f08405fc87c61a3f7,PROMOTED,MTX/Superseded/GMG-COM-MTX-0001_v0.3_DRAFT_2026-08-06_SUPERSEDED.docx,
30_BPG/COM,30_BPG/COM/MTX/Superseded_Retired/GMG-COM-MTX-0002_v0.1_DRAFT_2026-08-04.docx,e20882b11a1244f4824cdde7ddd8e702b78817389232151d603835706f3b4a2c,HELD,,see COM held exceptions
30_BPG/COM,30_BPG/COM/MTX/Superseded_Retired/GMG-COM-MTX-0002_v0.2_DRAFT_2026-08-04_SUPERSEDED.docx,b5efd205d937895ffe2182d64f35d01a7c0810bfb1363d7f427a4e5b05eede59,PROMOTED,MTX/Superseded/GMG-COM-MTX-0002_v0.2_DRAFT_2026-08-04_SUPERSEDED.docx,
30_BPG/COM,30_BPG/COM/MTX/Superseded_Retired/GMG-COM-MTX-0002_v0.3_DRAFT_2026-08-06_SUPERSEDED.docx,a432cf5a0a70f2e462206e9428ac6221dcb60dd1e3e4344fdc60decc19316f1c,PROMOTED,MTX/Superseded/GMG-COM-MTX-0002_v0.3_DRAFT_2026-08-06_SUPERSEDED.docx,
30_BPG/COM,30_BPG/COM/MTX/Superseded_Retired/GMG-COM-MTX-0003_v0.1_DRAFT_2026-08-04.docx,68eec3cde43db443087cde2166d7a408990469d154be4053621e3f994033066c,HELD,,see COM held exceptions
30_BPG/COM,30_BPG/COM/MTX/Superseded_Retired/GMG-COM-MTX-0003_v0.2_DRAFT_2026-08-04_SUPERSEDED.docx,0cbacaf400bf16c370a14f3490aeb16dddd31e27656e2b4c1d0a770323d06f62,PROMOTED,MTX/Superseded/GMG-COM-MTX-0003_v0.2_DRAFT_2026-08-04_SUPERSEDED.docx,
30_BPG/COM,30_BPG/COM/MTX/Superseded_Retired/GMG-COM-MTX-0003_v0.3_DRAFT_2026-08-06_SUPERSEDED.docx,599c25869bbf1672c0bac8e2d8ce348329f42594547a4feed1a9ff0d5570347b,PROMOTED,MTX/Superseded/GMG-COM-MTX-0003_v0.3_DRAFT_2026-08-06_SUPERSEDED.docx,
30_BPG/COM,30_BPG/COM/MTX/Superseded_Retired/GMG-COM-MTX-0004_v0.1_DRAFT_2026-08-04.docx,a50e23600220d06c7a9667c78ba0861edecf2e200ca7f2a7fd4e1efe634ecc45,HELD,,see COM held exceptions
30_BPG/COM,30_BPG/COM/MTX/Superseded_Retired/GMG-COM-MTX-0004_v0.2_DRAFT_2026-08-04_SUPERSEDED.docx,4152c2cf459de06d158fee4b45bc775a0860e0092570023529f099965803d568,PROMOTED,MTX/Superseded/GMG-COM-MTX-0004_v0.2_DRAFT_2026-08-04_SUPERSEDED.docx,
30_BPG/COM,30_BPG/COM/MTX/Superseded_Retired/GMG-COM-MTX-0004_v0.3_DRAFT_2026-08-06_SUPERSEDED.docx,14a46623b00eb4bad371b22715a4aee93ae28bf5288f7d1f19d03f0d23e2b0e1,PROMOTED,MTX/Superseded/GMG-COM-MTX-0004_v0.3_DRAFT_2026-08-06_SUPERSEDED.docx,
30_BPG/COM,30_BPG/COM/MTX/Superseded_Retired/GMG-COM-MTX-0004_v0.4_DRAFT_2026-08-08_SUPERSEDED.docx,676ebc4c2fa9572d39882ac3dc33bfe621a186499ed10f8fdc2feff7fdb5d6ac,PROMOTED,MTX/Superseded/GMG-COM-MTX-0004_v0.4_DRAFT_2026-08-08_SUPERSEDED.docx,
30_BPG/COM,30_BPG/COM/MTX/Superseded_Retired/GMG-COM-MTX-0004_v0.5_DRAFT_2026-08-09_SUPERSEDED.docx,63bca39178b3b9bc8fabce823c68760f200e52bfc068855934ac712c71b1cefe,PROMOTED,MTX/Superseded/GMG-COM-MTX-0004_v0.5_DRAFT_2026-08-09_SUPERSEDED.docx,
30_BPG/COM,30_BPG/COM/MTX/Superseded_Retired/GMG-COM-MTX-0005_v0.1_DRAFT_2026-08-04.docx,b0587d304066332a1b11570519c653db318f0d7be9cde7debed726ed7dc119b0,HELD,,see COM held exceptions
30_BPG/COM,30_BPG/COM/MTX/Superseded_Retired/GMG-COM-MTX-0005_v0.2_DRAFT_2026-08-04_SUPERSEDED.docx,202eb835d9b8ae27593929c0e3d0f84706b0c936a849017d722ec0c5c7e67d98,PROMOTED,MTX/Superseded/GMG-COM-MTX-0005_v0.2_DRAFT_2026-08-04_SUPERSEDED.docx,
30_BPG/COM,30_BPG/COM/MTX/Superseded_Retired/GMG-COM-MTX-0005_v0.3_DRAFT_2026-08-06_SUPERSEDED.docx,267520e5da9988e9ec070aa91253386089d28b5c7e9876b0770a61aea2f7ee07,PROMOTED,MTX/Superseded/GMG-COM-MTX-0005_v0.3_DRAFT_2026-08-06_SUPERSEDED.docx,
30_BPG/COM,30_BPG/COM/MTX/Superseded_Retired/GMG-COM-MTX-0006_v0.1_DRAFT_2026-08-04.docx,f0a6130f3385db954bcc36722de65e2063538aefca81275b3802d30978077fd5,HELD,,see COM held exceptions
30_BPG/COM,30_BPG/COM/MTX/Superseded_Retired/GMG-COM-MTX-0006_v0.2_DRAFT_2026-08-04_SUPERSEDED.docx,1e2167866c67ad22ec944749394bfe810be038ffb196a9ce3e64b5495fe986dd,PROMOTED,MTX/Superseded/GMG-COM-MTX-0006_v0.2_DRAFT_2026-08-04_SUPERSEDED.docx,
30_BPG/COM,30_BPG/COM/MTX/Superseded_Retired/GMG-COM-MTX-0006_v0.3_DRAFT_2026-08-06_SUPERSEDED.docx,dafe4c9b85fcbae79d716d4df177c64e8072b246314b98b21947bbc516a4ada5,PROMOTED,MTX/Superseded/GMG-COM-MTX-0006_v0.3_DRAFT_2026-08-06_SUPERSEDED.docx,
30_BPG/COM,30_BPG/COM/MTX/Superseded_Retired/GMG-COM-MTX-0007_v0.8_DRAFT_2026-08-06_SUPERSEDED.docx,8c6e9fbee4f4b2e2fbed9d157fca97de0611d71145d61a0eb065f42ed57ac0ad,PROMOTED,MTX/Superseded/GMG-COM-MTX-0007_v0.8_DRAFT_2026-08-06_SUPERSEDED.docx,
30_BPG/COM,30_BPG/COM/MTX/Superseded_Retired/GMG-COM-MTX-0009_v0.2_DRAFT_2026-08-06_SUPERSEDED.docx,40e9b1c9001143901db0986d210e5d00099af8c4e1452a60ae4eeddd257558c1,PROMOTED,MTX/Superseded/GMG-COM-MTX-0009_v0.2_DRAFT_2026-08-06_SUPERSEDED.docx,
30_BPG/COM,30_BPG/COM/MTX/Superseded_Retired/GMG-COM-MTX-0009_v0.4_DRAFT_2026-08-06.docx,103b5071af717a744e15c5e1449c7aa8d9b0bdb5f3d6c3134adba3ba79ddf739,HELD,,see COM held exceptions
30_BPG/COM,30_BPG/COM/MTX/Superseded_Retired/GMG-COM-MTX-0009_v0.5_DRAFT_2026-08-06_SUPERSEDED.docx,af78df47845d777ede6d2e696069d52aa86c2de9d84f61b97b8baef6cb4cffc5,PROMOTED,MTX/Superseded/GMG-COM-MTX-0009_v0.5_DRAFT_2026-08-06_SUPERSEDED.docx,
30_BPG/COM,30_BPG/COM/MTX/Superseded_Retired/GMG-COM-MTX-0009_v0.6_DRAFT_2026-08-09_SUPERSEDED.docx,8254ddcae62fb7c641917a14949bd01b223a7b7294230b53b0de33706980777a,PROMOTED,MTX/Superseded/GMG-COM-MTX-0009_v0.6_DRAFT_2026-08-09_SUPERSEDED.docx,
30_BPG/COM,30_BPG/COM/MTX/Superseded_Retired/GMG-COM-MTX-0010_v0.1_DRAFT_2026-08-07_SUPERSEDED.docx,69d7f7d395c30af2476219b8039d50df09bb838940021722ef7994919a01b01a,PROMOTED,MTX/Superseded/GMG-COM-MTX-0010_v0.1_DRAFT_2026-08-07_SUPERSEDED.docx,
30_BPG/COM,30_BPG/COM/MTX/Superseded_Retired/GMG-COM-MTX-0010_v0.1_DRAFT_2026-08-08_SUPERSEDED.docx,3274ced6d13e0574bd76baec6e0e9ea618aa7808e10c39fa4ef5fbdc82697b0e,PROMOTED,MTX/Superseded/GMG-COM-MTX-0010_v0.1_DRAFT_2026-08-08_SUPERSEDED.docx,
30_BPG/COM,30_BPG/COM/MTX/Superseded_Retired/GMG-COM-MTX-0010_v0.2_DRAFT_2026-08-07_SUPERSEDED.docx,17bec57d67c37990e9777f939b2945b397c958d663547d82d61e15e0dd024c8d,PROMOTED,MTX/Superseded/GMG-COM-MTX-0010_v0.2_DRAFT_2026-08-07_SUPERSEDED.docx,
30_BPG/COM,30_BPG/COM/MTX/Superseded_Retired/GMG-COM-MTX-0010_v0.4_DRAFT_2026-08-07_SUPERSEDED.docx,9f4c65248d7961d5144f09f675f2fc883e37877568866dbd504514498f404f94,PROMOTED,MTX/Superseded/GMG-COM-MTX-0010_v0.4_DRAFT_2026-08-07_SUPERSEDED.docx,
30_BPG/COM,30_BPG/COM/MTX/Superseded_Retired/GMG-COM-MTX-0011_v0.1_DRAFT_2026-08-08_SUPERSEDED.docx,1a082f6634976fe2ebc0e9307d37b4311cfc7c84e69d05c6f4637b4665f112cd,PROMOTED,MTX/Superseded/GMG-COM-MTX-0011_v0.1_DRAFT_2026-08-08_SUPERSEDED.docx,
30_BPG/COM,30_BPG/COM/MTX/Superseded_Retired/GMG-COM-MTX-0012_v0.1_DRAFT_2026-08-08_SUPERSEDED.docx,94691054cc252f5e9ace85db4e5f36c4d560a992506869c113adbf782d59eb43,PROMOTED,MTX/Superseded/GMG-COM-MTX-0012_v0.1_DRAFT_2026-08-08_SUPERSEDED.docx,
30_BPG/COM,30_BPG/COM/MTX/Superseded_Retired/GMG-COM-MTX-0012_v0.2_DRAFT_2026-08-08_SUPERSEDED.docx,b14260143ff0bdd720ae25da61425d4166aec3317aa1210767315a4fa6468373,PROMOTED,MTX/Superseded/GMG-COM-MTX-0012_v0.2_DRAFT_2026-08-08_SUPERSEDED.docx,
30_BPG/COM,30_BPG/COM/MTX/Superseded_Retired/GMG-COM-MTX-0016_v0.1_DRAFT_2026-08-10_SUPERSEDED.docx,cabdd2bde37b263aba4762a207c382da42cb42b3b163468fb8474e2dab33fa3c,PROMOTED,MTX/Superseded/GMG-COM-MTX-0016_v0.1_DRAFT_2026-08-10_SUPERSEDED.docx,
30_BPG/COM,30_BPG/COM/MTX/Superseded_Retired/GMG-COM-MTX-0016_v0.2_DRAFT_2026-08-10_SUPERSEDED.docx,23fd29d322df859d2540f8be91ed6dddb311e1e3cb4d52d663715ad6e3c89c26,PROMOTED,MTX/Superseded/GMG-COM-MTX-0016_v0.2_DRAFT_2026-08-10_SUPERSEDED.docx,
30_BPG/COM,30_BPG/COM/MTX/Superseded_Retired/GMG-COM-MTX-0017_v0.1_DRAFT_2026-08-10_SUPERSEDED.docx,da796886bdd5350633bd3e61d1f529d1faf216a4c5e8bc64dcf74a90a758a5f3,PROMOTED,MTX/Superseded/GMG-COM-MTX-0017_v0.1_DRAFT_2026-08-10_SUPERSEDED.docx,
30_BPG/COM,30_BPG/COM/MTX/Superseded_Retired/MTX-0010_COLLISION_CLOSURE_RECORD_2026-08-08.txt,5cfa444c88a3fc421d7590e4fa0550c87f809174380b640d1c9c8b851ec4628b,HELD,,see COM held exceptions
30_BPG/COM,30_BPG/COM/MTX/Superseded_Retired/MTX-0010_TITLE_VISIBILITY_CLOSURE_2026-08-08.txt,9d338b3aac0da48c6830385ce7c4065e9c687ec76a7037df08f11de03fbaab59,HELD,,see COM held exceptions
30_BPG/COM,30_BPG/COM/MTX/Superseded_Retired/MTX-0011_MERGE_RECORD_2026-08-08.txt,28de0bedc237293508acbd82a302c2e4bbfa7c63f3b91df3dfd1a8697acd9f11,HELD,,see COM held exceptions
30_BPG/COM,30_BPG/COM/MTX/Superseded_Retired/MTX-0012_v0.2_REISSUE_RECORD_2026-08-08.txt,614e6dab1666ccba3ddae85bba46abe24f457f426baea0f7ff05c46db47a7844,HELD,,see COM held exceptions
30_BPG/COM,30_BPG/COM/MTX/Superseded_Retired/RETURN_TO_DRAFT_RECORD_MTX-0010_v0.2_2026-08-08.txt,6f842c0e0d334068c6ac6ba6f5484c0832a94d0fec5045c538c5c43b998d545f,HELD,,see COM held exceptions
30_BPG/COM,30_BPG/COM/PLN/Draft/GMG-COM-PLN-0001_v0.3_DRAFT_2026-08-09.docx,443ecdda024512f407ec794de103a0b05a152f9d8dbc43f3dab829572486e044,PROMOTED,PLN/Draft/GMG-COM-PLN-0001_v0.3_DRAFT_2026-08-09.docx,
30_BPG/COM,30_BPG/COM/PLN/Draft/GMG-COM-PLN-0002_v0.1_DRAFT_2026-08-10.docx,ec503e5a91933e6c770f6840bacec335e7e4721228a5f749f3eadd24eb172066,PROMOTED,PLN/Draft/GMG-COM-PLN-0002_v0.1_DRAFT_2026-08-10.docx,
30_BPG/COM,30_BPG/COM/PLN/Draft/GMG-COM-PLN-0003_v0.1_DRAFT_2026-08-10.docx,b71efb40457bef10997281cb9a6fdedc2a94bc56d6ad49b7c8a70ac3a94c1998,PROMOTED,PLN/Draft/GMG-COM-PLN-0003_v0.1_DRAFT_2026-08-10.docx,
30_BPG/COM,30_BPG/COM/PLN/Superseded_Retired/GMG-COM-PLN-0001_v0.1_DRAFT_2026-08-06_SUPERSEDED.docx,c58bc391bc228a27416acfc91b25414b6ca50e50b85dd39cf16e3474e2b0c09e,PROMOTED,PLN/Superseded/GMG-COM-PLN-0001_v0.1_DRAFT_2026-08-06_SUPERSEDED.docx,
30_BPG/COM,30_BPG/COM/PLN/Superseded_Retired/GMG-COM-PLN-0001_v0.2_DRAFT_2026-08-06_SUPERSEDED.docx,98d1f3631df67c653267703562689c811f4669bed2cb5560fac9e3f3fc376d46,PROMOTED,PLN/Superseded/GMG-COM-PLN-0001_v0.2_DRAFT_2026-08-06_SUPERSEDED.docx,
30_BPG/COM,30_BPG/COM/POL/Draft/GMG-COM-POL-0001_v0.7_DRAFT_2026-08-10.docx,af8241c5c604c92b317bf89a26904b1ca86b492dd60e23a07b817d74929f0a96,PROMOTED,POL/Draft/GMG-COM-POL-0001_v0.7_DRAFT_2026-08-10.docx,
30_BPG/COM,30_BPG/COM/POL/Draft/GMG-COM-POL-0002_v0.2_DRAFT_2026-08-05.docx,a9b9d4935df4490dcee46a09d94c9afc2287aa168b8ce6c338108d68f9bc0c49,PROMOTED,POL/Draft/GMG-COM-POL-0002_v0.2_DRAFT_2026-08-05.docx,
30_BPG/COM,30_BPG/COM/POL/Superseded_Retired/GMG-COM-POL-0001_v0.1_DRAFT_2026-08-04.docx,b4e4c1e8fcffcedb78b2ddb7215d2807cbd0fde5cda465c5e18488637d5b40d2,HELD,,see COM held exceptions
30_BPG/COM,30_BPG/COM/POL/Superseded_Retired/GMG-COM-POL-0001_v0.3_DRAFT_2026-08-04.docx,e6004a2321f8e8c935edcaabafd5d8e520d4f831c0ecc8b2a803f124a5bc3464,HELD,,see COM held exceptions
30_BPG/COM,30_BPG/COM/POL/Superseded_Retired/GMG-COM-POL-0001_v0.4_DRAFT_2026-08-04_SUPERSEDED.docx,ac09fd98931ee9b401c5a62d9a872d3e58d9ff4030f446fa663ba26e9b72f26a,PROMOTED,POL/Superseded/GMG-COM-POL-0001_v0.4_DRAFT_2026-08-04_SUPERSEDED.docx,
30_BPG/COM,30_BPG/COM/POL/Superseded_Retired/GMG-COM-POL-0001_v0.5_DRAFT_2026-08-06_SUPERSEDED.docx,d750410d4433366a822d2dc2904106ef16c679c1ebfc8f35bf30fcee9f5bceaf,PROMOTED,POL/Superseded/GMG-COM-POL-0001_v0.5_DRAFT_2026-08-06_SUPERSEDED.docx,
30_BPG/COM,30_BPG/COM/POL/Superseded_Retired/GMG-COM-POL-0001_v0.6_DRAFT_2026-08-09_SUPERSEDED.docx,c98635c6c8b4a550020792d48a7e66d3799834c21f5d26f4fd04f95e1844b142,PROMOTED,POL/Superseded/GMG-COM-POL-0001_v0.6_DRAFT_2026-08-09_SUPERSEDED.docx,
30_BPG/COM,30_BPG/COM/RSK/Draft/GMG-COM-RSK-0001_v0.1_DRAFT_2026-08-10.docx,9e89ba77aa4fe0ea9a7306bff5ebe88b7bc623ae41d22949c35841004e315f16,PROMOTED,RSK/Draft/GMG-COM-RSK-0001_v0.1_DRAFT_2026-08-10.docx,
30_BPG/COM,30_BPG/COM/SOP/Draft/GMG-COM-SOP-0001_v0.8_DRAFT_2026-08-10.docx,67e1e728606d84afcfd5011ad8de5ade77a87f5d5083a92da961bb9fa29e6d28,PROMOTED,SOP/Draft/GMG-COM-SOP-0001_v0.8_DRAFT_2026-08-10.docx,
30_BPG/COM,30_BPG/COM/SOP/Draft/GMG-COM-SOP-0002_v0.1_DRAFT_2026-08-10.docx,3b70661dd99ecf94706381abdc42a4be737dd627d770208ed47d7a4de2d0ff2f,PROMOTED,SOP/Draft/GMG-COM-SOP-0002_v0.1_DRAFT_2026-08-10.docx,
30_BPG/COM,30_BPG/COM/SOP/Draft/GMG-COM-SOP-0003_v0.1_DRAFT_2026-08-10.docx,db0e825c376f23b8f5a2ca18126e1d1a4be7a9a53fcfdd34088368d506a901ae,PROMOTED,SOP/Draft/GMG-COM-SOP-0003_v0.1_DRAFT_2026-08-10.docx,
30_BPG/COM,30_BPG/COM/SOP/Superseded_Retired/GMG-COM-SOP-0001_v0.1_DRAFT_2026-08-04.docx,0114934d7c57f4202195b4ef1141086ff0fc3e63c7ed9ec260771e28d76f915c,HELD,,see COM held exceptions
30_BPG/COM,30_BPG/COM/SOP/Superseded_Retired/GMG-COM-SOP-0001_v0.3_DRAFT_2026-08-04.docx,71d28338a002be123900bc359cf4f2382e37522059f160f6e52fb1a4dc0aa578,HELD,,see COM held exceptions
30_BPG/COM,30_BPG/COM/SOP/Superseded_Retired/GMG-COM-SOP-0001_v0.4_DRAFT_2026-08-04_SUPERSEDED.docx,b96ff9e14ecd422724b1616857d2a0cc6f5f6bf5b94bc393b87a982681022db6,PROMOTED,SOP/Superseded/GMG-COM-SOP-0001_v0.4_DRAFT_2026-08-04_SUPERSEDED.docx,
30_BPG/COM,30_BPG/COM/SOP/Superseded_Retired/GMG-COM-SOP-0001_v0.5_DRAFT_2026-08-06_SUPERSEDED.docx,c11374bddbc2e4e925e92b8e844dc5fa1ed672400fceeb8ad9687de180c18ea6,PROMOTED,SOP/Superseded/GMG-COM-SOP-0001_v0.5_DRAFT_2026-08-06_SUPERSEDED.docx,
30_BPG/COM,30_BPG/COM/SOP/Superseded_Retired/GMG-COM-SOP-0001_v0.6_DRAFT_2026-08-09_SUPERSEDED.docx,c53b989a97c5e1e6a664c5244a73fc4369c45bd74db4476ec0def120a1307e07,PROMOTED,SOP/Superseded/GMG-COM-SOP-0001_v0.6_DRAFT_2026-08-09_SUPERSEDED.docx,
30_BPG/COM,30_BPG/COM/SOP/Superseded_Retired/GMG-COM-SOP-0001_v0.7_DRAFT_2026-08-09_SUPERSEDED.docx,b07ea667e0f0872caaafc41d014f49edc8d2630fad79791c68af6d62dee58477,PROMOTED,SOP/Superseded/GMG-COM-SOP-0001_v0.7_DRAFT_2026-08-09_SUPERSEDED.docx,
30_BPG/COM,30_BPG/COM/STD/Draft/GMG-COM-STD-0001_v0.2_DRAFT_2026-08-08.docx,171c8801ecab996630c22767d4575d9b889a72f2421445d13015881de582f6bf,HELD,,see COM held exceptions
30_BPG/COM,30_BPG/COM/STD/Draft/GMG-COM-STD-0002_v0.2_DRAFT_2026-08-06.docx,fb4d8decc53c85a7ac48650d68b013c0a1f239e056f59b1c5c29c8dd1e1cf0eb,HELD,,see COM held exceptions
30_BPG/COM,30_BPG/COM/STD/Draft/GMG-COM-STD-0003_v0.2_DRAFT_2026-08-10.docx,930b0090f82377372950c69cc2b2e7511a35e74ea133ace1d50808627e409870,HELD,,see COM held exceptions
30_BPG/COM,30_BPG/COM/STD/Draft/GMG-COM-STD-0004_v0.2_DRAFT_2026-08-10.docx,c5819eae94a9fb99d20e15caa4e908f1e43d58bfa4bffcc38c43115e1db0386d,HELD,,see COM held exceptions
30_BPG/COM,30_BPG/COM/STD/Draft/GMG-COM-STD-0005_v0.1_DRAFT_2026-08-10.docx,b8f703bf32c559abb12fcefbfc8dc1d1761350a26bba0672b2e52a8805375b5e,HELD,,see COM held exceptions
30_BPG/COM,30_BPG/COM/STD/Draft/GMG-COM-STD-0006_v0.1_DRAFT_2026-08-10.docx,1801fac6853ebb7ba07c6660532b68ecdd4767b18aae9dcb105bf21dd8366225,HELD,,see COM held exceptions
30_BPG/COM,30_BPG/COM/STD/Draft/GMG-COM-STD-0007_v0.1_DRAFT_2026-08-10.docx,9e30bddaebfd499a7440b68c1e3c25d189e2302605e52536c36bde9a4e3701bc,HELD,,see COM held exceptions
30_BPG/COM,30_BPG/COM/STD/Draft/GMG-COM-STD-0008_v0.1_DRAFT_2026-08-10.docx,e82acd8d6e94ecfddd2d98a84a004dc43979901dc564f2a7191a4f9a51569f92,HELD,,see COM held exceptions
30_BPG/COM,30_BPG/COM/STD/Superseded_Retired/GMG-COM-STD-0001_v0.1_DRAFT_2026-08-05_SUPERSEDED.docx,503fd4abcad169bf47b0f0335c9de241ecabfbf25391b79c088db66a6bad118b,HELD,,see COM held exceptions
30_BPG/COM,30_BPG/COM/STD/Superseded_Retired/GMG-COM-STD-0002_v0.1_DRAFT_2026-08-06_SUPERSEDED.docx,7b2f05cccfbe55ebf927638fe88547691604d6f1bba7487bc99210802fcba167,HELD,,see COM held exceptions
30_BPG/COM,30_BPG/COM/STD/Superseded_Retired/GMG-COM-STD-0003_v0.1_DRAFT_2026-08-07_SUPERSEDED.docx,de734a5201225b7f6b17e1ee351fe69097bb55bea21c5fcab030f07a977708fa,HELD,,see COM held exceptions
30_BPG/COM,30_BPG/COM/STD/Superseded_Retired/GMG-COM-STD-0004_v0.1_DRAFT_2026-08-10_SUPERSEDED.docx,b9725c20e7c3bff2d09ec61ead9b918549e54289dde9da004b1d955da34583a1,HELD,,see COM held exceptions
30_BPG/COM,30_BPG/COM/TPL/Draft/GMG-COM-TPL-0001_v0.3_DRAFT_2026-08-10.docx,e719fa0b885d7e75add9645030828964f9af73c41f66df021f2476eda597568f,PROMOTED,TPL/Draft/GMG-COM-TPL-0001_v0.3_DRAFT_2026-08-10.docx,
30_BPG/COM,30_BPG/COM/TPL/Draft/GMG-COM-TPL-0002_v0.2_DRAFT_2026-08-10.docx,ab3326c9ba990b37af2773569ef9e86973590869109ede261811471e496402c5,PROMOTED,TPL/Draft/GMG-COM-TPL-0002_v0.2_DRAFT_2026-08-10.docx,
30_BPG/COM,30_BPG/COM/TPL/Draft/GMG-COM-TPL-0003_v0.6_DRAFT_2026-08-10.docx,60b7694cc959c73621ef52c132c06cc9e18c0934b2fbceddbbb71033f444de06,PROMOTED,TPL/Draft/GMG-COM-TPL-0003_v0.6_DRAFT_2026-08-10.docx,
30_BPG/COM,30_BPG/COM/TPL/Draft/GMG-COM-TPL-0004_v0.4_DRAFT_2026-08-09.docx,990dbb13918b1c9b3098bc3e40a6edff466a7f1ebc7c78b95942ce6c4913df6c,PROMOTED,TPL/Draft/GMG-COM-TPL-0004_v0.4_DRAFT_2026-08-09.docx,
30_BPG/COM,30_BPG/COM/TPL/Draft/GMG-COM-TPL-0006_v0.2_DRAFT_2026-08-10.xlsx,9f635dcef31e14c740a3717bb5c68a2daf82aff340ec199cd4f923d72c644e22,PROMOTED,TPL/Draft/GMG-COM-TPL-0006_v0.2_DRAFT_2026-08-10.xlsx,
30_BPG/COM,30_BPG/COM/TPL/Draft/GMG-COM-TPL-0007_v0.1_DRAFT_2026-08-08.docx,e9e97f3a4ecd72d554d9716fce73ac0af8bac583b3b5645b6d97ec8f55036f10,PROMOTED,TPL/Draft/GMG-COM-TPL-0007_v0.1_DRAFT_2026-08-08.docx,
30_BPG/COM,30_BPG/COM/TPL/Draft/GMG-COM-TPL-0008_v0.1_DRAFT_2026-08-08.docx,83a0b394d37dc2aa275a13b54b63b6e2320fb50b853499b9abfe01ee8e9ac688,PROMOTED,TPL/Draft/GMG-COM-TPL-0008_v0.1_DRAFT_2026-08-08.docx,
30_BPG/COM,30_BPG/COM/TPL/Draft/GMG-COM-TPL-0009_v0.2_DRAFT_2026-08-09.xlsx,f3e1de9d769c5c6154565cd9dd94f3d509d7acd1c0e3156310c1a0c56f04c666,PROMOTED,TPL/Draft/GMG-COM-TPL-0009_v0.2_DRAFT_2026-08-09.xlsx,
30_BPG/COM,30_BPG/COM/TPL/Superseded_Retired/GMG-COM-TPL-0001_v0.1_DRAFT_2026-08-05_SUPERSEDED.docx,f41c90b21f99dd675b3357c5d8d069e53b7d0f11f880c6c12500f497695916d7,PROMOTED,TPL/Superseded/GMG-COM-TPL-0001_v0.1_DRAFT_2026-08-05_SUPERSEDED.docx,
30_BPG/COM,30_BPG/COM/TPL/Superseded_Retired/GMG-COM-TPL-0001_v0.2_DRAFT_2026-08-08_SUPERSEDED.docx,f414fe0f7ba8c60e383c089d675cf3eb7c95ada4c658db05eb49e48144d85c24,PROMOTED,TPL/Superseded/GMG-COM-TPL-0001_v0.2_DRAFT_2026-08-08_SUPERSEDED.docx,
30_BPG/COM,30_BPG/COM/TPL/Superseded_Retired/GMG-COM-TPL-0002_v0.1_DRAFT_2026-08-08_SUPERSEDED.docx,462504b188c366286e18f1278370ef195bccc4eb04c7d003b414ee31b8db726d,PROMOTED,TPL/Superseded/GMG-COM-TPL-0002_v0.1_DRAFT_2026-08-08_SUPERSEDED.docx,
30_BPG/COM,30_BPG/COM/TPL/Superseded_Retired/GMG-COM-TPL-0003_v0.5_DRAFT_2026-08-06_SUPERSEDED.docx,b3edc666b58986e15dfabbf9c106b3e71b8d57f4b73c37ae03a04a5eaa5dd101,PROMOTED,TPL/Superseded/GMG-COM-TPL-0003_v0.5_DRAFT_2026-08-06_SUPERSEDED.docx,
30_BPG/COM,30_BPG/COM/TPL/Superseded_Retired/GMG-COM-TPL-0004_v0.3_DRAFT_2026-08-06_SUPERSEDED.docx,be5df8a7ca390514deba6e1c8721f92ac92d48f11506c9eb32bc34b23a8198d6,PROMOTED,TPL/Superseded/GMG-COM-TPL-0004_v0.3_DRAFT_2026-08-06_SUPERSEDED.docx,
30_BPG/COM,30_BPG/COM/TPL/Superseded_Retired/GMG-COM-TPL-0006_v0.1_DRAFT_2026-08-07_SUPERSEDED.xlsx,2258bb3c1f31f99fc22a147b7a60e7346bc31ca81ff038c31c4720bc934ef057,PROMOTED,TPL/Superseded/GMG-COM-TPL-0006_v0.1_DRAFT_2026-08-07_SUPERSEDED.xlsx,
30_BPG/COM,30_BPG/COM/URS/Draft/GMG-COM-URS-0001_v0.1_DRAFT_2026-08-10.docx,6fa108009219cf069e4bdacf0c1f2b2ccffd39f6335130bc63b09890bead7b29,HELD,,see COM held exceptions
30_BPG/COM,30_BPG/COM/WIN/Draft/GMG-COM-WIN-0001_v0.3_DRAFT_2026-08-09.docx,7d0d8d68f76bbd2bbc2a1a5cdf2fc60cb54673d09e22ae44c7851b3c5b08c668,PROMOTED,WIN/Draft/GMG-COM-WIN-0001_v0.3_DRAFT_2026-08-09.docx,
30_BPG/COM,30_BPG/COM/WIN/Superseded_Retired/GMG-COM-WIN-0001_v0.2_DRAFT_2026-08-06_SUPERSEDED.docx,fc92632437d53deddc77afe5e292604ed9610c93a6e3bcd8ce33617a9acfed3d,PROMOTED,WIN/Superseded/GMG-COM-WIN-0001_v0.2_DRAFT_2026-08-06_SUPERSEDED.docx,
30_BPG/COM,30_BPG/COM/retired/2026-08-08_hygiene/FRM/Draft/GMG-COM-PLN-0001_v0.1_DRAFT_2026-08-06.docx,c58bc391bc228a27416acfc91b25414b6ca50e50b85dd39cf16e3474e2b0c09e,STAGED ONLY (retired scope),,
30_BPG/COM,30_BPG/COM/retired/2026-08-08_hygiene/FRM/GMG-COM-FRM-0004_v0.1_DRAFT_2026-08-06.gsheet,0f1d57c479f8c2163307b0812372cc64657543adc1fe3fadc96341b102160b35,STAGED ONLY (retired scope),,
30_BPG/COM,30_BPG/COM/retired/2026-08-08_hygiene/LOG/Draft/GMG-COM-LOG-0003_v0.1_DRAFT_2026-08-05.gsheet,1b1450ca01618855dad7efd4e940211764834bdacbeec99017568e59dc158fdf,STAGED ONLY (retired scope),,
30_BPG/COM,30_BPG/COM/retired/2026-08-08_hygiene/LST/Draft/GMG-COM-POL-0001_v0.5_DRAFT_2026-08-06.docx,d750410d4433366a822d2dc2904106ef16c679c1ebfc8f35bf30fcee9f5bceaf,STAGED ONLY (retired scope),,
30_BPG/COM,30_BPG/COM/retired/2026-08-08_hygiene/MTX/Draft/GMG-COM-MTX-0007_v0.1_DRAFT_2026-08-06.gsheet,3b79ad9da0cb6ae2c04ee4c25991d17d47cd63b029120f7c9b8598a00963a928,STAGED ONLY (retired scope),,
30_BPG/COM,30_BPG/COM/retired/2026-08-08_hygiene/SUPERSEDED_SWEEP_RECORD.txt,b7993d1827a386debb80e6a480d6e4a1c75734b960d42a46a7286e076295e0c7,STAGED ONLY (retired scope),,
30_BPG/COM,30_BPG/COM/retired/2026-08-08_hygiene/_to_delete/write_probe_2026-08-07,e3b0c44298fc1c149afbf4c8996fb92427ae41e4649b934ca495991b7852b855,STAGED ONLY (retired scope),,
30_BPG/COM,30_BPG/COM/retired/2026-08-08_hygiene/foreign_domain_obsolete_copies/LST/Draft/GMG-PV-LST-0002_v0.4_DRAFT_2026-08-08.xlsx,5e2b886aa8279760ed83d5cf5aa00948f7c1d92883aa93f266ac25b81122ebab,STAGED ONLY (retired scope),,
30_BPG/COM,30_BPG/COM/retired/2026-08-08_hygiene/foreign_domain_obsolete_copies/MTX/Draft/GMG-PV-MTX-0002_v0.8_DRAFT_2026-08-08.xlsx,5d8acd3ec20e8e3d466e4c2e716546dcba9b3205c71502d8f7b10d7a5af10018,STAGED ONLY (retired scope),,
30_BPG/COM,30_BPG/COM/retired/2026-08-08_hygiene/foreign_domain_obsolete_copies/MTX/Draft/GMG-PV-MTX-0007_v0.4_DRAFT_2026-08-08.xlsx,c832ad1c61e6ee414cbafe04b0454b2dad5b6759a6f2fe168a519aae29e632bc,STAGED ONLY (retired scope),,
30_BPG/COM,30_BPG/COM/retired/2026-08-08_hygiene/foreign_domain_obsolete_copies/RECONCILIATION_RECORD.txt,e8fe3a7bcc28d677ab22cd64f1387706106d31d2b5d2be9082e69eb19fbc3d56,STAGED ONLY (retired scope),,
30_BPG/COM,30_BPG/COM/retired/2026-08-08_hygiene/obsolete_copies/MTX/Draft/GMG-COM-MTX-0010_v0.4_DRAFT_2026-08-07_SUPERSEDED.docx,75fd894b35b04339832a66b3da44311d00dea3886af45a4e70a2924b09393c53,STAGED ONLY (retired scope),,
30_BPG/COM,30_BPG/COM/retired/2026-08-08_hygiene/obsolete_copies/RECONCILIATION_RECORD.txt,d08414b1cce413232c67a7576b06e9f41422b21faa84628dfa0899c08879eb0b,STAGED ONLY (retired scope),,
30_BPG/COM,30_BPG/COM/retired/2026-08-08_sync_from_Drive/MANIFEST.txt,5f67af50bb4af6185bb9bc65c9645eaf5c8e03f18858062e651faf28b1927bd2,STAGED ONLY (retired scope),,
30_BPG/COM,30_BPG/COM/retired/2026-08-08_sync_from_Drive/overwritten/LOG/Draft/GMG-COM-LOG-0003_v0.1_DRAFT_2026-08-05.xlsx,fede5934e9d75268003bfcf4d3003f9599478c313af77cbf4fa679cd4f672a6d,STAGED ONLY (retired scope),,
30_BPG/COM,30_BPG/COM/retired/2026-08-08_sync_from_Drive/overwritten/STD/Draft/GMG-COM-STD-0003_v0.1_DRAFT_2026-08-07.docx,5b747b6cd097e1674f89ecedba29dd77865c96aad0a9cb52d7da412f67255d6b,STAGED ONLY (retired scope),,
30_BPG/COM,30_BPG/COM/retired/2026-08-08_sync_from_Drive/repo_only/CAT/Superseded_Retired/GMG-COM-CAT-0001_v0.3_DRAFT_2026-08-05.docx,34b54551feb9f5b364ae051447b915aee2d49d7d8886fb242784473ccbf2f196,STAGED ONLY (retired scope),,
30_BPG/COM,30_BPG/COM/retired/2026-08-08_sync_from_Drive/repo_only/CHK/Draft/GMG-COM-CHK-0001_v0.1_DRAFT_2026-08-06.docx,6455a339a041e2479d0ab9e6a23d7619693747a0f794ba2e71943f4bcf30112c,STAGED ONLY (retired scope),,
30_BPG/COM,30_BPG/COM/retired/2026-08-08_sync_from_Drive/repo_only/FRM/Draft/GMG-COM-FRM-0004_v0.1_DRAFT_2026-08-06.xlsx,ce20c09dadd25c7fac43da97f51e447828aa92f52330a1920270e8127c8f32e0,STAGED ONLY (retired scope),,
30_BPG/COM,30_BPG/COM/retired/2026-08-08_sync_from_Drive/repo_only/LST/Draft/GMG-COM-LST-0001_v0.8_DRAFT_2026-08-07.docx,0aec8b1d91eda2db0d761955ed3a8b6f342e880e73333fad4ee62aa6eff6079e,STAGED ONLY (retired scope),,
30_BPG/COM,30_BPG/COM/retired/2026-08-08_sync_from_Drive/repo_only/LST/Superseded_Retired/GMG-COM-LST-0001_v0.1_DRAFT_2026-08-06.docx,5bf5184eb9e49338ad5cf9abe48a49a7fb5897aa5a9ec74dbca604bcef4555f4,STAGED ONLY (retired scope),,
30_BPG/COM,30_BPG/COM/retired/2026-08-08_sync_from_Drive/repo_only/LST/Superseded_Retired/GMG-COM-LST-0001_v0.2_DRAFT_2026-08-06.docx,2321e9d5bc37ad0f1765c8a3c4bd7f080b2009518a06d42df08469167709a3a5,STAGED ONLY (retired scope),,
30_BPG/COM,30_BPG/COM/retired/2026-08-08_sync_from_Drive/repo_only/LST/Superseded_Retired/GMG-COM-LST-0001_v0.3_DRAFT_2026-08-06.docx,e35721e7be17296b4af39e86567feaf07ea7e6fb8dfbeff77d54f59756de2a57,STAGED ONLY (retired scope),,
30_BPG/COM,30_BPG/COM/retired/2026-08-08_sync_from_Drive/repo_only/LST/Superseded_Retired/GMG-COM-LST-0001_v0.4_DRAFT_2026-08-06.docx,8919aaeac310bc87ba4c865c83709436ac5a11868fe9044dd57dee43ed7f8bfe,STAGED ONLY (retired scope),,
30_BPG/COM,30_BPG/COM/retired/2026-08-08_sync_from_Drive/repo_only/LST/Superseded_Retired/GMG-COM-LST-0001_v0.5_DRAFT_2026-08-06.docx,3e1b4676dc5f23703c9bb57f61204dce8ba3d6607f3e0b60b367987987874ac0,STAGED ONLY (retired scope),,
30_BPG/COM,30_BPG/COM/retired/2026-08-08_sync_from_Drive/repo_only/LST/Superseded_Retired/GMG-COM-LST-0001_v0.6_DRAFT_2026-08-06.docx,f8138cd64378ca673d2e5653dbc6f43c7a13efd8e6f6dfe53e26405dc797d7f7,STAGED ONLY (retired scope),,
30_BPG/COM,30_BPG/COM/retired/2026-08-08_sync_from_Drive/repo_only/LST/Superseded_Retired/GMG-COM-LST-0001_v0.7_DRAFT_2026-08-06.docx,aa52719997d3fa9932ad9ff0f5e7ad537d57e23a46c6e5422212a578843e292a,STAGED ONLY (retired scope),,
30_BPG/COM,30_BPG/COM/retired/2026-08-08_sync_from_Drive/repo_only/MTX/Superseded_Retired/GMG-COM-MTX-0001_v0.2_DRAFT_2026-08-04.docx,e9cfaa095bb17d29cdec88a376589292adeca2181fe0da890aa9153fb6ee6699,STAGED ONLY (retired scope),,
30_BPG/COM,30_BPG/COM/retired/2026-08-08_sync_from_Drive/repo_only/MTX/Superseded_Retired/GMG-COM-MTX-0002_v0.2_DRAFT_2026-08-04.docx,b5efd205d937895ffe2182d64f35d01a7c0810bfb1363d7f427a4e5b05eede59,STAGED ONLY (retired scope),,
30_BPG/COM,30_BPG/COM/retired/2026-08-08_sync_from_Drive/repo_only/MTX/Superseded_Retired/GMG-COM-MTX-0003_v0.2_DRAFT_2026-08-04.docx,0cbacaf400bf16c370a14f3490aeb16dddd31e27656e2b4c1d0a770323d06f62,STAGED ONLY (retired scope),,
30_BPG/COM,30_BPG/COM/retired/2026-08-08_sync_from_Drive/repo_only/MTX/Superseded_Retired/GMG-COM-MTX-0004_v0.2_DRAFT_2026-08-04.docx,4152c2cf459de06d158fee4b45bc775a0860e0092570023529f099965803d568,STAGED ONLY (retired scope),,
30_BPG/COM,30_BPG/COM/retired/2026-08-08_sync_from_Drive/repo_only/MTX/Superseded_Retired/GMG-COM-MTX-0005_v0.2_DRAFT_2026-08-04.docx,202eb835d9b8ae27593929c0e3d0f84706b0c936a849017d722ec0c5c7e67d98,STAGED ONLY (retired scope),,
30_BPG/COM,30_BPG/COM/retired/2026-08-08_sync_from_Drive/repo_only/MTX/Superseded_Retired/GMG-COM-MTX-0006_v0.2_DRAFT_2026-08-04.docx,1e2167866c67ad22ec944749394bfe810be038ffb196a9ce3e64b5495fe986dd,STAGED ONLY (retired scope),,
30_BPG/COM,30_BPG/COM/retired/2026-08-08_sync_from_Drive/repo_only/MTX/Superseded_Retired/GMG-COM-MTX-0007_v0.1_DRAFT_2026-08-06.xlsx,a8e3bd074855363ce94f06c7db673857d286cfd529b883ff02777fc06211ae4e,STAGED ONLY (retired scope),,
30_BPG/COM,30_BPG/COM/retired/2026-08-08_sync_from_Drive/repo_only/MTX/Superseded_Retired/GMG-COM-MTX-0007_v0.7_DRAFT_2026-08-06.docx,0ab694edabecc3d0d918bdd2871156c387093c185f3a84df73a068225ad97642,STAGED ONLY (retired scope),,
30_BPG/COM,30_BPG/COM/retired/2026-08-08_sync_from_Drive/repo_only/MTX/Superseded_Retired/GMG-COM-MTX-0009_v0.2_DRAFT_2026-08-06.docx,40e9b1c9001143901db0986d210e5d00099af8c4e1452a60ae4eeddd257558c1,STAGED ONLY (retired scope),,
30_BPG/COM,30_BPG/COM/retired/2026-08-08_sync_from_Drive/repo_only/PLN/Draft/GMG-COM-PLN-0001_v0.2_DRAFT_2026-08-06.docx,98d1f3631df67c653267703562689c811f4669bed2cb5560fac9e3f3fc376d46,STAGED ONLY (retired scope),,
30_BPG/COM,30_BPG/COM/retired/2026-08-08_sync_from_Drive/repo_only/PLN/Superseded_Retired/GMG-COM-PLN-0001_v0.1_DRAFT_2026-08-06.docx,c58bc391bc228a27416acfc91b25414b6ca50e50b85dd39cf16e3474e2b0c09e,STAGED ONLY (retired scope),,
30_BPG/COM,30_BPG/COM/retired/2026-08-08_sync_from_Drive/repo_only/POL/Superseded_Retired/GMG-COM-POL-0001_v0.4_DRAFT_2026-08-04.docx,ac09fd98931ee9b401c5a62d9a872d3e58d9ff4030f446fa663ba26e9b72f26a,STAGED ONLY (retired scope),,
30_BPG/COM,30_BPG/COM/retired/2026-08-08_sync_from_Drive/repo_only/SOP/Superseded_Retired/GMG-COM-SOP-0001_v0.4_DRAFT_2026-08-04.docx,b96ff9e14ecd422724b1616857d2a0cc6f5f6bf5b94bc393b87a982681022db6,STAGED ONLY (retired scope),,
30_BPG/COM,30_BPG/COM/retired/2026-08-08_sync_from_Drive/repo_only/STD/Draft/GMG-COM-STD-0001_v0.2_DRAFT_2026-08-06.docx,ebfc3bc8985da246038e7d1080b71cfe5bcbae8dec03a00afd9dd8d3b3d3ff9f,STAGED ONLY (retired scope),,
30_BPG/COM,30_BPG/COM/retired/2026-08-08_sync_from_Drive/repo_only/STD/Draft/GMG-COM-STD-0002_v0.2_DRAFT_2026-08-06.docx,fb4d8decc53c85a7ac48650d68b013c0a1f239e056f59b1c5c29c8dd1e1cf0eb,STAGED ONLY (retired scope),,
30_BPG/COM,30_BPG/COM/retired/2026-08-08_sync_from_Drive/repo_only/STD/Superseded_Retired/GMG-COM-STD-0001_v0.1_DRAFT_2026-08-05.docx,503fd4abcad169bf47b0f0335c9de241ecabfbf25391b79c088db66a6bad118b,STAGED ONLY (retired scope),,
30_BPG/COM,30_BPG/COM/retired/2026-08-08_sync_from_Drive/repo_only/STD/Superseded_Retired/GMG-COM-STD-0002_v0.1_DRAFT_2026-08-06.docx,7b2f05cccfbe55ebf927638fe88547691604d6f1bba7487bc99210802fcba167,STAGED ONLY (retired scope),,
30_BPG/COM,30_BPG/COM/retired/2026-08-08_sync_from_Drive/repo_only/TPL/Draft/GMG-COM-TPL-0001_v0.2_DRAFT_2026-08-06.docx,d1391b91f240c7b38f5ad7d11b310eedd106999cdf456bf3cfd6f1e5f66a0edc,STAGED ONLY (retired scope),,
30_BPG/COM,30_BPG/COM/retired/2026-08-08_sync_from_Drive/repo_only/TPL/Superseded_Retired/GMG-COM-TMP-0003_v0.1_DRAFT_2026-08-04.docx,20c47061895c31057d6386de281252d505ef8c5b57f24503f1b9f4d0a7cd58b6,STAGED ONLY (retired scope),,
30_BPG/COM,30_BPG/COM/retired/2026-08-08_sync_from_Drive/repo_only/TPL/Superseded_Retired/GMG-COM-TMP-0004_v0.2_DRAFT_2026-08-06.docx,f5ddc7a5341c428f30eced994c52cd815f4b50d024ddf36396d04a7d0e17dac9,STAGED ONLY (retired scope),,
30_BPG/COM,30_BPG/COM/retired/2026-08-08_sync_from_Drive/repo_only/TPL/Superseded_Retired/GMG-COM-TPL-0001_v0.1_DRAFT_2026-08-05.docx,f41c90b21f99dd675b3357c5d8d069e53b7d0f11f880c6c12500f497695916d7,STAGED ONLY (retired scope),,
30_BPG/COM,30_BPG/COM/retired/2026-08-08_sync_from_Drive/repo_only/WIN/Superseded_Retired/GMG-COM-WIN-0001_v0.1_DRAFT_2026-08-04.docx,5e3e1a2c782e4f9b1f28b1a3c47163ba5e100f81d1293b4b5ed3f6dd7651a2b6,STAGED ONLY (retired scope),,
30_BPG/COM,30_BPG/COM/retired/2026-08-09_duplicate_resolution/ACTION_LOG_2026-08-09.txt,0b5a4506d041ddaf5f2e56124bba870f679519048e14eeda963ade60400e3dee,STAGED ONLY (retired scope),,
30_BPG/COM,30_BPG/COM/retired/2026-08-09_duplicate_resolution/AGR/Draft/GMG-COM-AGR-0002_v0.1_DRAFT_2026-08-08 copy.docx,3518987685d4c3f5f2f2dedb0c5bec538a5cf34475987a49071675c19bcb1a1d,STAGED ONLY (retired scope),,
30_BPG/COM,30_BPG/COM/retired/2026-08-09_duplicate_resolution/COM_UID_allocation_request_2026-08-09.xlsx,e426217ccb27e20858529fd5df040e1a9ad1df2b2291f0132fd7f4add5d7dfc2,STAGED ONLY (retired scope),,
30_BPG/COM,30_BPG/COM/retired/2026-08-09_duplicate_resolution/FRM/Draft/GMG-COM-FRM-0009_v0.1_DRAFT_2026-08-08 copy.docx,7ff27f53159ca083b1d6fe5d914295be1b79e24e56954f9e9d39b0a52390f658,STAGED ONLY (retired scope),,
30_BPG/COM,30_BPG/COM/retired/2026-08-09_duplicate_resolution/LOG/Draft/GMG-COM-LOG-0003_v0.1_DRAFT_2026-08-05.xlsx,e0a1588d8387a61f1071fdd8d5520df6077c0e11c2e19d6694db710229d6d762,STAGED ONLY (retired scope),,
30_BPG/COM,30_BPG/COM/retired/2026-08-09_duplicate_resolution/LOG/Draft/GMG-COM-LOG-0005_v0.1_DRAFT_2026-08-08 copy.xlsx,700c75dcfc19d023db1e35072d3fe5785ca34251479054167dfac85ad12b53cf,STAGED ONLY (retired scope),,
30_BPG/COM,30_BPG/COM/retired/2026-08-09_duplicate_resolution/LOG/Draft/GMG-COM-LOG-0005_v0.1_DRAFT_2026-08-08_WITHDRAWN_commitments_log_duplicate.xlsx,4d112eec24163c5fad1fb3d8bada8774cfdd4acb6d184c68d8a9387b01f3948f,STAGED ONLY (retired scope),,
30_BPG/COM,30_BPG/COM/retired/2026-08-09_duplicate_resolution/LOG/Draft/GMG-COM-LOG-0006_v0.1_DRAFT_2026-08-08.xlsx,e94cfbfdf523808cfb44dccee4e842bd02ed3f2ab6d7ca85e0302126f6fd646f,STAGED ONLY (retired scope),,
30_BPG/COM,30_BPG/COM/retired/2026-08-09_duplicate_resolution/TPL-0005_structure_recovery/GMG-COM-TPL-0005_v0.1_STRUCTURE-RECOVERED_2026-08-09.xlsx,ee2f3379c50ecb9b7364612707aeeafa35089597da3fb394e998c2fda2361407,STAGED ONLY (retired scope),,
30_BPG/COM,30_BPG/COM/retired/2026-08-09_duplicate_resolution/TPL-0005_structure_recovery/TPL-0005_RECOVERY_REPORT.txt,65c20759fc482370a072356adc45c67bf9072e9730a76dadb53bb3b78f5f2cf1,STAGED ONLY (retired scope),,
30_BPG/COM,30_BPG/COM/retired/2026-08-09_duplicate_resolution/TPL/Draft/GMG-COM-TPL-0005_v0.1_DRAFT_2026-08-05_WITHDRAWN_unrecoverable.xlsx,e88b4e3227bbae820539a11d17a2c146a25a5bec523b2ca4f65ac739bb13079c,STAGED ONLY (retired scope),,
30_BPG/COM,30_BPG/COM/retired/2026-08-09_duplicate_resolution/TPL/Draft/GMG-COM-TPL-0007_v0.1_DRAFT_2026-08-08_RENUMBERED_to_TPL-0009.xlsx,930cc3f6ba62e460408b7534715bac6322cf32d26cb56aaea1de1dca8e9e280c,STAGED ONLY (retired scope),,
30_BPG/COM,30_BPG/COM/retired/2026-08-10_stray_files/COM-amendment-specification_v1.0_2026-08-08.docx,7a2b77a2bfb24355601189244b6252372cbe6e8e75ef6b656c63bb31ff7f5e63,STAGED ONLY (retired scope),,
30_BPG/COM,30_BPG/COM/retired/2026-08-10_stray_files/MTX-0013_CREATION_RECORD_2026-08-08.txt,007183bf490dba74fc4b19c83b7e4b97d4ba663dad515510b7944d374b219124,STAGED ONLY (retired scope),,
30_BPG/COM,30_BPG/COM/retired/2026-08-10_stray_files/README_why_these_moved.txt,20567ff5362de25ef978539f511a494576179196d48b7dceab797dd2989d7168,STAGED ONLY (retired scope),,
30_BPG/COM,"30_BPG/COM/retired/2026-08-10_stray_files/WF Aug 5, 2026, 07_40_29 PM.png",8dc92a17e430e20b1b847d0aacdc46e79e1cbb29e11e1162445e3dda8bf7ddc3,STAGED ONLY (retired scope),,
30_BPG/HR,30_BPG/HR/AGR/Draft/MYG-HR-AGR-0001_v0.3_DRAFT_2026-08-06.docx,2da9094116348296bb2311c9bd17129a956310cb84d3df02ac3b1925f7ce696c,HELD,,see HR held exceptions
30_BPG/HR,30_BPG/HR/AGR/Superseded_Retired/MYG-HR-AGR-0001_v0.1_DRAFT_2026-08-06_SUPERSEDED.docx,506453067cc2d02b6327e00f0616c04bf9b063a182c95b4d7f58cdfee9d9dee4,HELD,,see HR held exceptions
30_BPG/HR,30_BPG/HR/AGR/Superseded_Retired/MYG-HR-AGR-0001_v0.2_DRAFT_2026-08-06_SUPERSEDED.docx,a6bbfefa70d181e6817735fb198eb5d4ee5cc788c378cc1c0879daa2085dc5cd,HELD,,see HR held exceptions
30_BPG/HR,30_BPG/HR/POL/Draft/GMG-HR-POL-0002_v0.5_DRAFT_2026-08-04.docx,55c23cb7cb84b533ae81b9722bf48a10bc74bb769e09e5c348d59f88bd434809,PROMOTED,POL/Draft/GMG-HR-POL-0002_v0.5_DRAFT_2026-08-04.docx,
30_BPG/HR,30_BPG/HR/POL/Draft/GMG-HR-POL-0009_v0.5_DRAFT_2026-08-04.docx,951a445bd3870976291cb82558a8603ccb7270bec9ace4cfd4bb454270477a2a,PROMOTED,POL/Draft/GMG-HR-POL-0009_v0.5_DRAFT_2026-08-04.docx,
30_BPG/HR,30_BPG/HR/POL/Draft/GMG-HR-POL-0005_v0.5_DRAFT_2026-08-04.docx,5f73eafcbdca6d4b30eaecf232673a7cc7ab59fc2234cafdee8f1382b61009d0,PROMOTED,POL/Draft/GMG-HR-POL-0005_v0.5_DRAFT_2026-08-04.docx,
30_BPG/HR,30_BPG/HR/POL/Draft/GMG-HR-POL-0008_v0.5_DRAFT_2026-08-04.docx,5d2f52e7582d35b0bc5165b4bcde1dc54b5270c35bf84526ffcd1b75dfb4686b,PROMOTED,POL/Draft/GMG-HR-POL-0008_v0.5_DRAFT_2026-08-04.docx,
30_BPG/HR,30_BPG/HR/POL/Draft/GMG-HR-POL-0012_v0.5_DRAFT_2026-08-04.docx,d9feed03f6eb9dc35268f35e707bd9a0d0dc0b1bb1e1d86b40e0a1e92361ccd9,PROMOTED,POL/Draft/GMG-HR-POL-0012_v0.5_DRAFT_2026-08-04.docx,
30_BPG/HR,30_BPG/HR/POL/Draft/GMG-HR-POL-0003_v0.5_DRAFT_2026-08-04.docx,e24578f7d365076e4c23b66c4ee90cf4ae41ceb67fb3c38e64d6b4bbf7382266,PROMOTED,POL/Draft/GMG-HR-POL-0003_v0.5_DRAFT_2026-08-04.docx,
30_BPG/HR,30_BPG/HR/POL/Draft/GMG-HR-POL-0004_v0.12_DRAFT_2026-08-05.docx,834d7914fc4d2d0005f5463c714206064fc2dc76d12d84436a8661c395a38865,PROMOTED,POL/Draft/GMG-HR-POL-0004_v0.12_DRAFT_2026-08-05.docx,
30_BPG/HR,30_BPG/HR/POL/Draft/GMG-HR-POL-0010_v0.5_DRAFT_2026-08-04.docx,57ce831f80246d201fa5e2c9ecfeac1dbd2c7906e06b235df6deecc4cd80df0f,PROMOTED,POL/Draft/GMG-HR-POL-0010_v0.5_DRAFT_2026-08-04.docx,
30_BPG/HR,30_BPG/HR/POL/Draft/GMG-HR-POL-0006_v0.5_DRAFT_2026-08-04.docx,4e87eb82de3e63f8afd6bb62fa41bfe7dbc34161867a620c8422a90317efb2f6,PROMOTED,POL/Draft/GMG-HR-POL-0006_v0.5_DRAFT_2026-08-04.docx,
30_BPG/HR,30_BPG/HR/POL/Draft/GMG-HR-POL-0001_v0.5_DRAFT_2026-08-04.docx,ff2a3d16a0a7d11b3e3edfed45fc6a3c3ea1a9f955bda4ecbdda106d9b0fd754,PROMOTED,POL/Draft/GMG-HR-POL-0001_v0.5_DRAFT_2026-08-04.docx,
30_BPG/HR,30_BPG/HR/POL/Draft/GMG-HR-POL-0011_v0.5_DRAFT_2026-08-04.docx,e8b26b1aaacb667bff4c1e0c1947f62fbf4c8307a38316b2f11dbf1ce723ce38,PROMOTED,POL/Draft/GMG-HR-POL-0011_v0.5_DRAFT_2026-08-04.docx,
30_BPG/HR,30_BPG/HR/POL/Draft/GMG-HR-POL-0007_v0.5_DRAFT_2026-08-04.docx,a73086f34c95cd9f51ce6f7d9e83fe9e7837c6e2e6c610d1691476789eca53ce,PROMOTED,POL/Draft/GMG-HR-POL-0007_v0.5_DRAFT_2026-08-04.docx,
30_BPG/HR,30_BPG/HR/POL/Superseded_Retired/GMG-HR-POL-0001_v0.4_DRAFT_2026-08-04_SUPERSEDED.docx,ce630eb977c2b7165cee8aca067a9af1e5d0bb3d0611f9c47b678e37ed132ece,PROMOTED,POL/Superseded/GMG-HR-POL-0001_v0.4_DRAFT_2026-08-04_SUPERSEDED.docx,
30_BPG/HR,30_BPG/HR/POL/Superseded_Retired/GMG-HR-POL-0003_v0.4_DRAFT_2026-08-04_SUPERSEDED.docx,931ee629f05ee0e8f308c86b63b2e840ba56d2e1313f0bea160b354444b6c565,PROMOTED,POL/Superseded/GMG-HR-POL-0003_v0.4_DRAFT_2026-08-04_SUPERSEDED.docx,
30_BPG/HR,30_BPG/HR/POL/Superseded_Retired/GMG-HR-POL-0008_v0.1_DRAFT_2026-08-03_SUPERSEDED.docx,d45e6a2c28375ce2e433b2adae4c8298c2465de13123b41e802b620e0695ddf4,PROMOTED,POL/Superseded/GMG-HR-POL-0008_v0.1_DRAFT_2026-08-03_SUPERSEDED.docx,
30_BPG/HR,30_BPG/HR/POL/Superseded_Retired/GMG-HR-POL-0002_v0.4_DRAFT_2026-08-04_SUPERSEDED.docx,7ad08c83c8c83e796267f1f3a2aa39f5dd3d9e4d73aeccbb92bb95a7a30c171a,PROMOTED,POL/Superseded/GMG-HR-POL-0002_v0.4_DRAFT_2026-08-04_SUPERSEDED.docx,
30_BPG/HR,30_BPG/HR/POL/Superseded_Retired/GMG-HR-POL-0009_v0.1_DRAFT_2026-08-03_SUPERSEDED.docx,91b23cc68a430504377e39d45986ed04f45c40f49aeb58017892311b1e45e654,PROMOTED,POL/Superseded/GMG-HR-POL-0009_v0.1_DRAFT_2026-08-03_SUPERSEDED.docx,
30_BPG/HR,30_BPG/HR/POL/Superseded_Retired/GMG-HR-POL-0004-ES_v0.1_VOID_2026-08-03.docx,ec9fa9b9c3dfc5a88a30dfc4e1505359d7c14677a95109fc70a267c2da3d1826,HELD,,see HR held exceptions
30_BPG/HR,30_BPG/HR/POL/Superseded_Retired/GMG-HR-POL-0005_v0.4_DRAFT_2026-08-04_SUPERSEDED.docx,04e92dc1d6e23db728014064f7732b44e06767c57e1023c716acfad8e20bf492,PROMOTED,POL/Superseded/GMG-HR-POL-0005_v0.4_DRAFT_2026-08-04_SUPERSEDED.docx,
30_BPG/HR,30_BPG/HR/POL/Superseded_Retired/GMG-HR-POL-0024_v0.4_DRAFT_2026-08-03_SUPERSEDED_renumbered.docx,57468ef43453be73e38e4fef323dee8ac5bf48424abf0615fd1d4a3e005dbaef,PROMOTED,POL/Superseded/GMG-HR-POL-0024_v0.4_DRAFT_2026-08-03_SUPERSEDED_renumbered.docx,
30_BPG/HR,30_BPG/HR/POL/Superseded_Retired/GMG-HR-POL-0006_v0.4_DRAFT_2026-08-04_SUPERSEDED.docx,bc6f2e9a667c9e4f5e3a276d31ade88c6a405aa6393c902a37440148c801a76a,PROMOTED,POL/Superseded/GMG-HR-POL-0006_v0.4_DRAFT_2026-08-04_SUPERSEDED.docx,
30_BPG/HR,30_BPG/HR/POL/Superseded_Retired/GMG-HR-POL-0026_v0.1_DRAFT_2026-08-03_SUPERSEDED_renumbered.docx,af3efb55925cd0a5ac418a4933baf490dcf802c6c719cc8a525e9b2d2040f976,PROMOTED,POL/Superseded/GMG-HR-POL-0026_v0.1_DRAFT_2026-08-03_SUPERSEDED_renumbered.docx,
30_BPG/HR,30_BPG/HR/POL/Superseded_Retired/GMG-HR-POL-0007_v0.4_DRAFT_2026-08-04_SUPERSEDED.docx,b6e0f9683f731c8ceba452d06e3b82b28e5a7862197fd1ba8e94103e6ddfa044,PROMOTED,POL/Superseded/GMG-HR-POL-0007_v0.4_DRAFT_2026-08-04_SUPERSEDED.docx,
30_BPG/HR,30_BPG/HR/POL/Superseded_Retired/GMG-HR-POL-0032_v0.1_DRAFT_2026-08-03_SUPERSEDED_renumbered.docx,c8b75c90655e436d47efb2367b6f69a9e00978b1c271ce56221c47f5780df36d,PROMOTED,POL/Superseded/GMG-HR-POL-0032_v0.1_DRAFT_2026-08-03_SUPERSEDED_renumbered.docx,
30_BPG/HR,30_BPG/HR/POL/Superseded_Retired/GMG-HR-POL-0012_v0.2_DRAFT_2026-08-04_SUPERSEDED.docx,f60c2e42a56bd85570fbe964ded8f1da73bd18b275ccf6640ac32b8d34972f10,PROMOTED,POL/Superseded/GMG-HR-POL-0012_v0.2_DRAFT_2026-08-04_SUPERSEDED.docx,
30_BPG/HR,30_BPG/HR/POL/Superseded_Retired/GMG-HR-POL-0022_v0.1_DRAFT_2026-08-03_SUPERSEDED_renumbered.docx,b13eae42154b6fb4b76b511e5dc27cf516dc264397e5dddc2e41d56cb8579715,PROMOTED,POL/Superseded/GMG-HR-POL-0022_v0.1_DRAFT_2026-08-03_SUPERSEDED_renumbered.docx,
30_BPG/HR,30_BPG/HR/POL/Superseded_Retired/GMG-HR-POL-0004_v0.8_DRAFT_2026-08-04_SUPERSEDED.docx,b8ef228fb6bde807c4296da850a7cf9565ac2cbe7b576cd47afef847728de86c,PROMOTED,POL/Superseded/GMG-HR-POL-0004_v0.8_DRAFT_2026-08-04_SUPERSEDED.docx,
30_BPG/HR,30_BPG/HR/POL/Superseded_Retired/GMG-HR-POL-0010_v0.2_DRAFT_2026-08-04_SUPERSEDED.docx,ed59fe560758b8c77037f97dc38191ab4dda7e78608e334ca9b8a24db92ce7fe,PROMOTED,POL/Superseded/GMG-HR-POL-0010_v0.2_DRAFT_2026-08-04_SUPERSEDED.docx,
30_BPG/HR,30_BPG/HR/POL/Superseded_Retired/GMG-HR-POL-0030_v0.1_DRAFT_2026-08-03_SUPERSEDED_renumbered.docx,e34b0148210108e88e736a1e424fc3fecba6b1a549f826644e9e2e528adf8414,PROMOTED,POL/Superseded/GMG-HR-POL-0030_v0.1_DRAFT_2026-08-03_SUPERSEDED_renumbered.docx,
30_BPG/HR,30_BPG/HR/POL/Superseded_Retired/GMG-HR-POL-0011_v0.2_DRAFT_2026-08-04_SUPERSEDED.docx,5974b9d02e0d1650de5cb5010472fc5bb1e50ec7e57c3050e3d8a2dd225aba8c,PROMOTED,POL/Superseded/GMG-HR-POL-0011_v0.2_DRAFT_2026-08-04_SUPERSEDED.docx,
30_BPG/HR,30_BPG/HR/POL/Superseded_Retired/GMG-HR-POL-0004-CH_v0.1_VOID_2026-08-03.docx,13ecdee0069e55b23c15f7efa96e9b63a62848c6376090469403b8fa169681ed,HELD,,see HR held exceptions
30_BPG/HR,30_BPG/HR/POL/Superseded_Retired/GMG-HR-POL-0029_v0.1_DRAFT_2026-08-03_SUPERSEDED_renumbered.docx,d1ce40b6b5ac53b25a1d6ab5f4e6909895cd1792e7e4d8c51a5efbc9c63fdeed,PROMOTED,POL/Superseded/GMG-HR-POL-0029_v0.1_DRAFT_2026-08-03_SUPERSEDED_renumbered.docx,
30_BPG/HR,30_BPG/HR/POL/Superseded_Retired/GMG-HR-POL-0004_v0.10_DRAFT_2026-08-04_SUPERSEDED.docx,85bdadcf61bb2f305f6b243b149259fbe676923da56668bf4998736359a87804,PROMOTED,POL/Superseded/GMG-HR-POL-0004_v0.10_DRAFT_2026-08-04_SUPERSEDED.docx,
30_BPG/HR,30_BPG/HR/POL/Superseded_Retired/GMG-HR-POL-0004-PL_v0.1_VOID_2026-08-03.docx,9dd19c53aeebd9059fbf8f266e6aa3dbff3c93027041fdeefcc8cf23a94ba9a4,HELD,,see HR held exceptions
30_BPG/HR,30_BPG/HR/POL/Superseded_Retired/GMG-HR-POL-0008_v0.2_DRAFT_2026-08-04_SUPERSEDED.docx,47cfedac997273457bf93af9e74f0017d53373aadd3b74c09a7ef1cddb91c3fc,PROMOTED,POL/Superseded/GMG-HR-POL-0008_v0.2_DRAFT_2026-08-04_SUPERSEDED.docx,
30_BPG/HR,30_BPG/HR/POL/Superseded_Retired/GMG-HR-POL-0009_v0.2_DRAFT_2026-08-04_SUPERSEDED.docx,0009fa3a49a983100225a13ae946161302e9ba5c88f85584123b8c6768e91375,PROMOTED,POL/Superseded/GMG-HR-POL-0009_v0.2_DRAFT_2026-08-04_SUPERSEDED.docx,
30_BPG/HR,30_BPG/HR/POL/Superseded_Retired/GMG-HR-POL-0004_v0.3_DRAFT_2026-08-03_SUPERSEDED.docx,1a3633a0161b294f91959d3a7bf777f9480721afaa63fd37121fb37305297a78,PROMOTED,POL/Superseded/GMG-HR-POL-0004_v0.3_DRAFT_2026-08-03_SUPERSEDED.docx,
30_BPG/HR,30_BPG/HR/POL/Superseded_Retired/GMG-HR-POL-0010_v0.1_DRAFT_2026-08-03_SUPERSEDED.docx,2f432a779e3ac87dbd682999acc06bc028f7fdd9c476bdc1607f251a2ba8c7a7,PROMOTED,POL/Superseded/GMG-HR-POL-0010_v0.1_DRAFT_2026-08-03_SUPERSEDED.docx,
30_BPG/HR,30_BPG/HR/POL/Superseded_Retired/GMG-HR-POL-0006_v0.3_DRAFT_2026-08-04_SUPERSEDED.docx,6671382d63760c7ddeb05ced886688f9acd600927511cb32201a9a8d019e77b4,PROMOTED,POL/Superseded/GMG-HR-POL-0006_v0.3_DRAFT_2026-08-04_SUPERSEDED.docx,
30_BPG/HR,30_BPG/HR/POL/Superseded_Retired/GMG-HR-POL-0011_v0.1_DRAFT_2026-08-03_SUPERSEDED.docx,79d57984ce419a5eb4dfba300d21c782da727a88389021baa22feb2e17fa0264,PROMOTED,POL/Superseded/GMG-HR-POL-0011_v0.1_DRAFT_2026-08-03_SUPERSEDED.docx,
30_BPG/HR,30_BPG/HR/POL/Superseded_Retired/GMG-HR-POL-0007_v0.3_DRAFT_2026-08-04_SUPERSEDED.docx,291d8f06ceca5f85962395a963885ad39fb7b41094f2245c9eac58c3908db8d1,PROMOTED,POL/Superseded/GMG-HR-POL-0007_v0.3_DRAFT_2026-08-04_SUPERSEDED.docx,
30_BPG/HR,30_BPG/HR/POL/Superseded_Retired/GMG-HR-POL-0012_v0.1_DRAFT_2026-08-03_SUPERSEDED.docx,421caa4c135486fab8dce32519a2201be77b84211b8754f01d1581ecac29e910,PROMOTED,POL/Superseded/GMG-HR-POL-0012_v0.1_DRAFT_2026-08-03_SUPERSEDED.docx,
30_BPG/HR,30_BPG/HR/POL/Superseded_Retired/GMG-HR-POL-0005_v0.3_DRAFT_2026-08-04_SUPERSEDED.docx,ec47e5bd2a7f54105522ba0ca6a72848de3aac6f70f41db41ded1d0e11ff38c7,PROMOTED,POL/Superseded/GMG-HR-POL-0005_v0.3_DRAFT_2026-08-04_SUPERSEDED.docx,
30_BPG/HR,30_BPG/HR/POL/Superseded_Retired/GMG-HR-POL-0003_v0.3_DRAFT_2026-08-04_SUPERSEDED.docx,0bdb452d0e0b966a793d80097a4fdb29bdf0a478431122d700b5550d4a08741e,PROMOTED,POL/Superseded/GMG-HR-POL-0003_v0.3_DRAFT_2026-08-04_SUPERSEDED.docx,
30_BPG/HR,30_BPG/HR/POL/Superseded_Retired/GMG-HR-POL-0004_v0.7_DRAFT_2026-08-04_SUPERSEDED.docx,3ac07fda2fda140fb70f5dcb1b1fc0ede0a9b46097e492bcd64b0a9f2205f80c,PROMOTED,POL/Superseded/GMG-HR-POL-0004_v0.7_DRAFT_2026-08-04_SUPERSEDED.docx,
30_BPG/HR,30_BPG/HR/POL/Superseded_Retired/GMG-HR-POL-0002_v0.3_DRAFT_2026-08-04_SUPERSEDED.docx,de99d92de8c9cc8a333750fcbede87b06dc6d0a18f81687bc78fa5e729d1b9f1,PROMOTED,POL/Superseded/GMG-HR-POL-0002_v0.3_DRAFT_2026-08-04_SUPERSEDED.docx,
30_BPG/HR,30_BPG/HR/POL/Superseded_Retired/GMG-HR-POL-0001_v0.3_DRAFT_2026-08-04_SUPERSEDED.docx,7254e0b604cc431109fbfca271a21760be90da5a9ec28d35c9b9d86978cd753f,PROMOTED,POL/Superseded/GMG-HR-POL-0001_v0.3_DRAFT_2026-08-04_SUPERSEDED.docx,
30_BPG/HR,30_BPG/HR/POL/Superseded_Retired/GMG-HR-POL-0004_v0.1_DRAFT_2026-08-03_SUPERSEDED.docx,81b1abb7c5c4f51a930079fa765e291774ebc2acb2bf0a7ab7dec1e6aea75a00,PROMOTED,POL/Superseded/GMG-HR-POL-0004_v0.1_DRAFT_2026-08-03_SUPERSEDED.docx,
30_BPG/HR,30_BPG/HR/POL/Superseded_Retired/GMG-HR-POL-0025_v0.1_DRAFT_2026-08-03_SUPERSEDED_renumbered.docx,23dc64186a6b80a817a110e42041439e1ee8a49c4897068ffb8d4fab9b24aece,PROMOTED,POL/Superseded/GMG-HR-POL-0025_v0.1_DRAFT_2026-08-03_SUPERSEDED_renumbered.docx,
30_BPG/HR,30_BPG/HR/POL/Superseded_Retired/GMG-HR-POL-0012_v0.3_DRAFT_2026-08-04_SUPERSEDED.docx,87f67e9c246b7992ca47a27b25552c066aee3f1415e9e014efe694054565b78c,PROMOTED,POL/Superseded/GMG-HR-POL-0012_v0.3_DRAFT_2026-08-04_SUPERSEDED.docx,
30_BPG/HR,30_BPG/HR/POL/Superseded_Retired/GMG-HR-POL-0004_v0.9_DRAFT_2026-08-04_SUPERSEDED.docx,63f5a0961038e2637ec194d885d317e97e2578a4ae71d72a02f3feeae820234d,PROMOTED,POL/Superseded/GMG-HR-POL-0004_v0.9_DRAFT_2026-08-04_SUPERSEDED.docx,
30_BPG/HR,30_BPG/HR/POL/Superseded_Retired/GMG-HR-POL-0005_v0.1_DRAFT_2026-08-03_SUPERSEDED.docx,23a4a45a605b1b32b183e8c24ee7f1b4451f332c904df8a5e48915800066646d,PROMOTED,POL/Superseded/GMG-HR-POL-0005_v0.1_DRAFT_2026-08-03_SUPERSEDED.docx,
30_BPG/HR,30_BPG/HR/POL/Superseded_Retired/GMG-HR-POL-0010_v0.3_DRAFT_2026-08-04_SUPERSEDED.docx,ec376ec363f6453bf509301eacec9efee0912c84133e0da95bbb55900ceacc9b,PROMOTED,POL/Superseded/GMG-HR-POL-0010_v0.3_DRAFT_2026-08-04_SUPERSEDED.docx,
30_BPG/HR,30_BPG/HR/POL/Superseded_Retired/GMG-HR-POL-0006_v0.1_DRAFT_2026-08-03_SUPERSEDED.docx,c052a798653accc2bdd1fc60712a45eb42cac3c618225d4be18147814402f177,PROMOTED,POL/Superseded/GMG-HR-POL-0006_v0.1_DRAFT_2026-08-03_SUPERSEDED.docx,
30_BPG/HR,30_BPG/HR/POL/Superseded_Retired/GMG-HR-POL-0011_v0.3_DRAFT_2026-08-04_SUPERSEDED.docx,c09f74cb12ec4ff63009833d8a333e5e32cccebfdb979884607ecfc0bab42a0e,PROMOTED,POL/Superseded/GMG-HR-POL-0011_v0.3_DRAFT_2026-08-04_SUPERSEDED.docx,
30_BPG/HR,30_BPG/HR/POL/Superseded_Retired/GMG-HR-POL-0007_v0.1_DRAFT_2026-08-03_SUPERSEDED.docx,6d642b8f0d361778d0d1a59c1ac8079216effe3d58d034bfe63e0bbc8fe7b9a7,PROMOTED,POL/Superseded/GMG-HR-POL-0007_v0.1_DRAFT_2026-08-03_SUPERSEDED.docx,
30_BPG/HR,30_BPG/HR/POL/Superseded_Retired/GMG-HR-POL-0001_v0.1_DRAFT_2026-08-03_SUPERSEDED.docx,69ffc791824d3945738f49e92c694676f3668f5c1a27e3216fca3bfc77e80efe,PROMOTED,POL/Superseded/GMG-HR-POL-0001_v0.1_DRAFT_2026-08-03_SUPERSEDED.docx,
30_BPG/HR,30_BPG/HR/POL/Superseded_Retired/GMG-HR-POL-0027_v0.1_DRAFT_2026-08-03_SUPERSEDED_renumbered.docx,ca030f31c391406c9dce2da396c5cfa35cc5330658ba982ef251caeca467b9c6,PROMOTED,POL/Superseded/GMG-HR-POL-0027_v0.1_DRAFT_2026-08-03_SUPERSEDED_renumbered.docx,
30_BPG/HR,30_BPG/HR/POL/Superseded_Retired/GMG-HR-POL-0003_v0.1_DRAFT_2026-08-03_SUPERSEDED.docx,69d2ec0b90e0ab00d868a175809692ce983a96b68d41f9167b18604d2c973752,PROMOTED,POL/Superseded/GMG-HR-POL-0003_v0.1_DRAFT_2026-08-03_SUPERSEDED.docx,
30_BPG/HR,30_BPG/HR/POL/Superseded_Retired/GMG-HR-POL-0008_v0.4_DRAFT_2026-08-04_SUPERSEDED.docx,705c26479e5f01c174609035f5ae483f5e17c652901acc8e2c637b67f8a843d7,PROMOTED,POL/Superseded/GMG-HR-POL-0008_v0.4_DRAFT_2026-08-04_SUPERSEDED.docx,
30_BPG/HR,30_BPG/HR/POL/Superseded_Retired/GMG-HR-POL-0002_v0.1_DRAFT_2026-08-03_SUPERSEDED.docx,42dec61090b74a293b1b875873a50ffd181ada3cf1295cf70718f02b32199641,PROMOTED,POL/Superseded/GMG-HR-POL-0002_v0.1_DRAFT_2026-08-03_SUPERSEDED.docx,
30_BPG/HR,30_BPG/HR/POL/Superseded_Retired/GMG-HR-POL-0004_v0.5_DRAFT_2026-08-03_SUPERSEDED.docx,529b79039a00df275f25236038e36727a73d29540f68b44bb752a33c855f57cb,PROMOTED,POL/Superseded/GMG-HR-POL-0004_v0.5_DRAFT_2026-08-03_SUPERSEDED.docx,
30_BPG/HR,30_BPG/HR/POL/Superseded_Retired/GMG-HR-POL-0009_v0.4_DRAFT_2026-08-04_SUPERSEDED.docx,3ced94a6ca761da6ba5036b622d0b31579b44838972a51b58c7f5d8b6bc94cec,PROMOTED,POL/Superseded/GMG-HR-POL-0009_v0.4_DRAFT_2026-08-04_SUPERSEDED.docx,
30_BPG/HR,30_BPG/HR/POL/Superseded_Retired/GMG-HR-POL-0021_v0.1_DRAFT_2026-08-03_SUPERSEDED_renumbered.docx,26d7b1568917df550f8e6f27f1bab7fc4e721ca729f27def2f5a6cecf7ffe30f,PROMOTED,POL/Superseded/GMG-HR-POL-0021_v0.1_DRAFT_2026-08-03_SUPERSEDED_renumbered.docx,
30_BPG/HR,30_BPG/HR/POL/Superseded_Retired/GMG-HR-POL-0004-TR_v0.1_VOID_2026-08-03.docx,4ee4af398a4bcf60b1404d382f15c934064d92eaca96a84b3fc75bca4c30c331,HELD,,see HR held exceptions
30_BPG/HR,30_BPG/HR/POL/Superseded_Retired/GMG-HR-POL-0031_v0.1_DRAFT_2026-08-03_SUPERSEDED_renumbered.docx,fc6c70d8b122ecf11b94712020e9740c3c91e43a8affd5de8b6b1185a488883b,PROMOTED,POL/Superseded/GMG-HR-POL-0031_v0.1_DRAFT_2026-08-03_SUPERSEDED_renumbered.docx,
30_BPG/HR,30_BPG/HR/POL/Superseded_Retired/GMG-HR-POL-0023_v0.1_DRAFT_2026-08-03_SUPERSEDED_renumbered.docx,c0e0c260369a2eb85866f3daf03f6b6e364b0e186edd8c3b67990657bf994c4c,PROMOTED,POL/Superseded/GMG-HR-POL-0023_v0.1_DRAFT_2026-08-03_SUPERSEDED_renumbered.docx,
30_BPG/HR,30_BPG/HR/POL/Superseded_Retired/GMG-HR-POL-0003_v0.2_DRAFT_2026-08-04_SUPERSEDED.docx,da5baa50878b8384db52dd8131c9226c89fba52207793be76a820755b5ee69d0,PROMOTED,POL/Superseded/GMG-HR-POL-0003_v0.2_DRAFT_2026-08-04_SUPERSEDED.docx,
30_BPG/HR,30_BPG/HR/POL/Superseded_Retired/GMG-HR-POL-0002_v0.2_DRAFT_2026-08-04_SUPERSEDED.docx,c5da17112355c9c60cadfc360dcf0d564536a39b87df1cb579ecad40893e6743,PROMOTED,POL/Superseded/GMG-HR-POL-0002_v0.2_DRAFT_2026-08-04_SUPERSEDED.docx,
30_BPG/HR,30_BPG/HR/POL/Superseded_Retired/GMG-HR-POL-0004_v0.6_DRAFT_2026-08-04_SUPERSEDED.docx,9735ac54d65284a52b14c319389f4f020aee4612f72ff99b23e3a13caf008c1c,PROMOTED,POL/Superseded/GMG-HR-POL-0004_v0.6_DRAFT_2026-08-04_SUPERSEDED.docx,
30_BPG/HR,30_BPG/HR/POL/Superseded_Retired/GMG-HR-POL-0001_v0.2_DRAFT_2026-08-04_SUPERSEDED.docx,382007b3df0bdffda56feff4a157bdac88632b51a994d8fe66942e07ba6423ee,PROMOTED,POL/Superseded/GMG-HR-POL-0001_v0.2_DRAFT_2026-08-04_SUPERSEDED.docx,
30_BPG/HR,30_BPG/HR/POL/Superseded_Retired/GMG-HR-POL-0028_v0.1_DRAFT_2026-08-03_SUPERSEDED_renumbered.docx,0253f09316f15e333791de4f387498450ef269cffc455c98e0af6fdd793d3781,PROMOTED,POL/Superseded/GMG-HR-POL-0028_v0.1_DRAFT_2026-08-03_SUPERSEDED_renumbered.docx,
30_BPG/HR,30_BPG/HR/POL/Superseded_Retired/GMG-HR-POL-0006_v0.2_DRAFT_2026-08-04_SUPERSEDED.docx,8c748163bd13a5a224944ae31d1c4135f4d0d6b6629c4c9aec4e05c967bd29d6,PROMOTED,POL/Superseded/GMG-HR-POL-0006_v0.2_DRAFT_2026-08-04_SUPERSEDED.docx,
30_BPG/HR,30_BPG/HR/POL/Superseded_Retired/GMG-HR-POL-0007_v0.2_DRAFT_2026-08-04_SUPERSEDED.docx,42acaf48d4ac54743617bc7b15368eb63bf1229ce9a3e60730b7fcd4ec75b4fb,PROMOTED,POL/Superseded/GMG-HR-POL-0007_v0.2_DRAFT_2026-08-04_SUPERSEDED.docx,
30_BPG/HR,30_BPG/HR/POL/Superseded_Retired/GMG-HR-POL-0005_v0.2_DRAFT_2026-08-04_SUPERSEDED.docx,ba0c4e6df74722b1e74e0aeb0cc090c4d433c1320f33d7a889c04a3ec6e98bb4,PROMOTED,POL/Superseded/GMG-HR-POL-0005_v0.2_DRAFT_2026-08-04_SUPERSEDED.docx,
30_BPG/HR,30_BPG/HR/POL/Superseded_Retired/GMG-HR-POL-0008_v0.3_DRAFT_2026-08-04_SUPERSEDED.docx,b60d1014121d86bd2c361d4d867bd9cd5a2337e385871d869d8326c690d869f4,PROMOTED,POL/Superseded/GMG-HR-POL-0008_v0.3_DRAFT_2026-08-04_SUPERSEDED.docx,
30_BPG/HR,30_BPG/HR/POL/Superseded_Retired/GMG-HR-POL-0004_v0.2_DRAFT_2026-08-03_SUPERSEDED.docx,d6c62353eecb9ef87b8337bceb3ddf165478b0babd250191637e7eb8327f0b04,PROMOTED,POL/Superseded/GMG-HR-POL-0004_v0.2_DRAFT_2026-08-03_SUPERSEDED.docx,
30_BPG/HR,30_BPG/HR/POL/Superseded_Retired/GMG-HR-POL-0009_v0.3_DRAFT_2026-08-04_SUPERSEDED.docx,437e0b85065977815737f0458305d123a5331696cfd27754dba651832b02641a,PROMOTED,POL/Superseded/GMG-HR-POL-0009_v0.3_DRAFT_2026-08-04_SUPERSEDED.docx,
30_BPG/HR,30_BPG/HR/POL/Superseded_Retired/GMG-HR-POL-0010_v0.4_DRAFT_2026-08-04_SUPERSEDED.docx,acd32068f19cfd37ac2dc962789d5159d2b53a4c9300bf92b8ed4ee4588dddf9,PROMOTED,POL/Superseded/GMG-HR-POL-0010_v0.4_DRAFT_2026-08-04_SUPERSEDED.docx,
30_BPG/HR,30_BPG/HR/POL/Superseded_Retired/GMG-HR-POL-0011_v0.4_DRAFT_2026-08-04_SUPERSEDED.docx,aa6b0b5037ed3e0021687cf29528205e283a25f51ba3af82234ac556785248e6,PROMOTED,POL/Superseded/GMG-HR-POL-0011_v0.4_DRAFT_2026-08-04_SUPERSEDED.docx,
30_BPG/HR,30_BPG/HR/POL/Superseded_Retired/GMG-HR-POL-0004_v0.11_DRAFT_2026-08-04_SUPERSEDED.docx,8a985fed413e32b40b5301308cbdc587eb8c2083c2784532d3b376f8a7d4c001,PROMOTED,POL/Superseded/GMG-HR-POL-0004_v0.11_DRAFT_2026-08-04_SUPERSEDED.docx,
30_BPG/HR,30_BPG/HR/POL/Superseded_Retired/GMG-HR-POL-0012_v0.4_DRAFT_2026-08-04_SUPERSEDED.docx,6dafa25f17b1c4064fc3bdfda27a6e3b675c313e0f2e4706796487b4f52a0f5c,PROMOTED,POL/Superseded/GMG-HR-POL-0012_v0.4_DRAFT_2026-08-04_SUPERSEDED.docx,
30_BPG/HR,30_BPG/HR/WIN/Draft/GMG-HR-WIN-0006_v0.1_DRAFT_2026-08-04.docx,4bbd0eb42780f441329a17ec10ae49ee563ece6845d6be2a30df4372494b8415,PROMOTED,WIN/Draft/GMG-HR-WIN-0006_v0.1_DRAFT_2026-08-04.docx,
30_BPG/HR,30_BPG/HR/WIN/Draft/GMG-HR-WIN-0001_v0.1_DRAFT_2026-08-04.docx,357a42175d193ef062501dad022c5a95097073ebdb839881e74667878e086c11,PROMOTED,WIN/Draft/GMG-HR-WIN-0001_v0.1_DRAFT_2026-08-04.docx,
30_BPG/HR,30_BPG/HR/WIN/Draft/GMG-HR-WIN-0002_v0.1_DRAFT_2026-08-04.docx,e8e66769d2a6cbf315b8b04eaffd24dcec44d7e0962c7c042b06ac209610d07b,PROMOTED,WIN/Draft/GMG-HR-WIN-0002_v0.1_DRAFT_2026-08-04.docx,
30_BPG/HR,30_BPG/HR/WIN/Draft/GMG-HR-WIN-0005_v0.1_DRAFT_2026-08-04.docx,e163eb073902db546016651bea1822e83ea6e9b6ed1d1bc8f293eddab310af1d,PROMOTED,WIN/Draft/GMG-HR-WIN-0005_v0.1_DRAFT_2026-08-04.docx,
30_BPG/HR,30_BPG/HR/WIN/Draft/GMG-HR-WIN-0004_v0.1_DRAFT_2026-08-04.docx,347cb9f0988ab2962b9eca92553c699c2a38d1747607ad62094cd3ff003a3333,PROMOTED,WIN/Draft/GMG-HR-WIN-0004_v0.1_DRAFT_2026-08-04.docx,
30_BPG/HR,30_BPG/HR/WIN/Draft/GMG-HR-WIN-0003_v0.1_DRAFT_2026-08-04.docx,95b520aa1b2fa4fa94dd42839c6d8264c2de472461e7ff72095166e606447a59,PROMOTED,WIN/Draft/GMG-HR-WIN-0003_v0.1_DRAFT_2026-08-04.docx,
30_BPG/HR,30_BPG/HR/RPT/Draft/GMG-HR-RPT-0005_v0.1_DRAFT_2026-08-04.docx,c8db8356e0098ea285860d5d33d063cf5cd7eb720d16c717311af16a53e79e02,HELD,,see HR held exceptions
30_BPG/HR,30_BPG/HR/RPT/Draft/GMG-HR-RPT-0001_v0.1_DRAFT_2026-08-04.xlsx,1b58f98dd8379644232f4e8ae28bfe49b1671779a474cc8aa6ce51b42cffa31c,HELD,,see HR held exceptions
30_BPG/HR,30_BPG/HR/RPT/Draft/GMG-HR-RPT-0002_v0.1_DRAFT_2026-08-04.docx,09485857c7f9630720b5d9978bbb685db184ae9ba01b58e4b0854d64fc33e404,HELD,,see HR held exceptions
30_BPG/HR,30_BPG/HR/RPT/Draft/GMG-HR-RPT-0003_v0.1_DRAFT_2026-08-04.docx,1d11e134fe263a44e8bedaa1cb7bfea9838423b6ab70c376ad7df4d83af3c2db,HELD,,see HR held exceptions
30_BPG/HR,30_BPG/HR/RPT/Draft/GMG-HR-RPT-0004_v0.1_DRAFT_2026-08-04.docx,ec2851c7c2e3087f115d2c1fa40b6ae09af873543e11e5d1522c6a1c176cc184,HELD,,see HR held exceptions
30_BPG/HR,30_BPG/HR/SOP/Draft/GMG-HR-SOP-0010_v0.1_DRAFT_2026-08-04.docx,6168ec56fccafb827e0a9c0c8426595dc2a6ae948b323b03e729244d8756d93e,PROMOTED,SOP/Draft/GMG-HR-SOP-0010_v0.1_DRAFT_2026-08-04.docx,
30_BPG/HR,30_BPG/HR/SOP/Draft/GMG-HR-SOP-0001_v0.1_DRAFT_2026-08-04.docx,6b942c5b8f4f6b101a90f10d06bc3cde5d0b835d09c6871305a22a5a2aae71da,PROMOTED,SOP/Draft/GMG-HR-SOP-0001_v0.1_DRAFT_2026-08-04.docx,
30_BPG/HR,30_BPG/HR/SOP/Draft/GMG-HR-SOP-0021_v0.9_DRAFT_2026-08-06.docx,9dad1104d0165df106d5fdef17a6e3e7377df5e82377181793628a6b6a5d9d6c,PROMOTED,SOP/Draft/GMG-HR-SOP-0021_v0.9_DRAFT_2026-08-06.docx,
30_BPG/HR,30_BPG/HR/SOP/Draft/GMG-HR-SOP-0007_v0.1_DRAFT_2026-08-04.docx,ef3696f48f46f2a766a5f0dd9c833475c5e45fdea721f8467e7ee17524389faa,PROMOTED,SOP/Draft/GMG-HR-SOP-0007_v0.1_DRAFT_2026-08-04.docx,
30_BPG/HR,30_BPG/HR/SOP/Draft/GMG-HR-SOP-0011_v0.1_DRAFT_2026-08-04.docx,a93559f34e6a03c24e9e40ab03640a465d880e06bcd14a417c44dca7950f27dc,PROMOTED,SOP/Draft/GMG-HR-SOP-0011_v0.1_DRAFT_2026-08-04.docx,
30_BPG/HR,30_BPG/HR/SOP/Draft/GMG-HR-SOP-0002_v0.1_DRAFT_2026-08-04.docx,35ae3c0d2dbf196cbf90d63c46474ff2add82e33721a5ab2346d209656cf5cf9,PROMOTED,SOP/Draft/GMG-HR-SOP-0002_v0.1_DRAFT_2026-08-04.docx,
30_BPG/HR,30_BPG/HR/SOP/Draft/GMG-HR-SOP-0014_v0.1_DRAFT_2026-08-04.docx,28226d43a90d670e4760ee36b158ff9fa77002d2f882f75d576d0dbd3a9be03f,PROMOTED,SOP/Draft/GMG-HR-SOP-0014_v0.1_DRAFT_2026-08-04.docx,
30_BPG/HR,30_BPG/HR/SOP/Draft/GMG-HR-SOP-0005_v0.1_DRAFT_2026-08-04.docx,48fd7cc6c59e7a44a213ef2bbc03bab8cdbc8ab01778d4a5ce523abf6fb27cf9,PROMOTED,SOP/Draft/GMG-HR-SOP-0005_v0.1_DRAFT_2026-08-04.docx,
30_BPG/HR,30_BPG/HR/SOP/Draft/GMG-HR-SOP-0009_v0.1_DRAFT_2026-08-04.docx,f504406eec7754d69ce15c61d30dd7bfdee039ab354f9c1e2ca02d9b41cee82c,PROMOTED,SOP/Draft/GMG-HR-SOP-0009_v0.1_DRAFT_2026-08-04.docx,
30_BPG/HR,30_BPG/HR/SOP/Draft/GMG-HR-SOP-0012_v0.1_DRAFT_2026-08-04.docx,4af3d8234aa58fefe25a6bb0be2008202df522c6f9cfb5fc541b7c4d59aa6ec7,PROMOTED,SOP/Draft/GMG-HR-SOP-0012_v0.1_DRAFT_2026-08-04.docx,
30_BPG/HR,30_BPG/HR/SOP/Draft/GMG-HR-SOP-0004_v0.1_DRAFT_2026-08-04.docx,a126ca4cec30c2d8294c6de0cc07e21648c51423f859f127c89c0066f19fa317,PROMOTED,SOP/Draft/GMG-HR-SOP-0004_v0.1_DRAFT_2026-08-04.docx,
30_BPG/HR,30_BPG/HR/SOP/Draft/GMG-HR-SOP-0008_v0.1_DRAFT_2026-08-04.docx,b138d994c391b0a6a04ea15110c7f45f3ef57fd8fe5961911bc6fea99455cf32,PROMOTED,SOP/Draft/GMG-HR-SOP-0008_v0.1_DRAFT_2026-08-04.docx,
30_BPG/HR,30_BPG/HR/SOP/Draft/GMG-HR-SOP-0003_v0.1_DRAFT_2026-08-04.docx,92bbe57622fb3904ae8df867ef69e08960247e0b683079ebb2ffd25962c0bd5a,PROMOTED,SOP/Draft/GMG-HR-SOP-0003_v0.1_DRAFT_2026-08-04.docx,
30_BPG/HR,30_BPG/HR/SOP/Superseded_Retired/GMG-HR-SOP-0021_v0.4_DRAFT_2026-08-03_SUPERSEDED.docx,3a7a45acd81d086621c4ae10c282a1434bfbbcb83002a33b681fd829aede152c,PROMOTED,SOP/Superseded/GMG-HR-SOP-0021_v0.4_DRAFT_2026-08-03_SUPERSEDED.docx,
30_BPG/HR,30_BPG/HR/SOP/Superseded_Retired/GMG-HR-SOP-0021_v0.8_DRAFT_2026-08-05_SUPERSEDED.docx,759d858d5d8236a01acfd463f6f81f509460e7c5ac74b26414da6c4263e2e12a,PROMOTED,SOP/Superseded/GMG-HR-SOP-0021_v0.8_DRAFT_2026-08-05_SUPERSEDED.docx,
30_BPG/HR,30_BPG/HR/SOP/Superseded_Retired/GMG-HR-SOP-0021_v0.3_DRAFT_2026-08-03_SUPERSEDED.docx,1e997feb682ec3451f3dacd42b781f3499e6f916d3e078ec115ad4fdf01af51b,PROMOTED,SOP/Superseded/GMG-HR-SOP-0021_v0.3_DRAFT_2026-08-03_SUPERSEDED.docx,
30_BPG/HR,30_BPG/HR/SOP/Superseded_Retired/GMG-HR-SOP-0013_v0.2_DRAFT_2026-08-03_SUPERSEDED_renumbered.docx,c387d15ad2e9734b250a483a2a7ff84e2b7313b523a338f06661b2d49b8af06a,PROMOTED,SOP/Superseded/GMG-HR-SOP-0013_v0.2_DRAFT_2026-08-03_SUPERSEDED_renumbered.docx,
30_BPG/HR,30_BPG/HR/SOP/Superseded_Retired/GMG-HR-SOP-0021_v0.7_DRAFT_2026-08-04_SUPERSEDED.docx,982bea6712e3cd265bee7b87783a52988290e0585660822fed29a8d617e0ad33,PROMOTED,SOP/Superseded/GMG-HR-SOP-0021_v0.7_DRAFT_2026-08-04_SUPERSEDED.docx,
30_BPG/HR,30_BPG/HR/SOP/Superseded_Retired/GMG-HR-SOP-0006_v0.1_DRAFT_2026-08-03_SUPERSEDED.docx,1d89b55d9a8fefe96096aa8578a28fd3cbd98a53fc68087f0723e5e1d28a5009,PROMOTED,SOP/Superseded/GMG-HR-SOP-0006_v0.1_DRAFT_2026-08-03_SUPERSEDED.docx,
30_BPG/HR,30_BPG/HR/SOP/Superseded_Retired/GMG-HR-SOP-0021_v0.5_DRAFT_2026-08-04_SUPERSEDED.docx,e57c9bef16f93e4c8d10c4457256020ddcc29aa58ec6e9c3d5d70f9fdb6e1a96,PROMOTED,SOP/Superseded/GMG-HR-SOP-0021_v0.5_DRAFT_2026-08-04_SUPERSEDED.docx,
30_BPG/HR,30_BPG/HR/SOP/Superseded_Retired/GMG-HR-SOP-0021_v0.6_DRAFT_2026-08-04_SUPERSEDED.docx,0a53dac588af5dde1887161a5d2a64c05e6e3bd051c8ad517a5d1b6ab0833ed7,PROMOTED,SOP/Superseded/GMG-HR-SOP-0021_v0.6_DRAFT_2026-08-04_SUPERSEDED.docx,
30_BPG/HR,30_BPG/HR/TPL/Draft/GMG-HR-TPL-0001_v0.1_DRAFT_2026-08-04.docx,0ea1326ca8966cca6f5fdfc21a1eaf3aa27cbad25c5002f6e44aa6838e393d0c,PROMOTED,TPL/Draft/GMG-HR-TPL-0001_v0.1_DRAFT_2026-08-04.docx,
30_BPG/HR,30_BPG/HR/TPL/Draft/GMG-HR-TPL-0021_v0.9_DRAFT_2026-08-06.docx,11cd98edad633e503795d31575eeec467029174ab7598c7f42b167d95bfef83a,PROMOTED,TPL/Draft/GMG-HR-TPL-0021_v0.9_DRAFT_2026-08-06.docx,
30_BPG/HR,30_BPG/HR/TPL/Draft/GMG-HR-TPL-0002_v0.1_DRAFT_2026-08-04.docx,0c745830e4d16f46281a841fe03527fd271cf9725aad5542dd9200b25c0f46f9,PROMOTED,TPL/Draft/GMG-HR-TPL-0002_v0.1_DRAFT_2026-08-04.docx,
30_BPG/HR,30_BPG/HR/TPL/Draft/GMG-HR-TPL-0022_v0.1_DRAFT_2026-08-06.docx,14f577dc0699995b5f165f4060717e882c6859b5cc08b6c47845deb353f20bde,PROMOTED,TPL/Draft/GMG-HR-TPL-0022_v0.1_DRAFT_2026-08-06.docx,
30_BPG/HR,30_BPG/HR/TPL/Superseded_Retired/GMG-HR-TPL-0021_v0.6_DRAFT_2026-08-04_SUPERSEDED.docx,f25007e6172769f4ada8c1964370fc238a30db5b71939dc6b797a790ed7ea8d0,PROMOTED,TPL/Superseded/GMG-HR-TPL-0021_v0.6_DRAFT_2026-08-04_SUPERSEDED.docx,
30_BPG/HR,30_BPG/HR/TPL/Superseded_Retired/GMG-HR-TPL-0014_v0.1_DRAFT_2026-08-03_SUPERSEDED.docx,cdbc430724b661bf18b5091610f362d312a33745b6d8431d5e0ebf7c720ae295,PROMOTED,TPL/Superseded/GMG-HR-TPL-0014_v0.1_DRAFT_2026-08-03_SUPERSEDED.docx,
30_BPG/HR,30_BPG/HR/TPL/Superseded_Retired/GMG-HR-TPL-0021_v0.5_DRAFT_2026-08-04_SUPERSEDED.docx,80d910db1f9cfbf5f4579de4fb0daa2bb26d7acb1aa8585e5c6aaf779c0b2384,PROMOTED,TPL/Superseded/GMG-HR-TPL-0021_v0.5_DRAFT_2026-08-04_SUPERSEDED.docx,
30_BPG/HR,30_BPG/HR/TPL/Superseded_Retired/GMG-HR-TPL-0021_v0.8_DRAFT_2026-08-05_SUPERSEDED.docx,c7d9bac0ae5975ae3a3e97c7bb339ad8b9ebe1b041c0f9f63ef769603d35fd5a,PROMOTED,TPL/Superseded/GMG-HR-TPL-0021_v0.8_DRAFT_2026-08-05_SUPERSEDED.docx,
30_BPG/HR,30_BPG/HR/TPL/Superseded_Retired/GMG-HR-TPL-0021_v0.3_DRAFT_2026-08-03_SUPERSEDED.docx,ed85e8c95339e0db7ce10b7f6cb7e2fca15ab4e94f0033e8a2a04c8495273d67,PROMOTED,TPL/Superseded/GMG-HR-TPL-0021_v0.3_DRAFT_2026-08-03_SUPERSEDED.docx,
30_BPG/HR,30_BPG/HR/TPL/Superseded_Retired/GMG-HR-TPL-0014_v0.2_DRAFT_2026-08-03_SUPERSEDED_renumbered.docx,29d217bc53ae619797616639698d170fca0f05ea00f4b536aa89e51b3c2512cf,PROMOTED,TPL/Superseded/GMG-HR-TPL-0014_v0.2_DRAFT_2026-08-03_SUPERSEDED_renumbered.docx,
30_BPG/HR,30_BPG/HR/TPL/Superseded_Retired/GMG-HR-TPL-0021_v0.7_DRAFT_2026-08-04_SUPERSEDED.docx,ce95b1b99017e964e370f1d295def77479c497d3b897252ee06c3c038d10c421,PROMOTED,TPL/Superseded/GMG-HR-TPL-0021_v0.7_DRAFT_2026-08-04_SUPERSEDED.docx,
30_BPG/HR,30_BPG/HR/TPL/Superseded_Retired/GMG-HR-TPL-0021_v0.4_DRAFT_2026-08-03_SUPERSEDED.docx,13e61cbcbf61c0b9a6b9977448740f32ac81082cb775cc7cf608e636149a391f,PROMOTED,TPL/Superseded/GMG-HR-TPL-0021_v0.4_DRAFT_2026-08-03_SUPERSEDED.docx,
30_BPG/HR,30_BPG/HR/STD/Draft/MYG-HR-STD-0001_v0.2_DRAFT_2026-08-06.docx,25ef9b66342fd225c5e6085081dfb90ce49a724c6f9686bd03f62091223f03a9,HELD,,see HR held exceptions
30_BPG/HR,30_BPG/HR/STD/Draft/GMG-HR-STD-0001_v0.1_DRAFT_2026-08-04.docx,9107e2ed94e2eaa7654c5627297d16405c36cc9e0f0e4aef545e7d58631bb76c,HELD,,see HR held exceptions
30_BPG/HR,30_BPG/HR/STD/Superseded_Retired/MYG-HR-STD-0001_v0.1_DRAFT_2026-08-06_SUPERSEDED.docx,93139fc1608f1f6ead4468a77e4dad35ec000509f17abed31e7e2c8636e3de74,HELD,,see HR held exceptions
30_BPG/HR,30_BPG/HR/FRM/Draft/GMG-HR-FRM-0001_v0.1_DRAFT_2026-08-04.docx,63bbaecf09535bef1e22701454641e27675df6601231c19c4dd414d53afb7c06,PROMOTED,FRM/Draft/GMG-HR-FRM-0001_v0.1_DRAFT_2026-08-04.docx,
30_BPG/HR,30_BPG/HR/FRM/Draft/GMG-HR-FRM-0010_v0.1_DRAFT_2026-08-04.docx,cbad659c60ad3b0989fe8c89883f3074a8be261e269d38822a31cef880c73d84,PROMOTED,FRM/Draft/GMG-HR-FRM-0010_v0.1_DRAFT_2026-08-04.docx,
30_BPG/HR,30_BPG/HR/FRM/Draft/GMG-HR-FRM-0006_v0.1_DRAFT_2026-08-04.docx,76e31ee1a119b4401c411cd61abc39c741db6de9116e9fe81658fbbb5ffb0044,PROMOTED,FRM/Draft/GMG-HR-FRM-0006_v0.1_DRAFT_2026-08-04.docx,
30_BPG/HR,30_BPG/HR/FRM/Draft/GMG-HR-FRM-0011_v0.1_DRAFT_2026-08-04.docx,9f4a5efbfa728bc1687ed551750e7a1137b20b29394138f73401dfdfbeb58310,PROMOTED,FRM/Draft/GMG-HR-FRM-0011_v0.1_DRAFT_2026-08-04.docx,
30_BPG/HR,30_BPG/HR/FRM/Draft/GMG-HR-FRM-0007_v0.1_DRAFT_2026-08-04.docx,9bccd4baf4b07856741687e308f919424b768705165dfde74de0b322ff526fe5,PROMOTED,FRM/Draft/GMG-HR-FRM-0007_v0.1_DRAFT_2026-08-04.docx,
30_BPG/HR,30_BPG/HR/FRM/Draft/GMG-HR-FRM-0009_v0.1_DRAFT_2026-08-04.docx,a5e1079a0cef95e87a490cfb85730e9762c8b1b9d7bb1b27e5f2756ce9b7f662,PROMOTED,FRM/Draft/GMG-HR-FRM-0009_v0.1_DRAFT_2026-08-04.docx,
30_BPG/HR,30_BPG/HR/FRM/Draft/GMG-HR-FRM-0005_v0.1_DRAFT_2026-08-04.docx,9c8dda2aaa05db50eceb6eb8bbb7d3eca2a69e2a92bfe2f3f46f663cc044f532,PROMOTED,FRM/Draft/GMG-HR-FRM-0005_v0.1_DRAFT_2026-08-04.docx,
30_BPG/HR,30_BPG/HR/FRM/Draft/GMG-HR-FRM-0013_v0.1_DRAFT_2026-08-04.docx,3deb7dcdcb58714c284e4f263508d5e5b185977cc28ffef2b5ac179db55bd234,PROMOTED,FRM/Draft/GMG-HR-FRM-0013_v0.1_DRAFT_2026-08-04.docx,
30_BPG/HR,30_BPG/HR/FRM/Draft/GMG-HR-FRM-0002_v0.1_DRAFT_2026-08-04.docx,969cd8385034a0d3c5fdb1bf2327e4d5c29974e8331cdbc418be53590ece65a3,PROMOTED,FRM/Draft/GMG-HR-FRM-0002_v0.1_DRAFT_2026-08-04.docx,
30_BPG/HR,30_BPG/HR/FRM/Draft/GMG-HR-FRM-0003_v0.1_DRAFT_2026-08-04.docx,6d10e608fd3d4f8d1d74cddde3eb112f3d99b2000c520381f4caa785fb50ebce,PROMOTED,FRM/Draft/GMG-HR-FRM-0003_v0.1_DRAFT_2026-08-04.docx,
30_BPG/HR,30_BPG/HR/FRM/Draft/GMG-HR-FRM-0008_v0.1_DRAFT_2026-08-04.docx,488ad40b43d53514c5c61e334e0b712cd4961b1bce1608b21a5cdde89918a8d9,PROMOTED,FRM/Draft/GMG-HR-FRM-0008_v0.1_DRAFT_2026-08-04.docx,
30_BPG/HR,30_BPG/HR/FRM/Draft/GMG-HR-FRM-0004_v0.1_DRAFT_2026-08-04.docx,00bbe0cd00f84832714b8239e9ff76e02ce8050f5999a74482327fe1e80a74ce,PROMOTED,FRM/Draft/GMG-HR-FRM-0004_v0.1_DRAFT_2026-08-04.docx,
30_BPG/HR,30_BPG/HR/FRM/Draft/GMG-HR-FRM-0012_v0.1_DRAFT_2026-08-04.docx,d1b754bebae73f2dcd5d42563926f6cf0c0e372b3d6fd483a811924737401eb8,PROMOTED,FRM/Draft/GMG-HR-FRM-0012_v0.1_DRAFT_2026-08-04.docx,
30_BPG/HR,30_BPG/HR/FRM/Draft/GMG-HR-FRM-0021_v0.8_DRAFT_2026-08-06.docx,a05cc19012cff60d8f18fabb52ddf08710f61d938d98a3dbf441fe855ae31a7a,PROMOTED,FRM/Draft/GMG-HR-FRM-0021_v0.8_DRAFT_2026-08-06.docx,
30_BPG/HR,30_BPG/HR/FRM/Superseded_Retired/GMG-HR-FRM-0021_v0.7_DRAFT_2026-08-04_SUPERSEDED.docx,45f7bab327f714270bc9717aa3665f049e5e613943981e2a41873caca8740397,PROMOTED,FRM/Superseded/GMG-HR-FRM-0021_v0.7_DRAFT_2026-08-04_SUPERSEDED.docx,
30_BPG/HR,30_BPG/HR/FRM/Superseded_Retired/GMG-HR-FRM-0021_v0.3_DRAFT_2026-08-03_SUPERSEDED.docx,173833120fd6ff534e53945e77aacfa00635b5aaca1937c14d4a185b61742802,PROMOTED,FRM/Superseded/GMG-HR-FRM-0021_v0.3_DRAFT_2026-08-03_SUPERSEDED.docx,
30_BPG/HR,30_BPG/HR/FRM/Superseded_Retired/GMG-HR-FRM-0020_v0.2_DRAFT_2026-08-03_SUPERSEDED_renumbered.docx,b60f91bb42df0c29520cd3cb2f59054ed585596a933c7b4ce7f90f375940b3e8,PROMOTED,FRM/Superseded/GMG-HR-FRM-0020_v0.2_DRAFT_2026-08-03_SUPERSEDED_renumbered.docx,
30_BPG/HR,30_BPG/HR/FRM/Superseded_Retired/GMG-HR-FRM-0021_v0.4_DRAFT_2026-08-03_SUPERSEDED.docx,5edcf12a40c86686e1c49dd5cd580e5f2a0e3d78152797a16105528d2d504d64,PROMOTED,FRM/Superseded/GMG-HR-FRM-0021_v0.4_DRAFT_2026-08-03_SUPERSEDED.docx,
30_BPG/HR,30_BPG/HR/FRM/Superseded_Retired/GMG-HR-FRM-0021_v0.6_DRAFT_2026-08-04_SUPERSEDED.docx,3ec2405b4846256352bbfd8008cb3467346eb0b2014a7b928ae33a6bdf30e3e5,PROMOTED,FRM/Superseded/GMG-HR-FRM-0021_v0.6_DRAFT_2026-08-04_SUPERSEDED.docx,
30_BPG/HR,30_BPG/HR/FRM/Superseded_Retired/GMG-HR-FRM-0021_v0.5_DRAFT_2026-08-04_SUPERSEDED.docx,87cf272fdb07f1317b4e695e826ae3b8a775a9417531234a57943ea5d4c9dada,PROMOTED,FRM/Superseded/GMG-HR-FRM-0021_v0.5_DRAFT_2026-08-04_SUPERSEDED.docx,
30_BPG/HR,30_BPG/HR/FRM/Superseded_Retired/GMG-HR-FRM-0020_v0.1_DRAFT_2026-08-03_SUPERSEDED.docx,c02bdc9d437f4e7c1014b4415bd09cb5bf98d05e5a6b51a35562e48f578a562e,PROMOTED,FRM/Superseded/GMG-HR-FRM-0020_v0.1_DRAFT_2026-08-03_SUPERSEDED.docx,
30_BPG/HR,30_BPG/HR/PLN/Draft/GMG-HR-PLN-0001_v0.1_DRAFT_2026-08-04.docx,f2a19b52dad1ebf2d654d8adf90f603f871db46f892aacf9b37749c0642dfd79,PROMOTED,PLN/Draft/GMG-HR-PLN-0001_v0.1_DRAFT_2026-08-04.docx,
30_BPG/HR,30_BPG/HR/PLN/Draft/GMG-HR-PLN-0002_v0.1_DRAFT_2026-08-04.docx,756d0058a87db9174499a2ceb71b6fb21c6cfd82bed4c5863211be4e0fb5fd44,PROMOTED,PLN/Draft/GMG-HR-PLN-0002_v0.1_DRAFT_2026-08-04.docx,
30_BPG/HR,30_BPG/HR/PLN/Draft/GMG-HR-PLN-0003_v0.1_DRAFT_2026-08-04.docx,d13ba682ae3950be0e272a1fdcb75a969e6c2610c8a700946a626fe7c539fae4,PROMOTED,PLN/Draft/GMG-HR-PLN-0003_v0.1_DRAFT_2026-08-04.docx,
30_BPG/HR,30_BPG/HR/CHK/Draft/GMG-HR-CHK-0001_v0.1_DRAFT_2026-08-04.docx,a76615df7b90708ea9ae5834a3af3324f3e8b57990d7e7603587fb2277d4802a,PROMOTED,CHK/Draft/GMG-HR-CHK-0001_v0.1_DRAFT_2026-08-04.docx,
30_BPG/HR,30_BPG/HR/CHK/Draft/GMG-HR-CHK-0003_v0.1_DRAFT_2026-08-04.docx,20cd79e8e74a9c81e5f3fdbc348897806ac1bfc8464fadf76835d96f029f4a2c,PROMOTED,CHK/Draft/GMG-HR-CHK-0003_v0.1_DRAFT_2026-08-04.docx,
30_BPG/HR,30_BPG/HR/CHK/Draft/GMG-HR-CHK-0002_v0.1_DRAFT_2026-08-04.docx,23f9a72ed4035b806fa78b785fd3b4e946dedffe34e1c8411a154bda65d341f3,PROMOTED,CHK/Draft/GMG-HR-CHK-0002_v0.1_DRAFT_2026-08-04.docx,
30_BPG/HR,30_BPG/HR/LOG/Draft/GMG-HR-LOG-0007_v0.1_DRAFT_2026-08-04.xlsx,70e40c3e4b002d46f5b37f07118f01513e6ec6de2d9f1cc713cf2603c21bafde,PROMOTED,LOG/Draft/GMG-HR-LOG-0007_v0.1_DRAFT_2026-08-04.xlsx,
30_BPG/HR,30_BPG/HR/LOG/Draft/GMG-HR-LOG-0001_v0.1_DRAFT_2026-08-04.xlsx,4d3f2eace1c5bcaa53785a7f85d08639b5d0426d926953378623f7a4ed8720c0,PROMOTED,LOG/Draft/GMG-HR-LOG-0001_v0.1_DRAFT_2026-08-04.xlsx,
30_BPG/HR,30_BPG/HR/LOG/Draft/GMG-HR-LOG-0006_v0.1_DRAFT_2026-08-04.xlsx,cd71cade3f37d408b3c3b4755faf1e8599043225327158b430db2c946e102ca0,PROMOTED,LOG/Draft/GMG-HR-LOG-0006_v0.1_DRAFT_2026-08-04.xlsx,
30_BPG/HR,30_BPG/HR/LOG/Draft/GMG-HR-LOG-0003_v0.1_DRAFT_2026-08-04.xlsx,36909dd68b362d4f6e7bbbbfe8a53cf1e245e0996143e10eed87707985175891,PROMOTED,LOG/Draft/GMG-HR-LOG-0003_v0.1_DRAFT_2026-08-04.xlsx,
30_BPG/HR,30_BPG/HR/LOG/Draft/GMG-HR-LOG-0004_v0.1_DRAFT_2026-08-04.xlsx,8fd8705ff2b9f273da94bf3defa2b08ab6196c449570b12a0f3bd4001c823029,PROMOTED,LOG/Draft/GMG-HR-LOG-0004_v0.1_DRAFT_2026-08-04.xlsx,
30_BPG/HR,30_BPG/HR/LOG/Draft/GMG-HR-LOG-0008_v0.1_DRAFT_2026-08-04.xlsx,6d6335c75cb8c5ecc5cbc2b50f61bb938eea87050d31cf5cd4bfcae76ed26285,PROMOTED,LOG/Draft/GMG-HR-LOG-0008_v0.1_DRAFT_2026-08-04.xlsx,
30_BPG/HR,30_BPG/HR/LOG/Draft/GMG-HR-LOG-0005_v0.1_DRAFT_2026-08-04.xlsx,5145ffbfe84fd58d55d6930a0256582a3371963c6d5c12e02da8b067c4772a25,PROMOTED,LOG/Draft/GMG-HR-LOG-0005_v0.1_DRAFT_2026-08-04.xlsx,
30_BPG/HR,30_BPG/HR/LOG/Draft/GMG-HR-LOG-0009_v0.1_DRAFT_2026-08-04.xlsx,d2959b2c119571efc0f8f1a4a4fbcaec713e37f9af8410f2fd172f24166eb3f6,PROMOTED,LOG/Draft/GMG-HR-LOG-0009_v0.1_DRAFT_2026-08-04.xlsx,
30_BPG/HR,30_BPG/HR/LOG/Draft/GMG-HR-LOG-0002_v0.1_DRAFT_2026-08-04.xlsx,43e171b590b2f580543975dc36fad85fbd98d159653cbc035627393e7d1c2cd6,PROMOTED,LOG/Draft/GMG-HR-LOG-0002_v0.1_DRAFT_2026-08-04.xlsx,
30_BPG/HR,30_BPG/HR/RSK/Draft/GMG-HR-RSK-0021_v0.6_DRAFT_2026-08-05.docx,2052a6665d1b30b5fe771e0f5e76de33b3651cef5510276ef4d7e6ddb4c84901,PROMOTED,RSK/Draft/GMG-HR-RSK-0021_v0.6_DRAFT_2026-08-05.docx,
30_BPG/HR,30_BPG/HR/RSK/Superseded_Retired/GMG-HR-RSK-0021_v0.5_DRAFT_2026-08-04_SUPERSEDED.docx,f473c8f69422fdd3051e2a3306f697ec8235fa696145f09802ec641968fb489f,PROMOTED,RSK/Superseded/GMG-HR-RSK-0021_v0.5_DRAFT_2026-08-04_SUPERSEDED.docx,
30_BPG/HR,30_BPG/HR/RSK/Superseded_Retired/GMG-HR-RSK-0001_v0.1_DRAFT_2026-08-03_SUPERSEDED_renumbered.docx,4d09df631f581fa2398d0eb9fdff6568fd154ba95a72fd498768f8cbed9ec9e9,PROMOTED,RSK/Superseded/GMG-HR-RSK-0001_v0.1_DRAFT_2026-08-03_SUPERSEDED_renumbered.docx,
30_BPG/HR,30_BPG/HR/RSK/Superseded_Retired/GMG-HR-RSK-0021_v0.2_DRAFT_2026-08-03_SUPERSEDED.docx,47e24b3d00228ecb7fde427e63d87d97728301a0da006983b89136571768df80,PROMOTED,RSK/Superseded/GMG-HR-RSK-0021_v0.2_DRAFT_2026-08-03_SUPERSEDED.docx,
30_BPG/HR,30_BPG/HR/RSK/Superseded_Retired/GMG-HR-RSK-0021_v0.4_DRAFT_2026-08-04_SUPERSEDED.docx,8484e6c8bb6dc6e4f9a5449cbdfd27ade9197a43ef8f677fc815a1d3af244feb,PROMOTED,RSK/Superseded/GMG-HR-RSK-0021_v0.4_DRAFT_2026-08-04_SUPERSEDED.docx,
30_BPG/HR,30_BPG/HR/RSK/Superseded_Retired/GMG-HR-RSK-0021_v0.3_DRAFT_2026-08-03_SUPERSEDED.docx,0efbd4165dad306f72bdee6798fc95c802f24d2562dc47ab353d8362d753d907,PROMOTED,RSK/Superseded/GMG-HR-RSK-0021_v0.3_DRAFT_2026-08-03_SUPERSEDED.docx,
30_BPG/HR,30_BPG/HR/MTX/Draft/GMG-HR-MTX-0008_v0.1_DRAFT_2026-08-04.xlsx,de40738a8f5e729d6cc06d8c2b7db85a81d0326572c338b923857fa75fb5fc95,PROMOTED,MTX/Draft/GMG-HR-MTX-0008_v0.1_DRAFT_2026-08-04.xlsx,
30_BPG/HR,30_BPG/HR/MTX/Draft/GMG-HR-MTX-0004_v0.1_DRAFT_2026-08-04.xlsx,d4a73ba12efc5966d798fbaae2345ce0d498303f2c0b76cc8419de75667f00f5,PROMOTED,MTX/Draft/GMG-HR-MTX-0004_v0.1_DRAFT_2026-08-04.xlsx,
30_BPG/HR,30_BPG/HR/MTX/Draft/GMG-HR-MTX-0003_v0.1_DRAFT_2026-08-04.xlsx,61eb6b1ff78805d68e5e80bd75d0ef5b338da1e93ec6d1bb6c4a4a3e2dcc1e73,PROMOTED,MTX/Draft/GMG-HR-MTX-0003_v0.1_DRAFT_2026-08-04.xlsx,
30_BPG/HR,30_BPG/HR/MTX/Draft/GMG-HR-MTX-0002_v0.1_DRAFT_2026-08-04.xlsx,a477764bdcfb148332944a0cc9c086cf61150dcf930d8f4182238f35c110ed55,PROMOTED,MTX/Draft/GMG-HR-MTX-0002_v0.1_DRAFT_2026-08-04.xlsx,
30_BPG/HR,30_BPG/HR/MTX/Draft/GMG-HR-MTX-0009_v0.1_DRAFT_2026-08-04.xlsx,123100fc18b0e0de13019486e6e002e740edaf77dd6fb19e701ba049187afefd,PROMOTED,MTX/Draft/GMG-HR-MTX-0009_v0.1_DRAFT_2026-08-04.xlsx,
30_BPG/HR,30_BPG/HR/MTX/Draft/GMG-HR-MTX-0005_v0.1_DRAFT_2026-08-04.xlsx,4922b9c36fb8de384c529222dd96333a3465ab8983004edbfe79625bc3f266da,PROMOTED,MTX/Draft/GMG-HR-MTX-0005_v0.1_DRAFT_2026-08-04.xlsx,
30_BPG/HR,30_BPG/HR/MTX/Draft/GMG-HR-MTX-0011_v0.1_DRAFT_2026-08-04.xlsx,b668daa6c8d752dfb3556bcee6c95aebe60167d8ad1e4de4bfe0f52be9c1b5d7,PROMOTED,MTX/Draft/GMG-HR-MTX-0011_v0.1_DRAFT_2026-08-04.xlsx,
30_BPG/HR,30_BPG/HR/MTX/Draft/GMG-HR-MTX-0007_v0.1_DRAFT_2026-08-04.xlsx,0f7a0c2f9313941ddea8bf6d0b6eaed8a89d233fbbc9afa1f403cc2bc3482b00,PROMOTED,MTX/Draft/GMG-HR-MTX-0007_v0.1_DRAFT_2026-08-04.xlsx,
30_BPG/HR,30_BPG/HR/MTX/Draft/GMG-HR-MTX-0010_v0.5_DRAFT_2026-08-05.xlsx,7ba03ac881a870fadbbe96ba26b4333ed8a3187213ab6c1b92df7c8861f660ca,PROMOTED,MTX/Draft/GMG-HR-MTX-0010_v0.5_DRAFT_2026-08-05.xlsx,
30_BPG/HR,30_BPG/HR/MTX/Draft/GMG-HR-MTX-0006_v0.1_DRAFT_2026-08-04.xlsx,e775617ae3a65b1ffaa50226a37ef5dda37c34d46df112e89255410d4fc4705c,PROMOTED,MTX/Draft/GMG-HR-MTX-0006_v0.1_DRAFT_2026-08-04.xlsx,
30_BPG/HR,30_BPG/HR/MTX/Draft/GMG-HR-MTX-0001_v0.1_DRAFT_2026-08-04.xlsx,6cb88dfa0ea191b4bc0c9e1ba3c1dead90ec885fe4b5fc8643e2628d0390f05a,PROMOTED,MTX/Draft/GMG-HR-MTX-0001_v0.1_DRAFT_2026-08-04.xlsx,
30_BPG/HR,30_BPG/HR/MTX/Superseded_Retired/GMG-HR-MTX-0010_v0.4_DRAFT_2026-08-04_SUPERSEDED.xlsx,5b561b7d3e9cccdb25886722ed7da4bdd03c47f329ff3bc442fc36321951a6e9,PROMOTED,MTX/Superseded/GMG-HR-MTX-0010_v0.4_DRAFT_2026-08-04_SUPERSEDED.xlsx,
30_BPG/HR,30_BPG/HR/MTX/Superseded_Retired/GMG-HR-MTX-0010_v0.3_DRAFT_2026-08-04_SUPERSEDED.xlsx,256c7bce40706464935fb0bd66162e9fdd9bc802162bb6c84a6cfb8ca54fe7ee,PROMOTED,MTX/Superseded/GMG-HR-MTX-0010_v0.3_DRAFT_2026-08-04_SUPERSEDED.xlsx,
30_BPG/HR,30_BPG/HR/MTX/Superseded_Retired/GMG-HR-MTX-0010_v0.1_DRAFT_2026-08-04_SUPERSEDED.xlsx,089fe18fbda864ab16a0aa7c853667355b4d619a89b79ad2ae6b5b0454360d3d,PROMOTED,MTX/Superseded/GMG-HR-MTX-0010_v0.1_DRAFT_2026-08-04_SUPERSEDED.xlsx,
30_BPG/HR,30_BPG/HR/MTX/Superseded_Retired/GMG-HR-MTX-0010_v0.2_DRAFT_2026-08-04_SUPERSEDED.xlsx,e4de04f6bd00e5c433763ed23b7e17eedd9f8e216f3b4cbfa4c64e8d0c4c0047,PROMOTED,MTX/Superseded/GMG-HR-MTX-0010_v0.2_DRAFT_2026-08-04_SUPERSEDED.xlsx,
91_Implementation,91_Implementation/Deployment/IT_Action_Plan_DMS_Interim_Controlled_Repository.docx,3b91b5d1bb4a0f9620347ec0a3fc26dd13ab0281d02a9fa9b2f4585fd6a28915,PROMOTED,02_GQMS_Controlled_Repository/00_Group_Shared/00_Governance/02_Quality_Records/02_Implementation_and_Validation/91_Implementation/Deployment/IT_Action_Plan_DMS_Interim_Controlled_Repository.docx,
91_Implementation,91_Implementation/Deployment/LOG-0007_Repository_Provisioning/wave1_enterprise_skeleton.csv,0c9e0cf0b6b044cfd0abbda735c227ebb60a3c98942dedd74ca6901765cdffa2,PROMOTED,02_GQMS_Controlled_Repository/00_Group_Shared/00_Governance/02_Quality_Records/02_Implementation_and_Validation/91_Implementation/Deployment/LOG-0007_Repository_Provisioning/wave1_enterprise_skeleton.csv,
91_Implementation,91_Implementation/Deployment/LOG-0007_Repository_Provisioning/00_folder_tree.json,93fa839eafd4a1c7763dd597108e723d7a1bc32bcb18f83995708716d7f51d4b,PROMOTED,02_GQMS_Controlled_Repository/00_Group_Shared/00_Governance/02_Quality_Records/02_Implementation_and_Validation/91_Implementation/Deployment/LOG-0007_Repository_Provisioning/00_folder_tree.json,
91_Implementation,91_Implementation/Deployment/LOG-0007_Repository_Provisioning/wave4_country_operations.csv,000c75ae466e76b0570a60e9bb4796307a7bde9f36ba2cfe4637e57fb6aca3c3,PROMOTED,02_GQMS_Controlled_Repository/00_Group_Shared/00_Governance/02_Quality_Records/02_Implementation_and_Validation/91_Implementation/Deployment/LOG-0007_Repository_Provisioning/wave4_country_operations.csv,
91_Implementation,91_Implementation/Deployment/LOG-0007_Repository_Provisioning/wave2_gqms_controlled_repository.csv,ef7d10236d0964e03d98ae8c9875756cf8be7db4df0697a37b2b0dda0143e5c4,PROMOTED,02_GQMS_Controlled_Repository/00_Group_Shared/00_Governance/02_Quality_Records/02_Implementation_and_Validation/91_Implementation/Deployment/LOG-0007_Repository_Provisioning/wave2_gqms_controlled_repository.csv,
91_Implementation,91_Implementation/Deployment/LOG-0007_Repository_Provisioning/wave3_business_departments.csv,9fcc7320e1de80a646055c35f34c0f92d3dda47f945b7baa1bdaed019e8ff6fb,PROMOTED,02_GQMS_Controlled_Repository/00_Group_Shared/00_Governance/02_Quality_Records/02_Implementation_and_Validation/91_Implementation/Deployment/LOG-0007_Repository_Provisioning/wave3_business_departments.csv,
91_Implementation,91_Implementation/Deployment/LOG-0007_Repository_Provisioning/README_Import_Specification.md,829e71494df33c6221d033a4118a99d523a8cecdcd427b73d812008a8d358a50,PROMOTED,02_GQMS_Controlled_Repository/00_Group_Shared/00_Governance/02_Quality_Records/02_Implementation_and_Validation/91_Implementation/Deployment/LOG-0007_Repository_Provisioning/README_Import_Specification.md,
91_Implementation,91_Implementation/Deployment/LOG-0007_Repository_Provisioning/00_folder_list_flat.json,0c8fb73498f2f096b07f33433805a4448322a37dbec1aaade819917c39d03cdf,PROMOTED,02_GQMS_Controlled_Repository/00_Group_Shared/00_Governance/02_Quality_Records/02_Implementation_and_Validation/91_Implementation/Deployment/LOG-0007_Repository_Provisioning/00_folder_list_flat.json,
91_Implementation,91_Implementation/Deployment/LOG-0007_Repository_Provisioning/01_permissions_checklist.csv,81f9e03d450cd550c640cd2dd08d3495eefebfe4ad358574b95b1607f14de683,PROMOTED,02_GQMS_Controlled_Repository/00_Group_Shared/00_Governance/02_Quality_Records/02_Implementation_and_Validation/91_Implementation/Deployment/LOG-0007_Repository_Provisioning/01_permissions_checklist.csv,
91_Implementation,91_Implementation/Deployment/LOG-0007_Repository_Provisioning/00_all_folders_2175.csv,45f51105bcd6cfa481256ca70ab1bc5a532d77935eb908adb9267a9fc508018b,PROMOTED,02_GQMS_Controlled_Repository/00_Group_Shared/00_Governance/02_Quality_Records/02_Implementation_and_Validation/91_Implementation/Deployment/LOG-0007_Repository_Provisioning/00_all_folders_2175.csv,
92_Approval_Records,92_Approval_Records/GMG-PV-Uvedomlenie-o-naznachenii-QPPV_2026-08.docx,a06abe1a2a922fa97b15b59972a6d30bd767d3fe9ce0d6b30cdbe9379cd52474,PROMOTED,02_GQMS_Controlled_Repository/00_Group_Shared/00_Governance/02_Quality_Records/04_Approval_and_Decision_Records/92_Approval_Records/GMG-PV-Uvedomlenie-o-naznachenii-QPPV_2026-08.docx,
92_Approval_Records,92_Approval_Records/GMG-PV-Prikaz-Zamestitel-QPPV_2026-08.docx,617306a317a2c3baba2c5c499b3d6582b0002d1a93a399ddff614d8f98485c86,PROMOTED,02_GQMS_Controlled_Repository/00_Group_Shared/00_Governance/02_Quality_Records/04_Approval_and_Decision_Records/92_Approval_Records/GMG-PV-Prikaz-Zamestitel-QPPV_2026-08.docx,
92_Approval_Records,92_Approval_Records/GMG-PV-Deputy-Order-and-Authority-Notification_2026-08-05.md,9129629a793b0daa63c6ef3d2d893aa0fbf90d5eafa17b293695b7313fc8fbff,PROMOTED,02_GQMS_Controlled_Repository/00_Group_Shared/00_Governance/02_Quality_Records/04_Approval_and_Decision_Records/92_Approval_Records/GMG-PV-Deputy-Order-and-Authority-Notification_2026-08-05.md,
92_Approval_Records,92_Approval_Records/GMG-PV-Appointment-Order-QPPV_Prikaz-1P-21P_2026-05-04_Musayev.pdf,6af6c40d900e25d622b6679795c481dee75eefed6a2fee49d2b7eefb1f99e2ab,PROMOTED,02_GQMS_Controlled_Repository/00_Group_Shared/00_Governance/02_Quality_Records/04_Approval_and_Decision_Records/92_Approval_Records/GMG-PV-Appointment-Order-QPPV_Prikaz-1P-21P_2026-05-04_Musayev.pdf,
92_Approval_Records,92_Approval_Records/GMG-PV-Appointment-Order-DeputyQPPV_Prikaz-6P-21P_2025-06-09_Argyngazykyzy.pdf,4dd54b9b50151eb186a5aa45c0ebff8476eb0ffbc97d05e816cb84080a075324,PROMOTED,02_GQMS_Controlled_Repository/00_Group_Shared/00_Governance/02_Quality_Records/04_Approval_and_Decision_Records/92_Approval_Records/GMG-PV-Appointment-Order-DeputyQPPV_Prikaz-6P-21P_2025-06-09_Argyngazykyzy.pdf,
93_Risk_and_Compliance,93_Risk_and_Compliance/GMG-PVigi-duzeltme-notu_2026-08-05.md,81fd758217d982a58e15e25f9d32e1799cc281ddbedd040f0f6e99113bed44dc,PROMOTED,02_GQMS_Controlled_Repository/00_Group_Shared/00_Governance/02_Quality_Records/05_Risk_and_Compliance_Records/93_Risk_and_Compliance/GMG-PVigi-duzeltme-notu_2026-08-05.md,
93_Risk_and_Compliance,93_Risk_and_Compliance/GMG-PVigi-FSAD-Bilgi-Talebi-Yanit_2026-08-05_GONDERIM.xlsx,3a17c2b57a33e85b81ff6f4c6957d1f8f5e1a7735bc608a1e08da613e41955a3,PROMOTED,02_GQMS_Controlled_Repository/00_Group_Shared/00_Governance/02_Quality_Records/05_Risk_and_Compliance_Records/93_Risk_and_Compliance/GMG-PVigi-FSAD-Bilgi-Talebi-Yanit_2026-08-05_GONDERIM.xlsx,
93_Risk_and_Compliance,93_Risk_and_Compliance/GMG-PVigi-yanit-eposta_2026-08-05.md,b76c854bade3edb059b344bc4de18349b0e6bcd766d3e79730f034f3107b9c4a,PROMOTED,02_GQMS_Controlled_Repository/00_Group_Shared/00_Governance/02_Quality_Records/05_Risk_and_Compliance_Records/93_Risk_and_Compliance/GMG-PVigi-yanit-eposta_2026-08-05.md,
93_Risk_and_Compliance,93_Risk_and_Compliance/GMG-PV-SOP-Review_Proposed-Changes_2026-08-05.xlsx,4e2be735550ef51821c4bc0405ba3a49629ef408f23121f031efa81106d82ed5,PROMOTED,02_GQMS_Controlled_Repository/00_Group_Shared/00_Governance/02_Quality_Records/05_Risk_and_Compliance_Records/93_Risk_and_Compliance/GMG-PV-SOP-Review_Proposed-Changes_2026-08-05.xlsx,
95_Training,95_Training/Materials/GMG-PV-WIN-0004-M6_PV-Training-Session-Pack-Module-6_v0.1_DRAFT_2026-08-08.pdf,da0aeb7fa64a6b6aab9ea057beb5a39b67b1700eca8aefd5e709c38c83cbc21c,PROMOTED,02_GQMS_Controlled_Repository/00_Group_Shared/00_Governance/02_Quality_Records/03_Training_Evidence/95_Training/Materials/GMG-PV-WIN-0004-M6_PV-Training-Session-Pack-Module-6_v0.1_DRAFT_2026-08-08.pdf,
95_Training,95_Training/Materials/GMG-PV-WIN-0004-M1_PV-Training-Session-Pack-Module-1_v0.2_DRAFT_2026-08-08.pdf,531edc2fd0936025e3e5a923dcff20cb3ffcf9e2a231cd0fae6ddbd4f99d4dda,PROMOTED,02_GQMS_Controlled_Repository/00_Group_Shared/00_Governance/02_Quality_Records/03_Training_Evidence/95_Training/Materials/GMG-PV-WIN-0004-M1_PV-Training-Session-Pack-Module-1_v0.2_DRAFT_2026-08-08.pdf,
95_Training,95_Training/Materials/GMG-PV-WIN-0004-M4_PV-Training-Session-Pack-Module-4_v0.1_DRAFT_2026-08-08.pdf,e15d36d9d5fef75b7ef21040b8626bf22a10c4e07cb2063fe974e523fdd1a9ce,PROMOTED,02_GQMS_Controlled_Repository/00_Group_Shared/00_Governance/02_Quality_Records/03_Training_Evidence/95_Training/Materials/GMG-PV-WIN-0004-M4_PV-Training-Session-Pack-Module-4_v0.1_DRAFT_2026-08-08.pdf,
95_Training,95_Training/Materials/GMG-PV-WIN-0004-M2_PV-Training-Session-Pack-Module-2_v0.1_DRAFT_2026-08-08.pdf,4f6111e05de15f0525700e68ed102837fee16de28112bb0ac037e28a7b72fd48,PROMOTED,02_GQMS_Controlled_Repository/00_Group_Shared/00_Governance/02_Quality_Records/03_Training_Evidence/95_Training/Materials/GMG-PV-WIN-0004-M2_PV-Training-Session-Pack-Module-2_v0.1_DRAFT_2026-08-08.pdf,
95_Training,95_Training/Materials/GMG-PV-WIN-0004-M7_PV-Training-Session-Pack-Module-7_v0.1_DRAFT_2026-08-08.pdf,ef004011b40ebb89ef20c3c079f4014091e8d9353eb3de92d3b59dc1f2046eed,PROMOTED,02_GQMS_Controlled_Repository/00_Group_Shared/00_Governance/02_Quality_Records/03_Training_Evidence/95_Training/Materials/GMG-PV-WIN-0004-M7_PV-Training-Session-Pack-Module-7_v0.1_DRAFT_2026-08-08.pdf,
95_Training,95_Training/Materials/GMG-PV-WIN-0004-M5_PV-Training-Session-Pack-Module-5_v0.1_DRAFT_2026-08-08.pdf,ba11e630230311f57c8a8ff1ef0aff30267cc3f720b37cb9d9003028d1ee9337,PROMOTED,02_GQMS_Controlled_Repository/00_Group_Shared/00_Governance/02_Quality_Records/03_Training_Evidence/95_Training/Materials/GMG-PV-WIN-0004-M5_PV-Training-Session-Pack-Module-5_v0.1_DRAFT_2026-08-08.pdf,
95_Training,95_Training/Materials/GMG-PV-WIN-0004-M3_PV-Training-Session-Pack-Module-3_v0.1_DRAFT_2026-08-08.pdf,78d54c9a6343818b1b3a83a5319764f0318f1e2eef4ed9327aef762b2f40dcde,PROMOTED,02_GQMS_Controlled_Repository/00_Group_Shared/00_Governance/02_Quality_Records/03_Training_Evidence/95_Training/Materials/GMG-PV-WIN-0004-M3_PV-Training-Session-Pack-Module-3_v0.1_DRAFT_2026-08-08.pdf,
95_Training,95_Training/Materials/Superseded_Retired/GMG-PV-WIN-0004-M1_v0.1_DRAFT_2026-08-08_SUPERSEDED.pdf,d0355974516a60ac1d85365e77a542e2cd83d879d82905f0545106d8107f260f,PROMOTED,02_GQMS_Controlled_Repository/00_Group_Shared/00_Governance/02_Quality_Records/03_Training_Evidence/95_Training/Materials/Superseded_Retired/GMG-PV-WIN-0004-M1_v0.1_DRAFT_2026-08-08_SUPERSEDED.pdf,
96_Audits,96_Audits/Internal/ChangeRequest_MAN-0001_s2.2_NUT-activation_2026-08-01.docx,f5b259ea400511cadc17ca4be3cab47891b441ba313132e2bbdc2c8b3a43d9b3,PROMOTED,02_GQMS_Controlled_Repository/00_Group_Shared/00_Governance/02_Quality_Records/01_Audits_and_Assessments/96_Audits/Internal/ChangeRequest_MAN-0001_s2.2_NUT-activation_2026-08-01.docx,
96_Audits,96_Audits/Internal/NUT_Gap_Assessment_2026-08-01.docx,0ecda6e80ef1fcde338f057f178d6351e6bbd6cec423cd331db3ebd8c65164f2,PROMOTED,02_GQMS_Controlled_Repository/00_Group_Shared/00_Governance/02_Quality_Records/01_Audits_and_Assessments/96_Audits/Internal/NUT_Gap_Assessment_2026-08-01.docx,
96_Audits,96_Audits/Internal/PV_2026/GMG-PV-Core-PV-Readiness-Assessment_2026-07-21.docx,7c6bd2a992c00543b4e07e2220c352b53db511eb0e530fc9107700f92ed47cb1,PROMOTED,02_GQMS_Controlled_Repository/00_Group_Shared/00_Governance/02_Quality_Records/01_Audits_and_Assessments/96_Audits/Internal/PV_2026/GMG-PV-Core-PV-Readiness-Assessment_2026-07-21.docx,
96_Audits,96_Audits/Internal/PV_2026/GMG-PV-Change-Control-PLN-0002-Collision_v0.1_DRAFT_2026-08-03.pdf,adb38878b795d525e93d17e426bf0f9856480b1619e18ceac50d7123f77e1ca8,PROMOTED,02_GQMS_Controlled_Repository/00_Group_Shared/00_Governance/02_Quality_Records/01_Audits_and_Assessments/96_Audits/Internal/PV_2026/GMG-PV-Change-Control-PLN-0002-Collision_v0.1_DRAFT_2026-08-03.pdf,
96_Audits,96_Audits/Internal/PV_2026/GMG-PV-Audit-Provider-Dependency_2026-08-01.docx,0ac0ad35d0d0c7cf46a36545336e14a97383fa5d70018bbc985d6212d8af443c,PROMOTED,02_GQMS_Controlled_Repository/00_Group_Shared/00_Governance/02_Quality_Records/01_Audits_and_Assessments/96_Audits/Internal/PV_2026/GMG-PV-Audit-Provider-Dependency_2026-08-01.docx,
96_Audits,96_Audits/Internal/PV_2026/GMG-PV-Critical-Path-Closure-Record_v0.2_DRAFT_2026-08-07.docx,ffe0d0c5627ca7f7691333236fe8a59c7f0f5eb3b1bcbb09eba89f82d3f9972d,PROMOTED,02_GQMS_Controlled_Repository/00_Group_Shared/00_Governance/02_Quality_Records/01_Audits_and_Assessments/96_Audits/Internal/PV_2026/GMG-PV-Critical-Path-Closure-Record_v0.2_DRAFT_2026-08-07.docx,
96_Audits,96_Audits/Internal/PV_2026/GMG-PV-CC-0002_Stale-Code-References_v0.1_DRAFT_2026-08-08.docx,361c6ce9738a2d3a944c5d1c6f946fbf70f80182ebd22a30add62335a6e3ad7e,PROMOTED,02_GQMS_Controlled_Repository/00_Group_Shared/00_Governance/02_Quality_Records/01_Audits_and_Assessments/96_Audits/Internal/PV_2026/GMG-PV-CC-0002_Stale-Code-References_v0.1_DRAFT_2026-08-08.docx,
96_Audits,96_Audits/Internal/PV_2026/GMG-PV-Governance-QMS-Alignment_2026-07-15.docx,b3d205251bb724510b613e35a328b8ce2153aaf6f636655e8918c7d67c26d7f3,PROMOTED,02_GQMS_Controlled_Repository/00_Group_Shared/00_Governance/02_Quality_Records/01_Audits_and_Assessments/96_Audits/Internal/PV_2026/GMG-PV-Governance-QMS-Alignment_2026-07-15.docx,
96_Audits,96_Audits/Internal/PV_2026/GMG-PV-Critical-Path-Closure-Record_v0.1_DRAFT_2026-08-07.pdf,427f4785a40eab83515a0c1ac937179f7b1afbcf7b2d97efee530abc6af6ba10,PROMOTED,02_GQMS_Controlled_Repository/00_Group_Shared/00_Governance/02_Quality_Records/01_Audits_and_Assessments/96_Audits/Internal/PV_2026/GMG-PV-Critical-Path-Closure-Record_v0.1_DRAFT_2026-08-07.pdf,
96_Audits,96_Audits/Internal/PV_2026/GMG-PV-Governance-Readiness-Memo_2026-07-22.docx,d64313ae3abc716932b528dde362eb6306ed50f2b6404390f19b939c0168a5b8,PROMOTED,02_GQMS_Controlled_Repository/00_Group_Shared/00_Governance/02_Quality_Records/01_Audits_and_Assessments/96_Audits/Internal/PV_2026/GMG-PV-Governance-Readiness-Memo_2026-07-22.docx,
96_Audits,96_Audits/Internal/PV_2026/GMG-PV-Consolidated-To-Do_v0.3_DRAFT_2026-08-03.xlsx,cbecc07bffc8ea1a54853faf32593ba2a35ad37d4592c587ef66a5c75d13f37f,PROMOTED,02_GQMS_Controlled_Repository/00_Group_Shared/00_Governance/02_Quality_Records/01_Audits_and_Assessments/96_Audits/Internal/PV_2026/GMG-PV-Consolidated-To-Do_v0.3_DRAFT_2026-08-03.xlsx,
96_Audits,96_Audits/Internal/PV_2026/GMG-PV-Consistency-Sweep_2026-08-01.xlsx,f714c14cf3afc6f1d10fd5f9b09a7b99808b0f6859ea33398a3a290edc749d2a,PROMOTED,02_GQMS_Controlled_Repository/00_Group_Shared/00_Governance/02_Quality_Records/01_Audits_and_Assessments/96_Audits/Internal/PV_2026/GMG-PV-Consistency-Sweep_2026-08-01.xlsx,
96_Audits,96_Audits/Internal/PV_2026/GMG-PV-MAN-0002-Gap-Analysis_2026-08-01.docx,6626888204992d7a7b0f200d38dc185888abcbac5269d1501654c0ee4fff72f3,PROMOTED,02_GQMS_Controlled_Repository/00_Group_Shared/00_Governance/02_Quality_Records/01_Audits_and_Assessments/96_Audits/Internal/PV_2026/GMG-PV-MAN-0002-Gap-Analysis_2026-08-01.docx,
96_Audits,96_Audits/Internal/PV_2026/GMG-PV-CC-0002_Stale-Code-References_v0.1_DRAFT_2026-08-08.pdf,f320d311779cd3e42695139993580b7f75ccf53133b9d6f9240214c9c6922788,PROMOTED,02_GQMS_Controlled_Repository/00_Group_Shared/00_Governance/02_Quality_Records/01_Audits_and_Assessments/96_Audits/Internal/PV_2026/GMG-PV-CC-0002_Stale-Code-References_v0.1_DRAFT_2026-08-08.pdf,
96_Audits,96_Audits/Internal/PV_2026/GMG-PV-Findings-Article-4-Work_v0.1_DRAFT_2026-08-03.pdf,7265539bad88279e263e89152ab503b8b1f1008db39affc2dc2dae50c88607b6,PROMOTED,02_GQMS_Controlled_Repository/00_Group_Shared/00_Governance/02_Quality_Records/01_Audits_and_Assessments/96_Audits/Internal/PV_2026/GMG-PV-Findings-Article-4-Work_v0.1_DRAFT_2026-08-03.pdf,
96_Audits,96_Audits/Internal/PV_2026/GMG-PV-NonEU-Records_2026-08-03_v0.1_DRAFT.docx,2d4b4ee231e04d43d1329a82a391b0132bf45aca5e418de1adca2bd9e04f1437,PROMOTED,02_GQMS_Controlled_Repository/00_Group_Shared/00_Governance/02_Quality_Records/01_Audits_and_Assessments/96_Audits/Internal/PV_2026/GMG-PV-NonEU-Records_2026-08-03_v0.1_DRAFT.docx,
96_Audits,96_Audits/Internal/PV_2026/GMG-PV-Findings-Article-4-Work_v0.1_DRAFT_2026-08-03.docx,925b80fc85375febfa3d7f000d3924a89e0d297cb67be55b495c4be6d19e0c59,PROMOTED,02_GQMS_Controlled_Repository/00_Group_Shared/00_Governance/02_Quality_Records/01_Audits_and_Assessments/96_Audits/Internal/PV_2026/GMG-PV-Findings-Article-4-Work_v0.1_DRAFT_2026-08-03.docx,
96_Audits,96_Audits/Internal/PV_2026/GMG-PV-D1-Resourcing-Decision-Paper_v0.2_DRAFT_2026-08-03.docx,0728c4cc2fd652f1dd4a92d943e9b4fe663291fa89f7bad83f46461c1a1423fb,PROMOTED,02_GQMS_Controlled_Repository/00_Group_Shared/00_Governance/02_Quality_Records/01_Audits_and_Assessments/96_Audits/Internal/PV_2026/GMG-PV-D1-Resourcing-Decision-Paper_v0.2_DRAFT_2026-08-03.docx,
96_Audits,96_Audits/Internal/PV_2026/GMG-PV-Architecture-and-Master-File-Audit_2026-07-25.docx,8859fe6f0edb58cfa2750250a0614d0b1880e2eccb02c90ca46542d12fd1dd1c,PROMOTED,02_GQMS_Controlled_Repository/00_Group_Shared/00_Governance/02_Quality_Records/01_Audits_and_Assessments/96_Audits/Internal/PV_2026/GMG-PV-Architecture-and-Master-File-Audit_2026-07-25.docx,
96_Audits,96_Audits/Internal/PV_2026/GMG-PV-Change-Control-PLN-0002-Collision_v0.1_DRAFT_2026-08-03.docx,488cca031ff13c0512f628c190221d08026e7ba5ede54ab75da4baf35ab7ca03,PROMOTED,02_GQMS_Controlled_Repository/00_Group_Shared/00_Governance/02_Quality_Records/01_Audits_and_Assessments/96_Audits/Internal/PV_2026/GMG-PV-Change-Control-PLN-0002-Collision_v0.1_DRAFT_2026-08-03.docx,
96_Audits,96_Audits/Internal/PV_2026/GMG-PV-Consolidated-To-Do_v0.5_DRAFT_2026-08-03.xlsx,6d42c6cd2aa6a6b20f203e2a43b29594ab351b263289537c4e545e676f55602b,PROMOTED,02_GQMS_Controlled_Repository/00_Group_Shared/00_Governance/02_Quality_Records/01_Audits_and_Assessments/96_Audits/Internal/PV_2026/GMG-PV-Consolidated-To-Do_v0.5_DRAFT_2026-08-03.xlsx,
96_Audits,96_Audits/Internal/PV_2026/GMG-PV-Regulatory-Update-Note-2025-1466_v0.1_DRAFT_2026-08-03.docx,0692c51c8396fcd2c0651c419e906a27baf39ea91b5e2183d4382667d0c07edd,PROMOTED,02_GQMS_Controlled_Repository/00_Group_Shared/00_Governance/02_Quality_Records/01_Audits_and_Assessments/96_Audits/Internal/PV_2026/GMG-PV-Regulatory-Update-Note-2025-1466_v0.1_DRAFT_2026-08-03.docx,
96_Audits,96_Audits/Internal/PV_2026/GMG-PV-Regulatory-Update-Note-2025-1466_v0.1_DRAFT_2026-08-03.pdf,9cbddca2f21d30b9ff9f2617c48d5560b3ada1eed4bcb870ea6cf24519997617,PROMOTED,02_GQMS_Controlled_Repository/00_Group_Shared/00_Governance/02_Quality_Records/01_Audits_and_Assessments/96_Audits/Internal/PV_2026/GMG-PV-Regulatory-Update-Note-2025-1466_v0.1_DRAFT_2026-08-03.pdf,
96_Audits,96_Audits/Internal/PV_2026/GMG-PV-Consolidated-To-Do_v0.6_DRAFT_2026-08-07.xlsx,45b3879130e860a15629ad9f3aefdf4eeafeaf0559b9a1f794e32a5b2839e10f,PROMOTED,02_GQMS_Controlled_Repository/00_Group_Shared/00_Governance/02_Quality_Records/01_Audits_and_Assessments/96_Audits/Internal/PV_2026/GMG-PV-Consolidated-To-Do_v0.6_DRAFT_2026-08-07.xlsx,
96_Audits,96_Audits/Internal/PV_2026/GMG-PV-DEC-0001_Organisation-and-Roles-Decision-Record_v0.1_DRAFT_2026-08-03.docx,377429801fa202e8100d855ca3dd28d81195edecbee71152dfbd3505527aac8f,PROMOTED,02_GQMS_Controlled_Repository/00_Group_Shared/00_Governance/02_Quality_Records/01_Audits_and_Assessments/96_Audits/Internal/PV_2026/GMG-PV-DEC-0001_Organisation-and-Roles-Decision-Record_v0.1_DRAFT_2026-08-03.docx,
96_Audits,96_Audits/Internal/PV_2026/GMG-PV-Consistency-Sweep_v2_2026-08-01.xlsx,fd1e6720160376dd531ee29f000d35a2a5a70e7ef4150b775774d6ecb6e49c2c,PROMOTED,02_GQMS_Controlled_Repository/00_Group_Shared/00_Governance/02_Quality_Records/01_Audits_and_Assessments/96_Audits/Internal/PV_2026/GMG-PV-Consistency-Sweep_v2_2026-08-01.xlsx,
96_Audits,96_Audits/Internal/PV_2026/GMG-PV-Citation-Sweep-520-2012_v0.1_DRAFT_2026-08-03.xlsx,127801fec45f11f6f87eecebc1e75b89a8bbe589ccf838b687f58a5e34428c23,PROMOTED,02_GQMS_Controlled_Repository/00_Group_Shared/00_Governance/02_Quality_Records/01_Audits_and_Assessments/96_Audits/Internal/PV_2026/GMG-PV-Citation-Sweep-520-2012_v0.1_DRAFT_2026-08-03.xlsx,
96_Audits,96_Audits/Internal/PV_2026/GMG-PV-Audit-Correction-Note_2026-07-25.docx,65141c4c4113fb8811f4c8896db9f6fc9524b0e177a5dc54e0896988d0b4911f,PROMOTED,02_GQMS_Controlled_Repository/00_Group_Shared/00_Governance/02_Quality_Records/01_Audits_and_Assessments/96_Audits/Internal/PV_2026/GMG-PV-Audit-Correction-Note_2026-07-25.docx,
96_Audits,96_Audits/Internal/PV_2026/GMG-PV-Verification-Note-A03-A60-A61-A90_v0.1_DRAFT_2026-08-03.pdf,b2f15b2b5898e0f5b4697b111de6ee422424d5d1f7aed0153b814b7a5dcf74d2,PROMOTED,02_GQMS_Controlled_Repository/00_Group_Shared/00_Governance/02_Quality_Records/01_Audits_and_Assessments/96_Audits/Internal/PV_2026/GMG-PV-Verification-Note-A03-A60-A61-A90_v0.1_DRAFT_2026-08-03.pdf,
96_Audits,96_Audits/Internal/PV_2026/GMG-PV-D1-Phase0-Rebaseline-and-Effort-Model_v0.2_DRAFT_2026-08-03.xlsx,c7b98c245ca56ae1bff41bcb73c7eecb0dcc33b7afa9b09b6deb04a558cd383e,PROMOTED,02_GQMS_Controlled_Repository/00_Group_Shared/00_Governance/02_Quality_Records/01_Audits_and_Assessments/96_Audits/Internal/PV_2026/GMG-PV-D1-Phase0-Rebaseline-and-Effort-Model_v0.2_DRAFT_2026-08-03.xlsx,
96_Audits,96_Audits/Internal/PV_2026/GMG-PV-Correction-Note_2026-08-03_v0.1_DRAFT.docx,837436d4947789f7de27cea0f8c83c083ab053244225a7a2564e927ad063b1d2,PROMOTED,02_GQMS_Controlled_Repository/00_Group_Shared/00_Governance/02_Quality_Records/01_Audits_and_Assessments/96_Audits/Internal/PV_2026/GMG-PV-Correction-Note_2026-08-03_v0.1_DRAFT.docx,
96_Audits,96_Audits/Internal/PV_2026/GMG-PV-Citation-Review-520-2012_v0.1_DRAFT_2026-08-03.pdf,a35d6b8807616d641fd03365818a6b2856a6bb2c322d949143a2707fddde125d,PROMOTED,02_GQMS_Controlled_Repository/00_Group_Shared/00_Governance/02_Quality_Records/01_Audits_and_Assessments/96_Audits/Internal/PV_2026/GMG-PV-Citation-Review-520-2012_v0.1_DRAFT_2026-08-03.pdf,
96_Audits,96_Audits/Internal/PV_2026/GMG-PV-D1-Cost-Model_v0.1_DRAFT_2026-08-01.xlsx,78dc58f455379dc6624dbe7a6bce50bc0fc803cc6aef7e8a01b09552973b73d5,PROMOTED,02_GQMS_Controlled_Repository/00_Group_Shared/00_Governance/02_Quality_Records/01_Audits_and_Assessments/96_Audits/Internal/PV_2026/GMG-PV-D1-Cost-Model_v0.1_DRAFT_2026-08-01.xlsx,
96_Audits,96_Audits/Internal/PV_2026/GMG-PV-Verification-Note-A03-A60-A61-A90_v0.1_DRAFT_2026-08-03.docx,e822c7370052312b35d75de923743da0681d353a92a86c9f25feac7c95e98336,PROMOTED,02_GQMS_Controlled_Repository/00_Group_Shared/00_Governance/02_Quality_Records/01_Audits_and_Assessments/96_Audits/Internal/PV_2026/GMG-PV-Verification-Note-A03-A60-A61-A90_v0.1_DRAFT_2026-08-03.docx,
96_Audits,96_Audits/Internal/PV_2026/GMG-PV-MAN-0002-Gap-Analysis_2026-08-01.pdf,bd2f0be42c9eb34ccbd65f86535b4c0955a56ed5afe244e66eba8c537c2785f4,PROMOTED,02_GQMS_Controlled_Repository/00_Group_Shared/00_Governance/02_Quality_Records/01_Audits_and_Assessments/96_Audits/Internal/PV_2026/GMG-PV-MAN-0002-Gap-Analysis_2026-08-01.pdf,
96_Audits,96_Audits/Internal/PV_2026/GMG-PV-DEC-0001_Organisation-and-Roles-Decision-Record_v0.1_DRAFT_2026-08-03.pdf,bb2a7fb98295b971300fd34579e6d42cf230017cf998a3af1f91e6af21239d78,PROMOTED,02_GQMS_Controlled_Repository/00_Group_Shared/00_Governance/02_Quality_Records/01_Audits_and_Assessments/96_Audits/Internal/PV_2026/GMG-PV-DEC-0001_Organisation-and-Roles-Decision-Record_v0.1_DRAFT_2026-08-03.pdf,
96_Audits,96_Audits/Internal/PV_2026/GMG-PV-Critical-Path-Closure-Record_v0.1_DRAFT_2026-08-07.docx,4328c2ace8063758414a7d0a301a618adfab93c8db04c4ee72307376470e0127,PROMOTED,02_GQMS_Controlled_Repository/00_Group_Shared/00_Governance/02_Quality_Records/01_Audits_and_Assessments/96_Audits/Internal/PV_2026/GMG-PV-Critical-Path-Closure-Record_v0.1_DRAFT_2026-08-07.docx,
96_Audits,96_Audits/Internal/PV_2026/GMG-PV-D1-Resourcing-Decision-Paper_v0.2_DRAFT_2026-08-03.pdf,7fb3a775d359e52f77646c5938666f7dac12a9455814f9ca770df57b9b37955b,PROMOTED,02_GQMS_Controlled_Repository/00_Group_Shared/00_Governance/02_Quality_Records/01_Audits_and_Assessments/96_Audits/Internal/PV_2026/GMG-PV-D1-Resourcing-Decision-Paper_v0.2_DRAFT_2026-08-03.pdf,
96_Audits,96_Audits/Internal/PV_2026/GMG-PV-Citation-Review-520-2012_v0.1_DRAFT_2026-08-03.docx,e8d4b94bcab60b8d92263e86a5278af623fb6485aff2dd8ba31e8e36b62cc7ab,PROMOTED,02_GQMS_Controlled_Repository/00_Group_Shared/00_Governance/02_Quality_Records/01_Audits_and_Assessments/96_Audits/Internal/PV_2026/GMG-PV-Citation-Review-520-2012_v0.1_DRAFT_2026-08-03.docx,
96_Audits,96_Audits/Internal/PV_2026/GMG-PV-Records-Pack_2026-08-03_v0.1_DRAFT.docx,145d870e2f3df53ecab56b418fcb038e26b3f4dba094e3ae1ba78855dc875882,PROMOTED,02_GQMS_Controlled_Repository/00_Group_Shared/00_Governance/02_Quality_Records/01_Audits_and_Assessments/96_Audits/Internal/PV_2026/GMG-PV-Records-Pack_2026-08-03_v0.1_DRAFT.docx,
96_Audits,96_Audits/Internal/PV_2026/GMG-PV-PSMF-Review-Correction-and-Addendum_2026-08-01.pdf,f5d2283135ec04a75fdb3e8f5e8f7038312eb5a23956123fe6959ddf1608b7d6,PROMOTED,02_GQMS_Controlled_Repository/00_Group_Shared/00_Governance/02_Quality_Records/01_Audits_and_Assessments/96_Audits/Internal/PV_2026/GMG-PV-PSMF-Review-Correction-and-Addendum_2026-08-01.pdf,
96_Audits,96_Audits/Internal/PV_2026/GMG-PV-EU-Readiness-Audit_2026-07-22.docx,5ade4ebc440e25ffb3794f018eebe16c1d3ecc3ef7a117eaf087d65131283b50,PROMOTED,02_GQMS_Controlled_Repository/00_Group_Shared/00_Governance/02_Quality_Records/01_Audits_and_Assessments/96_Audits/Internal/PV_2026/GMG-PV-EU-Readiness-Audit_2026-07-22.docx,
96_Audits,96_Audits/Internal/PV_2026/GMG-PV-PLN-0007-A-v0.4-Apply-Sheet_v0.1_DRAFT_2026-08-03.xlsx,49e3ac757c43e9d2d0e8672bb0a0c3346422bf8e0cf9427f9fc928e6f9688ff2,PROMOTED,02_GQMS_Controlled_Repository/00_Group_Shared/00_Governance/02_Quality_Records/01_Audits_and_Assessments/96_Audits/Internal/PV_2026/GMG-PV-PLN-0007-A-v0.4-Apply-Sheet_v0.1_DRAFT_2026-08-03.xlsx,
96_Audits,96_Audits/Internal/PV_2026/GMG-PV-Consolidated-To-Do_v0.4_DRAFT_2026-08-03.xlsx,cd2a29422cff1d7d16d4cab96fc19f8e67ce9b1c5172e1a79106591479e42ed7,PROMOTED,02_GQMS_Controlled_Repository/00_Group_Shared/00_Governance/02_Quality_Records/01_Audits_and_Assessments/96_Audits/Internal/PV_2026/GMG-PV-Consolidated-To-Do_v0.4_DRAFT_2026-08-03.xlsx,
96_Audits,96_Audits/Internal/PV_2026/GMG-PV-Full-GQMS-Alignment-Audit_2026-07-16.docx,7a8eefb0e80442b8e50af49337860f921beccd5e9d7b55748fe0fa08fa4a9625,PROMOTED,02_GQMS_Controlled_Repository/00_Group_Shared/00_Governance/02_Quality_Records/01_Audits_and_Assessments/96_Audits/Internal/PV_2026/GMG-PV-Full-GQMS-Alignment-Audit_2026-07-16.docx,
96_Audits,96_Audits/Internal/PV_2026/GMG-PV-Audit-Provider-Dependency_2026-08-01.pdf,a2d7276309a3a22437f232de7c6d9f148a71b344be1efae80ac5f0d3e7b285c6,PROMOTED,02_GQMS_Controlled_Repository/00_Group_Shared/00_Governance/02_Quality_Records/01_Audits_and_Assessments/96_Audits/Internal/PV_2026/GMG-PV-Audit-Provider-Dependency_2026-08-01.pdf,
96_Audits,96_Audits/Internal/PV_2026/GMG-PV-PSMF-Review-Correction-and-Addendum_2026-08-01.docx,52e95a88146169930217111f3d6b11613474d12b0335194ca57d253153cda51d,PROMOTED,02_GQMS_Controlled_Repository/00_Group_Shared/00_Governance/02_Quality_Records/01_Audits_and_Assessments/96_Audits/Internal/PV_2026/GMG-PV-PSMF-Review-Correction-and-Addendum_2026-08-01.docx,
96_Audits,96_Audits/Internal/PV_2026/GMG-PV-Documentation-Audit_2026-07-15.docx,37c82fccd13a99f6519c5784bec870187ba94a26f20085cbcce5425fa682a012,PROMOTED,02_GQMS_Controlled_Repository/00_Group_Shared/00_Governance/02_Quality_Records/01_Audits_and_Assessments/96_Audits/Internal/PV_2026/GMG-PV-Documentation-Audit_2026-07-15.docx,
96_Audits,96_Audits/Internal/PV_2026/GMG-PV-D1-Rephasing-Schedule_v0.2_DRAFT_2026-08-03.xlsx,a6619b41739623a58172970430c4db024785038b6fd68c4e591e9cacccc4cffc,PROMOTED,02_GQMS_Controlled_Repository/00_Group_Shared/00_Governance/02_Quality_Records/01_Audits_and_Assessments/96_Audits/Internal/PV_2026/GMG-PV-D1-Rephasing-Schedule_v0.2_DRAFT_2026-08-03.xlsx,
96_Audits,96_Audits/Internal/PV_2026/GMG-PV-Critical-Path-Closure-Record_v0.2_DRAFT_2026-08-07.pdf,be2a2149c27ce528bd14fade69a74196ba2ad7fb8bf5a75d101d4a679b5d43ee,PROMOTED,02_GQMS_Controlled_Repository/00_Group_Shared/00_Governance/02_Quality_Records/01_Audits_and_Assessments/96_Audits/Internal/PV_2026/GMG-PV-Critical-Path-Closure-Record_v0.2_DRAFT_2026-08-07.pdf,
96_Audits,96_Audits/Internal/PV_2026/GMG-PV-Review-of-Existing-Setonda-PSMF_2026-07-27.docx,3d7e1a68a6a60da319999fdfae5cff5a3680330204e6fe5c87ddb01f94889318,PROMOTED,02_GQMS_Controlled_Repository/00_Group_Shared/00_Governance/02_Quality_Records/01_Audits_and_Assessments/96_Audits/Internal/PV_2026/GMG-PV-Review-of-Existing-Setonda-PSMF_2026-07-27.docx,
96_Audits,96_Audits/Internal/PV_2026/GMG-PV-Review-of-Existing-Setonda-PSMF_2026-07-27.pdf,e4a62181c593bb6be9f7b3843eb5776ac07105ec569ad73da38aae6cbad84f8d,PROMOTED,02_GQMS_Controlled_Repository/00_Group_Shared/00_Governance/02_Quality_Records/01_Audits_and_Assessments/96_Audits/Internal/PV_2026/GMG-PV-Review-of-Existing-Setonda-PSMF_2026-07-27.pdf,
96_Audits,96_Audits/Internal/QMS_2026/GMG-QMS-Governance-QMS-Gap-Audit_2026-07-15.xlsx,a57788d5e2b364b37ec16904c447f531251334a034c9e5cf1d84843f9e6df23c,PROMOTED,02_GQMS_Controlled_Repository/00_Group_Shared/00_Governance/02_Quality_Records/01_Audits_and_Assessments/96_Audits/Internal/QMS_2026/GMG-QMS-Governance-QMS-Gap-Audit_2026-07-15.xlsx,
96_Audits,96_Audits/Internal/QMS_2026/GMG-QMS-MAN-0001_Audit-Comment-Improvement-Plan_2026-07-16.xlsx,c8e86b7180362ad367948d5ac5fda33e46a2d6c940eca3fa08ef27f3ad39a313,PROMOTED,02_GQMS_Controlled_Repository/00_Group_Shared/00_Governance/02_Quality_Records/01_Audits_and_Assessments/96_Audits/Internal/QMS_2026/GMG-QMS-MAN-0001_Audit-Comment-Improvement-Plan_2026-07-16.xlsx,
96_Audits,96_Audits/Internal/QMS_2026/GMG-PV-Portfolio-vs-Actual-Reconciliation_2026-07-16.xlsx,325cf5e8903f45f38f2d1e688a73f32334e994f580ded5bf03c789f9cd0d4ecf,PROMOTED,02_GQMS_Controlled_Repository/00_Group_Shared/00_Governance/02_Quality_Records/01_Audits_and_Assessments/96_Audits/Internal/QMS_2026/GMG-PV-Portfolio-vs-Actual-Reconciliation_2026-07-16.xlsx,
96_Audits,96_Audits/Internal/QMS_2026/GMG-QMS-SOP-Readiness-Audit_2026-07-21.xlsx,ff1097fcadf2e6538921e8b6520659948890b62243ff909ed1906e731322ce3f,PROMOTED,02_GQMS_Controlled_Repository/00_Group_Shared/00_Governance/02_Quality_Records/01_Audits_and_Assessments/96_Audits/Internal/QMS_2026/GMG-QMS-SOP-Readiness-Audit_2026-07-21.xlsx,
96_Audits,96_Audits/Internal/QMS_2026/GMG-QMS-SOP-Gap-Analysis_2026-07-11.xlsx,e7f9997630948d8914239f89798e5565e992d2f1a60367557abc036ec67822bd,PROMOTED,02_GQMS_Controlled_Repository/00_Group_Shared/00_Governance/02_Quality_Records/01_Audits_and_Assessments/96_Audits/Internal/QMS_2026/GMG-QMS-SOP-Gap-Analysis_2026-07-11.xlsx,
96_Audits,96_Audits/Internal/QMS_2026/GMG-QMS-LOG-0007_AI-Removal-MarkedUp-List_2026-07-15.xlsx,6cb632b88c18af4cf2476896aa74a7541482db281fd119caab3210dd6a8a0123,PROMOTED,02_GQMS_Controlled_Repository/00_Group_Shared/00_Governance/02_Quality_Records/01_Audits_and_Assessments/96_Audits/Internal/QMS_2026/GMG-QMS-LOG-0007_AI-Removal-MarkedUp-List_2026-07-15.xlsx,
90_Registers,90_Registers/GMG-QMS-LOG-0007_v0.22_DRAFT_2026-08-03.xlsx,83f10257e1c965b3c3d205c2aaf326439cd2bbebe3ac5b2a688e44c785036bd7,PROMOTED,00_Group_Repository_Control/03_Naming_and_Code_Registers/90_Registers/GMG-QMS-LOG-0007_v0.22_DRAFT_2026-08-03.xlsx,
90_Registers,90_Registers/GMG-QMS-LOG-0008_v0.2_DRAFT_2026-07-11.xlsx,100e2520afe4515390f23edb184ebda1d66e0d0f078e0f65eb7474a70bc0d8d3,PROMOTED,00_Group_Repository_Control/03_Naming_and_Code_Registers/90_Registers/GMG-QMS-LOG-0008_v0.2_DRAFT_2026-07-11.xlsx,
90_Registers,90_Registers/GMG-QMS-LOG-0014_v0.4_DRAFT_2026-08-08.xlsx,e3eda122139d9c55be26fb3d2e6eb5ab8e9765d029b038973a87fcf2a45b7dd2,PROMOTED,00_Group_Repository_Control/03_Naming_and_Code_Registers/90_Registers/GMG-QMS-LOG-0014_v0.4_DRAFT_2026-08-08.xlsx,
90_Registers,90_Registers/GMG-QMS-LOG-0011_v0.1_DRAFT_2026-07-16.xlsx,acf65cd3e68bfe5a12be1640e11b393423f1fa7df3dd14e58969e5172beb6420,PROMOTED,00_Group_Repository_Control/03_Naming_and_Code_Registers/90_Registers/GMG-QMS-LOG-0011_v0.1_DRAFT_2026-07-16.xlsx,
90_Registers,90_Registers/GMG-QMS-LOG-0004_v0.3_DRAFT_2026-07-11.xlsx,1dae0d6e452cea2afeb1bbc1b3f472f0d9591de3d1996bf70c8a365744522bcb,PROMOTED,00_Group_Repository_Control/03_Naming_and_Code_Registers/90_Registers/GMG-QMS-LOG-0004_v0.3_DRAFT_2026-07-11.xlsx,
90_Registers,90_Registers/GMG-QMS-LOG-0012_v1.3_DRAFT_2026-07-18.xlsx,31bb1b8c9b3a3e3c468f346faa2f928e81e850087aaf152543bb36150bb01e3f,PROMOTED,00_Group_Repository_Control/03_Naming_and_Code_Registers/90_Registers/GMG-QMS-LOG-0012_v1.3_DRAFT_2026-07-18.xlsx,
90_Registers,90_Registers/GMG-QMS-LOG-0013_v0.3_DRAFT_2026-08-08.xlsx,ce7d99a92977880292c35a8bc03dfa48d569abc0fce6c2053462489b3a33de06,PROMOTED,00_Group_Repository_Control/03_Naming_and_Code_Registers/90_Registers/GMG-QMS-LOG-0013_v0.3_DRAFT_2026-08-08.xlsx,
90_Registers,90_Registers/GMG-QMS-LOG-0009_v0.1_DRAFT_2026-07-11.xlsx,b72cf5b96e8a31554530b78144725277cad3153bd1edc3e90796755670355642,PROMOTED,00_Group_Repository_Control/03_Naming_and_Code_Registers/90_Registers/GMG-QMS-LOG-0009_v0.1_DRAFT_2026-07-11.xlsx,
90_Registers,90_Registers/GMG-QMS-LOG-0010_v1.5_DRAFT_2026-07-21.xlsx,9b8b32763778128ed6a6852af96dc927bde2082c00bf651aeb98544becd72880,PROMOTED,00_Group_Repository_Control/03_Naming_and_Code_Registers/90_Registers/GMG-QMS-LOG-0010_v1.5_DRAFT_2026-07-21.xlsx,
90_Registers,90_Registers/GMG-QMS-LOG-0001_v1.09_DRAFT_2026-08-10.xlsx,d56c8f43c2ffdcf93a94bdb5076e2d7c93e5c18ab8e0b08e3aa3e186fe76b107,PROMOTED,00_Group_Repository_Control/03_Naming_and_Code_Registers/90_Registers/GMG-QMS-LOG-0001_v1.09_DRAFT_2026-08-10.xlsx,
90_Registers,90_Registers/GMG-QMS-LOG-0006_v0.19_DRAFT_2026-08-03.xlsx,f54d5cc7b8495de60fc7913e0ad4dff98a26b6706c4e79c9275aeff71773de6f,PROMOTED,00_Group_Repository_Control/03_Naming_and_Code_Registers/90_Registers/GMG-QMS-LOG-0006_v0.19_DRAFT_2026-08-03.xlsx,
90_Registers,90_Registers/GMG-QMS-LOG-0002_v1.0_DRAFT_2026-07-11.xlsx,6b3702621564c027bc82d41b35f2db89cb0728672f93fc27b92badf9105b60f6,PROMOTED,00_Group_Repository_Control/03_Naming_and_Code_Registers/90_Registers/GMG-QMS-LOG-0002_v1.0_DRAFT_2026-07-11.xlsx,
90_Registers,90_Registers/GMG-QMS-LOG-0005_v0.4_DRAFT_2026-08-01.xlsx,07f9141af72452fb4975fb8da22c63de5c1fe70e4c51802a5fa741f2826c30c3,PROMOTED,00_Group_Repository_Control/03_Naming_and_Code_Registers/90_Registers/GMG-QMS-LOG-0005_v0.4_DRAFT_2026-08-01.xlsx,
90_Registers,90_Registers/Superseded_Retired/GMG-QMS-LOG-0001_v1.07_DRAFT_2026-08-08_SUPERSEDED.xlsx,50d9c1ca2378194b4dd4a8b55439ca644c15702c6a692f24f2a05938f0d6ba64,PROMOTED,00_Group_Repository_Control/03_Naming_and_Code_Registers/90_Registers/Superseded_Retired/GMG-QMS-LOG-0001_v1.07_DRAFT_2026-08-08_SUPERSEDED.xlsx,
90_Registers,90_Registers/Superseded_Retired/GMG-QMS-LOG-0001_v1.03_DRAFT_2026-08-08_SUPERSEDED.xlsx,a312f4476f5daf327eb426128baa774e76669d2e6950c8df71a858344ec4b1b8,PROMOTED,00_Group_Repository_Control/03_Naming_and_Code_Registers/90_Registers/Superseded_Retired/GMG-QMS-LOG-0001_v1.03_DRAFT_2026-08-08_SUPERSEDED.xlsx,
90_Registers,90_Registers/Superseded_Retired/GMG-QMS-LOG-0014_v0.3_DRAFT_2026-08-08_SUPERSEDED.xlsx,56303496c74ca4b913c6d38960189484e5c2f3b9968eb034204d6a9e6ae02624,PROMOTED,00_Group_Repository_Control/03_Naming_and_Code_Registers/90_Registers/Superseded_Retired/GMG-QMS-LOG-0014_v0.3_DRAFT_2026-08-08_SUPERSEDED.xlsx,
90_Registers,90_Registers/Superseded_Retired/GMG-QMS-LOG-0001_v1.08_DRAFT_2026-08-10_SUPERSEDED.xlsx,7334ab1fd07585642ae74a0c047290b2709191a062265fabfc5a96fab806825e,PROMOTED,00_Group_Repository_Control/03_Naming_and_Code_Registers/90_Registers/Superseded_Retired/GMG-QMS-LOG-0001_v1.08_DRAFT_2026-08-10_SUPERSEDED.xlsx,
90_Registers,90_Registers/Superseded_Retired/GMG-QMS-LOG-0001_v0.93_DRAFT_2026-08-06_SUPERSEDED.xlsx,6fe4be70e09ce5165caea9076c9142336fcbbc103df9766ecf0ceac3de11a6e4,PROMOTED,00_Group_Repository_Control/03_Naming_and_Code_Registers/90_Registers/Superseded_Retired/GMG-QMS-LOG-0001_v0.93_DRAFT_2026-08-06_SUPERSEDED.xlsx,
90_Registers,90_Registers/Superseded_Retired/GMG-QMS-LOG-0001_v0.94_DRAFT_2026-08-06_SUPERSEDED.xlsx,da8a2970ab931ba3c98b074bba30b967f55d862e5b8d60d918531903dcdc9a19,PROMOTED,00_Group_Repository_Control/03_Naming_and_Code_Registers/90_Registers/Superseded_Retired/GMG-QMS-LOG-0001_v0.94_DRAFT_2026-08-06_SUPERSEDED.xlsx,
90_Registers,90_Registers/Superseded_Retired/GMG-QMS-LOG-0001_v0.91_DRAFT_2026-08-05_SUPERSEDED.xlsx,0b2b84d8ad1df2852c10dd7b9fedca7b92b3487db038396db2867e63a74bc809,PROMOTED,00_Group_Repository_Control/03_Naming_and_Code_Registers/90_Registers/Superseded_Retired/GMG-QMS-LOG-0001_v0.91_DRAFT_2026-08-05_SUPERSEDED.xlsx,
90_Registers,90_Registers/Superseded_Retired/GMG-QMS-LOG-0013_v0.1_DRAFT_2026-07-18_SUPERSEDED.xlsx,cb8e5ee169f47dd641a2160f487f4127f23ebed693c14769f975e3a8314d22f2,PROMOTED,00_Group_Repository_Control/03_Naming_and_Code_Registers/90_Registers/Superseded_Retired/GMG-QMS-LOG-0013_v0.1_DRAFT_2026-07-18_SUPERSEDED.xlsx,
90_Registers,90_Registers/Superseded_Retired/GMG-QMS-LOG-0014_v0.1_DRAFT_2026-07-18_SUPERSEDED.xlsx,bf7ffe4b063f54a8f907b7e8e8a500c133bac6c6d09425256767bb8efe1e449c,PROMOTED,00_Group_Repository_Control/03_Naming_and_Code_Registers/90_Registers/Superseded_Retired/GMG-QMS-LOG-0014_v0.1_DRAFT_2026-07-18_SUPERSEDED.xlsx,
90_Registers,90_Registers/Superseded_Retired/GMG-QMS-LOG-0001_v0.89_DRAFT_2026-08-04_SUPERSEDED.xlsx,14123b0885e439c28ad72929cfffae9703c19dcc3a6843267d88458013a980d0,PROMOTED,00_Group_Repository_Control/03_Naming_and_Code_Registers/90_Registers/Superseded_Retired/GMG-QMS-LOG-0001_v0.89_DRAFT_2026-08-04_SUPERSEDED.xlsx,
90_Registers,90_Registers/Superseded_Retired/GMG-QMS-LOG-0001_v1.04_DRAFT_2026-08-08_SUPERSEDED.xlsx,44c7395a3d33a383854323e5027bbc3561a56593923fd0d58e920dd4c317fe0f,PROMOTED,00_Group_Repository_Control/03_Naming_and_Code_Registers/90_Registers/Superseded_Retired/GMG-QMS-LOG-0001_v1.04_DRAFT_2026-08-08_SUPERSEDED.xlsx,
90_Registers,90_Registers/Superseded_Retired/GMG-QMS-LOG-0001_v0.92_DRAFT_2026-08-06_SUPERSEDED.xlsx,564c7a6a96a384d59abbdae1d55bc7505b3c23d2049edc19450a1448e2ed2979,PROMOTED,00_Group_Repository_Control/03_Naming_and_Code_Registers/90_Registers/Superseded_Retired/GMG-QMS-LOG-0001_v0.92_DRAFT_2026-08-06_SUPERSEDED.xlsx,
90_Registers,90_Registers/Superseded_Retired/GMG-QMS-LOG-0001_v0.87_DRAFT_2026-08-03_SUPERSEDED.xlsx,979eabaadde6a68f1b10880ad97c17a8e71160cc4b37435b9e6946b63688151e,PROMOTED,00_Group_Repository_Control/03_Naming_and_Code_Registers/90_Registers/Superseded_Retired/GMG-QMS-LOG-0001_v0.87_DRAFT_2026-08-03_SUPERSEDED.xlsx,
90_Registers,90_Registers/Superseded_Retired/GMG-QMS-LOG-0001_v0.90_DRAFT_2026-08-04_SUPERSEDED.xlsx,f491c5c59dd9a9c4fe4bc86b8cbf5006b7ba6c6771146cdd050afe30804c5805,PROMOTED,00_Group_Repository_Control/03_Naming_and_Code_Registers/90_Registers/Superseded_Retired/GMG-QMS-LOG-0001_v0.90_DRAFT_2026-08-04_SUPERSEDED.xlsx,
90_Registers,90_Registers/Superseded_Retired/GMG-QMS-LOG-0001_v0.96_DRAFT_2026-08-06_SUPERSEDED.xlsx,6d567bf68c3c34933928053d13605c807188db176d6923ab4c10e21c9df1e5f7,PROMOTED,00_Group_Repository_Control/03_Naming_and_Code_Registers/90_Registers/Superseded_Retired/GMG-QMS-LOG-0001_v0.96_DRAFT_2026-08-06_SUPERSEDED.xlsx,
90_Registers,90_Registers/Superseded_Retired/GMG-QMS-LOG-0001_v1.02_DRAFT_2026-08-08_SUPERSEDED.xlsx,aca6a9f7a31963600cbcbcbb5204942ab8cf5aec55d3b831f723c2c755045208,PROMOTED,00_Group_Repository_Control/03_Naming_and_Code_Registers/90_Registers/Superseded_Retired/GMG-QMS-LOG-0001_v1.02_DRAFT_2026-08-08_SUPERSEDED.xlsx,
90_Registers,90_Registers/Superseded_Retired/GMG-QMS-LOG-0014_v0.2_DRAFT_2026-08-08_SUPERSEDED.xlsx,8e6cffa921488f0ab1d41634334f308783d82d9f54af805c4913247fb0ee189a,PROMOTED,00_Group_Repository_Control/03_Naming_and_Code_Registers/90_Registers/Superseded_Retired/GMG-QMS-LOG-0014_v0.2_DRAFT_2026-08-08_SUPERSEDED.xlsx,
90_Registers,90_Registers/Superseded_Retired/GMG-QMS-LOG-0013_v0.2_DRAFT_2026-08-08_SUPERSEDED.xlsx,0d43dcfc7106d0591a55deb9191c3b8d4359294ea5d70660a3e20ee29385a6cf,PROMOTED,00_Group_Repository_Control/03_Naming_and_Code_Registers/90_Registers/Superseded_Retired/GMG-QMS-LOG-0013_v0.2_DRAFT_2026-08-08_SUPERSEDED.xlsx,
90_Registers,90_Registers/Superseded_Retired/GMG-QMS-LOG-0001_v1.06_DRAFT_2026-08-08_SUPERSEDED.xlsx,bce4792e30e478b9cd401e1fda1ad7fe5625c18d4dd27b7620a683c203057a3b,PROMOTED,00_Group_Repository_Control/03_Naming_and_Code_Registers/90_Registers/Superseded_Retired/GMG-QMS-LOG-0001_v1.06_DRAFT_2026-08-08_SUPERSEDED.xlsx,
90_Registers,90_Registers/Superseded_Retired/GMG-QMS-LOG-0001_v1.05_DRAFT_2026-08-08_SUPERSEDED.xlsx,200f606b887c585e92b21c4b15d90e09fd06b6dc8a0b66f22387f50114f6bc9b,PROMOTED,00_Group_Repository_Control/03_Naming_and_Code_Registers/90_Registers/Superseded_Retired/GMG-QMS-LOG-0001_v1.05_DRAFT_2026-08-08_SUPERSEDED.xlsx,
90_Registers,90_Registers/Superseded_Retired/GMG-QMS-LOG-0001_v0.88_DRAFT_2026-08-04_SUPERSEDED.xlsx,b986803bfd56b42593adef3ab53e623e2e9b246fc4f4358e538a3c54b47edd7c,PROMOTED,00_Group_Repository_Control/03_Naming_and_Code_Registers/90_Registers/Superseded_Retired/GMG-QMS-LOG-0001_v0.88_DRAFT_2026-08-04_SUPERSEDED.xlsx,
90_Registers,90_Registers/Superseded_Retired/GMG-QMS-LOG-0001_v0.95_DRAFT_2026-08-06_SUPERSEDED.xlsx,08ccad18056b596fb91d8d2b57692819a80e9d5cb9e8a5f8a1de918c85e16351,PROMOTED,00_Group_Repository_Control/03_Naming_and_Code_Registers/90_Registers/Superseded_Retired/GMG-QMS-LOG-0001_v0.95_DRAFT_2026-08-06_SUPERSEDED.xlsx,
99_Archive,99_Archive/GMG-QMS-LOG-0001_v0.98_DRAFT_2026-08-07.xlsx,8bf6e5cdddb014d8a1a20d0649750e767d88854290fc03bad17264e1c7fe0868,PROMOTED,95_Records_Archive/00_Group_Shared/01_GQMS_Historical_Archive/99_Archive/GMG-QMS-LOG-0001_v0.98_DRAFT_2026-08-07.xlsx,
99_Archive,99_Archive/GMG-QMS-LOG-0001_v1.00_DRAFT_2026-08-07.xlsx,ae336f133b2be84bc83b37e5bef0416c38bb58fc7baa9a55bad47a0b3bb00d30,PROMOTED,95_Records_Archive/00_Group_Shared/01_GQMS_Historical_Archive/99_Archive/GMG-QMS-LOG-0001_v1.00_DRAFT_2026-08-07.xlsx,
99_Archive,99_Archive/GMG-QMS-LOG-0001_v0.99_DRAFT_2026-08-07.xlsx,c1441f281be48a22f6c42897a4fed7938e1aee0d2db4f02848fa0ef9aea73c04,PROMOTED,95_Records_Archive/00_Group_Shared/01_GQMS_Historical_Archive/99_Archive/GMG-QMS-LOG-0001_v0.99_DRAFT_2026-08-07.xlsx,
99_Archive,99_Archive/GMG-QMS-LOG-0001_v0.97_DRAFT_2026-08-06.xlsx,fd6e9ac1a5ae1744343fbde1b075a809a28d9d82f557a49245bafd09619f58eb,PROMOTED,95_Records_Archive/00_Group_Shared/01_GQMS_Historical_Archive/99_Archive/GMG-QMS-LOG-0001_v0.97_DRAFT_2026-08-06.xlsx,
99_Archive,99_Archive/Records/Registers/GMG-QMS-LOG-0001_v0.69_DRAFT_2026-07-21.xlsx,24b12f18e1604a563c6fe1e7217a9264ab7c7b5956474ca2b94cdb07d5c6000c,PROMOTED,95_Records_Archive/00_Group_Shared/01_GQMS_Historical_Archive/99_Archive/Records/Registers/GMG-QMS-LOG-0001_v0.69_DRAFT_2026-07-21.xlsx,
99_Archive,99_Archive/Records/Registers/GMG-QMS-LOG-0006_v0.8_SUPERSEDED_2026-08-03.xlsx,a60f9f43c7c87105309125a06543134fa89a37aa0783088199a4075796414563,PROMOTED,95_Records_Archive/00_Group_Shared/01_GQMS_Historical_Archive/99_Archive/Records/Registers/GMG-QMS-LOG-0006_v0.8_SUPERSEDED_2026-08-03.xlsx,
99_Archive,99_Archive/Records/Registers/GMG-QMS-LOG-0007_v0.18_DRAFT_2026-08-03.xlsx,3d553f2c1c51a1eefd9d572e3fa0c601ceaaca71769ee8407d18b5b3f9f05d32,PROMOTED,95_Records_Archive/00_Group_Shared/01_GQMS_Historical_Archive/99_Archive/Records/Registers/GMG-QMS-LOG-0007_v0.18_DRAFT_2026-08-03.xlsx,
99_Archive,99_Archive/Records/Registers/GMG-QMS-LOG-0001_v0.37_DRAFT_2026-07-16.xlsx,91b5efa49c8902f16240f0161a8bee5b1ce0abf019a46eaf0a48adcca06186f0,PROMOTED,95_Records_Archive/00_Group_Shared/01_GQMS_Historical_Archive/99_Archive/Records/Registers/GMG-QMS-LOG-0001_v0.37_DRAFT_2026-07-16.xlsx,
99_Archive,99_Archive/Records/Registers/GMG-QMS-LOG-0001_v0.79_DRAFT_2026-08-03.xlsx,6d023429b76733fbb5a33035eb0ddefd1d2d3b5ebdea48b0550b4deeb2fcaf2c,PROMOTED,95_Records_Archive/00_Group_Shared/01_GQMS_Historical_Archive/99_Archive/Records/Registers/GMG-QMS-LOG-0001_v0.79_DRAFT_2026-08-03.xlsx,
99_Archive,99_Archive/Records/Registers/GMG-QMS-LOG-0001_v0.61_DRAFT_2026-07-21.xlsx,04361dde14758b6acc697cd7dacb85798ef237d05d68f0187174d07ea02a1077,PROMOTED,95_Records_Archive/00_Group_Shared/01_GQMS_Historical_Archive/99_Archive/Records/Registers/GMG-QMS-LOG-0001_v0.61_DRAFT_2026-07-21.xlsx,
99_Archive,99_Archive/Records/Registers/GMG-QMS-LOG-0001_v0.42_DRAFT_2026-07-18.xlsx,f0950092c55384910e9ac9b1c083073c60929910278050c199c8fed1fb9a38f5,PROMOTED,95_Records_Archive/00_Group_Shared/01_GQMS_Historical_Archive/99_Archive/Records/Registers/GMG-QMS-LOG-0001_v0.42_DRAFT_2026-07-18.xlsx,
99_Archive,99_Archive/Records/Registers/GMG-QMS-LOG-0001_v0.54_DRAFT_2026-07-18.xlsx,7f8f9b76d4b7c6d9919ef3ec69beb164578cd162e0e902431fb1a69e80560acc,PROMOTED,95_Records_Archive/00_Group_Shared/01_GQMS_Historical_Archive/99_Archive/Records/Registers/GMG-QMS-LOG-0001_v0.54_DRAFT_2026-07-18.xlsx,
99_Archive,99_Archive/Records/Registers/GMG-QMS-LOG-0006_v0.14_DRAFT_2026-08-03.xlsx,ea0e86160dc8f20541f5da563dddee65294d4554d38977b253de279386099f77,PROMOTED,95_Records_Archive/00_Group_Shared/01_GQMS_Historical_Archive/99_Archive/Records/Registers/GMG-QMS-LOG-0006_v0.14_DRAFT_2026-08-03.xlsx,
99_Archive,99_Archive/Records/Registers/GMG-QMS-LOG-0001_v0.48_DRAFT_2026-07-18.xlsx,5385f3348176865edde1bc81d8f6b94ccec35450b8e37c6217a67e112f3974d9,PROMOTED,95_Records_Archive/00_Group_Shared/01_GQMS_Historical_Archive/99_Archive/Records/Registers/GMG-QMS-LOG-0001_v0.48_DRAFT_2026-07-18.xlsx,
99_Archive,99_Archive/Records/Registers/GMG-QMS-LOG-0007_v0.20_DRAFT_2026-08-03.xlsx,23b7b23925b3bb29f006efc6883cc85174b46bff222149532b5a1e681c20766c,PROMOTED,95_Records_Archive/00_Group_Shared/01_GQMS_Historical_Archive/99_Archive/Records/Registers/GMG-QMS-LOG-0007_v0.20_DRAFT_2026-08-03.xlsx,
99_Archive,99_Archive/Records/Registers/GMG-QMS-LOG-0001_v0.73_DRAFT_2026-08-03.xlsx,b7c8d2ad8bc6247bf693e96cb2fe1b71813056cdcb78a604ec1c04b78af4e19a,PROMOTED,95_Records_Archive/00_Group_Shared/01_GQMS_Historical_Archive/99_Archive/Records/Registers/GMG-QMS-LOG-0001_v0.73_DRAFT_2026-08-03.xlsx,
99_Archive,99_Archive/Records/Registers/GMG-QMS-LOG-0010_v1.3_DRAFT_2026-07-13.xlsx,51a6676d02839ff32ee6dac8b76781e1bee9a9c5c57038abd212f19b0c1d28ab,PROMOTED,95_Records_Archive/00_Group_Shared/01_GQMS_Historical_Archive/99_Archive/Records/Registers/GMG-QMS-LOG-0010_v1.3_DRAFT_2026-07-13.xlsx,
99_Archive,99_Archive/Records/Registers/GMG-QMS-LOG-0006_v0.16_DRAFT_2026-08-03.xlsx,f4974e8be696be87c0cdd5cc5afe16682b00b275d7d1647583567eadda99c0df,PROMOTED,95_Records_Archive/00_Group_Shared/01_GQMS_Historical_Archive/99_Archive/Records/Registers/GMG-QMS-LOG-0006_v0.16_DRAFT_2026-08-03.xlsx,
99_Archive,99_Archive/Records/Registers/GMG-QMS-LOG-0001_v0.56_DRAFT_2026-07-18.xlsx,0c8938ebc4d4cc8dd92570b7c0518b53c79bdc80dc6e2999af1f8c14254c24f8,PROMOTED,95_Records_Archive/00_Group_Shared/01_GQMS_Historical_Archive/99_Archive/Records/Registers/GMG-QMS-LOG-0001_v0.56_DRAFT_2026-07-18.xlsx,
99_Archive,99_Archive/Records/Registers/GMG-QMS-LOG-0007_v0.12_DRAFT_2026-08-03.xlsx,53cf3eab58a26377ecd16b3f51612fca771492f23873d064698c74e90b70ff74,PROMOTED,95_Records_Archive/00_Group_Shared/01_GQMS_Historical_Archive/99_Archive/Records/Registers/GMG-QMS-LOG-0007_v0.12_DRAFT_2026-08-03.xlsx,
99_Archive,99_Archive/Records/Registers/GMG-QMS-LOG-0005_v0.2_DRAFT_2026-07-21.xlsx,e0d5092cee928a0ab9815baa41abb1c84dda357089f02a3417b6431869b42729,PROMOTED,95_Records_Archive/00_Group_Shared/01_GQMS_Historical_Archive/99_Archive/Records/Registers/GMG-QMS-LOG-0005_v0.2_DRAFT_2026-07-21.xlsx,
99_Archive,99_Archive/Records/Registers/GMG-QMS-LOG-0001_v0.63_DRAFT_2026-07-21.xlsx,2f57e7d655d54cd6bdfae7932bf6dbf3627ee19de5facd23753e1de19ce32030,PROMOTED,95_Records_Archive/00_Group_Shared/01_GQMS_Historical_Archive/99_Archive/Records/Registers/GMG-QMS-LOG-0001_v0.63_DRAFT_2026-07-21.xlsx,
99_Archive,99_Archive/Records/Registers/GMG-QMS-LOG-0012_v1.2_DRAFT_2026-07-15.xlsx,1beaac63e77a3e74d1e0e15612d7d9413c757a2f97903929e22b50a442ac8266,PROMOTED,95_Records_Archive/00_Group_Shared/01_GQMS_Historical_Archive/99_Archive/Records/Registers/GMG-QMS-LOG-0012_v1.2_DRAFT_2026-07-15.xlsx,
99_Archive,99_Archive/Records/Registers/GMG-QMS-LOG-0001_v0.39_DRAFT_2026-07-17.xlsx,735d3aa65d2b4684e43dfc57ac6f605bf0414833e4db2027e445ff415d0f81c6,PROMOTED,95_Records_Archive/00_Group_Shared/01_GQMS_Historical_Archive/99_Archive/Records/Registers/GMG-QMS-LOG-0001_v0.39_DRAFT_2026-07-17.xlsx,
99_Archive,99_Archive/Records/Registers/GMG-QMS-LOG-0001_v0.65_DRAFT_2026-07-21.xlsx,6a3aab29599d41053aa839c6e3761818428f5fd3be66c4502234864115cb4059,PROMOTED,95_Records_Archive/00_Group_Shared/01_GQMS_Historical_Archive/99_Archive/Records/Registers/GMG-QMS-LOG-0001_v0.65_DRAFT_2026-07-21.xlsx,
99_Archive,99_Archive/Records/Registers/GMG-QMS-LOG-0001_v0.41_DRAFT_2026-07-17.xlsx,82a0bc4256d9895315003c1c43fa564ae7c1745c6454a03a704ebd55e06a4403,PROMOTED,95_Records_Archive/00_Group_Shared/01_GQMS_Historical_Archive/99_Archive/Records/Registers/GMG-QMS-LOG-0001_v0.41_DRAFT_2026-07-17.xlsx,
99_Archive,99_Archive/Records/Registers/GMG-QMS-LOG-0001_v0.46_DRAFT_2026-07-18.xlsx,09e5a185e2a024f9f712fbf64f3bbaf7890ec513cc88192b266cfb256be1dbd8,PROMOTED,95_Records_Archive/00_Group_Shared/01_GQMS_Historical_Archive/99_Archive/Records/Registers/GMG-QMS-LOG-0001_v0.46_DRAFT_2026-07-18.xlsx,
99_Archive,99_Archive/Records/Registers/GMG-QMS-LOG-0007_v0.14_DRAFT_2026-08-03.xlsx,c81fce2450bb310981f55d6436b52e565200e60c405638b267f93780298edf0d,PROMOTED,95_Records_Archive/00_Group_Shared/01_GQMS_Historical_Archive/99_Archive/Records/Registers/GMG-QMS-LOG-0007_v0.14_DRAFT_2026-08-03.xlsx,
99_Archive,99_Archive/Records/Registers/GMG-QMS-LOG-0006_v0.10_DRAFT_2026-08-03.xlsx,89951bdde4ad9cfb392361938ee1e55b18c047b54d8935a9b36ba6dcb2e75a64,PROMOTED,95_Records_Archive/00_Group_Shared/01_GQMS_Historical_Archive/99_Archive/Records/Registers/GMG-QMS-LOG-0006_v0.10_DRAFT_2026-08-03.xlsx,
99_Archive,99_Archive/Records/Registers/GMG-QMS-LOG-0001_v0.50_DRAFT_2026-07-18.xlsx,f4c37e402108e1bcd7d4547fb0ea91d02f8801cb1a72c91ffba5e24583f4c953,PROMOTED,95_Records_Archive/00_Group_Shared/01_GQMS_Historical_Archive/99_Archive/Records/Registers/GMG-QMS-LOG-0001_v0.50_DRAFT_2026-07-18.xlsx,
99_Archive,99_Archive/Records/Registers/GMG-QMS-LOG-0001_v0.75_DRAFT_2026-08-03.xlsx,54366d4669de26bd8fd1f4492b65670f2ecfbae3079f94f22696af6129f61fe2,PROMOTED,95_Records_Archive/00_Group_Shared/01_GQMS_Historical_Archive/99_Archive/Records/Registers/GMG-QMS-LOG-0001_v0.75_DRAFT_2026-08-03.xlsx,
99_Archive,99_Archive/Records/Registers/GMG-QMS-LOG-0006_v0.9_DRAFT_2026-08-03.xlsx,721846c67e2df3129ffdfea9de8a896f3fb109fd33f6d58d8f3bb8b5abfa7f57,PROMOTED,95_Records_Archive/00_Group_Shared/01_GQMS_Historical_Archive/99_Archive/Records/Registers/GMG-QMS-LOG-0006_v0.9_DRAFT_2026-08-03.xlsx,
99_Archive,99_Archive/Records/Registers/GMG-QMS-LOG-0001_v0.58_DRAFT_2026-07-18.xlsx,6e9bb9578cc90e84ee031e3172d118c5627c7070a8db65cfa4a95a9792952869,PROMOTED,95_Records_Archive/00_Group_Shared/01_GQMS_Historical_Archive/99_Archive/Records/Registers/GMG-QMS-LOG-0001_v0.58_DRAFT_2026-07-18.xlsx,
99_Archive,99_Archive/Records/Registers/GMG-QMS-LOG-0010_v1.4_DRAFT_2026-07-21.xlsx,0d10b941b6aecb8850d5955f7c88ebc109c32bd4bfcd1bc8e40f2ddf51db66e1,PROMOTED,95_Records_Archive/00_Group_Shared/01_GQMS_Historical_Archive/99_Archive/Records/Registers/GMG-QMS-LOG-0010_v1.4_DRAFT_2026-07-21.xlsx,
99_Archive,99_Archive/Records/Registers/GMG-QMS-LOG-0001_v0.81_DRAFT_2026-08-03.xlsx,27616d21aa6850501e1ddc62a69905861f8238e4c5af677b69c3cf0325fad7d5,PROMOTED,95_Records_Archive/00_Group_Shared/01_GQMS_Historical_Archive/99_Archive/Records/Registers/GMG-QMS-LOG-0001_v0.81_DRAFT_2026-08-03.xlsx,
99_Archive,99_Archive/Records/Registers/GMG-QMS-LOG-0001_v0.44_DRAFT_2026-07-18.xlsx,b3700cc74d1186441fa8bb3d83dfe1750da2c8aba3e3f1f6652637492e9440e3,PROMOTED,95_Records_Archive/00_Group_Shared/01_GQMS_Historical_Archive/99_Archive/Records/Registers/GMG-QMS-LOG-0001_v0.44_DRAFT_2026-07-18.xlsx,
99_Archive,99_Archive/Records/Registers/GMG-QMS-LOG-0007_v0.16_DRAFT_2026-08-03.xlsx,f668ac8a03ff65ae9e2d745bdf2f436e2e0863b8856841b1fd3f8fa79e6b9ac0,PROMOTED,95_Records_Archive/00_Group_Shared/01_GQMS_Historical_Archive/99_Archive/Records/Registers/GMG-QMS-LOG-0007_v0.16_DRAFT_2026-08-03.xlsx,
99_Archive,99_Archive/Records/Registers/GMG-QMS-LOG-0001_v0.52_DRAFT_2026-07-18.xlsx,ff484910dd094122246b0ed0828785338bd9ac2c81027f6c9caae9a727523a21,PROMOTED,95_Records_Archive/00_Group_Shared/01_GQMS_Historical_Archive/99_Archive/Records/Registers/GMG-QMS-LOG-0001_v0.52_DRAFT_2026-07-18.xlsx,
99_Archive,99_Archive/Records/Registers/GMG-QMS-LOG-0006_v0.12_DRAFT_2026-08-03.xlsx,8e145029446726efb3e590b9b01655ad4bd4e83d1362432f450b2b3d4645a758,PROMOTED,95_Records_Archive/00_Group_Shared/01_GQMS_Historical_Archive/99_Archive/Records/Registers/GMG-QMS-LOG-0006_v0.12_DRAFT_2026-08-03.xlsx,
99_Archive,99_Archive/Records/Registers/GMG-QMS-LOG-0001_v0.71_DRAFT_2026-07-21.xlsx,cf7134910f957680f9ed6526cd02138c42c0ca1e58bcefa2113b091f0a018e66,PROMOTED,95_Records_Archive/00_Group_Shared/01_GQMS_Historical_Archive/99_Archive/Records/Registers/GMG-QMS-LOG-0001_v0.71_DRAFT_2026-07-21.xlsx,
99_Archive,99_Archive/Records/Registers/GMG-QMS-LOG-0001_v0.67_DRAFT_2026-07-21.xlsx,b61c2cf6c273c713a53b62c5395a446655d74653ee0151fce49f1d6f0421689e,PROMOTED,95_Records_Archive/00_Group_Shared/01_GQMS_Historical_Archive/99_Archive/Records/Registers/GMG-QMS-LOG-0001_v0.67_DRAFT_2026-07-21.xlsx,
99_Archive,99_Archive/Records/Registers/GMG-QMS-LOG-0001_v0.83_DRAFT_2026-08-03.xlsx,ee6b7e4f1ce4bdd406a0a0780bfec942155d1219e1d7e93f20ce229978e4fd87,PROMOTED,95_Records_Archive/00_Group_Shared/01_GQMS_Historical_Archive/99_Archive/Records/Registers/GMG-QMS-LOG-0001_v0.83_DRAFT_2026-08-03.xlsx,
99_Archive,99_Archive/Records/Registers/GMG-QMS-LOG-0001_v0.77_DRAFT_2026-08-03.xlsx,ab3f41a7ad2bd0d04914966978d6a036e22ed05c816c9fc0a3ad13a8dc5e67ef,PROMOTED,95_Records_Archive/00_Group_Shared/01_GQMS_Historical_Archive/99_Archive/Records/Registers/GMG-QMS-LOG-0001_v0.77_DRAFT_2026-08-03.xlsx,
99_Archive,99_Archive/Records/Registers/GMG-QMS-LOG-0001_v0.60_DRAFT_2026-07-18.xlsx,ea40211c14e3641038c3212fbc7ec381566205d563be6b3f9d7d88574efe9796,PROMOTED,95_Records_Archive/00_Group_Shared/01_GQMS_Historical_Archive/99_Archive/Records/Registers/GMG-QMS-LOG-0001_v0.60_DRAFT_2026-07-18.xlsx,
99_Archive,99_Archive/Records/Registers/GMG-QMS-LOG-0001_v0.78_DRAFT_2026-08-03.xlsx,4c1cd038d5a63b5bd953c553d64073b0f45863b743a46df16fdbdd839ad4a210,PROMOTED,95_Records_Archive/00_Group_Shared/01_GQMS_Historical_Archive/99_Archive/Records/Registers/GMG-QMS-LOG-0001_v0.78_DRAFT_2026-08-03.xlsx,
99_Archive,99_Archive/Records/Registers/GMG-QMS-LOG-0001_v0.55_DRAFT_2026-07-18.xlsx,d3d4a27e68472958f1e9eb11553be45a14f00d9d012680786f80463286f444b2,PROMOTED,95_Records_Archive/00_Group_Shared/01_GQMS_Historical_Archive/99_Archive/Records/Registers/GMG-QMS-LOG-0001_v0.55_DRAFT_2026-07-18.xlsx,
99_Archive,99_Archive/Records/Registers/GMG-QMS-LOG-0006_v0.15_DRAFT_2026-08-03.xlsx,64bcccf6f520b8dabea8527c34c26c9311ee86d02ee1a8a6f6f073732276491a,PROMOTED,95_Records_Archive/00_Group_Shared/01_GQMS_Historical_Archive/99_Archive/Records/Registers/GMG-QMS-LOG-0006_v0.15_DRAFT_2026-08-03.xlsx,
99_Archive,99_Archive/Records/Registers/GMG-QMS-LOG-0001_v0.43_DRAFT_2026-07-18.xlsx,0133436bbc62aeb3b6041dfa1a35e360e032401400b2127faeb01bda39b9efa8,PROMOTED,95_Records_Archive/00_Group_Shared/01_GQMS_Historical_Archive/99_Archive/Records/Registers/GMG-QMS-LOG-0001_v0.43_DRAFT_2026-07-18.xlsx,
99_Archive,99_Archive/Records/Registers/GMG-QMS-LOG-0001_v0.68_DRAFT_2026-07-21.xlsx,12b3857ba787a6baa4c7d6119164de62898ccabc1fb9504bbb0298a7b967003d,PROMOTED,95_Records_Archive/00_Group_Shared/01_GQMS_Historical_Archive/99_Archive/Records/Registers/GMG-QMS-LOG-0001_v0.68_DRAFT_2026-07-21.xlsx,
99_Archive,99_Archive/Records/Registers/GMG-QMS-LOG-0001_v0.84_DRAFT_2026-08-03.xlsx,d8be64c1b758d2229597361c7a83f1d5218a8d0fbf35639f8f0f99d1b04d2925,PROMOTED,95_Records_Archive/00_Group_Shared/01_GQMS_Historical_Archive/99_Archive/Records/Registers/GMG-QMS-LOG-0001_v0.84_DRAFT_2026-08-03.xlsx,
99_Archive,99_Archive/Records/Registers/GMG-QMS-LOG-0007_v0.19_DRAFT_2026-08-03.xlsx,e1adcf3e838de4364f5dd2246259bba3bc600ea13e58dea90184bbcc03e3d2df,PROMOTED,95_Records_Archive/00_Group_Shared/01_GQMS_Historical_Archive/99_Archive/Records/Registers/GMG-QMS-LOG-0007_v0.19_DRAFT_2026-08-03.xlsx,
99_Archive,99_Archive/Records/Registers/GMG-QMS-LOG-0006_v0.17_DRAFT_2026-08-03.xlsx,1688fc665478e465b4ac41c5d6c781ffcc4e54d0ebb8a7c9ef04304793350d15,PROMOTED,95_Records_Archive/00_Group_Shared/01_GQMS_Historical_Archive/99_Archive/Records/Registers/GMG-QMS-LOG-0006_v0.17_DRAFT_2026-08-03.xlsx,
99_Archive,99_Archive/Records/Registers/GMG-QMS-LOG-0001_v0.57_DRAFT_2026-07-18.xlsx,3e60622596396a751786ad77251faf0d9461575f19ba01fa47adab5ee53ff2f0,PROMOTED,95_Records_Archive/00_Group_Shared/01_GQMS_Historical_Archive/99_Archive/Records/Registers/GMG-QMS-LOG-0001_v0.57_DRAFT_2026-07-18.xlsx,
99_Archive,99_Archive/Records/Registers/GMG-QMS-LOG-0007_v0.13_DRAFT_2026-08-03.xlsx,72b38d3b30ee9af02460e7759e34ffaeea2ace31ebaee6ea09473748cf6a94f1,PROMOTED,95_Records_Archive/00_Group_Shared/01_GQMS_Historical_Archive/99_Archive/Records/Registers/GMG-QMS-LOG-0007_v0.13_DRAFT_2026-08-03.xlsx,
99_Archive,99_Archive/Records/Registers/GMG-QMS-LOG-0007_v0.10_DRAFT_2026-07-15.xlsx,a7ec46cf5319ee516fb51e9cfb1596dc81a07d7b57004d5d1e495e0f12c01741,PROMOTED,95_Records_Archive/00_Group_Shared/01_GQMS_Historical_Archive/99_Archive/Records/Registers/GMG-QMS-LOG-0007_v0.10_DRAFT_2026-07-15.xlsx,
99_Archive,99_Archive/Records/Registers/GMG-QMS-LOG-0006_v0.7_DRAFT_2026-07-18.xlsx,f6b7fbfcff587ac6ad56eb5782cce8513e46defd35e1333008a94ecc1786f44d,PROMOTED,95_Records_Archive/00_Group_Shared/01_GQMS_Historical_Archive/99_Archive/Records/Registers/GMG-QMS-LOG-0006_v0.7_DRAFT_2026-07-18.xlsx,
99_Archive,99_Archive/Records/Registers/GMG-QMS-LOG-0001_v0.62_DRAFT_2026-07-21.xlsx,4a87c55318c8c28c9870a9c2ad2152728cf34a434446f143a398d332611459a7,PROMOTED,95_Records_Archive/00_Group_Shared/01_GQMS_Historical_Archive/99_Archive/Records/Registers/GMG-QMS-LOG-0001_v0.62_DRAFT_2026-07-21.xlsx,
99_Archive,99_Archive/Records/Registers/GMG-QMS-LOG-0006_v0.5_DRAFT_2026-07-15.xlsx,8b740952dcacd286ecafcdb3bd532c7cc373fcaa0684590094a54f3e9e7cbdce,PROMOTED,95_Records_Archive/00_Group_Shared/01_GQMS_Historical_Archive/99_Archive/Records/Registers/GMG-QMS-LOG-0006_v0.5_DRAFT_2026-07-15.xlsx,
99_Archive,99_Archive/Records/Registers/GMG-QMS-LOG-0001_v0.49_DRAFT_2026-07-18.xlsx,9c1830bc614f6b02bbd95fece61e5060f5ebfecd89e465417e40ae42eb5288a5,PROMOTED,95_Records_Archive/00_Group_Shared/01_GQMS_Historical_Archive/99_Archive/Records/Registers/GMG-QMS-LOG-0001_v0.49_DRAFT_2026-07-18.xlsx,
99_Archive,99_Archive/Records/Registers/GMG-QMS-LOG-0007_v0.21_DRAFT_2026-08-03.xlsx,1798956694466e77d8f2f6cf80c2a27223edfce2a41ad894eb0cbe16d02f2ad9,PROMOTED,95_Records_Archive/00_Group_Shared/01_GQMS_Historical_Archive/99_Archive/Records/Registers/GMG-QMS-LOG-0007_v0.21_DRAFT_2026-08-03.xlsx,
99_Archive,99_Archive/Records/Registers/GMG-QMS-LOG-0001_v0.74_DRAFT_2026-08-03.xlsx,6550ab91f15aaba080f7eab832ba48300eeff438980e588867235d3c36245b7f,PROMOTED,95_Records_Archive/00_Group_Shared/01_GQMS_Historical_Archive/99_Archive/Records/Registers/GMG-QMS-LOG-0001_v0.74_DRAFT_2026-08-03.xlsx,
99_Archive,99_Archive/Records/Registers/GMG-QMS-LOG-0007_v0.11_DRAFT_2026-07-16.xlsx,950e39750e9668f4462837b02eff3a3271336c0460142a894efddadf4881f9f5,PROMOTED,95_Records_Archive/00_Group_Shared/01_GQMS_Historical_Archive/99_Archive/Records/Registers/GMG-QMS-LOG-0007_v0.11_DRAFT_2026-07-16.xlsx,
99_Archive,99_Archive/Records/Registers/GMG-QMS-LOG-0001_v0.80_DRAFT_2026-08-03.xlsx,3ea0e27b5c16aaafd9234886c30207511610e6036589421085dd07b5d0f88bc0,PROMOTED,95_Records_Archive/00_Group_Shared/01_GQMS_Historical_Archive/99_Archive/Records/Registers/GMG-QMS-LOG-0001_v0.80_DRAFT_2026-08-03.xlsx,
99_Archive,99_Archive/Records/Registers/GMG-QMS-LOG-0001_v0.59_DRAFT_2026-07-18.xlsx,69844bdf58e782dca0e7684cea7db4fa5bc27f96532bb9d6230c499786c3da9b,PROMOTED,95_Records_Archive/00_Group_Shared/01_GQMS_Historical_Archive/99_Archive/Records/Registers/GMG-QMS-LOG-0001_v0.59_DRAFT_2026-07-18.xlsx,
99_Archive,99_Archive/Records/Registers/GMG-QMS-LOG-0005_v0.1_DRAFT_2026-07-11.xlsx,0b9767d92686eaaf84272ff75f05dbe68c0f74321299eb0c0c3e909124b7638e,PROMOTED,95_Records_Archive/00_Group_Shared/01_GQMS_Historical_Archive/99_Archive/Records/Registers/GMG-QMS-LOG-0005_v0.1_DRAFT_2026-07-11.xlsx,
99_Archive,99_Archive/Records/Registers/GMG-QMS-LOG-0001_v0.64_DRAFT_2026-07-21.xlsx,056df15cc0d18c728bc0710c72da755e7d22f16f684d2b5a365e68f53361be85,PROMOTED,95_Records_Archive/00_Group_Shared/01_GQMS_Historical_Archive/99_Archive/Records/Registers/GMG-QMS-LOG-0001_v0.64_DRAFT_2026-07-21.xlsx,
99_Archive,99_Archive/Records/Registers/GMG-QMS-LOG-0001_v0.40_DRAFT_2026-07-17.xlsx,0e333338b77f0def48e87b02c5e8594950025ca2cbc5adbf14ffd2fbeba7a951,PROMOTED,95_Records_Archive/00_Group_Shared/01_GQMS_Historical_Archive/99_Archive/Records/Registers/GMG-QMS-LOG-0001_v0.40_DRAFT_2026-07-17.xlsx,
99_Archive,99_Archive/Records/Registers/GMG-QMS-LOG-0001_v0.38_DRAFT_2026-07-17.xlsx,a8bfa9ddc14f491c6e7035ef05e0b04fae464cac2ca1e6119a90a9529a0d27b4,PROMOTED,95_Records_Archive/00_Group_Shared/01_GQMS_Historical_Archive/99_Archive/Records/Registers/GMG-QMS-LOG-0001_v0.38_DRAFT_2026-07-17.xlsx,
99_Archive,99_Archive/Records/Registers/GMG-QMS-LOG-0001_v0.72_DRAFT_2026-07-21.xlsx,950048963f519b2df6ae2448e62c592099ba8e888300f13a63c2158c284c5010,PROMOTED,95_Records_Archive/00_Group_Shared/01_GQMS_Historical_Archive/99_Archive/Records/Registers/GMG-QMS-LOG-0001_v0.72_DRAFT_2026-07-21.xlsx,
99_Archive,99_Archive/Records/Registers/GMG-QMS-LOG-0007_v0.15_DRAFT_2026-08-03.xlsx,6d38414a0a9006496635f7e75ca778761d944c520417c2b30ca9d68025a76814,PROMOTED,95_Records_Archive/00_Group_Shared/01_GQMS_Historical_Archive/99_Archive/Records/Registers/GMG-QMS-LOG-0007_v0.15_DRAFT_2026-08-03.xlsx,
99_Archive,99_Archive/Records/Registers/GMG-QMS-LOG-0006_v0.11_DRAFT_2026-08-03.xlsx,7532b7660d6ccfe22b6ab2cc6e894bbf1aff7bdf87d45f5efb5a6d76c9fc1fa0,PROMOTED,95_Records_Archive/00_Group_Shared/01_GQMS_Historical_Archive/99_Archive/Records/Registers/GMG-QMS-LOG-0006_v0.11_DRAFT_2026-08-03.xlsx,
99_Archive,99_Archive/Records/Registers/GMG-QMS-LOG-0001_v0.51_DRAFT_2026-07-18.xlsx,7ced6fa8bbf39dd5af5928cfbe2eb45efc2ab5f937d25527a77c8c290d0b4728,PROMOTED,95_Records_Archive/00_Group_Shared/01_GQMS_Historical_Archive/99_Archive/Records/Registers/GMG-QMS-LOG-0001_v0.51_DRAFT_2026-07-18.xlsx,
99_Archive,99_Archive/Records/Registers/GMG-QMS-LOG-0001_v0.47_DRAFT_2026-07-18.xlsx,2fd8e34e24dff60b71abf66c0d176e61e84db3ebd52902af6b9d5b8854fb12aa,PROMOTED,95_Records_Archive/00_Group_Shared/01_GQMS_Historical_Archive/99_Archive/Records/Registers/GMG-QMS-LOG-0001_v0.47_DRAFT_2026-07-18.xlsx,
99_Archive,99_Archive/Records/Registers/GMG-QMS-LOG-0006_v0.6_DRAFT_2026-07-16.xlsx,687407461a7454ec10e7a2adffa2a93666f4af448038e9e9a0c6e5ed61b38352,PROMOTED,95_Records_Archive/00_Group_Shared/01_GQMS_Historical_Archive/99_Archive/Records/Registers/GMG-QMS-LOG-0006_v0.6_DRAFT_2026-07-16.xlsx,
99_Archive,99_Archive/Records/Registers/GMG-QMS-LOG-0001_v0.82_DRAFT_2026-08-03.xlsx,dbd10d7ed8a66cb97a1b022d1b2db03767993f31ecdacd3d1773128af7eb5bb7,PROMOTED,95_Records_Archive/00_Group_Shared/01_GQMS_Historical_Archive/99_Archive/Records/Registers/GMG-QMS-LOG-0001_v0.82_DRAFT_2026-08-03.xlsx,
99_Archive,99_Archive/Records/Registers/GMG-QMS-LOG-0001_v1.01_DRAFT_2026-08-07.xlsx,01e22a264e112f607d64b73ec45e889b632981e1b435ddd8140569d71bfe347c,PROMOTED,95_Records_Archive/00_Group_Shared/01_GQMS_Historical_Archive/99_Archive/Records/Registers/GMG-QMS-LOG-0001_v1.01_DRAFT_2026-08-07.xlsx,
99_Archive,99_Archive/Records/Registers/GMG-QMS-LOG-0001_v0.76_DRAFT_2026-08-03.xlsx,d7c40caf01d51298e7b044e7b15b1b2081cf68be866bbf2e45262bb603a5e467,PROMOTED,95_Records_Archive/00_Group_Shared/01_GQMS_Historical_Archive/99_Archive/Records/Registers/GMG-QMS-LOG-0001_v0.76_DRAFT_2026-08-03.xlsx,
99_Archive,99_Archive/Records/Registers/GMG-QMS-LOG-0007_v0.17_DRAFT_2026-08-03.xlsx,6fa5bfc0d672a8b515527f6bfc393404137035a35e3db8d21c9744b1f37ca99f,PROMOTED,95_Records_Archive/00_Group_Shared/01_GQMS_Historical_Archive/99_Archive/Records/Registers/GMG-QMS-LOG-0007_v0.17_DRAFT_2026-08-03.xlsx,
99_Archive,99_Archive/Records/Registers/GMG-QMS-LOG-0001_v0.53_DRAFT_2026-07-18.xlsx,a3b19b86efd7e4dfe0554992194484154788a49aed7ad8108500c55ac7434190,PROMOTED,95_Records_Archive/00_Group_Shared/01_GQMS_Historical_Archive/99_Archive/Records/Registers/GMG-QMS-LOG-0001_v0.53_DRAFT_2026-07-18.xlsx,
99_Archive,99_Archive/Records/Registers/GMG-QMS-LOG-0006_v0.13_DRAFT_2026-08-03.xlsx,fbf481a8894eeb8d54781b2264ad64fbdf7264ccb4abd63e0b0415d5a3b601aa,PROMOTED,95_Records_Archive/00_Group_Shared/01_GQMS_Historical_Archive/99_Archive/Records/Registers/GMG-QMS-LOG-0006_v0.13_DRAFT_2026-08-03.xlsx,
99_Archive,99_Archive/Records/Registers/GMG-QMS-LOG-0001_v0.45_DRAFT_2026-07-18.xlsx,dfd494ca7e806e3ff0f142acb7d8fb61a88a33fbad2a7abd78a318dab5bf5de5,PROMOTED,95_Records_Archive/00_Group_Shared/01_GQMS_Historical_Archive/99_Archive/Records/Registers/GMG-QMS-LOG-0001_v0.45_DRAFT_2026-07-18.xlsx,
99_Archive,99_Archive/Records/Registers/GMG-QMS-LOG-0001_v0.66_DRAFT_2026-07-21.xlsx,193cce021ed5ea542ea1cfa10a7b1f74fb051a17aab0e9970bc5a7a916d49365,PROMOTED,95_Records_Archive/00_Group_Shared/01_GQMS_Historical_Archive/99_Archive/Records/Registers/GMG-QMS-LOG-0001_v0.66_DRAFT_2026-07-21.xlsx,
99_Archive,99_Archive/Records/Registers/GMG-QMS-LOG-0001_v0.70_DRAFT_2026-07-21.xlsx,079f4dfd81fb4a33f0a58b66a4e83d3d7d5caa95397e9b822f339d03448c62b3,PROMOTED,95_Records_Archive/00_Group_Shared/01_GQMS_Historical_Archive/99_Archive/Records/Registers/GMG-QMS-LOG-0001_v0.70_DRAFT_2026-07-21.xlsx,
99_Archive,99_Archive/Obsolete/README_Repository_Structure_LIFECYCLE_superseded.md,0272de5821cd68fc5f146bfe95fac5daf42a020c3ccde531432a300ec1b45b47,PROMOTED,95_Records_Archive/00_Group_Shared/01_GQMS_Historical_Archive/99_Archive/Obsolete/README_Repository_Structure_LIFECYCLE_superseded.md,
99_Archive,99_Archive/Obsolete/GQMS_Ready_Documents_RETIRED_superseded_by_LOG-0001.xlsx,a6f5011af18536763519914064fed78f50886fc9bd86efbef40163d3f06e4eb4,PROMOTED,95_Records_Archive/00_Group_Shared/01_GQMS_Historical_Archive/99_Archive/Obsolete/GQMS_Ready_Documents_RETIRED_superseded_by_LOG-0001.xlsx,
99_Archive,99_Archive/Obsolete/Registers/GMG-QMS-LOG-0001_v0.86_DRAFT_2026-08-03_SUPERSEDED.xlsx,01224dbf7c47a741802e9325ae5d3e11b4e0d313368956a967e64876a0918472,PROMOTED,95_Records_Archive/00_Group_Shared/01_GQMS_Historical_Archive/99_Archive/Obsolete/Registers/GMG-QMS-LOG-0001_v0.86_DRAFT_2026-08-03_SUPERSEDED.xlsx,
99_Archive,99_Archive/Obsolete/Registers/GMG-QMS-LOG-0001_v0.85_DRAFT_2026-08-03_SUPERSEDED.xlsx,b9c0b6a31e6823a4b082c38103e7364276537ecfa0543bac90171ad161b139fa,PROMOTED,95_Records_Archive/00_Group_Shared/01_GQMS_Historical_Archive/99_Archive/Obsolete/Registers/GMG-QMS-LOG-0001_v0.85_DRAFT_2026-08-03_SUPERSEDED.xlsx,
99_Archive,99_Archive/Obsolete/Registers/GMG-QMS-LOG-0006_v0.18_DRAFT_2026-08-03_SUPERSEDED.xlsx,19414db3bf5f524ac03dc7f60b7076599db678d39a61413e509a43b1c5a60bcc,PROMOTED,95_Records_Archive/00_Group_Shared/01_GQMS_Historical_Archive/99_Archive/Obsolete/Registers/GMG-QMS-LOG-0006_v0.18_DRAFT_2026-08-03_SUPERSEDED.xlsx,
99_Archive,99_Archive/Controlled_Documents/Pre-effective_drafts/GMG-QMS-SOP-0001_v0.18_SUPERSEDED_2026-07-11.docx,501700b92541ff014a305e5efdd361803df6ee7a2421a10a1954c3b2c0a765fd,PROMOTED,95_Records_Archive/00_Group_Shared/01_GQMS_Historical_Archive/99_Archive/Controlled_Documents/Pre-effective_drafts/GMG-QMS-SOP-0001_v0.18_SUPERSEDED_2026-07-11.docx,
99_Archive,99_Archive/Controlled_Documents/Pre-effective_drafts/GMG-QMS-SOP-0012_v0.2_SUPERSEDED_2026-07-11.docx,ca9bbfae3e6d683202c12ee57ed60f7d73cafcbf07166e2710f8775563ed5492,PROMOTED,95_Records_Archive/00_Group_Shared/01_GQMS_Historical_Archive/99_Archive/Controlled_Documents/Pre-effective_drafts/GMG-QMS-SOP-0012_v0.2_SUPERSEDED_2026-07-11.docx,
99_Archive,99_Archive/Controlled_Documents/Pre-effective_drafts/GMG-QMS-SOP-0001_v0.22_SUPERSEDED_2026-07-14.docx,e8e1663f1340da7b8727db96eee8179ea9811da15b956ea331dc12298f6d12fd,PROMOTED,95_Records_Archive/00_Group_Shared/01_GQMS_Historical_Archive/99_Archive/Controlled_Documents/Pre-effective_drafts/GMG-QMS-SOP-0001_v0.22_SUPERSEDED_2026-07-14.docx,
99_Archive,99_Archive/Controlled_Documents/Pre-effective_drafts/GMG-QMS-LOG-0007_v0.1_SUPERSEDED_2026-07-11.xlsx,ee670396ad3e995e617932c03d835c0d75f7fd4d18c4f2307565b933cb946ce3,PROMOTED,95_Records_Archive/00_Group_Shared/01_GQMS_Historical_Archive/99_Archive/Controlled_Documents/Pre-effective_drafts/GMG-QMS-LOG-0007_v0.1_SUPERSEDED_2026-07-11.xlsx,
99_Archive,99_Archive/Controlled_Documents/Pre-effective_drafts/GMG-QMS-SOP-0007_v0.1_SUPERSEDED_2026-07-11.docx,848267dd1a3b200e88d3e15f63744af7c36c8946efd21288d09efd8538ecd086,PROMOTED,95_Records_Archive/00_Group_Shared/01_GQMS_Historical_Archive/99_Archive/Controlled_Documents/Pre-effective_drafts/GMG-QMS-SOP-0007_v0.1_SUPERSEDED_2026-07-11.docx,
99_Archive,99_Archive/Controlled_Documents/Pre-effective_drafts/GMG-QMS-SOP-0003_v0.3_SUPERSEDED_2026-07-11.docx,5f87f7948745677db0fc47c9ca23f02f84257c40abd6b700e80de93c5606f740,PROMOTED,95_Records_Archive/00_Group_Shared/01_GQMS_Historical_Archive/99_Archive/Controlled_Documents/Pre-effective_drafts/GMG-QMS-SOP-0003_v0.3_SUPERSEDED_2026-07-11.docx,
99_Archive,99_Archive/Controlled_Documents/Pre-effective_drafts/GMG-QMS-SOP-0010_v0.1_SUPERSEDED_2026-07-11.docx,3bf5400792bd3806d170f60c4d5f4b9a3c8071e8d4cd74a92ba8e9537f21316d,PROMOTED,95_Records_Archive/00_Group_Shared/01_GQMS_Historical_Archive/99_Archive/Controlled_Documents/Pre-effective_drafts/GMG-QMS-SOP-0010_v0.1_SUPERSEDED_2026-07-11.docx,
99_Archive,99_Archive/Controlled_Documents/Pre-effective_drafts/GMG-NUT-SOP-0008_v0.2_SUPERSEDED_2026-08-01.docx,fe9e5fcd4ef6b2ab9ce861573b04f61266d130cafa09e54b36601c9c42545490,PROMOTED,95_Records_Archive/00_Group_Shared/01_GQMS_Historical_Archive/99_Archive/Controlled_Documents/Pre-effective_drafts/GMG-NUT-SOP-0008_v0.2_SUPERSEDED_2026-08-01.docx,
99_Archive,99_Archive/Controlled_Documents/Pre-effective_drafts/GMG-QMS-SOP-0005_v0.2_SUPERSEDED_2026-07-11.docx,ecfeab2b6cb93a23b72a0f6f306da870fbdfb722d37673448bcc45ff462c027f,PROMOTED,95_Records_Archive/00_Group_Shared/01_GQMS_Historical_Archive/99_Archive/Controlled_Documents/Pre-effective_drafts/GMG-QMS-SOP-0005_v0.2_SUPERSEDED_2026-07-11.docx,
99_Archive,99_Archive/Controlled_Documents/Pre-effective_drafts/GMG-QMS-MTX-0003_v1.2_SUPERSEDED_2026-07-13.xlsx,23794c1525d394fb12c8aad56907d12ded37118e91138ae8726625419aaeccf2,PROMOTED,95_Records_Archive/00_Group_Shared/01_GQMS_Historical_Archive/99_Archive/Controlled_Documents/Pre-effective_drafts/GMG-QMS-MTX-0003_v1.2_SUPERSEDED_2026-07-13.xlsx,
99_Archive,99_Archive/Controlled_Documents/Pre-effective_drafts/GMG-QMS-MTX-0008_v0.2_SUPERSEDED_2026-08-01.docx,dec97e6e0ec51479d9cb093f1e0b11e2aad47433c5f16644b9f4444ba7ff2792,PROMOTED,95_Records_Archive/00_Group_Shared/01_GQMS_Historical_Archive/99_Archive/Controlled_Documents/Pre-effective_drafts/GMG-QMS-MTX-0008_v0.2_SUPERSEDED_2026-08-01.docx,
99_Archive,99_Archive/Controlled_Documents/Pre-effective_drafts/GMG-QMS-SOP-0002_v0.1_SUPERSEDED_2026-07-11.docx,c9d1039fce2bda7385c844f75c34e47741bef3c9120de2b1a35fb209a2e927ef,PROMOTED,95_Records_Archive/00_Group_Shared/01_GQMS_Historical_Archive/99_Archive/Controlled_Documents/Pre-effective_drafts/GMG-QMS-SOP-0002_v0.1_SUPERSEDED_2026-07-11.docx,
99_Archive,99_Archive/Controlled_Documents/Pre-effective_drafts/GMG-QMS-MTX-0003_v1.0_SUPERSEDED_2026-07-11.xlsx,58f6c8982a2808df548ef570c4dfdfd47fb5dc6ff435f9dc1054b19319a5bc72,PROMOTED,95_Records_Archive/00_Group_Shared/01_GQMS_Historical_Archive/99_Archive/Controlled_Documents/Pre-effective_drafts/GMG-QMS-MTX-0003_v1.0_SUPERSEDED_2026-07-11.xlsx,
99_Archive,99_Archive/Controlled_Documents/Pre-effective_drafts/GMG-NUT-FRM-0008_v0.1_SUPERSEDED_2026-08-01.docx,1d44aa2a0c04214cb7ed514dbc70f5a1126b79ebf18e95e5f45e07c79fe08a17,PROMOTED,95_Records_Archive/00_Group_Shared/01_GQMS_Historical_Archive/99_Archive/Controlled_Documents/Pre-effective_drafts/GMG-NUT-FRM-0008_v0.1_SUPERSEDED_2026-08-01.docx,
99_Archive,99_Archive/Controlled_Documents/Pre-effective_drafts/GMG-QMS-SOP-0006_v0.3_SUPERSEDED_2026-07-11.docx,95ced9389e504893122a5cf34b3969a03bef8095aa2dfd43b8a15dc896a62dee,PROMOTED,95_Records_Archive/00_Group_Shared/01_GQMS_Historical_Archive/99_Archive/Controlled_Documents/Pre-effective_drafts/GMG-QMS-SOP-0006_v0.3_SUPERSEDED_2026-07-11.docx,
99_Archive,99_Archive/Controlled_Documents/Pre-effective_drafts/GMG-NUT-SOP-0006_v0.3_SUPERSEDED_2026-08-01.docx,33a5443c73d674a5948692587107fe1db8fe2fc96529983d993c82770209acf8,PROMOTED,95_Records_Archive/00_Group_Shared/01_GQMS_Historical_Archive/99_Archive/Controlled_Documents/Pre-effective_drafts/GMG-NUT-SOP-0006_v0.3_SUPERSEDED_2026-08-01.docx,
99_Archive,99_Archive/Controlled_Documents/Pre-effective_drafts/GMG-QMS-SOP-0006_v0.4_SUPERSEDED_2026-07-11.docx,09056a0373d375d2727992c3af3e7d1c0a211b3b9892dd15d4449382ef520f01,PROMOTED,95_Records_Archive/00_Group_Shared/01_GQMS_Historical_Archive/99_Archive/Controlled_Documents/Pre-effective_drafts/GMG-QMS-SOP-0006_v0.4_SUPERSEDED_2026-07-11.docx,
99_Archive,99_Archive/Controlled_Documents/Pre-effective_drafts/GMG-NUT-SOP-0002_v0.1_SUPERSEDED_2026-08-01.docx,ba3ae573d9323848313352e7912ca65ff71822e1b2773105352a1bee5b3bc3ce,PROMOTED,95_Records_Archive/00_Group_Shared/01_GQMS_Historical_Archive/99_Archive/Controlled_Documents/Pre-effective_drafts/GMG-NUT-SOP-0002_v0.1_SUPERSEDED_2026-08-01.docx,
99_Archive,99_Archive/Controlled_Documents/Pre-effective_drafts/GMG-QMS-SOP-0001_v0.25_SUPERSEDED_2026-07-18.docx,73bf179d7e03632aa870a925d5cd9c52223d2dfa69f721ba772b116adf32addf,PROMOTED,95_Records_Archive/00_Group_Shared/01_GQMS_Historical_Archive/99_Archive/Controlled_Documents/Pre-effective_drafts/GMG-QMS-SOP-0001_v0.25_SUPERSEDED_2026-07-18.docx,
99_Archive,99_Archive/Controlled_Documents/Pre-effective_drafts/GMG-QMS-LOG-0001_v0.7_SUPERSEDED_2026-07-11.xlsx,bc0969322aedbf54ebfc76faffe5a0e0ecaca99a713af8ee3bf33436118adbc4,PROMOTED,95_Records_Archive/00_Group_Shared/01_GQMS_Historical_Archive/99_Archive/Controlled_Documents/Pre-effective_drafts/GMG-QMS-LOG-0001_v0.7_SUPERSEDED_2026-07-11.xlsx,
99_Archive,99_Archive/Controlled_Documents/Pre-effective_drafts/GMG-NUT-SOP-0005_v0.2_SUPERSEDED_2026-08-01.docx,5f700df08e634cdd67255f7bcb65bb3da21b48125e7f718af0b3ec4b29506161,PROMOTED,95_Records_Archive/00_Group_Shared/01_GQMS_Historical_Archive/99_Archive/Controlled_Documents/Pre-effective_drafts/GMG-NUT-SOP-0005_v0.2_SUPERSEDED_2026-08-01.docx,
99_Archive,99_Archive/Controlled_Documents/Pre-effective_drafts/GMG-QMS-SOP-0001_v0.29_SUPERSEDED_2026-07-18.docx,58cbd9f409ef2aff03aeb25cfc1476aa2cf22b07468ebda5c2094314665774a0,PROMOTED,95_Records_Archive/00_Group_Shared/01_GQMS_Historical_Archive/99_Archive/Controlled_Documents/Pre-effective_drafts/GMG-QMS-SOP-0001_v0.29_SUPERSEDED_2026-07-18.docx,
99_Archive,99_Archive/Controlled_Documents/Pre-effective_drafts/GMG-QMS-SOP-0008_v0.2_SUPERSEDED_2026-07-11.docx,f4d661ea1931dd5b91c113403a9e1755813855c505cd5fd870ceb60b822d0249,PROMOTED,95_Records_Archive/00_Group_Shared/01_GQMS_Historical_Archive/99_Archive/Controlled_Documents/Pre-effective_drafts/GMG-QMS-SOP-0008_v0.2_SUPERSEDED_2026-07-11.docx,
99_Archive,99_Archive/Controlled_Documents/Pre-effective_drafts/GMG-RND-SOP-0001_v0.1_SUPERSEDED_2026-07-11.docx,7d0a747e89fdaddaae59ab725011aa6e5e2d4d8a50fdf8df533762ea619ade03,PROMOTED,95_Records_Archive/00_Group_Shared/01_GQMS_Historical_Archive/99_Archive/Controlled_Documents/Pre-effective_drafts/GMG-RND-SOP-0001_v0.1_SUPERSEDED_2026-07-11.docx,
99_Archive,99_Archive/Controlled_Documents/Pre-effective_drafts/GMG-NUT-FRM-0002_v0.2_SUPERSEDED_2026-08-01.docx,483883ddd63350f0da51fadb53092bac31e4258be775a7378643afe998029fee,PROMOTED,95_Records_Archive/00_Group_Shared/01_GQMS_Historical_Archive/99_Archive/Controlled_Documents/Pre-effective_drafts/GMG-NUT-FRM-0002_v0.2_SUPERSEDED_2026-08-01.docx,
99_Archive,99_Archive/Controlled_Documents/Pre-effective_drafts/GMG-RND-LOG-0001_v0.1_SUPERSEDED_2026-07-11.xlsx,a7f22a835d9715828514dd8b4d34352a358fcc85145a76e961b355f155490209,PROMOTED,95_Records_Archive/00_Group_Shared/01_GQMS_Historical_Archive/99_Archive/Controlled_Documents/Pre-effective_drafts/GMG-RND-LOG-0001_v0.1_SUPERSEDED_2026-07-11.xlsx,
99_Archive,99_Archive/Controlled_Documents/Pre-effective_drafts/GMG-QMS-PLN-0001_v0.5_SUPERSEDED_2026-07-13.xlsx,1d4fe501d4090a16524dd5d50ef40cc7dd60e693d2af2396cf9f9e2b1c62cae4,PROMOTED,95_Records_Archive/00_Group_Shared/01_GQMS_Historical_Archive/99_Archive/Controlled_Documents/Pre-effective_drafts/GMG-QMS-PLN-0001_v0.5_SUPERSEDED_2026-07-13.xlsx,
99_Archive,99_Archive/Controlled_Documents/Pre-effective_drafts/GMG-QMS-MAN-0001_v1.5_SUPERSEDED_2026-07-16.docx,0b003c7d71ea14850de93f3357a0774804fcdaaa4fc920f41ea3fd97fb6c76c0,PROMOTED,95_Records_Archive/00_Group_Shared/01_GQMS_Historical_Archive/99_Archive/Controlled_Documents/Pre-effective_drafts/GMG-QMS-MAN-0001_v1.5_SUPERSEDED_2026-07-16.docx,
99_Archive,99_Archive/Controlled_Documents/Pre-effective_drafts/GMG-SCM-LOG-0001_v0.1_SUPERSEDED_2026-07-11.xlsx,431df79ef01ca043aa645864c7946b65aee41f7847c5bcdae59b565faa7e2632,PROMOTED,95_Records_Archive/00_Group_Shared/01_GQMS_Historical_Archive/99_Archive/Controlled_Documents/Pre-effective_drafts/GMG-SCM-LOG-0001_v0.1_SUPERSEDED_2026-07-11.xlsx,
99_Archive,99_Archive/Controlled_Documents/Pre-effective_drafts/GMG-QMS-SOP-0001_v0.33_SUPERSEDED_2026-07-18.docx,ffc914dbb1336629845ea889f32bd08b371019e461082b9e7d0cde44afe6a02b,PROMOTED,95_Records_Archive/00_Group_Shared/01_GQMS_Historical_Archive/99_Archive/Controlled_Documents/Pre-effective_drafts/GMG-QMS-SOP-0001_v0.33_SUPERSEDED_2026-07-18.docx,
99_Archive,99_Archive/Controlled_Documents/Pre-effective_drafts/GMG-SCM-SOP-0001_v0.1_SUPERSEDED_2026-07-11.docx,2e25477f774594b437acb4543940e1fc840af92b24c227ae57078e0a3fc44351,PROMOTED,95_Records_Archive/00_Group_Shared/01_GQMS_Historical_Archive/99_Archive/Controlled_Documents/Pre-effective_drafts/GMG-SCM-SOP-0001_v0.1_SUPERSEDED_2026-07-11.docx,
99_Archive,99_Archive/Controlled_Documents/Pre-effective_drafts/GMG-NUT-FRM-0005_v0.1_SUPERSEDED_2026-08-01.docx,74c2ee928787678e9a4bb0ba2af398bff1e9f4bcb23f931d93c9d51771164088,PROMOTED,95_Records_Archive/00_Group_Shared/01_GQMS_Historical_Archive/99_Archive/Controlled_Documents/Pre-effective_drafts/GMG-NUT-FRM-0005_v0.1_SUPERSEDED_2026-08-01.docx,
99_Archive,99_Archive/Controlled_Documents/Pre-effective_drafts/GMG-QMS-SOP-0015_v0.2_SUPERSEDED_2026-07-15.docx,fab6104e625d1394cb10ccf184177205308c81da0e827f88ae35c3b681b07133,PROMOTED,95_Records_Archive/00_Group_Shared/01_GQMS_Historical_Archive/99_Archive/Controlled_Documents/Pre-effective_drafts/GMG-QMS-SOP-0015_v0.2_SUPERSEDED_2026-07-15.docx,
99_Archive,99_Archive/Controlled_Documents/Pre-effective_drafts/GMG-NUT-MTX-0001_v0.2_SUPERSEDED_2026-08-01.docx,fb36701a42ca3846e1636a4e9e39d8ea3bd5b3cee06a0fd7c3e22830376e4e9b,PROMOTED,95_Records_Archive/00_Group_Shared/01_GQMS_Historical_Archive/99_Archive/Controlled_Documents/Pre-effective_drafts/GMG-NUT-MTX-0001_v0.2_SUPERSEDED_2026-08-01.docx,
99_Archive,99_Archive/Controlled_Documents/Pre-effective_drafts/GMG-NUT-SOP-0003_v0.3_SUPERSEDED_2026-08-01.docx,de6c1c874fd35832f3939238351bfd8f6798da3ba041423d516a3a5de798494d,PROMOTED,95_Records_Archive/00_Group_Shared/01_GQMS_Historical_Archive/99_Archive/Controlled_Documents/Pre-effective_drafts/GMG-NUT-SOP-0003_v0.3_SUPERSEDED_2026-08-01.docx,
99_Archive,99_Archive/Controlled_Documents/Pre-effective_drafts/GMG-QMS-SOP-0003_v0.4_SUPERSEDED_2026-07-11.docx,f958b612c7d97a7bcd821384e70fbbfcd89d678e1428b36fb1742b800480ad81,PROMOTED,95_Records_Archive/00_Group_Shared/01_GQMS_Historical_Archive/99_Archive/Controlled_Documents/Pre-effective_drafts/GMG-QMS-SOP-0003_v0.4_SUPERSEDED_2026-07-11.docx,
99_Archive,99_Archive/Controlled_Documents/Pre-effective_drafts/GMG-QMS-LOG-0005_v0.3_SUPERSEDED_2026-07-21.xlsx,a63d2ec44dceb90935acdcefd216da2b89b35c37cbe687bd22bbcfce29f73ced,PROMOTED,95_Records_Archive/00_Group_Shared/01_GQMS_Historical_Archive/99_Archive/Controlled_Documents/Pre-effective_drafts/GMG-QMS-LOG-0005_v0.3_SUPERSEDED_2026-07-21.xlsx,
99_Archive,99_Archive/Controlled_Documents/Pre-effective_drafts/GMG-NUT-SOP-0007_v0.1_SUPERSEDED_2026-08-01.docx,a8cd6d53a8ebfd47f112d29abd7b826651e22ff3f62c2b708e5c63c7dc381506,PROMOTED,95_Records_Archive/00_Group_Shared/01_GQMS_Historical_Archive/99_Archive/Controlled_Documents/Pre-effective_drafts/GMG-NUT-SOP-0007_v0.1_SUPERSEDED_2026-08-01.docx,
99_Archive,99_Archive/Controlled_Documents/Pre-effective_drafts/GMG-QMS-FRM-0008_v0.2_SUPERSEDED_2026-07-18.docx,9e481222330475bf12ae7e74a2c93d1994388fe9afd839c42e4167e29b8635b2,PROMOTED,95_Records_Archive/00_Group_Shared/01_GQMS_Historical_Archive/99_Archive/Controlled_Documents/Pre-effective_drafts/GMG-QMS-FRM-0008_v0.2_SUPERSEDED_2026-07-18.docx,
99_Archive,99_Archive/Controlled_Documents/Pre-effective_drafts/GMG-QMS-SOP-0001_v0.24_SUPERSEDED_2026-07-18.docx,ecf0d3241bfd049caf8b99f44f8b7506b886d08735c4a37b8e6fb57b30d6e101,PROMOTED,95_Records_Archive/00_Group_Shared/01_GQMS_Historical_Archive/99_Archive/Controlled_Documents/Pre-effective_drafts/GMG-QMS-SOP-0001_v0.24_SUPERSEDED_2026-07-18.docx,
99_Archive,99_Archive/Controlled_Documents/Pre-effective_drafts/GMG-NUT-SOP-0001_v0.1_SUPERSEDED_2026-08-01.docx,7b00560dd843f4eb63658decc940d477246a8070660268cb0e284c9fac6b7c70,PROMOTED,95_Records_Archive/00_Group_Shared/01_GQMS_Historical_Archive/99_Archive/Controlled_Documents/Pre-effective_drafts/GMG-NUT-SOP-0001_v0.1_SUPERSEDED_2026-08-01.docx,
99_Archive,99_Archive/Controlled_Documents/Pre-effective_drafts/GMG-NUT-LOG-0001_v0.1_SUPERSEDED_2026-08-01.xlsx,94667ddb704c4c237ad5c4811efcf96f34609188c1f6ccde4a7b85da15d1cda9,PROMOTED,95_Records_Archive/00_Group_Shared/01_GQMS_Historical_Archive/99_Archive/Controlled_Documents/Pre-effective_drafts/GMG-NUT-LOG-0001_v0.1_SUPERSEDED_2026-08-01.xlsx,
99_Archive,99_Archive/Controlled_Documents/Pre-effective_drafts/GMG-QMS-LOG-0001_v0.6_SUPERSEDED_2026-07-11.xlsx,690fd25d3c51a11a5d45b1f5af6f2baa15566750256a56b52fbf0b73eba1c82d,PROMOTED,95_Records_Archive/00_Group_Shared/01_GQMS_Historical_Archive/99_Archive/Controlled_Documents/Pre-effective_drafts/GMG-QMS-LOG-0001_v0.6_SUPERSEDED_2026-07-11.xlsx,
99_Archive,99_Archive/Controlled_Documents/Pre-effective_drafts/GMG-NUT-SOP-0005_v0.3_SUPERSEDED_2026-08-01.docx,33bcea5bf20c2d0057c8d62afb193c4808f8305a8e899bd3e0eec0ae50520cae,PROMOTED,95_Records_Archive/00_Group_Shared/01_GQMS_Historical_Archive/99_Archive/Controlled_Documents/Pre-effective_drafts/GMG-NUT-SOP-0005_v0.3_SUPERSEDED_2026-08-01.docx,
99_Archive,99_Archive/Controlled_Documents/Pre-effective_drafts/GMG-QMS-SOP-0001_v0.28_SUPERSEDED_2026-07-18.docx,7ea036a8fdc063625c1045b328225627e28cedaf7b5e3b3e4dd40adc63ba2fc3,PROMOTED,95_Records_Archive/00_Group_Shared/01_GQMS_Historical_Archive/99_Archive/Controlled_Documents/Pre-effective_drafts/GMG-QMS-SOP-0001_v0.28_SUPERSEDED_2026-07-18.docx,
99_Archive,99_Archive/Controlled_Documents/Pre-effective_drafts/GMG-NUT-SOP-0006_v0.2_SUPERSEDED_2026-08-01.docx,81e61246d695897ce461658626a74f6a969b2c74e97331306303e33031e40aec,PROMOTED,95_Records_Archive/00_Group_Shared/01_GQMS_Historical_Archive/99_Archive/Controlled_Documents/Pre-effective_drafts/GMG-NUT-SOP-0006_v0.2_SUPERSEDED_2026-08-01.docx,
99_Archive,99_Archive/Controlled_Documents/Pre-effective_drafts/GMG-QMS-MTX-0008_v0.4_SUPERSEDED_2026-08-01.docx,f5dfe37c9ac8973cf742c8b5e441285827ec3762846874a28c6ec81ed6e97cdc,PROMOTED,95_Records_Archive/00_Group_Shared/01_GQMS_Historical_Archive/99_Archive/Controlled_Documents/Pre-effective_drafts/GMG-QMS-MTX-0008_v0.4_SUPERSEDED_2026-08-01.docx,
99_Archive,99_Archive/Controlled_Documents/Pre-effective_drafts/GMG-QMS-SOP-0001_v0.32_SUPERSEDED_2026-07-18.docx,9fefe3ce775c856972ec71c8e663bd02fc753ac73c9c4d00327b647caf0f11ab,PROMOTED,95_Records_Archive/00_Group_Shared/01_GQMS_Historical_Archive/99_Archive/Controlled_Documents/Pre-effective_drafts/GMG-QMS-SOP-0001_v0.32_SUPERSEDED_2026-07-18.docx,
99_Archive,99_Archive/Controlled_Documents/Pre-effective_drafts/GMG-QMS-SOP-0008_v0.3_SUPERSEDED_2026-07-11.docx,15801b1db7f2fcb83e40d652a8d67e757bd62b6839e1b581064d04d19c7d8481,PROMOTED,95_Records_Archive/00_Group_Shared/01_GQMS_Historical_Archive/99_Archive/Controlled_Documents/Pre-effective_drafts/GMG-QMS-SOP-0008_v0.3_SUPERSEDED_2026-07-11.docx,
99_Archive,99_Archive/Controlled_Documents/Pre-effective_drafts/GMG-QMS-MAN-0001_v1.8_SUPERSEDED_2026-07-16.docx,dff3f9568cb967f4ca4278d86d2c12f8c68b4a70e6c606ce990975a27a928d7c,PROMOTED,95_Records_Archive/00_Group_Shared/01_GQMS_Historical_Archive/99_Archive/Controlled_Documents/Pre-effective_drafts/GMG-QMS-MAN-0001_v1.8_SUPERSEDED_2026-07-16.docx,
99_Archive,99_Archive/Controlled_Documents/Pre-effective_drafts/GMG-QMS-TPL-0001_v1.0_SUPERSEDED_2026-07-11.docx,6bf8ff554af0192fd9ccd36f09a091af7369cdaa0ddb01e81b13c8c4a4205290,PROMOTED,95_Records_Archive/00_Group_Shared/01_GQMS_Historical_Archive/99_Archive/Controlled_Documents/Pre-effective_drafts/GMG-QMS-TPL-0001_v1.0_SUPERSEDED_2026-07-11.docx,
99_Archive,99_Archive/Controlled_Documents/Pre-effective_drafts/GMG-NUT-FRM-0006_v0.1_SUPERSEDED_2026-08-01.docx,c49c0ca8f040de809b10f61252b66b6ba9b635f9ab7ede04f608b6c0ebf68efd,PROMOTED,95_Records_Archive/00_Group_Shared/01_GQMS_Historical_Archive/99_Archive/Controlled_Documents/Pre-effective_drafts/GMG-NUT-FRM-0006_v0.1_SUPERSEDED_2026-08-01.docx,
99_Archive,99_Archive/Controlled_Documents/Pre-effective_drafts/GMG-NUT-FRM-0002_v0.3_SUPERSEDED_2026-08-01.docx,9c1ff59752cb5daf4ffaa0af597344d781f585b8ce3c1afaea72ad201ab32154,PROMOTED,95_Records_Archive/00_Group_Shared/01_GQMS_Historical_Archive/99_Archive/Controlled_Documents/Pre-effective_drafts/GMG-NUT-FRM-0002_v0.3_SUPERSEDED_2026-08-01.docx,
99_Archive,99_Archive/Controlled_Documents/Pre-effective_drafts/GMG-NUT-SOP-0008_v0.4_SUPERSEDED_2026-08-01.docx,85cfa6e5ee97640dca677c1915ff99979e80b480ab5ed2b255dbb16dd289571c,PROMOTED,95_Records_Archive/00_Group_Shared/01_GQMS_Historical_Archive/99_Archive/Controlled_Documents/Pre-effective_drafts/GMG-NUT-SOP-0008_v0.4_SUPERSEDED_2026-08-01.docx,
99_Archive,99_Archive/Controlled_Documents/Pre-effective_drafts/GMG-QMS-SOP-0015_v0.3_SUPERSEDED_2026-07-15.docx,95d71ce7520d3a88b47ffc6fa12ca943f46f9ee2e767295cea5fcd1870ce79cd,PROMOTED,95_Records_Archive/00_Group_Shared/01_GQMS_Historical_Archive/99_Archive/Controlled_Documents/Pre-effective_drafts/GMG-QMS-SOP-0015_v0.3_SUPERSEDED_2026-07-15.docx,
99_Archive,99_Archive/Controlled_Documents/Pre-effective_drafts/GMG-NUT-MTX-0001_v0.3_SUPERSEDED_2026-08-01.docx,80408051610ca0dcc7695bae9a031b8e9469c7559de1a1768493f4ebd13fb2d5,PROMOTED,95_Records_Archive/00_Group_Shared/01_GQMS_Historical_Archive/99_Archive/Controlled_Documents/Pre-effective_drafts/GMG-NUT-MTX-0001_v0.3_SUPERSEDED_2026-08-01.docx,
99_Archive,99_Archive/Controlled_Documents/Pre-effective_drafts/GMG-NUT-SOP-0003_v0.2_SUPERSEDED_2026-08-01.docx,9d591e4ded48a39d4f0b2a1c7fe740304efc512f36e27c9ea44d9ce4513f8185,PROMOTED,95_Records_Archive/00_Group_Shared/01_GQMS_Historical_Archive/99_Archive/Controlled_Documents/Pre-effective_drafts/GMG-NUT-SOP-0003_v0.2_SUPERSEDED_2026-08-01.docx,
99_Archive,99_Archive/Controlled_Documents/Pre-effective_drafts/GMG-QMS-LOG-0007_v0.7_SUPERSEDED_2026-07-11.xlsx,e184510216815a54985ab3ad2cf52d83ee409f72094c3a3d0fca30769138e126,PROMOTED,95_Records_Archive/00_Group_Shared/01_GQMS_Historical_Archive/99_Archive/Controlled_Documents/Pre-effective_drafts/GMG-QMS-LOG-0007_v0.7_SUPERSEDED_2026-07-11.xlsx,
99_Archive,99_Archive/Controlled_Documents/Pre-effective_drafts/GMG-QMS-LOG-0010_v1.2_SUPERSEDED_2026-07-11.xlsx,80e8f44f894e1b4a779ed1a34646fa5a38f66990dcf9edca03c641c480e7dcd7,PROMOTED,95_Records_Archive/00_Group_Shared/01_GQMS_Historical_Archive/99_Archive/Controlled_Documents/Pre-effective_drafts/GMG-QMS-LOG-0010_v1.2_SUPERSEDED_2026-07-11.xlsx,
99_Archive,99_Archive/Controlled_Documents/Pre-effective_drafts/GMG-NUT-SOP-0004_v0.1_SUPERSEDED_2026-08-01.docx,bc43edd8c7af31b3e9e46659fd09c57dce1b588978df2360d0d225c75ceff454,PROMOTED,95_Records_Archive/00_Group_Shared/01_GQMS_Historical_Archive/99_Archive/Controlled_Documents/Pre-effective_drafts/GMG-NUT-SOP-0004_v0.1_SUPERSEDED_2026-08-01.docx,
99_Archive,99_Archive/Controlled_Documents/Pre-effective_drafts/GMG-QMS-STD-0001_v0.14_SUPERSEDED_2026-07-18.docx,c4ae0b3baa8268a6274862ef1083906525dc205ac373dec71e2566b1e3e82d31,PROMOTED,95_Records_Archive/00_Group_Shared/01_GQMS_Historical_Archive/99_Archive/Controlled_Documents/Pre-effective_drafts/GMG-QMS-STD-0001_v0.14_SUPERSEDED_2026-07-18.docx,
99_Archive,99_Archive/Controlled_Documents/Pre-effective_drafts/GMG-NUT-FRM-0003_v0.1_SUPERSEDED_2026-08-01.docx,0cb18f443d864efe38ce342ec1f5a5a04976d6f38db4e41196da03753d1feaf6,PROMOTED,95_Records_Archive/00_Group_Shared/01_GQMS_Historical_Archive/99_Archive/Controlled_Documents/Pre-effective_drafts/GMG-NUT-FRM-0003_v0.1_SUPERSEDED_2026-08-01.docx,
99_Archive,99_Archive/Controlled_Documents/Pre-effective_drafts/GMG-QMS-FRM-0008_v0.3_SUPERSEDED_2026-07-18.docx,d31c0676de36f2d46a8f95b90a4513510813beffd82a282a39a179c973675e4d,PROMOTED,95_Records_Archive/00_Group_Shared/01_GQMS_Historical_Archive/99_Archive/Controlled_Documents/Pre-effective_drafts/GMG-QMS-FRM-0008_v0.3_SUPERSEDED_2026-07-18.docx,
99_Archive,99_Archive/Controlled_Documents/Pre-effective_drafts/GMG-QMS-MAN-0001_v1.9_DRAFT_2026-07-16.docx,142108279a44139a27a9ba016dce35e1ce65e7409dafe0f6baaca25d3a059db7,PROMOTED,95_Records_Archive/00_Group_Shared/01_GQMS_Historical_Archive/99_Archive/Controlled_Documents/Pre-effective_drafts/GMG-QMS-MAN-0001_v1.9_DRAFT_2026-07-16.docx,
99_Archive,99_Archive/Controlled_Documents/Pre-effective_drafts/GMG-QMS-SOP-0001_v0.20_SUPERSEDED_2026-07-11.docx,eb9e85449bb3f0a4c51f99fdd1273be1a5a1f1391d09065140ccd6b68f8bfe4e,PROMOTED,95_Records_Archive/00_Group_Shared/01_GQMS_Historical_Archive/99_Archive/Controlled_Documents/Pre-effective_drafts/GMG-QMS-SOP-0001_v0.20_SUPERSEDED_2026-07-11.docx,
99_Archive,99_Archive/Controlled_Documents/Pre-effective_drafts/GMG-QMS-SOP-0001_v0.19_SUPERSEDED_2026-07-11.docx,94f3fa4b791410b22b79e365a112da6e22cf5c8318cb662d57608204a77f10d8,PROMOTED,95_Records_Archive/00_Group_Shared/01_GQMS_Historical_Archive/99_Archive/Controlled_Documents/Pre-effective_drafts/GMG-QMS-SOP-0001_v0.19_SUPERSEDED_2026-07-11.docx,
99_Archive,99_Archive/Controlled_Documents/Pre-effective_drafts/GMG-NUT-SOP-0009_v0.1_SUPERSEDED_2026-08-01.docx,b3c4835398bf3d1706c0b1c904c12f7a6fa552da8ea7d4bb6ea5fc6e1f14ad9f,PROMOTED,95_Records_Archive/00_Group_Shared/01_GQMS_Historical_Archive/99_Archive/Controlled_Documents/Pre-effective_drafts/GMG-NUT-SOP-0009_v0.1_SUPERSEDED_2026-08-01.docx,
99_Archive,99_Archive/Controlled_Documents/Pre-effective_drafts/GMG-QMS-SOP-0012_v0.3_SUPERSEDED_2026-07-11.docx,0d2b082fb5e4600aa8e9d712714e8b2a115c0d62b16c5d2af1805a880dbedba2,PROMOTED,95_Records_Archive/00_Group_Shared/01_GQMS_Historical_Archive/99_Archive/Controlled_Documents/Pre-effective_drafts/GMG-QMS-SOP-0012_v0.3_SUPERSEDED_2026-07-11.docx,
99_Archive,99_Archive/Controlled_Documents/Pre-effective_drafts/GMG-QMS-SOP-0004_v0.1_SUPERSEDED_2026-07-11.docx,b6215903d3e0a7bd021a877fa781cc2bcdf86e81a1f6816f6a1ba5b024d0f720,PROMOTED,95_Records_Archive/00_Group_Shared/01_GQMS_Historical_Archive/99_Archive/Controlled_Documents/Pre-effective_drafts/GMG-QMS-SOP-0004_v0.1_SUPERSEDED_2026-07-11.docx,
99_Archive,99_Archive/Controlled_Documents/Pre-effective_drafts/GMG-QMS-LOG-0004_v0.1_SUPERSEDED_2026-07-11.xlsx,9cb5aa21ec87ec3f1f4cd582a968290a3f25d3e8ccb7e1dc5735f992eb999cb1,PROMOTED,95_Records_Archive/00_Group_Shared/01_GQMS_Historical_Archive/99_Archive/Controlled_Documents/Pre-effective_drafts/GMG-QMS-LOG-0004_v0.1_SUPERSEDED_2026-07-11.xlsx,
99_Archive,99_Archive/Controlled_Documents/Pre-effective_drafts/GMG-QMS-RA-0001_v0.1_SUPERSEDED_recoded_to_RSK-0001.docx,5c76c8ac3cd2b4f9604c5d48676c26a672221379c00acaca1b39e82d694a18e3,PROMOTED,95_Records_Archive/00_Group_Shared/01_GQMS_Historical_Archive/99_Archive/Controlled_Documents/Pre-effective_drafts/GMG-QMS-RA-0001_v0.1_SUPERSEDED_recoded_to_RSK-0001.docx,
99_Archive,99_Archive/Controlled_Documents/Pre-effective_drafts/GMG-QMS-LOG-0003_v0.2_SUPERSEDED_2026-07-11.xlsx,204bc7dd40c08261e68afda411e60a221eb831e4fc694190eeec19f47b280206,PROMOTED,95_Records_Archive/00_Group_Shared/01_GQMS_Historical_Archive/99_Archive/Controlled_Documents/Pre-effective_drafts/GMG-QMS-LOG-0003_v0.2_SUPERSEDED_2026-07-11.xlsx,
99_Archive,99_Archive/Controlled_Documents/Pre-effective_drafts/GMG-QMS-SOP-0003_v0.2_SUPERSEDED_2026-07-11.docx,0a2540c17dc5f32b3d3cf235ff8630ae04aff0dbb923db9e6a2203ec2b4ca275,PROMOTED,95_Records_Archive/00_Group_Shared/01_GQMS_Historical_Archive/99_Archive/Controlled_Documents/Pre-effective_drafts/GMG-QMS-SOP-0003_v0.2_SUPERSEDED_2026-07-11.docx,
99_Archive,99_Archive/Controlled_Documents/Pre-effective_drafts/GMG-NUT-SOP-0008_v0.3_SUPERSEDED_2026-08-01.docx,8abdb4ab6a576c49f7157255be64a00e44f4e91473efc691b862f15462d49765,PROMOTED,95_Records_Archive/00_Group_Shared/01_GQMS_Historical_Archive/99_Archive/Controlled_Documents/Pre-effective_drafts/GMG-NUT-SOP-0008_v0.3_SUPERSEDED_2026-08-01.docx,
99_Archive,99_Archive/Controlled_Documents/Pre-effective_drafts/GMG-QMS-PLN-0001_v0.1_SUPERSEDED_2026-07-11.xlsx,c88020d0ec8f1e5589d47b6ee1cc42746fcfb4cfe8d4b50bbfd249bfb6fd87e5,PROMOTED,95_Records_Archive/00_Group_Shared/01_GQMS_Historical_Archive/99_Archive/Controlled_Documents/Pre-effective_drafts/GMG-QMS-PLN-0001_v0.1_SUPERSEDED_2026-07-11.xlsx,
99_Archive,99_Archive/Controlled_Documents/Pre-effective_drafts/GMG-QMS-MTX-0008_v0.3_SUPERSEDED_2026-08-01.docx,07de9c37e48942577d596c5c86766c5facc72b593e80d2f9109c1b1e75150d20,PROMOTED,95_Records_Archive/00_Group_Shared/01_GQMS_Historical_Archive/99_Archive/Controlled_Documents/Pre-effective_drafts/GMG-QMS-MTX-0008_v0.3_SUPERSEDED_2026-08-01.docx,
99_Archive,99_Archive/Controlled_Documents/Pre-effective_drafts/GMG-QMS-MAN-0001_v1.2_SUPERSEDED_2026-07-11.docx,edaeb4fac3966e4a136bc28a994de70f657df06a7ebc97f1a8f17fafc8e2fd5c,PROMOTED,95_Records_Archive/00_Group_Shared/01_GQMS_Historical_Archive/99_Archive/Controlled_Documents/Pre-effective_drafts/GMG-QMS-MAN-0001_v1.2_SUPERSEDED_2026-07-11.docx,
99_Archive,99_Archive/Controlled_Documents/Pre-effective_drafts/GMG-QMS-MTX-0003_v1.1_SUPERSEDED_2026-07-11.xlsx,58c7b821fcca89dc79633f63a9e7037a357b1af5e96a158d21b3ad1d68417081,PROMOTED,95_Records_Archive/00_Group_Shared/01_GQMS_Historical_Archive/99_Archive/Controlled_Documents/Pre-effective_drafts/GMG-QMS-MTX-0003_v1.1_SUPERSEDED_2026-07-11.xlsx,
99_Archive,99_Archive/Controlled_Documents/Pre-effective_drafts/GMG-QMS-STD-0001_v0.5_SUPERSEDED_2026-07-16.docx,e465c8db87792506248b42e3552453ffa974cf08c2ffa6ba7a3a244487ee5861,PROMOTED,95_Records_Archive/00_Group_Shared/01_GQMS_Historical_Archive/99_Archive/Controlled_Documents/Pre-effective_drafts/GMG-QMS-STD-0001_v0.5_SUPERSEDED_2026-07-16.docx,
99_Archive,99_Archive/Controlled_Documents/Pre-effective_drafts/GMG-QMS-LOG-0006_v0.2_SUPERSEDED_2026-07-11.xlsx,a66e4fe4ef46853b8527768bef53b4c0877f1981c9472630c7012ca2ef0efbe4,PROMOTED,95_Records_Archive/00_Group_Shared/01_GQMS_Historical_Archive/99_Archive/Controlled_Documents/Pre-effective_drafts/GMG-QMS-LOG-0006_v0.2_SUPERSEDED_2026-07-11.xlsx,
99_Archive,99_Archive/Controlled_Documents/Pre-effective_drafts/GMG-QMS-SOP-0006_v0.2_SUPERSEDED_2026-07-11.docx,1800b27e38342c958735a9bae958f8d6b2b33512c24fe5c6ccbd8d0fa3ae0fc1,PROMOTED,95_Records_Archive/00_Group_Shared/01_GQMS_Historical_Archive/99_Archive/Controlled_Documents/Pre-effective_drafts/GMG-QMS-SOP-0006_v0.2_SUPERSEDED_2026-07-11.docx,
99_Archive,99_Archive/Controlled_Documents/Pre-effective_drafts/GMG-QMS-SOP-0005_v0.3_SUPERSEDED_2026-07-11.docx,ac9176c28776c6a48f8acafca2475ecef32404cfd51e7ae3d33abb8afd8e7c3d,PROMOTED,95_Records_Archive/00_Group_Shared/01_GQMS_Historical_Archive/99_Archive/Controlled_Documents/Pre-effective_drafts/GMG-QMS-SOP-0005_v0.3_SUPERSEDED_2026-07-11.docx,
99_Archive,99_Archive/Controlled_Documents/Pre-effective_drafts/GMG-QMS-LOG-0001_v0.1_SUPERSEDED_2026-07-11.xlsx,f524c02de40e4eed38a2df1a782e65906e8c2417b9006e7439aac4fc37bc43a4,PROMOTED,95_Records_Archive/00_Group_Shared/01_GQMS_Historical_Archive/99_Archive/Controlled_Documents/Pre-effective_drafts/GMG-QMS-LOG-0001_v0.1_SUPERSEDED_2026-07-11.xlsx,
99_Archive,99_Archive/Controlled_Documents/Pre-effective_drafts/GMG-QMS-SOP-0001_v0.30_SUPERSEDED_2026-07-18.docx,c520144162b8bebe7ef75e74d56372357473448b8d0548cce714921a7dda4e64,PROMOTED,95_Records_Archive/00_Group_Shared/01_GQMS_Historical_Archive/99_Archive/Controlled_Documents/Pre-effective_drafts/GMG-QMS-SOP-0001_v0.30_SUPERSEDED_2026-07-18.docx,
99_Archive,99_Archive/Controlled_Documents/Pre-effective_drafts/GMG-QMS-PLN-0001_v0.4_SUPERSEDED_2026-07-11.xlsx,271076d76c8831ca82bc904c01894ac7e8ff3243ab5eba7dd12403137558cbcd,PROMOTED,95_Records_Archive/00_Group_Shared/01_GQMS_Historical_Archive/99_Archive/Controlled_Documents/Pre-effective_drafts/GMG-QMS-PLN-0001_v0.4_SUPERSEDED_2026-07-11.xlsx,
99_Archive,99_Archive/Controlled_Documents/Pre-effective_drafts/GMG-SCM-LOG-0001_v0.2_SUPERSEDED_2026-07-11.xlsx,72ee633d9a15add4b62d6324fbdf1d4e3d4c3a040e3c189311994efe91370b3e,PROMOTED,95_Records_Archive/00_Group_Shared/01_GQMS_Historical_Archive/99_Archive/Controlled_Documents/Pre-effective_drafts/GMG-SCM-LOG-0001_v0.2_SUPERSEDED_2026-07-11.xlsx,
99_Archive,99_Archive/Controlled_Documents/Pre-effective_drafts/GMG-SCM-SOP-0001_v0.2_SUPERSEDED_2026-07-11.docx,c63c3c751b70392bb81bae3a413ba5755047ed350b3757a393e0e2914ec0c98a,PROMOTED,95_Records_Archive/00_Group_Shared/01_GQMS_Historical_Archive/99_Archive/Controlled_Documents/Pre-effective_drafts/GMG-SCM-SOP-0001_v0.2_SUPERSEDED_2026-07-11.docx,
99_Archive,99_Archive/Controlled_Documents/Pre-effective_drafts/GMG-QMS-SOP-0008_v0.1_SUPERSEDED_2026-07-11.docx,1f8a583174031d30162c93d51fcc6991721d416baa8377e8a40ed8f46fbcffb4,PROMOTED,95_Records_Archive/00_Group_Shared/01_GQMS_Historical_Archive/99_Archive/Controlled_Documents/Pre-effective_drafts/GMG-QMS-SOP-0008_v0.1_SUPERSEDED_2026-07-11.docx,
99_Archive,99_Archive/Controlled_Documents/Pre-effective_drafts/GMG-QMS-LOG-0008_v0.1_SUPERSEDED_2026-07-11.xlsx,e8608f7fab950cd64b154d63a9b7e94de5c986bbdfee340399c359c3c0d249a2,PROMOTED,95_Records_Archive/00_Group_Shared/01_GQMS_Historical_Archive/99_Archive/Controlled_Documents/Pre-effective_drafts/GMG-QMS-LOG-0008_v0.1_SUPERSEDED_2026-07-11.xlsx,
99_Archive,99_Archive/Controlled_Documents/Pre-effective_drafts/GMG-RND-SOP-0001_v0.2_SUPERSEDED_2026-07-11.docx,cf21449b14322c3b924657a94b7a05bc0eaa5858cd9de77af76cca5d40403559,PROMOTED,95_Records_Archive/00_Group_Shared/01_GQMS_Historical_Archive/99_Archive/Controlled_Documents/Pre-effective_drafts/GMG-RND-SOP-0001_v0.2_SUPERSEDED_2026-07-11.docx,
99_Archive,99_Archive/Controlled_Documents/Pre-effective_drafts/GMG-QMS-MAN-0001_v1.6_SUPERSEDED_2026-07-16.docx,8fc7b6078ef7e9f922c58070890706ee8dcb933b833aca9324c7a7bb26dc9a91,PROMOTED,95_Records_Archive/00_Group_Shared/01_GQMS_Historical_Archive/99_Archive/Controlled_Documents/Pre-effective_drafts/GMG-QMS-MAN-0001_v1.6_SUPERSEDED_2026-07-16.docx,
99_Archive,99_Archive/Controlled_Documents/Pre-effective_drafts/GMG-NUT-FRM-0002_v0.1_SUPERSEDED_2026-08-01.docx,31515b5930b538d0f8e2135f84d792e8e67a6aa065b29863a7f0dcf12b1d6a5a,PROMOTED,95_Records_Archive/00_Group_Shared/01_GQMS_Historical_Archive/99_Archive/Controlled_Documents/Pre-effective_drafts/GMG-NUT-FRM-0002_v0.1_SUPERSEDED_2026-08-01.docx,
99_Archive,99_Archive/Controlled_Documents/Pre-effective_drafts/GMG-RND-LOG-0001_v0.2_SUPERSEDED_2026-07-11.xlsx,0eccd99c7f6506cd8c781c07d1a24933361c9055fe20657158a19419140889b9,PROMOTED,95_Records_Archive/00_Group_Shared/01_GQMS_Historical_Archive/99_Archive/Controlled_Documents/Pre-effective_drafts/GMG-RND-LOG-0001_v0.2_SUPERSEDED_2026-07-11.xlsx,
99_Archive,99_Archive/Controlled_Documents/Pre-effective_drafts/GMG-NUT-SOP-0001_v0.3_SUPERSEDED_2026-08-01.docx,b64cd8cdbd69cd4b031e3415a117a55bb35f35e0d9acd98503a3bfc67cad5ab8,PROMOTED,95_Records_Archive/00_Group_Shared/01_GQMS_Historical_Archive/99_Archive/Controlled_Documents/Pre-effective_drafts/GMG-NUT-SOP-0001_v0.3_SUPERSEDED_2026-08-01.docx,
99_Archive,99_Archive/Controlled_Documents/Pre-effective_drafts/GMG-QMS-SOP-0001_v0.26_SUPERSEDED_2026-07-18.docx,ae3724e7b596e7d4e028e6974dac15cdf1194d267553200885497b5be9c9ace0,PROMOTED,95_Records_Archive/00_Group_Shared/01_GQMS_Historical_Archive/99_Archive/Controlled_Documents/Pre-effective_drafts/GMG-QMS-SOP-0001_v0.26_SUPERSEDED_2026-07-18.docx,
99_Archive,99_Archive/Controlled_Documents/Pre-effective_drafts/GMG-QMS-LOG-0001_v0.8_SUPERSEDED_2026-07-11.xlsx,7378f7d03208995ccdda682dd6b65117cfca40db67bbdc501b5a225ebfc22dfd,PROMOTED,95_Records_Archive/00_Group_Shared/01_GQMS_Historical_Archive/99_Archive/Controlled_Documents/Pre-effective_drafts/GMG-QMS-LOG-0001_v0.8_SUPERSEDED_2026-07-11.xlsx,
99_Archive,99_Archive/Controlled_Documents/Pre-effective_drafts/GMG-QMS-LOG-0001_v0.4_SUPERSEDED_2026-07-11.xlsx,06247ae545eb7fa97d106540762f68108073df4ac55ea8ee702e32e65180e174,PROMOTED,95_Records_Archive/00_Group_Shared/01_GQMS_Historical_Archive/99_Archive/Controlled_Documents/Pre-effective_drafts/GMG-QMS-LOG-0001_v0.4_SUPERSEDED_2026-07-11.xlsx,
99_Archive,99_Archive/Controlled_Documents/Pre-effective_drafts/GMG-NUT-SOP-0005_v0.1_SUPERSEDED_2026-08-01.docx,593990c5eec3c12e65396a86141d7359b6a1b501a3e1a80ca65bcd394afefaf4,PROMOTED,95_Records_Archive/00_Group_Shared/01_GQMS_Historical_Archive/99_Archive/Controlled_Documents/Pre-effective_drafts/GMG-NUT-SOP-0005_v0.1_SUPERSEDED_2026-08-01.docx,
99_Archive,99_Archive/Controlled_Documents/Pre-effective_drafts/GMG-QMS-POL-0001_v0.1_SUPERSEDED_2026-07-15.docx,c4a31abd7f60629ea3a222085419b8619def0e48cc80f4b8429d964af4c3f93a,PROMOTED,95_Records_Archive/00_Group_Shared/01_GQMS_Historical_Archive/99_Archive/Controlled_Documents/Pre-effective_drafts/GMG-QMS-POL-0001_v0.1_SUPERSEDED_2026-07-15.docx,
99_Archive,99_Archive/Controlled_Documents/Pre-effective_drafts/GMG-NUT-SOP-0002_v0.2_SUPERSEDED_2026-08-01.docx,a1e39a1654ddf4722a598faeb00cc376edd3a1b240bfc910c94d0624670b9f7c,PROMOTED,95_Records_Archive/00_Group_Shared/01_GQMS_Historical_Archive/99_Archive/Controlled_Documents/Pre-effective_drafts/GMG-NUT-SOP-0002_v0.2_SUPERSEDED_2026-08-01.docx,
99_Archive,99_Archive/Controlled_Documents/Pre-effective_drafts/GMG-QMS-FRM-0008_v0.1_SUPERSEDED_2026-07-18.docx,3108e5f8af826764bdf9dd28c703c1a3a29ab85dcefcc23a552e577c9a0e3ce4,PROMOTED,95_Records_Archive/00_Group_Shared/01_GQMS_Historical_Archive/99_Archive/Controlled_Documents/Pre-effective_drafts/GMG-QMS-FRM-0008_v0.1_SUPERSEDED_2026-07-18.docx,
99_Archive,99_Archive/Controlled_Documents/Pre-effective_drafts/GMG-NUT-FRM-0007_v0.1_SUPERSEDED_2026-08-01.docx,452d4ea0325958ef2f629af2bdfb4406d0e8416564d1cd25c7e483af09f11bac,PROMOTED,95_Records_Archive/00_Group_Shared/01_GQMS_Historical_Archive/99_Archive/Controlled_Documents/Pre-effective_drafts/GMG-NUT-FRM-0007_v0.1_SUPERSEDED_2026-08-01.docx,
99_Archive,99_Archive/Controlled_Documents/Pre-effective_drafts/GMG-NUT-MTX-0001_v0.1_SUPERSEDED_2026-08-01.docx,6b34e0bdb729809d57895f6065eb557449d7b42fe6c58e2f2de279c64cd25034,PROMOTED,95_Records_Archive/00_Group_Shared/01_GQMS_Historical_Archive/99_Archive/Controlled_Documents/Pre-effective_drafts/GMG-NUT-MTX-0001_v0.1_SUPERSEDED_2026-08-01.docx,
99_Archive,99_Archive/Controlled_Documents/Pre-effective_drafts/GMG-QMS-SOP-0007_v0.5_SUPERSEDED_2026-07-11.docx,3e9cb0719faf848cbdd5375931d1aba7808ea0a511aeb61e94be7e039f79dbee,PROMOTED,95_Records_Archive/00_Group_Shared/01_GQMS_Historical_Archive/99_Archive/Controlled_Documents/Pre-effective_drafts/GMG-QMS-SOP-0007_v0.5_SUPERSEDED_2026-07-11.docx,
99_Archive,99_Archive/Controlled_Documents/Pre-effective_drafts/GMG-QMS-SOP-0015_v0.1_SUPERSEDED_2026-07-15.docx,db1de8723d4b3319b39bdf8e4ae8baa7fac92556b6c93cea5182c9b60b5b6a85,PROMOTED,95_Records_Archive/00_Group_Shared/01_GQMS_Historical_Archive/99_Archive/Controlled_Documents/Pre-effective_drafts/GMG-QMS-SOP-0015_v0.1_SUPERSEDED_2026-07-15.docx,
99_Archive,99_Archive/Controlled_Documents/Pre-effective_drafts/GMG-QMS-LOG-0010_v1.0_SUPERSEDED_2026-07-11.xlsx,c22848d35b6bb1cfe227a33bb31448adb3661ec91809873851f2e9e937f29188,PROMOTED,95_Records_Archive/00_Group_Shared/01_GQMS_Historical_Archive/99_Archive/Controlled_Documents/Pre-effective_drafts/GMG-QMS-LOG-0010_v1.0_SUPERSEDED_2026-07-11.xlsx,
99_Archive,99_Archive/Controlled_Documents/Pre-effective_drafts/GMG-NUT-SOP-0007_v0.2_SUPERSEDED_2026-08-01.docx,ea96599298899cd748ffaf3c2251358b40dda12f0683da2f743a0ec640ea6550,PROMOTED,95_Records_Archive/00_Group_Shared/01_GQMS_Historical_Archive/99_Archive/Controlled_Documents/Pre-effective_drafts/GMG-NUT-SOP-0007_v0.2_SUPERSEDED_2026-08-01.docx,
99_Archive,99_Archive/Controlled_Documents/Pre-effective_drafts/GMG-NUT-SOP-0004_v0.3_SUPERSEDED_2026-08-01.docx,5364405472c6f7a6f6b2657679dc28c3118c3e2cb0800dcdb50d810e54414cd7,PROMOTED,95_Records_Archive/00_Group_Shared/01_GQMS_Historical_Archive/99_Archive/Controlled_Documents/Pre-effective_drafts/GMG-NUT-SOP-0004_v0.3_SUPERSEDED_2026-08-01.docx,
99_Archive,99_Archive/Controlled_Documents/Pre-effective_drafts/GMG-QMS-SOP-0003_v0.5_SUPERSEDED_2026-07-13.docx,d461c1142e68e74e7639454d25a57922f51c328971cf5fdee8d56eb7ab17dbb1,PROMOTED,95_Records_Archive/00_Group_Shared/01_GQMS_Historical_Archive/99_Archive/Controlled_Documents/Pre-effective_drafts/GMG-QMS-SOP-0003_v0.5_SUPERSEDED_2026-07-13.docx,
99_Archive,99_Archive/Controlled_Documents/Pre-effective_drafts/GMG-NUT-SOP-0004_v0.4_SUPERSEDED_2026-08-01.docx,3be1629e6042d64a0662dacd5e2889d90828654f0a401e2864b6906cdac5aee6,PROMOTED,95_Records_Archive/00_Group_Shared/01_GQMS_Historical_Archive/99_Archive/Controlled_Documents/Pre-effective_drafts/GMG-NUT-SOP-0004_v0.4_SUPERSEDED_2026-08-01.docx,
99_Archive,99_Archive/Controlled_Documents/Pre-effective_drafts/GMG-QMS-SOP-0004_v0.3_SUPERSEDED_2026-07-11.docx,eb359ce2ccfbf3e08ab5375a20a55b47bff045c3d758de41dade17cef6876df3,PROMOTED,95_Records_Archive/00_Group_Shared/01_GQMS_Historical_Archive/99_Archive/Controlled_Documents/Pre-effective_drafts/GMG-QMS-SOP-0004_v0.3_SUPERSEDED_2026-07-11.docx,
99_Archive,99_Archive/Controlled_Documents/Pre-effective_drafts/GMG-QMS-SOP-0001_v0.23_SUPERSEDED_2026-07-16.docx,a3b3dca60f5c4f899dede5235cf5d0169bdbb8d048ddc3484140d938a8f97a0f,PROMOTED,95_Records_Archive/00_Group_Shared/01_GQMS_Historical_Archive/99_Archive/Controlled_Documents/Pre-effective_drafts/GMG-QMS-SOP-0001_v0.23_SUPERSEDED_2026-07-16.docx,
99_Archive,99_Archive/Controlled_Documents/Pre-effective_drafts/GMG-QMS-SOP-0001_v0.21_SUPERSEDED_2026-07-14.docx,ea15ca74dfd731f2c53105b29b10fc549096f94e30951dc8f162885008c8548e,PROMOTED,95_Records_Archive/00_Group_Shared/01_GQMS_Historical_Archive/99_Archive/Controlled_Documents/Pre-effective_drafts/GMG-QMS-SOP-0001_v0.21_SUPERSEDED_2026-07-14.docx,
99_Archive,99_Archive/Controlled_Documents/Pre-effective_drafts/GMG-QMS-LOG-0001_v0.12_SUPERSEDED_2026-07-13.xlsx,552560911b30598c72aaffdecb8be2e7c4d629b2bc7701c10c88b311c85013be,PROMOTED,95_Records_Archive/00_Group_Shared/01_GQMS_Historical_Archive/99_Archive/Controlled_Documents/Pre-effective_drafts/GMG-QMS-LOG-0001_v0.12_SUPERSEDED_2026-07-13.xlsx,
99_Archive,99_Archive/Controlled_Documents/Pre-effective_drafts/GMG-PVG-SOP-0002_v0.1_RECODED_to_PV_2026-07-15.docx,09c4f52cb26516acf2ab3b5357ed6afd6c6d38d75c3524e99337946e1007574f,PROMOTED,95_Records_Archive/00_Group_Shared/01_GQMS_Historical_Archive/99_Archive/Controlled_Documents/Pre-effective_drafts/GMG-PVG-SOP-0002_v0.1_RECODED_to_PV_2026-07-15.docx,
99_Archive,99_Archive/Controlled_Documents/Pre-effective_drafts/GMG-QMS-LOG-0001_v0.10_SUPERSEDED_2026-07-11.xlsx,df7412343cb1a9868252f539ecb6a2b414505055ad721fff782b2d71d9fef816,PROMOTED,95_Records_Archive/00_Group_Shared/01_GQMS_Historical_Archive/99_Archive/Controlled_Documents/Pre-effective_drafts/GMG-QMS-LOG-0001_v0.10_SUPERSEDED_2026-07-11.xlsx,
99_Archive,99_Archive/Controlled_Documents/Pre-effective_drafts/GMG-QMS-SOP-0012_v0.1_SUPERSEDED_2026-07-11.docx,c7626a2146fcc17a3b1dd60f218ad2ecc4cf7937cc10e0394ea3b51dcf0b77a9,PROMOTED,95_Records_Archive/00_Group_Shared/01_GQMS_Historical_Archive/99_Archive/Controlled_Documents/Pre-effective_drafts/GMG-QMS-SOP-0012_v0.1_SUPERSEDED_2026-07-11.docx,
99_Archive,99_Archive/Controlled_Documents/Pre-effective_drafts/GMG-QMS-SOP-0001_v0.17_SUPERSEDED_2026-07-11.docx,7202820ba476040ea3e5d1b56e97ee8932ba8341c96802b1004ab8d7ac3ec074,PROMOTED,95_Records_Archive/00_Group_Shared/01_GQMS_Historical_Archive/99_Archive/Controlled_Documents/Pre-effective_drafts/GMG-QMS-SOP-0001_v0.17_SUPERSEDED_2026-07-11.docx,
99_Archive,99_Archive/Controlled_Documents/Pre-effective_drafts/GMG-QMS-MTX-0008_v0.1_SUPERSEDED_2026-08-01.docx,af0228bc6fe870db94fc821d1789e1fa647ea419e5c6cb3e59b67f6d76255d4c,PROMOTED,95_Records_Archive/00_Group_Shared/01_GQMS_Historical_Archive/99_Archive/Controlled_Documents/Pre-effective_drafts/GMG-QMS-MTX-0008_v0.1_SUPERSEDED_2026-08-01.docx,
99_Archive,99_Archive/Controlled_Documents/Pre-effective_drafts/GMG-QMS-MAN-0001_v1.0_SUPERSEDED_2026-07-11.docx,aea842ad72df6d347af0ee3910379994d44b6fdda9e54c5b5d25addb64c4cdc9,PROMOTED,95_Records_Archive/00_Group_Shared/01_GQMS_Historical_Archive/99_Archive/Controlled_Documents/Pre-effective_drafts/GMG-QMS-MAN-0001_v1.0_SUPERSEDED_2026-07-11.docx,
99_Archive,99_Archive/Controlled_Documents/Pre-effective_drafts/GMG-QMS-SOP-0002_v0.2_SUPERSEDED_2026-07-11.docx,831a3b25eee4defe95467eb4427d247e3f16d8cd5fd05c196b6a32e1e6e726d6,PROMOTED,95_Records_Archive/00_Group_Shared/01_GQMS_Historical_Archive/99_Archive/Controlled_Documents/Pre-effective_drafts/GMG-QMS-SOP-0002_v0.2_SUPERSEDED_2026-07-11.docx,
99_Archive,99_Archive/Controlled_Documents/Pre-effective_drafts/GMG-QMS-MTX-0004_v1.2_SUPERSEDED_2026-07-13.xlsx,c6d2ed3923a025f35265bee1add0db3ae0eff29c8ed2018234ce01c2358aad5f,PROMOTED,95_Records_Archive/00_Group_Shared/01_GQMS_Historical_Archive/99_Archive/Controlled_Documents/Pre-effective_drafts/GMG-QMS-MTX-0004_v1.2_SUPERSEDED_2026-07-13.xlsx,
99_Archive,99_Archive/Controlled_Documents/Pre-effective_drafts/GMG-QMS-MTX-0004_v1.0_SUPERSEDED_2026-07-11.xlsx,350f73311e34c46e6ed8cd8d2208b46f4dba442eb0e8395ca09897114e22d361,PROMOTED,95_Records_Archive/00_Group_Shared/01_GQMS_Historical_Archive/99_Archive/Controlled_Documents/Pre-effective_drafts/GMG-QMS-MTX-0004_v1.0_SUPERSEDED_2026-07-11.xlsx,
99_Archive,99_Archive/Controlled_Documents/Pre-effective_drafts/GMG-QMS-SOP-0005_v0.1_SUPERSEDED_2026-07-11.docx,03c554d3efbb12979a4c9aa2cbe57bccf952179be6cb4d08380e94ee51225260,PROMOTED,95_Records_Archive/00_Group_Shared/01_GQMS_Historical_Archive/99_Archive/Controlled_Documents/Pre-effective_drafts/GMG-QMS-SOP-0005_v0.1_SUPERSEDED_2026-07-11.docx,
99_Archive,99_Archive/Controlled_Documents/Pre-effective_drafts/GMG-NUT-SOP-0001_v0.4_SUPERSEDED_2026-08-01.docx,4ca87d94342bd84570c874a589cc17f36c5f0f224d8842b5fda30ac5f54beca1,PROMOTED,95_Records_Archive/00_Group_Shared/01_GQMS_Historical_Archive/99_Archive/Controlled_Documents/Pre-effective_drafts/GMG-NUT-SOP-0001_v0.4_SUPERSEDED_2026-08-01.docx,
99_Archive,99_Archive/Controlled_Documents/Pre-effective_drafts/GMG-PVG-TPL-0001_v1.1_RECODED_TO_TPL-0002_2026-07-13.docx,aa8cff221d20ead7aa47bc27d8c77a1a0ffa7d5f834bba85866bee6ace157a3c,PROMOTED,95_Records_Archive/00_Group_Shared/01_GQMS_Historical_Archive/99_Archive/Controlled_Documents/Pre-effective_drafts/GMG-PVG-TPL-0001_v1.1_RECODED_TO_TPL-0002_2026-07-13.docx,
99_Archive,99_Archive/Controlled_Documents/Pre-effective_drafts/GMG-QMS-LOG-0001_v0.3_SUPERSEDED_2026-07-11.xlsx,b7c9c250543955f2e0f43c0d4ff436e39ba66ef20d224b0db1f17c4d1f2682a1,PROMOTED,95_Records_Archive/00_Group_Shared/01_GQMS_Historical_Archive/99_Archive/Controlled_Documents/Pre-effective_drafts/GMG-QMS-LOG-0001_v0.3_SUPERSEDED_2026-07-11.xlsx,
99_Archive,99_Archive/Controlled_Documents/Pre-effective_drafts/GMG-QMS-PLN-0005_v1.0_SUPERSEDED_2026-07-11.docx,6fa6bf0bf96dda76e7a7c165c2b94b1108e8a814f68b7618c5980016d6142974,PROMOTED,95_Records_Archive/00_Group_Shared/01_GQMS_Historical_Archive/99_Archive/Controlled_Documents/Pre-effective_drafts/GMG-QMS-PLN-0005_v1.0_SUPERSEDED_2026-07-11.docx,
99_Archive,99_Archive/Controlled_Documents/Pre-effective_drafts/GMG-NUT-SOP-0008_v0.1_SUPERSEDED_2026-08-01.docx,f915b3bc9ea3673f9b4a7e9addc2e20247d2a502eb0919f37eadf0466f71abd7,PROMOTED,95_Records_Archive/00_Group_Shared/01_GQMS_Historical_Archive/99_Archive/Controlled_Documents/Pre-effective_drafts/GMG-NUT-SOP-0008_v0.1_SUPERSEDED_2026-08-01.docx,
99_Archive,99_Archive/Controlled_Documents/Pre-effective_drafts/GMG-QMS-PLN-0001_v0.3_SUPERSEDED_2026-07-11.xlsx,24f647cce95205a5c2c8d3d8f4d995547e10bffff478ece9279e9a24ebf1e528,PROMOTED,95_Records_Archive/00_Group_Shared/01_GQMS_Historical_Archive/99_Archive/Controlled_Documents/Pre-effective_drafts/GMG-QMS-PLN-0001_v0.3_SUPERSEDED_2026-07-11.xlsx,
99_Archive,99_Archive/Controlled_Documents/Pre-effective_drafts/GMG-QMS-MAN-0001_v1.4_SUPERSEDED_2026-07-15.docx,f420b2d06d0a3b2d4c009f92066c6d9b2b0fb25d20edb6aa17a60f37da17f3a8,PROMOTED,95_Records_Archive/00_Group_Shared/01_GQMS_Historical_Archive/99_Archive/Controlled_Documents/Pre-effective_drafts/GMG-QMS-MAN-0001_v1.4_SUPERSEDED_2026-07-15.docx,
99_Archive,99_Archive/Controlled_Documents/Pre-effective_drafts/GMG-QMS-SOP-0010_v0.2_SUPERSEDED_2026-07-11.docx,2aaed5d4133577789ff11bad47e0c008bb806120bdc2dd72a45d7b23e5612c6b,PROMOTED,95_Records_Archive/00_Group_Shared/01_GQMS_Historical_Archive/99_Archive/Controlled_Documents/Pre-effective_drafts/GMG-QMS-SOP-0010_v0.2_SUPERSEDED_2026-07-11.docx,
99_Archive,99_Archive/Controlled_Documents/Pre-effective_drafts/GMG-QMS-SOP-0007_v0.3_SUPERSEDED_2026-07-11.docx,74b8f15a9033182de6bf977dcbf7088cf95f89edf0dadc912c32797095912c30,PROMOTED,95_Records_Archive/00_Group_Shared/01_GQMS_Historical_Archive/99_Archive/Controlled_Documents/Pre-effective_drafts/GMG-QMS-SOP-0007_v0.3_SUPERSEDED_2026-07-11.docx,
99_Archive,99_Archive/Controlled_Documents/Pre-effective_drafts/GMG-QMS-LOG-0003_v0.1_SUPERSEDED_2026-07-11.xlsx,be35dea2783d74e51ca6f76184409570e0edb1c50a3c08b8fa491f7cd5ca5533,PROMOTED,95_Records_Archive/00_Group_Shared/01_GQMS_Historical_Archive/99_Archive/Controlled_Documents/Pre-effective_drafts/GMG-QMS-LOG-0003_v0.1_SUPERSEDED_2026-07-11.xlsx,
99_Archive,99_Archive/Controlled_Documents/Pre-effective_drafts/GMG-NUT-SOP-0007_v0.4_SUPERSEDED_2026-08-01.docx,c31c0511cec9111a556e41a6f3db40b87d95b2561d36583f73a82af7803aff26,PROMOTED,95_Records_Archive/00_Group_Shared/01_GQMS_Historical_Archive/99_Archive/Controlled_Documents/Pre-effective_drafts/GMG-NUT-SOP-0007_v0.4_SUPERSEDED_2026-08-01.docx,
99_Archive,99_Archive/Controlled_Documents/Pre-effective_drafts/GMG-QMS-SOP-0003_v0.1_SUPERSEDED_2026-07-11.docx,cc658a53ebe198dada1f55f13cb1331ae5d50beb9adf95acb0101f688ffcb72b,PROMOTED,95_Records_Archive/00_Group_Shared/01_GQMS_Historical_Archive/99_Archive/Controlled_Documents/Pre-effective_drafts/GMG-QMS-SOP-0003_v0.1_SUPERSEDED_2026-07-11.docx,
99_Archive,99_Archive/Controlled_Documents/Pre-effective_drafts/GMG-NUT-PLN-0001_v0.1_SUPERSEDED_2026-08-01.docx,a6946e93aea9992e0b8b9731d9807d013b9501aa2164b4c95a6db868a176eded,PROMOTED,95_Records_Archive/00_Group_Shared/01_GQMS_Historical_Archive/99_Archive/Controlled_Documents/Pre-effective_drafts/GMG-NUT-PLN-0001_v0.1_SUPERSEDED_2026-08-01.docx,
99_Archive,99_Archive/Controlled_Documents/Pre-effective_drafts/GMG-QMS-LOG-0012-0015_v1.0_SUPERSEDED_2026-07-11.xlsx,9fb1f55a7e36ec985c3df58a891f07278900baf182741d68c30582bb06a51130,PROMOTED,95_Records_Archive/00_Group_Shared/01_GQMS_Historical_Archive/99_Archive/Controlled_Documents/Pre-effective_drafts/GMG-QMS-LOG-0012-0015_v1.0_SUPERSEDED_2026-07-11.xlsx,
99_Archive,99_Archive/Controlled_Documents/Pre-effective_drafts/GMG-QMS-SOP-0004_v0.2_SUPERSEDED_2026-07-11.docx,ab5804c96678d7e7265094ad130b33337f67184cb6ff1d0c966eb39a4f127177,PROMOTED,95_Records_Archive/00_Group_Shared/01_GQMS_Historical_Archive/99_Archive/Controlled_Documents/Pre-effective_drafts/GMG-QMS-SOP-0004_v0.2_SUPERSEDED_2026-07-11.docx,
99_Archive,99_Archive/Controlled_Documents/Pre-effective_drafts/GMG-QMS-LOG-0004_v0.2_SUPERSEDED_2026-07-11.xlsx,8c0065562e911afa18a87b365d3233d61c4d03771f8475a7fa06c12e5b3e35ef,PROMOTED,95_Records_Archive/00_Group_Shared/01_GQMS_Historical_Archive/99_Archive/Controlled_Documents/Pre-effective_drafts/GMG-QMS-LOG-0004_v0.2_SUPERSEDED_2026-07-11.xlsx,
99_Archive,99_Archive/Controlled_Documents/Pre-effective_drafts/GMG-NUT-SOP-0009_v0.2_SUPERSEDED_2026-08-01.docx,11c9aa0c318c6f7cea5284f0248a8cc3039fb7541b78a285b160a98e8bf7002d,PROMOTED,95_Records_Archive/00_Group_Shared/01_GQMS_Historical_Archive/99_Archive/Controlled_Documents/Pre-effective_drafts/GMG-NUT-SOP-0009_v0.2_SUPERSEDED_2026-08-01.docx,
99_Archive,99_Archive/Controlled_Documents/Pre-effective_drafts/GMG-QMS-LOG-0001_v0.11_SUPERSEDED_2026-07-11.xlsx,0053a44127caea5ae5f806101882cf4c2433c35ded2af1c2627e4b6c95ae9873,PROMOTED,95_Records_Archive/00_Group_Shared/01_GQMS_Historical_Archive/99_Archive/Controlled_Documents/Pre-effective_drafts/GMG-QMS-LOG-0001_v0.11_SUPERSEDED_2026-07-11.xlsx,
99_Archive,99_Archive/Controlled_Documents/Pre-effective_drafts/GMG-QMS-SOP-0001_v0.16_SUPERSEDED_2026-07-11.docx,606fc43eb590e560431ac80cf4b5e9da2ba464316ed43113a306f0fcaf81c8ea,PROMOTED,95_Records_Archive/00_Group_Shared/01_GQMS_Historical_Archive/99_Archive/Controlled_Documents/Pre-effective_drafts/GMG-QMS-SOP-0001_v0.16_SUPERSEDED_2026-07-11.docx,
99_Archive,99_Archive/Controlled_Documents/Pre-effective_drafts/GMG-QMS-MTX-0004_v1.1_SUPERSEDED_2026-07-11.xlsx,9b6db77019c0758153034479f655578e70200f5174d38793fabf43350b92feb7,PROMOTED,95_Records_Archive/00_Group_Shared/01_GQMS_Historical_Archive/99_Archive/Controlled_Documents/Pre-effective_drafts/GMG-QMS-MTX-0004_v1.1_SUPERSEDED_2026-07-11.xlsx,
99_Archive,99_Archive/Controlled_Documents/Pre-effective_drafts/GMG-QMS-LOG-0006_v0.3_SUPERSEDED_2026-07-13.xlsx,94f54b9c610719c07e0066654260e1d7b30e6d24ae85ca0074606d4ef49e1fed,PROMOTED,95_Records_Archive/00_Group_Shared/01_GQMS_Historical_Archive/99_Archive/Controlled_Documents/Pre-effective_drafts/GMG-QMS-LOG-0006_v0.3_SUPERSEDED_2026-07-13.xlsx,
99_Archive,99_Archive/Controlled_Documents/Pre-effective_drafts/GMG-QMS-STD-0001_v0.3_SUPERSEDED_2026-07-15.docx,c887cecdac78e9a6d70bb3933da8098462c8ec78df10a98c7fb271506229776b,PROMOTED,95_Records_Archive/00_Group_Shared/01_GQMS_Historical_Archive/99_Archive/Controlled_Documents/Pre-effective_drafts/GMG-QMS-STD-0001_v0.3_SUPERSEDED_2026-07-15.docx,
99_Archive,99_Archive/Controlled_Documents/Pre-effective_drafts/GMG-QMS-LOG-0001_v0.2_SUPERSEDED_2026-07-11.xlsx,8a2dd076050195dd0ad90e13ce4cf83552c48f73e8c791518469a559f04e60fd,PROMOTED,95_Records_Archive/00_Group_Shared/01_GQMS_Historical_Archive/99_Archive/Controlled_Documents/Pre-effective_drafts/GMG-QMS-LOG-0001_v0.2_SUPERSEDED_2026-07-11.xlsx,
99_Archive,99_Archive/Controlled_Documents/Pre-effective_drafts/GMG-QMS-MAN-0001_v1.1_SUPERSEDED_2026-07-11.docx,d33e386f05e5e32c3561111eae6fba454c8ab32645c88c994ecf0f0a334c44fa,PROMOTED,95_Records_Archive/00_Group_Shared/01_GQMS_Historical_Archive/99_Archive/Controlled_Documents/Pre-effective_drafts/GMG-QMS-MAN-0001_v1.1_SUPERSEDED_2026-07-11.docx,
99_Archive,99_Archive/Controlled_Documents/Pre-effective_drafts/GMG-QMS-SOP-0002_v0.3_SUPERSEDED_2026-07-11.docx,b34f9ee6dd928fef4b1c678ccd7657424d8d8840f5a152fb1b74048738b32b1c,PROMOTED,95_Records_Archive/00_Group_Shared/01_GQMS_Historical_Archive/99_Archive/Controlled_Documents/Pre-effective_drafts/GMG-QMS-SOP-0002_v0.3_SUPERSEDED_2026-07-11.docx,
99_Archive,99_Archive/Controlled_Documents/Pre-effective_drafts/GMG-QMS-LOG-0006_v0.1_SUPERSEDED_2026-07-11.xlsx,761ac206b8863ce8c19fae626a3bf317cbc933107d8c78e31af2c638ab588d2f,PROMOTED,95_Records_Archive/00_Group_Shared/01_GQMS_Historical_Archive/99_Archive/Controlled_Documents/Pre-effective_drafts/GMG-QMS-LOG-0006_v0.1_SUPERSEDED_2026-07-11.xlsx,
99_Archive,99_Archive/Controlled_Documents/Pre-effective_drafts/GMG-NUT-SOP-0002_v0.4_SUPERSEDED_2026-08-01.docx,fab98110a5c2afb21b013a1443f91601add4f2234615871bfffbfca62e31756d,PROMOTED,95_Records_Archive/00_Group_Shared/01_GQMS_Historical_Archive/99_Archive/Controlled_Documents/Pre-effective_drafts/GMG-NUT-SOP-0002_v0.4_SUPERSEDED_2026-08-01.docx,
99_Archive,99_Archive/Controlled_Documents/Pre-effective_drafts/GMG-QMS-SOP-0006_v0.1_SUPERSEDED_2026-07-11.docx,248ab1d321b1364bd4ac607cdc214295acf40b0e35f1816088180813475f8189,PROMOTED,95_Records_Archive/00_Group_Shared/01_GQMS_Historical_Archive/99_Archive/Controlled_Documents/Pre-effective_drafts/GMG-QMS-SOP-0006_v0.1_SUPERSEDED_2026-07-11.docx,
99_Archive,99_Archive/Controlled_Documents/Pre-effective_drafts/GMG-QMS-PLN-0001_v0.2_SUPERSEDED_2026-07-11.xlsx,058df6fc058027422a6cfd71311e991cb3a6d51c29fc09c195547aaadbcda487,PROMOTED,95_Records_Archive/00_Group_Shared/01_GQMS_Historical_Archive/99_Archive/Controlled_Documents/Pre-effective_drafts/GMG-QMS-PLN-0001_v0.2_SUPERSEDED_2026-07-11.xlsx,
99_Archive,99_Archive/Controlled_Documents/Pre-effective_drafts/GMG-QMS-SOP-0010_v0.3_SUPERSEDED_2026-07-11.docx,a07332ca3cfa068477fb6314c6b058b35dbcde70e5d641e182da7eac4436176c,PROMOTED,95_Records_Archive/00_Group_Shared/01_GQMS_Historical_Archive/99_Archive/Controlled_Documents/Pre-effective_drafts/GMG-QMS-SOP-0010_v0.3_SUPERSEDED_2026-07-11.docx,
99_Archive,99_Archive/Controlled_Documents/Pre-effective_drafts/GMG-QMS-PLN-0005_v1.1_SUPERSEDED_2026-07-11.docx,4a2c79321a03633db7c6be7f84f15effee463f09ea588c7993e9f20cc2599eb4,PROMOTED,95_Records_Archive/00_Group_Shared/01_GQMS_Historical_Archive/99_Archive/Controlled_Documents/Pre-effective_drafts/GMG-QMS-PLN-0005_v1.1_SUPERSEDED_2026-07-11.docx,
99_Archive,99_Archive/Controlled_Documents/Pre-effective_drafts/GMG-PV-SOP-0002_v0.1_SUPERSEDED_2026-07-15.docx,cbcd5d114a6c41f194b7b91c8c2d116829e4f77c9e8410cd597084c0dc1824a2,PROMOTED,95_Records_Archive/00_Group_Shared/01_GQMS_Historical_Archive/99_Archive/Controlled_Documents/Pre-effective_drafts/GMG-PV-SOP-0002_v0.1_SUPERSEDED_2026-07-15.docx,
99_Archive,99_Archive/Controlled_Documents/Pre-effective_drafts/GMG-RND-SOP-0001_v0.3_SUPERSEDED_2026-07-11.docx,1a0921a705f7c705a5aa1ddab961774fb2b9860647bf0459bed57ce49a85ed3c,PROMOTED,95_Records_Archive/00_Group_Shared/01_GQMS_Historical_Archive/99_Archive/Controlled_Documents/Pre-effective_drafts/GMG-RND-SOP-0001_v0.3_SUPERSEDED_2026-07-11.docx,
99_Archive,99_Archive/Controlled_Documents/Pre-effective_drafts/GMG-QMS-MAN-0001_v1.7_SUPERSEDED_2026-07-16.docx,8b4462b91d5949c2497bba7303b6ecba6899286dc3d7e72640ca6e904448fd9e,PROMOTED,95_Records_Archive/00_Group_Shared/01_GQMS_Historical_Archive/99_Archive/Controlled_Documents/Pre-effective_drafts/GMG-QMS-MAN-0001_v1.7_SUPERSEDED_2026-07-16.docx,
99_Archive,99_Archive/Controlled_Documents/Pre-effective_drafts/GMG-RND-LOG-0001_v0.3_SUPERSEDED_2026-07-11.xlsx,c85306512dc3da3fc5b66dba37c85f0323cce9bbb3a91c55baedba2dd9682556,PROMOTED,95_Records_Archive/00_Group_Shared/01_GQMS_Historical_Archive/99_Archive/Controlled_Documents/Pre-effective_drafts/GMG-RND-LOG-0001_v0.3_SUPERSEDED_2026-07-11.xlsx,
99_Archive,99_Archive/Controlled_Documents/Pre-effective_drafts/GMG-QMS-SOP-0001_v0.31_SUPERSEDED_2026-07-18.docx,ae528f64513f2575623581f73ff0e6b500cfdc9b568e1d1a20be96bdf2f4a383,PROMOTED,95_Records_Archive/00_Group_Shared/01_GQMS_Historical_Archive/99_Archive/Controlled_Documents/Pre-effective_drafts/GMG-QMS-SOP-0001_v0.31_SUPERSEDED_2026-07-18.docx,
99_Archive,99_Archive/Controlled_Documents/Pre-effective_drafts/GMG-NUT-FRM-0001_v0.1_SUPERSEDED_2026-08-01.docx,f318203fd9ce639da8d848b458d5ae86b5df08e96fa4065d09dad937f481a339,PROMOTED,95_Records_Archive/00_Group_Shared/01_GQMS_Historical_Archive/99_Archive/Controlled_Documents/Pre-effective_drafts/GMG-NUT-FRM-0001_v0.1_SUPERSEDED_2026-08-01.docx,
99_Archive,99_Archive/Controlled_Documents/Pre-effective_drafts/GMG-PVG-TPL-0001_v1.0_SUPERSEDED_2026-07-11.docx,522f23371086e40d86b511c989890aabd0fcfe42b9ef0d1b085a1e037364d97a,PROMOTED,95_Records_Archive/00_Group_Shared/01_GQMS_Historical_Archive/99_Archive/Controlled_Documents/Pre-effective_drafts/GMG-PVG-TPL-0001_v1.0_SUPERSEDED_2026-07-11.docx,
99_Archive,99_Archive/Controlled_Documents/Pre-effective_drafts/GMG-QMS-SOP-0010_v0.4_SUPERSEDED_2026-07-11.docx,dd7eb1363f1b0148193f37c2e6d0acffe409c19dcd014577daf5fd468699965a,PROMOTED,95_Records_Archive/00_Group_Shared/01_GQMS_Historical_Archive/99_Archive/Controlled_Documents/Pre-effective_drafts/GMG-QMS-SOP-0010_v0.4_SUPERSEDED_2026-07-11.docx,
99_Archive,99_Archive/Controlled_Documents/Pre-effective_drafts/GMG-QMS-SOP-0002_v0.4_SUPERSEDED_2026-07-11.docx,c12243fd03ce88ba33881793bbf3469d85fb6e504e0b2cf978b55bf2b3312846,PROMOTED,95_Records_Archive/00_Group_Shared/01_GQMS_Historical_Archive/99_Archive/Controlled_Documents/Pre-effective_drafts/GMG-QMS-SOP-0002_v0.4_SUPERSEDED_2026-07-11.docx,
99_Archive,99_Archive/Controlled_Documents/Pre-effective_drafts/GMG-NUT-SOP-0006_v0.1_SUPERSEDED_2026-08-01.docx,6a3bcb27917e7ed1523f320ab77d31eb3d12160f1105e20569da543e001b8520,PROMOTED,95_Records_Archive/00_Group_Shared/01_GQMS_Historical_Archive/99_Archive/Controlled_Documents/Pre-effective_drafts/GMG-NUT-SOP-0006_v0.1_SUPERSEDED_2026-08-01.docx,
99_Archive,99_Archive/Controlled_Documents/Pre-effective_drafts/GMG-NUT-SOP-0002_v0.3_SUPERSEDED_2026-08-01.docx,782b0cf42381cd897701b9dcc27b0c4005aec5350d61686cc5d3756ec85cb168,PROMOTED,95_Records_Archive/00_Group_Shared/01_GQMS_Historical_Archive/99_Archive/Controlled_Documents/Pre-effective_drafts/GMG-NUT-SOP-0002_v0.3_SUPERSEDED_2026-08-01.docx,
99_Archive,99_Archive/Controlled_Documents/Pre-effective_drafts/GMG-NUT-SOP-0001_v0.2_SUPERSEDED_2026-08-01.docx,e916e77032ecb4cec61fe9a43574670fdde5bce694f8260e886b8c19893301ac,PROMOTED,95_Records_Archive/00_Group_Shared/01_GQMS_Historical_Archive/99_Archive/Controlled_Documents/Pre-effective_drafts/GMG-NUT-SOP-0001_v0.2_SUPERSEDED_2026-08-01.docx,
99_Archive,99_Archive/Controlled_Documents/Pre-effective_drafts/GMG-QMS-SOP-0001_v0.27_SUPERSEDED_2026-07-18.docx,6629f8479c6082a97b8ed8325d3a4ee0bc7ccae405a05e3d98031f3bda936537,PROMOTED,95_Records_Archive/00_Group_Shared/01_GQMS_Historical_Archive/99_Archive/Controlled_Documents/Pre-effective_drafts/GMG-QMS-SOP-0001_v0.27_SUPERSEDED_2026-07-18.docx,
99_Archive,99_Archive/Controlled_Documents/Pre-effective_drafts/GMG-QMS-LOG-0001_v0.9_SUPERSEDED_2026-07-11.xlsx,94c2b607878bf93e3d97ec1637f21a71921e9889fd302cb26d23a736f5deed14,PROMOTED,95_Records_Archive/00_Group_Shared/01_GQMS_Historical_Archive/99_Archive/Controlled_Documents/Pre-effective_drafts/GMG-QMS-LOG-0001_v0.9_SUPERSEDED_2026-07-11.xlsx,
99_Archive,99_Archive/Controlled_Documents/Pre-effective_drafts/GMG-NUT-LOG-0001_v0.2_SUPERSEDED_2026-08-01.xlsx,465c27c89a88f9af494dd2cf15e3d4fc81e916f927e83c03a3028846d4961ff5,PROMOTED,95_Records_Archive/00_Group_Shared/01_GQMS_Historical_Archive/99_Archive/Controlled_Documents/Pre-effective_drafts/GMG-NUT-LOG-0001_v0.2_SUPERSEDED_2026-08-01.xlsx,
99_Archive,99_Archive/Controlled_Documents/Pre-effective_drafts/GMG-QMS-STD-0001_v0.4_SUPERSEDED_2026-07-15.docx,35dbdd6b3fb657b81ed2386b08fe195b289ca2be0d69fcf4a10cd77b117cc7ca,PROMOTED,95_Records_Archive/00_Group_Shared/01_GQMS_Historical_Archive/99_Archive/Controlled_Documents/Pre-effective_drafts/GMG-QMS-STD-0001_v0.4_SUPERSEDED_2026-07-15.docx,
99_Archive,99_Archive/Controlled_Documents/Pre-effective_drafts/GMG-QMS-LOG-0001_v0.5_SUPERSEDED_2026-07-11.xlsx,d92db6583be7ae5e1d0c335d8f17b791b7c10ab8447851027d70dd0bef5b84e2,PROMOTED,95_Records_Archive/00_Group_Shared/01_GQMS_Historical_Archive/99_Archive/Controlled_Documents/Pre-effective_drafts/GMG-QMS-LOG-0001_v0.5_SUPERSEDED_2026-07-11.xlsx,
99_Archive,99_Archive/Controlled_Documents/Pre-effective_drafts/GMG-NUT-FRM-0004_v0.1_SUPERSEDED_2026-08-01.docx,4850b442b27533821335fae82737e1f837fa51ca316145ad667b0464dd98b6a8,PROMOTED,95_Records_Archive/00_Group_Shared/01_GQMS_Historical_Archive/99_Archive/Controlled_Documents/Pre-effective_drafts/GMG-NUT-FRM-0004_v0.1_SUPERSEDED_2026-08-01.docx,
99_Archive,99_Archive/Controlled_Documents/Pre-effective_drafts/GMG-NUT-SOP-0004_v0.2_SUPERSEDED_2026-08-01.docx,fb4a4aebc075ba98a09e9fb15cd1bcfa1ae08bee19a32fde98e3f458570225fe,PROMOTED,95_Records_Archive/00_Group_Shared/01_GQMS_Historical_Archive/99_Archive/Controlled_Documents/Pre-effective_drafts/GMG-NUT-SOP-0004_v0.2_SUPERSEDED_2026-08-01.docx,
99_Archive,99_Archive/Controlled_Documents/Pre-effective_drafts/GMG-NUT-MTX-0002_v0.1_SUPERSEDED_2026-08-01.docx,4d42ed45ad7042e17400890fd7a76280f81fafa96407afc9fe056d5a73353c7f,PROMOTED,95_Records_Archive/00_Group_Shared/01_GQMS_Historical_Archive/99_Archive/Controlled_Documents/Pre-effective_drafts/GMG-NUT-MTX-0002_v0.1_SUPERSEDED_2026-08-01.docx,
99_Archive,99_Archive/Controlled_Documents/Pre-effective_drafts/GMG-QMS-SOP-0007_v0.4_SUPERSEDED_2026-07-11.docx,24c3f609cd4c7b1064b6c416e66e1e31622264fff74c64572321ecacece93d6b,PROMOTED,95_Records_Archive/00_Group_Shared/01_GQMS_Historical_Archive/99_Archive/Controlled_Documents/Pre-effective_drafts/GMG-QMS-SOP-0007_v0.4_SUPERSEDED_2026-07-11.docx,
99_Archive,99_Archive/Controlled_Documents/Pre-effective_drafts/GMG-NUT-SOP-0003_v0.1_SUPERSEDED_2026-08-01.docx,0b06fddd671467d07edd19d758f115982eea5f84a6f1438579f0961f38662b2c,PROMOTED,95_Records_Archive/00_Group_Shared/01_GQMS_Historical_Archive/99_Archive/Controlled_Documents/Pre-effective_drafts/GMG-NUT-SOP-0003_v0.1_SUPERSEDED_2026-08-01.docx,
99_Archive,99_Archive/Controlled_Documents/Pre-effective_drafts/GMG-NUT-SOP-0007_v0.3_SUPERSEDED_2026-08-01.docx,39f9e0becb1c848cb4f012b8ecf0e2cbb6b748a61e8326e617b919bea686bdba,PROMOTED,95_Records_Archive/00_Group_Shared/01_GQMS_Historical_Archive/99_Archive/Controlled_Documents/Pre-effective_drafts/GMG-NUT-SOP-0007_v0.3_SUPERSEDED_2026-08-01.docx,
99_Archive,99_Archive/Controlled_Documents/Pre-effective_drafts/GMG-QMS-LOG-0010_v1.1_SUPERSEDED_2026-07-11.xlsx,03e26afbcea94693d6bb40f77684808c0ab2c7482a0036706242d08a7c90314c,PROMOTED,95_Records_Archive/00_Group_Shared/01_GQMS_Historical_Archive/99_Archive/Controlled_Documents/Pre-effective_drafts/GMG-QMS-LOG-0010_v1.1_SUPERSEDED_2026-07-11.xlsx,
99_Archive,99_Archive/Controlled_Documents/Pre-effective_drafts/LOG-0007_AI_removal_2026-07-15/wave1_enterprise_skeleton.csv,0c9e0cf0b6b044cfd0abbda735c227ebb60a3c98942dedd74ca6901765cdffa2,PROMOTED,95_Records_Archive/00_Group_Shared/01_GQMS_Historical_Archive/99_Archive/Controlled_Documents/Pre-effective_drafts/LOG-0007_AI_removal_2026-07-15/wave1_enterprise_skeleton.csv,
99_Archive,99_Archive/Controlled_Documents/Pre-effective_drafts/LOG-0007_AI_removal_2026-07-15/00_folder_tree.json,c57fe90223c9956931baa90ad3f101cf5128877bcca2488a78e1115935e3ad18,PROMOTED,95_Records_Archive/00_Group_Shared/01_GQMS_Historical_Archive/99_Archive/Controlled_Documents/Pre-effective_drafts/LOG-0007_AI_removal_2026-07-15/00_folder_tree.json,
99_Archive,99_Archive/Controlled_Documents/Pre-effective_drafts/LOG-0007_AI_removal_2026-07-15/wave4_country_operations.csv,000c75ae466e76b0570a60e9bb4796307a7bde9f36ba2cfe4637e57fb6aca3c3,PROMOTED,95_Records_Archive/00_Group_Shared/01_GQMS_Historical_Archive/99_Archive/Controlled_Documents/Pre-effective_drafts/LOG-0007_AI_removal_2026-07-15/wave4_country_operations.csv,
99_Archive,99_Archive/Controlled_Documents/Pre-effective_drafts/LOG-0007_AI_removal_2026-07-15/wave2_gqms_controlled_repository.csv,ef7d10236d0964e03d98ae8c9875756cf8be7db4df0697a37b2b0dda0143e5c4,PROMOTED,95_Records_Archive/00_Group_Shared/01_GQMS_Historical_Archive/99_Archive/Controlled_Documents/Pre-effective_drafts/LOG-0007_AI_removal_2026-07-15/wave2_gqms_controlled_repository.csv,
99_Archive,99_Archive/Controlled_Documents/Pre-effective_drafts/LOG-0007_AI_removal_2026-07-15/GMG-QMS-LOG-0007_v0.9_DRAFT_2026-07-15.xlsx,f801350075a9659e07604a299c29da995f38c93fc646bb1666f44e85fb87880d,PROMOTED,95_Records_Archive/00_Group_Shared/01_GQMS_Historical_Archive/99_Archive/Controlled_Documents/Pre-effective_drafts/LOG-0007_AI_removal_2026-07-15/GMG-QMS-LOG-0007_v0.9_DRAFT_2026-07-15.xlsx,
99_Archive,99_Archive/Controlled_Documents/Pre-effective_drafts/LOG-0007_AI_removal_2026-07-15/wave3_business_departments.csv,a41a5ce2865f78c16dc19dad9d5cd92936aac121a93ad0b07d63a7a209abe6a1,PROMOTED,95_Records_Archive/00_Group_Shared/01_GQMS_Historical_Archive/99_Archive/Controlled_Documents/Pre-effective_drafts/LOG-0007_AI_removal_2026-07-15/wave3_business_departments.csv,
99_Archive,99_Archive/Controlled_Documents/Pre-effective_drafts/LOG-0007_AI_removal_2026-07-15/00_folder_list_flat.json,48b60d24194b71fc383f0e2e33eaaa5772af3c76a1b6cf88859cb8eed2012b2a,PROMOTED,95_Records_Archive/00_Group_Shared/01_GQMS_Historical_Archive/99_Archive/Controlled_Documents/Pre-effective_drafts/LOG-0007_AI_removal_2026-07-15/00_folder_list_flat.json,
99_Archive,99_Archive/Controlled_Documents/Pre-effective_drafts/LOG-0007_AI_removal_2026-07-15/01_permissions_checklist.csv,db628a008f52610e5dba53a30d2c7f0b2a05a56edb8189ff8d40b2bcbfc9aeee,PROMOTED,95_Records_Archive/00_Group_Shared/01_GQMS_Historical_Archive/99_Archive/Controlled_Documents/Pre-effective_drafts/LOG-0007_AI_removal_2026-07-15/01_permissions_checklist.csv,
99_Archive,99_Archive/Controlled_Documents/Pre-effective_drafts/LOG-0007_AI_removal_2026-07-15/00_all_folders_2175.csv,080a7b29dbd151709e83182205e3581b5c3e10f7972ab2651aad905d161b893c,PROMOTED,95_Records_Archive/00_Group_Shared/01_GQMS_Historical_Archive/99_Archive/Controlled_Documents/Pre-effective_drafts/LOG-0007_AI_removal_2026-07-15/00_all_folders_2175.csv,
AUDIT,AUDIT/COM_preissue_full_2026-08-10.md,1383688570800d0e30449dcae2e3b03eb07eb4be5382357986542e7cb7facb40,HELD,,AUDIT has no crosswalk mapping — disposition undecided
AUDIT,AUDIT/GMG-PV-PSMF-History-Reconstruction_2026-08-07.docx,239cf8b196c16cdd47cd5edab88f7901010362ef87e2f606fd509a46bf2fc001,HELD,,AUDIT has no crosswalk mapping — disposition undecided
AUDIT,AUDIT/gqms_preissue_check.py,ea33ca4eb142bcf760e56973c63a4c92bd0baf504318ae353be60f9536be4ce6,HELD,,AUDIT has no crosswalk mapping — disposition undecided
AUDIT,AUDIT/GMG-PV-Action-Plan-and-ELM-Deliverables_2026-08-08.docx,cbfcf27e96f7da93f4cf115f77fcfc9cca9aa66c492cef24ca94b17257181713,HELD,,AUDIT has no crosswalk mapping — disposition undecided
AUDIT,AUDIT/GMG-PV-ELM-Response-Assessment_v0.1_DRAFT_2026-08-07.docx,62b0b73e4d79b20475945500d54943dd44c6df23acdcdee3efa54b5c293850f5,HELD,,AUDIT has no crosswalk mapping — disposition undecided
AUDIT,AUDIT/GMG-PV-EU-Status-Audit_v0.1_DRAFT_2026-08-07.docx,05fee1a6ed95550254ab8c870a8501cbdb9fd5902bcaf9f3fdb6fe4b08017c5f,HELD,,AUDIT has no crosswalk mapping — disposition undecided
AUDIT,AUDIT/COM_preissue_baseline_2026-08-09_evening.md,890d08e5a6e6c67573edd98ecaf7128b7797262d7d5973a8e117c20d45cc3873,HELD,,AUDIT has no crosswalk mapping — disposition undecided
AUDIT,AUDIT/gqms_preissue_check_README.md,8dc666cdd32997df61eefd5c7245a28a5c4a62e4723665c395e8cefdbca6a2be,HELD,,AUDIT has no crosswalk mapping — disposition undecided
AUDIT,AUDIT/GMG-PV-Source-Utilisation-Report_2026-08-07.docx,f28459e303222dc8a68da65597d2ee939b150272e4c33b9adb8729a27e12821a,HELD,,AUDIT has no crosswalk mapping — disposition undecided
AUDIT,AUDIT/COM_preissue_live_2026-08-10.md,69bb811f2b241f295b6ab00f9fd7f4171b32a3d215ef31073fca44fc7ba4cbbb,HELD,,AUDIT has no crosswalk mapping — disposition undecided
AUDIT,AUDIT/GMG-PV-ELM-Response-Assessment_v0.1_DRAFT_2026-08-07.pdf,1fff2f366f82083a557e68700c68e6191c46c0de397708594875cad9265c5da2,HELD,,AUDIT has no crosswalk mapping — disposition undecided
AUDIT,AUDIT/GMG-PV-EU-Status-Audit_v0.1_DRAFT_2026-08-07.pdf,8da91ad3a43b9f1f8d48b0389af2443aa7552fe3644928496ff886a14c66d09c,HELD,,AUDIT has no crosswalk mapping — disposition undecided
AUDIT,AUDIT/COM_preissue_baseline_2026-08-09.md,70e00c179ec655465c4670e19d2f33e01be24c6a3673b3ea1d64d589891d2824,HELD,,AUDIT has no crosswalk mapping — disposition undecided
AUDIT,AUDIT/COM_preissue_live_FINAL.md,3d5b261de6bd45e37f8a5d6dddbaf4e4ec76088264296cd834accc858e1dad46,HELD,,AUDIT has no crosswalk mapping — disposition undecided
AUDIT,AUDIT/COM_preissue_baseline_2026-08-09_FINAL.md,1f190408e679bd5cbd8fdc8da101fe72ae5d71940c1554dfcf12238f57b841ee,HELD,,AUDIT has no crosswalk mapping — disposition undecided
AUDIT,AUDIT/COM_preissue_live_2026-08-10_final.md,3a558b83f23edce45519b4eaea0728777708cf6db7adaa876561e0c1a6eea1b0,HELD,,AUDIT has no crosswalk mapping — disposition undecided
AUDIT,AUDIT/Superseded_Retired/GMG-PV-Action-Plan-and-ELM-Deliverables_2026-08-08_r3.docx,4c118c675d3ea509d20e72833b50d665e5a7a666ada8fb4cdb84e5a9a0956588,HELD,,AUDIT has no crosswalk mapping — disposition undecided
AUDIT,AUDIT/Superseded_Retired/GMG-PV-Setonda-ELM-Outstanding-Deliverables_2026-08-08_r1.docx,cc09feb59f999ca8eeb8024e040cef46f6cdb7a888aec47ccbcb65d8840e7db2,HELD,,AUDIT has no crosswalk mapping — disposition undecided
AUDIT,AUDIT/Superseded_Retired/GMG-PV-Documentation-Audit-and-Action-Plan_2026-08-08_r3.docx,fd523bb393b53735a080df57eaae9829e8a8befda03ce06e543c97ad894a3159,HELD,,AUDIT has no crosswalk mapping — disposition undecided
AUDIT,AUDIT/Superseded_Retired/GMG-PV-Documentation-Audit-and-Action-Plan_2026-08-08_r2.docx,c22da00e0cd45f277feb1561499f189363b8f040144b071dfa4e5cf2c273565b,HELD,,AUDIT has no crosswalk mapping — disposition undecided
AUDIT,AUDIT/Superseded_Retired/GMG-PV-Action-Plan-and-ELM-Deliverables_2026-08-08_r5.docx,b648ca8ea6c954fadc8fe94f63fbdeabe8754cd9b75270d098c315bcf2a00ad8,HELD,,AUDIT has no crosswalk mapping — disposition undecided
AUDIT,AUDIT/Superseded_Retired/GMG-PV-Documentation-Audit-and-Action-Plan_2026-08-08_r5.docx,27f49b4873176f8e7288343be5c3a9b1084501c84792b70a4825cdbe7c838c0f,HELD,,AUDIT has no crosswalk mapping — disposition undecided
AUDIT,AUDIT/Superseded_Retired/GMG-PV-Documentation-Audit-and-Action-Plan_2026-08-08_r8.docx,ed5f9b7614d1a3ba464b5d82b2de37c1e98600486ea955e50339dce89394805c,HELD,,AUDIT has no crosswalk mapping — disposition undecided
AUDIT,AUDIT/Superseded_Retired/GMG-PV-Documentation-Audit-and-Action-Plan_2026-08-08_r4.docx,42198f49f253b975d90f93e88254d43a4ca2e9d9cdbea060be6ac90ee34b9dde,HELD,,AUDIT has no crosswalk mapping — disposition undecided
AUDIT,AUDIT/Superseded_Retired/GMG-PV-Action-Plan-and-ELM-Deliverables_2026-08-08_r4.docx,01f1a3a135f7adfdd58fe93f9199977a374d50059c13d189fb92d0f4cbc8ef5a,HELD,,AUDIT has no crosswalk mapping — disposition undecided
AUDIT,AUDIT/Superseded_Retired/GMG-PV-Documentation-Audit-and-Action-Plan_2026-08-08_r7.docx,cfc5ee9b1943bf98fdb4d280e9dab98f191a1e1bbd7442c81064b1b37fa84c87,HELD,,AUDIT has no crosswalk mapping — disposition undecided
AUDIT,AUDIT/Superseded_Retired/GMG-PV-Documentation-Audit-and-Action-Plan_2026-08-07.docx,7af73fc6c132ab88158612aa815b3e00568420b44788ce269df51f673c18a2fc,HELD,,AUDIT has no crosswalk mapping — disposition undecided
AUDIT,AUDIT/Superseded_Retired/GMG-PV-Documentation-Audit-and-Action-Plan_2026-08-08_merged-into-combined.docx,df2d05255cc9cfb0975a79d47e875af870f6f136146f19caf0ce1a89ff75839d,HELD,,AUDIT has no crosswalk mapping — disposition undecided
AUDIT,AUDIT/Superseded_Retired/GMG-PV-Action-Plan-and-ELM-Deliverables_2026-08-08_r6.docx,0882115567d3aa12b11dc256100185bfc9022b48b3b93380c733ca37a9b944cd,HELD,,AUDIT has no crosswalk mapping — disposition undecided
AUDIT,AUDIT/Superseded_Retired/GMG-PV-Documentation-Audit-and-Action-Plan_2026-08-08_r6.docx,6c04f47846f15988fb22bdeb97709e07c5a14297c8fa1bdc8d1b47797a06de0d,HELD,,AUDIT has no crosswalk mapping — disposition undecided
AUDIT,AUDIT/Superseded_Retired/GMG-PV-Documentation-Audit-and-Action-Plan_2026-08-08_r1.docx,bf9f7722a6db757fa14ee3fecbafac7d44c041f2b5d16cdea625d0603ef9a46d,HELD,,AUDIT has no crosswalk mapping — disposition undecided
AUDIT,AUDIT/Superseded_Retired/GMG-PV-Action-Plan-and-ELM-Deliverables_2026-08-08_r1.docx,c8b21d58f31ba3f48f9ae8ff44fba59c34159ecff13d1a74a3db14f21674e939,HELD,,AUDIT has no crosswalk mapping — disposition undecided
AUDIT,AUDIT/Superseded_Retired/GMG-PV-Setonda-ELM-Outstanding-Deliverables_2026-08-08_merged-into-combined.docx,1fae5704bbb45245e9d46cda85d900f9d5bb28c40da6edd304692a791db9c5c8,HELD,,AUDIT has no crosswalk mapping — disposition undecided
30_BPG/SCM,30_BPG/SCM/WIN/Draft/GMG-SCM-WIN-0001_v1.0_DRAFT_2026-07-11.docx,0be465c292209c509bbbeda3d6ef1300b6711db8ec63d22ad47713375258aade,PROMOTED,02_GQMS_Controlled_Repository/00_Group_Shared/30_BPG/SCM/01_Controlled_Documents/WIN/Draft/GMG-SCM-WIN-0001_v1.0_DRAFT_2026-07-11.docx,
30_BPG/SCM,30_BPG/SCM/SOP/Draft/GMG-SCM-SOP-0001_v0.3_DRAFT_2026-07-11.docx,71ee417876facb7be559143c4a22fb07ccf128cd27014b2b1f4420695007df7e,PROMOTED,02_GQMS_Controlled_Repository/00_Group_Shared/30_BPG/SCM/01_Controlled_Documents/SOP/Draft/GMG-SCM-SOP-0001_v0.3_DRAFT_2026-07-11.docx,
30_BPG/SCM,30_BPG/SCM/TPL/Draft/GMG-SCM-TPL-0001_v1.0_DRAFT_2026-07-11.docx,25e1c0da8a951886c6dbfd0b614a95843436423a84e09fd3894b02f97e05dc4f,PROMOTED,02_GQMS_Controlled_Repository/00_Group_Shared/30_BPG/SCM/01_Controlled_Documents/TPL/Draft/GMG-SCM-TPL-0001_v1.0_DRAFT_2026-07-11.docx,
30_BPG/SCM,30_BPG/SCM/FRM/Draft/GMG-SCM-FRM-0001_v1.0_DRAFT_2026-07-11.docx,79044cc3759a750fc41da74332a55f59261d4d8304d86758652e885c77b773b7,PROMOTED,02_GQMS_Controlled_Repository/00_Group_Shared/30_BPG/SCM/01_Controlled_Documents/FRM/Draft/GMG-SCM-FRM-0001_v1.0_DRAFT_2026-07-11.docx,
30_BPG/SCM,30_BPG/SCM/LOG/Draft/GMG-SCM-LOG-0001_v0.3_DRAFT_2026-07-11.xlsx,ae62e02736d0daa8832aee1d872119436bbe761afb16c63755ee94dc9d10199c,PROMOTED,02_GQMS_Controlled_Repository/00_Group_Shared/30_BPG/SCM/01_Controlled_Documents/LOG/Draft/GMG-SCM-LOG-0001_v0.3_DRAFT_2026-07-11.xlsx,
