# Q101b section D — every working-tree file with mtime >= 2026-09-26T18:55Z (after Q101). controlled=Y: linked to a WP evidence folder, CT record or ledger writer. UNCONTROLLED rows: 0
path	mtime_utc	category	linked_wp_or_record	controlled
docs/records/audits/2026-09/mvp6-claims-ui-draft-02/CHANGES.md	2026-09-26T20:28Z	record	Q64c	Y
docs/records/audits/2026-09/mvp6-claims-ui-draft-02/Diten.Web.Tests.log	2026-09-26T20:28Z	record	Q64c	Y
docs/records/audits/2026-09/mvp6-claims-ui-draft-02/Diten.Web.Tests.trx	2026-09-26T20:28Z	record	Q64c	Y
docs/records/audits/2026-09/mvp6-claims-ui-draft-02/FILE-PLAN.tsv	2026-09-26T20:28Z	record	Q64c	Y
docs/records/audits/2026-09/mvp6-claims-ui-draft-02/README.md	2026-09-26T20:28Z	record	Q64c	Y
docs/records/audits/2026-09/mvp6-claims-ui-draft-02/SHA256SUMS	2026-09-26T20:28Z	record	Q64c	Y
docs/records/audits/2026-09/mvp6-claims-ui-draft-02/SOURCE-MANIFEST.tsv	2026-09-26T20:28Z	record	Q64c	Y
docs/records/audits/2026-09/mvp6-claims-ui-draft-02/STATIC-CHECKS.txt	2026-09-26T20:28Z	record	Q64c	Y
docs/records/audits/2026-09/mvp6-claims-ui-draft-02/claims-ui-draft-overlay-v2.tar.gz	2026-09-26T20:28Z	record	Q64c	Y
docs/records/audits/2026-09/mvp6-claims-ui-draft-02/verify_datatable_page-v2-proxy.txt	2026-09-26T20:28Z	record	Q64c	Y
docs/records/audits/2026-09/mvp6-claims-ui-draft-02/verify_datatable_page-v2.txt	2026-09-26T20:28Z	record	Q64c	Y
docs/records/audits/2026-09/mvp6-claims-ui-draft-03/CHANGES.md	2026-09-27T10:10Z	record	Q64e	Y
docs/records/audits/2026-09/mvp6-claims-ui-draft-03/FILE-PLAN.tsv	2026-09-27T10:09Z	record	Q64e	Y
docs/records/audits/2026-09/mvp6-claims-ui-draft-03/FINAL-CHECK.txt	2026-09-27T10:11Z	record	Q64e	Y
docs/records/audits/2026-09/mvp6-claims-ui-draft-03/README.md	2026-09-27T10:11Z	record	Q64e	Y
docs/records/audits/2026-09/mvp6-claims-ui-draft-03/RUNTIME-RESULTS.tsv	2026-09-27T10:10Z	record	Q64e	Y
docs/records/audits/2026-09/mvp6-claims-ui-draft-03/SECRET-SCAN-ROOT.txt	2026-09-27T10:11Z	record	Q64e	Y
docs/records/audits/2026-09/mvp6-claims-ui-draft-03/SHA256SUMS	2026-09-27T10:12Z	record	Q64e	Y
docs/records/audits/2026-09/mvp6-claims-ui-draft-03/SOURCE-MANIFEST.tsv	2026-09-27T10:09Z	record	Q64e	Y
docs/records/audits/2026-09/mvp6-claims-ui-draft-03/claims-ui-draft-overlay-v3.tar.gz	2026-09-27T10:09Z	record	Q64e	Y
docs/records/audits/2026-09/mvp6-claims-ui-draft-03/compose/COMPOSE-LOG.txt	2026-09-27T09:46Z	record	Q64e	Y
docs/records/audits/2026-09/mvp6-claims-ui-draft-03/compose/DERIVED-INPUTS.sha256	2026-09-27T10:09Z	record	Q64e	Y
docs/records/audits/2026-09/mvp6-claims-ui-draft-03/compose/L6-BEFORE-AFTER.tsv	2026-09-27T09:46Z	record	Q64e	Y
docs/records/audits/2026-09/mvp6-claims-ui-draft-03/compose/base-verify.txt	2026-09-27T09:44Z	record	Q64e	Y
docs/records/audits/2026-09/mvp6-claims-ui-draft-03/compose/compose_q64e.py	2026-09-27T09:46Z	record	Q64e	Y
docs/records/audits/2026-09/mvp6-claims-ui-draft-03/compose/k01-final-vs-src.txt	2026-09-27T10:02Z	record	Q64e	Y
docs/records/audits/2026-09/mvp6-claims-ui-draft-03/compose/k01-vs-src.txt	2026-09-27T09:52Z	record	Q64e	Y
docs/records/audits/2026-09/mvp6-claims-ui-draft-03/compose/v2-v3-diff.tsv	2026-09-27T10:01Z	record	Q64e	Y
docs/records/audits/2026-09/mvp6-claims-ui-draft-03/lane-config/actors.tsv	2026-09-27T09:49Z	record	Q64e	Y
docs/records/audits/2026-09/mvp6-claims-ui-draft-03/lane-config/lane-final.env	2026-09-27T10:01Z	record	Q64e	Y
docs/records/audits/2026-09/mvp6-claims-ui-draft-03/lane-config/lane.env	2026-09-27T09:49Z	record	Q64e	Y
docs/records/audits/2026-09/mvp6-claims-ui-draft-03/lane-config/overlays-final.tsv	2026-09-27T10:01Z	record	Q64e	Y
docs/records/audits/2026-09/mvp6-claims-ui-draft-03/lane-config/overlays.tsv	2026-09-27T09:49Z	record	Q64e	Y
docs/records/audits/2026-09/mvp6-claims-ui-draft-03/lane-config/overrides.tsv	2026-09-27T09:49Z	record	Q64e	Y
docs/records/audits/2026-09/mvp6-claims-ui-draft-03/lane-config/pair-final.sh	2026-09-27T10:01Z	record	Q64e	Y
docs/records/audits/2026-09/mvp6-claims-ui-draft-03/lane-config/pair.sh	2026-09-27T09:51Z	record	Q64e	Y
docs/records/audits/2026-09/mvp6-claims-ui-draft-03/lane-config/up-q64e.sh	2026-09-27T09:49Z	record	Q64e	Y
docs/records/audits/2026-09/mvp6-claims-ui-draft-03/lane-scripts/claims_runtime.mjs	2026-09-27T09:56Z	record	Q64e	Y
docs/records/audits/2026-09/mvp6-claims-ui-draft-03/lane-scripts/org_fixture.py	2026-09-27T09:49Z	record	Q64e	Y
docs/records/audits/2026-09/mvp6-claims-ui-draft-03/lane-scripts/tenant_fixture.py	2026-09-27T09:49Z	record	Q64e	Y
docs/records/audits/2026-09/mvp6-claims-ui-draft-03/logs/build/Diten.Web.Tests-rc2.log	2026-09-27T10:00Z	record	Q64e	Y
docs/records/audits/2026-09/mvp6-claims-ui-draft-03/logs/build/Diten.Web.Tests.log	2026-09-27T09:47Z	record	Q64e	Y
docs/records/audits/2026-09/mvp6-claims-ui-draft-03/logs/down-final-a1.log	2026-09-27T10:09Z	record	Q64e	Y
docs/records/audits/2026-09/mvp6-claims-ui-draft-03/logs/down-rc1-a1.log	2026-09-27T09:59Z	record	Q64e	Y
docs/records/audits/2026-09/mvp6-claims-ui-draft-03/logs/seal-final-a1.log	2026-09-27T10:09Z	record	Q64e	Y
docs/records/audits/2026-09/mvp6-claims-ui-draft-03/logs/seal-rc1-a1.log	2026-09-27T09:59Z	record	Q64e	Y
docs/records/audits/2026-09/mvp6-claims-ui-draft-03/logs/test/sabotage-restored-v3.log	2026-09-27T09:48Z	record	Q64e	Y
docs/records/audits/2026-09/mvp6-claims-ui-draft-03/logs/test/sabotage-restored-v3.trx	2026-09-27T09:48Z	record	Q64e	Y
docs/records/audits/2026-09/mvp6-claims-ui-draft-03/logs/test/sabotage-v2-index.log	2026-09-27T09:48Z	record	Q64e	Y
docs/records/audits/2026-09/mvp6-claims-ui-draft-03/logs/test/sabotage-v2-index.trx	2026-09-27T09:48Z	record	Q64e	Y
docs/records/audits/2026-09/mvp6-claims-ui-draft-03/logs/test/sabotage2-final.log	2026-09-27T10:00Z	record	Q64e	Y
docs/records/audits/2026-09/mvp6-claims-ui-draft-03/logs/test/sabotage2-final.trx	2026-09-27T10:00Z	record	Q64e	Y
docs/records/audits/2026-09/mvp6-claims-ui-draft-03/logs/test/sabotage2-rc1.log	2026-09-27T10:00Z	record	Q64e	Y
docs/records/audits/2026-09/mvp6-claims-ui-draft-03/logs/test/sabotage2-rc1.trx	2026-09-27T10:00Z	record	Q64e	Y
docs/records/audits/2026-09/mvp6-claims-ui-draft-03/logs/test/sabotage2-v2.log	2026-09-27T10:00Z	record	Q64e	Y
docs/records/audits/2026-09/mvp6-claims-ui-draft-03/logs/test/sabotage2-v2.trx	2026-09-27T10:00Z	record	Q64e	Y
docs/records/audits/2026-09/mvp6-claims-ui-draft-03/logs/test/web-tests-v3-final.log	2026-09-27T10:00Z	record	Q64e	Y
docs/records/audits/2026-09/mvp6-claims-ui-draft-03/logs/test/web-tests-v3-final.trx	2026-09-27T10:00Z	record	Q64e	Y
docs/records/audits/2026-09/mvp6-claims-ui-draft-03/logs/test/web-tests-v3.log	2026-09-27T09:48Z	record	Q64e	Y
docs/records/audits/2026-09/mvp6-claims-ui-draft-03/logs/test/web-tests-v3.trx	2026-09-27T09:48Z	record	Q64e	Y
docs/records/audits/2026-09/mvp6-claims-ui-draft-03/logs/up-final-a1.log	2026-09-27T10:04Z	record	Q64e	Y
docs/records/audits/2026-09/mvp6-claims-ui-draft-03/logs/up-rc1-a1.log	2026-09-27T09:54Z	record	Q64e	Y
docs/records/audits/2026-09/mvp6-claims-ui-draft-03/runtime-kit-final/ARTIFACTS.sha256	2026-09-27T10:09Z	record	Q64e	Y
docs/records/audits/2026-09/mvp6-claims-ui-draft-03/runtime-kit-final/CLEANUP.tsv	2026-09-27T10:09Z	record	Q64e	Y
docs/records/audits/2026-09/mvp6-claims-ui-draft-03/runtime-kit-final/COMMANDS.tsv	2026-09-27T10:09Z	record	Q64e	Y
docs/records/audits/2026-09/mvp6-claims-ui-draft-03/runtime-kit-final/PNG-INDEX.tsv	2026-09-27T10:09Z	record	Q64e	Y
docs/records/audits/2026-09/mvp6-claims-ui-draft-03/runtime-kit-final/SECRET-SCAN-FINAL-a1.txt	2026-09-27T10:09Z	record	Q64e	Y
docs/records/audits/2026-09/mvp6-claims-ui-draft-03/runtime-kit-final/SOURCE-BINARY-PROCESS.tsv	2026-09-27T10:07Z	record	Q64e	Y
docs/records/audits/2026-09/mvp6-claims-ui-draft-03/runtime-kit-final/browser/cu05-v2-a1.json	2026-09-27T10:05Z	record	Q64e	Y
docs/records/audits/2026-09/mvp6-claims-ui-draft-03/runtime-kit-final/browser/cu05-v3-a1.json	2026-09-27T10:05Z	record	Q64e	Y
docs/records/audits/2026-09/mvp6-claims-ui-draft-03/runtime-kit-final/browser/cu25-v2-a1.json	2026-09-27T10:06Z	record	Q64e	Y
docs/records/audits/2026-09/mvp6-claims-ui-draft-03/runtime-kit-final/browser/cu25-v3-a1.json	2026-09-27T10:06Z	record	Q64e	Y
docs/records/audits/2026-09/mvp6-claims-ui-draft-03/runtime-kit-final/browser/diag-v3-a1.json	2026-09-27T10:05Z	record	Q64e	Y
docs/records/audits/2026-09/mvp6-claims-ui-draft-03/runtime-kit-final/browser/login-a1.json	2026-09-27T10:04Z	record	Q64e	Y
docs/records/audits/2026-09/mvp6-claims-ui-draft-03/runtime-kit-final/browser/regression-a1.json	2026-09-27T10:06Z	record	Q64e	Y
docs/records/audits/2026-09/mvp6-claims-ui-draft-03/runtime-kit-final/png/cu05-after-load-v2.png	2026-09-27T10:05Z	record	Q64e	Y
docs/records/audits/2026-09/mvp6-claims-ui-draft-03/runtime-kit-final/png/cu05-after-load-v3.png	2026-09-27T10:05Z	record	Q64e	Y
docs/records/audits/2026-09/mvp6-claims-ui-draft-03/runtime-kit-final/png/cu05-empty-v2.png	2026-09-27T10:05Z	record	Q64e	Y
docs/records/audits/2026-09/mvp6-claims-ui-draft-03/runtime-kit-final/png/cu05-empty-v3.png	2026-09-27T10:05Z	record	Q64e	Y
docs/records/audits/2026-09/mvp6-claims-ui-draft-03/runtime-kit-final/png/cu05-error-503-v2.png	2026-09-27T10:05Z	record	Q64e	Y
docs/records/audits/2026-09/mvp6-claims-ui-draft-03/runtime-kit-final/png/cu05-error-503-v3.png	2026-09-27T10:05Z	record	Q64e	Y
docs/records/audits/2026-09/mvp6-claims-ui-draft-03/runtime-kit-final/png/cu05-skeleton-v2.png	2026-09-27T10:05Z	record	Q64e	Y
docs/records/audits/2026-09/mvp6-claims-ui-draft-03/runtime-kit-final/png/cu05-skeleton-v3.png	2026-09-27T10:05Z	record	Q64e	Y
docs/records/audits/2026-09/mvp6-claims-ui-draft-03/runtime-kit-final/png/cu25-ar-1024.png	2026-09-27T10:06Z	record	Q64e	Y
docs/records/audits/2026-09/mvp6-claims-ui-draft-03/runtime-kit-final/png/cu25-ar-1280.png	2026-09-27T10:06Z	record	Q64e	Y
docs/records/audits/2026-09/mvp6-claims-ui-draft-03/runtime-kit-final/png/cu25-ar-1440.png	2026-09-27T10:06Z	record	Q64e	Y
docs/records/audits/2026-09/mvp6-claims-ui-draft-03/runtime-kit-final/png/cu25-ar-390.png	2026-09-27T10:06Z	record	Q64e	Y
docs/records/audits/2026-09/mvp6-claims-ui-draft-03/runtime-kit-final/png/cu25-ar-768.png	2026-09-27T10:06Z	record	Q64e	Y
docs/records/audits/2026-09/mvp6-claims-ui-draft-03/runtime-kit-final/png/cu25-create-open-v2.png	2026-09-27T10:05Z	record	Q64e	Y
docs/records/audits/2026-09/mvp6-claims-ui-draft-03/runtime-kit-final/png/cu25-create-open-v3.png	2026-09-27T10:06Z	record	Q64e	Y
docs/records/audits/2026-09/mvp6-claims-ui-draft-03/runtime-kit-final/png/cu25-en-1024.png	2026-09-27T10:06Z	record	Q64e	Y
docs/records/audits/2026-09/mvp6-claims-ui-draft-03/runtime-kit-final/png/cu25-en-1280.png	2026-09-27T10:06Z	record	Q64e	Y
docs/records/audits/2026-09/mvp6-claims-ui-draft-03/runtime-kit-final/png/cu25-en-1440.png	2026-09-27T10:06Z	record	Q64e	Y
docs/records/audits/2026-09/mvp6-claims-ui-draft-03/runtime-kit-final/png/cu25-en-390.png	2026-09-27T10:06Z	record	Q64e	Y
docs/records/audits/2026-09/mvp6-claims-ui-draft-03/runtime-kit-final/png/cu25-en-768.png	2026-09-27T10:06Z	record	Q64e	Y
docs/records/audits/2026-09/mvp6-claims-ui-draft-03/runtime-kit-final/png/cu25-es-1280.png	2026-09-27T10:06Z	record	Q64e	Y
docs/records/audits/2026-09/mvp6-claims-ui-draft-03/runtime-kit-final/png/cu25-fr-1280.png	2026-09-27T10:06Z	record	Q64e	Y
docs/records/audits/2026-09/mvp6-claims-ui-draft-03/runtime-kit-final/png/cu25-ru-1280.png	2026-09-27T10:06Z	record	Q64e	Y
docs/records/audits/2026-09/mvp6-claims-ui-draft-03/runtime-kit-final/png/cu25-tr-1280.png	2026-09-27T10:06Z	record	Q64e	Y
docs/records/audits/2026-09/mvp6-claims-ui-draft-03/runtime-kit-final/png/cu25-transition-open-v2.png	2026-09-27T10:06Z	record	Q64e	Y
docs/records/audits/2026-09/mvp6-claims-ui-draft-03/runtime-kit-final/png/cu25-transition-open-v3.png	2026-09-27T10:06Z	record	Q64e	Y
docs/records/audits/2026-09/mvp6-claims-ui-draft-03/runtime-kit-final/png/cu25-zh-1280.png	2026-09-27T10:06Z	record	Q64e	Y
docs/records/audits/2026-09/mvp6-claims-ui-draft-03/runtime-kit-final/png/regression-create-reload.png	2026-09-27T10:06Z	record	Q64e	Y
docs/records/audits/2026-09/mvp6-claims-ui-draft-03/runtime-kit-final/png/regression-transition-investigating.png	2026-09-27T10:06Z	record	Q64e	Y
docs/records/audits/2026-09/mvp6-claims-ui-draft-03/runtime-kit-final/raw/PORTS-before.tsv	2026-09-27T10:01Z	record	Q64e	Y
docs/records/audits/2026-09/mvp6-claims-ui-draft-03/runtime-kit-final/raw/SOURCE-TREE-MANIFEST.tsv	2026-09-27T10:01Z	record	Q64e	Y
docs/records/audits/2026-09/mvp6-claims-ui-draft-03/runtime-kit-final/raw/binary-sha256.txt	2026-09-27T10:03Z	record	Q64e	Y
docs/records/audits/2026-09/mvp6-claims-ui-draft-03/runtime-kit-final/raw/browser-binding.tsv	2026-09-27T10:07Z	record	Q64e	Y
docs/records/audits/2026-09/mvp6-claims-ui-draft-03/runtime-kit-final/raw/build/auth-build-a1.log	2026-09-27T10:02Z	record	Q64e	Y
docs/records/audits/2026-09/mvp6-claims-ui-draft-03/runtime-kit-final/raw/build/auth-restore-a1.log	2026-09-27T10:01Z	record	Q64e	Y
docs/records/audits/2026-09/mvp6-claims-ui-draft-03/runtime-kit-final/raw/build/gateway-build-a1.log	2026-09-27T10:02Z	record	Q64e	Y
docs/records/audits/2026-09/mvp6-claims-ui-draft-03/runtime-kit-final/raw/build/gateway-restore-a1.log	2026-09-27T10:02Z	record	Q64e	Y
docs/records/audits/2026-09/mvp6-claims-ui-draft-03/runtime-kit-final/raw/build/mdm-build-a1.log	2026-09-27T10:02Z	record	Q64e	Y
docs/records/audits/2026-09/mvp6-claims-ui-draft-03/runtime-kit-final/raw/build/mdm-restore-a1.log	2026-09-27T10:02Z	record	Q64e	Y
docs/records/audits/2026-09/mvp6-claims-ui-draft-03/runtime-kit-final/raw/build/platform-build-a1.log	2026-09-27T10:02Z	record	Q64e	Y
docs/records/audits/2026-09/mvp6-claims-ui-draft-03/runtime-kit-final/raw/build/platform-restore-a1.log	2026-09-27T10:02Z	record	Q64e	Y
docs/records/audits/2026-09/mvp6-claims-ui-draft-03/runtime-kit-final/raw/build/supplychain-build-a1.log	2026-09-27T10:02Z	record	Q64e	Y
docs/records/audits/2026-09/mvp6-claims-ui-draft-03/runtime-kit-final/raw/build/supplychain-restore-a1.log	2026-09-27T10:02Z	record	Q64e	Y
docs/records/audits/2026-09/mvp6-claims-ui-draft-03/runtime-kit-final/raw/build/web-build-a1.log	2026-09-27T10:03Z	record	Q64e	Y
docs/records/audits/2026-09/mvp6-claims-ui-draft-03/runtime-kit-final/raw/build/web-restore-a1.log	2026-09-27T10:02Z	record	Q64e	Y
docs/records/audits/2026-09/mvp6-claims-ui-draft-03/runtime-kit-final/raw/db/cu05v2-after-a1.json	2026-09-27T10:05Z	record	Q64e	Y
docs/records/audits/2026-09/mvp6-claims-ui-draft-03/runtime-kit-final/raw/db/cu05v2-before-a1.json	2026-09-27T10:05Z	record	Q64e	Y
docs/records/audits/2026-09/mvp6-claims-ui-draft-03/runtime-kit-final/raw/db/cu05v3-after-a1.json	2026-09-27T10:05Z	record	Q64e	Y
docs/records/audits/2026-09/mvp6-claims-ui-draft-03/runtime-kit-final/raw/db/cu05v3-before-a1.json	2026-09-27T10:05Z	record	Q64e	Y
docs/records/audits/2026-09/mvp6-claims-ui-draft-03/runtime-kit-final/raw/db/cu25v2-after-a1.json	2026-09-27T10:06Z	record	Q64e	Y
docs/records/audits/2026-09/mvp6-claims-ui-draft-03/runtime-kit-final/raw/db/cu25v2-before-a1.json	2026-09-27T10:05Z	record	Q64e	Y
docs/records/audits/2026-09/mvp6-claims-ui-draft-03/runtime-kit-final/raw/db/cu25v3-after-a1.json	2026-09-27T10:06Z	record	Q64e	Y
docs/records/audits/2026-09/mvp6-claims-ui-draft-03/runtime-kit-final/raw/db/cu25v3-before-a1.json	2026-09-27T10:06Z	record	Q64e	Y
docs/records/audits/2026-09/mvp6-claims-ui-draft-03/runtime-kit-final/raw/db/db-assertions.tsv	2026-09-27T10:07Z	record	Q64e	Y
docs/records/audits/2026-09/mvp6-claims-ui-draft-03/runtime-kit-final/raw/db/diagv3-after-a1.json	2026-09-27T10:05Z	record	Q64e	Y
docs/records/audits/2026-09/mvp6-claims-ui-draft-03/runtime-kit-final/raw/db/diagv3-before-a1.json	2026-09-27T10:05Z	record	Q64e	Y
docs/records/audits/2026-09/mvp6-claims-ui-draft-03/runtime-kit-final/raw/db/fixture-after-a1.json	2026-09-27T10:04Z	record	Q64e	Y
docs/records/audits/2026-09/mvp6-claims-ui-draft-03/runtime-kit-final/raw/db/fixture-before-a1.json	2026-09-27T10:04Z	record	Q64e	Y
docs/records/audits/2026-09/mvp6-claims-ui-draft-03/runtime-kit-final/raw/db/regression-after-a1.json	2026-09-27T10:07Z	record	Q64e	Y
docs/records/audits/2026-09/mvp6-claims-ui-draft-03/runtime-kit-final/raw/db/regression-before-a1.json	2026-09-27T10:06Z	record	Q64e	Y
docs/records/audits/2026-09/mvp6-claims-ui-draft-03/runtime-kit-final/raw/dotnet-info.txt	2026-09-27T10:01Z	record	Q64e	Y
docs/records/audits/2026-09/mvp6-claims-ui-draft-03/runtime-kit-final/raw/dotnet-runtimes.txt	2026-09-27T10:01Z	record	Q64e	Y
docs/records/audits/2026-09/mvp6-claims-ui-draft-03/runtime-kit-final/raw/dotnet-sdks.txt	2026-09-27T10:01Z	record	Q64e	Y
docs/records/audits/2026-09/mvp6-claims-ui-draft-03/runtime-kit-final/raw/effective-config-auth.json	2026-09-27T10:03Z	record	Q64e	Y
docs/records/audits/2026-09/mvp6-claims-ui-draft-03/runtime-kit-final/raw/effective-config-findings.txt	2026-09-27T10:03Z	record	Q64e	Y
docs/records/audits/2026-09/mvp6-claims-ui-draft-03/runtime-kit-final/raw/effective-config-gateway.json	2026-09-27T10:03Z	record	Q64e	Y
docs/records/audits/2026-09/mvp6-claims-ui-draft-03/runtime-kit-final/raw/effective-config-mdm.json	2026-09-27T10:03Z	record	Q64e	Y
docs/records/audits/2026-09/mvp6-claims-ui-draft-03/runtime-kit-final/raw/effective-config-platform.json	2026-09-27T10:03Z	record	Q64e	Y
docs/records/audits/2026-09/mvp6-claims-ui-draft-03/runtime-kit-final/raw/effective-config-summary.tsv	2026-09-27T10:03Z	record	Q64e	Y
docs/records/audits/2026-09/mvp6-claims-ui-draft-03/runtime-kit-final/raw/effective-config-supplychain.json	2026-09-27T10:03Z	record	Q64e	Y
docs/records/audits/2026-09/mvp6-claims-ui-draft-03/runtime-kit-final/raw/effective-config-web.json	2026-09-27T10:03Z	record	Q64e	Y
docs/records/audits/2026-09/mvp6-claims-ui-draft-03/runtime-kit-final/raw/fixture/org-fixture.json	2026-09-27T10:04Z	record	Q64e	Y
docs/records/audits/2026-09/mvp6-claims-ui-draft-03/runtime-kit-final/raw/fixture/tenant-fixture.json	2026-09-27T10:03Z	record	Q64e	Y
docs/records/audits/2026-09/mvp6-claims-ui-draft-03/runtime-kit-final/raw/gateway-routes.tsv	2026-09-27T10:03Z	record	Q64e	Y
docs/records/audits/2026-09/mvp6-claims-ui-draft-03/runtime-kit-final/raw/health-auth-a1.body	2026-09-27T10:03Z	record	Q64e	Y
docs/records/audits/2026-09/mvp6-claims-ui-draft-03/runtime-kit-final/raw/health-auth-a1.headers	2026-09-27T10:03Z	record	Q64e	Y
docs/records/audits/2026-09/mvp6-claims-ui-draft-03/runtime-kit-final/raw/health-gateway-a1.body	2026-09-27T10:03Z	record	Q64e	Y
docs/records/audits/2026-09/mvp6-claims-ui-draft-03/runtime-kit-final/raw/health-gateway-a1.headers	2026-09-27T10:03Z	record	Q64e	Y
docs/records/audits/2026-09/mvp6-claims-ui-draft-03/runtime-kit-final/raw/health-mdm-a1.body	2026-09-27T10:03Z	record	Q64e	Y
docs/records/audits/2026-09/mvp6-claims-ui-draft-03/runtime-kit-final/raw/health-mdm-a1.headers	2026-09-27T10:03Z	record	Q64e	Y
docs/records/audits/2026-09/mvp6-claims-ui-draft-03/runtime-kit-final/raw/health-platform-a1.body	2026-09-27T10:03Z	record	Q64e	Y
docs/records/audits/2026-09/mvp6-claims-ui-draft-03/runtime-kit-final/raw/health-platform-a1.headers	2026-09-27T10:03Z	record	Q64e	Y
docs/records/audits/2026-09/mvp6-claims-ui-draft-03/runtime-kit-final/raw/health-supplychain-a1.body	2026-09-27T10:03Z	record	Q64e	Y
docs/records/audits/2026-09/mvp6-claims-ui-draft-03/runtime-kit-final/raw/health-supplychain-a1.headers	2026-09-27T10:03Z	record	Q64e	Y
docs/records/audits/2026-09/mvp6-claims-ui-draft-03/runtime-kit-final/raw/health-web-a1.body	2026-09-27T10:03Z	record	Q64e	Y
docs/records/audits/2026-09/mvp6-claims-ui-draft-03/runtime-kit-final/raw/health-web-a1.headers	2026-09-27T10:03Z	record	Q64e	Y
docs/records/audits/2026-09/mvp6-claims-ui-draft-03/runtime-kit-final/raw/identities-a1.json	2026-09-27T10:04Z	record	Q64e	Y
docs/records/audits/2026-09/mvp6-claims-ui-draft-03/runtime-kit-final/raw/key-pairing-citations.tsv	2026-09-27T10:03Z	record	Q64e	Y
docs/records/audits/2026-09/mvp6-claims-ui-draft-03/runtime-kit-final/raw/lane-mongo-connections-a1.txt	2026-09-27T10:03Z	record	Q64e	Y
docs/records/audits/2026-09/mvp6-claims-ui-draft-03/runtime-kit-final/raw/lane-mongo-connections-a2.txt	2026-09-27T10:07Z	record	Q64e	Y
docs/records/audits/2026-09/mvp6-claims-ui-draft-03/runtime-kit-final/raw/listeners-before-cleanup-a1.txt	2026-09-27T10:07Z	record	Q64e	Y
docs/records/audits/2026-09/mvp6-claims-ui-draft-03/runtime-kit-final/raw/mongo-rs-status.json	2026-09-27T10:03Z	record	Q64e	Y
docs/records/audits/2026-09/mvp6-claims-ui-draft-03/runtime-kit-final/raw/mongod-fork.txt	2026-09-27T10:03Z	record	Q64e	Y
docs/records/audits/2026-09/mvp6-claims-ui-draft-03/runtime-kit-final/raw/mongod-version.txt	2026-09-27T10:03Z	record	Q64e	Y
docs/records/audits/2026-09/mvp6-claims-ui-draft-03/runtime-kit-final/raw/netcheck-a1.tsv	2026-09-27T10:03Z	record	Q64e	Y
docs/records/audits/2026-09/mvp6-claims-ui-draft-03/runtime-kit-final/raw/netcheck-a2.tsv	2026-09-27T10:07Z	record	Q64e	Y
docs/records/audits/2026-09/mvp6-claims-ui-draft-03/runtime-kit-final/raw/ports-lsof-before.txt	2026-09-27T10:01Z	record	Q64e	Y
docs/records/audits/2026-09/mvp6-claims-ui-draft-03/runtime-kit-final/raw/ports.json	2026-09-27T10:09Z	record	Q64e	Y
docs/records/audits/2026-09/mvp6-claims-ui-draft-03/runtime-kit-final/raw/processes.tsv	2026-09-27T10:03Z	record	Q64e	Y
docs/records/audits/2026-09/mvp6-claims-ui-draft-03/runtime-kit-final/raw/repo-status-after.txt	2026-09-27T10:09Z	record	Q64e	Y
docs/records/audits/2026-09/mvp6-claims-ui-draft-03/runtime-kit-final/raw/repo-status-before.txt	2026-09-27T10:01Z	record	Q64e	Y
docs/records/audits/2026-09/mvp6-claims-ui-draft-03/runtime-kit-final/raw/runtime-check.tsv	2026-09-27T10:01Z	record	Q64e	Y
docs/records/audits/2026-09/mvp6-claims-ui-draft-03/runtime-kit-final/raw/served-overrides.tsv	2026-09-27T10:05Z	record	Q64e	Y
docs/records/audits/2026-09/mvp6-claims-ui-draft-03/runtime-kit-final/raw/source-baseline.tsv	2026-09-27T10:01Z	record	Q64e	Y
docs/records/audits/2026-09/mvp6-claims-ui-draft-03/runtime-kit-final/raw/source-manifest-verification.txt	2026-09-27T10:01Z	record	Q64e	Y
docs/records/audits/2026-09/mvp6-claims-ui-draft-03/runtime-kit-final/raw/source-overlays.tsv	2026-09-27T10:01Z	record	Q64e	Y
docs/records/audits/2026-09/mvp6-claims-ui-draft-03/runtime-kit/ARTIFACTS.sha256	2026-09-27T09:59Z	record	Q64e	Y
docs/records/audits/2026-09/mvp6-claims-ui-draft-03/runtime-kit/CLEANUP.tsv	2026-09-27T09:59Z	record	Q64e	Y
docs/records/audits/2026-09/mvp6-claims-ui-draft-03/runtime-kit/COMMANDS.tsv	2026-09-27T09:59Z	record	Q64e	Y
docs/records/audits/2026-09/mvp6-claims-ui-draft-03/runtime-kit/SECRET-SCAN-FINAL-a1.txt	2026-09-27T09:59Z	record	Q64e	Y
docs/records/audits/2026-09/mvp6-claims-ui-draft-03/runtime-kit/SOURCE-BINARY-PROCESS.tsv	2026-09-27T09:57Z	record	Q64e	Y
docs/records/audits/2026-09/mvp6-claims-ui-draft-03/runtime-kit/browser/cu05-v2-a1.json	2026-09-27T09:55Z	record	Q64e	Y
docs/records/audits/2026-09/mvp6-claims-ui-draft-03/runtime-kit/browser/cu05-v3-a1.json	2026-09-27T09:56Z	record	Q64e	Y
docs/records/audits/2026-09/mvp6-claims-ui-draft-03/runtime-kit/browser/diag-v3-a1.json	2026-09-27T09:56Z	record	Q64e	Y
docs/records/audits/2026-09/mvp6-claims-ui-draft-03/runtime-kit/browser/login-a1.json	2026-09-27T09:55Z	record	Q64e	Y
docs/records/audits/2026-09/mvp6-claims-ui-draft-03/runtime-kit/png/cu05-after-load-v2.png	2026-09-27T09:55Z	record	Q64e	Y
docs/records/audits/2026-09/mvp6-claims-ui-draft-03/runtime-kit/png/cu05-after-load-v3.png	2026-09-27T09:55Z	record	Q64e	Y
docs/records/audits/2026-09/mvp6-claims-ui-draft-03/runtime-kit/png/cu05-empty-v2.png	2026-09-27T09:55Z	record	Q64e	Y
docs/records/audits/2026-09/mvp6-claims-ui-draft-03/runtime-kit/png/cu05-empty-v3.png	2026-09-27T09:56Z	record	Q64e	Y
docs/records/audits/2026-09/mvp6-claims-ui-draft-03/runtime-kit/png/cu05-error-503-v2.png	2026-09-27T09:55Z	record	Q64e	Y
docs/records/audits/2026-09/mvp6-claims-ui-draft-03/runtime-kit/png/cu05-error-503-v3.png	2026-09-27T09:56Z	record	Q64e	Y
docs/records/audits/2026-09/mvp6-claims-ui-draft-03/runtime-kit/png/cu05-skeleton-v2.png	2026-09-27T09:55Z	record	Q64e	Y
docs/records/audits/2026-09/mvp6-claims-ui-draft-03/runtime-kit/png/cu05-skeleton-v3.png	2026-09-27T09:55Z	record	Q64e	Y
docs/records/audits/2026-09/mvp6-claims-ui-draft-03/runtime-kit/raw/PORTS-before.tsv	2026-09-27T09:51Z	record	Q64e	Y
docs/records/audits/2026-09/mvp6-claims-ui-draft-03/runtime-kit/raw/SOURCE-TREE-MANIFEST.tsv	2026-09-27T09:51Z	record	Q64e	Y
docs/records/audits/2026-09/mvp6-claims-ui-draft-03/runtime-kit/raw/binary-sha256.txt	2026-09-27T09:53Z	record	Q64e	Y
docs/records/audits/2026-09/mvp6-claims-ui-draft-03/runtime-kit/raw/browser-binding.tsv	2026-09-27T09:57Z	record	Q64e	Y
docs/records/audits/2026-09/mvp6-claims-ui-draft-03/runtime-kit/raw/build/auth-build-a1.log	2026-09-27T09:52Z	record	Q64e	Y
docs/records/audits/2026-09/mvp6-claims-ui-draft-03/runtime-kit/raw/build/auth-restore-a1.log	2026-09-27T09:52Z	record	Q64e	Y
docs/records/audits/2026-09/mvp6-claims-ui-draft-03/runtime-kit/raw/build/gateway-build-a1.log	2026-09-27T09:53Z	record	Q64e	Y
docs/records/audits/2026-09/mvp6-claims-ui-draft-03/runtime-kit/raw/build/gateway-restore-a1.log	2026-09-27T09:52Z	record	Q64e	Y
docs/records/audits/2026-09/mvp6-claims-ui-draft-03/runtime-kit/raw/build/mdm-build-a1.log	2026-09-27T09:52Z	record	Q64e	Y
docs/records/audits/2026-09/mvp6-claims-ui-draft-03/runtime-kit/raw/build/mdm-restore-a1.log	2026-09-27T09:52Z	record	Q64e	Y
docs/records/audits/2026-09/mvp6-claims-ui-draft-03/runtime-kit/raw/build/platform-build-a1.log	2026-09-27T09:52Z	record	Q64e	Y
docs/records/audits/2026-09/mvp6-claims-ui-draft-03/runtime-kit/raw/build/platform-restore-a1.log	2026-09-27T09:52Z	record	Q64e	Y
docs/records/audits/2026-09/mvp6-claims-ui-draft-03/runtime-kit/raw/build/supplychain-build-a1.log	2026-09-27T09:52Z	record	Q64e	Y
docs/records/audits/2026-09/mvp6-claims-ui-draft-03/runtime-kit/raw/build/supplychain-restore-a1.log	2026-09-27T09:52Z	record	Q64e	Y
docs/records/audits/2026-09/mvp6-claims-ui-draft-03/runtime-kit/raw/build/web-build-a1.log	2026-09-27T09:53Z	record	Q64e	Y
docs/records/audits/2026-09/mvp6-claims-ui-draft-03/runtime-kit/raw/build/web-restore-a1.log	2026-09-27T09:53Z	record	Q64e	Y
docs/records/audits/2026-09/mvp6-claims-ui-draft-03/runtime-kit/raw/db/cu05v2-after-a1.json	2026-09-27T09:55Z	record	Q64e	Y
docs/records/audits/2026-09/mvp6-claims-ui-draft-03/runtime-kit/raw/db/cu05v2-before-a1.json	2026-09-27T09:55Z	record	Q64e	Y
docs/records/audits/2026-09/mvp6-claims-ui-draft-03/runtime-kit/raw/db/cu05v3-after-a1.json	2026-09-27T09:56Z	record	Q64e	Y
docs/records/audits/2026-09/mvp6-claims-ui-draft-03/runtime-kit/raw/db/cu05v3-before-a1.json	2026-09-27T09:55Z	record	Q64e	Y
docs/records/audits/2026-09/mvp6-claims-ui-draft-03/runtime-kit/raw/db/db-assertions.tsv	2026-09-27T09:56Z	record	Q64e	Y
docs/records/audits/2026-09/mvp6-claims-ui-draft-03/runtime-kit/raw/db/diagv3-after-a1.json	2026-09-27T09:56Z	record	Q64e	Y
docs/records/audits/2026-09/mvp6-claims-ui-draft-03/runtime-kit/raw/db/diagv3-before-a1.json	2026-09-27T09:56Z	record	Q64e	Y
docs/records/audits/2026-09/mvp6-claims-ui-draft-03/runtime-kit/raw/db/fixture-after-a1.json	2026-09-27T09:55Z	record	Q64e	Y
docs/records/audits/2026-09/mvp6-claims-ui-draft-03/runtime-kit/raw/db/fixture-before-a1.json	2026-09-27T09:54Z	record	Q64e	Y
docs/records/audits/2026-09/mvp6-claims-ui-draft-03/runtime-kit/raw/dotnet-info.txt	2026-09-27T09:51Z	record	Q64e	Y
docs/records/audits/2026-09/mvp6-claims-ui-draft-03/runtime-kit/raw/dotnet-runtimes.txt	2026-09-27T09:51Z	record	Q64e	Y
docs/records/audits/2026-09/mvp6-claims-ui-draft-03/runtime-kit/raw/dotnet-sdks.txt	2026-09-27T09:51Z	record	Q64e	Y
docs/records/audits/2026-09/mvp6-claims-ui-draft-03/runtime-kit/raw/effective-config-auth.json	2026-09-27T09:53Z	record	Q64e	Y
docs/records/audits/2026-09/mvp6-claims-ui-draft-03/runtime-kit/raw/effective-config-findings.txt	2026-09-27T09:53Z	record	Q64e	Y
docs/records/audits/2026-09/mvp6-claims-ui-draft-03/runtime-kit/raw/effective-config-gateway.json	2026-09-27T09:53Z	record	Q64e	Y
docs/records/audits/2026-09/mvp6-claims-ui-draft-03/runtime-kit/raw/effective-config-mdm.json	2026-09-27T09:53Z	record	Q64e	Y
docs/records/audits/2026-09/mvp6-claims-ui-draft-03/runtime-kit/raw/effective-config-platform.json	2026-09-27T09:53Z	record	Q64e	Y
docs/records/audits/2026-09/mvp6-claims-ui-draft-03/runtime-kit/raw/effective-config-summary.tsv	2026-09-27T09:53Z	record	Q64e	Y
docs/records/audits/2026-09/mvp6-claims-ui-draft-03/runtime-kit/raw/effective-config-supplychain.json	2026-09-27T09:53Z	record	Q64e	Y
docs/records/audits/2026-09/mvp6-claims-ui-draft-03/runtime-kit/raw/effective-config-web.json	2026-09-27T09:53Z	record	Q64e	Y
docs/records/audits/2026-09/mvp6-claims-ui-draft-03/runtime-kit/raw/fixture/org-fixture.json	2026-09-27T09:55Z	record	Q64e	Y
docs/records/audits/2026-09/mvp6-claims-ui-draft-03/runtime-kit/raw/fixture/tenant-fixture.json	2026-09-27T09:54Z	record	Q64e	Y
docs/records/audits/2026-09/mvp6-claims-ui-draft-03/runtime-kit/raw/gateway-routes.tsv	2026-09-27T09:53Z	record	Q64e	Y
docs/records/audits/2026-09/mvp6-claims-ui-draft-03/runtime-kit/raw/health-auth-a1.body	2026-09-27T09:53Z	record	Q64e	Y
docs/records/audits/2026-09/mvp6-claims-ui-draft-03/runtime-kit/raw/health-auth-a1.headers	2026-09-27T09:53Z	record	Q64e	Y
docs/records/audits/2026-09/mvp6-claims-ui-draft-03/runtime-kit/raw/health-gateway-a1.body	2026-09-27T09:54Z	record	Q64e	Y
docs/records/audits/2026-09/mvp6-claims-ui-draft-03/runtime-kit/raw/health-gateway-a1.headers	2026-09-27T09:54Z	record	Q64e	Y
docs/records/audits/2026-09/mvp6-claims-ui-draft-03/runtime-kit/raw/health-mdm-a1.body	2026-09-27T09:54Z	record	Q64e	Y
docs/records/audits/2026-09/mvp6-claims-ui-draft-03/runtime-kit/raw/health-mdm-a1.headers	2026-09-27T09:54Z	record	Q64e	Y
docs/records/audits/2026-09/mvp6-claims-ui-draft-03/runtime-kit/raw/health-platform-a1.body	2026-09-27T09:54Z	record	Q64e	Y
docs/records/audits/2026-09/mvp6-claims-ui-draft-03/runtime-kit/raw/health-platform-a1.headers	2026-09-27T09:54Z	record	Q64e	Y
docs/records/audits/2026-09/mvp6-claims-ui-draft-03/runtime-kit/raw/health-supplychain-a1.body	2026-09-27T09:54Z	record	Q64e	Y
docs/records/audits/2026-09/mvp6-claims-ui-draft-03/runtime-kit/raw/health-supplychain-a1.headers	2026-09-27T09:54Z	record	Q64e	Y
docs/records/audits/2026-09/mvp6-claims-ui-draft-03/runtime-kit/raw/health-web-a1.body	2026-09-27T09:54Z	record	Q64e	Y
docs/records/audits/2026-09/mvp6-claims-ui-draft-03/runtime-kit/raw/health-web-a1.headers	2026-09-27T09:54Z	record	Q64e	Y
docs/records/audits/2026-09/mvp6-claims-ui-draft-03/runtime-kit/raw/identities-a1.json	2026-09-27T09:54Z	record	Q64e	Y
docs/records/audits/2026-09/mvp6-claims-ui-draft-03/runtime-kit/raw/key-pairing-citations.tsv	2026-09-27T09:53Z	record	Q64e	Y
docs/records/audits/2026-09/mvp6-claims-ui-draft-03/runtime-kit/raw/lane-mongo-connections-a1.txt	2026-09-27T09:54Z	record	Q64e	Y
docs/records/audits/2026-09/mvp6-claims-ui-draft-03/runtime-kit/raw/lane-mongo-connections-a2.txt	2026-09-27T09:57Z	record	Q64e	Y
docs/records/audits/2026-09/mvp6-claims-ui-draft-03/runtime-kit/raw/listeners-before-cleanup-a1.txt	2026-09-27T09:57Z	record	Q64e	Y
docs/records/audits/2026-09/mvp6-claims-ui-draft-03/runtime-kit/raw/mongo-rs-status.json	2026-09-27T09:53Z	record	Q64e	Y
docs/records/audits/2026-09/mvp6-claims-ui-draft-03/runtime-kit/raw/mongod-fork.txt	2026-09-27T09:53Z	record	Q64e	Y
docs/records/audits/2026-09/mvp6-claims-ui-draft-03/runtime-kit/raw/mongod-version.txt	2026-09-27T09:53Z	record	Q64e	Y
docs/records/audits/2026-09/mvp6-claims-ui-draft-03/runtime-kit/raw/netcheck-a1.tsv	2026-09-27T09:54Z	record	Q64e	Y
docs/records/audits/2026-09/mvp6-claims-ui-draft-03/runtime-kit/raw/netcheck-a2.tsv	2026-09-27T09:57Z	record	Q64e	Y
docs/records/audits/2026-09/mvp6-claims-ui-draft-03/runtime-kit/raw/ports-lsof-before.txt	2026-09-27T09:51Z	record	Q64e	Y
docs/records/audits/2026-09/mvp6-claims-ui-draft-03/runtime-kit/raw/ports.json	2026-09-27T09:59Z	record	Q64e	Y
docs/records/audits/2026-09/mvp6-claims-ui-draft-03/runtime-kit/raw/processes.tsv	2026-09-27T09:54Z	record	Q64e	Y
docs/records/audits/2026-09/mvp6-claims-ui-draft-03/runtime-kit/raw/repo-status-after.txt	2026-09-27T09:59Z	record	Q64e	Y
docs/records/audits/2026-09/mvp6-claims-ui-draft-03/runtime-kit/raw/repo-status-before.txt	2026-09-27T09:51Z	record	Q64e	Y
docs/records/audits/2026-09/mvp6-claims-ui-draft-03/runtime-kit/raw/runtime-check.tsv	2026-09-27T09:51Z	record	Q64e	Y
docs/records/audits/2026-09/mvp6-claims-ui-draft-03/runtime-kit/raw/served-overrides.tsv	2026-09-27T09:55Z	record	Q64e	Y
docs/records/audits/2026-09/mvp6-claims-ui-draft-03/runtime-kit/raw/source-baseline.tsv	2026-09-27T09:51Z	record	Q64e	Y
docs/records/audits/2026-09/mvp6-claims-ui-draft-03/runtime-kit/raw/source-manifest-verification.txt	2026-09-27T09:51Z	record	Q64e	Y
docs/records/audits/2026-09/mvp6-claims-ui-draft-03/runtime-kit/raw/source-overlays.tsv	2026-09-27T09:51Z	record	Q64e	Y
docs/records/audits/2026-09/mvp6-claims-ui-draft-03/static/STATIC-CHECKS-final.txt	2026-09-27T10:00Z	record	Q64e	Y
docs/records/audits/2026-09/mvp6-claims-ui-draft-03/static/STATIC-CHECKS-v3.txt	2026-09-27T09:48Z	record	Q64e	Y
docs/records/audits/2026-09/mvp6-claims-ui-draft-04/CHANGES.md	2026-09-27T13:02Z	record	Q64f	Y
docs/records/audits/2026-09/mvp6-claims-ui-draft-04/FILE-PLAN.tsv	2026-09-27T13:02Z	record	Q64f	Y
docs/records/audits/2026-09/mvp6-claims-ui-draft-04/README.md	2026-09-27T13:02Z	record	Q64f	Y
docs/records/audits/2026-09/mvp6-claims-ui-draft-04/SHA256SUMS	2026-09-27T13:02Z	record	Q64f	Y
docs/records/audits/2026-09/mvp6-claims-ui-draft-04/claims-ui-draft-overlay-v4.tar.gz	2026-09-27T13:02Z	record	Q64f	Y
docs/records/audits/2026-09/mvp6-ct-verdict-q101-2026-09-26.md	2026-09-26T19:03Z	record	Q102 (ledger writer)	Y
docs/records/audits/2026-09/mvp6-ct-verdicts-q115-q64c-q103-2026-09-26.md	2026-09-26T20:58Z	record	Q118 (ledger writer)	Y
docs/records/audits/2026-09/mvp6-ct-verdicts-q118-q64d-q117-2026-09-27.md	2026-09-27T09:44Z	record	Q120 (ledger writer)	Y
docs/records/audits/2026-09/mvp6-ct-verdicts-q120-q119-q117-q64e-2026-09-27.md	2026-09-27T10:49Z	record	Q123 (ledger writer)	Y
docs/records/audits/2026-09/mvp6-ct-verdicts-q123-q114-q121a-2026-09-27.md	2026-09-27T11:16Z	record	Q127 (ledger writer)	Y
docs/records/audits/2026-09/mvp6-ct-verdicts-q126-q128-q122-q121b-2026-09-27.md	2026-09-27T13:00Z	record	Q130 (ledger writer)	Y
docs/records/audits/2026-09/mvp6-ct-verdicts-q93-q95-q102-q97-2026-09-26.md	2026-09-26T20:17Z	record	Q115 (ledger writer)	Y
docs/records/audits/2026-09/mvp6-q103-accepted-base-01/BASE-HASH	2026-09-26T20:43Z	record	Q103	Y
docs/records/audits/2026-09/mvp6-q103-accepted-base-01/BASE-MANIFEST.tsv	2026-09-26T20:43Z	record	Q103	Y
docs/records/audits/2026-09/mvp6-q103-accepted-base-01/BUILD-SUMMARY.tsv	2026-09-26T20:43Z	record	Q103	Y
docs/records/audits/2026-09/mvp6-q103-accepted-base-01/COMPOSE-LOG.txt	2026-09-26T20:43Z	record	Q103	Y
docs/records/audits/2026-09/mvp6-q103-accepted-base-01/LAYERS.tsv	2026-09-26T20:43Z	record	Q103	Y
docs/records/audits/2026-09/mvp6-q103-accepted-base-01/RAW-LOGS.tar.gz	2026-09-26T20:43Z	record	Q103	Y
docs/records/audits/2026-09/mvp6-q103-accepted-base-01/README.md	2026-09-26T20:44Z	record	Q103	Y
docs/records/audits/2026-09/mvp6-q103-accepted-base-01/SHA256SUMS	2026-09-26T20:44Z	record	Q103	Y
docs/records/audits/2026-09/mvp6-q103-accepted-base-01/TEST-SUMMARY-run1.tsv	2026-09-26T20:43Z	record	Q103	Y
docs/records/audits/2026-09/mvp6-q103-accepted-base-01/TEST-SUMMARY-split.tsv	2026-09-26T20:43Z	record	Q103	Y
docs/records/audits/2026-09/mvp6-q103-accepted-base-01/WORKTREE-DIFF.tsv	2026-09-26T20:43Z	record	Q103	Y
docs/records/audits/2026-09/mvp6-q103-accepted-base-01/scripts/build.sh	2026-09-26T20:43Z	record	Q103	Y
docs/records/audits/2026-09/mvp6-q103-accepted-base-01/scripts/compose.py	2026-09-26T20:43Z	record	Q103	Y
docs/records/audits/2026-09/mvp6-q103-accepted-base-01/scripts/test-split.sh	2026-09-26T20:43Z	record	Q103	Y
docs/records/audits/2026-09/mvp6-q103-accepted-base-01/scripts/test.sh	2026-09-26T20:43Z	record	Q103	Y
docs/records/audits/2026-09/mvp6-q114-claims-pack-patch-01/01-MOD-0187-layout-and-carriers-read.patch	2026-09-27T10:51Z	record	Q114 (+Q126 file)	Y
docs/records/audits/2026-09/mvp6-q114-claims-pack-patch-01/02-MOD-0187-P1-only.patch	2026-09-27T11:13Z	record	Q114 (+Q126 file)	Y
docs/records/audits/2026-09/mvp6-q114-claims-pack-patch-01/README.md	2026-09-27T10:52Z	record	Q114 (+Q126 file)	Y
docs/records/audits/2026-09/mvp6-q114-claims-pack-patch-01/SHA256SUMS	2026-09-27T10:52Z	record	Q114 (+Q126 file)	Y
docs/records/audits/2026-09/mvp6-q114-claims-pack-patch-01/SIGN-OFF.md	2026-09-27T10:51Z	record	Q114 (+Q126 file)	Y
docs/records/audits/2026-09/mvp6-q117-test-guard-fixes-01/BUILD-SUMMARY.tsv	2026-09-26T23:05Z	record	Q117	Y
docs/records/audits/2026-09/mvp6-q117-test-guard-fixes-01/FINAL-CHECK.txt	2026-09-26T23:07Z	record	Q117	Y
docs/records/audits/2026-09/mvp6-q117-test-guard-fixes-01/FIXES.patch	2026-09-26T23:05Z	record	Q117	Y
docs/records/audits/2026-09/mvp6-q117-test-guard-fixes-01/N1-REPRO-OUTPUT.txt	2026-09-26T23:05Z	record	Q117	Y
docs/records/audits/2026-09/mvp6-q117-test-guard-fixes-01/OVERLAY-MANIFEST.tsv	2026-09-26T23:05Z	record	Q117	Y
docs/records/audits/2026-09/mvp6-q117-test-guard-fixes-01/RAW-LOGS.tar.gz	2026-09-26T23:05Z	record	Q117	Y
docs/records/audits/2026-09/mvp6-q117-test-guard-fixes-01/README.md	2026-09-26T23:07Z	record	Q117	Y
docs/records/audits/2026-09/mvp6-q117-test-guard-fixes-01/SECRET-SCAN-EXACT-F02.txt	2026-09-26T23:05Z	record	Q117	Y
docs/records/audits/2026-09/mvp6-q117-test-guard-fixes-01/SECRET-SCAN-PATTERN.txt	2026-09-26T23:05Z	record	Q117	Y
docs/records/audits/2026-09/mvp6-q117-test-guard-fixes-01/SHA256SUMS	2026-09-26T23:07Z	record	Q117	Y
docs/records/audits/2026-09/mvp6-q117-test-guard-fixes-01/TEST-SUMMARY-before-and-stageA.tsv	2026-09-26T23:05Z	record	Q117	Y
docs/records/audits/2026-09/mvp6-q117-test-guard-fixes-01/TEST-SUMMARY.tsv	2026-09-26T23:05Z	record	Q117	Y
docs/records/audits/2026-09/mvp6-q117-test-guard-fixes-01/q117-fixes-overlay.tar.gz	2026-09-26T23:05Z	record	Q117	Y
docs/records/audits/2026-09/mvp6-q119-ver-q117-01/BUILD-SUMMARY.tsv	2026-09-27T10:16Z	record	Q119	Y
docs/records/audits/2026-09/mvp6-q119-ver-q117-01/ORDER-build-base-ordered.txt	2026-09-27T10:16Z	record	Q119	Y
docs/records/audits/2026-09/mvp6-q119-ver-q117-01/ORDER-build-fix-ordered.txt	2026-09-27T10:16Z	record	Q119	Y
docs/records/audits/2026-09/mvp6-q119-ver-q117-01/P3-base-verify.txt	2026-09-27T10:16Z	record	Q119	Y
docs/records/audits/2026-09/mvp6-q119-ver-q117-01/RAW-LOGS.tar.gz	2026-09-27T10:16Z	record	Q119	Y
docs/records/audits/2026-09/mvp6-q119-ver-q117-01/REPORT.md	2026-09-27T10:17Z	record	Q119	Y
docs/records/audits/2026-09/mvp6-q119-ver-q117-01/SHA256SUMS	2026-09-27T10:17Z	record	Q119	Y
docs/records/audits/2026-09/mvp6-q119-ver-q117-01/TEST-SUMMARY.tsv	2026-09-27T10:16Z	record	Q119	Y
docs/records/audits/2026-09/mvp6-q119-ver-q117-01/V1.txt	2026-09-27T10:16Z	record	Q119	Y
docs/records/audits/2026-09/mvp6-q119-ver-q117-01/V2.txt	2026-09-27T10:16Z	record	Q119	Y
docs/records/audits/2026-09/mvp6-q119-ver-q117-01/V3.txt	2026-09-27T10:16Z	record	Q119	Y
docs/records/audits/2026-09/mvp6-q119-ver-q117-01/V7-positive-control-base-loads.txt	2026-09-27T10:16Z	record	Q119	Y
docs/records/audits/2026-09/mvp6-q119-ver-q117-01/V7-scan-q119-tree-and-q117-folder.txt	2026-09-27T10:16Z	record	Q119	Y
docs/records/audits/2026-09/mvp6-q119-ver-q117-01/V8.txt	2026-09-27T10:16Z	record	Q119	Y
docs/records/audits/2026-09/mvp6-q119-ver-q117-01/VER-TOOLS.tar.gz	2026-09-27T10:16Z	record	Q119	Y
docs/records/audits/2026-09/mvp6-q119-ver-q117-01/mdm-failed-q119.txt	2026-09-27T10:16Z	record	Q119	Y
docs/records/audits/2026-09/mvp6-q121-mongo-guard-fixes-01/FIXES.patch	2026-09-27T10:54Z	record	Q121a	Y
docs/records/audits/2026-09/mvp6-q121-mongo-guard-fixes-01/README.md	2026-09-27T10:54Z	record	Q121a	Y
docs/records/audits/2026-09/mvp6-q121-mongo-guard-fixes-01/SHA256SUMS	2026-09-27T10:54Z	record	Q121a	Y
docs/records/audits/2026-09/mvp6-q121-mongo-guard-fixes-01/q121-mongo-guard-fixes-overlay.tar.gz	2026-09-27T10:54Z	record	Q121a	Y
docs/records/audits/2026-09/mvp6-q121b-build-test-01/ARCHITECTURE-BEFORE-AFTER.txt	2026-09-27T12:01Z	record	Q121b	Y
docs/records/audits/2026-09/mvp6-q121b-build-test-01/BEFORE-AFTER.tsv	2026-09-27T12:01Z	record	Q121b	Y
docs/records/audits/2026-09/mvp6-q121b-build-test-01/BUILD-SUMMARY.tsv	2026-09-27T12:01Z	record	Q121b	Y
docs/records/audits/2026-09/mvp6-q121b-build-test-01/P1-base-verify-before.txt	2026-09-27T12:01Z	record	Q121b	Y
docs/records/audits/2026-09/mvp6-q121b-build-test-01/P2-27017-dbs-after.txt	2026-09-27T12:01Z	record	Q121b	Y
docs/records/audits/2026-09/mvp6-q121b-build-test-01/P2-27017-dbs-before.txt	2026-09-27T12:01Z	record	Q121b	Y
docs/records/audits/2026-09/mvp6-q121b-build-test-01/P3-lane-57212-drop.txt	2026-09-27T12:01Z	record	Q121b	Y
docs/records/audits/2026-09/mvp6-q121b-build-test-01/P4-27017-dbs-final.txt	2026-09-27T12:01Z	record	Q121b	Y
docs/records/audits/2026-09/mvp6-q121b-build-test-01/P4-27017-drop-list.txt	2026-09-27T12:01Z	record	Q121b	Y
docs/records/audits/2026-09/mvp6-q121b-build-test-01/P4-27017-drop-result.txt	2026-09-27T12:01Z	record	Q121b	Y
docs/records/audits/2026-09/mvp6-q121b-build-test-01/P5-base-verify-after.txt	2026-09-27T12:01Z	record	Q121b	Y
docs/records/audits/2026-09/mvp6-q121b-build-test-01/PLATFORM-BEFORE-AFTER.txt	2026-09-27T12:01Z	record	Q121b	Y
docs/records/audits/2026-09/mvp6-q121b-build-test-01/PLATFORM-NAME-DIFF.txt	2026-09-27T12:01Z	record	Q121b	Y
docs/records/audits/2026-09/mvp6-q121b-build-test-01/RAW-LOGS.tar.gz	2026-09-27T12:01Z	record	Q121b	Y
docs/records/audits/2026-09/mvp6-q121b-build-test-01/README.md	2026-09-27T12:02Z	record	Q121b	Y
docs/records/audits/2026-09/mvp6-q121b-build-test-01/SHA256SUMS	2026-09-27T12:02Z	record	Q121b	Y
docs/records/audits/2026-09/mvp6-q121b-build-test-01/SUPPLYCHAIN-VS-Q119.txt	2026-09-27T12:01Z	record	Q121b	Y
docs/records/audits/2026-09/mvp6-q121b-build-test-01/TEST-SUMMARY.tsv	2026-09-27T12:01Z	record	Q121b	Y
docs/records/audits/2026-09/mvp6-q121b-build-test-01/TOOLS.tar.gz	2026-09-27T12:01Z	record	Q121b	Y
docs/records/audits/2026-09/mvp6-q121b-build-test-01/V-overlays-after.txt	2026-09-27T12:01Z	record	Q121b	Y
docs/records/audits/2026-09/mvp6-q121b-build-test-01/V-repo.txt	2026-09-27T12:01Z	record	Q121b	Y
docs/records/audits/2026-09/mvp6-q121c-supplychain-rerun-01/M1-mongod.txt	2026-09-27T13:06Z	record	Q121c	Y
docs/records/audits/2026-09/mvp6-q121c-supplychain-rerun-01/M2-57192-dbs-created-dropped.txt	2026-09-27T13:06Z	record	Q121c	Y
docs/records/audits/2026-09/mvp6-q121c-supplychain-rerun-01/RAW-LOGS.tar.gz	2026-09-27T13:06Z	record	Q121c	Y
docs/records/audits/2026-09/mvp6-q121c-supplychain-rerun-01/README.md	2026-09-27T13:06Z	record	Q121c	Y
docs/records/audits/2026-09/mvp6-q121c-supplychain-rerun-01/S-27017-conn-samples.txt	2026-09-27T13:06Z	record	Q121c	Y
docs/records/audits/2026-09/mvp6-q121c-supplychain-rerun-01/S-sampler-positive-control.txt	2026-09-27T13:06Z	record	Q121c	Y
docs/records/audits/2026-09/mvp6-q121c-supplychain-rerun-01/S-window.txt	2026-09-27T13:06Z	record	Q121c	Y
docs/records/audits/2026-09/mvp6-q121c-supplychain-rerun-01/S2-27017-log-window.txt	2026-09-27T13:06Z	record	Q121c	Y
docs/records/audits/2026-09/mvp6-q121c-supplychain-rerun-01/SHA256SUMS	2026-09-27T13:06Z	record	Q121c	Y
docs/records/audits/2026-09/mvp6-q121c-supplychain-rerun-01/SUPPLYCHAIN-VS-Q119.txt	2026-09-27T13:06Z	record	Q121c	Y
docs/records/audits/2026-09/mvp6-q121c-supplychain-rerun-01/T0-q121b-evidence-sums.txt	2026-09-27T13:06Z	record	Q121c	Y
docs/records/audits/2026-09/mvp6-q121c-supplychain-rerun-01/T1-tree-check.txt	2026-09-27T13:06Z	record	Q121c	Y
docs/records/audits/2026-09/mvp6-q121c-supplychain-rerun-01/T2-static-27017-grep.txt	2026-09-27T13:06Z	record	Q121c	Y
docs/records/audits/2026-09/mvp6-q121c-supplychain-rerun-01/TEST-SUMMARY.tsv	2026-09-27T13:06Z	record	Q121c	Y
docs/records/audits/2026-09/mvp6-q121c-supplychain-rerun-01/TOOLS.tar.gz	2026-09-27T13:06Z	record	Q121c	Y
docs/records/audits/2026-09/mvp6-q121c-supplychain-rerun-01/V-base.txt	2026-09-27T13:06Z	record	Q121c	Y
docs/records/audits/2026-09/mvp6-q121c-supplychain-rerun-01/V-procs-residue.txt	2026-09-27T13:06Z	record	Q121c	Y
docs/records/audits/2026-09/mvp6-q121c-supplychain-rerun-01/V-repo.txt	2026-09-27T13:06Z	record	Q121c	Y
docs/records/audits/2026-09/mvp6-q121c-supplychain-rerun-01/lane-mongod-57192.log.gz	2026-09-27T13:06Z	record	Q121c	Y
docs/records/audits/2026-09/mvp6-q122-ver-claims-v3-01/ACCEPTANCE.tsv	2026-09-27T12:37Z	record	Q122	Y
docs/records/audits/2026-09/mvp6-q122-ver-claims-v3-01/F8-SCAN-ALL.tsv	2026-09-27T12:37Z	record	Q122	Y
docs/records/audits/2026-09/mvp6-q122-ver-claims-v3-01/FINAL-CHECK.txt	2026-09-27T12:40Z	record	Q122	Y
docs/records/audits/2026-09/mvp6-q122-ver-claims-v3-01/REPORT.md	2026-09-27T12:40Z	record	Q122	Y
docs/records/audits/2026-09/mvp6-q122-ver-claims-v3-01/SECRET-SCAN-ROOT.txt	2026-09-27T12:41Z	record	Q122	Y
docs/records/audits/2026-09/mvp6-q122-ver-claims-v3-01/SHA256SUMS	2026-09-27T12:41Z	record	Q122	Y
docs/records/audits/2026-09/mvp6-q122-ver-claims-v3-01/compose/COMPOSE-LOG.txt	2026-09-27T12:35Z	record	Q122	Y
docs/records/audits/2026-09/mvp6-q122-ver-claims-v3-01/compose/DERIVED-OVERLAYS.sha256	2026-09-27T12:35Z	record	Q122	Y
docs/records/audits/2026-09/mvp6-q122-ver-claims-v3-01/compose/LAYERS-BEFORE-AFTER.tsv	2026-09-27T12:35Z	record	Q122	Y
docs/records/audits/2026-09/mvp6-q122-ver-claims-v3-01/compose/claims-v3-env-integration-MANIFEST.tsv	2026-09-27T12:35Z	record	Q122	Y
docs/records/audits/2026-09/mvp6-q122-ver-claims-v3-01/compose/claims-v3-module-MANIFEST.tsv	2026-09-27T12:35Z	record	Q122	Y
docs/records/audits/2026-09/mvp6-q122-ver-claims-v3-01/compose/compose_q122.py	2026-09-27T12:35Z	record	Q122	Y
docs/records/audits/2026-09/mvp6-q122-ver-claims-v3-01/compose/q117-files-MANIFEST.tsv	2026-09-27T12:35Z	record	Q122	Y
docs/records/audits/2026-09/mvp6-q122-ver-claims-v3-01/kit/ARTIFACTS.sha256	2026-09-27T12:35Z	record	Q122	Y
docs/records/audits/2026-09/mvp6-q122-ver-claims-v3-01/kit/CLEANUP.tsv	2026-09-27T12:34Z	record	Q122	Y
docs/records/audits/2026-09/mvp6-q122-ver-claims-v3-01/kit/COMMANDS.tsv	2026-09-27T12:34Z	record	Q122	Y
docs/records/audits/2026-09/mvp6-q122-ver-claims-v3-01/kit/PNG-INDEX.tsv	2026-09-27T12:35Z	record	Q122	Y
docs/records/audits/2026-09/mvp6-q122-ver-claims-v3-01/kit/SECRET-SCAN-FINAL-a1.txt	2026-09-27T12:35Z	record	Q122	Y
docs/records/audits/2026-09/mvp6-q122-ver-claims-v3-01/kit/SOURCE-BINARY-PROCESS.tsv	2026-09-27T12:17Z	record	Q122	Y
docs/records/audits/2026-09/mvp6-q122-ver-claims-v3-01/kit/browser/checks-mut-grant-a1.json	2026-09-27T12:15Z	record	Q122	Y
docs/records/audits/2026-09/mvp6-q122-ver-claims-v3-01/kit/browser/checks-mut-nogrant-a1.json	2026-09-27T12:07Z	record	Q122	Y
docs/records/audits/2026-09/mvp6-q122-ver-claims-v3-01/kit/browser/checks-neg-a1.json	2026-09-27T12:07Z	record	Q122	Y
docs/records/audits/2026-09/mvp6-q122-ver-claims-v3-01/kit/browser/crafted-a1.json	2026-09-27T12:10Z	record	Q122	Y
docs/records/audits/2026-09/mvp6-q122-ver-claims-v3-01/kit/browser/cu05-a1.json	2026-09-27T12:10Z	record	Q122	Y
docs/records/audits/2026-09/mvp6-q122-ver-claims-v3-01/kit/browser/cu12-a1.json	2026-09-27T12:10Z	record	Q122	Y
docs/records/audits/2026-09/mvp6-q122-ver-claims-v3-01/kit/browser/cu18-a1.json	2026-09-27T12:11Z	record	Q122	Y
docs/records/audits/2026-09/mvp6-q122-ver-claims-v3-01/kit/browser/cu18ui-a1.json	2026-09-27T12:11Z	record	Q122	Y
docs/records/audits/2026-09/mvp6-q122-ver-claims-v3-01/kit/browser/cu19-a1.json	2026-09-27T12:12Z	record	Q122	Y
docs/records/audits/2026-09/mvp6-q122-ver-claims-v3-01/kit/browser/cu20-a1.json	2026-09-27T12:12Z	record	Q122	Y
docs/records/audits/2026-09/mvp6-q122-ver-claims-v3-01/kit/browser/cu22-a1.json	2026-09-27T12:12Z	record	Q122	Y
docs/records/audits/2026-09/mvp6-q122-ver-claims-v3-01/kit/browser/cu26-a1.json	2026-09-27T12:13Z	record	Q122	Y
docs/records/audits/2026-09/mvp6-q122-ver-claims-v3-01/kit/browser/extra-a1.json	2026-09-27T12:29Z	record	Q122	Y
docs/records/audits/2026-09/mvp6-q122-ver-claims-v3-01/kit/browser/extra2-a1.json	2026-09-27T12:30Z	record	Q122	Y
docs/records/audits/2026-09/mvp6-q122-ver-claims-v3-01/kit/browser/kbd-a1.json	2026-09-27T12:13Z	record	Q122	Y
docs/records/audits/2026-09/mvp6-q122-ver-claims-v3-01/kit/browser/kbd2-a1.json	2026-09-27T12:31Z	record	Q122	Y
docs/records/audits/2026-09/mvp6-q122-ver-claims-v3-01/kit/browser/kbd2-a2.json	2026-09-27T12:31Z	record	Q122	Y
docs/records/audits/2026-09/mvp6-q122-ver-claims-v3-01/kit/browser/l10n-a1.json	2026-09-27T12:13Z	record	Q122	Y
docs/records/audits/2026-09/mvp6-q122-ver-claims-v3-01/kit/browser/login-a1.json	2026-09-27T12:06Z	record	Q122	Y
docs/records/audits/2026-09/mvp6-q122-ver-claims-v3-01/kit/browser/login-full-a1.json	2026-09-27T12:15Z	record	Q122	Y
docs/records/audits/2026-09/mvp6-q122-ver-claims-v3-01/kit/browser/login-readonly-a1.json	2026-09-27T12:22Z	record	Q122	Y
docs/records/audits/2026-09/mvp6-q122-ver-claims-v3-01/kit/browser/login-readonly-a10.json	2026-09-27T12:27Z	record	Q122	Y
docs/records/audits/2026-09/mvp6-q122-ver-claims-v3-01/kit/browser/login-readonly-a11.json	2026-09-27T12:27Z	record	Q122	Y
docs/records/audits/2026-09/mvp6-q122-ver-claims-v3-01/kit/browser/login-readonly-a12.json	2026-09-27T12:28Z	record	Q122	Y
docs/records/audits/2026-09/mvp6-q122-ver-claims-v3-01/kit/browser/login-readonly-a13.json	2026-09-27T12:28Z	record	Q122	Y
docs/records/audits/2026-09/mvp6-q122-ver-claims-v3-01/kit/browser/login-readonly-a2.json	2026-09-27T12:22Z	record	Q122	Y
docs/records/audits/2026-09/mvp6-q122-ver-claims-v3-01/kit/browser/login-readonly-a3.json	2026-09-27T12:22Z	record	Q122	Y
docs/records/audits/2026-09/mvp6-q122-ver-claims-v3-01/kit/browser/login-readonly-a4.json	2026-09-27T12:23Z	record	Q122	Y
docs/records/audits/2026-09/mvp6-q122-ver-claims-v3-01/kit/browser/login-readonly-a5.json	2026-09-27T12:23Z	record	Q122	Y
docs/records/audits/2026-09/mvp6-q122-ver-claims-v3-01/kit/browser/login-readonly-a6.json	2026-09-27T12:24Z	record	Q122	Y
docs/records/audits/2026-09/mvp6-q122-ver-claims-v3-01/kit/browser/login-readonly-a7.json	2026-09-27T12:24Z	record	Q122	Y
docs/records/audits/2026-09/mvp6-q122-ver-claims-v3-01/kit/browser/login-readonly-a8.json	2026-09-27T12:25Z	record	Q122	Y
docs/records/audits/2026-09/mvp6-q122-ver-claims-v3-01/kit/browser/login-readonly-a9.json	2026-09-27T12:26Z	record	Q122	Y
docs/records/audits/2026-09/mvp6-q122-ver-claims-v3-01/kit/browser/matrix-createNoShipRead-a1.json	2026-09-27T12:22Z	record	Q122	Y
docs/records/audits/2026-09/mvp6-q122-ver-claims-v3-01/kit/browser/matrix-createOnly-a1.json	2026-09-27T12:22Z	record	Q122	Y
docs/records/audits/2026-09/mvp6-q122-ver-claims-v3-01/kit/browser/matrix-decide-a1.json	2026-09-27T12:23Z	record	Q122	Y
docs/records/audits/2026-09/mvp6-q122-ver-claims-v3-01/kit/browser/matrix-investigate-a1.json	2026-09-27T12:22Z	record	Q122	Y
docs/records/audits/2026-09/mvp6-q122-ver-claims-v3-01/kit/browser/matrix-settle-a1.json	2026-09-27T12:23Z	record	Q122	Y
docs/records/audits/2026-09/mvp6-q122-ver-claims-v3-01/kit/browser/matrixdom-createNoShipRead-a1.json	2026-09-27T12:24Z	record	Q122	Y
docs/records/audits/2026-09/mvp6-q122-ver-claims-v3-01/kit/browser/matrixdom-createNoShipRead-a2.json	2026-09-27T12:27Z	record	Q122	Y
docs/records/audits/2026-09/mvp6-q122-ver-claims-v3-01/kit/browser/matrixdom-createOnly-a1.json	2026-09-27T12:25Z	record	Q122	Y
docs/records/audits/2026-09/mvp6-q122-ver-claims-v3-01/kit/browser/matrixdom-createOnly-a2.json	2026-09-27T12:27Z	record	Q122	Y
docs/records/audits/2026-09/mvp6-q122-ver-claims-v3-01/kit/browser/matrixdom-decide-a1.json	2026-09-27T12:26Z	record	Q122	Y
docs/records/audits/2026-09/mvp6-q122-ver-claims-v3-01/kit/browser/matrixdom-decide-a2.json	2026-09-27T12:28Z	record	Q122	Y
docs/records/audits/2026-09/mvp6-q122-ver-claims-v3-01/kit/browser/matrixdom-full-a1.json	2026-09-27T12:26Z	record	Q122	Y
docs/records/audits/2026-09/mvp6-q122-ver-claims-v3-01/kit/browser/matrixdom-investigate-a1.json	2026-09-27T12:26Z	record	Q122	Y
docs/records/audits/2026-09/mvp6-q122-ver-claims-v3-01/kit/browser/matrixdom-investigate-a2.json	2026-09-27T12:28Z	record	Q122	Y
docs/records/audits/2026-09/mvp6-q122-ver-claims-v3-01/kit/browser/matrixdom-settle-a1.json	2026-09-27T12:24Z	record	Q122	Y
docs/records/audits/2026-09/mvp6-q122-ver-claims-v3-01/kit/browser/nf-ui-a1.json	2026-09-27T12:09Z	record	Q122	Y
docs/records/audits/2026-09/mvp6-q122-ver-claims-v3-01/kit/browser/regd01-a1.json	2026-09-27T12:14Z	record	Q122	Y
docs/records/audits/2026-09/mvp6-q122-ver-claims-v3-01/kit/browser/regression-a1.json	2026-09-27T12:13Z	record	Q122	Y
docs/records/audits/2026-09/mvp6-q122-ver-claims-v3-01/kit/browser/saveview-a1.json	2026-09-27T12:10Z	record	Q122	Y
docs/records/audits/2026-09/mvp6-q122-ver-claims-v3-01/kit/browser/spec-a1.json	2026-09-27T12:15Z	record	Q122	Y
docs/records/audits/2026-09/mvp6-q122-ver-claims-v3-01/kit/browser/spec-report.json	2026-09-27T12:15Z	record	Q122	Y
docs/records/audits/2026-09/mvp6-q122-ver-claims-v3-01/kit/browser/ui-flows-a1.json	2026-09-27T12:07Z	record	Q122	Y
docs/records/audits/2026-09/mvp6-q122-ver-claims-v3-01/kit/browser/vs1-a1.json	2026-09-27T12:06Z	record	Q122	Y
docs/records/audits/2026-09/mvp6-q122-ver-claims-v3-01/kit/png/cu02-filter-applied-en.png	2026-09-27T12:07Z	record	Q122	Y
docs/records/audits/2026-09/mvp6-q122-ver-claims-v3-01/kit/png/cu03-absent-fields-en.png	2026-09-27T12:10Z	record	Q122	Y
docs/records/audits/2026-09/mvp6-q122-ver-claims-v3-01/kit/png/cu03-malformed-envelope-en.png	2026-09-27T12:10Z	record	Q122	Y
docs/records/audits/2026-09/mvp6-q122-ver-claims-v3-01/kit/png/cu04-exact-amount-en.png	2026-09-27T12:10Z	record	Q122	Y
docs/records/audits/2026-09/mvp6-q122-ver-claims-v3-01/kit/png/cu05-after-load-en.png	2026-09-27T12:10Z	record	Q122	Y
docs/records/audits/2026-09/mvp6-q122-ver-claims-v3-01/kit/png/cu05-empty-en.png	2026-09-27T12:10Z	record	Q122	Y
docs/records/audits/2026-09/mvp6-q122-ver-claims-v3-01/kit/png/cu05-error-503-en.png	2026-09-27T12:10Z	record	Q122	Y
docs/records/audits/2026-09/mvp6-q122-ver-claims-v3-01/kit/png/cu05-skeleton-en.png	2026-09-27T12:10Z	record	Q122	Y
docs/records/audits/2026-09/mvp6-q122-ver-claims-v3-01/kit/png/cu08-transition-investigating-en.png	2026-09-27T12:07Z	record	Q122	Y
docs/records/audits/2026-09/mvp6-q122-ver-claims-v3-01/kit/png/cu11-lexical-400-en.png	2026-09-27T12:28Z	record	Q122	Y
docs/records/audits/2026-09/mvp6-q122-ver-claims-v3-01/kit/png/cu12-empty-reason-evidence-en.png	2026-09-27T12:10Z	record	Q122	Y
docs/records/audits/2026-09/mvp6-q122-ver-claims-v3-01/kit/png/cu13-stale-resolve-en.png	2026-09-27T12:10Z	record	Q122	Y
docs/records/audits/2026-09/mvp6-q122-ver-claims-v3-01/kit/png/cu14-ui-foreignLe-en.png	2026-09-27T12:09Z	record	Q122	Y
docs/records/audits/2026-09/mvp6-q122-ver-claims-v3-01/kit/png/cu14-ui-foreignTenant-en.png	2026-09-27T12:09Z	record	Q122	Y
docs/records/audits/2026-09/mvp6-q122-ver-claims-v3-01/kit/png/cu14-ui-softDeleted-en.png	2026-09-27T12:09Z	record	Q122	Y
docs/records/audits/2026-09/mvp6-q122-ver-claims-v3-01/kit/png/cu14-ui-unknown-en.png	2026-09-27T12:09Z	record	Q122	Y
docs/records/audits/2026-09/mvp6-q122-ver-claims-v3-01/kit/png/cu15-ui-foreign-le-en.png	2026-09-27T12:09Z	record	Q122	Y
docs/records/audits/2026-09/mvp6-q122-ver-claims-v3-01/kit/png/cu15-ui-foreign-tenant-en.png	2026-09-27T12:09Z	record	Q122	Y
docs/records/audits/2026-09/mvp6-q122-ver-claims-v3-01/kit/png/cu15-ui-softdel-en.png	2026-09-27T12:09Z	record	Q122	Y
docs/records/audits/2026-09/mvp6-q122-ver-claims-v3-01/kit/png/cu16-leb-list-en.png	2026-09-27T12:07Z	record	Q122	Y
docs/records/audits/2026-09/mvp6-q122-ver-claims-v3-01/kit/png/cu17-cancelled-en.png	2026-09-27T12:30Z	record	Q122	Y
docs/records/audits/2026-09/mvp6-q122-ver-claims-v3-01/kit/png/cu17-draft-en.png	2026-09-27T12:30Z	record	Q122	Y
docs/records/audits/2026-09/mvp6-q122-ver-claims-v3-01/kit/png/cu17-ineligible-draft-en.png	2026-09-27T12:07Z	record	Q122	Y
docs/records/audits/2026-09/mvp6-q122-ver-claims-v3-01/kit/png/cu17-planned-en.png	2026-09-27T12:30Z	record	Q122	Y
docs/records/audits/2026-09/mvp6-q122-ver-claims-v3-01/kit/png/cu18-malformed-root-en.png	2026-09-27T12:11Z	record	Q122	Y
docs/records/audits/2026-09/mvp6-q122-ver-claims-v3-01/kit/png/cu18-null-root-create-503-en.png	2026-09-27T12:11Z	record	Q122	Y
docs/records/audits/2026-09/mvp6-q122-ver-claims-v3-01/kit/png/cu18-null-root-en.png	2026-09-27T12:11Z	record	Q122	Y
docs/records/audits/2026-09/mvp6-q122-ver-claims-v3-01/kit/png/cu19-retry-409-blocked-en.png	2026-09-27T12:12Z	record	Q122	Y
docs/records/audits/2026-09/mvp6-q122-ver-claims-v3-01/kit/png/cu19-retry-replay-completed-en.png	2026-09-27T12:12Z	record	Q122	Y
docs/records/audits/2026-09/mvp6-q122-ver-claims-v3-01/kit/png/cu20-approve-250-success-en.png	2026-09-27T12:12Z	record	Q122	Y
docs/records/audits/2026-09/mvp6-q122-ver-claims-v3-01/kit/png/cu21-stale-transition-422-en.png	2026-09-27T12:07Z	record	Q122	Y
docs/records/audits/2026-09/mvp6-q122-ver-claims-v3-01/kit/png/cu22-settle-confirm-en.png	2026-09-27T12:12Z	record	Q122	Y
docs/records/audits/2026-09/mvp6-q122-ver-claims-v3-01/kit/png/cu22-settled-en.png	2026-09-27T12:12Z	record	Q122	Y
docs/records/audits/2026-09/mvp6-q122-ver-claims-v3-01/kit/png/cu25-create-open-en.png	2026-09-27T12:13Z	record	Q122	Y
docs/records/audits/2026-09/mvp6-q122-ver-claims-v3-01/kit/png/cu25-transition-open-en.png	2026-09-27T12:13Z	record	Q122	Y
docs/records/audits/2026-09/mvp6-q122-ver-claims-v3-01/kit/png/cu31-quickview-en.png	2026-09-27T12:07Z	record	Q122	Y
docs/records/audits/2026-09/mvp6-q122-ver-claims-v3-01/kit/png/d01-create-reload-en.png	2026-09-27T12:07Z	record	Q122	Y
docs/records/audits/2026-09/mvp6-q122-ver-claims-v3-01/kit/png/d02-single-shell-en.png	2026-09-27T12:07Z	record	Q122	Y
docs/records/audits/2026-09/mvp6-q122-ver-claims-v3-01/kit/png/grant-carrier-linked-create-en.png	2026-09-27T12:15Z	record	Q122	Y
docs/records/audits/2026-09/mvp6-q122-ver-claims-v3-01/kit/png/kbd-escape-after-400-en.png	2026-09-27T12:30Z	record	Q122	Y
docs/records/audits/2026-09/mvp6-q122-ver-claims-v3-01/kit/png/kbd-transition-escape-after-422-en.png	2026-09-27T12:31Z	record	Q122	Y
docs/records/audits/2026-09/mvp6-q122-ver-claims-v3-01/kit/png/l10n-ar-1024.png	2026-09-27T12:13Z	record	Q122	Y
docs/records/audits/2026-09/mvp6-q122-ver-claims-v3-01/kit/png/l10n-ar-1280.png	2026-09-27T12:13Z	record	Q122	Y
docs/records/audits/2026-09/mvp6-q122-ver-claims-v3-01/kit/png/l10n-ar-1440.png	2026-09-27T12:13Z	record	Q122	Y
docs/records/audits/2026-09/mvp6-q122-ver-claims-v3-01/kit/png/l10n-ar-390.png	2026-09-27T12:13Z	record	Q122	Y
docs/records/audits/2026-09/mvp6-q122-ver-claims-v3-01/kit/png/l10n-ar-768.png	2026-09-27T12:13Z	record	Q122	Y
docs/records/audits/2026-09/mvp6-q122-ver-claims-v3-01/kit/png/l10n-en-1024.png	2026-09-27T12:12Z	record	Q122	Y
docs/records/audits/2026-09/mvp6-q122-ver-claims-v3-01/kit/png/l10n-en-1280.png	2026-09-27T12:12Z	record	Q122	Y
docs/records/audits/2026-09/mvp6-q122-ver-claims-v3-01/kit/png/l10n-en-1440.png	2026-09-27T12:12Z	record	Q122	Y
docs/records/audits/2026-09/mvp6-q122-ver-claims-v3-01/kit/png/l10n-en-390.png	2026-09-27T12:12Z	record	Q122	Y
docs/records/audits/2026-09/mvp6-q122-ver-claims-v3-01/kit/png/l10n-en-768.png	2026-09-27T12:12Z	record	Q122	Y
docs/records/audits/2026-09/mvp6-q122-ver-claims-v3-01/kit/png/l10n-es-1280.png	2026-09-27T12:13Z	record	Q122	Y
docs/records/audits/2026-09/mvp6-q122-ver-claims-v3-01/kit/png/l10n-fr-1280.png	2026-09-27T12:12Z	record	Q122	Y
docs/records/audits/2026-09/mvp6-q122-ver-claims-v3-01/kit/png/l10n-ru-1280.png	2026-09-27T12:13Z	record	Q122	Y
docs/records/audits/2026-09/mvp6-q122-ver-claims-v3-01/kit/png/l10n-tr-1280.png	2026-09-27T12:12Z	record	Q122	Y
docs/records/audits/2026-09/mvp6-q122-ver-claims-v3-01/kit/png/l10n-zh-1280.png	2026-09-27T12:13Z	record	Q122	Y
docs/records/audits/2026-09/mvp6-q122-ver-claims-v3-01/kit/png/matrix-createNoShipRead-en.png	2026-09-27T12:22Z	record	Q122	Y
docs/records/audits/2026-09/mvp6-q122-ver-claims-v3-01/kit/png/matrix-createOnly-en.png	2026-09-27T12:22Z	record	Q122	Y
docs/records/audits/2026-09/mvp6-q122-ver-claims-v3-01/kit/png/matrix-decide-en.png	2026-09-27T12:23Z	record	Q122	Y
docs/records/audits/2026-09/mvp6-q122-ver-claims-v3-01/kit/png/matrix-investigate-en.png	2026-09-27T12:22Z	record	Q122	Y
docs/records/audits/2026-09/mvp6-q122-ver-claims-v3-01/kit/png/matrix-settle-en.png	2026-09-27T12:23Z	record	Q122	Y
docs/records/audits/2026-09/mvp6-q122-ver-claims-v3-01/kit/png/matrixdom-createNoShipRead-en.png	2026-09-27T12:27Z	record	Q122	Y
docs/records/audits/2026-09/mvp6-q122-ver-claims-v3-01/kit/png/matrixdom-createOnly-en.png	2026-09-27T12:27Z	record	Q122	Y
docs/records/audits/2026-09/mvp6-q122-ver-claims-v3-01/kit/png/matrixdom-decide-en.png	2026-09-27T12:28Z	record	Q122	Y
docs/records/audits/2026-09/mvp6-q122-ver-claims-v3-01/kit/png/matrixdom-full-en.png	2026-09-27T12:26Z	record	Q122	Y
docs/records/audits/2026-09/mvp6-q122-ver-claims-v3-01/kit/png/matrixdom-investigate-en.png	2026-09-27T12:28Z	record	Q122	Y
docs/records/audits/2026-09/mvp6-q122-ver-claims-v3-01/kit/png/matrixdom-settle-en.png	2026-09-27T12:24Z	record	Q122	Y
docs/records/audits/2026-09/mvp6-q122-ver-claims-v3-01/kit/png/nogrant-carrier-linked-create-en.png	2026-09-27T12:07Z	record	Q122	Y
docs/records/audits/2026-09/mvp6-q122-ver-claims-v3-01/kit/png/readonly-list-no-cta-en.png	2026-09-27T12:07Z	record	Q122	Y
docs/records/audits/2026-09/mvp6-q122-ver-claims-v3-01/kit/png/regression-create-reload-en.png	2026-09-27T12:13Z	record	Q122	Y
docs/records/audits/2026-09/mvp6-q122-ver-claims-v3-01/kit/png/regression-create-reload-search-en.png	2026-09-27T12:14Z	record	Q122	Y
docs/records/audits/2026-09/mvp6-q122-ver-claims-v3-01/kit/png/regression-transition-investigating-en.png	2026-09-27T12:13Z	record	Q122	Y
docs/records/audits/2026-09/mvp6-q122-ver-claims-v3-01/kit/png/saveview-1-apply-dirty-en.png	2026-09-27T12:09Z	record	Q122	Y
docs/records/audits/2026-09/mvp6-q122-ver-claims-v3-01/kit/png/saveview-2-reset-factory-en.png	2026-09-27T12:09Z	record	Q122	Y
docs/records/audits/2026-09/mvp6-q122-ver-claims-v3-01/kit/png/saveview-3-saved-clean-en.png	2026-09-27T12:10Z	record	Q122	Y
docs/records/audits/2026-09/mvp6-q122-ver-claims-v3-01/kit/png/saveview-4-reload-restored-en.png	2026-09-27T12:10Z	record	Q122	Y
docs/records/audits/2026-09/mvp6-q122-ver-claims-v3-01/kit/png/spec/01-list-en.png	2026-09-27T12:15Z	record	Q122	Y
docs/records/audits/2026-09/mvp6-q122-ver-claims-v3-01/kit/png/spec/02-create-201.png	2026-09-27T12:15Z	record	Q122	Y
docs/records/audits/2026-09/mvp6-q122-ver-claims-v3-01/kit/png/spec/03-create-400.png	2026-09-27T12:15Z	record	Q122	Y
docs/records/audits/2026-09/mvp6-q122-ver-claims-v3-01/kit/png/spec/04-transition-422.png	2026-09-27T12:15Z	record	Q122	Y
docs/records/audits/2026-09/mvp6-q122-ver-claims-v3-01/kit/png/spec/05-access-denied.png	2026-09-27T12:15Z	record	Q122	Y
docs/records/audits/2026-09/mvp6-q122-ver-claims-v3-01/kit/png/spec/06-ar-1024.png	2026-09-27T12:15Z	record	Q122	Y
docs/records/audits/2026-09/mvp6-q122-ver-claims-v3-01/kit/png/spec/06-ar-1440.png	2026-09-27T12:15Z	record	Q122	Y
docs/records/audits/2026-09/mvp6-q122-ver-claims-v3-01/kit/png/spec/06-ar-390.png	2026-09-27T12:15Z	record	Q122	Y
docs/records/audits/2026-09/mvp6-q122-ver-claims-v3-01/kit/png/spec/06-ar-768.png	2026-09-27T12:15Z	record	Q122	Y
docs/records/audits/2026-09/mvp6-q122-ver-claims-v3-01/kit/png/spec/06-tr-1024.png	2026-09-27T12:15Z	record	Q122	Y
docs/records/audits/2026-09/mvp6-q122-ver-claims-v3-01/kit/png/spec/06-tr-1440.png	2026-09-27T12:15Z	record	Q122	Y
docs/records/audits/2026-09/mvp6-q122-ver-claims-v3-01/kit/png/spec/06-tr-390.png	2026-09-27T12:15Z	record	Q122	Y
docs/records/audits/2026-09/mvp6-q122-ver-claims-v3-01/kit/png/spec/06-tr-768.png	2026-09-27T12:15Z	record	Q122	Y
docs/records/audits/2026-09/mvp6-q122-ver-claims-v3-01/kit/png/uas001-noread-access-denied-en.png	2026-09-27T12:07Z	record	Q122	Y
docs/records/audits/2026-09/mvp6-q122-ver-claims-v3-01/kit/png/vs1-after-create-en.png	2026-09-27T12:06Z	record	Q122	Y
docs/records/audits/2026-09/mvp6-q122-ver-claims-v3-01/kit/raw/F8-SCAN-SUMMARY.tsv	2026-09-27T12:19Z	record	Q122	Y
docs/records/audits/2026-09/mvp6-q122-ver-claims-v3-01/kit/raw/PORTS-before.tsv	2026-09-27T11:58Z	record	Q122	Y
docs/records/audits/2026-09/mvp6-q122-ver-claims-v3-01/kit/raw/SOURCE-TREE-MANIFEST.tsv	2026-09-27T11:58Z	record	Q122	Y
docs/records/audits/2026-09/mvp6-q122-ver-claims-v3-01/kit/raw/binary-sha256.txt	2026-09-27T12:00Z	record	Q122	Y
docs/records/audits/2026-09/mvp6-q122-ver-claims-v3-01/kit/raw/browser-binding.tsv	2026-09-27T12:17Z	record	Q122	Y
docs/records/audits/2026-09/mvp6-q122-ver-claims-v3-01/kit/raw/build/auth-build-a1.log	2026-09-27T11:58Z	record	Q122	Y
docs/records/audits/2026-09/mvp6-q122-ver-claims-v3-01/kit/raw/build/auth-restore-a1.log	2026-09-27T11:58Z	record	Q122	Y
docs/records/audits/2026-09/mvp6-q122-ver-claims-v3-01/kit/raw/build/gateway-build-a1.log	2026-09-27T11:59Z	record	Q122	Y
docs/records/audits/2026-09/mvp6-q122-ver-claims-v3-01/kit/raw/build/gateway-restore-a1.log	2026-09-27T11:59Z	record	Q122	Y
docs/records/audits/2026-09/mvp6-q122-ver-claims-v3-01/kit/raw/build/mdm-build-a1.log	2026-09-27T11:59Z	record	Q122	Y
docs/records/audits/2026-09/mvp6-q122-ver-claims-v3-01/kit/raw/build/mdm-restore-a1.log	2026-09-27T11:59Z	record	Q122	Y
docs/records/audits/2026-09/mvp6-q122-ver-claims-v3-01/kit/raw/build/platform-build-a1.log	2026-09-27T11:59Z	record	Q122	Y
docs/records/audits/2026-09/mvp6-q122-ver-claims-v3-01/kit/raw/build/platform-restore-a1.log	2026-09-27T11:58Z	record	Q122	Y
docs/records/audits/2026-09/mvp6-q122-ver-claims-v3-01/kit/raw/build/supplychain-build-a1.log	2026-09-27T11:59Z	record	Q122	Y
docs/records/audits/2026-09/mvp6-q122-ver-claims-v3-01/kit/raw/build/supplychain-restore-a1.log	2026-09-27T11:59Z	record	Q122	Y
docs/records/audits/2026-09/mvp6-q122-ver-claims-v3-01/kit/raw/build/web-build-a1.log	2026-09-27T12:00Z	record	Q122	Y
docs/records/audits/2026-09/mvp6-q122-ver-claims-v3-01/kit/raw/build/web-restore-a1.log	2026-09-27T11:59Z	record	Q122	Y
docs/records/audits/2026-09/mvp6-q122-ver-claims-v3-01/kit/raw/cu27-preflight-a1.tsv	2026-09-27T12:17Z	record	Q122	Y
docs/records/audits/2026-09/mvp6-q122-ver-claims-v3-01/kit/raw/cu27-routing-a1.tsv	2026-09-27T12:16Z	record	Q122	Y
docs/records/audits/2026-09/mvp6-q122-ver-claims-v3-01/kit/raw/db/carrier2-after-a1.json	2026-09-27T12:30Z	record	Q122	Y
docs/records/audits/2026-09/mvp6-q122-ver-claims-v3-01/kit/raw/db/carrier2-before-a1.json	2026-09-27T12:30Z	record	Q122	Y
docs/records/audits/2026-09/mvp6-q122-ver-claims-v3-01/kit/raw/db/crafted-after-a1.json	2026-09-27T12:10Z	record	Q122	Y
docs/records/audits/2026-09/mvp6-q122-ver-claims-v3-01/kit/raw/db/crafted-before-a1.json	2026-09-27T12:10Z	record	Q122	Y
docs/records/audits/2026-09/mvp6-q122-ver-claims-v3-01/kit/raw/db/cu05-after-a1.json	2026-09-27T12:10Z	record	Q122	Y
docs/records/audits/2026-09/mvp6-q122-ver-claims-v3-01/kit/raw/db/cu05-before-a1.json	2026-09-27T12:10Z	record	Q122	Y
docs/records/audits/2026-09/mvp6-q122-ver-claims-v3-01/kit/raw/db/cu10grant-after-a1.json	2026-09-27T12:15Z	record	Q122	Y
docs/records/audits/2026-09/mvp6-q122-ver-claims-v3-01/kit/raw/db/cu10grant-before-a1.json	2026-09-27T12:15Z	record	Q122	Y
docs/records/audits/2026-09/mvp6-q122-ver-claims-v3-01/kit/raw/db/cu10grant2-after-a1.json	2026-09-27T12:15Z	record	Q122	Y
docs/records/audits/2026-09/mvp6-q122-ver-claims-v3-01/kit/raw/db/cu10grant2-before-a1.json	2026-09-27T12:15Z	record	Q122	Y
docs/records/audits/2026-09/mvp6-q122-ver-claims-v3-01/kit/raw/db/cu10nogrant-after-a1.json	2026-09-27T12:07Z	record	Q122	Y
docs/records/audits/2026-09/mvp6-q122-ver-claims-v3-01/kit/raw/db/cu10nogrant-before-a1.json	2026-09-27T12:07Z	record	Q122	Y
docs/records/audits/2026-09/mvp6-q122-ver-claims-v3-01/kit/raw/db/cu12-after-a1.json	2026-09-27T12:10Z	record	Q122	Y
docs/records/audits/2026-09/mvp6-q122-ver-claims-v3-01/kit/raw/db/cu12-before-a1.json	2026-09-27T12:10Z	record	Q122	Y
docs/records/audits/2026-09/mvp6-q122-ver-claims-v3-01/kit/raw/db/cu12-exact-empty-a1.json	2026-09-27T12:11Z	record	Q122	Y
docs/records/audits/2026-09/mvp6-q122-ver-claims-v3-01/kit/raw/db/cu18-after-a1.json	2026-09-27T12:11Z	record	Q122	Y
docs/records/audits/2026-09/mvp6-q122-ver-claims-v3-01/kit/raw/db/cu18-before-a1.json	2026-09-27T12:11Z	record	Q122	Y
docs/records/audits/2026-09/mvp6-q122-ver-claims-v3-01/kit/raw/db/cu18setup-after-a1.json	2026-09-27T12:11Z	record	Q122	Y
docs/records/audits/2026-09/mvp6-q122-ver-claims-v3-01/kit/raw/db/cu18setup-before-a1.json	2026-09-27T12:11Z	record	Q122	Y
docs/records/audits/2026-09/mvp6-q122-ver-claims-v3-01/kit/raw/db/cu18ui-after-a1.json	2026-09-27T12:11Z	record	Q122	Y
docs/records/audits/2026-09/mvp6-q122-ver-claims-v3-01/kit/raw/db/cu18ui-before-a1.json	2026-09-27T12:11Z	record	Q122	Y
docs/records/audits/2026-09/mvp6-q122-ver-claims-v3-01/kit/raw/db/cu19-after-a1.json	2026-09-27T12:12Z	record	Q122	Y
docs/records/audits/2026-09/mvp6-q122-ver-claims-v3-01/kit/raw/db/cu19-before-a1.json	2026-09-27T12:12Z	record	Q122	Y
docs/records/audits/2026-09/mvp6-q122-ver-claims-v3-01/kit/raw/db/cu20-after-a1.json	2026-09-27T12:12Z	record	Q122	Y
docs/records/audits/2026-09/mvp6-q122-ver-claims-v3-01/kit/raw/db/cu20-before-a1.json	2026-09-27T12:12Z	record	Q122	Y
docs/records/audits/2026-09/mvp6-q122-ver-claims-v3-01/kit/raw/db/cu22-after-a1.json	2026-09-27T12:12Z	record	Q122	Y
docs/records/audits/2026-09/mvp6-q122-ver-claims-v3-01/kit/raw/db/cu22-before-a1.json	2026-09-27T12:12Z	record	Q122	Y
docs/records/audits/2026-09/mvp6-q122-ver-claims-v3-01/kit/raw/db/cu26-after-a1.json	2026-09-27T12:13Z	record	Q122	Y
docs/records/audits/2026-09/mvp6-q122-ver-claims-v3-01/kit/raw/db/cu26-before-a1.json	2026-09-27T12:13Z	record	Q122	Y
docs/records/audits/2026-09/mvp6-q122-ver-claims-v3-01/kit/raw/db/db-assertions.tsv	2026-09-27T12:31Z	record	Q122	Y
docs/records/audits/2026-09/mvp6-q122-ver-claims-v3-01/kit/raw/db/extra-after-a1.json	2026-09-27T12:29Z	record	Q122	Y
docs/records/audits/2026-09/mvp6-q122-ver-claims-v3-01/kit/raw/db/extra-before-a1.json	2026-09-27T12:28Z	record	Q122	Y
docs/records/audits/2026-09/mvp6-q122-ver-claims-v3-01/kit/raw/db/extra2-after-a1.json	2026-09-27T12:30Z	record	Q122	Y
docs/records/audits/2026-09/mvp6-q122-ver-claims-v3-01/kit/raw/db/extra2-before-a1.json	2026-09-27T12:30Z	record	Q122	Y
docs/records/audits/2026-09/mvp6-q122-ver-claims-v3-01/kit/raw/db/fixture-after-a1.json	2026-09-27T12:05Z	record	Q122	Y
docs/records/audits/2026-09/mvp6-q122-ver-claims-v3-01/kit/raw/db/fixture-before-a1.json	2026-09-27T12:05Z	record	Q122	Y
docs/records/audits/2026-09/mvp6-q122-ver-claims-v3-01/kit/raw/db/flows-after-a1.json	2026-09-27T12:07Z	record	Q122	Y
docs/records/audits/2026-09/mvp6-q122-ver-claims-v3-01/kit/raw/db/flows-before-a1.json	2026-09-27T12:07Z	record	Q122	Y
docs/records/audits/2026-09/mvp6-q122-ver-claims-v3-01/kit/raw/db/kbd-after-a1.json	2026-09-27T12:13Z	record	Q122	Y
docs/records/audits/2026-09/mvp6-q122-ver-claims-v3-01/kit/raw/db/kbd-before-a1.json	2026-09-27T12:13Z	record	Q122	Y
docs/records/audits/2026-09/mvp6-q122-ver-claims-v3-01/kit/raw/db/kbd2-after-a1.json	2026-09-27T12:31Z	record	Q122	Y
docs/records/audits/2026-09/mvp6-q122-ver-claims-v3-01/kit/raw/db/kbd2-before-a1.json	2026-09-27T12:30Z	record	Q122	Y
docs/records/audits/2026-09/mvp6-q122-ver-claims-v3-01/kit/raw/db/kbd2b-after-a1.json	2026-09-27T12:31Z	record	Q122	Y
docs/records/audits/2026-09/mvp6-q122-ver-claims-v3-01/kit/raw/db/kbd2b-before-a1.json	2026-09-27T12:31Z	record	Q122	Y
docs/records/audits/2026-09/mvp6-q122-ver-claims-v3-01/kit/raw/db/l10n-after-a1.json	2026-09-27T12:13Z	record	Q122	Y
docs/records/audits/2026-09/mvp6-q122-ver-claims-v3-01/kit/raw/db/l10n-before-a1.json	2026-09-27T12:12Z	record	Q122	Y
docs/records/audits/2026-09/mvp6-q122-ver-claims-v3-01/kit/raw/db/login-after-a1.json	2026-09-27T12:06Z	record	Q122	Y
docs/records/audits/2026-09/mvp6-q122-ver-claims-v3-01/kit/raw/db/login-before-a1.json	2026-09-27T12:06Z	record	Q122	Y
docs/records/audits/2026-09/mvp6-q122-ver-claims-v3-01/kit/raw/db/login2-after-a1.json	2026-09-27T12:15Z	record	Q122	Y
docs/records/audits/2026-09/mvp6-q122-ver-claims-v3-01/kit/raw/db/login2-before-a1.json	2026-09-27T12:15Z	record	Q122	Y
docs/records/audits/2026-09/mvp6-q122-ver-claims-v3-01/kit/raw/db/mx-createNoShipRead-after-a1.json	2026-09-27T12:22Z	record	Q122	Y
docs/records/audits/2026-09/mvp6-q122-ver-claims-v3-01/kit/raw/db/mx-createNoShipRead-before-a1.json	2026-09-27T12:22Z	record	Q122	Y
docs/records/audits/2026-09/mvp6-q122-ver-claims-v3-01/kit/raw/db/mx-createOnly-after-a1.json	2026-09-27T12:22Z	record	Q122	Y
docs/records/audits/2026-09/mvp6-q122-ver-claims-v3-01/kit/raw/db/mx-createOnly-before-a1.json	2026-09-27T12:22Z	record	Q122	Y
docs/records/audits/2026-09/mvp6-q122-ver-claims-v3-01/kit/raw/db/mx-decide-after-a1.json	2026-09-27T12:23Z	record	Q122	Y
docs/records/audits/2026-09/mvp6-q122-ver-claims-v3-01/kit/raw/db/mx-decide-before-a1.json	2026-09-27T12:23Z	record	Q122	Y
docs/records/audits/2026-09/mvp6-q122-ver-claims-v3-01/kit/raw/db/mx-investigate-after-a1.json	2026-09-27T12:22Z	record	Q122	Y
docs/records/audits/2026-09/mvp6-q122-ver-claims-v3-01/kit/raw/db/mx-investigate-before-a1.json	2026-09-27T12:22Z	record	Q122	Y
docs/records/audits/2026-09/mvp6-q122-ver-claims-v3-01/kit/raw/db/mx-settle-after-a1.json	2026-09-27T12:23Z	record	Q122	Y
docs/records/audits/2026-09/mvp6-q122-ver-claims-v3-01/kit/raw/db/mx-settle-before-a1.json	2026-09-27T12:23Z	record	Q122	Y
docs/records/audits/2026-09/mvp6-q122-ver-claims-v3-01/kit/raw/db/mxdom-createNoShipRead-after-a1.json	2026-09-27T12:24Z	record	Q122	Y
docs/records/audits/2026-09/mvp6-q122-ver-claims-v3-01/kit/raw/db/mxdom-createNoShipRead-after-a2.json	2026-09-27T12:27Z	record	Q122	Y
docs/records/audits/2026-09/mvp6-q122-ver-claims-v3-01/kit/raw/db/mxdom-createNoShipRead-before-a1.json	2026-09-27T12:24Z	record	Q122	Y
docs/records/audits/2026-09/mvp6-q122-ver-claims-v3-01/kit/raw/db/mxdom-createNoShipRead-before-a2.json	2026-09-27T12:27Z	record	Q122	Y
docs/records/audits/2026-09/mvp6-q122-ver-claims-v3-01/kit/raw/db/mxdom-createOnly-after-a1.json	2026-09-27T12:25Z	record	Q122	Y
docs/records/audits/2026-09/mvp6-q122-ver-claims-v3-01/kit/raw/db/mxdom-createOnly-after-a2.json	2026-09-27T12:28Z	record	Q122	Y
docs/records/audits/2026-09/mvp6-q122-ver-claims-v3-01/kit/raw/db/mxdom-createOnly-before-a1.json	2026-09-27T12:24Z	record	Q122	Y
docs/records/audits/2026-09/mvp6-q122-ver-claims-v3-01/kit/raw/db/mxdom-createOnly-before-a2.json	2026-09-27T12:27Z	record	Q122	Y
docs/records/audits/2026-09/mvp6-q122-ver-claims-v3-01/kit/raw/db/mxdom-decide-after-a1.json	2026-09-27T12:26Z	record	Q122	Y
docs/records/audits/2026-09/mvp6-q122-ver-claims-v3-01/kit/raw/db/mxdom-decide-after-a2.json	2026-09-27T12:28Z	record	Q122	Y
docs/records/audits/2026-09/mvp6-q122-ver-claims-v3-01/kit/raw/db/mxdom-decide-before-a1.json	2026-09-27T12:26Z	record	Q122	Y
docs/records/audits/2026-09/mvp6-q122-ver-claims-v3-01/kit/raw/db/mxdom-decide-before-a2.json	2026-09-27T12:28Z	record	Q122	Y
docs/records/audits/2026-09/mvp6-q122-ver-claims-v3-01/kit/raw/db/mxdom-full-after-a1.json	2026-09-27T12:26Z	record	Q122	Y
docs/records/audits/2026-09/mvp6-q122-ver-claims-v3-01/kit/raw/db/mxdom-full-before-a1.json	2026-09-27T12:26Z	record	Q122	Y
docs/records/audits/2026-09/mvp6-q122-ver-claims-v3-01/kit/raw/db/mxdom-investigate-after-a1.json	2026-09-27T12:26Z	record	Q122	Y
docs/records/audits/2026-09/mvp6-q122-ver-claims-v3-01/kit/raw/db/mxdom-investigate-after-a2.json	2026-09-27T12:28Z	record	Q122	Y
docs/records/audits/2026-09/mvp6-q122-ver-claims-v3-01/kit/raw/db/mxdom-investigate-before-a1.json	2026-09-27T12:25Z	record	Q122	Y
docs/records/audits/2026-09/mvp6-q122-ver-claims-v3-01/kit/raw/db/mxdom-investigate-before-a2.json	2026-09-27T12:28Z	record	Q122	Y
docs/records/audits/2026-09/mvp6-q122-ver-claims-v3-01/kit/raw/db/mxdom-settle-after-a1.json	2026-09-27T12:24Z	record	Q122	Y
docs/records/audits/2026-09/mvp6-q122-ver-claims-v3-01/kit/raw/db/mxdom-settle-before-a1.json	2026-09-27T12:24Z	record	Q122	Y
docs/records/audits/2026-09/mvp6-q122-ver-claims-v3-01/kit/raw/db/mxlogin-createNoShipRead-after-a1.json	2026-09-27T12:22Z	record	Q122	Y
docs/records/audits/2026-09/mvp6-q122-ver-claims-v3-01/kit/raw/db/mxlogin-createNoShipRead-before-a1.json	2026-09-27T12:22Z	record	Q122	Y
docs/records/audits/2026-09/mvp6-q122-ver-claims-v3-01/kit/raw/db/mxlogin-createOnly-after-a1.json	2026-09-27T12:22Z	record	Q122	Y
docs/records/audits/2026-09/mvp6-q122-ver-claims-v3-01/kit/raw/db/mxlogin-createOnly-before-a1.json	2026-09-27T12:22Z	record	Q122	Y
docs/records/audits/2026-09/mvp6-q122-ver-claims-v3-01/kit/raw/db/mxlogin-decide-after-a1.json	2026-09-27T12:23Z	record	Q122	Y
docs/records/audits/2026-09/mvp6-q122-ver-claims-v3-01/kit/raw/db/mxlogin-decide-before-a1.json	2026-09-27T12:23Z	record	Q122	Y
docs/records/audits/2026-09/mvp6-q122-ver-claims-v3-01/kit/raw/db/mxlogin-investigate-after-a1.json	2026-09-27T12:22Z	record	Q122	Y
docs/records/audits/2026-09/mvp6-q122-ver-claims-v3-01/kit/raw/db/mxlogin-investigate-before-a1.json	2026-09-27T12:22Z	record	Q122	Y
docs/records/audits/2026-09/mvp6-q122-ver-claims-v3-01/kit/raw/db/mxlogin-settle-after-a1.json	2026-09-27T12:23Z	record	Q122	Y
docs/records/audits/2026-09/mvp6-q122-ver-claims-v3-01/kit/raw/db/mxlogin-settle-before-a1.json	2026-09-27T12:23Z	record	Q122	Y
docs/records/audits/2026-09/mvp6-q122-ver-claims-v3-01/kit/raw/db/mxlogin2-createNoShipRead-after-a1.json	2026-09-27T12:24Z	record	Q122	Y
docs/records/audits/2026-09/mvp6-q122-ver-claims-v3-01/kit/raw/db/mxlogin2-createNoShipRead-before-a1.json	2026-09-27T12:24Z	record	Q122	Y
docs/records/audits/2026-09/mvp6-q122-ver-claims-v3-01/kit/raw/db/mxlogin2-createOnly-after-a1.json	2026-09-27T12:24Z	record	Q122	Y
docs/records/audits/2026-09/mvp6-q122-ver-claims-v3-01/kit/raw/db/mxlogin2-createOnly-before-a1.json	2026-09-27T12:24Z	record	Q122	Y
docs/records/audits/2026-09/mvp6-q122-ver-claims-v3-01/kit/raw/db/mxlogin2-decide-after-a1.json	2026-09-27T12:26Z	record	Q122	Y
docs/records/audits/2026-09/mvp6-q122-ver-claims-v3-01/kit/raw/db/mxlogin2-decide-before-a1.json	2026-09-27T12:26Z	record	Q122	Y
docs/records/audits/2026-09/mvp6-q122-ver-claims-v3-01/kit/raw/db/mxlogin2-investigate-after-a1.json	2026-09-27T12:25Z	record	Q122	Y
docs/records/audits/2026-09/mvp6-q122-ver-claims-v3-01/kit/raw/db/mxlogin2-investigate-before-a1.json	2026-09-27T12:25Z	record	Q122	Y
docs/records/audits/2026-09/mvp6-q122-ver-claims-v3-01/kit/raw/db/mxlogin3-createNoShipRead-after-a1.json	2026-09-27T12:27Z	record	Q122	Y
docs/records/audits/2026-09/mvp6-q122-ver-claims-v3-01/kit/raw/db/mxlogin3-createNoShipRead-before-a1.json	2026-09-27T12:27Z	record	Q122	Y
docs/records/audits/2026-09/mvp6-q122-ver-claims-v3-01/kit/raw/db/mxlogin3-createOnly-after-a1.json	2026-09-27T12:27Z	record	Q122	Y
docs/records/audits/2026-09/mvp6-q122-ver-claims-v3-01/kit/raw/db/mxlogin3-createOnly-before-a1.json	2026-09-27T12:27Z	record	Q122	Y
docs/records/audits/2026-09/mvp6-q122-ver-claims-v3-01/kit/raw/db/mxlogin3-decide-after-a1.json	2026-09-27T12:28Z	record	Q122	Y
docs/records/audits/2026-09/mvp6-q122-ver-claims-v3-01/kit/raw/db/mxlogin3-decide-before-a1.json	2026-09-27T12:28Z	record	Q122	Y
docs/records/audits/2026-09/mvp6-q122-ver-claims-v3-01/kit/raw/db/mxlogin3-investigate-after-a1.json	2026-09-27T12:28Z	record	Q122	Y
docs/records/audits/2026-09/mvp6-q122-ver-claims-v3-01/kit/raw/db/mxlogin3-investigate-before-a1.json	2026-09-27T12:28Z	record	Q122	Y
docs/records/audits/2026-09/mvp6-q122-ver-claims-v3-01/kit/raw/db/mxrestore-after-a1.json	2026-09-27T12:28Z	record	Q122	Y
docs/records/audits/2026-09/mvp6-q122-ver-claims-v3-01/kit/raw/db/mxrestore-before-a1.json	2026-09-27T12:28Z	record	Q122	Y
docs/records/audits/2026-09/mvp6-q122-ver-claims-v3-01/kit/raw/db/mxrole-createNoShipRead-after-a1.json	2026-09-27T12:22Z	record	Q122	Y
docs/records/audits/2026-09/mvp6-q122-ver-claims-v3-01/kit/raw/db/mxrole-createNoShipRead-before-a1.json	2026-09-27T12:22Z	record	Q122	Y
docs/records/audits/2026-09/mvp6-q122-ver-claims-v3-01/kit/raw/db/mxrole-createOnly-after-a1.json	2026-09-27T12:22Z	record	Q122	Y
docs/records/audits/2026-09/mvp6-q122-ver-claims-v3-01/kit/raw/db/mxrole-createOnly-before-a1.json	2026-09-27T12:22Z	record	Q122	Y
docs/records/audits/2026-09/mvp6-q122-ver-claims-v3-01/kit/raw/db/mxrole-decide-after-a1.json	2026-09-27T12:23Z	record	Q122	Y
docs/records/audits/2026-09/mvp6-q122-ver-claims-v3-01/kit/raw/db/mxrole-decide-before-a1.json	2026-09-27T12:23Z	record	Q122	Y
docs/records/audits/2026-09/mvp6-q122-ver-claims-v3-01/kit/raw/db/mxrole-investigate-after-a1.json	2026-09-27T12:22Z	record	Q122	Y
docs/records/audits/2026-09/mvp6-q122-ver-claims-v3-01/kit/raw/db/mxrole-investigate-before-a1.json	2026-09-27T12:22Z	record	Q122	Y
docs/records/audits/2026-09/mvp6-q122-ver-claims-v3-01/kit/raw/db/mxrole-settle-after-a1.json	2026-09-27T12:23Z	record	Q122	Y
docs/records/audits/2026-09/mvp6-q122-ver-claims-v3-01/kit/raw/db/mxrole-settle-before-a1.json	2026-09-27T12:23Z	record	Q122	Y
docs/records/audits/2026-09/mvp6-q122-ver-claims-v3-01/kit/raw/db/mxrole2-createNoShipRead-after-a1.json	2026-09-27T12:24Z	record	Q122	Y
docs/records/audits/2026-09/mvp6-q122-ver-claims-v3-01/kit/raw/db/mxrole2-createNoShipRead-before-a1.json	2026-09-27T12:24Z	record	Q122	Y
docs/records/audits/2026-09/mvp6-q122-ver-claims-v3-01/kit/raw/db/mxrole2-createOnly-after-a1.json	2026-09-27T12:24Z	record	Q122	Y
docs/records/audits/2026-09/mvp6-q122-ver-claims-v3-01/kit/raw/db/mxrole2-createOnly-before-a1.json	2026-09-27T12:24Z	record	Q122	Y
docs/records/audits/2026-09/mvp6-q122-ver-claims-v3-01/kit/raw/db/mxrole2-decide-after-a1.json	2026-09-27T12:26Z	record	Q122	Y
docs/records/audits/2026-09/mvp6-q122-ver-claims-v3-01/kit/raw/db/mxrole2-decide-before-a1.json	2026-09-27T12:26Z	record	Q122	Y
docs/records/audits/2026-09/mvp6-q122-ver-claims-v3-01/kit/raw/db/mxrole2-investigate-after-a1.json	2026-09-27T12:25Z	record	Q122	Y
docs/records/audits/2026-09/mvp6-q122-ver-claims-v3-01/kit/raw/db/mxrole2-investigate-before-a1.json	2026-09-27T12:25Z	record	Q122	Y
docs/records/audits/2026-09/mvp6-q122-ver-claims-v3-01/kit/raw/db/mxrole3-createNoShipRead-after-a1.json	2026-09-27T12:27Z	record	Q122	Y
docs/records/audits/2026-09/mvp6-q122-ver-claims-v3-01/kit/raw/db/mxrole3-createNoShipRead-before-a1.json	2026-09-27T12:27Z	record	Q122	Y
docs/records/audits/2026-09/mvp6-q122-ver-claims-v3-01/kit/raw/db/mxrole3-createOnly-after-a1.json	2026-09-27T12:27Z	record	Q122	Y
docs/records/audits/2026-09/mvp6-q122-ver-claims-v3-01/kit/raw/db/mxrole3-createOnly-before-a1.json	2026-09-27T12:27Z	record	Q122	Y
docs/records/audits/2026-09/mvp6-q122-ver-claims-v3-01/kit/raw/db/mxrole3-decide-after-a1.json	2026-09-27T12:28Z	record	Q122	Y
docs/records/audits/2026-09/mvp6-q122-ver-claims-v3-01/kit/raw/db/mxrole3-decide-before-a1.json	2026-09-27T12:28Z	record	Q122	Y
docs/records/audits/2026-09/mvp6-q122-ver-claims-v3-01/kit/raw/db/mxrole3-investigate-after-a1.json	2026-09-27T12:28Z	record	Q122	Y
docs/records/audits/2026-09/mvp6-q122-ver-claims-v3-01/kit/raw/db/mxrole3-investigate-before-a1.json	2026-09-27T12:28Z	record	Q122	Y
docs/records/audits/2026-09/mvp6-q122-ver-claims-v3-01/kit/raw/db/mxseed-after-a1.json	2026-09-27T12:22Z	record	Q122	Y
docs/records/audits/2026-09/mvp6-q122-ver-claims-v3-01/kit/raw/db/mxseed-before-a1.json	2026-09-27T12:22Z	record	Q122	Y
docs/records/audits/2026-09/mvp6-q122-ver-claims-v3-01/kit/raw/db/neg-after-a1.json	2026-09-27T12:07Z	record	Q122	Y
docs/records/audits/2026-09/mvp6-q122-ver-claims-v3-01/kit/raw/db/neg-before-a1.json	2026-09-27T12:07Z	record	Q122	Y
docs/records/audits/2026-09/mvp6-q122-ver-claims-v3-01/kit/raw/db/nfui-after-a1.json	2026-09-27T12:09Z	record	Q122	Y
docs/records/audits/2026-09/mvp6-q122-ver-claims-v3-01/kit/raw/db/nfui-before-a1.json	2026-09-27T12:09Z	record	Q122	Y
docs/records/audits/2026-09/mvp6-q122-ver-claims-v3-01/kit/raw/db/regd01-after-a1.json	2026-09-27T12:14Z	record	Q122	Y
docs/records/audits/2026-09/mvp6-q122-ver-claims-v3-01/kit/raw/db/regd01-before-a1.json	2026-09-27T12:14Z	record	Q122	Y
docs/records/audits/2026-09/mvp6-q122-ver-claims-v3-01/kit/raw/db/regression-after-a1.json	2026-09-27T12:13Z	record	Q122	Y
docs/records/audits/2026-09/mvp6-q122-ver-claims-v3-01/kit/raw/db/regression-before-a1.json	2026-09-27T12:13Z	record	Q122	Y
docs/records/audits/2026-09/mvp6-q122-ver-claims-v3-01/kit/raw/db/saveview-after-a1.json	2026-09-27T12:10Z	record	Q122	Y
docs/records/audits/2026-09/mvp6-q122-ver-claims-v3-01/kit/raw/db/saveview-before-a1.json	2026-09-27T12:09Z	record	Q122	Y
docs/records/audits/2026-09/mvp6-q122-ver-claims-v3-01/kit/raw/db/spec-after-a1.json	2026-09-27T12:15Z	record	Q122	Y
docs/records/audits/2026-09/mvp6-q122-ver-claims-v3-01/kit/raw/db/spec-before-a1.json	2026-09-27T12:15Z	record	Q122	Y
docs/records/audits/2026-09/mvp6-q122-ver-claims-v3-01/kit/raw/db/vs1-after-a1.json	2026-09-27T12:06Z	record	Q122	Y
docs/records/audits/2026-09/mvp6-q122-ver-claims-v3-01/kit/raw/db/vs1-before-a1.json	2026-09-27T12:06Z	record	Q122	Y
docs/records/audits/2026-09/mvp6-q122-ver-claims-v3-01/kit/raw/db/vs1-root-a1.json	2026-09-27T12:06Z	record	Q122	Y
docs/records/audits/2026-09/mvp6-q122-ver-claims-v3-01/kit/raw/dotnet-info.txt	2026-09-27T11:58Z	record	Q122	Y
docs/records/audits/2026-09/mvp6-q122-ver-claims-v3-01/kit/raw/dotnet-runtimes.txt	2026-09-27T11:58Z	record	Q122	Y
docs/records/audits/2026-09/mvp6-q122-ver-claims-v3-01/kit/raw/dotnet-sdks.txt	2026-09-27T11:58Z	record	Q122	Y
docs/records/audits/2026-09/mvp6-q122-ver-claims-v3-01/kit/raw/effective-config-auth.json	2026-09-27T12:00Z	record	Q122	Y
docs/records/audits/2026-09/mvp6-q122-ver-claims-v3-01/kit/raw/effective-config-findings.txt	2026-09-27T12:00Z	record	Q122	Y
docs/records/audits/2026-09/mvp6-q122-ver-claims-v3-01/kit/raw/effective-config-gateway.json	2026-09-27T12:00Z	record	Q122	Y
docs/records/audits/2026-09/mvp6-q122-ver-claims-v3-01/kit/raw/effective-config-mdm.json	2026-09-27T12:00Z	record	Q122	Y
docs/records/audits/2026-09/mvp6-q122-ver-claims-v3-01/kit/raw/effective-config-platform.json	2026-09-27T12:00Z	record	Q122	Y
docs/records/audits/2026-09/mvp6-q122-ver-claims-v3-01/kit/raw/effective-config-summary.tsv	2026-09-27T12:00Z	record	Q122	Y
docs/records/audits/2026-09/mvp6-q122-ver-claims-v3-01/kit/raw/effective-config-supplychain.json	2026-09-27T12:00Z	record	Q122	Y
docs/records/audits/2026-09/mvp6-q122-ver-claims-v3-01/kit/raw/effective-config-web.json	2026-09-27T12:00Z	record	Q122	Y
docs/records/audits/2026-09/mvp6-q122-ver-claims-v3-01/kit/raw/fixture/carrier2.json	2026-09-27T12:30Z	record	Q122	Y
docs/records/audits/2026-09/mvp6-q122-ver-claims-v3-01/kit/raw/fixture/cu10-carriers-read-grant.json	2026-09-27T12:15Z	record	Q122	Y
docs/records/audits/2026-09/mvp6-q122-ver-claims-v3-01/kit/raw/fixture/cu18-root-edit.json	2026-09-27T12:11Z	record	Q122	Y
docs/records/audits/2026-09/mvp6-q122-ver-claims-v3-01/kit/raw/fixture/matrix-fixture.json	2026-09-27T12:22Z	record	Q122	Y
docs/records/audits/2026-09/mvp6-q122-ver-claims-v3-01/kit/raw/fixture/matrix-role-createNoShipRead-a3.json	2026-09-27T12:27Z	record	Q122	Y
docs/records/audits/2026-09/mvp6-q122-ver-claims-v3-01/kit/raw/fixture/matrix-role-createNoShipRead.json	2026-09-27T12:22Z	record	Q122	Y
docs/records/audits/2026-09/mvp6-q122-ver-claims-v3-01/kit/raw/fixture/matrix-role-createOnly-a3.json	2026-09-27T12:27Z	record	Q122	Y
docs/records/audits/2026-09/mvp6-q122-ver-claims-v3-01/kit/raw/fixture/matrix-role-createOnly.json	2026-09-27T12:22Z	record	Q122	Y
docs/records/audits/2026-09/mvp6-q122-ver-claims-v3-01/kit/raw/fixture/matrix-role-decide-a3.json	2026-09-27T12:28Z	record	Q122	Y
docs/records/audits/2026-09/mvp6-q122-ver-claims-v3-01/kit/raw/fixture/matrix-role-decide.json	2026-09-27T12:23Z	record	Q122	Y
docs/records/audits/2026-09/mvp6-q122-ver-claims-v3-01/kit/raw/fixture/matrix-role-investigate-a3.json	2026-09-27T12:28Z	record	Q122	Y
docs/records/audits/2026-09/mvp6-q122-ver-claims-v3-01/kit/raw/fixture/matrix-role-investigate.json	2026-09-27T12:22Z	record	Q122	Y
docs/records/audits/2026-09/mvp6-q122-ver-claims-v3-01/kit/raw/fixture/matrix-role-restoreReadOnly.json	2026-09-27T12:28Z	record	Q122	Y
docs/records/audits/2026-09/mvp6-q122-ver-claims-v3-01/kit/raw/fixture/matrix-role-settle.json	2026-09-27T12:23Z	record	Q122	Y
docs/records/audits/2026-09/mvp6-q122-ver-claims-v3-01/kit/raw/fixture/org-fixture.json	2026-09-27T12:05Z	record	Q122	Y
docs/records/audits/2026-09/mvp6-q122-ver-claims-v3-01/kit/raw/fixture/tenant-fixture.json	2026-09-27T12:01Z	record	Q122	Y
docs/records/audits/2026-09/mvp6-q122-ver-claims-v3-01/kit/raw/gateway-routes.tsv	2026-09-27T12:00Z	record	Q122	Y
docs/records/audits/2026-09/mvp6-q122-ver-claims-v3-01/kit/raw/health-auth-a1.body	2026-09-27T12:00Z	record	Q122	Y
docs/records/audits/2026-09/mvp6-q122-ver-claims-v3-01/kit/raw/health-auth-a1.headers	2026-09-27T12:00Z	record	Q122	Y
docs/records/audits/2026-09/mvp6-q122-ver-claims-v3-01/kit/raw/health-gateway-a1.body	2026-09-27T12:01Z	record	Q122	Y
docs/records/audits/2026-09/mvp6-q122-ver-claims-v3-01/kit/raw/health-gateway-a1.headers	2026-09-27T12:01Z	record	Q122	Y
docs/records/audits/2026-09/mvp6-q122-ver-claims-v3-01/kit/raw/health-mdm-a1.body	2026-09-27T12:01Z	record	Q122	Y
docs/records/audits/2026-09/mvp6-q122-ver-claims-v3-01/kit/raw/health-mdm-a1.headers	2026-09-27T12:01Z	record	Q122	Y
docs/records/audits/2026-09/mvp6-q122-ver-claims-v3-01/kit/raw/health-platform-a1.body	2026-09-27T12:01Z	record	Q122	Y
docs/records/audits/2026-09/mvp6-q122-ver-claims-v3-01/kit/raw/health-platform-a1.headers	2026-09-27T12:01Z	record	Q122	Y
docs/records/audits/2026-09/mvp6-q122-ver-claims-v3-01/kit/raw/health-supplychain-a1.body	2026-09-27T12:01Z	record	Q122	Y
docs/records/audits/2026-09/mvp6-q122-ver-claims-v3-01/kit/raw/health-supplychain-a1.headers	2026-09-27T12:01Z	record	Q122	Y
docs/records/audits/2026-09/mvp6-q122-ver-claims-v3-01/kit/raw/health-web-a1.body	2026-09-27T12:01Z	record	Q122	Y
docs/records/audits/2026-09/mvp6-q122-ver-claims-v3-01/kit/raw/health-web-a1.headers	2026-09-27T12:01Z	record	Q122	Y
docs/records/audits/2026-09/mvp6-q122-ver-claims-v3-01/kit/raw/identities-a1.json	2026-09-27T12:01Z	record	Q122	Y
docs/records/audits/2026-09/mvp6-q122-ver-claims-v3-01/kit/raw/k09-recheck-end.tsv	2026-09-27T12:32Z	record	Q122	Y
docs/records/audits/2026-09/mvp6-q122-ver-claims-v3-01/kit/raw/key-pairing-citations.tsv	2026-09-27T12:00Z	record	Q122	Y
docs/records/audits/2026-09/mvp6-q122-ver-claims-v3-01/kit/raw/lane-mongo-connections-a1.txt	2026-09-27T12:01Z	record	Q122	Y
docs/records/audits/2026-09/mvp6-q122-ver-claims-v3-01/kit/raw/lane-mongo-connections-a2.txt	2026-09-27T12:32Z	record	Q122	Y
docs/records/audits/2026-09/mvp6-q122-ver-claims-v3-01/kit/raw/listeners-before-cleanup-a1.txt	2026-09-27T12:32Z	record	Q122	Y
docs/records/audits/2026-09/mvp6-q122-ver-claims-v3-01/kit/raw/logs-excerpt/cu18-root-seam.log	2026-09-27T12:17Z	record	Q122	Y
docs/records/audits/2026-09/mvp6-q122-ver-claims-v3-01/kit/raw/logs-excerpt/cu27-gateway.log	2026-09-27T12:17Z	record	Q122	Y
docs/records/audits/2026-09/mvp6-q122-ver-claims-v3-01/kit/raw/logs-excerpt/gateway-dev-bypass.log	2026-09-27T12:17Z	record	Q122	Y
docs/records/audits/2026-09/mvp6-q122-ver-claims-v3-01/kit/raw/logs-excerpt/platform-audit-deadletter.log	2026-09-27T12:18Z	record	Q122	Y
docs/records/audits/2026-09/mvp6-q122-ver-claims-v3-01/kit/raw/logs-excerpt/registration-audit-excerpt-a2.log	2026-09-27T12:18Z	record	Q122	Y
docs/records/audits/2026-09/mvp6-q122-ver-claims-v3-01/kit/raw/logs-excerpt/registration-audit-excerpt.log	2026-09-27T12:18Z	record	Q122	Y
docs/records/audits/2026-09/mvp6-q122-ver-claims-v3-01/kit/raw/logs-excerpt/s33-registration.log	2026-09-27T12:17Z	record	Q122	Y
docs/records/audits/2026-09/mvp6-q122-ver-claims-v3-01/kit/raw/logs-excerpt/web-root-forwarding.log	2026-09-27T12:17Z	record	Q122	Y
docs/records/audits/2026-09/mvp6-q122-ver-claims-v3-01/kit/raw/mongo-rs-status.json	2026-09-27T12:00Z	record	Q122	Y
docs/records/audits/2026-09/mvp6-q122-ver-claims-v3-01/kit/raw/mongod-fork.txt	2026-09-27T12:00Z	record	Q122	Y
docs/records/audits/2026-09/mvp6-q122-ver-claims-v3-01/kit/raw/mongod-version.txt	2026-09-27T12:00Z	record	Q122	Y
docs/records/audits/2026-09/mvp6-q122-ver-claims-v3-01/kit/raw/netcheck-a1.tsv	2026-09-27T12:01Z	record	Q122	Y
docs/records/audits/2026-09/mvp6-q122-ver-claims-v3-01/kit/raw/netcheck-a2.tsv	2026-09-27T12:32Z	record	Q122	Y
docs/records/audits/2026-09/mvp6-q122-ver-claims-v3-01/kit/raw/ports-lsof-before.txt	2026-09-27T11:58Z	record	Q122	Y
docs/records/audits/2026-09/mvp6-q122-ver-claims-v3-01/kit/raw/ports.json	2026-09-27T12:34Z	record	Q122	Y
docs/records/audits/2026-09/mvp6-q122-ver-claims-v3-01/kit/raw/processes.tsv	2026-09-27T12:01Z	record	Q122	Y
docs/records/audits/2026-09/mvp6-q122-ver-claims-v3-01/kit/raw/repo-status-after.txt	2026-09-27T12:34Z	record	Q122	Y
docs/records/audits/2026-09/mvp6-q122-ver-claims-v3-01/kit/raw/repo-status-before.txt	2026-09-27T11:58Z	record	Q122	Y
docs/records/audits/2026-09/mvp6-q122-ver-claims-v3-01/kit/raw/runtime-check.tsv	2026-09-27T11:58Z	record	Q122	Y
docs/records/audits/2026-09/mvp6-q122-ver-claims-v3-01/kit/raw/source-baseline.tsv	2026-09-27T11:58Z	record	Q122	Y
docs/records/audits/2026-09/mvp6-q122-ver-claims-v3-01/kit/raw/source-manifest-verification.txt	2026-09-27T11:58Z	record	Q122	Y
docs/records/audits/2026-09/mvp6-q122-ver-claims-v3-01/kit/raw/source-overlays.tsv	2026-09-27T11:58Z	record	Q122	Y
docs/records/audits/2026-09/mvp6-q122-ver-claims-v3-01/lane-config/actors.tsv	2026-09-27T11:51Z	record	Q122	Y
docs/records/audits/2026-09/mvp6-q122-ver-claims-v3-01/lane-config/k05_mongo_q122.sh	2026-09-27T11:57Z	record	Q122	Y
docs/records/audits/2026-09/mvp6-q122-ver-claims-v3-01/lane-config/lane.env	2026-09-27T11:51Z	record	Q122	Y
docs/records/audits/2026-09/mvp6-q122-ver-claims-v3-01/lane-config/overlays.tsv	2026-09-27T11:51Z	record	Q122	Y
docs/records/audits/2026-09/mvp6-q122-ver-claims-v3-01/lane-config/overrides.tsv	2026-09-27T11:51Z	record	Q122	Y
docs/records/audits/2026-09/mvp6-q122-ver-claims-v3-01/lane-config/pair.sh	2026-09-27T11:51Z	record	Q122	Y
docs/records/audits/2026-09/mvp6-q122-ver-claims-v3-01/lane-config/pairx.sh	2026-09-27T12:05Z	record	Q122	Y
docs/records/audits/2026-09/mvp6-q122-ver-claims-v3-01/lane-config/up-q122.sh	2026-09-27T11:57Z	record	Q122	Y
docs/records/audits/2026-09/mvp6-q122-ver-claims-v3-01/lane-scripts/claims_runtime.mjs	2026-09-27T12:31Z	record	Q122	Y
docs/records/audits/2026-09/mvp6-q122-ver-claims-v3-01/lane-scripts/db_check.py	2026-09-27T11:58Z	record	Q122	Y
docs/records/audits/2026-09/mvp6-q122-ver-claims-v3-01/lane-scripts/lane_setup.py	2026-09-27T11:52Z	record	Q122	Y
docs/records/audits/2026-09/mvp6-q122-ver-claims-v3-01/lane-scripts/matrix_setup.py	2026-09-27T12:29Z	record	Q122	Y
docs/records/audits/2026-09/mvp6-q122-ver-claims-v3-01/lane-scripts/org_fixture.py	2026-09-27T11:51Z	record	Q122	Y
docs/records/audits/2026-09/mvp6-q122-ver-claims-v3-01/lane-scripts/tenant_fixture.py	2026-09-27T11:51Z	record	Q122	Y
docs/records/audits/2026-09/mvp6-q122-ver-claims-v3-01/lane-tools/build-all.sh	2026-09-27T12:35Z	record	Q122	Y
docs/records/audits/2026-09/mvp6-q122-ver-claims-v3-01/lane-tools/cu27_preflight.sh	2026-09-27T12:35Z	record	Q122	Y
docs/records/audits/2026-09/mvp6-q122-ver-claims-v3-01/lane-tools/cu27_probe.sh	2026-09-27T12:35Z	record	Q122	Y
docs/records/audits/2026-09/mvp6-q122-ver-claims-v3-01/lane-tools/final_check.sh	2026-09-27T12:41Z	record	Q122	Y
docs/records/audits/2026-09/mvp6-q122-ver-claims-v3-01/lane-tools/k09_recheck.sh	2026-09-27T12:35Z	record	Q122	Y
docs/records/audits/2026-09/mvp6-q122-ver-claims-v3-01/lane-tools/playwright.config.mjs	2026-09-27T12:35Z	record	Q122	Y
docs/records/audits/2026-09/mvp6-q122-ver-claims-v3-01/lane-tools/test-a2.sh	2026-09-27T12:35Z	record	Q122	Y
docs/records/audits/2026-09/mvp6-q122-ver-claims-v3-01/lane-tools/test-all.sh	2026-09-27T12:35Z	record	Q122	Y
docs/records/audits/2026-09/mvp6-q122-ver-claims-v3-01/logs/build-run.txt	2026-09-27T12:35Z	record	Q122	Y
docs/records/audits/2026-09/mvp6-q122-ver-claims-v3-01/logs/build/BUILD-SUMMARY.tsv	2026-09-27T12:35Z	record	Q122	Y
docs/records/audits/2026-09/mvp6-q122-ver-claims-v3-01/logs/build/build-frontend_Diten.Web.Tests_Diten.Web.Tests.csproj.log	2026-09-27T12:35Z	record	Q122	Y
docs/records/audits/2026-09/mvp6-q122-ver-claims-v3-01/logs/build/build-gateway_Diten.ApiGateway.Tests_Diten.ApiGateway.Tests.csproj.log	2026-09-27T12:35Z	record	Q122	Y
docs/records/audits/2026-09/mvp6-q122-ver-claims-v3-01/logs/build/build-services_Diten.SupplyChainService_Diten.SupplyChainService.sln.log	2026-09-27T12:35Z	record	Q122	Y
docs/records/audits/2026-09/mvp6-q122-ver-claims-v3-01/logs/build/build-tests_architecture_TenantArchitecture.ArchitectureTests_TenantArchitecture.ArchitectureTests.csproj.log	2026-09-27T12:35Z	record	Q122	Y
docs/records/audits/2026-09/mvp6-q122-ver-claims-v3-01/logs/kit/down-a1.log	2026-09-27T12:35Z	record	Q122	Y
docs/records/audits/2026-09/mvp6-q122-ver-claims-v3-01/logs/kit/seal-a1.log	2026-09-27T12:35Z	record	Q122	Y
docs/records/audits/2026-09/mvp6-q122-ver-claims-v3-01/logs/kit/up-a1.log	2026-09-27T12:35Z	record	Q122	Y
docs/records/audits/2026-09/mvp6-q122-ver-claims-v3-01/logs/test-a1/TEST-SUMMARY.tsv	2026-09-27T12:35Z	record	Q122	Y
docs/records/audits/2026-09/mvp6-q122-ver-claims-v3-01/logs/test-a1/architecture.log	2026-09-27T12:35Z	record	Q122	Y
docs/records/audits/2026-09/mvp6-q122-ver-claims-v3-01/logs/test-a1/architecture.trx	2026-09-27T12:35Z	record	Q122	Y
docs/records/audits/2026-09/mvp6-q122-ver-claims-v3-01/logs/test-a1/supplychain-claims-and-provider.log	2026-09-27T12:35Z	record	Q122	Y
docs/records/audits/2026-09/mvp6-q122-ver-claims-v3-01/logs/test-a1/supplychain-claims-and-provider.trx	2026-09-27T12:35Z	record	Q122	Y
docs/records/audits/2026-09/mvp6-q122-ver-claims-v3-01/logs/test-a1/supplychain-single.log	2026-09-27T12:35Z	record	Q122	Y
docs/records/audits/2026-09/mvp6-q122-ver-claims-v3-01/logs/test-a1/supplychain-single.trx	2026-09-27T12:35Z	record	Q122	Y
docs/records/audits/2026-09/mvp6-q122-ver-claims-v3-01/logs/test-a1/web-claims.log	2026-09-27T12:35Z	record	Q122	Y
docs/records/audits/2026-09/mvp6-q122-ver-claims-v3-01/logs/test-a1/web-claims.trx	2026-09-27T12:35Z	record	Q122	Y
docs/records/audits/2026-09/mvp6-q122-ver-claims-v3-01/logs/test-a1/web.log	2026-09-27T12:35Z	record	Q122	Y
docs/records/audits/2026-09/mvp6-q122-ver-claims-v3-01/logs/test-a1/web.trx	2026-09-27T12:35Z	record	Q122	Y
docs/records/audits/2026-09/mvp6-q122-ver-claims-v3-01/logs/test-a2-run.txt	2026-09-27T12:35Z	record	Q122	Y
docs/records/audits/2026-09/mvp6-q122-ver-claims-v3-01/logs/test-a2/TEST-SUMMARY.tsv	2026-09-27T12:35Z	record	Q122	Y
docs/records/audits/2026-09/mvp6-q122-ver-claims-v3-01/logs/test-a2/supplychain-claims-and-provider.log	2026-09-27T12:35Z	record	Q122	Y
docs/records/audits/2026-09/mvp6-q122-ver-claims-v3-01/logs/test-a2/supplychain-claims-and-provider.trx	2026-09-27T12:35Z	record	Q122	Y
docs/records/audits/2026-09/mvp6-q122-ver-claims-v3-01/logs/test-a2/supplychain-single.log	2026-09-27T12:35Z	record	Q122	Y
docs/records/audits/2026-09/mvp6-q122-ver-claims-v3-01/logs/test-a2/supplychain-single.trx	2026-09-27T12:35Z	record	Q122	Y
docs/records/audits/2026-09/mvp6-q122-ver-claims-v3-01/logs/test-run.txt	2026-09-27T12:35Z	record	Q122	Y
docs/records/audits/2026-09/mvp6-q122-ver-claims-v3-01/static/STATIC-CHECKS.txt	2026-09-27T12:18Z	record	Q122	Y
docs/records/audits/2026-09/mvp6-q122-ver-claims-v3-01/static/verify_datatable_page-slim.txt	2026-09-27T12:19Z	record	Q122	Y
docs/records/audits/2026-09/mvp6-q126-apply-01/README.md	2026-09-27T11:14Z	record	Q126	Y
docs/records/audits/2026-09/mvp6-q126-apply-01/SHA256SUMS	2026-09-27T11:14Z	record	Q126	Y
docs/records/audits/2026-09/mvp6-q128-ver-q126-01/REPORT.md	2026-09-27T11:32Z	record	Q128	Y
docs/records/audits/2026-09/mvp6-q128-ver-q126-01/SHA256SUMS	2026-09-27T11:32Z	record	Q128	Y
docs/records/audits/2026-09/mvp6-q129-ver-claims-v4-01/kit/COMMANDS.tsv	2026-09-27T13:39Z	record	Q129 (in progress)	Y
docs/records/audits/2026-09/mvp6-q129-ver-claims-v4-01/kit/browser/cu25-a1.json	2026-09-27T13:33Z	record	Q129 (in progress)	Y
docs/records/audits/2026-09/mvp6-q129-ver-claims-v4-01/kit/browser/login-a1.json	2026-09-27T13:33Z	record	Q129 (in progress)	Y
docs/records/audits/2026-09/mvp6-q129-ver-claims-v4-01/kit/browser/ui-flows-a1.json	2026-09-27T13:34Z	record	Q129 (in progress)	Y
docs/records/audits/2026-09/mvp6-q129-ver-claims-v4-01/kit/png/03a-create-400-focus-ar.png	2026-09-27T13:33Z	record	Q129 (in progress)	Y
docs/records/audits/2026-09/mvp6-q129-ver-claims-v4-01/kit/png/03a-create-400-focus-en.png	2026-09-27T13:33Z	record	Q129 (in progress)	Y
docs/records/audits/2026-09/mvp6-q129-ver-claims-v4-01/kit/png/03b-create-400-escape-ar.png	2026-09-27T13:33Z	record	Q129 (in progress)	Y
docs/records/audits/2026-09/mvp6-q129-ver-claims-v4-01/kit/png/03b-create-400-escape-en.png	2026-09-27T13:33Z	record	Q129 (in progress)	Y
docs/records/audits/2026-09/mvp6-q129-ver-claims-v4-01/kit/png/cu02-filter-applied-en.png	2026-09-27T13:33Z	record	Q129 (in progress)	Y
docs/records/audits/2026-09/mvp6-q129-ver-claims-v4-01/kit/png/cu08-transition-investigating-en.png	2026-09-27T13:34Z	record	Q129 (in progress)	Y
docs/records/audits/2026-09/mvp6-q129-ver-claims-v4-01/kit/png/cu21-stale-transition-422-en.png	2026-09-27T13:34Z	record	Q129 (in progress)	Y
docs/records/audits/2026-09/mvp6-q129-ver-claims-v4-01/kit/png/cu31-quickview-en.png	2026-09-27T13:33Z	record	Q129 (in progress)	Y
docs/records/audits/2026-09/mvp6-q129-ver-claims-v4-01/kit/png/d01-create-reload-en.png	2026-09-27T13:33Z	record	Q129 (in progress)	Y
docs/records/audits/2026-09/mvp6-q129-ver-claims-v4-01/kit/png/d02-single-shell-en.png	2026-09-27T13:33Z	record	Q129 (in progress)	Y
docs/records/audits/2026-09/mvp6-q129-ver-claims-v4-01/kit/png/saveview-1-apply-dirty-en.png	2026-09-27T13:34Z	record	Q129 (in progress)	Y
docs/records/audits/2026-09/mvp6-q129-ver-claims-v4-01/kit/png/saveview-2-reset-factory-en.png	2026-09-27T13:34Z	record	Q129 (in progress)	Y
docs/records/audits/2026-09/mvp6-q129-ver-claims-v4-01/kit/png/saveview-3-saved-clean-en.png	2026-09-27T13:34Z	record	Q129 (in progress)	Y
docs/records/audits/2026-09/mvp6-q129-ver-claims-v4-01/kit/png/saveview-4-reload-restored-en.png	2026-09-27T13:34Z	record	Q129 (in progress)	Y
docs/records/audits/2026-09/mvp6-q129-ver-claims-v4-01/kit/raw/PORTS-before.tsv	2026-09-27T13:28Z	record	Q129 (in progress)	Y
docs/records/audits/2026-09/mvp6-q129-ver-claims-v4-01/kit/raw/SOURCE-TREE-MANIFEST.tsv	2026-09-27T13:28Z	record	Q129 (in progress)	Y
docs/records/audits/2026-09/mvp6-q129-ver-claims-v4-01/kit/raw/binary-sha256.txt	2026-09-27T13:30Z	record	Q129 (in progress)	Y
docs/records/audits/2026-09/mvp6-q129-ver-claims-v4-01/kit/raw/build/auth-build-a1.log	2026-09-27T13:28Z	record	Q129 (in progress)	Y
docs/records/audits/2026-09/mvp6-q129-ver-claims-v4-01/kit/raw/build/auth-restore-a1.log	2026-09-27T13:28Z	record	Q129 (in progress)	Y
docs/records/audits/2026-09/mvp6-q129-ver-claims-v4-01/kit/raw/build/gateway-build-a1.log	2026-09-27T13:29Z	record	Q129 (in progress)	Y
docs/records/audits/2026-09/mvp6-q129-ver-claims-v4-01/kit/raw/build/gateway-restore-a1.log	2026-09-27T13:29Z	record	Q129 (in progress)	Y
docs/records/audits/2026-09/mvp6-q129-ver-claims-v4-01/kit/raw/build/mdm-build-a1.log	2026-09-27T13:29Z	record	Q129 (in progress)	Y
docs/records/audits/2026-09/mvp6-q129-ver-claims-v4-01/kit/raw/build/mdm-restore-a1.log	2026-09-27T13:29Z	record	Q129 (in progress)	Y
docs/records/audits/2026-09/mvp6-q129-ver-claims-v4-01/kit/raw/build/platform-build-a1.log	2026-09-27T13:29Z	record	Q129 (in progress)	Y
docs/records/audits/2026-09/mvp6-q129-ver-claims-v4-01/kit/raw/build/platform-restore-a1.log	2026-09-27T13:28Z	record	Q129 (in progress)	Y
docs/records/audits/2026-09/mvp6-q129-ver-claims-v4-01/kit/raw/build/supplychain-build-a1.log	2026-09-27T13:29Z	record	Q129 (in progress)	Y
docs/records/audits/2026-09/mvp6-q129-ver-claims-v4-01/kit/raw/build/supplychain-restore-a1.log	2026-09-27T13:29Z	record	Q129 (in progress)	Y
docs/records/audits/2026-09/mvp6-q129-ver-claims-v4-01/kit/raw/build/web-build-a1.log	2026-09-27T13:30Z	record	Q129 (in progress)	Y
docs/records/audits/2026-09/mvp6-q129-ver-claims-v4-01/kit/raw/build/web-restore-a1.log	2026-09-27T13:29Z	record	Q129 (in progress)	Y
docs/records/audits/2026-09/mvp6-q129-ver-claims-v4-01/kit/raw/db/cu25-after-a1.json	2026-09-27T13:33Z	record	Q129 (in progress)	Y
docs/records/audits/2026-09/mvp6-q129-ver-claims-v4-01/kit/raw/db/cu25-before-a1.json	2026-09-27T13:33Z	record	Q129 (in progress)	Y
docs/records/audits/2026-09/mvp6-q129-ver-claims-v4-01/kit/raw/db/db-assertions.tsv	2026-09-27T13:37Z	record	Q129 (in progress)	Y
docs/records/audits/2026-09/mvp6-q129-ver-claims-v4-01/kit/raw/db/fixture-after-a1.json	2026-09-27T13:32Z	record	Q129 (in progress)	Y
docs/records/audits/2026-09/mvp6-q129-ver-claims-v4-01/kit/raw/db/fixture-before-a1.json	2026-09-27T13:32Z	record	Q129 (in progress)	Y
docs/records/audits/2026-09/mvp6-q129-ver-claims-v4-01/kit/raw/db/flows-after-a1.json	2026-09-27T13:34Z	record	Q129 (in progress)	Y
docs/records/audits/2026-09/mvp6-q129-ver-claims-v4-01/kit/raw/db/flows-before-a1.json	2026-09-27T13:33Z	record	Q129 (in progress)	Y
docs/records/audits/2026-09/mvp6-q129-ver-claims-v4-01/kit/raw/db/login-after-a1.json	2026-09-27T13:33Z	record	Q129 (in progress)	Y
docs/records/audits/2026-09/mvp6-q129-ver-claims-v4-01/kit/raw/db/login-before-a1.json	2026-09-27T13:32Z	record	Q129 (in progress)	Y
docs/records/audits/2026-09/mvp6-q129-ver-claims-v4-01/kit/raw/db/saveview-before-a1.json	2026-09-27T13:34Z	record	Q129 (in progress)	Y
docs/records/audits/2026-09/mvp6-q129-ver-claims-v4-01/kit/raw/dotnet-info.txt	2026-09-27T13:28Z	record	Q129 (in progress)	Y
docs/records/audits/2026-09/mvp6-q129-ver-claims-v4-01/kit/raw/dotnet-runtimes.txt	2026-09-27T13:28Z	record	Q129 (in progress)	Y
docs/records/audits/2026-09/mvp6-q129-ver-claims-v4-01/kit/raw/dotnet-sdks.txt	2026-09-27T13:28Z	record	Q129 (in progress)	Y
docs/records/audits/2026-09/mvp6-q129-ver-claims-v4-01/kit/raw/effective-config-auth.json	2026-09-27T13:30Z	record	Q129 (in progress)	Y
docs/records/audits/2026-09/mvp6-q129-ver-claims-v4-01/kit/raw/effective-config-findings.txt	2026-09-27T13:30Z	record	Q129 (in progress)	Y
docs/records/audits/2026-09/mvp6-q129-ver-claims-v4-01/kit/raw/effective-config-gateway.json	2026-09-27T13:30Z	record	Q129 (in progress)	Y
docs/records/audits/2026-09/mvp6-q129-ver-claims-v4-01/kit/raw/effective-config-mdm.json	2026-09-27T13:30Z	record	Q129 (in progress)	Y
docs/records/audits/2026-09/mvp6-q129-ver-claims-v4-01/kit/raw/effective-config-platform.json	2026-09-27T13:30Z	record	Q129 (in progress)	Y
docs/records/audits/2026-09/mvp6-q129-ver-claims-v4-01/kit/raw/effective-config-summary.tsv	2026-09-27T13:30Z	record	Q129 (in progress)	Y
docs/records/audits/2026-09/mvp6-q129-ver-claims-v4-01/kit/raw/effective-config-supplychain.json	2026-09-27T13:30Z	record	Q129 (in progress)	Y
docs/records/audits/2026-09/mvp6-q129-ver-claims-v4-01/kit/raw/effective-config-web.json	2026-09-27T13:30Z	record	Q129 (in progress)	Y
docs/records/audits/2026-09/mvp6-q129-ver-claims-v4-01/kit/raw/fixture/org-fixture.json	2026-09-27T13:32Z	record	Q129 (in progress)	Y
docs/records/audits/2026-09/mvp6-q129-ver-claims-v4-01/kit/raw/fixture/tenant-fixture.json	2026-09-27T13:31Z	record	Q129 (in progress)	Y
docs/records/audits/2026-09/mvp6-q129-ver-claims-v4-01/kit/raw/gateway-routes.tsv	2026-09-27T13:30Z	record	Q129 (in progress)	Y
docs/records/audits/2026-09/mvp6-q129-ver-claims-v4-01/kit/raw/health-auth-a1.body	2026-09-27T13:30Z	record	Q129 (in progress)	Y
docs/records/audits/2026-09/mvp6-q129-ver-claims-v4-01/kit/raw/health-auth-a1.headers	2026-09-27T13:30Z	record	Q129 (in progress)	Y
docs/records/audits/2026-09/mvp6-q129-ver-claims-v4-01/kit/raw/health-gateway-a1.body	2026-09-27T13:31Z	record	Q129 (in progress)	Y
docs/records/audits/2026-09/mvp6-q129-ver-claims-v4-01/kit/raw/health-gateway-a1.headers	2026-09-27T13:31Z	record	Q129 (in progress)	Y
docs/records/audits/2026-09/mvp6-q129-ver-claims-v4-01/kit/raw/health-mdm-a1.body	2026-09-27T13:30Z	record	Q129 (in progress)	Y
docs/records/audits/2026-09/mvp6-q129-ver-claims-v4-01/kit/raw/health-mdm-a1.headers	2026-09-27T13:30Z	record	Q129 (in progress)	Y
docs/records/audits/2026-09/mvp6-q129-ver-claims-v4-01/kit/raw/health-platform-a1.body	2026-09-27T13:30Z	record	Q129 (in progress)	Y
docs/records/audits/2026-09/mvp6-q129-ver-claims-v4-01/kit/raw/health-platform-a1.headers	2026-09-27T13:30Z	record	Q129 (in progress)	Y
docs/records/audits/2026-09/mvp6-q129-ver-claims-v4-01/kit/raw/health-supplychain-a1.body	2026-09-27T13:30Z	record	Q129 (in progress)	Y
docs/records/audits/2026-09/mvp6-q129-ver-claims-v4-01/kit/raw/health-supplychain-a1.headers	2026-09-27T13:30Z	record	Q129 (in progress)	Y
docs/records/audits/2026-09/mvp6-q129-ver-claims-v4-01/kit/raw/health-web-a1.body	2026-09-27T13:31Z	record	Q129 (in progress)	Y
docs/records/audits/2026-09/mvp6-q129-ver-claims-v4-01/kit/raw/health-web-a1.headers	2026-09-27T13:31Z	record	Q129 (in progress)	Y
docs/records/audits/2026-09/mvp6-q129-ver-claims-v4-01/kit/raw/identities-a1.json	2026-09-27T13:31Z	record	Q129 (in progress)	Y
docs/records/audits/2026-09/mvp6-q129-ver-claims-v4-01/kit/raw/key-pairing-citations.tsv	2026-09-27T13:30Z	record	Q129 (in progress)	Y
docs/records/audits/2026-09/mvp6-q129-ver-claims-v4-01/kit/raw/lane-mongo-connections-a1.txt	2026-09-27T13:31Z	record	Q129 (in progress)	Y
docs/records/audits/2026-09/mvp6-q129-ver-claims-v4-01/kit/raw/mongo-rs-status.json	2026-09-27T13:30Z	record	Q129 (in progress)	Y
docs/records/audits/2026-09/mvp6-q129-ver-claims-v4-01/kit/raw/mongod-fork.txt	2026-09-27T13:30Z	record	Q129 (in progress)	Y
docs/records/audits/2026-09/mvp6-q129-ver-claims-v4-01/kit/raw/mongod-version.txt	2026-09-27T13:30Z	record	Q129 (in progress)	Y
docs/records/audits/2026-09/mvp6-q129-ver-claims-v4-01/kit/raw/netcheck-a1.tsv	2026-09-27T13:31Z	record	Q129 (in progress)	Y
docs/records/audits/2026-09/mvp6-q129-ver-claims-v4-01/kit/raw/ports-lsof-before.txt	2026-09-27T13:28Z	record	Q129 (in progress)	Y
docs/records/audits/2026-09/mvp6-q129-ver-claims-v4-01/kit/raw/processes.tsv	2026-09-27T13:31Z	record	Q129 (in progress)	Y
docs/records/audits/2026-09/mvp6-q129-ver-claims-v4-01/kit/raw/repo-status-before.txt	2026-09-27T13:27Z	record	Q129 (in progress)	Y
docs/records/audits/2026-09/mvp6-q129-ver-claims-v4-01/kit/raw/runtime-check.tsv	2026-09-27T13:28Z	record	Q129 (in progress)	Y
docs/records/audits/2026-09/mvp6-q129-ver-claims-v4-01/kit/raw/source-baseline.tsv	2026-09-27T13:28Z	record	Q129 (in progress)	Y
docs/records/audits/2026-09/mvp6-q129-ver-claims-v4-01/kit/raw/source-manifest-verification.txt	2026-09-27T13:28Z	record	Q129 (in progress)	Y
docs/records/audits/2026-09/mvp6-q129-ver-claims-v4-01/kit/raw/source-overlays.tsv	2026-09-27T13:28Z	record	Q129 (in progress)	Y
docs/records/audits/2026-09/mvp6-q129-ver-claims-v4-01/lane-config/actors.tsv	2026-09-27T13:23Z	record	Q129 (in progress)	Y
docs/records/audits/2026-09/mvp6-q129-ver-claims-v4-01/lane-config/lane.env	2026-09-27T13:23Z	record	Q129 (in progress)	Y
docs/records/audits/2026-09/mvp6-q129-ver-claims-v4-01/lane-config/overlays.tsv	2026-09-27T13:23Z	record	Q129 (in progress)	Y
docs/records/audits/2026-09/mvp6-q129-ver-claims-v4-01/lane-config/overrides.tsv	2026-09-27T13:23Z	record	Q129 (in progress)	Y
docs/records/audits/2026-09/mvp6-q129-ver-claims-v4-01/lane-config/pair.sh	2026-09-27T13:24Z	record	Q129 (in progress)	Y
docs/records/audits/2026-09/mvp6-q129-ver-claims-v4-01/lane-config/pairx.sh	2026-09-27T13:24Z	record	Q129 (in progress)	Y
docs/records/audits/2026-09/mvp6-q129-ver-claims-v4-01/lane-config/up-q129.sh	2026-09-27T13:23Z	record	Q129 (in progress)	Y
docs/records/audits/2026-09/mvp6-q129-ver-claims-v4-01/lane-scripts/claims_runtime.mjs	2026-09-27T13:24Z	record	Q129 (in progress)	Y
docs/records/audits/2026-09/mvp6-q129-ver-claims-v4-01/lane-scripts/org_fixture.py	2026-09-27T13:24Z	record	Q129 (in progress)	Y
docs/records/audits/2026-09/mvp6-q129-ver-claims-v4-01/lane-scripts/tenant_fixture.py	2026-09-27T13:24Z	record	Q129 (in progress)	Y
docs/records/audits/2026-09/mvp6-q129-ver-claims-v4-01/lane-tools/playwright.config.mjs	2026-09-27T13:24Z	record	Q129 (in progress)	Y
docs/records/audits/2026-09/mvp6-q129-ver-claims-v4-01/logs/kit/up-a1.log	2026-09-27T13:31Z	record	Q129 (in progress)	Y
docs/records/audits/2026-09/mvp6-q129-ver-claims-v4-01/logs/lane/cu25-a1.log	2026-09-27T13:33Z	record	Q129 (in progress)	Y
docs/records/audits/2026-09/mvp6-q129-ver-claims-v4-01/logs/lane/fixture-a1.log	2026-09-27T13:32Z	record	Q129 (in progress)	Y
docs/records/audits/2026-09/mvp6-q129-ver-claims-v4-01/logs/lane/flows-a1.log	2026-09-27T13:34Z	record	Q129 (in progress)	Y
docs/records/audits/2026-09/mvp6-q129-ver-claims-v4-01/logs/lane/login-a1.log	2026-09-27T13:33Z	record	Q129 (in progress)	Y
docs/records/audits/2026-09/mvp6-q129-ver-claims-v4-01/logs/lane/saveview-a1.log	2026-09-27T13:34Z	record	Q129 (in progress)	Y
docs/records/audits/2026-09/mvp6-q24b-kit-validation-01/ENV.md	2026-09-26T20:05Z	record	Q97/Q24b	Y
docs/records/audits/2026-09/mvp6-q24b-kit-validation-01/FINAL-CHECK.txt	2026-09-26T20:09Z	record	Q97/Q24b	Y
docs/records/audits/2026-09/mvp6-q24b-kit-validation-01/KIT-FINDINGS.tsv	2026-09-26T20:05Z	record	Q97/Q24b	Y
docs/records/audits/2026-09/mvp6-q24b-kit-validation-01/KIT-HASHES.tsv	2026-09-26T20:05Z	record	Q97/Q24b	Y
docs/records/audits/2026-09/mvp6-q24b-kit-validation-01/SECRET-SCAN-PATTERN.txt	2026-09-26T20:08Z	record	Q97/Q24b	Y
docs/records/audits/2026-09/mvp6-q24b-kit-validation-01/SHA256SUMS	2026-09-26T20:09Z	record	Q97/Q24b	Y
docs/records/audits/2026-09/mvp6-q24b-kit-validation-01/VALIDATION.md	2026-09-26T20:05Z	record	Q97/Q24b	Y
docs/records/audits/2026-09/mvp6-q24b-kit-validation-01/attempt1-COMMANDS.tsv	2026-09-26T20:05Z	record	Q97/Q24b	Y
docs/records/audits/2026-09/mvp6-q24b-kit-validation-01/attempt1-kit-files.sha256	2026-09-26T20:05Z	record	Q97/Q24b	Y
docs/records/audits/2026-09/mvp6-q24b-kit-validation-01/env-raw.txt	2026-09-26T20:05Z	record	Q97/Q24b	Y
docs/records/audits/2026-09/mvp6-q24b-kit-validation-01/up-a2.sh.lane-copy	2026-09-26T20:05Z	record	Q97/Q24b	Y
docs/records/audits/2026-09/mvp6-q64b-claims-build-01/ACCEPTANCE.tsv	2026-09-26T20:07Z	record	Q97/Q64b	Y
docs/records/audits/2026-09/mvp6-q64b-claims-build-01/FINAL-CHECK.txt	2026-09-26T20:09Z	record	Q97/Q64b	Y
docs/records/audits/2026-09/mvp6-q64b-claims-build-01/FIXES.patch	2026-09-26T20:05Z	record	Q97/Q64b	Y
docs/records/audits/2026-09/mvp6-q64b-claims-build-01/README.md	2026-09-26T20:08Z	record	Q97/Q64b	Y
docs/records/audits/2026-09/mvp6-q64b-claims-build-01/SECRET-SCAN-PATTERN.txt	2026-09-26T20:08Z	record	Q97/Q64b	Y
docs/records/audits/2026-09/mvp6-q64b-claims-build-01/SHA256SUMS	2026-09-26T20:09Z	record	Q97/Q64b	Y
docs/records/audits/2026-09/mvp6-q64b-claims-build-01/build/delivered/Diten.ApiGateway.Tests.log	2026-09-26T20:05Z	record	Q97/Q64b	Y
docs/records/audits/2026-09/mvp6-q64b-claims-build-01/build/delivered/Diten.ApiGateway.log	2026-09-26T20:05Z	record	Q97/Q64b	Y
docs/records/audits/2026-09/mvp6-q64b-claims-build-01/build/delivered/Diten.SupplyChainService.Api.log	2026-09-26T20:05Z	record	Q97/Q64b	Y
docs/records/audits/2026-09/mvp6-q64b-claims-build-01/build/delivered/Diten.SupplyChainService.Tests.log	2026-09-26T20:05Z	record	Q97/Q64b	Y
docs/records/audits/2026-09/mvp6-q64b-claims-build-01/build/delivered/Diten.Web.Tests.log	2026-09-26T20:05Z	record	Q97/Q64b	Y
docs/records/audits/2026-09/mvp6-q64b-claims-build-01/build/delivered/Diten.Web.log	2026-09-26T20:05Z	record	Q97/Q64b	Y
docs/records/audits/2026-09/mvp6-q64b-claims-build-01/build/delivered/SUMMARY.tsv	2026-09-26T20:05Z	record	Q97/Q64b	Y
docs/records/audits/2026-09/mvp6-q64b-claims-build-01/build/delivered/TenantArchitecture.ArchitectureTests.log	2026-09-26T20:05Z	record	Q97/Q64b	Y
docs/records/audits/2026-09/mvp6-q64b-claims-build-01/build/with-fixes/gateway-tests-build.log	2026-09-26T20:05Z	record	Q97/Q64b	Y
docs/records/audits/2026-09/mvp6-q64b-claims-build-01/build/with-fixes/web-tests-build-2.log	2026-09-26T20:05Z	record	Q97/Q64b	Y
docs/records/audits/2026-09/mvp6-q64b-claims-build-01/build/with-fixes/web-tests-build.log	2026-09-26T20:05Z	record	Q97/Q64b	Y
docs/records/audits/2026-09/mvp6-q64b-claims-build-01/compose/COMPOSE-LOG.txt	2026-09-26T20:05Z	record	Q97/Q64b	Y
docs/records/audits/2026-09/mvp6-q64b-claims-build-01/compose/L4-PREVIOUS-LAYER.json	2026-09-26T20:05Z	record	Q97/Q64b	Y
docs/records/audits/2026-09/mvp6-q64b-claims-build-01/compose/LAYERS.tsv	2026-09-26T20:05Z	record	Q97/Q64b	Y
docs/records/audits/2026-09/mvp6-q64b-claims-build-01/compose/SOURCE-MANIFEST.tsv	2026-09-26T20:05Z	record	Q97/Q64b	Y
docs/records/audits/2026-09/mvp6-q64b-claims-build-01/compose/derived-overlays/DERIVED-INPUTS.sha256	2026-09-26T20:05Z	record	Q97/Q64b	Y
docs/records/audits/2026-09/mvp6-q64b-claims-build-01/compose/derived-overlays/claims-env-integration-MANIFEST.tsv	2026-09-26T20:05Z	record	Q97/Q64b	Y
docs/records/audits/2026-09/mvp6-q64b-claims-build-01/compose/derived-overlays/claims-fixes-8-MANIFEST.tsv	2026-09-26T20:05Z	record	Q97/Q64b	Y
docs/records/audits/2026-09/mvp6-q64b-claims-build-01/compose/derived-overlays/claims-module-23-MANIFEST.tsv	2026-09-26T20:05Z	record	Q97/Q64b	Y
docs/records/audits/2026-09/mvp6-q64b-claims-build-01/kit-fixes/ARTIFACTS.sha256	2026-09-26T20:03Z	record	Q97/Q64b	Y
docs/records/audits/2026-09/mvp6-q64b-claims-build-01/kit-fixes/CLEANUP.tsv	2026-09-26T20:03Z	record	Q97/Q64b	Y
docs/records/audits/2026-09/mvp6-q64b-claims-build-01/kit-fixes/COMMANDS.tsv	2026-09-26T20:03Z	record	Q97/Q64b	Y
docs/records/audits/2026-09/mvp6-q64b-claims-build-01/kit-fixes/SECRET-SCAN-FINAL-a1.txt	2026-09-26T20:03Z	record	Q97/Q64b	Y
docs/records/audits/2026-09/mvp6-q64b-claims-build-01/kit-fixes/SOURCE-BINARY-PROCESS.tsv	2026-09-26T20:01Z	record	Q97/Q64b	Y
docs/records/audits/2026-09/mvp6-q64b-claims-build-01/kit-fixes/browser/checks-mut-a1.json	2026-09-26T20:00Z	record	Q97/Q64b	Y
docs/records/audits/2026-09/mvp6-q64b-claims-build-01/kit-fixes/browser/checks-neg-a1.json	2026-09-26T19:59Z	record	Q97/Q64b	Y
docs/records/audits/2026-09/mvp6-q64b-claims-build-01/kit-fixes/browser/login-a1.json	2026-09-26T19:57Z	record	Q97/Q64b	Y
docs/records/audits/2026-09/mvp6-q64b-claims-build-01/kit-fixes/browser/login-a2.json	2026-09-26T20:00Z	record	Q97/Q64b	Y
docs/records/audits/2026-09/mvp6-q64b-claims-build-01/kit-fixes/browser/spec-a1.json	2026-09-26T19:59Z	record	Q97/Q64b	Y
docs/records/audits/2026-09/mvp6-q64b-claims-build-01/kit-fixes/browser/spec-report.json	2026-09-26T19:59Z	record	Q97/Q64b	Y
docs/records/audits/2026-09/mvp6-q64b-claims-build-01/kit-fixes/browser/ui-flows-a1.json	2026-09-26T20:00Z	record	Q97/Q64b	Y
docs/records/audits/2026-09/mvp6-q64b-claims-build-01/kit-fixes/browser/vs1-a1.json	2026-09-26T19:57Z	record	Q97/Q64b	Y
docs/records/audits/2026-09/mvp6-q64b-claims-build-01/kit-fixes/png/cu10-carrier-linked-create-en.png	2026-09-26T20:00Z	record	Q97/Q64b	Y
docs/records/audits/2026-09/mvp6-q64b-claims-build-01/kit-fixes/png/fixed-native-create-reload-en.png	2026-09-26T19:59Z	record	Q97/Q64b	Y
docs/records/audits/2026-09/mvp6-q64b-claims-build-01/kit-fixes/png/fixed-native-quickview-en.png	2026-09-26T19:59Z	record	Q97/Q64b	Y
docs/records/audits/2026-09/mvp6-q64b-claims-build-01/kit-fixes/png/fixed-native-stale-transition-422-en.png	2026-09-26T20:00Z	record	Q97/Q64b	Y
docs/records/audits/2026-09/mvp6-q64b-claims-build-01/kit-fixes/png/fixed-native-transition-investigating-en.png	2026-09-26T20:00Z	record	Q97/Q64b	Y
docs/records/audits/2026-09/mvp6-q64b-claims-build-01/kit-fixes/png/readonly-list-no-cta-en.png	2026-09-26T19:59Z	record	Q97/Q64b	Y
docs/records/audits/2026-09/mvp6-q64b-claims-build-01/kit-fixes/png/spec/01-list-en.png	2026-09-26T19:57Z	record	Q97/Q64b	Y
docs/records/audits/2026-09/mvp6-q64b-claims-build-01/kit-fixes/png/spec/02-create-201.png	2026-09-26T19:57Z	record	Q97/Q64b	Y
docs/records/audits/2026-09/mvp6-q64b-claims-build-01/kit-fixes/png/spec/03-create-400.png	2026-09-26T19:57Z	record	Q97/Q64b	Y
docs/records/audits/2026-09/mvp6-q64b-claims-build-01/kit-fixes/png/spec/05-access-denied.png	2026-09-26T19:59Z	record	Q97/Q64b	Y
docs/records/audits/2026-09/mvp6-q64b-claims-build-01/kit-fixes/png/spec/06-ar-1024.png	2026-09-26T19:59Z	record	Q97/Q64b	Y
docs/records/audits/2026-09/mvp6-q64b-claims-build-01/kit-fixes/png/spec/06-ar-1440.png	2026-09-26T19:59Z	record	Q97/Q64b	Y
docs/records/audits/2026-09/mvp6-q64b-claims-build-01/kit-fixes/png/spec/06-ar-390.png	2026-09-26T19:59Z	record	Q97/Q64b	Y
docs/records/audits/2026-09/mvp6-q64b-claims-build-01/kit-fixes/png/spec/06-ar-768.png	2026-09-26T19:59Z	record	Q97/Q64b	Y
docs/records/audits/2026-09/mvp6-q64b-claims-build-01/kit-fixes/png/spec/06-tr-1024.png	2026-09-26T19:59Z	record	Q97/Q64b	Y
docs/records/audits/2026-09/mvp6-q64b-claims-build-01/kit-fixes/png/spec/06-tr-1440.png	2026-09-26T19:59Z	record	Q97/Q64b	Y
docs/records/audits/2026-09/mvp6-q64b-claims-build-01/kit-fixes/png/spec/06-tr-390.png	2026-09-26T19:59Z	record	Q97/Q64b	Y
docs/records/audits/2026-09/mvp6-q64b-claims-build-01/kit-fixes/png/spec/06-tr-768.png	2026-09-26T19:59Z	record	Q97/Q64b	Y
docs/records/audits/2026-09/mvp6-q64b-claims-build-01/kit-fixes/png/uas001-noread-access-denied-en.png	2026-09-26T19:59Z	record	Q97/Q64b	Y
docs/records/audits/2026-09/mvp6-q64b-claims-build-01/kit-fixes/png/vs1-after-create-en.png	2026-09-26T19:57Z	record	Q97/Q64b	Y
docs/records/audits/2026-09/mvp6-q64b-claims-build-01/kit-fixes/raw/PORTS-before.tsv	2026-09-26T19:53Z	record	Q97/Q64b	Y
docs/records/audits/2026-09/mvp6-q64b-claims-build-01/kit-fixes/raw/SOURCE-TREE-MANIFEST.tsv	2026-09-26T19:53Z	record	Q97/Q64b	Y
docs/records/audits/2026-09/mvp6-q64b-claims-build-01/kit-fixes/raw/binary-sha256.txt	2026-09-26T19:55Z	record	Q97/Q64b	Y
docs/records/audits/2026-09/mvp6-q64b-claims-build-01/kit-fixes/raw/browser-binding.tsv	2026-09-26T20:01Z	record	Q97/Q64b	Y
docs/records/audits/2026-09/mvp6-q64b-claims-build-01/kit-fixes/raw/build/auth-build-a1.log	2026-09-26T19:53Z	record	Q97/Q64b	Y
docs/records/audits/2026-09/mvp6-q64b-claims-build-01/kit-fixes/raw/build/auth-restore-a1.log	2026-09-26T19:53Z	record	Q97/Q64b	Y
docs/records/audits/2026-09/mvp6-q64b-claims-build-01/kit-fixes/raw/build/gateway-build-a1.log	2026-09-26T19:54Z	record	Q97/Q64b	Y
docs/records/audits/2026-09/mvp6-q64b-claims-build-01/kit-fixes/raw/build/gateway-restore-a1.log	2026-09-26T19:54Z	record	Q97/Q64b	Y
docs/records/audits/2026-09/mvp6-q64b-claims-build-01/kit-fixes/raw/build/mdm-build-a1.log	2026-09-26T19:54Z	record	Q97/Q64b	Y
docs/records/audits/2026-09/mvp6-q64b-claims-build-01/kit-fixes/raw/build/mdm-restore-a1.log	2026-09-26T19:54Z	record	Q97/Q64b	Y
docs/records/audits/2026-09/mvp6-q64b-claims-build-01/kit-fixes/raw/build/platform-build-a1.log	2026-09-26T19:54Z	record	Q97/Q64b	Y
docs/records/audits/2026-09/mvp6-q64b-claims-build-01/kit-fixes/raw/build/platform-restore-a1.log	2026-09-26T19:53Z	record	Q97/Q64b	Y
docs/records/audits/2026-09/mvp6-q64b-claims-build-01/kit-fixes/raw/build/supplychain-build-a1.log	2026-09-26T19:54Z	record	Q97/Q64b	Y
docs/records/audits/2026-09/mvp6-q64b-claims-build-01/kit-fixes/raw/build/supplychain-restore-a1.log	2026-09-26T19:54Z	record	Q97/Q64b	Y
docs/records/audits/2026-09/mvp6-q64b-claims-build-01/kit-fixes/raw/build/web-build-a1.log	2026-09-26T19:55Z	record	Q97/Q64b	Y
docs/records/audits/2026-09/mvp6-q64b-claims-build-01/kit-fixes/raw/build/web-restore-a1.log	2026-09-26T19:54Z	record	Q97/Q64b	Y
docs/records/audits/2026-09/mvp6-q64b-claims-build-01/kit-fixes/raw/db/cu10-after-a1.json	2026-09-26T20:00Z	record	Q97/Q64b	Y
docs/records/audits/2026-09/mvp6-q64b-claims-build-01/kit-fixes/raw/db/cu10-before-a1.json	2026-09-26T20:00Z	record	Q97/Q64b	Y
docs/records/audits/2026-09/mvp6-q64b-claims-build-01/kit-fixes/raw/db/db-assertions.tsv	2026-09-26T20:00Z	record	Q97/Q64b	Y
docs/records/audits/2026-09/mvp6-q64b-claims-build-01/kit-fixes/raw/db/fixture-after-a1.json	2026-09-26T19:56Z	record	Q97/Q64b	Y
docs/records/audits/2026-09/mvp6-q64b-claims-build-01/kit-fixes/raw/db/fixture-before-a1.json	2026-09-26T19:56Z	record	Q97/Q64b	Y
docs/records/audits/2026-09/mvp6-q64b-claims-build-01/kit-fixes/raw/db/flows-after-a1.json	2026-09-26T20:00Z	record	Q97/Q64b	Y
docs/records/audits/2026-09/mvp6-q64b-claims-build-01/kit-fixes/raw/db/flows-before-a1.json	2026-09-26T19:59Z	record	Q97/Q64b	Y
docs/records/audits/2026-09/mvp6-q64b-claims-build-01/kit-fixes/raw/db/neg-after-a1.json	2026-09-26T19:59Z	record	Q97/Q64b	Y
docs/records/audits/2026-09/mvp6-q64b-claims-build-01/kit-fixes/raw/db/neg-before-a1.json	2026-09-26T19:59Z	record	Q97/Q64b	Y
docs/records/audits/2026-09/mvp6-q64b-claims-build-01/kit-fixes/raw/db/spec-after-a1.json	2026-09-26T19:59Z	record	Q97/Q64b	Y
docs/records/audits/2026-09/mvp6-q64b-claims-build-01/kit-fixes/raw/db/spec-before-a1.json	2026-09-26T19:57Z	record	Q97/Q64b	Y
docs/records/audits/2026-09/mvp6-q64b-claims-build-01/kit-fixes/raw/db/vs1-after-a1.json	2026-09-26T19:57Z	record	Q97/Q64b	Y
docs/records/audits/2026-09/mvp6-q64b-claims-build-01/kit-fixes/raw/db/vs1-before-a1.json	2026-09-26T19:57Z	record	Q97/Q64b	Y
docs/records/audits/2026-09/mvp6-q64b-claims-build-01/kit-fixes/raw/dotnet-info.txt	2026-09-26T19:53Z	record	Q97/Q64b	Y
docs/records/audits/2026-09/mvp6-q64b-claims-build-01/kit-fixes/raw/dotnet-runtimes.txt	2026-09-26T19:53Z	record	Q97/Q64b	Y
docs/records/audits/2026-09/mvp6-q64b-claims-build-01/kit-fixes/raw/dotnet-sdks.txt	2026-09-26T19:53Z	record	Q97/Q64b	Y
docs/records/audits/2026-09/mvp6-q64b-claims-build-01/kit-fixes/raw/effective-config-auth.json	2026-09-26T19:55Z	record	Q97/Q64b	Y
docs/records/audits/2026-09/mvp6-q64b-claims-build-01/kit-fixes/raw/effective-config-findings.txt	2026-09-26T19:55Z	record	Q97/Q64b	Y
docs/records/audits/2026-09/mvp6-q64b-claims-build-01/kit-fixes/raw/effective-config-gateway.json	2026-09-26T19:55Z	record	Q97/Q64b	Y
docs/records/audits/2026-09/mvp6-q64b-claims-build-01/kit-fixes/raw/effective-config-mdm.json	2026-09-26T19:55Z	record	Q97/Q64b	Y
docs/records/audits/2026-09/mvp6-q64b-claims-build-01/kit-fixes/raw/effective-config-platform.json	2026-09-26T19:55Z	record	Q97/Q64b	Y
docs/records/audits/2026-09/mvp6-q64b-claims-build-01/kit-fixes/raw/effective-config-summary.tsv	2026-09-26T19:55Z	record	Q97/Q64b	Y
docs/records/audits/2026-09/mvp6-q64b-claims-build-01/kit-fixes/raw/effective-config-supplychain.json	2026-09-26T19:55Z	record	Q97/Q64b	Y
docs/records/audits/2026-09/mvp6-q64b-claims-build-01/kit-fixes/raw/effective-config-web.json	2026-09-26T19:55Z	record	Q97/Q64b	Y
docs/records/audits/2026-09/mvp6-q64b-claims-build-01/kit-fixes/raw/fixture/cu10-carriers-read-grant.json	2026-09-26T20:00Z	record	Q97/Q64b	Y
docs/records/audits/2026-09/mvp6-q64b-claims-build-01/kit-fixes/raw/fixture/org-fixture.json	2026-09-26T19:56Z	record	Q97/Q64b	Y
docs/records/audits/2026-09/mvp6-q64b-claims-build-01/kit-fixes/raw/fixture/tenant-fixture.json	2026-09-26T19:56Z	record	Q97/Q64b	Y
docs/records/audits/2026-09/mvp6-q64b-claims-build-01/kit-fixes/raw/gateway-routes.tsv	2026-09-26T19:55Z	record	Q97/Q64b	Y
docs/records/audits/2026-09/mvp6-q64b-claims-build-01/kit-fixes/raw/health-auth-a1.body	2026-09-26T19:55Z	record	Q97/Q64b	Y
docs/records/audits/2026-09/mvp6-q64b-claims-build-01/kit-fixes/raw/health-auth-a1.headers	2026-09-26T19:55Z	record	Q97/Q64b	Y
docs/records/audits/2026-09/mvp6-q64b-claims-build-01/kit-fixes/raw/health-gateway-a1.body	2026-09-26T19:56Z	record	Q97/Q64b	Y
docs/records/audits/2026-09/mvp6-q64b-claims-build-01/kit-fixes/raw/health-gateway-a1.headers	2026-09-26T19:56Z	record	Q97/Q64b	Y
docs/records/audits/2026-09/mvp6-q64b-claims-build-01/kit-fixes/raw/health-mdm-a1.body	2026-09-26T19:55Z	record	Q97/Q64b	Y
docs/records/audits/2026-09/mvp6-q64b-claims-build-01/kit-fixes/raw/health-mdm-a1.headers	2026-09-26T19:55Z	record	Q97/Q64b	Y
docs/records/audits/2026-09/mvp6-q64b-claims-build-01/kit-fixes/raw/health-platform-a1.body	2026-09-26T19:55Z	record	Q97/Q64b	Y
docs/records/audits/2026-09/mvp6-q64b-claims-build-01/kit-fixes/raw/health-platform-a1.headers	2026-09-26T19:55Z	record	Q97/Q64b	Y
docs/records/audits/2026-09/mvp6-q64b-claims-build-01/kit-fixes/raw/health-supplychain-a1.body	2026-09-26T19:55Z	record	Q97/Q64b	Y
docs/records/audits/2026-09/mvp6-q64b-claims-build-01/kit-fixes/raw/health-supplychain-a1.headers	2026-09-26T19:55Z	record	Q97/Q64b	Y
docs/records/audits/2026-09/mvp6-q64b-claims-build-01/kit-fixes/raw/health-web-a1.body	2026-09-26T19:56Z	record	Q97/Q64b	Y
docs/records/audits/2026-09/mvp6-q64b-claims-build-01/kit-fixes/raw/health-web-a1.headers	2026-09-26T19:56Z	record	Q97/Q64b	Y
docs/records/audits/2026-09/mvp6-q64b-claims-build-01/kit-fixes/raw/identities-a1.json	2026-09-26T19:56Z	record	Q97/Q64b	Y
docs/records/audits/2026-09/mvp6-q64b-claims-build-01/kit-fixes/raw/key-pairing-citations.tsv	2026-09-26T19:55Z	record	Q97/Q64b	Y
docs/records/audits/2026-09/mvp6-q64b-claims-build-01/kit-fixes/raw/lane-mongo-connections-a1.txt	2026-09-26T19:56Z	record	Q97/Q64b	Y
docs/records/audits/2026-09/mvp6-q64b-claims-build-01/kit-fixes/raw/lane-mongo-connections-a2.txt	2026-09-26T20:01Z	record	Q97/Q64b	Y
docs/records/audits/2026-09/mvp6-q64b-claims-build-01/kit-fixes/raw/listeners-before-cleanup-a1.txt	2026-09-26T20:01Z	record	Q97/Q64b	Y
docs/records/audits/2026-09/mvp6-q64b-claims-build-01/kit-fixes/raw/mongo-rs-status.json	2026-09-26T19:55Z	record	Q97/Q64b	Y
docs/records/audits/2026-09/mvp6-q64b-claims-build-01/kit-fixes/raw/mongod-fork.txt	2026-09-26T19:55Z	record	Q97/Q64b	Y
docs/records/audits/2026-09/mvp6-q64b-claims-build-01/kit-fixes/raw/mongod-version.txt	2026-09-26T19:55Z	record	Q97/Q64b	Y
docs/records/audits/2026-09/mvp6-q64b-claims-build-01/kit-fixes/raw/netcheck-a1.tsv	2026-09-26T19:56Z	record	Q97/Q64b	Y
docs/records/audits/2026-09/mvp6-q64b-claims-build-01/kit-fixes/raw/netcheck-a2.tsv	2026-09-26T20:01Z	record	Q97/Q64b	Y
docs/records/audits/2026-09/mvp6-q64b-claims-build-01/kit-fixes/raw/ports-lsof-before.txt	2026-09-26T19:53Z	record	Q97/Q64b	Y
docs/records/audits/2026-09/mvp6-q64b-claims-build-01/kit-fixes/raw/ports.json	2026-09-26T20:03Z	record	Q97/Q64b	Y
docs/records/audits/2026-09/mvp6-q64b-claims-build-01/kit-fixes/raw/processes.tsv	2026-09-26T19:56Z	record	Q97/Q64b	Y
docs/records/audits/2026-09/mvp6-q64b-claims-build-01/kit-fixes/raw/repo-status-after.txt	2026-09-26T20:03Z	record	Q97/Q64b	Y
docs/records/audits/2026-09/mvp6-q64b-claims-build-01/kit-fixes/raw/repo-status-before.txt	2026-09-26T19:53Z	record	Q97/Q64b	Y
docs/records/audits/2026-09/mvp6-q64b-claims-build-01/kit-fixes/raw/run-logs/run-harness-claims_runtime-a1.log	2026-09-26T20:01Z	record	Q97/Q64b	Y
docs/records/audits/2026-09/mvp6-q64b-claims-build-01/kit-fixes/raw/run-logs/run-harness-claims_runtime-a2.log	2026-09-26T20:01Z	record	Q97/Q64b	Y
docs/records/audits/2026-09/mvp6-q64b-claims-build-01/kit-fixes/raw/run-logs/run-harness-claims_runtime-a3.log	2026-09-26T20:01Z	record	Q97/Q64b	Y
docs/records/audits/2026-09/mvp6-q64b-claims-build-01/kit-fixes/raw/run-logs/run-harness-claims_runtime-a4.log	2026-09-26T20:01Z	record	Q97/Q64b	Y
docs/records/audits/2026-09/mvp6-q64b-claims-build-01/kit-fixes/raw/run-logs/run-harness-claims_runtime-a5.log	2026-09-26T20:01Z	record	Q97/Q64b	Y
docs/records/audits/2026-09/mvp6-q64b-claims-build-01/kit-fixes/raw/run-logs/run-harness-claims_runtime-a6.log	2026-09-26T20:01Z	record	Q97/Q64b	Y
docs/records/audits/2026-09/mvp6-q64b-claims-build-01/kit-fixes/raw/run-logs/run-harness-claims_runtime-a7.log	2026-09-26T20:01Z	record	Q97/Q64b	Y
docs/records/audits/2026-09/mvp6-q64b-claims-build-01/kit-fixes/raw/run-logs/run-harness-org_fixture-a1.log	2026-09-26T20:01Z	record	Q97/Q64b	Y
docs/records/audits/2026-09/mvp6-q64b-claims-build-01/kit-fixes/raw/run-logs/run-harness-tenant_fixture-a1.log	2026-09-26T20:01Z	record	Q97/Q64b	Y
docs/records/audits/2026-09/mvp6-q64b-claims-build-01/kit-fixes/raw/run-logs/run-k07-a1.log	2026-09-26T20:01Z	record	Q97/Q64b	Y
docs/records/audits/2026-09/mvp6-q64b-claims-build-01/kit-fixes/raw/runtime-check.tsv	2026-09-26T19:53Z	record	Q97/Q64b	Y
docs/records/audits/2026-09/mvp6-q64b-claims-build-01/kit-fixes/raw/source-baseline.tsv	2026-09-26T19:53Z	record	Q97/Q64b	Y
docs/records/audits/2026-09/mvp6-q64b-claims-build-01/kit-fixes/raw/source-manifest-verification.txt	2026-09-26T19:53Z	record	Q97/Q64b	Y
docs/records/audits/2026-09/mvp6-q64b-claims-build-01/kit-fixes/raw/source-overlays.tsv	2026-09-26T19:53Z	record	Q97/Q64b	Y
docs/records/audits/2026-09/mvp6-q64b-claims-build-01/kit/ARTIFACTS.sha256	2026-09-26T19:51Z	record	Q97/Q64b	Y
docs/records/audits/2026-09/mvp6-q64b-claims-build-01/kit/CLEANUP-a1.tsv	2026-09-26T19:51Z	record	Q97/Q64b	Y
docs/records/audits/2026-09/mvp6-q64b-claims-build-01/kit/CLEANUP.tsv	2026-09-26T19:32Z	record	Q97/Q64b	Y
docs/records/audits/2026-09/mvp6-q64b-claims-build-01/kit/COMMANDS.tsv	2026-09-26T19:51Z	record	Q97/Q64b	Y
docs/records/audits/2026-09/mvp6-q64b-claims-build-01/kit/SECRET-SCAN-FINAL-a1.txt	2026-09-26T19:51Z	record	Q97/Q64b	Y
docs/records/audits/2026-09/mvp6-q64b-claims-build-01/kit/SOURCE-BINARY-PROCESS.tsv	2026-09-26T19:48Z	record	Q97/Q64b	Y
docs/records/audits/2026-09/mvp6-q64b-claims-build-01/kit/browser/checks-mut-a1.json	2026-09-26T19:42Z	record	Q97/Q64b	Y
docs/records/audits/2026-09/mvp6-q64b-claims-build-01/kit/browser/checks-mut-a2.json	2026-09-26T19:43Z	record	Q97/Q64b	Y
docs/records/audits/2026-09/mvp6-q64b-claims-build-01/kit/browser/checks-neg-a1.json	2026-09-26T19:41Z	record	Q97/Q64b	Y
docs/records/audits/2026-09/mvp6-q64b-claims-build-01/kit/browser/login-a1.json	2026-09-26T19:37Z	record	Q97/Q64b	Y
docs/records/audits/2026-09/mvp6-q64b-claims-build-01/kit/browser/login-a2.json	2026-09-26T19:42Z	record	Q97/Q64b	Y
docs/records/audits/2026-09/mvp6-q64b-claims-build-01/kit/browser/spec-a1.json	2026-09-26T19:40Z	record	Q97/Q64b	Y
docs/records/audits/2026-09/mvp6-q64b-claims-build-01/kit/browser/spec-report.json	2026-09-26T19:40Z	record	Q97/Q64b	Y
docs/records/audits/2026-09/mvp6-q64b-claims-build-01/kit/browser/ui-flows-a1.json	2026-09-26T19:47Z	record	Q97/Q64b	Y
docs/records/audits/2026-09/mvp6-q64b-claims-build-01/kit/browser/vs1-a1.json	2026-09-26T19:37Z	record	Q97/Q64b	Y
docs/records/audits/2026-09/mvp6-q64b-claims-build-01/kit/png/cu10-carrier-linked-create-en.png	2026-09-26T19:43Z	record	Q97/Q64b	Y
docs/records/audits/2026-09/mvp6-q64b-claims-build-01/kit/png/delivered-create-reload-en.png	2026-09-26T19:46Z	record	Q97/Q64b	Y
docs/records/audits/2026-09/mvp6-q64b-claims-build-01/kit/png/delivered-quickview-en.png	2026-09-26T19:46Z	record	Q97/Q64b	Y
docs/records/audits/2026-09/mvp6-q64b-claims-build-01/kit/png/readonly-list-no-cta-en.png	2026-09-26T19:41Z	record	Q97/Q64b	Y
docs/records/audits/2026-09/mvp6-q64b-claims-build-01/kit/png/spec/01-list-en.png	2026-09-26T19:38Z	record	Q97/Q64b	Y
docs/records/audits/2026-09/mvp6-q64b-claims-build-01/kit/png/spec/02-create-201.png	2026-09-26T19:39Z	record	Q97/Q64b	Y
docs/records/audits/2026-09/mvp6-q64b-claims-build-01/kit/png/spec/03-create-400.png	2026-09-26T19:39Z	record	Q97/Q64b	Y
docs/records/audits/2026-09/mvp6-q64b-claims-build-01/kit/png/spec/05-access-denied.png	2026-09-26T19:40Z	record	Q97/Q64b	Y
docs/records/audits/2026-09/mvp6-q64b-claims-build-01/kit/png/spec/06-ar-1024.png	2026-09-26T19:40Z	record	Q97/Q64b	Y
docs/records/audits/2026-09/mvp6-q64b-claims-build-01/kit/png/spec/06-ar-1440.png	2026-09-26T19:40Z	record	Q97/Q64b	Y
docs/records/audits/2026-09/mvp6-q64b-claims-build-01/kit/png/spec/06-ar-390.png	2026-09-26T19:40Z	record	Q97/Q64b	Y
docs/records/audits/2026-09/mvp6-q64b-claims-build-01/kit/png/spec/06-ar-768.png	2026-09-26T19:40Z	record	Q97/Q64b	Y
docs/records/audits/2026-09/mvp6-q64b-claims-build-01/kit/png/spec/06-tr-1024.png	2026-09-26T19:40Z	record	Q97/Q64b	Y
docs/records/audits/2026-09/mvp6-q64b-claims-build-01/kit/png/spec/06-tr-1440.png	2026-09-26T19:40Z	record	Q97/Q64b	Y
docs/records/audits/2026-09/mvp6-q64b-claims-build-01/kit/png/spec/06-tr-390.png	2026-09-26T19:40Z	record	Q97/Q64b	Y
docs/records/audits/2026-09/mvp6-q64b-claims-build-01/kit/png/spec/06-tr-768.png	2026-09-26T19:40Z	record	Q97/Q64b	Y
docs/records/audits/2026-09/mvp6-q64b-claims-build-01/kit/png/uas001-noread-access-denied-en.png	2026-09-26T19:41Z	record	Q97/Q64b	Y
docs/records/audits/2026-09/mvp6-q64b-claims-build-01/kit/png/vs1-after-create-en.png	2026-09-26T19:37Z	record	Q97/Q64b	Y
docs/records/audits/2026-09/mvp6-q64b-claims-build-01/kit/raw/PORTS-before.tsv	2026-09-26T19:33Z	record	Q97/Q64b	Y
docs/records/audits/2026-09/mvp6-q64b-claims-build-01/kit/raw/SOURCE-TREE-MANIFEST.tsv	2026-09-26T19:33Z	record	Q97/Q64b	Y
docs/records/audits/2026-09/mvp6-q64b-claims-build-01/kit/raw/binary-sha256.txt	2026-09-26T19:34Z	record	Q97/Q64b	Y
docs/records/audits/2026-09/mvp6-q64b-claims-build-01/kit/raw/browser-binding.tsv	2026-09-26T19:48Z	record	Q97/Q64b	Y
docs/records/audits/2026-09/mvp6-q64b-claims-build-01/kit/raw/build/auth-build-a1.log	2026-09-26T19:29Z	record	Q97/Q64b	Y
docs/records/audits/2026-09/mvp6-q64b-claims-build-01/kit/raw/build/auth-build-a2.log	2026-09-26T19:33Z	record	Q97/Q64b	Y
docs/records/audits/2026-09/mvp6-q64b-claims-build-01/kit/raw/build/auth-restore-a1.log	2026-09-26T19:29Z	record	Q97/Q64b	Y
docs/records/audits/2026-09/mvp6-q64b-claims-build-01/kit/raw/build/auth-restore-a2.log	2026-09-26T19:33Z	record	Q97/Q64b	Y
docs/records/audits/2026-09/mvp6-q64b-claims-build-01/kit/raw/build/gateway-build-a1.log	2026-09-26T19:30Z	record	Q97/Q64b	Y
docs/records/audits/2026-09/mvp6-q64b-claims-build-01/kit/raw/build/gateway-build-a2.log	2026-09-26T19:34Z	record	Q97/Q64b	Y
docs/records/audits/2026-09/mvp6-q64b-claims-build-01/kit/raw/build/gateway-restore-a1.log	2026-09-26T19:30Z	record	Q97/Q64b	Y
docs/records/audits/2026-09/mvp6-q64b-claims-build-01/kit/raw/build/gateway-restore-a2.log	2026-09-26T19:34Z	record	Q97/Q64b	Y
docs/records/audits/2026-09/mvp6-q64b-claims-build-01/kit/raw/build/mdm-build-a1.log	2026-09-26T19:30Z	record	Q97/Q64b	Y
docs/records/audits/2026-09/mvp6-q64b-claims-build-01/kit/raw/build/mdm-build-a2.log	2026-09-26T19:33Z	record	Q97/Q64b	Y
docs/records/audits/2026-09/mvp6-q64b-claims-build-01/kit/raw/build/mdm-restore-a1.log	2026-09-26T19:30Z	record	Q97/Q64b	Y
docs/records/audits/2026-09/mvp6-q64b-claims-build-01/kit/raw/build/mdm-restore-a2.log	2026-09-26T19:33Z	record	Q97/Q64b	Y
docs/records/audits/2026-09/mvp6-q64b-claims-build-01/kit/raw/build/platform-build-a1.log	2026-09-26T19:30Z	record	Q97/Q64b	Y
docs/records/audits/2026-09/mvp6-q64b-claims-build-01/kit/raw/build/platform-build-a2.log	2026-09-26T19:33Z	record	Q97/Q64b	Y
docs/records/audits/2026-09/mvp6-q64b-claims-build-01/kit/raw/build/platform-restore-a1.log	2026-09-26T19:29Z	record	Q97/Q64b	Y
docs/records/audits/2026-09/mvp6-q64b-claims-build-01/kit/raw/build/platform-restore-a2.log	2026-09-26T19:33Z	record	Q97/Q64b	Y
docs/records/audits/2026-09/mvp6-q64b-claims-build-01/kit/raw/build/supplychain-build-a1.log	2026-09-26T19:30Z	record	Q97/Q64b	Y
docs/records/audits/2026-09/mvp6-q64b-claims-build-01/kit/raw/build/supplychain-build-a2.log	2026-09-26T19:33Z	record	Q97/Q64b	Y
docs/records/audits/2026-09/mvp6-q64b-claims-build-01/kit/raw/build/supplychain-restore-a1.log	2026-09-26T19:30Z	record	Q97/Q64b	Y
docs/records/audits/2026-09/mvp6-q64b-claims-build-01/kit/raw/build/supplychain-restore-a2.log	2026-09-26T19:33Z	record	Q97/Q64b	Y
docs/records/audits/2026-09/mvp6-q64b-claims-build-01/kit/raw/build/web-build-a1.log	2026-09-26T19:31Z	record	Q97/Q64b	Y
docs/records/audits/2026-09/mvp6-q64b-claims-build-01/kit/raw/build/web-build-a2.log	2026-09-26T19:34Z	record	Q97/Q64b	Y
docs/records/audits/2026-09/mvp6-q64b-claims-build-01/kit/raw/build/web-restore-a1.log	2026-09-26T19:30Z	record	Q97/Q64b	Y
docs/records/audits/2026-09/mvp6-q64b-claims-build-01/kit/raw/build/web-restore-a2.log	2026-09-26T19:34Z	record	Q97/Q64b	Y
docs/records/audits/2026-09/mvp6-q64b-claims-build-01/kit/raw/db/cu10-after-a1.json	2026-09-26T19:42Z	record	Q97/Q64b	Y
docs/records/audits/2026-09/mvp6-q64b-claims-build-01/kit/raw/db/cu10-before-a1.json	2026-09-26T19:42Z	record	Q97/Q64b	Y
docs/records/audits/2026-09/mvp6-q64b-claims-build-01/kit/raw/db/cu10b-after-a1.json	2026-09-26T19:43Z	record	Q97/Q64b	Y
docs/records/audits/2026-09/mvp6-q64b-claims-build-01/kit/raw/db/cu10b-before-a1.json	2026-09-26T19:42Z	record	Q97/Q64b	Y
docs/records/audits/2026-09/mvp6-q64b-claims-build-01/kit/raw/db/db-assertions.tsv	2026-09-26T19:47Z	record	Q97/Q64b	Y
docs/records/audits/2026-09/mvp6-q64b-claims-build-01/kit/raw/db/fixture-after-a1.json	2026-09-26T19:36Z	record	Q97/Q64b	Y
docs/records/audits/2026-09/mvp6-q64b-claims-build-01/kit/raw/db/fixture-before-a1.json	2026-09-26T19:35Z	record	Q97/Q64b	Y
docs/records/audits/2026-09/mvp6-q64b-claims-build-01/kit/raw/db/flows-delivered-after-a1.json	2026-09-26T19:47Z	record	Q97/Q64b	Y
docs/records/audits/2026-09/mvp6-q64b-claims-build-01/kit/raw/db/flows-delivered-before-a1.json	2026-09-26T19:45Z	record	Q97/Q64b	Y
docs/records/audits/2026-09/mvp6-q64b-claims-build-01/kit/raw/db/neg-after-a1.json	2026-09-26T19:41Z	record	Q97/Q64b	Y
docs/records/audits/2026-09/mvp6-q64b-claims-build-01/kit/raw/db/neg-before-a1.json	2026-09-26T19:41Z	record	Q97/Q64b	Y
docs/records/audits/2026-09/mvp6-q64b-claims-build-01/kit/raw/db/spec-after-a1.json	2026-09-26T19:40Z	record	Q97/Q64b	Y
docs/records/audits/2026-09/mvp6-q64b-claims-build-01/kit/raw/db/spec-before-a1.json	2026-09-26T19:38Z	record	Q97/Q64b	Y
docs/records/audits/2026-09/mvp6-q64b-claims-build-01/kit/raw/db/vs1-after-a1.json	2026-09-26T19:37Z	record	Q97/Q64b	Y
docs/records/audits/2026-09/mvp6-q64b-claims-build-01/kit/raw/db/vs1-before-a1.json	2026-09-26T19:37Z	record	Q97/Q64b	Y
docs/records/audits/2026-09/mvp6-q64b-claims-build-01/kit/raw/dotnet-info.txt	2026-09-26T19:33Z	record	Q97/Q64b	Y
docs/records/audits/2026-09/mvp6-q64b-claims-build-01/kit/raw/dotnet-runtimes.txt	2026-09-26T19:33Z	record	Q97/Q64b	Y
docs/records/audits/2026-09/mvp6-q64b-claims-build-01/kit/raw/dotnet-sdks.txt	2026-09-26T19:33Z	record	Q97/Q64b	Y
docs/records/audits/2026-09/mvp6-q64b-claims-build-01/kit/raw/effective-config-auth.json	2026-09-26T19:34Z	record	Q97/Q64b	Y
docs/records/audits/2026-09/mvp6-q64b-claims-build-01/kit/raw/effective-config-findings.txt	2026-09-26T19:34Z	record	Q97/Q64b	Y
docs/records/audits/2026-09/mvp6-q64b-claims-build-01/kit/raw/effective-config-gateway.json	2026-09-26T19:34Z	record	Q97/Q64b	Y
docs/records/audits/2026-09/mvp6-q64b-claims-build-01/kit/raw/effective-config-mdm.json	2026-09-26T19:34Z	record	Q97/Q64b	Y
docs/records/audits/2026-09/mvp6-q64b-claims-build-01/kit/raw/effective-config-platform.json	2026-09-26T19:34Z	record	Q97/Q64b	Y
docs/records/audits/2026-09/mvp6-q64b-claims-build-01/kit/raw/effective-config-summary.tsv	2026-09-26T19:34Z	record	Q97/Q64b	Y
docs/records/audits/2026-09/mvp6-q64b-claims-build-01/kit/raw/effective-config-supplychain.json	2026-09-26T19:34Z	record	Q97/Q64b	Y
docs/records/audits/2026-09/mvp6-q64b-claims-build-01/kit/raw/effective-config-web.json	2026-09-26T19:34Z	record	Q97/Q64b	Y
docs/records/audits/2026-09/mvp6-q64b-claims-build-01/kit/raw/fixture/cu10-carriers-read-grant.json	2026-09-26T19:42Z	record	Q97/Q64b	Y
docs/records/audits/2026-09/mvp6-q64b-claims-build-01/kit/raw/fixture/org-fixture.json	2026-09-26T19:36Z	record	Q97/Q64b	Y
docs/records/audits/2026-09/mvp6-q64b-claims-build-01/kit/raw/fixture/tenant-fixture.json	2026-09-26T19:35Z	record	Q97/Q64b	Y
docs/records/audits/2026-09/mvp6-q64b-claims-build-01/kit/raw/gateway-routes.tsv	2026-09-26T19:34Z	record	Q97/Q64b	Y
docs/records/audits/2026-09/mvp6-q64b-claims-build-01/kit/raw/health-auth-a1.body	2026-09-26T19:31Z	record	Q97/Q64b	Y
docs/records/audits/2026-09/mvp6-q64b-claims-build-01/kit/raw/health-auth-a1.headers	2026-09-26T19:31Z	record	Q97/Q64b	Y
docs/records/audits/2026-09/mvp6-q64b-claims-build-01/kit/raw/health-auth-a2.body	2026-09-26T19:34Z	record	Q97/Q64b	Y
docs/records/audits/2026-09/mvp6-q64b-claims-build-01/kit/raw/health-auth-a2.headers	2026-09-26T19:34Z	record	Q97/Q64b	Y
docs/records/audits/2026-09/mvp6-q64b-claims-build-01/kit/raw/health-gateway-a1.body	2026-09-26T19:31Z	record	Q97/Q64b	Y
docs/records/audits/2026-09/mvp6-q64b-claims-build-01/kit/raw/health-gateway-a1.headers	2026-09-26T19:31Z	record	Q97/Q64b	Y
docs/records/audits/2026-09/mvp6-q64b-claims-build-01/kit/raw/health-gateway-a2.body	2026-09-26T19:35Z	record	Q97/Q64b	Y
docs/records/audits/2026-09/mvp6-q64b-claims-build-01/kit/raw/health-gateway-a2.headers	2026-09-26T19:35Z	record	Q97/Q64b	Y
docs/records/audits/2026-09/mvp6-q64b-claims-build-01/kit/raw/health-mdm-a1.body	2026-09-26T19:31Z	record	Q97/Q64b	Y
docs/records/audits/2026-09/mvp6-q64b-claims-build-01/kit/raw/health-mdm-a1.headers	2026-09-26T19:31Z	record	Q97/Q64b	Y
docs/records/audits/2026-09/mvp6-q64b-claims-build-01/kit/raw/health-mdm-a2.body	2026-09-26T19:35Z	record	Q97/Q64b	Y
docs/records/audits/2026-09/mvp6-q64b-claims-build-01/kit/raw/health-mdm-a2.headers	2026-09-26T19:35Z	record	Q97/Q64b	Y
docs/records/audits/2026-09/mvp6-q64b-claims-build-01/kit/raw/health-platform-a1.body	2026-09-26T19:31Z	record	Q97/Q64b	Y
docs/records/audits/2026-09/mvp6-q64b-claims-build-01/kit/raw/health-platform-a1.headers	2026-09-26T19:31Z	record	Q97/Q64b	Y
docs/records/audits/2026-09/mvp6-q64b-claims-build-01/kit/raw/health-platform-a2.body	2026-09-26T19:34Z	record	Q97/Q64b	Y
docs/records/audits/2026-09/mvp6-q64b-claims-build-01/kit/raw/health-platform-a2.headers	2026-09-26T19:34Z	record	Q97/Q64b	Y
docs/records/audits/2026-09/mvp6-q64b-claims-build-01/kit/raw/health-supplychain-a1.body	2026-09-26T19:31Z	record	Q97/Q64b	Y
docs/records/audits/2026-09/mvp6-q64b-claims-build-01/kit/raw/health-supplychain-a1.headers	2026-09-26T19:31Z	record	Q97/Q64b	Y
docs/records/audits/2026-09/mvp6-q64b-claims-build-01/kit/raw/health-supplychain-a2.body	2026-09-26T19:35Z	record	Q97/Q64b	Y
docs/records/audits/2026-09/mvp6-q64b-claims-build-01/kit/raw/health-supplychain-a2.headers	2026-09-26T19:35Z	record	Q97/Q64b	Y
docs/records/audits/2026-09/mvp6-q64b-claims-build-01/kit/raw/health-web-a1.body	2026-09-26T19:31Z	record	Q97/Q64b	Y
docs/records/audits/2026-09/mvp6-q64b-claims-build-01/kit/raw/health-web-a1.headers	2026-09-26T19:31Z	record	Q97/Q64b	Y
docs/records/audits/2026-09/mvp6-q64b-claims-build-01/kit/raw/health-web-a2.body	2026-09-26T19:35Z	record	Q97/Q64b	Y
docs/records/audits/2026-09/mvp6-q64b-claims-build-01/kit/raw/health-web-a2.headers	2026-09-26T19:35Z	record	Q97/Q64b	Y
docs/records/audits/2026-09/mvp6-q64b-claims-build-01/kit/raw/identities-a1.json	2026-09-26T19:32Z	record	Q97/Q64b	Y
docs/records/audits/2026-09/mvp6-q64b-claims-build-01/kit/raw/identities-a2.json	2026-09-26T19:35Z	record	Q97/Q64b	Y
docs/records/audits/2026-09/mvp6-q64b-claims-build-01/kit/raw/key-pairing-citations.tsv	2026-09-26T19:34Z	record	Q97/Q64b	Y
docs/records/audits/2026-09/mvp6-q64b-claims-build-01/kit/raw/lane-mongo-connections-a1.txt	2026-09-26T19:31Z	record	Q97/Q64b	Y
docs/records/audits/2026-09/mvp6-q64b-claims-build-01/kit/raw/lane-mongo-connections-a2.txt	2026-09-26T19:35Z	record	Q97/Q64b	Y
docs/records/audits/2026-09/mvp6-q64b-claims-build-01/kit/raw/lane-mongo-connections-a3.txt	2026-09-26T19:48Z	record	Q97/Q64b	Y
docs/records/audits/2026-09/mvp6-q64b-claims-build-01/kit/raw/listeners-before-cleanup-a1.txt	2026-09-26T19:32Z	record	Q97/Q64b	Y
docs/records/audits/2026-09/mvp6-q64b-claims-build-01/kit/raw/listeners-before-cleanup-a2.txt	2026-09-26T19:48Z	record	Q97/Q64b	Y
docs/records/audits/2026-09/mvp6-q64b-claims-build-01/kit/raw/mongo-rs-status.json	2026-09-26T19:34Z	record	Q97/Q64b	Y
docs/records/audits/2026-09/mvp6-q64b-claims-build-01/kit/raw/mongod-fork.txt	2026-09-26T19:34Z	record	Q97/Q64b	Y
docs/records/audits/2026-09/mvp6-q64b-claims-build-01/kit/raw/mongod-version.txt	2026-09-26T19:34Z	record	Q97/Q64b	Y
docs/records/audits/2026-09/mvp6-q64b-claims-build-01/kit/raw/netcheck-a1.tsv	2026-09-26T19:31Z	record	Q97/Q64b	Y
docs/records/audits/2026-09/mvp6-q64b-claims-build-01/kit/raw/netcheck-a2.tsv	2026-09-26T19:35Z	record	Q97/Q64b	Y
docs/records/audits/2026-09/mvp6-q64b-claims-build-01/kit/raw/netcheck-a3.tsv	2026-09-26T19:48Z	record	Q97/Q64b	Y
docs/records/audits/2026-09/mvp6-q64b-claims-build-01/kit/raw/ports-lsof-before.txt	2026-09-26T19:33Z	record	Q97/Q64b	Y
docs/records/audits/2026-09/mvp6-q64b-claims-build-01/kit/raw/ports.json	2026-09-26T19:51Z	record	Q97/Q64b	Y
docs/records/audits/2026-09/mvp6-q64b-claims-build-01/kit/raw/processes.tsv	2026-09-26T19:35Z	record	Q97/Q64b	Y
docs/records/audits/2026-09/mvp6-q64b-claims-build-01/kit/raw/repo-status-after.txt	2026-09-26T19:51Z	record	Q97/Q64b	Y
docs/records/audits/2026-09/mvp6-q64b-claims-build-01/kit/raw/repo-status-before.txt	2026-09-26T19:33Z	record	Q97/Q64b	Y
docs/records/audits/2026-09/mvp6-q64b-claims-build-01/kit/raw/run-logs/run-harness-claims_runtime-a1.log	2026-09-26T19:48Z	record	Q97/Q64b	Y
docs/records/audits/2026-09/mvp6-q64b-claims-build-01/kit/raw/run-logs/run-harness-claims_runtime-a2.log	2026-09-26T19:48Z	record	Q97/Q64b	Y
docs/records/audits/2026-09/mvp6-q64b-claims-build-01/kit/raw/run-logs/run-harness-claims_runtime-a3.log	2026-09-26T19:48Z	record	Q97/Q64b	Y
docs/records/audits/2026-09/mvp6-q64b-claims-build-01/kit/raw/run-logs/run-harness-claims_runtime-a4.log	2026-09-26T19:48Z	record	Q97/Q64b	Y
docs/records/audits/2026-09/mvp6-q64b-claims-build-01/kit/raw/run-logs/run-harness-claims_runtime-a5.log	2026-09-26T19:48Z	record	Q97/Q64b	Y
docs/records/audits/2026-09/mvp6-q64b-claims-build-01/kit/raw/run-logs/run-harness-claims_runtime-a6.log	2026-09-26T19:48Z	record	Q97/Q64b	Y
docs/records/audits/2026-09/mvp6-q64b-claims-build-01/kit/raw/run-logs/run-harness-claims_runtime-a7.log	2026-09-26T19:48Z	record	Q97/Q64b	Y
docs/records/audits/2026-09/mvp6-q64b-claims-build-01/kit/raw/run-logs/run-harness-claims_runtime-a8.log	2026-09-26T19:48Z	record	Q97/Q64b	Y
docs/records/audits/2026-09/mvp6-q64b-claims-build-01/kit/raw/run-logs/run-harness-org_fixture-a1.log	2026-09-26T19:48Z	record	Q97/Q64b	Y
docs/records/audits/2026-09/mvp6-q64b-claims-build-01/kit/raw/run-logs/run-harness-tenant_fixture-a1.log	2026-09-26T19:48Z	record	Q97/Q64b	Y
docs/records/audits/2026-09/mvp6-q64b-claims-build-01/kit/raw/run-logs/run-k07-a1.log	2026-09-26T19:48Z	record	Q97/Q64b	Y
docs/records/audits/2026-09/mvp6-q64b-claims-build-01/kit/raw/runtime-check.tsv	2026-09-26T19:33Z	record	Q97/Q64b	Y
docs/records/audits/2026-09/mvp6-q64b-claims-build-01/kit/raw/source-baseline.tsv	2026-09-26T19:33Z	record	Q97/Q64b	Y
docs/records/audits/2026-09/mvp6-q64b-claims-build-01/kit/raw/source-manifest-verification.txt	2026-09-26T19:33Z	record	Q97/Q64b	Y
docs/records/audits/2026-09/mvp6-q64b-claims-build-01/kit/raw/source-overlays.tsv	2026-09-26T19:33Z	record	Q97/Q64b	Y
docs/records/audits/2026-09/mvp6-q64b-claims-build-01/lane-config/delivered/actors.tsv	2026-09-26T20:05Z	record	Q97/Q64b	Y
docs/records/audits/2026-09/mvp6-q64b-claims-build-01/lane-config/delivered/lane.env	2026-09-26T20:05Z	record	Q97/Q64b	Y
docs/records/audits/2026-09/mvp6-q64b-claims-build-01/lane-config/delivered/overlays.tsv	2026-09-26T20:05Z	record	Q97/Q64b	Y
docs/records/audits/2026-09/mvp6-q64b-claims-build-01/lane-config/delivered/overrides.tsv	2026-09-26T20:05Z	record	Q97/Q64b	Y
docs/records/audits/2026-09/mvp6-q64b-claims-build-01/lane-config/fixes/actors.tsv	2026-09-26T20:05Z	record	Q97/Q64b	Y
docs/records/audits/2026-09/mvp6-q64b-claims-build-01/lane-config/fixes/lane.env	2026-09-26T20:05Z	record	Q97/Q64b	Y
docs/records/audits/2026-09/mvp6-q64b-claims-build-01/lane-config/fixes/overlays.tsv	2026-09-26T20:05Z	record	Q97/Q64b	Y
docs/records/audits/2026-09/mvp6-q64b-claims-build-01/lane-config/fixes/overrides.tsv	2026-09-26T20:05Z	record	Q97/Q64b	Y
docs/records/audits/2026-09/mvp6-q64b-claims-build-01/lane-config/fixes/run-phases.sh	2026-09-26T20:05Z	record	Q97/Q64b	Y
docs/records/audits/2026-09/mvp6-q64b-claims-build-01/lane-scripts/claims_runtime.mjs	2026-09-26T19:45Z	record	Q97/Q64b	Y
docs/records/audits/2026-09/mvp6-q64b-claims-build-01/lane-scripts/org_fixture.py	2026-09-26T19:26Z	record	Q97/Q64b	Y
docs/records/audits/2026-09/mvp6-q64b-claims-build-01/lane-scripts/playwright.config.mjs.copy	2026-09-26T19:29Z	record	Q97/Q64b	Y
docs/records/audits/2026-09/mvp6-q64b-claims-build-01/lane-scripts/tenant_fixture.py	2026-09-26T19:24Z	record	Q97/Q64b	Y
docs/records/audits/2026-09/mvp6-q64b-claims-build-01/lane-tools/compose_claims.py	2026-09-26T20:05Z	record	Q97/Q64b	Y
docs/records/audits/2026-09/mvp6-q64b-claims-build-01/tests/delivered-envcomplete/Diten.SupplyChainService.Tests.log	2026-09-26T20:05Z	record	Q97/Q64b	Y
docs/records/audits/2026-09/mvp6-q64b-claims-build-01/tests/delivered-envcomplete/Diten.SupplyChainService.Tests.trx	2026-09-26T20:05Z	record	Q97/Q64b	Y
docs/records/audits/2026-09/mvp6-q64b-claims-build-01/tests/delivered-envcomplete/SUMMARY.tsv	2026-09-26T20:05Z	record	Q97/Q64b	Y
docs/records/audits/2026-09/mvp6-q64b-claims-build-01/tests/delivered-nodb-aborted/Diten.SupplyChainService.Tests.log	2026-09-26T20:05Z	record	Q97/Q64b	Y
docs/records/audits/2026-09/mvp6-q64b-claims-build-01/tests/delivered/Diten.ApiGateway.Tests.log	2026-09-26T20:05Z	record	Q97/Q64b	Y
docs/records/audits/2026-09/mvp6-q64b-claims-build-01/tests/delivered/Diten.ApiGateway.Tests.trx	2026-09-26T20:05Z	record	Q97/Q64b	Y
docs/records/audits/2026-09/mvp6-q64b-claims-build-01/tests/delivered/Diten.SupplyChainService.Tests.log	2026-09-26T20:05Z	record	Q97/Q64b	Y
docs/records/audits/2026-09/mvp6-q64b-claims-build-01/tests/delivered/Diten.SupplyChainService.Tests.trx	2026-09-26T20:05Z	record	Q97/Q64b	Y
docs/records/audits/2026-09/mvp6-q64b-claims-build-01/tests/delivered/Diten.Web.Tests.log	2026-09-26T20:05Z	record	Q97/Q64b	Y
docs/records/audits/2026-09/mvp6-q64b-claims-build-01/tests/delivered/Diten.Web.Tests.trx	2026-09-26T20:05Z	record	Q97/Q64b	Y
docs/records/audits/2026-09/mvp6-q64b-claims-build-01/tests/delivered/SUMMARY.tsv	2026-09-26T20:05Z	record	Q97/Q64b	Y
docs/records/audits/2026-09/mvp6-q64b-claims-build-01/tests/delivered/TenantArchitecture.ArchitectureTests.log	2026-09-26T20:05Z	record	Q97/Q64b	Y
docs/records/audits/2026-09/mvp6-q64b-claims-build-01/tests/delivered/TenantArchitecture.ArchitectureTests.trx	2026-09-26T20:05Z	record	Q97/Q64b	Y
docs/records/audits/2026-09/mvp6-q64b-claims-build-01/tests/with-fixes/Diten.ApiGateway.Tests.log	2026-09-26T20:05Z	record	Q97/Q64b	Y
docs/records/audits/2026-09/mvp6-q64b-claims-build-01/tests/with-fixes/Diten.ApiGateway.Tests.trx	2026-09-26T20:05Z	record	Q97/Q64b	Y
docs/records/audits/2026-09/mvp6-q64b-claims-build-01/tests/with-fixes/Diten.Web.Tests.log	2026-09-26T20:05Z	record	Q97/Q64b	Y
docs/records/audits/2026-09/mvp6-q64b-claims-build-01/tests/with-fixes/Diten.Web.Tests.trx	2026-09-26T20:05Z	record	Q97/Q64b	Y
docs/records/audits/2026-09/mvp6-q64b-claims-build-01/tests/with-fixes/gateway-tests-build.log	2026-09-26T20:05Z	record	Q97/Q64b	Y
docs/records/audits/2026-09/mvp6-q64b-claims-build-01/tests/with-fixes/web-tests-build-2.log	2026-09-26T20:05Z	record	Q97/Q64b	Y
docs/records/audits/2026-09/mvp6-q64b-claims-build-01/tests/with-fixes/web-tests-build.log	2026-09-26T20:05Z	record	Q97/Q64b	Y
docs/records/audits/2026-09/mvp6-q64b-claims-build-01/verifier/verify_datatable_page.txt	2026-09-26T20:05Z	record	Q97/Q64b	Y
docs/records/audits/2026-09/mvp6-q64d-claims-runtime-01/ACCEPTANCE.tsv	2026-09-26T21:34Z	record	Q64d	Y
docs/records/audits/2026-09/mvp6-q64d-claims-runtime-01/FINAL-CHECK.txt	2026-09-26T21:36Z	record	Q64d	Y
docs/records/audits/2026-09/mvp6-q64d-claims-runtime-01/README.md	2026-09-26T21:36Z	record	Q64d	Y
docs/records/audits/2026-09/mvp6-q64d-claims-runtime-01/SECRET-SCAN-ROOT.txt	2026-09-26T21:36Z	record	Q64d	Y
docs/records/audits/2026-09/mvp6-q64d-claims-runtime-01/SHA256SUMS	2026-09-26T21:36Z	record	Q64d	Y
docs/records/audits/2026-09/mvp6-q64d-claims-runtime-01/compose/COMPOSE-LOG.txt	2026-09-26T20:59Z	record	Q64d	Y
docs/records/audits/2026-09/mvp6-q64d-claims-runtime-01/compose/DERIVED-INPUTS.sha256	2026-09-26T21:33Z	record	Q64d	Y
docs/records/audits/2026-09/mvp6-q64d-claims-runtime-01/compose/L6-BEFORE-AFTER.tsv	2026-09-26T20:59Z	record	Q64d	Y
docs/records/audits/2026-09/mvp6-q64d-claims-runtime-01/compose/base-verify.txt	2026-09-26T20:57Z	record	Q64d	Y
docs/records/audits/2026-09/mvp6-q64d-claims-runtime-01/compose/bc-declared-overlaps.txt	2026-09-26T21:05Z	record	Q64d	Y
docs/records/audits/2026-09/mvp6-q64d-claims-runtime-01/compose/claims-v2-env-integration-MANIFEST.tsv	2026-09-26T20:59Z	record	Q64d	Y
docs/records/audits/2026-09/mvp6-q64d-claims-runtime-01/compose/claims-v2-module-MANIFEST.tsv	2026-09-26T20:59Z	record	Q64d	Y
docs/records/audits/2026-09/mvp6-q64d-claims-runtime-01/compose/compose_q64d.py	2026-09-26T20:59Z	record	Q64d	Y
docs/records/audits/2026-09/mvp6-q64d-claims-runtime-01/compose/k01-vs-src.txt	2026-09-26T21:08Z	record	Q64d	Y
docs/records/audits/2026-09/mvp6-q64d-claims-runtime-01/kit/ARTIFACTS.sha256	2026-09-26T21:32Z	record	Q64d	Y
docs/records/audits/2026-09/mvp6-q64d-claims-runtime-01/kit/CLEANUP.tsv	2026-09-26T21:31Z	record	Q64d	Y
docs/records/audits/2026-09/mvp6-q64d-claims-runtime-01/kit/COMMANDS.tsv	2026-09-26T21:31Z	record	Q64d	Y
docs/records/audits/2026-09/mvp6-q64d-claims-runtime-01/kit/PNG-INDEX.tsv	2026-09-26T21:32Z	record	Q64d	Y
docs/records/audits/2026-09/mvp6-q64d-claims-runtime-01/kit/SECRET-SCAN-FINAL-a1.txt	2026-09-26T21:32Z	record	Q64d	Y
docs/records/audits/2026-09/mvp6-q64d-claims-runtime-01/kit/SOURCE-BINARY-PROCESS.tsv	2026-09-26T21:28Z	record	Q64d	Y
docs/records/audits/2026-09/mvp6-q64d-claims-runtime-01/kit/browser/checks-mut-a1.json	2026-09-26T21:23Z	record	Q64d	Y
docs/records/audits/2026-09/mvp6-q64d-claims-runtime-01/kit/browser/checks-mut-a2.json	2026-09-26T21:24Z	record	Q64d	Y
docs/records/audits/2026-09/mvp6-q64d-claims-runtime-01/kit/browser/checks-neg-a1.json	2026-09-26T21:16Z	record	Q64d	Y
docs/records/audits/2026-09/mvp6-q64d-claims-runtime-01/kit/browser/crafted-a1.json	2026-09-26T21:18Z	record	Q64d	Y
docs/records/audits/2026-09/mvp6-q64d-claims-runtime-01/kit/browser/cu12-a1.json	2026-09-26T21:19Z	record	Q64d	Y
docs/records/audits/2026-09/mvp6-q64d-claims-runtime-01/kit/browser/cu18-a1.json	2026-09-26T21:20Z	record	Q64d	Y
docs/records/audits/2026-09/mvp6-q64d-claims-runtime-01/kit/browser/cu19-a1.json	2026-09-26T21:21Z	record	Q64d	Y
docs/records/audits/2026-09/mvp6-q64d-claims-runtime-01/kit/browser/cu20-a1.json	2026-09-26T21:22Z	record	Q64d	Y
docs/records/audits/2026-09/mvp6-q64d-claims-runtime-01/kit/browser/cu20b-a1.json	2026-09-26T21:23Z	record	Q64d	Y
docs/records/audits/2026-09/mvp6-q64d-claims-runtime-01/kit/browser/cu22-a1.json	2026-09-26T21:23Z	record	Q64d	Y
docs/records/audits/2026-09/mvp6-q64d-claims-runtime-01/kit/browser/cu26-a1.json	2026-09-26T21:26Z	record	Q64d	Y
docs/records/audits/2026-09/mvp6-q64d-claims-runtime-01/kit/browser/kbd-a1.json	2026-09-26T21:27Z	record	Q64d	Y
docs/records/audits/2026-09/mvp6-q64d-claims-runtime-01/kit/browser/l10n-a1.json	2026-09-26T21:26Z	record	Q64d	Y
docs/records/audits/2026-09/mvp6-q64d-claims-runtime-01/kit/browser/login-a1.json	2026-09-26T21:16Z	record	Q64d	Y
docs/records/audits/2026-09/mvp6-q64d-claims-runtime-01/kit/browser/login-a2.json	2026-09-26T21:24Z	record	Q64d	Y
docs/records/audits/2026-09/mvp6-q64d-claims-runtime-01/kit/browser/saveview-a1.json	2026-09-26T21:17Z	record	Q64d	Y
docs/records/audits/2026-09/mvp6-q64d-claims-runtime-01/kit/browser/spec-a1.json	2026-09-26T21:24Z	record	Q64d	Y
docs/records/audits/2026-09/mvp6-q64d-claims-runtime-01/kit/browser/spec-a2.json	2026-09-26T21:25Z	record	Q64d	Y
docs/records/audits/2026-09/mvp6-q64d-claims-runtime-01/kit/browser/spec-report.json	2026-09-26T21:25Z	record	Q64d	Y
docs/records/audits/2026-09/mvp6-q64d-claims-runtime-01/kit/browser/ui-flows-a1.json	2026-09-26T21:17Z	record	Q64d	Y
docs/records/audits/2026-09/mvp6-q64d-claims-runtime-01/kit/browser/vs1-a1.json	2026-09-26T21:16Z	record	Q64d	Y
docs/records/audits/2026-09/mvp6-q64d-claims-runtime-01/kit/png/cu03-absent-fields-en.png	2026-09-26T21:18Z	record	Q64d	Y
docs/records/audits/2026-09/mvp6-q64d-claims-runtime-01/kit/png/cu03-malformed-envelope-en.png	2026-09-26T21:18Z	record	Q64d	Y
docs/records/audits/2026-09/mvp6-q64d-claims-runtime-01/kit/png/cu04-exact-amount-en.png	2026-09-26T21:18Z	record	Q64d	Y
docs/records/audits/2026-09/mvp6-q64d-claims-runtime-01/kit/png/cu05-empty-en.png	2026-09-26T21:18Z	record	Q64d	Y
docs/records/audits/2026-09/mvp6-q64d-claims-runtime-01/kit/png/cu05-error-503-en.png	2026-09-26T21:18Z	record	Q64d	Y
docs/records/audits/2026-09/mvp6-q64d-claims-runtime-01/kit/png/cu05-skeleton-en.png	2026-09-26T21:18Z	record	Q64d	Y
docs/records/audits/2026-09/mvp6-q64d-claims-runtime-01/kit/png/cu08-transition-investigating-en.png	2026-09-26T21:17Z	record	Q64d	Y
docs/records/audits/2026-09/mvp6-q64d-claims-runtime-01/kit/png/cu10-granted-carrier-linked-create-en.png	2026-09-26T21:24Z	record	Q64d	Y
docs/records/audits/2026-09/mvp6-q64d-claims-runtime-01/kit/png/cu10-nogrant-carrier-linked-create-en.png	2026-09-26T21:23Z	record	Q64d	Y
docs/records/audits/2026-09/mvp6-q64d-claims-runtime-01/kit/png/cu12-empty-reason-evidence-en.png	2026-09-26T21:19Z	record	Q64d	Y
docs/records/audits/2026-09/mvp6-q64d-claims-runtime-01/kit/png/cu13-stale-resolve-en.png	2026-09-26T21:18Z	record	Q64d	Y
docs/records/audits/2026-09/mvp6-q64d-claims-runtime-01/kit/png/cu18-malformed-root-en.png	2026-09-26T21:20Z	record	Q64d	Y
docs/records/audits/2026-09/mvp6-q64d-claims-runtime-01/kit/png/cu18-null-root-en.png	2026-09-26T21:20Z	record	Q64d	Y
docs/records/audits/2026-09/mvp6-q64d-claims-runtime-01/kit/png/cu19-retry-409-blocked-en.png	2026-09-26T21:21Z	record	Q64d	Y
docs/records/audits/2026-09/mvp6-q64d-claims-runtime-01/kit/png/cu19-retry-replay-completed-en.png	2026-09-26T21:21Z	record	Q64d	Y
docs/records/audits/2026-09/mvp6-q64d-claims-runtime-01/kit/png/cu20-approve-250-success-en.png	2026-09-26T21:23Z	record	Q64d	Y
docs/records/audits/2026-09/mvp6-q64d-claims-runtime-01/kit/png/cu20b-after-close-en.png	2026-09-26T21:23Z	record	Q64d	Y
docs/records/audits/2026-09/mvp6-q64d-claims-runtime-01/kit/png/cu21-stale-transition-422-en.png	2026-09-26T21:17Z	record	Q64d	Y
docs/records/audits/2026-09/mvp6-q64d-claims-runtime-01/kit/png/cu22-settle-confirm-en.png	2026-09-26T21:23Z	record	Q64d	Y
docs/records/audits/2026-09/mvp6-q64d-claims-runtime-01/kit/png/cu22-settled-en.png	2026-09-26T21:23Z	record	Q64d	Y
docs/records/audits/2026-09/mvp6-q64d-claims-runtime-01/kit/png/cu25-keyboard-create-open-en.png	2026-09-26T21:27Z	record	Q64d	Y
docs/records/audits/2026-09/mvp6-q64d-claims-runtime-01/kit/png/cu31-quickview-en.png	2026-09-26T21:17Z	record	Q64d	Y
docs/records/audits/2026-09/mvp6-q64d-claims-runtime-01/kit/png/d01-create-reload-en.png	2026-09-26T21:17Z	record	Q64d	Y
docs/records/audits/2026-09/mvp6-q64d-claims-runtime-01/kit/png/d02-single-shell-en.png	2026-09-26T21:17Z	record	Q64d	Y
docs/records/audits/2026-09/mvp6-q64d-claims-runtime-01/kit/png/l10n-ar-1024.png	2026-09-26T21:25Z	record	Q64d	Y
docs/records/audits/2026-09/mvp6-q64d-claims-runtime-01/kit/png/l10n-ar-1280.png	2026-09-26T21:26Z	record	Q64d	Y
docs/records/audits/2026-09/mvp6-q64d-claims-runtime-01/kit/png/l10n-ar-1440.png	2026-09-26T21:26Z	record	Q64d	Y
docs/records/audits/2026-09/mvp6-q64d-claims-runtime-01/kit/png/l10n-ar-390.png	2026-09-26T21:25Z	record	Q64d	Y
docs/records/audits/2026-09/mvp6-q64d-claims-runtime-01/kit/png/l10n-ar-768.png	2026-09-26T21:25Z	record	Q64d	Y
docs/records/audits/2026-09/mvp6-q64d-claims-runtime-01/kit/png/l10n-en-1024.png	2026-09-26T21:25Z	record	Q64d	Y
docs/records/audits/2026-09/mvp6-q64d-claims-runtime-01/kit/png/l10n-en-1280.png	2026-09-26T21:25Z	record	Q64d	Y
docs/records/audits/2026-09/mvp6-q64d-claims-runtime-01/kit/png/l10n-en-1440.png	2026-09-26T21:25Z	record	Q64d	Y
docs/records/audits/2026-09/mvp6-q64d-claims-runtime-01/kit/png/l10n-en-390.png	2026-09-26T21:25Z	record	Q64d	Y
docs/records/audits/2026-09/mvp6-q64d-claims-runtime-01/kit/png/l10n-en-768.png	2026-09-26T21:25Z	record	Q64d	Y
docs/records/audits/2026-09/mvp6-q64d-claims-runtime-01/kit/png/l10n-es-1280.png	2026-09-26T21:25Z	record	Q64d	Y
docs/records/audits/2026-09/mvp6-q64d-claims-runtime-01/kit/png/l10n-fr-1280.png	2026-09-26T21:25Z	record	Q64d	Y
docs/records/audits/2026-09/mvp6-q64d-claims-runtime-01/kit/png/l10n-ru-1280.png	2026-09-26T21:26Z	record	Q64d	Y
docs/records/audits/2026-09/mvp6-q64d-claims-runtime-01/kit/png/l10n-tr-1280.png	2026-09-26T21:25Z	record	Q64d	Y
docs/records/audits/2026-09/mvp6-q64d-claims-runtime-01/kit/png/l10n-zh-1280.png	2026-09-26T21:25Z	record	Q64d	Y
docs/records/audits/2026-09/mvp6-q64d-claims-runtime-01/kit/png/readonly-list-no-cta-en.png	2026-09-26T21:16Z	record	Q64d	Y
docs/records/audits/2026-09/mvp6-q64d-claims-runtime-01/kit/png/saveview-1-apply-dirty-en.png	2026-09-26T21:17Z	record	Q64d	Y
docs/records/audits/2026-09/mvp6-q64d-claims-runtime-01/kit/png/saveview-2-reset-factory-en.png	2026-09-26T21:17Z	record	Q64d	Y
docs/records/audits/2026-09/mvp6-q64d-claims-runtime-01/kit/png/saveview-3-saved-clean-en.png	2026-09-26T21:17Z	record	Q64d	Y
docs/records/audits/2026-09/mvp6-q64d-claims-runtime-01/kit/png/spec/01-list-en.png	2026-09-26T21:25Z	record	Q64d	Y
docs/records/audits/2026-09/mvp6-q64d-claims-runtime-01/kit/png/spec/02-create-201.png	2026-09-26T21:25Z	record	Q64d	Y
docs/records/audits/2026-09/mvp6-q64d-claims-runtime-01/kit/png/spec/03-create-400.png	2026-09-26T21:25Z	record	Q64d	Y
docs/records/audits/2026-09/mvp6-q64d-claims-runtime-01/kit/png/spec/04-transition-422.png	2026-09-26T21:25Z	record	Q64d	Y
docs/records/audits/2026-09/mvp6-q64d-claims-runtime-01/kit/png/spec/05-access-denied.png	2026-09-26T21:25Z	record	Q64d	Y
docs/records/audits/2026-09/mvp6-q64d-claims-runtime-01/kit/png/spec/06-ar-1024.png	2026-09-26T21:25Z	record	Q64d	Y
docs/records/audits/2026-09/mvp6-q64d-claims-runtime-01/kit/png/spec/06-ar-1440.png	2026-09-26T21:25Z	record	Q64d	Y
docs/records/audits/2026-09/mvp6-q64d-claims-runtime-01/kit/png/spec/06-ar-390.png	2026-09-26T21:25Z	record	Q64d	Y
docs/records/audits/2026-09/mvp6-q64d-claims-runtime-01/kit/png/spec/06-ar-768.png	2026-09-26T21:25Z	record	Q64d	Y
docs/records/audits/2026-09/mvp6-q64d-claims-runtime-01/kit/png/spec/06-tr-1024.png	2026-09-26T21:25Z	record	Q64d	Y
docs/records/audits/2026-09/mvp6-q64d-claims-runtime-01/kit/png/spec/06-tr-1440.png	2026-09-26T21:25Z	record	Q64d	Y
docs/records/audits/2026-09/mvp6-q64d-claims-runtime-01/kit/png/spec/06-tr-390.png	2026-09-26T21:25Z	record	Q64d	Y
docs/records/audits/2026-09/mvp6-q64d-claims-runtime-01/kit/png/spec/06-tr-768.png	2026-09-26T21:25Z	record	Q64d	Y
docs/records/audits/2026-09/mvp6-q64d-claims-runtime-01/kit/png/uas001-noread-access-denied-en.png	2026-09-26T21:16Z	record	Q64d	Y
docs/records/audits/2026-09/mvp6-q64d-claims-runtime-01/kit/png/vs1-after-create-en.png	2026-09-26T21:16Z	record	Q64d	Y
docs/records/audits/2026-09/mvp6-q64d-claims-runtime-01/kit/raw/PORTS-before.tsv	2026-09-26T21:08Z	record	Q64d	Y
docs/records/audits/2026-09/mvp6-q64d-claims-runtime-01/kit/raw/SOURCE-TREE-MANIFEST.tsv	2026-09-26T21:08Z	record	Q64d	Y
docs/records/audits/2026-09/mvp6-q64d-claims-runtime-01/kit/raw/binary-sha256.txt	2026-09-26T21:09Z	record	Q64d	Y
docs/records/audits/2026-09/mvp6-q64d-claims-runtime-01/kit/raw/browser-binding.tsv	2026-09-26T21:28Z	record	Q64d	Y
docs/records/audits/2026-09/mvp6-q64d-claims-runtime-01/kit/raw/build/auth-build-a1.log	2026-09-26T21:08Z	record	Q64d	Y
docs/records/audits/2026-09/mvp6-q64d-claims-runtime-01/kit/raw/build/auth-restore-a1.log	2026-09-26T21:08Z	record	Q64d	Y
docs/records/audits/2026-09/mvp6-q64d-claims-runtime-01/kit/raw/build/gateway-build-a1.log	2026-09-26T21:09Z	record	Q64d	Y
docs/records/audits/2026-09/mvp6-q64d-claims-runtime-01/kit/raw/build/gateway-restore-a1.log	2026-09-26T21:09Z	record	Q64d	Y
docs/records/audits/2026-09/mvp6-q64d-claims-runtime-01/kit/raw/build/mdm-build-a1.log	2026-09-26T21:08Z	record	Q64d	Y
docs/records/audits/2026-09/mvp6-q64d-claims-runtime-01/kit/raw/build/mdm-restore-a1.log	2026-09-26T21:08Z	record	Q64d	Y
docs/records/audits/2026-09/mvp6-q64d-claims-runtime-01/kit/raw/build/platform-build-a1.log	2026-09-26T21:08Z	record	Q64d	Y
docs/records/audits/2026-09/mvp6-q64d-claims-runtime-01/kit/raw/build/platform-restore-a1.log	2026-09-26T21:08Z	record	Q64d	Y
docs/records/audits/2026-09/mvp6-q64d-claims-runtime-01/kit/raw/build/supplychain-build-a1.log	2026-09-26T21:08Z	record	Q64d	Y
docs/records/audits/2026-09/mvp6-q64d-claims-runtime-01/kit/raw/build/supplychain-restore-a1.log	2026-09-26T21:08Z	record	Q64d	Y
docs/records/audits/2026-09/mvp6-q64d-claims-runtime-01/kit/raw/build/web-build-a1.log	2026-09-26T21:09Z	record	Q64d	Y
docs/records/audits/2026-09/mvp6-q64d-claims-runtime-01/kit/raw/build/web-restore-a1.log	2026-09-26T21:09Z	record	Q64d	Y
docs/records/audits/2026-09/mvp6-q64d-claims-runtime-01/kit/raw/cu27-family-routing-a1.tsv	2026-09-26T21:27Z	record	Q64d	Y
docs/records/audits/2026-09/mvp6-q64d-claims-runtime-01/kit/raw/db/crafted-after-a1.json	2026-09-26T21:18Z	record	Q64d	Y
docs/records/audits/2026-09/mvp6-q64d-claims-runtime-01/kit/raw/db/crafted-before-a1.json	2026-09-26T21:18Z	record	Q64d	Y
docs/records/audits/2026-09/mvp6-q64d-claims-runtime-01/kit/raw/db/cu10-after-a1.json	2026-09-26T21:24Z	record	Q64d	Y
docs/records/audits/2026-09/mvp6-q64d-claims-runtime-01/kit/raw/db/cu10-before-a1.json	2026-09-26T21:24Z	record	Q64d	Y
docs/records/audits/2026-09/mvp6-q64d-claims-runtime-01/kit/raw/db/cu10nogrant-after-a1.json	2026-09-26T21:23Z	record	Q64d	Y
docs/records/audits/2026-09/mvp6-q64d-claims-runtime-01/kit/raw/db/cu10nogrant-before-a1.json	2026-09-26T21:23Z	record	Q64d	Y
docs/records/audits/2026-09/mvp6-q64d-claims-runtime-01/kit/raw/db/cu12-after-a1.json	2026-09-26T21:19Z	record	Q64d	Y
docs/records/audits/2026-09/mvp6-q64d-claims-runtime-01/kit/raw/db/cu12-before-a1.json	2026-09-26T21:19Z	record	Q64d	Y
docs/records/audits/2026-09/mvp6-q64d-claims-runtime-01/kit/raw/db/cu12-exact-empty-a1.json	2026-09-26T21:19Z	record	Q64d	Y
docs/records/audits/2026-09/mvp6-q64d-claims-runtime-01/kit/raw/db/cu18-after-a1.json	2026-09-26T21:20Z	record	Q64d	Y
docs/records/audits/2026-09/mvp6-q64d-claims-runtime-01/kit/raw/db/cu18-before-a1.json	2026-09-26T21:20Z	record	Q64d	Y
docs/records/audits/2026-09/mvp6-q64d-claims-runtime-01/kit/raw/db/cu18setup-after-a1.json	2026-09-26T21:20Z	record	Q64d	Y
docs/records/audits/2026-09/mvp6-q64d-claims-runtime-01/kit/raw/db/cu18setup-before-a1.json	2026-09-26T21:20Z	record	Q64d	Y
docs/records/audits/2026-09/mvp6-q64d-claims-runtime-01/kit/raw/db/cu19-after-a1.json	2026-09-26T21:21Z	record	Q64d	Y
docs/records/audits/2026-09/mvp6-q64d-claims-runtime-01/kit/raw/db/cu19-before-a1.json	2026-09-26T21:21Z	record	Q64d	Y
docs/records/audits/2026-09/mvp6-q64d-claims-runtime-01/kit/raw/db/cu20-after-a1.json	2026-09-26T21:22Z	record	Q64d	Y
docs/records/audits/2026-09/mvp6-q64d-claims-runtime-01/kit/raw/db/cu20-approved-a1.json	2026-09-26T21:22Z	record	Q64d	Y
docs/records/audits/2026-09/mvp6-q64d-claims-runtime-01/kit/raw/db/cu20-before-a1.json	2026-09-26T21:21Z	record	Q64d	Y
docs/records/audits/2026-09/mvp6-q64d-claims-runtime-01/kit/raw/db/cu20b-after-a1.json	2026-09-26T21:23Z	record	Q64d	Y
docs/records/audits/2026-09/mvp6-q64d-claims-runtime-01/kit/raw/db/cu20b-before-a1.json	2026-09-26T21:23Z	record	Q64d	Y
docs/records/audits/2026-09/mvp6-q64d-claims-runtime-01/kit/raw/db/cu22-after-a1.json	2026-09-26T21:23Z	record	Q64d	Y
docs/records/audits/2026-09/mvp6-q64d-claims-runtime-01/kit/raw/db/cu22-before-a1.json	2026-09-26T21:23Z	record	Q64d	Y
docs/records/audits/2026-09/mvp6-q64d-claims-runtime-01/kit/raw/db/cu26-after-a1.json	2026-09-26T21:26Z	record	Q64d	Y
docs/records/audits/2026-09/mvp6-q64d-claims-runtime-01/kit/raw/db/cu26-before-a1.json	2026-09-26T21:26Z	record	Q64d	Y
docs/records/audits/2026-09/mvp6-q64d-claims-runtime-01/kit/raw/db/db-assertions.tsv	2026-09-26T21:27Z	record	Q64d	Y
docs/records/audits/2026-09/mvp6-q64d-claims-runtime-01/kit/raw/db/fixture-after-a1.json	2026-09-26T21:14Z	record	Q64d	Y
docs/records/audits/2026-09/mvp6-q64d-claims-runtime-01/kit/raw/db/fixture-before-a1.json	2026-09-26T21:14Z	record	Q64d	Y
docs/records/audits/2026-09/mvp6-q64d-claims-runtime-01/kit/raw/db/fixture-cont-after-a1.json	2026-09-26T21:16Z	record	Q64d	Y
docs/records/audits/2026-09/mvp6-q64d-claims-runtime-01/kit/raw/db/fixture-cont-before-a1.json	2026-09-26T21:15Z	record	Q64d	Y
docs/records/audits/2026-09/mvp6-q64d-claims-runtime-01/kit/raw/db/flows-after-a1.json	2026-09-26T21:17Z	record	Q64d	Y
docs/records/audits/2026-09/mvp6-q64d-claims-runtime-01/kit/raw/db/flows-before-a1.json	2026-09-26T21:17Z	record	Q64d	Y
docs/records/audits/2026-09/mvp6-q64d-claims-runtime-01/kit/raw/db/kbd-after-a1.json	2026-09-26T21:27Z	record	Q64d	Y
docs/records/audits/2026-09/mvp6-q64d-claims-runtime-01/kit/raw/db/kbd-before-a1.json	2026-09-26T21:27Z	record	Q64d	Y
docs/records/audits/2026-09/mvp6-q64d-claims-runtime-01/kit/raw/db/l10n-after-a1.json	2026-09-26T21:26Z	record	Q64d	Y
docs/records/audits/2026-09/mvp6-q64d-claims-runtime-01/kit/raw/db/l10n-before-a1.json	2026-09-26T21:25Z	record	Q64d	Y
docs/records/audits/2026-09/mvp6-q64d-claims-runtime-01/kit/raw/db/neg-after-a1.json	2026-09-26T21:17Z	record	Q64d	Y
docs/records/audits/2026-09/mvp6-q64d-claims-runtime-01/kit/raw/db/neg-before-a1.json	2026-09-26T21:16Z	record	Q64d	Y
docs/records/audits/2026-09/mvp6-q64d-claims-runtime-01/kit/raw/db/saveview-after-a1.json	2026-09-26T21:17Z	record	Q64d	Y
docs/records/audits/2026-09/mvp6-q64d-claims-runtime-01/kit/raw/db/saveview-before-a1.json	2026-09-26T21:17Z	record	Q64d	Y
docs/records/audits/2026-09/mvp6-q64d-claims-runtime-01/kit/raw/db/spec-after-a1.json	2026-09-26T21:24Z	record	Q64d	Y
docs/records/audits/2026-09/mvp6-q64d-claims-runtime-01/kit/raw/db/spec-before-a1.json	2026-09-26T21:24Z	record	Q64d	Y
docs/records/audits/2026-09/mvp6-q64d-claims-runtime-01/kit/raw/db/spec2-after-a1.json	2026-09-26T21:25Z	record	Q64d	Y
docs/records/audits/2026-09/mvp6-q64d-claims-runtime-01/kit/raw/db/spec2-before-a1.json	2026-09-26T21:25Z	record	Q64d	Y
docs/records/audits/2026-09/mvp6-q64d-claims-runtime-01/kit/raw/db/vs1-after-a1.json	2026-09-26T21:16Z	record	Q64d	Y
docs/records/audits/2026-09/mvp6-q64d-claims-runtime-01/kit/raw/db/vs1-before-a1.json	2026-09-26T21:16Z	record	Q64d	Y
docs/records/audits/2026-09/mvp6-q64d-claims-runtime-01/kit/raw/db/vs1-root-a1.json	2026-09-26T21:27Z	record	Q64d	Y
docs/records/audits/2026-09/mvp6-q64d-claims-runtime-01/kit/raw/dotnet-info.txt	2026-09-26T21:08Z	record	Q64d	Y
docs/records/audits/2026-09/mvp6-q64d-claims-runtime-01/kit/raw/dotnet-runtimes.txt	2026-09-26T21:08Z	record	Q64d	Y
docs/records/audits/2026-09/mvp6-q64d-claims-runtime-01/kit/raw/dotnet-sdks.txt	2026-09-26T21:08Z	record	Q64d	Y
docs/records/audits/2026-09/mvp6-q64d-claims-runtime-01/kit/raw/effective-config-auth.json	2026-09-26T21:09Z	record	Q64d	Y
docs/records/audits/2026-09/mvp6-q64d-claims-runtime-01/kit/raw/effective-config-findings.txt	2026-09-26T21:09Z	record	Q64d	Y
docs/records/audits/2026-09/mvp6-q64d-claims-runtime-01/kit/raw/effective-config-gateway.json	2026-09-26T21:09Z	record	Q64d	Y
docs/records/audits/2026-09/mvp6-q64d-claims-runtime-01/kit/raw/effective-config-mdm.json	2026-09-26T21:09Z	record	Q64d	Y
docs/records/audits/2026-09/mvp6-q64d-claims-runtime-01/kit/raw/effective-config-platform.json	2026-09-26T21:09Z	record	Q64d	Y
docs/records/audits/2026-09/mvp6-q64d-claims-runtime-01/kit/raw/effective-config-summary.tsv	2026-09-26T21:09Z	record	Q64d	Y
docs/records/audits/2026-09/mvp6-q64d-claims-runtime-01/kit/raw/effective-config-supplychain.json	2026-09-26T21:09Z	record	Q64d	Y
docs/records/audits/2026-09/mvp6-q64d-claims-runtime-01/kit/raw/effective-config-web.json	2026-09-26T21:09Z	record	Q64d	Y
docs/records/audits/2026-09/mvp6-q64d-claims-runtime-01/kit/raw/fixture/cu10-carriers-read-grant.json	2026-09-26T21:24Z	record	Q64d	Y
docs/records/audits/2026-09/mvp6-q64d-claims-runtime-01/kit/raw/fixture/cu18-root-edit.json	2026-09-26T21:20Z	record	Q64d	Y
docs/records/audits/2026-09/mvp6-q64d-claims-runtime-01/kit/raw/fixture/org-fixture-cont.json	2026-09-26T21:16Z	record	Q64d	Y
docs/records/audits/2026-09/mvp6-q64d-claims-runtime-01/kit/raw/fixture/org-fixture.json	2026-09-26T21:14Z	record	Q64d	Y
docs/records/audits/2026-09/mvp6-q64d-claims-runtime-01/kit/raw/fixture/tenant-fixture.json	2026-09-26T21:10Z	record	Q64d	Y
docs/records/audits/2026-09/mvp6-q64d-claims-runtime-01/kit/raw/gateway-routes.tsv	2026-09-26T21:09Z	record	Q64d	Y
docs/records/audits/2026-09/mvp6-q64d-claims-runtime-01/kit/raw/health-auth-a1.body	2026-09-26T21:09Z	record	Q64d	Y
docs/records/audits/2026-09/mvp6-q64d-claims-runtime-01/kit/raw/health-auth-a1.headers	2026-09-26T21:09Z	record	Q64d	Y
docs/records/audits/2026-09/mvp6-q64d-claims-runtime-01/kit/raw/health-gateway-a1.body	2026-09-26T21:10Z	record	Q64d	Y
docs/records/audits/2026-09/mvp6-q64d-claims-runtime-01/kit/raw/health-gateway-a1.headers	2026-09-26T21:10Z	record	Q64d	Y
docs/records/audits/2026-09/mvp6-q64d-claims-runtime-01/kit/raw/health-mdm-a1.body	2026-09-26T21:09Z	record	Q64d	Y
docs/records/audits/2026-09/mvp6-q64d-claims-runtime-01/kit/raw/health-mdm-a1.headers	2026-09-26T21:09Z	record	Q64d	Y
docs/records/audits/2026-09/mvp6-q64d-claims-runtime-01/kit/raw/health-platform-a1.body	2026-09-26T21:09Z	record	Q64d	Y
docs/records/audits/2026-09/mvp6-q64d-claims-runtime-01/kit/raw/health-platform-a1.headers	2026-09-26T21:09Z	record	Q64d	Y
docs/records/audits/2026-09/mvp6-q64d-claims-runtime-01/kit/raw/health-supplychain-a1.body	2026-09-26T21:10Z	record	Q64d	Y
docs/records/audits/2026-09/mvp6-q64d-claims-runtime-01/kit/raw/health-supplychain-a1.headers	2026-09-26T21:10Z	record	Q64d	Y
docs/records/audits/2026-09/mvp6-q64d-claims-runtime-01/kit/raw/health-web-a1.body	2026-09-26T21:10Z	record	Q64d	Y
docs/records/audits/2026-09/mvp6-q64d-claims-runtime-01/kit/raw/health-web-a1.headers	2026-09-26T21:10Z	record	Q64d	Y
docs/records/audits/2026-09/mvp6-q64d-claims-runtime-01/kit/raw/identities-a1.json	2026-09-26T21:10Z	record	Q64d	Y
docs/records/audits/2026-09/mvp6-q64d-claims-runtime-01/kit/raw/key-pairing-citations.tsv	2026-09-26T21:09Z	record	Q64d	Y
docs/records/audits/2026-09/mvp6-q64d-claims-runtime-01/kit/raw/lane-mongo-connections-a1.txt	2026-09-26T21:10Z	record	Q64d	Y
docs/records/audits/2026-09/mvp6-q64d-claims-runtime-01/kit/raw/lane-mongo-connections-a2.txt	2026-09-26T21:29Z	record	Q64d	Y
docs/records/audits/2026-09/mvp6-q64d-claims-runtime-01/kit/raw/listeners-before-cleanup-a1.txt	2026-09-26T21:29Z	record	Q64d	Y
docs/records/audits/2026-09/mvp6-q64d-claims-runtime-01/kit/raw/logs-excerpt/cu18-root-seam-excerpt.log	2026-09-26T21:29Z	record	Q64d	Y
docs/records/audits/2026-09/mvp6-q64d-claims-runtime-01/kit/raw/logs-excerpt/registration-audit-excerpt.log	2026-09-26T21:29Z	record	Q64d	Y
docs/records/audits/2026-09/mvp6-q64d-claims-runtime-01/kit/raw/mongo-rs-status.json	2026-09-26T21:09Z	record	Q64d	Y
docs/records/audits/2026-09/mvp6-q64d-claims-runtime-01/kit/raw/mongod-fork.txt	2026-09-26T21:09Z	record	Q64d	Y
docs/records/audits/2026-09/mvp6-q64d-claims-runtime-01/kit/raw/mongod-version.txt	2026-09-26T21:09Z	record	Q64d	Y
docs/records/audits/2026-09/mvp6-q64d-claims-runtime-01/kit/raw/netcheck-a1.tsv	2026-09-26T21:10Z	record	Q64d	Y
docs/records/audits/2026-09/mvp6-q64d-claims-runtime-01/kit/raw/netcheck-a2.tsv	2026-09-26T21:29Z	record	Q64d	Y
docs/records/audits/2026-09/mvp6-q64d-claims-runtime-01/kit/raw/ports-lsof-before.txt	2026-09-26T21:08Z	record	Q64d	Y
docs/records/audits/2026-09/mvp6-q64d-claims-runtime-01/kit/raw/ports.json	2026-09-26T21:31Z	record	Q64d	Y
docs/records/audits/2026-09/mvp6-q64d-claims-runtime-01/kit/raw/processes.tsv	2026-09-26T21:10Z	record	Q64d	Y
docs/records/audits/2026-09/mvp6-q64d-claims-runtime-01/kit/raw/repo-status-after.txt	2026-09-26T21:31Z	record	Q64d	Y
docs/records/audits/2026-09/mvp6-q64d-claims-runtime-01/kit/raw/repo-status-before.txt	2026-09-26T21:07Z	record	Q64d	Y
docs/records/audits/2026-09/mvp6-q64d-claims-runtime-01/kit/raw/runtime-check.tsv	2026-09-26T21:08Z	record	Q64d	Y
docs/records/audits/2026-09/mvp6-q64d-claims-runtime-01/kit/raw/source-baseline.tsv	2026-09-26T21:08Z	record	Q64d	Y
docs/records/audits/2026-09/mvp6-q64d-claims-runtime-01/kit/raw/source-manifest-verification.txt	2026-09-26T21:08Z	record	Q64d	Y
docs/records/audits/2026-09/mvp6-q64d-claims-runtime-01/kit/raw/source-overlays.tsv	2026-09-26T21:08Z	record	Q64d	Y
docs/records/audits/2026-09/mvp6-q64d-claims-runtime-01/kit/raw/verify_datatable_page-a1.txt	2026-09-26T21:27Z	record	Q64d	Y
docs/records/audits/2026-09/mvp6-q64d-claims-runtime-01/lane-config/actors.tsv	2026-09-26T21:07Z	record	Q64d	Y
docs/records/audits/2026-09/mvp6-q64d-claims-runtime-01/lane-config/lane.env	2026-09-26T21:07Z	record	Q64d	Y
docs/records/audits/2026-09/mvp6-q64d-claims-runtime-01/lane-config/overlays.tsv	2026-09-26T21:07Z	record	Q64d	Y
docs/records/audits/2026-09/mvp6-q64d-claims-runtime-01/lane-config/overrides.tsv	2026-09-26T21:07Z	record	Q64d	Y
docs/records/audits/2026-09/mvp6-q64d-claims-runtime-01/lane-config/pair.sh	2026-09-26T21:16Z	record	Q64d	Y
docs/records/audits/2026-09/mvp6-q64d-claims-runtime-01/lane-config/up-q64d.sh	2026-09-26T21:07Z	record	Q64d	Y
docs/records/audits/2026-09/mvp6-q64d-claims-runtime-01/lane-scripts/claims_runtime.mjs	2026-09-26T21:27Z	record	Q64d	Y
docs/records/audits/2026-09/mvp6-q64d-claims-runtime-01/lane-scripts/org_fixture.py	2026-09-26T21:08Z	record	Q64d	Y
docs/records/audits/2026-09/mvp6-q64d-claims-runtime-01/lane-scripts/org_fixture_cont.py	2026-09-26T21:15Z	record	Q64d	Y
docs/records/audits/2026-09/mvp6-q64d-claims-runtime-01/lane-scripts/tenant_fixture.py	2026-09-26T21:07Z	record	Q64d	Y
docs/records/audits/2026-09/mvp6-q64d-claims-runtime-01/logs/build/BUILD-SUMMARY.tsv	2026-09-26T21:01Z	record	Q64d	Y
docs/records/audits/2026-09/mvp6-q64d-claims-runtime-01/logs/build/Diten.ApiGateway.Tests.csproj.log	2026-09-26T21:01Z	record	Q64d	Y
docs/records/audits/2026-09/mvp6-q64d-claims-runtime-01/logs/build/Diten.SupplyChainService.sln.log	2026-09-26T21:00Z	record	Q64d	Y
docs/records/audits/2026-09/mvp6-q64d-claims-runtime-01/logs/build/Diten.Web.Tests.csproj.log	2026-09-26T21:01Z	record	Q64d	Y
docs/records/audits/2026-09/mvp6-q64d-claims-runtime-01/logs/build/TenantArchitecture.ArchitectureTests.csproj.log	2026-09-26T21:01Z	record	Q64d	Y
docs/records/audits/2026-09/mvp6-q64d-claims-runtime-01/logs/down-a1.log	2026-09-26T21:31Z	record	Q64d	Y
docs/records/audits/2026-09/mvp6-q64d-claims-runtime-01/logs/seal-a1.log	2026-09-26T21:32Z	record	Q64d	Y
docs/records/audits/2026-09/mvp6-q64d-claims-runtime-01/logs/test/SUMMARY.tsv	2026-09-26T21:02Z	record	Q64d	Y
docs/records/audits/2026-09/mvp6-q64d-claims-runtime-01/logs/test/architecture.log	2026-09-26T21:02Z	record	Q64d	Y
docs/records/audits/2026-09/mvp6-q64d-claims-runtime-01/logs/test/architecture.trx	2026-09-26T21:02Z	record	Q64d	Y
docs/records/audits/2026-09/mvp6-q64d-claims-runtime-01/logs/test/supplychain-claims.log	2026-09-26T21:02Z	record	Q64d	Y
docs/records/audits/2026-09/mvp6-q64d-claims-runtime-01/logs/test/supplychain-claims.trx	2026-09-26T21:02Z	record	Q64d	Y
docs/records/audits/2026-09/mvp6-q64d-claims-runtime-01/logs/test/web-tests-all.log	2026-09-26T21:02Z	record	Q64d	Y
docs/records/audits/2026-09/mvp6-q64d-claims-runtime-01/logs/test/web-tests-all.trx	2026-09-26T21:02Z	record	Q64d	Y
docs/records/audits/2026-09/mvp6-q64d-claims-runtime-01/logs/up-a1.log	2026-09-26T21:10Z	record	Q64d	Y
docs/records/audits/2026-09/mvp6-q95-ver-q93-apply/REPORT.md	2026-09-26T19:03Z	record	Q95 v2	Y
docs/records/audits/2026-09/mvp6-q95-ver-q93-apply/SHA256SUMS	2026-09-26T19:03Z	record	Q95 v2	Y
docs/records/decisions/2026-09/mvp6-lane-placement-owner-decision-01.md	2026-09-26T19:04Z	record	Q102 (ledger writer)	Y
docs/records/decisions/2026-09/mvp6-q101-fix-decisions-owner-decision-01.md	2026-09-26T19:04Z	record	Q102 (ledger writer)	Y
docs/records/decisions/2026-09/mvp6-q114-claims-pack-signoff-owner-decision-01.md	2026-09-27T11:13Z	record	Q126 (sign-off record)	Y
docs/roadmap/plans/mvp6-process-pilot-01/CT-QUEUE.tsv	2026-09-27T13:01Z	ledger	single ledger writer (Q130 last hand-off 16:01)	Y
docs/roadmap/plans/mvp6-process-pilot-01/MILESTONE-EVENTS.tsv	2026-09-27T13:01Z	ledger	single ledger writer (Q130 last hand-off 16:01)	Y
execution/domains/supply-chain-execution/module-packs/MOD-0187-claims-management.md	2026-09-27T11:13Z	pack	Q126 (P1 apply; VER Q128; CT ACCEPTED)	Y
